participant_id,trial_id,language,session_type,sentence_type,first_aoi_fix_index,current_fix_interest_area_label,first_aoi_fix_start,first_aoi_fix_x,first_aoi_fix_y,first_aoi_role,agent_first_look,audio,exp_id,image,image_id,sentence,stim_id,stimulus_file,voice_id,grammatical_voice,agent_first_alignment,agent_overt,passive_cost_contrast,dropped_agent_contrast
edf01,19,Punjabi,sentence_audio,active,2,s_woman_woman_read_letter,5946,972.6,435.3,agent,1,exp_images/audio\PUNJABI\letter.wav,IMG_17_P_ACT,exp_images/images/women_read_letter.jpg,IMG_17,exp_images/sentences/Letter.jpg,STIM_17,stimuli_list_subj_1_a.csv,ACT,active,agent_first,agent_overt,0.0,
edf01,20,Punjabi,sentence_audio,active,2,o_bucket_boy_filled_bucket,6288,925.0,587.6,object,0,exp_images/audio\PUNJABI\bucket.wav,IMG_09_P_ACT,exp_images/images/boy_filled_bucket.jpg,IMG_09,exp_images/sentences/Bucket.jpg,STIM_09,stimuli_list_subj_1_a.csv,ACT,active,agent_first,agent_overt,0.0,
edf01,21,Punjabi,sentence_audio,active,2,o_clothes_woman_folded_clothes,6162,991.4,608.8,object,0,exp_images/audio\PUNJABI\clothes.wav,IMG_06_P_ACT,exp_images/images/women_fold_clothes.jpg,IMG_06,exp_images/sentences/Folded-clothes.jpg,STIM_06,stimuli_list_subj_1_a.csv,ACT,active,agent_first,agent_overt,0.0,
edf01,22,Punjabi,sentence_audio,passive,2,o_door_boy_opened_door,5782,1005.8,492.3,object,0,exp_images/audio\PUNJABI\p_door.wav,IMG_10_P_PWA,exp_images/images/boy_opened_door.jpg,IMG_10,exp_images/sentences/Closed-door-passive.jpg,STIM_28,stimuli_list_subj_1_a.csv,PWA,passive_with_agent,non_agent_first,agent_overt,1.0,0.0
edf01,23,Punjabi,sentence_audio,passive,2,o_lamp_girl_light_lamp,6458,764.3,570.1,object,0,exp_images/audio\PUNJABI\p_lamp.wav,IMG_01_P_PWA,exp_images/images/girl_lighted_lamp.jpg,IMG_01,exp_images/sentences/Lamp-passive.jpg,STIM_19,stimuli_list_subj_1_a.csv,PWA,passive_with_agent,non_agent_first,agent_overt,1.0,0.0
edf01,24,Punjabi,sentence_audio,passive,2,o_scooter_driver_wash_scooter,5888,977.2,390.4,object,0,exp_images/audio\PUNJABI\p_scooter.wav,IMG_14_P_PWA,exp_images/images/driver_wash_scooter.jpg,IMG_14,exp_images/sentences/Washed-scooter-passive.jpg,STIM_32,stimuli_list_subj_1_a.csv,PWA,passive_with_agent,non_agent_first,agent_overt,1.0,0.0
edf01,25,Punjabi,sentence_audio,passive_dropped_agent,2,o_box_man_pushed_box,6164,1106.4,465.5,object,0,exp_images/audio\PUNJABI\p_woa_box.wav,IMG_05_P_PNA,exp_images/images/man_pushed_box.jpg,IMG_05,exp_images/sentences/Pushed-box-woa.jpg,STIM_41,stimuli_list_subj_1_a.csv,PNA,passive_dropped_agent,non_agent_first,agent_dropped,1.0,1.0
edf01,26,Punjabi,sentence_audio,passive_dropped_agent,2,o_tree_girl_plant_tree,5714,779.7,724.1,object,0,exp_images/audio\PUNJABI\p_woa_sapling.wav,IMG_03_P_PNA,exp_images/images/girl_plant_tree.jpg,IMG_03,exp_images/sentences/Sapling-woa.jpg,STIM_39,stimuli_list_subj_1_a.csv,PNA,passive_dropped_agent,non_agent_first,agent_dropped,1.0,1.0
edf01,27,Punjabi,sentence_audio,passive_dropped_agent,2,o_shrub_man_cut_shrub,6364,853.3,545.7,object,0,exp_images/audio\PUNJABI\p_woa_shrub.wav,IMG_04_P_PNA,exp_images/images/man_cut_shrub.jpg,IMG_04,exp_images/sentences/Shrub-woa.jpg,STIM_40,stimuli_list_subj_1_a.csv,PNA,passive_dropped_agent,non_agent_first,agent_dropped,1.0,1.0
edf01,28,English,sentence_audio,active,2,s_dog_dog_dug_hole,6316,858.5,595.3,agent,1,exp_images/audio\ENGLISH\dug.wav,IMG_13_E_ACT,exp_images/images/dog_dug_hole.jpg,IMG_13,exp_images/sentences/active_dog_hole.jpg,STIM_67,stimuli_list_subj_1_a.csv,ACT,active,agent_first,agent_overt,0.0,
edf01,29,English,sentence_audio,active,2,o_frisbee_child_throw_frisbee,5762,829.8,336.2,object,0,exp_images/audio\ENGLISH\frisbee.wav,IMG_12_E_ACT,exp_images/images/child_throw_frisbee.jpg,IMG_12,exp_images/sentences/active_child_frisbee.jpg,STIM_66,stimuli_list_subj_1_a.csv,ACT,active,agent_first,agent_overt,0.0,
edf01,30,English,sentence_audio,active,2,o_tabla_child_play_tabla,5514,776.7,586.1,object,0,exp_images/audio\ENGLISH\tabla.wav,IMG_11_E_ACT,exp_images/images/child_play_tabla.jpg,IMG_11,exp_images/sentences/active_child_tabla.jpg,STIM_65,stimuli_list_subj_1_a.csv,ACT,active,agent_first,agent_overt,0.0,
edf01,31,English,sentence_audio,passive,2,o_picture_artiste_drew_picture,5480,1077.2,510.6,object,0,exp_images/audio\ENGLISH\p_artist.wav,IMG_07_E_PWA,exp_images/images/artiste_drew_picture.jpg,IMG_07,exp_images/sentences/passive_artist_picture.jpg,STIM_79,stimuli_list_subj_1_a.csv,PWA,passive_with_agent,non_agent_first,agent_overt,1.0,0.0
edf01,32,English,sentence_audio,passive,2,o_cake_girl_baked_cake,6244,1008.9,620.9,object,0,exp_images/audio\ENGLISH\p_cake.wav,IMG_15_E_PWA,exp_images/images/girl_baked_cake.jpg,IMG_15,exp_images/sentences/passive_girl_cake.jpg,STIM_87,stimuli_list_subj_1_a.csv,PWA,passive_with_agent,non_agent_first,agent_overt,1.0,0.0
edf01,33,English,sentence_audio,passive,2,o_window_girl_opened_window,5674,1186.2,539.4,object,0,exp_images/audio\ENGLISH\p_window.wav,IMG_02_E_PWA,exp_images/images/girl_opened_window.jpg,IMG_02,exp_images/sentences/passive_girl_window.jpg,STIM_74,stimuli_list_subj_1_a.csv,PWA,passive_with_agent,non_agent_first,agent_overt,1.0,0.0
edf01,34,English,sentence_audio,passive_dropped_agent,2,o_dog_girl_fed_dog,6150,1001.6,657.0,object,0,exp_images/audio\ENGLISH\p_woa_fed.wav,IMG_16_E_PNA,exp_images/images/girl_fed_dog.jpg,IMG_16,exp_images/sentences/noagent_girl_dog.jpg,STIM_106,stimuli_list_subj_1_a.csv,PNA,passive_dropped_agent,non_agent_first,agent_dropped,1.0,1.0
edf01,35,English,sentence_audio,passive_dropped_agent,2,o_veg_boy_cut_vegetables,6074,933.4,785.2,object,0,exp_images/audio\ENGLISH\p_woa_veg.wav,IMG_18_E_PNA,exp_images/images/boy_cut_vegetables.jpg,IMG_18,exp_images/sentences/noagent_boy_vegetables.jpg,STIM_108,stimuli_list_subj_1_a.csv,PNA,passive_dropped_agent,non_agent_first,agent_dropped,1.0,1.0
edf01,36,English,sentence_audio,passive_dropped_agent,2,o_vase_boy_broke_vase,5942,930.9,543.1,object,0,exp_images/audio\ENGLISH\p_woa_vase.wav,IMG_08_E_PNA,exp_images/images/boy_broke_vase.jpg,IMG_08,exp_images/sentences/noagent_boy_vase.jpg,STIM_98,stimuli_list_subj_1_a.csv,PNA,passive_dropped_agent,non_agent_first,agent_dropped,1.0,1.0
edf02,19,Punjabi,sentence_audio,passive,2,s_woman_woman_read_letter,6472,942.3,487.6,agent,1,exp_images/audio\PUNJABI\p_letter.wav,IMG_17_P_PWA,exp_images/images/women_read_letter.jpg,IMG_17,exp_images/sentences/Letter-passive.jpg,STIM_35,stimuli_list_subj_2_a.csv,PWA,passive_with_agent,non_agent_first,agent_overt,1.0,0.0
edf02,20,Punjabi,sentence_audio,passive,2,o_bucket_boy_filled_bucket,5696,921.1,576.1,object,0,exp_images/audio\PUNJABI\p_bucket.wav,IMG_09_P_PWA,exp_images/images/boy_filled_bucket.jpg,IMG_09,exp_images/sentences/Bucket-passive.jpg,STIM_27,stimuli_list_subj_2_a.csv,PWA,passive_with_agent,non_agent_first,agent_overt,1.0,0.0
edf02,21,Punjabi,sentence_audio,passive,2,o_clothes_woman_folded_clothes,5938,912.4,579.6,object,0,exp_images/audio\PUNJABI\p_clothes.wav,IMG_06_P_PWA,exp_images/images/women_fold_clothes.jpg,IMG_06,exp_images/sentences/Folded-clothes-passive.jpg,STIM_24,stimuli_list_subj_2_a.csv,PWA,passive_with_agent,non_agent_first,agent_overt,1.0,0.0
edf02,22,Punjabi,sentence_audio,passive_dropped_agent,2,o_door_boy_opened_door,5658,979.2,481.7,object,0,exp_images/audio\PUNJABI\p_woa_door.wav,IMG_10_P_PNA,exp_images/images/boy_opened_door.jpg,IMG_10,exp_images/sentences/Closed-door-woa.jpg,STIM_46,stimuli_list_subj_2_a.csv,PNA,passive_dropped_agent,non_agent_first,agent_dropped,1.0,1.0
edf02,23,Punjabi,sentence_audio,passive_dropped_agent,2,o_lamp_girl_light_lamp,5506,732.3,485.9,object,0,exp_images/audio\PUNJABI\p_woa_lamp.wav,IMG_01_P_PNA,exp_images/images/girl_lighted_lamp.jpg,IMG_01,exp_images/sentences/Lamp-woa.jpg,STIM_37,stimuli_list_subj_2_a.csv,PNA,passive_dropped_agent,non_agent_first,agent_dropped,1.0,1.0
edf02,24,Punjabi,sentence_audio,passive_dropped_agent,2,o_scooter_driver_wash_scooter,5602,1013.6,529.5,object,0,exp_images/audio\PUNJABI\p_woa_scooter.wav,IMG_14_P_PNA,exp_images/images/driver_wash_scooter.jpg,IMG_14,exp_images/sentences/Washed-scooter-woa.jpg,STIM_50,stimuli_list_subj_2_a.csv,PNA,passive_dropped_agent,non_agent_first,agent_dropped,1.0,1.0
edf02,25,English,sentence_audio,active,3,s_man_man_pushed_box,5780,949.1,337.4,agent,1,exp_images/audio\ENGLISH\box.wav,IMG_05_E_ACT,exp_images/images/man_pushed_box.jpg,IMG_05,exp_images/sentences/active_man_box.jpg,STIM_59,stimuli_list_subj_2_a.csv,ACT,active,agent_first,agent_overt,0.0,
edf02,26,English,sentence_audio,active,2,o_tree_girl_plant_tree,5552,719.8,587.4,object,0,exp_images/audio\ENGLISH\sapling.wav,IMG_03_E_ACT,exp_images/images/girl_plant_tree.jpg,IMG_03,exp_images/sentences/active_girl_sapling.jpg,STIM_57,stimuli_list_subj_2_a.csv,ACT,active,agent_first,agent_overt,0.0,
edf02,27,English,sentence_audio,active,2,o_shrub_man_cut_shrub,6288,785.4,391.1,object,0,exp_images/audio\ENGLISH\shrub.wav,IMG_04_E_ACT,exp_images/images/man_cut_shrub.jpg,IMG_04,exp_images/sentences/active_man_shrub.jpg,STIM_58,stimuli_list_subj_2_a.csv,ACT,active,agent_first,agent_overt,0.0,
edf02,28,English,sentence_audio,passive,2,s_dog_dog_dug_hole,5320,893.4,541.9,agent,1,exp_images/audio\ENGLISH\p_dug.wav,IMG_13_E_PWA,exp_images/images/dog_dug_hole.jpg,IMG_13,exp_images/sentences/passive_dog_hole.jpg,STIM_85,stimuli_list_subj_2_a.csv,PWA,passive_with_agent,non_agent_first,agent_overt,1.0,0.0
edf02,29,English,sentence_audio,passive,2,o_frisbee_child_throw_frisbee,6216,841.7,364.6,object,0,exp_images/audio\ENGLISH\p_frisbee.wav,IMG_12_E_PWA,exp_images/images/child_throw_frisbee.jpg,IMG_12,exp_images/sentences/passive_child_frisbee.jpg,STIM_84,stimuli_list_subj_2_a.csv,PWA,passive_with_agent,non_agent_first,agent_overt,1.0,0.0
edf02,30,English,sentence_audio,passive,3,o_tabla_child_play_tabla,6100,870.4,622.2,object,0,exp_images/audio\ENGLISH\p_tabla.wav,IMG_11_E_PWA,exp_images/images/child_play_tabla.jpg,IMG_11,exp_images/sentences/passive_child_tabla.jpg,STIM_83,stimuli_list_subj_2_a.csv,PWA,passive_with_agent,non_agent_first,agent_overt,1.0,0.0
edf02,31,English,sentence_audio,passive_dropped_agent,2,o_picture_artiste_drew_picture,5878,1033.9,470.5,object,0,exp_images/audio\ENGLISH\p_woa_draw.wav,IMG_07_E_PNA,exp_images/images/artiste_drew_picture.jpg,IMG_07,exp_images/sentences/noagent_artist_picture.jpg,STIM_97,stimuli_list_subj_2_a.csv,PNA,passive_dropped_agent,non_agent_first,agent_dropped,1.0,1.0
edf02,32,English,sentence_audio,passive_dropped_agent,2,o_cake_girl_baked_cake,5900,928.1,551.7,object,0,exp_images/audio\ENGLISH\p_woa_cake.wav,IMG_15_E_PNA,exp_images/images/girl_baked_cake.jpg,IMG_15,exp_images/sentences/noagent_girl_cake.jpg,STIM_105,stimuli_list_subj_2_a.csv,PNA,passive_dropped_agent,non_agent_first,agent_dropped,1.0,1.0
edf02,33,English,sentence_audio,passive_dropped_agent,2,o_window_girl_opened_window,6254,1100.5,472.5,object,0,exp_images/audio\ENGLISH\p_woa_window.wav,IMG_02_E_PNA,exp_images/images/girl_opened_window.jpg,IMG_02,exp_images/sentences/noagent_girl_window.jpg,STIM_92,stimuli_list_subj_2_a.csv,PNA,passive_dropped_agent,non_agent_first,agent_dropped,1.0,1.0
edf02,34,Punjabi,sentence_audio,active,2,o_dog_girl_fed_dog,6512,907.9,719.5,object,0,exp_images/audio\PUNJABI\fed.wav,IMG_16_P_ACT,exp_images/images/girl_fed_dog.jpg,IMG_16,exp_images/sentences/Fed-dog.jpg,STIM_16,stimuli_list_subj_2_a.csv,ACT,active,agent_first,agent_overt,0.0,
edf02,35,Punjabi,sentence_audio,active,2,o_veg_boy_cut_vegetables,5650,887.5,684.8,object,0,exp_images/audio\PUNJABI\veg.wav,IMG_18_P_ACT,exp_images/images/boy_cut_vegetables.jpg,IMG_18,exp_images/sentences/Veg.jpg,STIM_18,stimuli_list_subj_2_a.csv,ACT,active,agent_first,agent_overt,0.0,
edf02,36,Punjabi,sentence_audio,active,2,o_vase_boy_broke_vase,7840,968.2,372.6,object,0,exp_images/audio\PUNJABI\vase.wav,IMG_08_P_ACT,exp_images/images/boy_broke_vase.jpg,IMG_08,exp_images/sentences/Vase.jpg,STIM_08,stimuli_list_subj_2_a.csv,ACT,active,agent_first,agent_overt,0.0,
edf03,19,Punjabi,sentence_audio,passive_dropped_agent,2,s_woman_woman_read_letter,5644,917.0,349.5,agent,1,exp_images/audio\PUNJABI\p_woa_letter.wav,IMG_17_P_PNA,exp_images/images/women_read_letter.jpg,IMG_17,exp_images/sentences/Letter-woa.jpg,STIM_53,stimuli_list_subj_3_a.csv,PNA,passive_dropped_agent,non_agent_first,agent_dropped,1.0,1.0
edf03,20,Punjabi,sentence_audio,passive_dropped_agent,2,o_bucket_boy_filled_bucket,6226,854.7,397.9,object,0,exp_images/audio\PUNJABI\p_woa_tub.wav,IMG_09_P_PNA,exp_images/images/boy_filled_bucket.jpg,IMG_09,exp_images/sentences/Bucket-woa.jpg,STIM_45,stimuli_list_subj_3_a.csv,PNA,passive_dropped_agent,non_agent_first,agent_dropped,1.0,1.0
edf03,21,Punjabi,sentence_audio,passive_dropped_agent,2,o_clothes_woman_folded_clothes,5702,824.3,618.3,object,0,exp_images/audio\PUNJABI\p_woa_clothes.wav,IMG_06_P_PNA,exp_images/images/women_fold_clothes.jpg,IMG_06,exp_images/sentences/Folded-clothes-woa.jpg,STIM_42,stimuli_list_subj_3_a.csv,PNA,passive_dropped_agent,non_agent_first,agent_dropped,1.0,1.0
edf03,22,English,sentence_audio,active,2,s_boy_boy_opened_door,6224,838.0,393.0,agent,1,exp_images/audio\ENGLISH\door.wav,IMG_10_E_ACT,exp_images/images/boy_opened_door.jpg,IMG_10,exp_images/sentences/active_boy_door.jpg,STIM_64,stimuli_list_subj_3_a.csv,ACT,active,agent_first,agent_overt,0.0,
edf03,23,English,sentence_audio,active,2,o_lamp_girl_light_lamp,5448,729.3,512.1,object,0,exp_images/audio\ENGLISH\lamp.wav,IMG_01_E_ACT,exp_images/images/girl_lighted_lamp.jpg,IMG_01,exp_images/sentences/active_girl_lamp.jpg,STIM_55,stimuli_list_subj_3_a.csv,ACT,active,agent_first,agent_overt,0.0,
edf03,24,English,sentence_audio,active,2,s_driver_driver_wash_scooter,5770,645.6,489.3,agent,1,exp_images/audio\ENGLISH\scooter.wav,IMG_14_E_ACT,exp_images/images/driver_wash_scooter.jpg,IMG_14,exp_images/sentences/active_driver_scooter.jpg,STIM_68,stimuli_list_subj_3_a.csv,ACT,active,agent_first,agent_overt,0.0,
edf03,25,English,sentence_audio,passive,2,s_man_man_pushed_box,5620,907.5,319.1,agent,1,exp_images/audio\ENGLISH\p_box.wav,IMG_05_E_PWA,exp_images/images/man_pushed_box.jpg,IMG_05,exp_images/sentences/passive_man_box.jpg,STIM_77,stimuli_list_subj_3_a.csv,PWA,passive_with_agent,non_agent_first,agent_overt,1.0,0.0
edf03,26,English,sentence_audio,passive,2,s_girl_girl_plant_tree,5958,943.9,377.2,agent,1,exp_images/audio\ENGLISH\p_sapling.wav,IMG_03_E_PWA,exp_images/images/girl_plant_tree.jpg,IMG_03,exp_images/sentences/passive_girl_sapling.jpg,STIM_75,stimuli_list_subj_3_a.csv,PWA,passive_with_agent,non_agent_first,agent_overt,1.0,0.0
edf03,27,English,sentence_audio,passive,2,o_shrub_man_cut_shrub,5626,658.9,475.7,object,0,exp_images/audio\ENGLISH\p_shrub.wav,IMG_04_E_PWA,exp_images/images/man_cut_shrub.jpg,IMG_04,exp_images/sentences/passive_man_shrub.jpg,STIM_76,stimuli_list_subj_3_a.csv,PWA,passive_with_agent,non_agent_first,agent_overt,1.0,0.0
edf03,28,English,sentence_audio,passive_dropped_agent,2,s_dog_dog_dug_hole,5840,868.3,523.7,agent,1,exp_images/audio\ENGLISH\p_woa_dug.wav,IMG_13_E_PNA,exp_images/images/dog_dug_hole.jpg,IMG_13,exp_images/sentences/noagent_dog_hole.jpg,STIM_103,stimuli_list_subj_3_a.csv,PNA,passive_dropped_agent,non_agent_first,agent_dropped,1.0,1.0
edf03,30,English,sentence_audio,passive_dropped_agent,2,o_tabla_child_play_tabla,6324,838.8,521.2,object,0,exp_images/audio\ENGLISH\p_woa_tabla.wav,IMG_11_E_PNA,exp_images/images/child_play_tabla.jpg,IMG_11,exp_images/sentences/noagent_child_tabla.jpg,STIM_101,stimuli_list_subj_3_a.csv,PNA,passive_dropped_agent,non_agent_first,agent_dropped,1.0,1.0
edf03,31,Punjabi,sentence_audio,active,2,o_picture_artiste_drew_picture,6472,997.8,401.2,object,0,exp_images/audio\PUNJABI\picture.wav,IMG_07_P_ACT,exp_images/images/artiste_drew_picture.jpg,IMG_07,exp_images/sentences/Painting.jpg,STIM_07,stimuli_list_subj_3_a.csv,ACT,active,agent_first,agent_overt,0.0,
edf03,32,Punjabi,sentence_audio,active,2,o_cake_girl_baked_cake,5936,935.6,550.5,object,0,exp_images/audio\PUNJABI\cake.wav,IMG_15_P_ACT,exp_images/images/girl_baked_cake.jpg,IMG_15,exp_images/sentences/Cake.jpg,STIM_15,stimuli_list_subj_3_a.csv,ACT,active,agent_first,agent_overt,0.0,
edf03,33,Punjabi,sentence_audio,active,2,s_girl_girl_opened_window,5816,812.2,421.6,agent,1,exp_images/audio\PUNJABI\window.wav,IMG_02_P_ACT,exp_images/images/girl_opened_window.jpg,IMG_02,exp_images/sentences/Window.jpg,STIM_02,stimuli_list_subj_3_a.csv,ACT,active,agent_first,agent_overt,0.0,
edf03,34,Punjabi,sentence_audio,passive,2,o_dog_girl_fed_dog,6028,944.7,596.9,object,0,exp_images/audio\PUNJABI\p_fed.wav,IMG_16_P_PWA,exp_images/images/girl_fed_dog.jpg,IMG_16,exp_images/sentences/Fed-dog-passive.jpg,STIM_34,stimuli_list_subj_3_a.csv,PWA,passive_with_agent,non_agent_first,agent_overt,1.0,0.0
edf03,35,Punjabi,sentence_audio,passive,2,o_veg_boy_cut_vegetables,6052,926.1,677.5,object,0,exp_images/audio\PUNJABI\p_veg.wav,IMG_18_P_PWA,exp_images/images/boy_cut_vegetables.jpg,IMG_18,exp_images/sentences/Veg-passive.jpg,STIM_36,stimuli_list_subj_3_a.csv,PWA,passive_with_agent,non_agent_first,agent_overt,1.0,0.0
edf03,36,Punjabi,sentence_audio,passive,2,o_vase_boy_broke_vase,5526,880.4,445.2,object,0,exp_images/audio\PUNJABI\p_vase.wav,IMG_08_P_PWA,exp_images/images/boy_broke_vase.jpg,IMG_08,exp_images/sentences/Vase-passive.jpg,STIM_26,stimuli_list_subj_3_a.csv,PWA,passive_with_agent,non_agent_first,agent_overt,1.0,0.0
edf04,19,English,sentence_audio,active,2,s_woman_woman_read_letter,5584,961.3,456.7,agent,1,exp_images/audio\ENGLISH\letter.wav,IMG_17_E_ACT,exp_images/images/women_read_letter.jpg,IMG_17,exp_images/sentences/active_women_letter.jpg,STIM_71,stimuli_list_subj_4_a.csv,ACT,active,agent_first,agent_overt,0.0,
edf04,20,English,sentence_audio,active,2,s_boy_boy_filled_bucket,5992,1025.5,317.8,agent,1,exp_images/audio\ENGLISH\bucket.wav,IMG_09_E_ACT,exp_images/images/boy_filled_bucket.jpg,IMG_09,exp_images/sentences/active_boy_bucket.jpg,STIM_63,stimuli_list_subj_4_a.csv,ACT,active,agent_first,agent_overt,0.0,
edf04,21,English,sentence_audio,active,2,s_woman_woman_folded_clothes,6230,977.3,364.5,agent,1,exp_images/audio\ENGLISH\clothes.wav,IMG_06_E_ACT,exp_images/images/women_fold_clothes.jpg,IMG_06,exp_images/sentences/active_woman_clothes.jpg,STIM_60,stimuli_list_subj_4_a.csv,ACT,active,agent_first,agent_overt,0.0,
edf04,22,English,sentence_audio,passive,2,s_boy_boy_opened_door,6230,870.5,417.1,agent,1,exp_images/audio\ENGLISH\p_door.wav,IMG_10_E_PWA,exp_images/images/boy_opened_door.jpg,IMG_10,exp_images/sentences/passive_boy_door.jpg,STIM_82,stimuli_list_subj_4_a.csv,PWA,passive_with_agent,non_agent_first,agent_overt,1.0,0.0
edf04,23,English,sentence_audio,passive,2,o_lamp_girl_light_lamp,5786,795.7,485.2,object,0,exp_images/audio\ENGLISH\p_lamp.wav,IMG_01_E_PWA,exp_images/images/girl_lighted_lamp.jpg,IMG_01,exp_images/sentences/passive_girl_lamp.jpg,STIM_73,stimuli_list_subj_4_a.csv,PWA,passive_with_agent,non_agent_first,agent_overt,1.0,0.0
edf04,24,English,sentence_audio,passive,2,o_scooter_driver_wash_scooter,6226,967.9,485.1,object,0,exp_images/audio\ENGLISH\p_scooter.wav,IMG_14_E_PWA,exp_images/images/driver_wash_scooter.jpg,IMG_14,exp_images/sentences/passive_driver_scooter.jpg,STIM_86,stimuli_list_subj_4_a.csv,PWA,passive_with_agent,non_agent_first,agent_overt,1.0,0.0
edf04,25,English,sentence_audio,passive_dropped_agent,2,s_man_man_pushed_box,5820,906.5,263.8,agent,1,exp_images/audio\ENGLISH\p_woa_box.wav,IMG_05_E_PNA,exp_images/images/man_pushed_box.jpg,IMG_05,exp_images/sentences/noagent_man_box.jpg,STIM_95,stimuli_list_subj_4_a.csv,PNA,passive_dropped_agent,non_agent_first,agent_dropped,1.0,1.0
edf04,26,English,sentence_audio,passive_dropped_agent,2,o_tree_girl_plant_tree,5980,716.5,718.0,object,0,exp_images/audio\ENGLISH\p_woa_sapling.wav,IMG_03_E_PNA,exp_images/images/girl_plant_tree.jpg,IMG_03,exp_images/sentences/noagent_girl_sapling.jpg,STIM_93,stimuli_list_subj_4_a.csv,PNA,passive_dropped_agent,non_agent_first,agent_dropped,1.0,1.0
edf04,27,English,sentence_audio,passive_dropped_agent,2,o_shrub_man_cut_shrub,6074,853.1,499.2,object,0,exp_images/audio\ENGLISH\p_woa_shrub.wav,IMG_04_E_PNA,exp_images/images/man_cut_shrub.jpg,IMG_04,exp_images/sentences/noagent_man_shrub.jpg,STIM_94,stimuli_list_subj_4_a.csv,PNA,passive_dropped_agent,non_agent_first,agent_dropped,1.0,1.0
edf04,28,Punjabi,sentence_audio,active,2,s_dog_dog_dug_hole,6324,893.8,555.5,agent,1,exp_images/audio\PUNJABI\dug.wav,IMG_13_P_ACT,exp_images/images/dog_dug_hole.jpg,IMG_13,exp_images/sentences/Dog-dug.jpg,STIM_13,stimuli_list_subj_4_a.csv,ACT,active,agent_first,agent_overt,0.0,
edf04,29,Punjabi,sentence_audio,active,2,s_child_child_throw_frisbee,5728,1109.0,351.8,agent,1,exp_images/audio\PUNJABI\frisbee.wav,IMG_12_P_ACT,exp_images/images/child_throw_frisbee.jpg,IMG_12,exp_images/sentences/Frisbee.jpg,STIM_12,stimuli_list_subj_4_a.csv,ACT,active,agent_first,agent_overt,0.0,
edf04,30,Punjabi,sentence_audio,active,2,o_tabla_child_play_tabla,5792,770.2,584.5,object,0,exp_images/audio\PUNJABI\tabla.wav,IMG_11_P_ACT,exp_images/images/child_play_tabla.jpg,IMG_11,exp_images/sentences/Tabla.jpg,STIM_11,stimuli_list_subj_4_a.csv,ACT,active,agent_first,agent_overt,0.0,
edf04,31,Punjabi,sentence_audio,passive,2,o_picture_artiste_drew_picture,5652,1054.6,493.8,object,0,exp_images/audio\PUNJABI\p_picture.wav,IMG_07_P_PWA,exp_images/images/artiste_drew_picture.jpg,IMG_07,exp_images/sentences/Painting-passive.jpg,STIM_25,stimuli_list_subj_4_a.csv,PWA,passive_with_agent,non_agent_first,agent_overt,1.0,0.0
edf04,32,Punjabi,sentence_audio,passive,2,s_girl_girl_baked_cake,6456,902.8,383.3,agent,1,exp_images/audio\PUNJABI\p_cake.wav,IMG_15_P_PWA,exp_images/images/girl_baked_cake.jpg,IMG_15,exp_images/sentences/Cake-passive.jpg,STIM_33,stimuli_list_subj_4_a.csv,PWA,passive_with_agent,non_agent_first,agent_overt,1.0,0.0
edf04,33,Punjabi,sentence_audio,passive,2,o_window_girl_opened_window,6324,1188.9,488.9,object,0,exp_images/audio\PUNJABI\p_window.wav,IMG_02_P_PWA,exp_images/images/girl_opened_window.jpg,IMG_02,exp_images/sentences/Window-passive.jpg,STIM_20,stimuli_list_subj_4_a.csv,PWA,passive_with_agent,non_agent_first,agent_overt,1.0,0.0
edf04,34,Punjabi,sentence_audio,passive_dropped_agent,2,o_dog_girl_fed_dog,5706,969.4,660.2,object,0,exp_images/audio\PUNJABI\p_woa_fed.wav,IMG_16_P_PNA,exp_images/images/girl_fed_dog.jpg,IMG_16,exp_images/sentences/Fed-dog-woa.jpg,STIM_52,stimuli_list_subj_4_a.csv,PNA,passive_dropped_agent,non_agent_first,agent_dropped,1.0,1.0
edf04,35,Punjabi,sentence_audio,passive_dropped_agent,2,o_veg_boy_cut_vegetables,5500,906.0,792.6,object,0,exp_images/audio\PUNJABI\p_woa_veg.wav,IMG_18_P_PNA,exp_images/images/boy_cut_vegetables.jpg,IMG_18,exp_images/sentences/Veg-woa.jpg,STIM_54,stimuli_list_subj_4_a.csv,PNA,passive_dropped_agent,non_agent_first,agent_dropped,1.0,1.0
edf04,36,Punjabi,sentence_audio,passive_dropped_agent,2,o_vase_boy_broke_vase,6222,909.4,362.0,object,0,exp_images/audio\PUNJABI\p_woa_vase.wav,IMG_08_P_PNA,exp_images/images/boy_broke_vase.jpg,IMG_08,exp_images/sentences/Vase-woa.jpg,STIM_44,stimuli_list_subj_4_a.csv,PNA,passive_dropped_agent,non_agent_first,agent_dropped,1.0,1.0
edf05,19,English,sentence_audio,passive,2,s_woman_woman_read_letter,6284,965.0,535.9,agent,1,exp_images/audio\ENGLISH\p_letter.wav,IMG_17_E_PWA,exp_images/images/women_read_letter.jpg,IMG_17,exp_images/sentences/passive_women_letter.jpg,STIM_89,stimuli_list_subj_5_a.csv,PWA,passive_with_agent,non_agent_first,agent_overt,1.0,0.0
edf05,20,English,sentence_audio,passive,2,o_bucket_boy_filled_bucket,5908,920.9,559.0,object,0,exp_images/audio\ENGLISH\p_bucket.wav,IMG_09_E_PWA,exp_images/images/boy_filled_bucket.jpg,IMG_09,exp_images/sentences/passive_boy_bucket.jpg,STIM_81,stimuli_list_subj_5_a.csv,PWA,passive_with_agent,non_agent_first,agent_overt,1.0,0.0
edf05,21,English,sentence_audio,passive,2,s_woman_woman_folded_clothes,5654,955.1,417.5,agent,1,exp_images/audio\ENGLISH\p_clothes.wav,IMG_06_E_PWA,exp_images/images/women_fold_clothes.jpg,IMG_06,exp_images/sentences/passive_woman_clothes.jpg,STIM_78,stimuli_list_subj_5_a.csv,PWA,passive_with_agent,non_agent_first,agent_overt,1.0,0.0
edf05,22,English,sentence_audio,passive_dropped_agent,3,s_boy_boy_opened_door,6340,882.4,375.3,agent,1,exp_images/audio\ENGLISH\p_woa_door.wav,IMG_10_E_PNA,exp_images/images/boy_opened_door.jpg,IMG_10,exp_images/sentences/noagent_boy_door.jpg,STIM_100,stimuli_list_subj_5_a.csv,PNA,passive_dropped_agent,non_agent_first,agent_dropped,1.0,1.0
edf05,23,English,sentence_audio,passive_dropped_agent,2,o_lamp_girl_light_lamp,6044,812.4,495.9,object,0,exp_images/audio\ENGLISH\p_woa_lamp.wav,IMG_01_E_PNA,exp_images/images/girl_lighted_lamp.jpg,IMG_01,exp_images/sentences/noagent_girl_lamp.jpg,STIM_91,stimuli_list_subj_5_a.csv,PNA,passive_dropped_agent,non_agent_first,agent_dropped,1.0,1.0
edf05,24,English,sentence_audio,passive_dropped_agent,2,s_driver_driver_wash_scooter,5866,743.7,300.3,agent,1,exp_images/audio\ENGLISH\p_woa_scooter.wav,IMG_14_E_PNA,exp_images/images/driver_wash_scooter.jpg,IMG_14,exp_images/sentences/noagent_driver_scooter.jpg,STIM_104,stimuli_list_subj_5_a.csv,PNA,passive_dropped_agent,non_agent_first,agent_dropped,1.0,1.0
edf05,25,Punjabi,sentence_audio,active,3,s_man_man_pushed_box,5730,918.6,294.6,agent,1,exp_images/audio\PUNJABI\box.wav,IMG_05_P_ACT,exp_images/images/man_pushed_box.jpg,IMG_05,exp_images/sentences/Pushed-box.jpg,STIM_05,stimuli_list_subj_5_a.csv,ACT,active,agent_first,agent_overt,0.0,
edf05,26,Punjabi,sentence_audio,active,3,s_girl_girl_plant_tree,6078,949.2,409.7,agent,1,exp_images/audio\PUNJABI\sapling.wav,IMG_03_P_ACT,exp_images/images/girl_plant_tree.jpg,IMG_03,exp_images/sentences/Sapling.jpg,STIM_03,stimuli_list_subj_5_a.csv,ACT,active,agent_first,agent_overt,0.0,
edf05,27,Punjabi,sentence_audio,active,2,o_shrub_man_cut_shrub,5840,801.6,420.0,object,0,exp_images/audio\PUNJABI\shrub.wav,IMG_04_P_ACT,exp_images/images/man_cut_shrub.jpg,IMG_04,exp_images/sentences/Shrub.jpg,STIM_04,stimuli_list_subj_5_a.csv,ACT,active,agent_first,agent_overt,0.0,
edf05,28,Punjabi,sentence_audio,passive,2,s_dog_dog_dug_hole,6218,886.9,549.7,agent,1,exp_images/audio\PUNJABI\p_dug.wav,IMG_13_P_PWA,exp_images/images/dog_dug_hole.jpg,IMG_13,exp_images/sentences/Dog-dug-passive.jpg,STIM_31,stimuli_list_subj_5_a.csv,PWA,passive_with_agent,non_agent_first,agent_overt,1.0,0.0
edf05,29,Punjabi,sentence_audio,passive,2,s_child_child_throw_frisbee,6006,1097.9,279.4,agent,1,exp_images/audio\PUNJABI\p_frisbee.wav,IMG_12_P_PWA,exp_images/images/child_throw_frisbee.jpg,IMG_12,exp_images/sentences/Frisbee-passive.jpg,STIM_30,stimuli_list_subj_5_a.csv,PWA,passive_with_agent,non_agent_first,agent_overt,1.0,0.0
edf05,30,Punjabi,sentence_audio,passive,2,s_child_child_play_tabla,5716,974.2,294.0,agent,1,exp_images/audio\PUNJABI\p_tabla.wav,IMG_11_P_PWA,exp_images/images/child_play_tabla.jpg,IMG_11,exp_images/sentences/Tabla-passive.jpg,STIM_29,stimuli_list_subj_5_a.csv,PWA,passive_with_agent,non_agent_first,agent_overt,1.0,0.0
edf05,31,Punjabi,sentence_audio,passive_dropped_agent,2,o_picture_artiste_drew_picture,5924,1054.1,450.7,object,0,exp_images/audio\PUNJABI\p_woa_picture.wav,IMG_07_P_PNA,exp_images/images/artiste_drew_picture.jpg,IMG_07,exp_images/sentences/Painting-woa.jpg,STIM_43,stimuli_list_subj_5_a.csv,PNA,passive_dropped_agent,non_agent_first,agent_dropped,1.0,1.0
edf05,32,Punjabi,sentence_audio,passive_dropped_agent,2,s_girl_girl_baked_cake,5970,891.4,319.2,agent,1,exp_images/audio\PUNJABI\p_woa_cake.wav,IMG_15_P_PNA,exp_images/images/girl_baked_cake.jpg,IMG_15,exp_images/sentences/Cake-woa.jpg,STIM_51,stimuli_list_subj_5_a.csv,PNA,passive_dropped_agent,non_agent_first,agent_dropped,1.0,1.0
edf05,33,Punjabi,sentence_audio,passive_dropped_agent,2,s_girl_girl_opened_window,5536,931.2,457.1,agent,1,exp_images/audio\PUNJABI\p_woa_window.wav,IMG_02_P_PNA,exp_images/images/girl_opened_window.jpg,IMG_02,exp_images/sentences/Window-woa.jpg,STIM_38,stimuli_list_subj_5_a.csv,PNA,passive_dropped_agent,non_agent_first,agent_dropped,1.0,1.0
edf05,34,English,sentence_audio,active,2,o_dog_girl_fed_dog,5774,956.6,605.2,object,0,exp_images/audio\ENGLISH\fed.wav,IMG_16_E_ACT,exp_images/images/girl_fed_dog.jpg,IMG_16,exp_images/sentences/active_girl_dog.jpg,STIM_70,stimuli_list_subj_5_a.csv,ACT,active,agent_first,agent_overt,0.0,
edf05,35,English,sentence_audio,active,2,o_veg_boy_cut_vegetables,6190,878.7,811.1,object,0,exp_images/audio\ENGLISH\veg.wav,IMG_18_E_ACT,exp_images/images/boy_cut_vegetables.jpg,IMG_18,exp_images/sentences/active_boy_vegetables.jpg,STIM_72,stimuli_list_subj_5_a.csv,ACT,active,agent_first,agent_overt,0.0,
edf05,36,English,sentence_audio,active,2,o_vase_boy_broke_vase,6322,909.7,489.0,object,0,exp_images/audio\ENGLISH\vase.wav,IMG_08_E_ACT,exp_images/images/boy_broke_vase.jpg,IMG_08,exp_images/sentences/active_boy_vase.jpg,STIM_62,stimuli_list_subj_5_a.csv,ACT,active,agent_first,agent_overt,0.0,
edf06,19,English,sentence_audio,passive_dropped_agent,2,s_woman_woman_read_letter,5996,994.3,509.5,agent,1,exp_images/audio\ENGLISH\p_woa_letter.wav,IMG_17_E_PNA,exp_images/images/women_read_letter.jpg,IMG_17,exp_images/sentences/noagent_women_letter.jpg,STIM_107,stimuli_list_subj_6_a.csv,PNA,passive_dropped_agent,non_agent_first,agent_dropped,1.0,1.0
edf06,20,English,sentence_audio,passive_dropped_agent,2,o_bucket_boy_filled_bucket,6176,931.4,612.0,object,0,exp_images/audio\ENGLISH\p_woa_bucket.wav,IMG_09_E_PNA,exp_images/images/boy_filled_bucket.jpg,IMG_09,exp_images/sentences/noagent_boy_bucket.jpg,STIM_99,stimuli_list_subj_6_a.csv,PNA,passive_dropped_agent,non_agent_first,agent_dropped,1.0,1.0
edf06,21,English,sentence_audio,passive_dropped_agent,2,o_clothes_woman_folded_clothes,6454,950.0,658.6,object,0,exp_images/audio\ENGLISH\p_woa_clothes.wav,IMG_06_E_PNA,exp_images/images/women_fold_clothes.jpg,IMG_06,exp_images/sentences/noagent_woman_clothes.jpg,STIM_96,stimuli_list_subj_6_a.csv,PNA,passive_dropped_agent,non_agent_first,agent_dropped,1.0,1.0
edf06,22,Punjabi,sentence_audio,active,2,s_boy_boy_opened_door,5746,855.3,526.7,agent,1,exp_images/audio\PUNJABI\door.wav,IMG_10_P_ACT,exp_images/images/boy_opened_door.jpg,IMG_10,exp_images/sentences/Closed-door.jpg,STIM_10,stimuli_list_subj_6_a.csv,ACT,active,agent_first,agent_overt,0.0,
edf06,23,Punjabi,sentence_audio,active,2,s_girl_girl_lit_lamp,5872,1051.8,478.9,agent,1,exp_images/audio\PUNJABI\lamp.wav,IMG_01_P_ACT,exp_images/images/girl_lighted_lamp.jpg,IMG_01,exp_images/sentences/Lamp.jpg,STIM_01,stimuli_list_subj_6_a.csv,ACT,active,agent_first,agent_overt,0.0,
edf06,24,Punjabi,sentence_audio,active,2,o_scooter_driver_wash_scooter,5530,938.0,524.5,object,0,exp_images/audio\PUNJABI\scooter.wav,IMG_14_P_ACT,exp_images/images/driver_wash_scooter.jpg,IMG_14,exp_images/sentences/Washed-scooter.jpg,STIM_14,stimuli_list_subj_6_a.csv,ACT,active,agent_first,agent_overt,0.0,
edf06,25,Punjabi,sentence_audio,passive,2,s_man_man_pushed_box,6188,784.7,492.6,agent,1,exp_images/audio\PUNJABI\p_box.wav,IMG_05_P_PWA,exp_images/images/man_pushed_box.jpg,IMG_05,exp_images/sentences/Pushed-box-passive.jpg,STIM_23,stimuli_list_subj_6_a.csv,PWA,passive_with_agent,non_agent_first,agent_overt,1.0,0.0
edf06,26,Punjabi,sentence_audio,passive,2,s_girl_girl_plant_tree,5938,1005.6,532.0,agent,1,exp_images/audio\PUNJABI\p_sapling.wav,IMG_03_P_PWA,exp_images/images/girl_plant_tree.jpg,IMG_03,exp_images/sentences/Sapling-passive.jpg,STIM_21,stimuli_list_subj_6_a.csv,PWA,passive_with_agent,non_agent_first,agent_overt,1.0,0.0
edf06,27,Punjabi,sentence_audio,passive,2,o_shrub_man_cut_shrub,6088,880.5,513.0,object,0,exp_images/audio\PUNJABI\p_shrub.wav,IMG_04_P_PWA,exp_images/images/man_cut_shrub.jpg,IMG_04,exp_images/sentences/Shrub-passive.jpg,STIM_22,stimuli_list_subj_6_a.csv,PWA,passive_with_agent,non_agent_first,agent_overt,1.0,0.0
edf06,28,Punjabi,sentence_audio,passive_dropped_agent,2,s_dog_dog_dug_hole,6326,910.8,581.1,agent,1,exp_images/audio\PUNJABI\p_woa_dug.wav,IMG_13_P_PNA,exp_images/images/dog_dug_hole.jpg,IMG_13,exp_images/sentences/Dog-dug-woa.jpg,STIM_49,stimuli_list_subj_6_a.csv,PNA,passive_dropped_agent,non_agent_first,agent_dropped,1.0,1.0
edf06,29,Punjabi,sentence_audio,passive_dropped_agent,2,s_child_child_throw_frisbee,5880,1015.8,523.0,agent,1,exp_images/audio\PUNJABI\p_woa_frisbee.wav,IMG_12_P_PNA,exp_images/images/child_throw_frisbee.jpg,IMG_12,exp_images/sentences/Frisbee-woa.jpg,STIM_48,stimuli_list_subj_6_a.csv,PNA,passive_dropped_agent,non_agent_first,agent_dropped,1.0,1.0
edf06,30,Punjabi,sentence_audio,passive_dropped_agent,2,o_tabla_child_play_tabla,5928,781.6,629.3,object,0,exp_images/audio\PUNJABI\p_woa_tabla.wav,IMG_11_P_PNA,exp_images/images/child_play_tabla.jpg,IMG_11,exp_images/sentences/Tabla-woa.jpg,STIM_47,stimuli_list_subj_6_a.csv,PNA,passive_dropped_agent,non_agent_first,agent_dropped,1.0,1.0
edf06,31,English,sentence_audio,active,2,s_artiste_artiste_drew_picture,5740,701.8,386.5,agent,1,exp_images/audio\ENGLISH\picture.wav,IMG_07_E_ACT,exp_images/images/artiste_drew_picture.jpg,IMG_07,exp_images/sentences/active_artist_picture.jpg,STIM_61,stimuli_list_subj_6_a.csv,ACT,active,agent_first,agent_overt,0.0,
edf06,32,English,sentence_audio,active,2,o_cake_girl_baked_cake,5944,919.2,518.4,object,0,exp_images/audio\ENGLISH\cake.wav,IMG_15_E_ACT,exp_images/images/girl_baked_cake.jpg,IMG_15,exp_images/sentences/active_girl_cake.jpg,STIM_69,stimuli_list_subj_6_a.csv,ACT,active,agent_first,agent_overt,0.0,
edf06,33,English,sentence_audio,active,2,s_girl_girl_opened_window,6082,875.8,457.8,agent,1,exp_images/audio\ENGLISH\window.wav,IMG_02_E_ACT,exp_images/images/girl_opened_window.jpg,IMG_02,exp_images/sentences/active_girl_window.jpg,STIM_56,stimuli_list_subj_6_a.csv,ACT,active,agent_first,agent_overt,0.0,
edf06,34,English,sentence_audio,passive,2,o_dog_girl_fed_dog,6088,978.3,620.0,object,0,exp_images/audio\ENGLISH\p_fed.wav,IMG_16_E_PWA,exp_images/images/girl_fed_dog.jpg,IMG_16,exp_images/sentences/passive_girl_dog.jpg,STIM_88,stimuli_list_subj_6_a.csv,PWA,passive_with_agent,non_agent_first,agent_overt,1.0,0.0
edf06,35,English,sentence_audio,passive,2,o_veg_boy_cut_vegetables,6286,981.3,829.1,object,0,exp_images/audio\ENGLISH\p_veg.wav,IMG_18_E_PWA,exp_images/images/boy_cut_vegetables.jpg,IMG_18,exp_images/sentences/passive_boy_vegetables.jpg,STIM_90,stimuli_list_subj_6_a.csv,PWA,passive_with_agent,non_agent_first,agent_overt,1.0,0.0
edf06,36,English,sentence_audio,passive,2,o_vase_boy_broke_vase,6394,954.1,538.7,object,0,exp_images/audio\ENGLISH\p_vase.wav,IMG_08_E_PWA,exp_images/images/boy_broke_vase.jpg,IMG_08,exp_images/sentences/passive_boy_vase.jpg,STIM_80,stimuli_list_subj_6_a.csv,PWA,passive_with_agent,non_agent_first,agent_overt,1.0,0.0
edf07,19,Punjabi,sentence_audio,active,2,s_woman_woman_read_letter,6162,986.8,390.7,agent,1,exp_images/audio\PUNJABI\letter.wav,IMG_17_P_ACT,exp_images/images/women_read_letter.jpg,IMG_17,exp_images/sentences/Letter.jpg,STIM_17,stimuli_list_subj_7_a.csv,ACT,active,agent_first,agent_overt,0.0,
edf07,20,Punjabi,sentence_audio,active,2,s_boy_boy_filled_bucket,6570,1051.2,155.8,agent,1,exp_images/audio\PUNJABI\bucket.wav,IMG_09_P_ACT,exp_images/images/boy_filled_bucket.jpg,IMG_09,exp_images/sentences/Bucket.jpg,STIM_09,stimuli_list_subj_7_a.csv,ACT,active,agent_first,agent_overt,0.0,
edf07,21,Punjabi,sentence_audio,active,2,o_clothes_woman_folded_clothes,9434,942.7,616.7,object,0,exp_images/audio\PUNJABI\clothes.wav,IMG_06_P_ACT,exp_images/images/women_fold_clothes.jpg,IMG_06,exp_images/sentences/Folded-clothes.jpg,STIM_06,stimuli_list_subj_7_a.csv,ACT,active,agent_first,agent_overt,0.0,
edf07,23,Punjabi,sentence_audio,passive,5,s_girl_girl_lit_lamp,9164,1018.1,183.2,agent,1,exp_images/audio\PUNJABI\p_lamp.wav,IMG_01_P_PWA,exp_images/images/girl_lighted_lamp.jpg,IMG_01,exp_images/sentences/Lamp-passive.jpg,STIM_19,stimuli_list_subj_7_a.csv,PWA,passive_with_agent,non_agent_first,agent_overt,1.0,0.0
edf07,24,Punjabi,sentence_audio,passive,2,s_driver_driver_wash_scooter,5826,737.9,190.7,agent,1,exp_images/audio\PUNJABI\p_scooter.wav,IMG_14_P_PWA,exp_images/images/driver_wash_scooter.jpg,IMG_14,exp_images/sentences/Washed-scooter-passive.jpg,STIM_32,stimuli_list_subj_7_a.csv,PWA,passive_with_agent,non_agent_first,agent_overt,1.0,0.0
edf07,26,Punjabi,sentence_audio,passive_dropped_agent,5,o_tree_girl_plant_tree,7746,737.5,684.8,object,0,exp_images/audio\PUNJABI\p_woa_sapling.wav,IMG_03_P_PNA,exp_images/images/girl_plant_tree.jpg,IMG_03,exp_images/sentences/Sapling-woa.jpg,STIM_39,stimuli_list_subj_7_a.csv,PNA,passive_dropped_agent,non_agent_first,agent_dropped,1.0,1.0
edf07,27,Punjabi,sentence_audio,passive_dropped_agent,3,o_shrub_man_cut_shrub,5768,839.5,397.0,object,0,exp_images/audio\PUNJABI\p_woa_shrub.wav,IMG_04_P_PNA,exp_images/images/man_cut_shrub.jpg,IMG_04,exp_images/sentences/Shrub-woa.jpg,STIM_40,stimuli_list_subj_7_a.csv,PNA,passive_dropped_agent,non_agent_first,agent_dropped,1.0,1.0
edf07,28,English,sentence_audio,active,2,s_dog_dog_dug_hole,5400,919.2,557.5,agent,1,exp_images/audio\ENGLISH\dug.wav,IMG_13_E_ACT,exp_images/images/dog_dug_hole.jpg,IMG_13,exp_images/sentences/active_dog_hole.jpg,STIM_67,stimuli_list_subj_7_a.csv,ACT,active,agent_first,agent_overt,0.0,
edf07,29,English,sentence_audio,active,2,s_child_child_throw_frisbee,6240,1126.5,274.0,agent,1,exp_images/audio\ENGLISH\frisbee.wav,IMG_12_E_ACT,exp_images/images/child_throw_frisbee.jpg,IMG_12,exp_images/sentences/active_child_frisbee.jpg,STIM_66,stimuli_list_subj_7_a.csv,ACT,active,agent_first,agent_overt,0.0,
edf07,30,English,sentence_audio,active,2,o_tabla_child_play_tabla,5686,829.6,554.8,object,0,exp_images/audio\ENGLISH\tabla.wav,IMG_11_E_ACT,exp_images/images/child_play_tabla.jpg,IMG_11,exp_images/sentences/active_child_tabla.jpg,STIM_65,stimuli_list_subj_7_a.csv,ACT,active,agent_first,agent_overt,0.0,
edf07,31,English,sentence_audio,passive,2,o_picture_artiste_drew_picture,6024,967.6,405.9,object,0,exp_images/audio\ENGLISH\p_artist.wav,IMG_07_E_PWA,exp_images/images/artiste_drew_picture.jpg,IMG_07,exp_images/sentences/passive_artist_picture.jpg,STIM_79,stimuli_list_subj_7_a.csv,PWA,passive_with_agent,non_agent_first,agent_overt,1.0,0.0
edf07,32,English,sentence_audio,passive,2,s_girl_girl_baked_cake,5874,922.9,278.3,agent,1,exp_images/audio\ENGLISH\p_cake.wav,IMG_15_E_PWA,exp_images/images/girl_baked_cake.jpg,IMG_15,exp_images/sentences/passive_girl_cake.jpg,STIM_87,stimuli_list_subj_7_a.csv,PWA,passive_with_agent,non_agent_first,agent_overt,1.0,0.0
edf07,33,English,sentence_audio,passive,2,s_girl_girl_opened_window,5852,905.3,387.2,agent,1,exp_images/audio\ENGLISH\p_window.wav,IMG_02_E_PWA,exp_images/images/girl_opened_window.jpg,IMG_02,exp_images/sentences/passive_girl_window.jpg,STIM_74,stimuli_list_subj_7_a.csv,PWA,passive_with_agent,non_agent_first,agent_overt,1.0,0.0
edf07,34,English,sentence_audio,passive_dropped_agent,2,o_dog_girl_fed_dog,6256,943.6,580.8,object,0,exp_images/audio\ENGLISH\p_woa_fed.wav,IMG_16_E_PNA,exp_images/images/girl_fed_dog.jpg,IMG_16,exp_images/sentences/noagent_girl_dog.jpg,STIM_106,stimuli_list_subj_7_a.csv,PNA,passive_dropped_agent,non_agent_first,agent_dropped,1.0,1.0
edf07,35,English,sentence_audio,passive_dropped_agent,2,s_boy_boy_cut_vegetables,8086,993.9,289.3,agent,1,exp_images/audio\ENGLISH\p_woa_veg.wav,IMG_18_E_PNA,exp_images/images/boy_cut_vegetables.jpg,IMG_18,exp_images/sentences/noagent_boy_vegetables.jpg,STIM_108,stimuli_list_subj_7_a.csv,PNA,passive_dropped_agent,non_agent_first,agent_dropped,1.0,1.0
edf07,36,English,sentence_audio,passive_dropped_agent,3,s_boy_boy_broke_vase,6922,764.2,293.7,agent,1,exp_images/audio\ENGLISH\p_woa_vase.wav,IMG_08_E_PNA,exp_images/images/boy_broke_vase.jpg,IMG_08,exp_images/sentences/noagent_boy_vase.jpg,STIM_98,stimuli_list_subj_7_a.csv,PNA,passive_dropped_agent,non_agent_first,agent_dropped,1.0,1.0
edf08,19,Punjabi,sentence_audio,passive,2,s_woman_woman_read_letter,6036,960.7,436.1,agent,1,exp_images/audio\PUNJABI\p_letter.wav,IMG_17_P_PWA,exp_images/images/women_read_letter.jpg,IMG_17,exp_images/sentences/Letter-passive.jpg,STIM_35,stimuli_list_subj_8_a.csv,PWA,passive_with_agent,non_agent_first,agent_overt,1.0,0.0
edf08,20,Punjabi,sentence_audio,passive,2,o_bucket_boy_filled_bucket,5662,905.7,594.6,object,0,exp_images/audio\PUNJABI\p_bucket.wav,IMG_09_P_PWA,exp_images/images/boy_filled_bucket.jpg,IMG_09,exp_images/sentences/Bucket-passive.jpg,STIM_27,stimuli_list_subj_8_a.csv,PWA,passive_with_agent,non_agent_first,agent_overt,1.0,0.0
edf08,21,Punjabi,sentence_audio,passive,2,s_woman_woman_folded_clothes,5612,963.5,311.3,agent,1,exp_images/audio\PUNJABI\p_clothes.wav,IMG_06_P_PWA,exp_images/images/women_fold_clothes.jpg,IMG_06,exp_images/sentences/Folded-clothes-passive.jpg,STIM_24,stimuli_list_subj_8_a.csv,PWA,passive_with_agent,non_agent_first,agent_overt,1.0,0.0
edf08,22,Punjabi,sentence_audio,passive_dropped_agent,2,o_door_boy_opened_door,6310,970.5,489.8,object,0,exp_images/audio\PUNJABI\p_woa_door.wav,IMG_10_P_PNA,exp_images/images/boy_opened_door.jpg,IMG_10,exp_images/sentences/Closed-door-woa.jpg,STIM_46,stimuli_list_subj_8_a.csv,PNA,passive_dropped_agent,non_agent_first,agent_dropped,1.0,1.0
edf08,23,Punjabi,sentence_audio,passive_dropped_agent,2,o_lamp_girl_light_lamp,6376,817.5,510.2,object,0,exp_images/audio\PUNJABI\p_woa_lamp.wav,IMG_01_P_PNA,exp_images/images/girl_lighted_lamp.jpg,IMG_01,exp_images/sentences/Lamp-woa.jpg,STIM_37,stimuli_list_subj_8_a.csv,PNA,passive_dropped_agent,non_agent_first,agent_dropped,1.0,1.0
edf08,24,Punjabi,sentence_audio,passive_dropped_agent,2,o_scooter_driver_wash_scooter,6692,1018.0,396.9,object,0,exp_images/audio\PUNJABI\p_woa_scooter.wav,IMG_14_P_PNA,exp_images/images/driver_wash_scooter.jpg,IMG_14,exp_images/sentences/Washed-scooter-woa.jpg,STIM_50,stimuli_list_subj_8_a.csv,PNA,passive_dropped_agent,non_agent_first,agent_dropped,1.0,1.0
edf08,25,English,sentence_audio,active,2,o_box_man_pushed_box,5626,1124.1,434.6,object,0,exp_images/audio\ENGLISH\box.wav,IMG_05_E_ACT,exp_images/images/man_pushed_box.jpg,IMG_05,exp_images/sentences/active_man_box.jpg,STIM_59,stimuli_list_subj_8_a.csv,ACT,active,agent_first,agent_overt,0.0,
edf08,26,English,sentence_audio,active,2,s_girl_girl_plant_tree,5512,996.7,520.9,agent,1,exp_images/audio\ENGLISH\sapling.wav,IMG_03_E_ACT,exp_images/images/girl_plant_tree.jpg,IMG_03,exp_images/sentences/active_girl_sapling.jpg,STIM_57,stimuli_list_subj_8_a.csv,ACT,active,agent_first,agent_overt,0.0,
edf08,27,English,sentence_audio,active,2,o_shrub_man_cut_shrub,5932,822.6,459.2,object,0,exp_images/audio\ENGLISH\shrub.wav,IMG_04_E_ACT,exp_images/images/man_cut_shrub.jpg,IMG_04,exp_images/sentences/active_man_shrub.jpg,STIM_58,stimuli_list_subj_8_a.csv,ACT,active,agent_first,agent_overt,0.0,
edf08,28,English,sentence_audio,passive,3,s_dog_dog_dug_hole,6736,893.9,599.1,agent,1,exp_images/audio\ENGLISH\p_dug.wav,IMG_13_E_PWA,exp_images/images/dog_dug_hole.jpg,IMG_13,exp_images/sentences/passive_dog_hole.jpg,STIM_85,stimuli_list_subj_8_a.csv,PWA,passive_with_agent,non_agent_first,agent_overt,1.0,0.0
edf08,29,English,sentence_audio,passive,2,s_child_child_throw_frisbee,5588,1065.7,436.8,agent,1,exp_images/audio\ENGLISH\p_frisbee.wav,IMG_12_E_PWA,exp_images/images/child_throw_frisbee.jpg,IMG_12,exp_images/sentences/passive_child_frisbee.jpg,STIM_84,stimuli_list_subj_8_a.csv,PWA,passive_with_agent,non_agent_first,agent_overt,1.0,0.0
edf08,30,English,sentence_audio,passive,2,o_tabla_child_play_tabla,6058,861.7,517.7,object,0,exp_images/audio\ENGLISH\p_tabla.wav,IMG_11_E_PWA,exp_images/images/child_play_tabla.jpg,IMG_11,exp_images/sentences/passive_child_tabla.jpg,STIM_83,stimuli_list_subj_8_a.csv,PWA,passive_with_agent,non_agent_first,agent_overt,1.0,0.0
edf08,31,English,sentence_audio,passive_dropped_agent,2,o_picture_artiste_drew_picture,5896,1032.4,433.8,object,0,exp_images/audio\ENGLISH\p_woa_draw.wav,IMG_07_E_PNA,exp_images/images/artiste_drew_picture.jpg,IMG_07,exp_images/sentences/noagent_artist_picture.jpg,STIM_97,stimuli_list_subj_8_a.csv,PNA,passive_dropped_agent,non_agent_first,agent_dropped,1.0,1.0
edf08,32,English,sentence_audio,passive_dropped_agent,2,s_girl_girl_baked_cake,6236,895.9,301.9,agent,1,exp_images/audio\ENGLISH\p_woa_cake.wav,IMG_15_E_PNA,exp_images/images/girl_baked_cake.jpg,IMG_15,exp_images/sentences/noagent_girl_cake.jpg,STIM_105,stimuli_list_subj_8_a.csv,PNA,passive_dropped_agent,non_agent_first,agent_dropped,1.0,1.0
edf08,33,English,sentence_audio,passive_dropped_agent,2,o_window_girl_opened_window,5938,1205.0,382.1,object,0,exp_images/audio\ENGLISH\p_woa_window.wav,IMG_02_E_PNA,exp_images/images/girl_opened_window.jpg,IMG_02,exp_images/sentences/noagent_girl_window.jpg,STIM_92,stimuli_list_subj_8_a.csv,PNA,passive_dropped_agent,non_agent_first,agent_dropped,1.0,1.0
edf08,34,Punjabi,sentence_audio,active,2,o_dog_girl_fed_dog,6012,983.8,682.8,object,0,exp_images/audio\PUNJABI\fed.wav,IMG_16_P_ACT,exp_images/images/girl_fed_dog.jpg,IMG_16,exp_images/sentences/Fed-dog.jpg,STIM_16,stimuli_list_subj_8_a.csv,ACT,active,agent_first,agent_overt,0.0,
edf08,35,Punjabi,sentence_audio,active,2,o_veg_boy_cut_vegetables,5878,925.0,792.4,object,0,exp_images/audio\PUNJABI\veg.wav,IMG_18_P_ACT,exp_images/images/boy_cut_vegetables.jpg,IMG_18,exp_images/sentences/Veg.jpg,STIM_18,stimuli_list_subj_8_a.csv,ACT,active,agent_first,agent_overt,0.0,
edf08,36,Punjabi,sentence_audio,active,2,o_vase_boy_broke_vase,5694,964.2,375.7,object,0,exp_images/audio\PUNJABI\vase.wav,IMG_08_P_ACT,exp_images/images/boy_broke_vase.jpg,IMG_08,exp_images/sentences/Vase.jpg,STIM_08,stimuli_list_subj_8_a.csv,ACT,active,agent_first,agent_overt,0.0,
edf09,19,Punjabi,sentence_audio,passive_dropped_agent,2,s_woman_woman_read_letter,5452,975.6,481.6,agent,1,exp_images/audio\PUNJABI\p_woa_letter.wav,IMG_17_P_PNA,exp_images/images/women_read_letter.jpg,IMG_17,exp_images/sentences/Letter-woa.jpg,STIM_53,stimuli_list_subj_9_a.csv,PNA,passive_dropped_agent,non_agent_first,agent_dropped,1.0,1.0
edf09,20,Punjabi,sentence_audio,passive_dropped_agent,2,o_bucket_boy_filled_bucket,6044,916.4,514.6,object,0,exp_images/audio\PUNJABI\p_woa_tub.wav,IMG_09_P_PNA,exp_images/images/boy_filled_bucket.jpg,IMG_09,exp_images/sentences/Bucket-woa.jpg,STIM_45,stimuli_list_subj_9_a.csv,PNA,passive_dropped_agent,non_agent_first,agent_dropped,1.0,1.0
edf09,21,Punjabi,sentence_audio,passive_dropped_agent,2,o_clothes_woman_folded_clothes,5952,958.3,564.9,object,0,exp_images/audio\PUNJABI\p_woa_clothes.wav,IMG_06_P_PNA,exp_images/images/women_fold_clothes.jpg,IMG_06,exp_images/sentences/Folded-clothes-woa.jpg,STIM_42,stimuli_list_subj_9_a.csv,PNA,passive_dropped_agent,non_agent_first,agent_dropped,1.0,1.0
edf09,22,English,sentence_audio,active,2,o_door_boy_opened_door,5984,936.9,422.5,object,0,exp_images/audio\ENGLISH\door.wav,IMG_10_E_ACT,exp_images/images/boy_opened_door.jpg,IMG_10,exp_images/sentences/active_boy_door.jpg,STIM_64,stimuli_list_subj_9_a.csv,ACT,active,agent_first,agent_overt,0.0,
edf09,23,English,sentence_audio,active,2,o_lamp_girl_light_lamp,6318,868.9,466.5,object,0,exp_images/audio\ENGLISH\lamp.wav,IMG_01_E_ACT,exp_images/images/girl_lighted_lamp.jpg,IMG_01,exp_images/sentences/active_girl_lamp.jpg,STIM_55,stimuli_list_subj_9_a.csv,ACT,active,agent_first,agent_overt,0.0,
edf09,24,English,sentence_audio,active,2,o_scooter_driver_wash_scooter,6228,883.6,330.5,object,0,exp_images/audio\ENGLISH\scooter.wav,IMG_14_E_ACT,exp_images/images/driver_wash_scooter.jpg,IMG_14,exp_images/sentences/active_driver_scooter.jpg,STIM_68,stimuli_list_subj_9_a.csv,ACT,active,agent_first,agent_overt,0.0,
edf09,25,English,sentence_audio,passive,2,o_box_man_pushed_box,5942,1089.4,379.6,object,0,exp_images/audio\ENGLISH\p_box.wav,IMG_05_E_PWA,exp_images/images/man_pushed_box.jpg,IMG_05,exp_images/sentences/passive_man_box.jpg,STIM_77,stimuli_list_subj_9_a.csv,PWA,passive_with_agent,non_agent_first,agent_overt,1.0,0.0
edf09,26,English,sentence_audio,passive,2,o_tree_girl_plant_tree,6146,756.3,532.9,object,0,exp_images/audio\ENGLISH\p_sapling.wav,IMG_03_E_PWA,exp_images/images/girl_plant_tree.jpg,IMG_03,exp_images/sentences/passive_girl_sapling.jpg,STIM_75,stimuli_list_subj_9_a.csv,PWA,passive_with_agent,non_agent_first,agent_overt,1.0,0.0
edf09,27,English,sentence_audio,passive,2,o_shrub_man_cut_shrub,5954,860.4,437.5,object,0,exp_images/audio\ENGLISH\p_shrub.wav,IMG_04_E_PWA,exp_images/images/man_cut_shrub.jpg,IMG_04,exp_images/sentences/passive_man_shrub.jpg,STIM_76,stimuli_list_subj_9_a.csv,PWA,passive_with_agent,non_agent_first,agent_overt,1.0,0.0
edf09,28,English,sentence_audio,passive_dropped_agent,2,s_dog_dog_dug_hole,6282,979.9,637.6,agent,1,exp_images/audio\ENGLISH\p_woa_dug.wav,IMG_13_E_PNA,exp_images/images/dog_dug_hole.jpg,IMG_13,exp_images/sentences/noagent_dog_hole.jpg,STIM_103,stimuli_list_subj_9_a.csv,PNA,passive_dropped_agent,non_agent_first,agent_dropped,1.0,1.0
edf09,29,English,sentence_audio,passive_dropped_agent,3,o_frisbee_child_throw_frisbee,6290,843.1,334.4,object,0,exp_images/audio\ENGLISH\p_woa_frisbee.wav,IMG_12_E_PNA,exp_images/images/child_throw_frisbee.jpg,IMG_12,exp_images/sentences/noagent_child_frisbee.jpg,STIM_102,stimuli_list_subj_9_a.csv,PNA,passive_dropped_agent,non_agent_first,agent_dropped,1.0,1.0
edf09,30,English,sentence_audio,passive_dropped_agent,2,o_tabla_child_play_tabla,6232,795.3,523.5,object,0,exp_images/audio\ENGLISH\p_woa_tabla.wav,IMG_11_E_PNA,exp_images/images/child_play_tabla.jpg,IMG_11,exp_images/sentences/noagent_child_tabla.jpg,STIM_101,stimuli_list_subj_9_a.csv,PNA,passive_dropped_agent,non_agent_first,agent_dropped,1.0,1.0
edf09,31,Punjabi,sentence_audio,active,2,o_picture_artiste_drew_picture,6592,974.1,446.8,object,0,exp_images/audio\PUNJABI\picture.wav,IMG_07_P_ACT,exp_images/images/artiste_drew_picture.jpg,IMG_07,exp_images/sentences/Painting.jpg,STIM_07,stimuli_list_subj_9_a.csv,ACT,active,agent_first,agent_overt,0.0,
edf09,32,Punjabi,sentence_audio,active,2,o_cake_girl_baked_cake,6286,893.5,582.1,object,0,exp_images/audio\PUNJABI\cake.wav,IMG_15_P_ACT,exp_images/images/girl_baked_cake.jpg,IMG_15,exp_images/sentences/Cake.jpg,STIM_15,stimuli_list_subj_9_a.csv,ACT,active,agent_first,agent_overt,0.0,
edf09,33,Punjabi,sentence_audio,active,2,s_girl_girl_opened_window,6046,895.0,396.3,agent,1,exp_images/audio\PUNJABI\window.wav,IMG_02_P_ACT,exp_images/images/girl_opened_window.jpg,IMG_02,exp_images/sentences/Window.jpg,STIM_02,stimuli_list_subj_9_a.csv,ACT,active,agent_first,agent_overt,0.0,
edf09,34,Punjabi,sentence_audio,passive,2,o_dog_girl_fed_dog,5820,959.7,572.9,object,0,exp_images/audio\PUNJABI\p_fed.wav,IMG_16_P_PWA,exp_images/images/girl_fed_dog.jpg,IMG_16,exp_images/sentences/Fed-dog-passive.jpg,STIM_34,stimuli_list_subj_9_a.csv,PWA,passive_with_agent,non_agent_first,agent_overt,1.0,0.0
edf09,35,Punjabi,sentence_audio,passive,2,o_veg_boy_cut_vegetables,6160,907.9,657.0,object,0,exp_images/audio\PUNJABI\p_veg.wav,IMG_18_P_PWA,exp_images/images/boy_cut_vegetables.jpg,IMG_18,exp_images/sentences/Veg-passive.jpg,STIM_36,stimuli_list_subj_9_a.csv,PWA,passive_with_agent,non_agent_first,agent_overt,1.0,0.0
edf09,36,Punjabi,sentence_audio,passive,2,o_vase_boy_broke_vase,5834,950.8,424.6,object,0,exp_images/audio\PUNJABI\p_vase.wav,IMG_08_P_PWA,exp_images/images/boy_broke_vase.jpg,IMG_08,exp_images/sentences/Vase-passive.jpg,STIM_26,stimuli_list_subj_9_a.csv,PWA,passive_with_agent,non_agent_first,agent_overt,1.0,0.0
edf10,19,English,sentence_audio,active,2,s_woman_woman_read_letter,6336,904.2,400.7,agent,1,exp_images/audio\ENGLISH\letter.wav,IMG_17_E_ACT,exp_images/images/women_read_letter.jpg,IMG_17,exp_images/sentences/active_women_letter.jpg,STIM_71,stimuli_list_subj_10_a.csv,ACT,active,agent_first,agent_overt,0.0,
edf10,20,English,sentence_audio,active,2,o_bucket_boy_filled_bucket,5666,925.2,490.1,object,0,exp_images/audio\ENGLISH\bucket.wav,IMG_09_E_ACT,exp_images/images/boy_filled_bucket.jpg,IMG_09,exp_images/sentences/active_boy_bucket.jpg,STIM_63,stimuli_list_subj_10_a.csv,ACT,active,agent_first,agent_overt,0.0,
edf10,21,English,sentence_audio,active,2,o_clothes_woman_folded_clothes,6540,835.1,688.9,object,0,exp_images/audio\ENGLISH\clothes.wav,IMG_06_E_ACT,exp_images/images/women_fold_clothes.jpg,IMG_06,exp_images/sentences/active_woman_clothes.jpg,STIM_60,stimuli_list_subj_10_a.csv,ACT,active,agent_first,agent_overt,0.0,
edf10,22,English,sentence_audio,passive,2,o_door_boy_opened_door,5634,974.2,438.5,object,0,exp_images/audio\ENGLISH\p_door.wav,IMG_10_E_PWA,exp_images/images/boy_opened_door.jpg,IMG_10,exp_images/sentences/passive_boy_door.jpg,STIM_82,stimuli_list_subj_10_a.csv,PWA,passive_with_agent,non_agent_first,agent_overt,1.0,0.0
edf10,23,English,sentence_audio,passive,2,s_girl_girl_lit_lamp,5558,980.2,250.1,agent,1,exp_images/audio\ENGLISH\p_lamp.wav,IMG_01_E_PWA,exp_images/images/girl_lighted_lamp.jpg,IMG_01,exp_images/sentences/passive_girl_lamp.jpg,STIM_73,stimuli_list_subj_10_a.csv,PWA,passive_with_agent,non_agent_first,agent_overt,1.0,0.0
edf10,24,English,sentence_audio,passive,2,s_driver_driver_wash_scooter,6264,747.3,213.6,agent,1,exp_images/audio\ENGLISH\p_scooter.wav,IMG_14_E_PWA,exp_images/images/driver_wash_scooter.jpg,IMG_14,exp_images/sentences/passive_driver_scooter.jpg,STIM_86,stimuli_list_subj_10_a.csv,PWA,passive_with_agent,non_agent_first,agent_overt,1.0,0.0
edf10,25,English,sentence_audio,passive_dropped_agent,2,s_man_man_pushed_box,5610,830.3,366.0,agent,1,exp_images/audio\ENGLISH\p_woa_box.wav,IMG_05_E_PNA,exp_images/images/man_pushed_box.jpg,IMG_05,exp_images/sentences/noagent_man_box.jpg,STIM_95,stimuli_list_subj_10_a.csv,PNA,passive_dropped_agent,non_agent_first,agent_dropped,1.0,1.0
edf10,26,English,sentence_audio,passive_dropped_agent,2,o_tree_girl_plant_tree,5932,712.5,707.2,object,0,exp_images/audio\ENGLISH\p_woa_sapling.wav,IMG_03_E_PNA,exp_images/images/girl_plant_tree.jpg,IMG_03,exp_images/sentences/noagent_girl_sapling.jpg,STIM_93,stimuli_list_subj_10_a.csv,PNA,passive_dropped_agent,non_agent_first,agent_dropped,1.0,1.0
edf10,27,English,sentence_audio,passive_dropped_agent,2,o_shrub_man_cut_shrub,6452,776.2,467.1,object,0,exp_images/audio\ENGLISH\p_woa_shrub.wav,IMG_04_E_PNA,exp_images/images/man_cut_shrub.jpg,IMG_04,exp_images/sentences/noagent_man_shrub.jpg,STIM_94,stimuli_list_subj_10_a.csv,PNA,passive_dropped_agent,non_agent_first,agent_dropped,1.0,1.0
edf10,28,Punjabi,sentence_audio,active,2,s_dog_dog_dug_hole,5684,878.7,532.4,agent,1,exp_images/audio\PUNJABI\dug.wav,IMG_13_P_ACT,exp_images/images/dog_dug_hole.jpg,IMG_13,exp_images/sentences/Dog-dug.jpg,STIM_13,stimuli_list_subj_10_a.csv,ACT,active,agent_first,agent_overt,0.0,
edf10,29,Punjabi,sentence_audio,active,3,s_child_child_throw_frisbee,6412,1110.5,228.6,agent,1,exp_images/audio\PUNJABI\frisbee.wav,IMG_12_P_ACT,exp_images/images/child_throw_frisbee.jpg,IMG_12,exp_images/sentences/Frisbee.jpg,STIM_12,stimuli_list_subj_10_a.csv,ACT,active,agent_first,agent_overt,0.0,
edf10,30,Punjabi,sentence_audio,active,3,o_tabla_child_play_tabla,6542,745.0,584.6,object,0,exp_images/audio\PUNJABI\tabla.wav,IMG_11_P_ACT,exp_images/images/child_play_tabla.jpg,IMG_11,exp_images/sentences/Tabla.jpg,STIM_11,stimuli_list_subj_10_a.csv,ACT,active,agent_first,agent_overt,0.0,
edf10,31,Punjabi,sentence_audio,passive,2,s_artiste_artiste_drew_picture,6172,674.8,276.2,agent,1,exp_images/audio\PUNJABI\p_picture.wav,IMG_07_P_PWA,exp_images/images/artiste_drew_picture.jpg,IMG_07,exp_images/sentences/Painting-passive.jpg,STIM_25,stimuli_list_subj_10_a.csv,PWA,passive_with_agent,non_agent_first,agent_overt,1.0,0.0
edf10,32,Punjabi,sentence_audio,passive,2,s_girl_girl_baked_cake,6192,866.7,366.5,agent,1,exp_images/audio\PUNJABI\p_cake.wav,IMG_15_P_PWA,exp_images/images/girl_baked_cake.jpg,IMG_15,exp_images/sentences/Cake-passive.jpg,STIM_33,stimuli_list_subj_10_a.csv,PWA,passive_with_agent,non_agent_first,agent_overt,1.0,0.0
edf10,33,Punjabi,sentence_audio,passive,2,s_girl_girl_opened_window,5620,914.7,408.3,agent,1,exp_images/audio\PUNJABI\p_window.wav,IMG_02_P_PWA,exp_images/images/girl_opened_window.jpg,IMG_02,exp_images/sentences/Window-passive.jpg,STIM_20,stimuli_list_subj_10_a.csv,PWA,passive_with_agent,non_agent_first,agent_overt,1.0,0.0
edf10,34,Punjabi,sentence_audio,passive_dropped_agent,2,o_dog_girl_fed_dog,5556,943.2,623.8,object,0,exp_images/audio\PUNJABI\p_woa_fed.wav,IMG_16_P_PNA,exp_images/images/girl_fed_dog.jpg,IMG_16,exp_images/sentences/Fed-dog-woa.jpg,STIM_52,stimuli_list_subj_10_a.csv,PNA,passive_dropped_agent,non_agent_first,agent_dropped,1.0,1.0
edf10,35,Punjabi,sentence_audio,passive_dropped_agent,3,s_boy_boy_cut_vegetables,6142,970.0,404.3,agent,1,exp_images/audio\PUNJABI\p_woa_veg.wav,IMG_18_P_PNA,exp_images/images/boy_cut_vegetables.jpg,IMG_18,exp_images/sentences/Veg-woa.jpg,STIM_54,stimuli_list_subj_10_a.csv,PNA,passive_dropped_agent,non_agent_first,agent_dropped,1.0,1.0
edf10,36,Punjabi,sentence_audio,passive_dropped_agent,2,o_vase_boy_broke_vase,5568,871.2,414.8,object,0,exp_images/audio\PUNJABI\p_woa_vase.wav,IMG_08_P_PNA,exp_images/images/boy_broke_vase.jpg,IMG_08,exp_images/sentences/Vase-woa.jpg,STIM_44,stimuli_list_subj_10_a.csv,PNA,passive_dropped_agent,non_agent_first,agent_dropped,1.0,1.0
edf11,19,English,sentence_audio,passive,2,s_woman_woman_read_letter,5634,954.7,412.5,agent,1,exp_images/audio\ENGLISH\p_letter.wav,IMG_17_E_PWA,exp_images/images/women_read_letter.jpg,IMG_17,exp_images/sentences/passive_women_letter.jpg,STIM_89,stimuli_list_subj_11_a.csv,PWA,passive_with_agent,non_agent_first,agent_overt,1.0,0.0
edf11,20,English,sentence_audio,passive,2,o_bucket_boy_filled_bucket,6272,933.6,424.5,object,0,exp_images/audio\ENGLISH\p_bucket.wav,IMG_09_E_PWA,exp_images/images/boy_filled_bucket.jpg,IMG_09,exp_images/sentences/passive_boy_bucket.jpg,STIM_81,stimuli_list_subj_11_a.csv,PWA,passive_with_agent,non_agent_first,agent_overt,1.0,0.0
edf11,21,English,sentence_audio,passive,2,s_woman_woman_folded_clothes,8866,943.6,327.9,agent,1,exp_images/audio\ENGLISH\p_clothes.wav,IMG_06_E_PWA,exp_images/images/women_fold_clothes.jpg,IMG_06,exp_images/sentences/passive_woman_clothes.jpg,STIM_78,stimuli_list_subj_11_a.csv,PWA,passive_with_agent,non_agent_first,agent_overt,1.0,0.0
edf11,22,English,sentence_audio,passive_dropped_agent,2,o_door_boy_opened_door,5520,971.6,478.4,object,0,exp_images/audio\ENGLISH\p_woa_door.wav,IMG_10_E_PNA,exp_images/images/boy_opened_door.jpg,IMG_10,exp_images/sentences/noagent_boy_door.jpg,STIM_100,stimuli_list_subj_11_a.csv,PNA,passive_dropped_agent,non_agent_first,agent_dropped,1.0,1.0
edf11,23,English,sentence_audio,passive_dropped_agent,2,o_lamp_girl_light_lamp,5698,727.1,500.6,object,0,exp_images/audio\ENGLISH\p_woa_lamp.wav,IMG_01_E_PNA,exp_images/images/girl_lighted_lamp.jpg,IMG_01,exp_images/sentences/noagent_girl_lamp.jpg,STIM_91,stimuli_list_subj_11_a.csv,PNA,passive_dropped_agent,non_agent_first,agent_dropped,1.0,1.0
edf11,24,English,sentence_audio,passive_dropped_agent,2,s_driver_driver_wash_scooter,6236,751.3,193.9,agent,1,exp_images/audio\ENGLISH\p_woa_scooter.wav,IMG_14_E_PNA,exp_images/images/driver_wash_scooter.jpg,IMG_14,exp_images/sentences/noagent_driver_scooter.jpg,STIM_104,stimuli_list_subj_11_a.csv,PNA,passive_dropped_agent,non_agent_first,agent_dropped,1.0,1.0
edf11,25,Punjabi,sentence_audio,active,2,s_man_man_pushed_box,5796,913.3,361.6,agent,1,exp_images/audio\PUNJABI\box.wav,IMG_05_P_ACT,exp_images/images/man_pushed_box.jpg,IMG_05,exp_images/sentences/Pushed-box.jpg,STIM_05,stimuli_list_subj_11_a.csv,ACT,active,agent_first,agent_overt,0.0,
edf11,26,Punjabi,sentence_audio,active,2,o_tree_girl_plant_tree,5888,629.6,684.3,object,0,exp_images/audio\PUNJABI\sapling.wav,IMG_03_P_ACT,exp_images/images/girl_plant_tree.jpg,IMG_03,exp_images/sentences/Sapling.jpg,STIM_03,stimuli_list_subj_11_a.csv,ACT,active,agent_first,agent_overt,0.0,
edf11,27,Punjabi,sentence_audio,active,3,s_man_man_cut_shrub,5792,939.1,353.5,agent,1,exp_images/audio\PUNJABI\shrub.wav,IMG_04_P_ACT,exp_images/images/man_cut_shrub.jpg,IMG_04,exp_images/sentences/Shrub.jpg,STIM_04,stimuli_list_subj_11_a.csv,ACT,active,agent_first,agent_overt,0.0,
edf11,28,Punjabi,sentence_audio,passive,2,s_dog_dog_dug_hole,5610,779.6,572.8,agent,1,exp_images/audio\PUNJABI\p_dug.wav,IMG_13_P_PWA,exp_images/images/dog_dug_hole.jpg,IMG_13,exp_images/sentences/Dog-dug-passive.jpg,STIM_31,stimuli_list_subj_11_a.csv,PWA,passive_with_agent,non_agent_first,agent_overt,1.0,0.0
edf11,29,Punjabi,sentence_audio,passive,2,s_child_child_throw_frisbee,5522,1055.7,347.6,agent,1,exp_images/audio\PUNJABI\p_frisbee.wav,IMG_12_P_PWA,exp_images/images/child_throw_frisbee.jpg,IMG_12,exp_images/sentences/Frisbee-passive.jpg,STIM_30,stimuli_list_subj_11_a.csv,PWA,passive_with_agent,non_agent_first,agent_overt,1.0,0.0
edf11,30,Punjabi,sentence_audio,passive,2,s_child_child_play_tabla,5988,938.3,439.2,agent,1,exp_images/audio\PUNJABI\p_tabla.wav,IMG_11_P_PWA,exp_images/images/child_play_tabla.jpg,IMG_11,exp_images/sentences/Tabla-passive.jpg,STIM_29,stimuli_list_subj_11_a.csv,PWA,passive_with_agent,non_agent_first,agent_overt,1.0,0.0
edf11,31,Punjabi,sentence_audio,passive_dropped_agent,2,s_artiste_artiste_drew_picture,5474,816.6,459.0,agent,1,exp_images/audio\PUNJABI\p_woa_picture.wav,IMG_07_P_PNA,exp_images/images/artiste_drew_picture.jpg,IMG_07,exp_images/sentences/Painting-woa.jpg,STIM_43,stimuli_list_subj_11_a.csv,PNA,passive_dropped_agent,non_agent_first,agent_dropped,1.0,1.0
edf11,32,Punjabi,sentence_audio,passive_dropped_agent,2,s_girl_girl_baked_cake,6456,882.5,386.8,agent,1,exp_images/audio\PUNJABI\p_woa_cake.wav,IMG_15_P_PNA,exp_images/images/girl_baked_cake.jpg,IMG_15,exp_images/sentences/Cake-woa.jpg,STIM_51,stimuli_list_subj_11_a.csv,PNA,passive_dropped_agent,non_agent_first,agent_dropped,1.0,1.0
edf11,34,English,sentence_audio,active,3,o_dog_girl_fed_dog,5602,947.2,588.2,object,0,exp_images/audio\ENGLISH\fed.wav,IMG_16_E_ACT,exp_images/images/girl_fed_dog.jpg,IMG_16,exp_images/sentences/active_girl_dog.jpg,STIM_70,stimuli_list_subj_11_a.csv,ACT,active,agent_first,agent_overt,0.0,
edf11,35,English,sentence_audio,active,2,s_boy_boy_cut_vegetables,6036,989.1,477.0,agent,1,exp_images/audio\ENGLISH\veg.wav,IMG_18_E_ACT,exp_images/images/boy_cut_vegetables.jpg,IMG_18,exp_images/sentences/active_boy_vegetables.jpg,STIM_72,stimuli_list_subj_11_a.csv,ACT,active,agent_first,agent_overt,0.0,
edf11,36,English,sentence_audio,active,3,s_boy_boy_broke_vase,5716,838.4,472.6,agent,1,exp_images/audio\ENGLISH\vase.wav,IMG_08_E_ACT,exp_images/images/boy_broke_vase.jpg,IMG_08,exp_images/sentences/active_boy_vase.jpg,STIM_62,stimuli_list_subj_11_a.csv,ACT,active,agent_first,agent_overt,0.0,
edf12,19,English,sentence_audio,passive_dropped_agent,2,s_woman_woman_read_letter,6560,951.3,371.4,agent,1,exp_images/audio\ENGLISH\p_woa_letter.wav,IMG_17_E_PNA,exp_images/images/women_read_letter.jpg,IMG_17,exp_images/sentences/noagent_women_letter.jpg,STIM_107,stimuli_list_subj_12_a.csv,PNA,passive_dropped_agent,non_agent_first,agent_dropped,1.0,1.0
edf12,20,English,sentence_audio,passive_dropped_agent,2,s_boy_boy_filled_bucket,5742,1003.0,413.4,agent,1,exp_images/audio\ENGLISH\p_woa_bucket.wav,IMG_09_E_PNA,exp_images/images/boy_filled_bucket.jpg,IMG_09,exp_images/sentences/noagent_boy_bucket.jpg,STIM_99,stimuli_list_subj_12_a.csv,PNA,passive_dropped_agent,non_agent_first,agent_dropped,1.0,1.0
edf12,21,English,sentence_audio,passive_dropped_agent,2,s_woman_woman_folded_clothes,6182,973.3,374.9,agent,1,exp_images/audio\ENGLISH\p_woa_clothes.wav,IMG_06_E_PNA,exp_images/images/women_fold_clothes.jpg,IMG_06,exp_images/sentences/noagent_woman_clothes.jpg,STIM_96,stimuli_list_subj_12_a.csv,PNA,passive_dropped_agent,non_agent_first,agent_dropped,1.0,1.0
edf12,22,Punjabi,sentence_audio,active,2,s_boy_boy_opened_door,6384,851.7,449.8,agent,1,exp_images/audio\PUNJABI\door.wav,IMG_10_P_ACT,exp_images/images/boy_opened_door.jpg,IMG_10,exp_images/sentences/Closed-door.jpg,STIM_10,stimuli_list_subj_12_a.csv,ACT,active,agent_first,agent_overt,0.0,
edf12,23,Punjabi,sentence_audio,active,2,s_girl_girl_lit_lamp,5636,973.6,384.7,agent,1,exp_images/audio\PUNJABI\lamp.wav,IMG_01_P_ACT,exp_images/images/girl_lighted_lamp.jpg,IMG_01,exp_images/sentences/Lamp.jpg,STIM_01,stimuli_list_subj_12_a.csv,ACT,active,agent_first,agent_overt,0.0,
edf12,24,Punjabi,sentence_audio,active,2,s_driver_driver_wash_scooter,6272,756.4,300.7,agent,1,exp_images/audio\PUNJABI\scooter.wav,IMG_14_P_ACT,exp_images/images/driver_wash_scooter.jpg,IMG_14,exp_images/sentences/Washed-scooter.jpg,STIM_14,stimuli_list_subj_12_a.csv,ACT,active,agent_first,agent_overt,0.0,
edf12,25,Punjabi,sentence_audio,passive,2,s_man_man_pushed_box,5592,963.3,533.6,agent,1,exp_images/audio\PUNJABI\p_box.wav,IMG_05_P_PWA,exp_images/images/man_pushed_box.jpg,IMG_05,exp_images/sentences/Pushed-box-passive.jpg,STIM_23,stimuli_list_subj_12_a.csv,PWA,passive_with_agent,non_agent_first,agent_overt,1.0,0.0
edf12,26,Punjabi,sentence_audio,passive,3,o_tree_girl_plant_tree,6424,628.5,501.1,object,0,exp_images/audio\PUNJABI\p_sapling.wav,IMG_03_P_PWA,exp_images/images/girl_plant_tree.jpg,IMG_03,exp_images/sentences/Sapling-passive.jpg,STIM_21,stimuli_list_subj_12_a.csv,PWA,passive_with_agent,non_agent_first,agent_overt,1.0,0.0
edf12,27,Punjabi,sentence_audio,passive,2,o_shrub_man_cut_shrub,5728,819.0,529.6,object,0,exp_images/audio\PUNJABI\p_shrub.wav,IMG_04_P_PWA,exp_images/images/man_cut_shrub.jpg,IMG_04,exp_images/sentences/Shrub-passive.jpg,STIM_22,stimuli_list_subj_12_a.csv,PWA,passive_with_agent,non_agent_first,agent_overt,1.0,0.0
edf12,28,Punjabi,sentence_audio,passive_dropped_agent,2,s_dog_dog_dug_hole,5324,967.0,541.9,agent,1,exp_images/audio\PUNJABI\p_woa_dug.wav,IMG_13_P_PNA,exp_images/images/dog_dug_hole.jpg,IMG_13,exp_images/sentences/Dog-dug-woa.jpg,STIM_49,stimuli_list_subj_12_a.csv,PNA,passive_dropped_agent,non_agent_first,agent_dropped,1.0,1.0
edf12,29,Punjabi,sentence_audio,passive_dropped_agent,2,s_child_child_throw_frisbee,6254,1071.2,347.3,agent,1,exp_images/audio\PUNJABI\p_woa_frisbee.wav,IMG_12_P_PNA,exp_images/images/child_throw_frisbee.jpg,IMG_12,exp_images/sentences/Frisbee-woa.jpg,STIM_48,stimuli_list_subj_12_a.csv,PNA,passive_dropped_agent,non_agent_first,agent_dropped,1.0,1.0
edf12,30,Punjabi,sentence_audio,passive_dropped_agent,2,o_tabla_child_play_tabla,6072,878.6,514.1,object,0,exp_images/audio\PUNJABI\p_woa_tabla.wav,IMG_11_P_PNA,exp_images/images/child_play_tabla.jpg,IMG_11,exp_images/sentences/Tabla-woa.jpg,STIM_47,stimuli_list_subj_12_a.csv,PNA,passive_dropped_agent,non_agent_first,agent_dropped,1.0,1.0
edf12,31,English,sentence_audio,active,3,o_picture_artiste_drew_picture,6264,1061.6,391.5,object,0,exp_images/audio\ENGLISH\picture.wav,IMG_07_E_ACT,exp_images/images/artiste_drew_picture.jpg,IMG_07,exp_images/sentences/active_artist_picture.jpg,STIM_61,stimuli_list_subj_12_a.csv,ACT,active,agent_first,agent_overt,0.0,
edf12,32,English,sentence_audio,active,2,s_girl_girl_baked_cake,6236,857.2,292.5,agent,1,exp_images/audio\ENGLISH\cake.wav,IMG_15_E_ACT,exp_images/images/girl_baked_cake.jpg,IMG_15,exp_images/sentences/active_girl_cake.jpg,STIM_69,stimuli_list_subj_12_a.csv,ACT,active,agent_first,agent_overt,0.0,
edf12,33,English,sentence_audio,active,2,s_girl_girl_opened_window,5802,863.6,440.7,agent,1,exp_images/audio\ENGLISH\window.wav,IMG_02_E_ACT,exp_images/images/girl_opened_window.jpg,IMG_02,exp_images/sentences/active_girl_window.jpg,STIM_56,stimuli_list_subj_12_a.csv,ACT,active,agent_first,agent_overt,0.0,
edf12,34,English,sentence_audio,passive,2,o_dog_girl_fed_dog,5808,933.9,630.0,object,0,exp_images/audio\ENGLISH\p_fed.wav,IMG_16_E_PWA,exp_images/images/girl_fed_dog.jpg,IMG_16,exp_images/sentences/passive_girl_dog.jpg,STIM_88,stimuli_list_subj_12_a.csv,PWA,passive_with_agent,non_agent_first,agent_overt,1.0,0.0
edf12,35,English,sentence_audio,passive,2,o_veg_boy_cut_vegetables,5822,877.1,824.6,object,0,exp_images/audio\ENGLISH\p_veg.wav,IMG_18_E_PWA,exp_images/images/boy_cut_vegetables.jpg,IMG_18,exp_images/sentences/passive_boy_vegetables.jpg,STIM_90,stimuli_list_subj_12_a.csv,PWA,passive_with_agent,non_agent_first,agent_overt,1.0,0.0
edf12,36,English,sentence_audio,passive,2,o_vase_boy_broke_vase,5844,887.5,501.9,object,0,exp_images/audio\ENGLISH\p_vase.wav,IMG_08_E_PWA,exp_images/images/boy_broke_vase.jpg,IMG_08,exp_images/sentences/passive_boy_vase.jpg,STIM_80,stimuli_list_subj_12_a.csv,PWA,passive_with_agent,non_agent_first,agent_overt,1.0,0.0
edf13,19,Punjabi,sentence_audio,active,2,o_tabla_child_play_tabla,5684,776.8,590.4,object,0,exp_images/audio\PUNJABI\tabla.wav,IMG_11_P_ACT,exp_images/images/child_play_tabla.jpg,IMG_11,exp_images/sentences/Tabla.jpg,STIM_11,stimuli_list_subj_1_b.csv,ACT,active,agent_first,agent_overt,0.0,
edf13,20,Punjabi,sentence_audio,active,2,s_boy_boy_opened_door,6024,878.4,463.5,agent,1,exp_images/audio\PUNJABI\door.wav,IMG_10_P_ACT,exp_images/images/boy_opened_door.jpg,IMG_10,exp_images/sentences/Closed-door.jpg,STIM_10,stimuli_list_subj_1_b.csv,ACT,active,agent_first,agent_overt,0.0,
edf13,21,Punjabi,sentence_audio,active,2,o_bucket_boy_filled_bucket,6290,893.7,544.5,object,0,exp_images/audio\PUNJABI\bucket.wav,IMG_09_P_ACT,exp_images/images/boy_filled_bucket.jpg,IMG_09,exp_images/sentences/Bucket.jpg,STIM_09,stimuli_list_subj_1_b.csv,ACT,active,agent_first,agent_overt,0.0,
edf13,22,Punjabi,sentence_audio,passive,2,o_dog_girl_fed_dog,5878,947.2,725.0,object,0,exp_images/audio\PUNJABI\p_fed.wav,IMG_16_P_PWA,exp_images/images/girl_fed_dog.jpg,IMG_16,exp_images/sentences/Fed-dog-passive.jpg,STIM_34,stimuli_list_subj_1_b.csv,PWA,passive_with_agent,non_agent_first,agent_overt,1.0,0.0
edf13,23,Punjabi,sentence_audio,passive,2,s_driver_driver_wash_scooter,6164,797.1,439.5,agent,1,exp_images/audio\PUNJABI\p_scooter.wav,IMG_14_P_PWA,exp_images/images/driver_wash_scooter.jpg,IMG_14,exp_images/sentences/Washed-scooter-passive.jpg,STIM_32,stimuli_list_subj_1_b.csv,PWA,passive_with_agent,non_agent_first,agent_overt,1.0,0.0
edf13,24,Punjabi,sentence_audio,passive,2,o_picture_artiste_drew_picture,5860,1054.5,476.3,object,0,exp_images/audio\PUNJABI\p_picture.wav,IMG_07_P_PWA,exp_images/images/artiste_drew_picture.jpg,IMG_07,exp_images/sentences/Painting-passive.jpg,STIM_25,stimuli_list_subj_1_b.csv,PWA,passive_with_agent,non_agent_first,agent_overt,1.0,0.0
edf13,25,Punjabi,sentence_audio,passive_dropped_agent,2,o_tree_girl_plant_tree,6044,678.9,539.0,object,0,exp_images/audio\PUNJABI\p_woa_sapling.wav,IMG_03_P_PNA,exp_images/images/girl_plant_tree.jpg,IMG_03,exp_images/sentences/Sapling-woa.jpg,STIM_39,stimuli_list_subj_1_b.csv,PNA,passive_dropped_agent,non_agent_first,agent_dropped,1.0,1.0
edf13,26,Punjabi,sentence_audio,passive_dropped_agent,2,s_child_child_throw_frisbee,5890,1046.4,431.9,agent,1,exp_images/audio\PUNJABI\p_woa_frisbee.wav,IMG_12_P_PNA,exp_images/images/child_throw_frisbee.jpg,IMG_12,exp_images/sentences/Frisbee-woa.jpg,STIM_48,stimuli_list_subj_1_b.csv,PNA,passive_dropped_agent,non_agent_first,agent_dropped,1.0,1.0
edf13,27,Punjabi,sentence_audio,passive_dropped_agent,2,s_boy_boy_broke_vase,6334,800.4,441.9,agent,1,exp_images/audio\PUNJABI\p_woa_vase.wav,IMG_08_P_PNA,exp_images/images/boy_broke_vase.jpg,IMG_08,exp_images/sentences/Vase-woa.jpg,STIM_44,stimuli_list_subj_1_b.csv,PNA,passive_dropped_agent,non_agent_first,agent_dropped,1.0,1.0
edf13,28,English,sentence_audio,active,2,o_box_man_pushed_box,6578,1101.1,444.4,object,0,exp_images/audio\ENGLISH\box.wav,IMG_05_E_ACT,exp_images/images/man_pushed_box.jpg,IMG_05,exp_images/sentences/active_man_box.jpg,STIM_59,stimuli_list_subj_1_b.csv,ACT,active,agent_first,agent_overt,0.0,
edf13,29,English,sentence_audio,active,2,o_shrub_man_cut_shrub,5588,787.5,513.0,object,0,exp_images/audio\ENGLISH\shrub.wav,IMG_04_E_ACT,exp_images/images/man_cut_shrub.jpg,IMG_04,exp_images/sentences/active_man_shrub.jpg,STIM_58,stimuli_list_subj_1_b.csv,ACT,active,agent_first,agent_overt,0.0,
edf13,30,English,sentence_audio,active,2,o_window_girl_opened_window,6426,1121.8,352.8,object,0,exp_images/audio\ENGLISH\window.wav,IMG_02_E_ACT,exp_images/images/girl_opened_window.jpg,IMG_02,exp_images/sentences/active_girl_window.jpg,STIM_56,stimuli_list_subj_1_b.csv,ACT,active,agent_first,agent_overt,0.0,
edf13,31,English,sentence_audio,passive,2,o_hole_dog_dug_hole,5800,967.4,747.6,object,0,exp_images/audio\ENGLISH\p_dug.wav,IMG_13_E_PWA,exp_images/images/dog_dug_hole.jpg,IMG_13,exp_images/sentences/passive_dog_hole.jpg,STIM_85,stimuli_list_subj_1_b.csv,PWA,passive_with_agent,non_agent_first,agent_overt,1.0,0.0
edf13,32,English,sentence_audio,passive,2,o_veg_boy_cut_vegetables,5484,921.1,794.6,object,0,exp_images/audio\ENGLISH\p_veg.wav,IMG_18_E_PWA,exp_images/images/boy_cut_vegetables.jpg,IMG_18,exp_images/sentences/passive_boy_vegetables.jpg,STIM_90,stimuli_list_subj_1_b.csv,PWA,passive_with_agent,non_agent_first,agent_overt,1.0,0.0
edf13,35,English,sentence_audio,passive_dropped_agent,2,s_woman_woman_read_letter,6288,972.3,437.7,agent,1,exp_images/audio\ENGLISH\p_woa_letter.wav,IMG_17_E_PNA,exp_images/images/women_read_letter.jpg,IMG_17,exp_images/sentences/noagent_women_letter.jpg,STIM_107,stimuli_list_subj_1_b.csv,PNA,passive_dropped_agent,non_agent_first,agent_dropped,1.0,1.0
edf13,36,English,sentence_audio,passive_dropped_agent,2,s_girl_girl_lit_lamp,5418,1022.3,378.9,agent,1,exp_images/audio\ENGLISH\p_woa_lamp.wav,IMG_01_E_PNA,exp_images/images/girl_lighted_lamp.jpg,IMG_01,exp_images/sentences/noagent_girl_lamp.jpg,STIM_91,stimuli_list_subj_1_b.csv,PNA,passive_dropped_agent,non_agent_first,agent_dropped,1.0,1.0
edf14,19,Punjabi,sentence_audio,passive,2,s_child_child_play_tabla,6186,983.6,346.2,agent,1,exp_images/audio\PUNJABI\p_tabla.wav,IMG_11_P_PWA,exp_images/images/child_play_tabla.jpg,IMG_11,exp_images/sentences/Tabla-passive.jpg,STIM_29,stimuli_list_subj_2_b.csv,PWA,passive_with_agent,non_agent_first,agent_overt,1.0,0.0
edf14,20,Punjabi,sentence_audio,passive,2,o_door_boy_opened_door,6094,964.6,505.5,object,0,exp_images/audio\PUNJABI\p_door.wav,IMG_10_P_PWA,exp_images/images/boy_opened_door.jpg,IMG_10,exp_images/sentences/Closed-door-passive.jpg,STIM_28,stimuli_list_subj_2_b.csv,PWA,passive_with_agent,non_agent_first,agent_overt,1.0,0.0
edf14,21,Punjabi,sentence_audio,passive,2,o_bucket_boy_filled_bucket,5704,920.2,596.7,object,0,exp_images/audio\PUNJABI\p_bucket.wav,IMG_09_P_PWA,exp_images/images/boy_filled_bucket.jpg,IMG_09,exp_images/sentences/Bucket-passive.jpg,STIM_27,stimuli_list_subj_2_b.csv,PWA,passive_with_agent,non_agent_first,agent_overt,1.0,0.0
edf14,22,Punjabi,sentence_audio,passive_dropped_agent,2,o_dog_girl_fed_dog,6286,964.4,704.3,object,0,exp_images/audio\PUNJABI\p_woa_fed.wav,IMG_16_P_PNA,exp_images/images/girl_fed_dog.jpg,IMG_16,exp_images/sentences/Fed-dog-woa.jpg,STIM_52,stimuli_list_subj_2_b.csv,PNA,passive_dropped_agent,non_agent_first,agent_dropped,1.0,1.0
edf14,23,Punjabi,sentence_audio,passive_dropped_agent,2,o_scooter_driver_wash_scooter,5654,1000.9,587.2,object,0,exp_images/audio\PUNJABI\p_woa_scooter.wav,IMG_14_P_PNA,exp_images/images/driver_wash_scooter.jpg,IMG_14,exp_images/sentences/Washed-scooter-woa.jpg,STIM_50,stimuli_list_subj_2_b.csv,PNA,passive_dropped_agent,non_agent_first,agent_dropped,1.0,1.0
edf14,24,Punjabi,sentence_audio,passive_dropped_agent,2,o_picture_artiste_drew_picture,5560,1048.9,505.7,object,0,exp_images/audio\PUNJABI\p_woa_picture.wav,IMG_07_P_PNA,exp_images/images/artiste_drew_picture.jpg,IMG_07,exp_images/sentences/Painting-woa.jpg,STIM_43,stimuli_list_subj_2_b.csv,PNA,passive_dropped_agent,non_agent_first,agent_dropped,1.0,1.0
edf14,25,English,sentence_audio,active,2,o_tree_girl_plant_tree,6264,798.1,680.8,object,0,exp_images/audio\ENGLISH\sapling.wav,IMG_03_E_ACT,exp_images/images/girl_plant_tree.jpg,IMG_03,exp_images/sentences/active_girl_sapling.jpg,STIM_57,stimuli_list_subj_2_b.csv,ACT,active,agent_first,agent_overt,0.0,
edf14,26,English,sentence_audio,active,2,o_frisbee_child_throw_frisbee,5628,798.5,344.7,object,0,exp_images/audio\ENGLISH\frisbee.wav,IMG_12_E_ACT,exp_images/images/child_throw_frisbee.jpg,IMG_12,exp_images/sentences/active_child_frisbee.jpg,STIM_66,stimuli_list_subj_2_b.csv,ACT,active,agent_first,agent_overt,0.0,
edf14,27,English,sentence_audio,active,2,s_boy_boy_broke_vase,5488,778.9,437.0,agent,1,exp_images/audio\ENGLISH\vase.wav,IMG_08_E_ACT,exp_images/images/boy_broke_vase.jpg,IMG_08,exp_images/sentences/active_boy_vase.jpg,STIM_62,stimuli_list_subj_2_b.csv,ACT,active,agent_first,agent_overt,0.0,
edf14,28,English,sentence_audio,passive,2,s_man_man_pushed_box,5836,923.6,370.2,agent,1,exp_images/audio\ENGLISH\p_box.wav,IMG_05_E_PWA,exp_images/images/man_pushed_box.jpg,IMG_05,exp_images/sentences/passive_man_box.jpg,STIM_77,stimuli_list_subj_2_b.csv,PWA,passive_with_agent,non_agent_first,agent_overt,1.0,0.0
edf14,29,English,sentence_audio,passive,2,o_shrub_man_cut_shrub,5698,769.7,466.9,object,0,exp_images/audio\ENGLISH\p_shrub.wav,IMG_04_E_PWA,exp_images/images/man_cut_shrub.jpg,IMG_04,exp_images/sentences/passive_man_shrub.jpg,STIM_76,stimuli_list_subj_2_b.csv,PWA,passive_with_agent,non_agent_first,agent_overt,1.0,0.0
edf14,30,English,sentence_audio,passive,2,s_girl_girl_opened_window,5436,859.4,493.5,agent,1,exp_images/audio\ENGLISH\p_window.wav,IMG_02_E_PWA,exp_images/images/girl_opened_window.jpg,IMG_02,exp_images/sentences/passive_girl_window.jpg,STIM_74,stimuli_list_subj_2_b.csv,PWA,passive_with_agent,non_agent_first,agent_overt,1.0,0.0
edf14,31,English,sentence_audio,passive_dropped_agent,2,s_dog_dog_dug_hole,5734,864.6,552.3,agent,1,exp_images/audio\ENGLISH\p_woa_dug.wav,IMG_13_E_PNA,exp_images/images/dog_dug_hole.jpg,IMG_13,exp_images/sentences/noagent_dog_hole.jpg,STIM_103,stimuli_list_subj_2_b.csv,PNA,passive_dropped_agent,non_agent_first,agent_dropped,1.0,1.0
edf14,32,English,sentence_audio,passive_dropped_agent,2,o_veg_boy_cut_vegetables,5516,895.8,792.8,object,0,exp_images/audio\ENGLISH\p_woa_veg.wav,IMG_18_E_PNA,exp_images/images/boy_cut_vegetables.jpg,IMG_18,exp_images/sentences/noagent_boy_vegetables.jpg,STIM_108,stimuli_list_subj_2_b.csv,PNA,passive_dropped_agent,non_agent_first,agent_dropped,1.0,1.0
edf14,33,English,sentence_audio,passive_dropped_agent,2,o_cake_girl_baked_cake,5830,980.8,561.1,object,0,exp_images/audio\ENGLISH\p_woa_cake.wav,IMG_15_E_PNA,exp_images/images/girl_baked_cake.jpg,IMG_15,exp_images/sentences/noagent_girl_cake.jpg,STIM_105,stimuli_list_subj_2_b.csv,PNA,passive_dropped_agent,non_agent_first,agent_dropped,1.0,1.0
edf14,34,Punjabi,sentence_audio,active,2,o_clothes_woman_folded_clothes,5702,884.1,551.6,object,0,exp_images/audio\PUNJABI\clothes.wav,IMG_06_P_ACT,exp_images/images/women_fold_clothes.jpg,IMG_06,exp_images/sentences/Folded-clothes.jpg,STIM_06,stimuli_list_subj_2_b.csv,ACT,active,agent_first,agent_overt,0.0,
edf14,35,Punjabi,sentence_audio,active,2,o_letter_woman_read_letter,5596,1036.4,620.9,object,0,exp_images/audio\PUNJABI\letter.wav,IMG_17_P_ACT,exp_images/images/women_read_letter.jpg,IMG_17,exp_images/sentences/Letter.jpg,STIM_17,stimuli_list_subj_2_b.csv,ACT,active,agent_first,agent_overt,0.0,
edf14,36,Punjabi,sentence_audio,active,2,o_lamp_girl_light_lamp,5482,766.7,566.6,object,0,exp_images/audio\PUNJABI\lamp.wav,IMG_01_P_ACT,exp_images/images/girl_lighted_lamp.jpg,IMG_01,exp_images/sentences/Lamp.jpg,STIM_01,stimuli_list_subj_2_b.csv,ACT,active,agent_first,agent_overt,0.0,
edf15,19,Punjabi,sentence_audio,passive_dropped_agent,2,o_tabla_child_play_tabla,6256,794.3,566.1,object,0,exp_images/audio\PUNJABI\p_woa_tabla.wav,IMG_11_P_PNA,exp_images/images/child_play_tabla.jpg,IMG_11,exp_images/sentences/Tabla-woa.jpg,STIM_47,stimuli_list_subj_3_b.csv,PNA,passive_dropped_agent,non_agent_first,agent_dropped,1.0,1.0
edf15,20,Punjabi,sentence_audio,passive_dropped_agent,2,o_door_boy_opened_door,5748,1001.8,413.0,object,0,exp_images/audio\PUNJABI\p_woa_door.wav,IMG_10_P_PNA,exp_images/images/boy_opened_door.jpg,IMG_10,exp_images/sentences/Closed-door-woa.jpg,STIM_46,stimuli_list_subj_3_b.csv,PNA,passive_dropped_agent,non_agent_first,agent_dropped,1.0,1.0
edf15,21,Punjabi,sentence_audio,passive_dropped_agent,2,s_boy_boy_filled_bucket,6570,1038.2,304.3,agent,1,exp_images/audio\PUNJABI\p_woa_tub.wav,IMG_09_P_PNA,exp_images/images/boy_filled_bucket.jpg,IMG_09,exp_images/sentences/Bucket-woa.jpg,STIM_45,stimuli_list_subj_3_b.csv,PNA,passive_dropped_agent,non_agent_first,agent_dropped,1.0,1.0
edf15,22,English,sentence_audio,active,2,o_dog_girl_fed_dog,5866,927.1,687.1,object,0,exp_images/audio\ENGLISH\fed.wav,IMG_16_E_ACT,exp_images/images/girl_fed_dog.jpg,IMG_16,exp_images/sentences/active_girl_dog.jpg,STIM_70,stimuli_list_subj_3_b.csv,ACT,active,agent_first,agent_overt,0.0,
edf15,23,English,sentence_audio,active,2,o_scooter_driver_wash_scooter,6194,1002.0,462.9,object,0,exp_images/audio\ENGLISH\scooter.wav,IMG_14_E_ACT,exp_images/images/driver_wash_scooter.jpg,IMG_14,exp_images/sentences/active_driver_scooter.jpg,STIM_68,stimuli_list_subj_3_b.csv,ACT,active,agent_first,agent_overt,0.0,
edf15,24,English,sentence_audio,active,2,o_picture_artiste_drew_picture,5448,1051.7,425.6,object,0,exp_images/audio\ENGLISH\picture.wav,IMG_07_E_ACT,exp_images/images/artiste_drew_picture.jpg,IMG_07,exp_images/sentences/active_artist_picture.jpg,STIM_61,stimuli_list_subj_3_b.csv,ACT,active,agent_first,agent_overt,0.0,
edf15,25,English,sentence_audio,passive,2,o_tree_girl_plant_tree,5496,716.3,477.1,object,0,exp_images/audio\ENGLISH\p_sapling.wav,IMG_03_E_PWA,exp_images/images/girl_plant_tree.jpg,IMG_03,exp_images/sentences/passive_girl_sapling.jpg,STIM_75,stimuli_list_subj_3_b.csv,PWA,passive_with_agent,non_agent_first,agent_overt,1.0,0.0
edf15,26,English,sentence_audio,passive,2,s_child_child_throw_frisbee,5588,1049.4,340.2,agent,1,exp_images/audio\ENGLISH\p_frisbee.wav,IMG_12_E_PWA,exp_images/images/child_throw_frisbee.jpg,IMG_12,exp_images/sentences/passive_child_frisbee.jpg,STIM_84,stimuli_list_subj_3_b.csv,PWA,passive_with_agent,non_agent_first,agent_overt,1.0,0.0
edf15,27,English,sentence_audio,passive,2,o_vase_boy_broke_vase,6072,955.2,478.4,object,0,exp_images/audio\ENGLISH\p_vase.wav,IMG_08_E_PWA,exp_images/images/boy_broke_vase.jpg,IMG_08,exp_images/sentences/passive_boy_vase.jpg,STIM_80,stimuli_list_subj_3_b.csv,PWA,passive_with_agent,non_agent_first,agent_overt,1.0,0.0
edf15,28,English,sentence_audio,passive_dropped_agent,2,o_box_man_pushed_box,5870,1112.4,385.1,object,0,exp_images/audio\ENGLISH\p_woa_box.wav,IMG_05_E_PNA,exp_images/images/man_pushed_box.jpg,IMG_05,exp_images/sentences/noagent_man_box.jpg,STIM_95,stimuli_list_subj_3_b.csv,PNA,passive_dropped_agent,non_agent_first,agent_dropped,1.0,1.0
edf15,29,English,sentence_audio,passive_dropped_agent,2,o_shrub_man_cut_shrub,5644,848.4,375.8,object,0,exp_images/audio\ENGLISH\p_woa_shrub.wav,IMG_04_E_PNA,exp_images/images/man_cut_shrub.jpg,IMG_04,exp_images/sentences/noagent_man_shrub.jpg,STIM_94,stimuli_list_subj_3_b.csv,PNA,passive_dropped_agent,non_agent_first,agent_dropped,1.0,1.0
edf15,30,English,sentence_audio,passive_dropped_agent,2,s_girl_girl_opened_window,5998,935.1,383.2,agent,1,exp_images/audio\ENGLISH\p_woa_window.wav,IMG_02_E_PNA,exp_images/images/girl_opened_window.jpg,IMG_02,exp_images/sentences/noagent_girl_window.jpg,STIM_92,stimuli_list_subj_3_b.csv,PNA,passive_dropped_agent,non_agent_first,agent_dropped,1.0,1.0
edf15,31,Punjabi,sentence_audio,active,2,s_dog_dog_dug_hole,5810,882.0,550.1,agent,1,exp_images/audio\PUNJABI\dug.wav,IMG_13_P_ACT,exp_images/images/dog_dug_hole.jpg,IMG_13,exp_images/sentences/Dog-dug.jpg,STIM_13,stimuli_list_subj_3_b.csv,ACT,active,agent_first,agent_overt,0.0,
edf15,32,Punjabi,sentence_audio,active,2,o_veg_boy_cut_vegetables,5662,922.7,736.6,object,0,exp_images/audio\PUNJABI\veg.wav,IMG_18_P_ACT,exp_images/images/boy_cut_vegetables.jpg,IMG_18,exp_images/sentences/Veg.jpg,STIM_18,stimuli_list_subj_3_b.csv,ACT,active,agent_first,agent_overt,0.0,
edf15,33,Punjabi,sentence_audio,active,2,s_girl_girl_baked_cake,5922,878.5,364.2,agent,1,exp_images/audio\PUNJABI\cake.wav,IMG_15_P_ACT,exp_images/images/girl_baked_cake.jpg,IMG_15,exp_images/sentences/Cake.jpg,STIM_15,stimuli_list_subj_3_b.csv,ACT,active,agent_first,agent_overt,0.0,
edf15,34,Punjabi,sentence_audio,passive,2,o_clothes_woman_folded_clothes,5808,898.3,629.1,object,0,exp_images/audio\PUNJABI\p_clothes.wav,IMG_06_P_PWA,exp_images/images/women_fold_clothes.jpg,IMG_06,exp_images/sentences/Folded-clothes-passive.jpg,STIM_24,stimuli_list_subj_3_b.csv,PWA,passive_with_agent,non_agent_first,agent_overt,1.0,0.0
edf15,35,Punjabi,sentence_audio,passive,2,o_letter_woman_read_letter,6064,1021.4,586.4,object,0,exp_images/audio\PUNJABI\p_letter.wav,IMG_17_P_PWA,exp_images/images/women_read_letter.jpg,IMG_17,exp_images/sentences/Letter-passive.jpg,STIM_35,stimuli_list_subj_3_b.csv,PWA,passive_with_agent,non_agent_first,agent_overt,1.0,0.0
edf15,36,Punjabi,sentence_audio,passive,2,o_lamp_girl_light_lamp,6002,753.8,506.6,object,0,exp_images/audio\PUNJABI\p_lamp.wav,IMG_01_P_PWA,exp_images/images/girl_lighted_lamp.jpg,IMG_01,exp_images/sentences/Lamp-passive.jpg,STIM_19,stimuli_list_subj_3_b.csv,PWA,passive_with_agent,non_agent_first,agent_overt,1.0,0.0
edf16,19,English,sentence_audio,active,2,o_tabla_child_play_tabla,5490,826.0,577.7,object,0,exp_images/audio\ENGLISH\tabla.wav,IMG_11_E_ACT,exp_images/images/child_play_tabla.jpg,IMG_11,exp_images/sentences/active_child_tabla.jpg,STIM_65,stimuli_list_subj_4_b.csv,ACT,active,agent_first,agent_overt,0.0,
edf16,20,English,sentence_audio,active,2,o_door_boy_opened_door,5670,956.7,461.1,object,0,exp_images/audio\ENGLISH\door.wav,IMG_10_E_ACT,exp_images/images/boy_opened_door.jpg,IMG_10,exp_images/sentences/active_boy_door.jpg,STIM_64,stimuli_list_subj_4_b.csv,ACT,active,agent_first,agent_overt,0.0,
edf16,21,English,sentence_audio,active,2,o_bucket_boy_filled_bucket,10644,964.7,546.9,object,0,exp_images/audio\ENGLISH\bucket.wav,IMG_09_E_ACT,exp_images/images/boy_filled_bucket.jpg,IMG_09,exp_images/sentences/active_boy_bucket.jpg,STIM_63,stimuli_list_subj_4_b.csv,ACT,active,agent_first,agent_overt,0.0,
edf16,22,English,sentence_audio,passive,2,o_dog_girl_fed_dog,6056,985.5,631.6,object,0,exp_images/audio\ENGLISH\p_fed.wav,IMG_16_E_PWA,exp_images/images/girl_fed_dog.jpg,IMG_16,exp_images/sentences/passive_girl_dog.jpg,STIM_88,stimuli_list_subj_4_b.csv,PWA,passive_with_agent,non_agent_first,agent_overt,1.0,0.0
edf16,23,English,sentence_audio,passive,2,o_scooter_driver_wash_scooter,5758,999.3,418.4,object,0,exp_images/audio\ENGLISH\p_scooter.wav,IMG_14_E_PWA,exp_images/images/driver_wash_scooter.jpg,IMG_14,exp_images/sentences/passive_driver_scooter.jpg,STIM_86,stimuli_list_subj_4_b.csv,PWA,passive_with_agent,non_agent_first,agent_overt,1.0,0.0
edf16,24,English,sentence_audio,passive,2,o_picture_artiste_drew_picture,6282,1008.3,490.4,object,0,exp_images/audio\ENGLISH\p_artist.wav,IMG_07_E_PWA,exp_images/images/artiste_drew_picture.jpg,IMG_07,exp_images/sentences/passive_artist_picture.jpg,STIM_79,stimuli_list_subj_4_b.csv,PWA,passive_with_agent,non_agent_first,agent_overt,1.0,0.0
edf16,25,English,sentence_audio,passive_dropped_agent,2,o_tree_girl_plant_tree,6560,643.9,584.1,object,0,exp_images/audio\ENGLISH\p_woa_sapling.wav,IMG_03_E_PNA,exp_images/images/girl_plant_tree.jpg,IMG_03,exp_images/sentences/noagent_girl_sapling.jpg,STIM_93,stimuli_list_subj_4_b.csv,PNA,passive_dropped_agent,non_agent_first,agent_dropped,1.0,1.0
edf16,26,English,sentence_audio,passive_dropped_agent,2,s_child_child_throw_frisbee,6586,1073.5,331.1,agent,1,exp_images/audio\ENGLISH\p_woa_frisbee.wav,IMG_12_E_PNA,exp_images/images/child_throw_frisbee.jpg,IMG_12,exp_images/sentences/noagent_child_frisbee.jpg,STIM_102,stimuli_list_subj_4_b.csv,PNA,passive_dropped_agent,non_agent_first,agent_dropped,1.0,1.0
edf16,27,English,sentence_audio,passive_dropped_agent,2,o_vase_boy_broke_vase,7488,904.1,486.0,object,0,exp_images/audio\ENGLISH\p_woa_vase.wav,IMG_08_E_PNA,exp_images/images/boy_broke_vase.jpg,IMG_08,exp_images/sentences/noagent_boy_vase.jpg,STIM_98,stimuli_list_subj_4_b.csv,PNA,passive_dropped_agent,non_agent_first,agent_dropped,1.0,1.0
edf16,28,Punjabi,sentence_audio,active,2,o_box_man_pushed_box,6556,1116.3,438.9,object,0,exp_images/audio\PUNJABI\box.wav,IMG_05_P_ACT,exp_images/images/man_pushed_box.jpg,IMG_05,exp_images/sentences/Pushed-box.jpg,STIM_05,stimuli_list_subj_4_b.csv,ACT,active,agent_first,agent_overt,0.0,
edf16,29,Punjabi,sentence_audio,active,2,o_shrub_man_cut_shrub,5460,838.9,388.5,object,0,exp_images/audio\PUNJABI\shrub.wav,IMG_04_P_ACT,exp_images/images/man_cut_shrub.jpg,IMG_04,exp_images/sentences/Shrub.jpg,STIM_04,stimuli_list_subj_4_b.csv,ACT,active,agent_first,agent_overt,0.0,
edf16,30,Punjabi,sentence_audio,active,2,o_window_girl_opened_window,6314,1029.3,403.2,object,0,exp_images/audio\PUNJABI\window.wav,IMG_02_P_ACT,exp_images/images/girl_opened_window.jpg,IMG_02,exp_images/sentences/Window.jpg,STIM_02,stimuli_list_subj_4_b.csv,ACT,active,agent_first,agent_overt,0.0,
edf16,31,Punjabi,sentence_audio,passive,2,s_dog_dog_dug_hole,5462,902.3,551.2,agent,1,exp_images/audio\PUNJABI\p_dug.wav,IMG_13_P_PWA,exp_images/images/dog_dug_hole.jpg,IMG_13,exp_images/sentences/Dog-dug-passive.jpg,STIM_31,stimuli_list_subj_4_b.csv,PWA,passive_with_agent,non_agent_first,agent_overt,1.0,0.0
edf16,32,Punjabi,sentence_audio,passive,2,s_boy_boy_cut_vegetables,6072,964.8,326.7,agent,1,exp_images/audio\PUNJABI\p_veg.wav,IMG_18_P_PWA,exp_images/images/boy_cut_vegetables.jpg,IMG_18,exp_images/sentences/Veg-passive.jpg,STIM_36,stimuli_list_subj_4_b.csv,PWA,passive_with_agent,non_agent_first,agent_overt,1.0,0.0
edf16,33,Punjabi,sentence_audio,passive,2,s_girl_girl_baked_cake,6018,918.3,334.5,agent,1,exp_images/audio\PUNJABI\p_cake.wav,IMG_15_P_PWA,exp_images/images/girl_baked_cake.jpg,IMG_15,exp_images/sentences/Cake-passive.jpg,STIM_33,stimuli_list_subj_4_b.csv,PWA,passive_with_agent,non_agent_first,agent_overt,1.0,0.0
edf16,34,Punjabi,sentence_audio,passive_dropped_agent,2,s_woman_woman_folded_clothes,5920,982.9,307.4,agent,1,exp_images/audio\PUNJABI\p_woa_clothes.wav,IMG_06_P_PNA,exp_images/images/women_fold_clothes.jpg,IMG_06,exp_images/sentences/Folded-clothes-woa.jpg,STIM_42,stimuli_list_subj_4_b.csv,PNA,passive_dropped_agent,non_agent_first,agent_dropped,1.0,1.0
edf16,35,Punjabi,sentence_audio,passive_dropped_agent,2,s_woman_woman_read_letter,6136,968.1,350.8,agent,1,exp_images/audio\PUNJABI\p_woa_letter.wav,IMG_17_P_PNA,exp_images/images/women_read_letter.jpg,IMG_17,exp_images/sentences/Letter-woa.jpg,STIM_53,stimuli_list_subj_4_b.csv,PNA,passive_dropped_agent,non_agent_first,agent_dropped,1.0,1.0
edf16,36,Punjabi,sentence_audio,passive_dropped_agent,2,o_lamp_girl_light_lamp,6124,807.9,511.6,object,0,exp_images/audio\PUNJABI\p_woa_lamp.wav,IMG_01_P_PNA,exp_images/images/girl_lighted_lamp.jpg,IMG_01,exp_images/sentences/Lamp-woa.jpg,STIM_37,stimuli_list_subj_4_b.csv,PNA,passive_dropped_agent,non_agent_first,agent_dropped,1.0,1.0
edf17,19,English,sentence_audio,passive,2,o_tabla_child_play_tabla,5616,787.1,567.1,object,0,exp_images/audio\ENGLISH\p_tabla.wav,IMG_11_E_PWA,exp_images/images/child_play_tabla.jpg,IMG_11,exp_images/sentences/passive_child_tabla.jpg,STIM_83,stimuli_list_subj_5_b.csv,PWA,passive_with_agent,non_agent_first,agent_overt,1.0,0.0
edf17,20,English,sentence_audio,passive,2,s_boy_boy_opened_door,6270,862.0,444.7,agent,1,exp_images/audio\ENGLISH\p_door.wav,IMG_10_E_PWA,exp_images/images/boy_opened_door.jpg,IMG_10,exp_images/sentences/passive_boy_door.jpg,STIM_82,stimuli_list_subj_5_b.csv,PWA,passive_with_agent,non_agent_first,agent_overt,1.0,0.0
edf17,21,English,sentence_audio,passive,2,s_boy_boy_filled_bucket,5994,1053.9,344.8,agent,1,exp_images/audio\ENGLISH\p_bucket.wav,IMG_09_E_PWA,exp_images/images/boy_filled_bucket.jpg,IMG_09,exp_images/sentences/passive_boy_bucket.jpg,STIM_81,stimuli_list_subj_5_b.csv,PWA,passive_with_agent,non_agent_first,agent_overt,1.0,0.0
edf17,22,English,sentence_audio,passive_dropped_agent,2,s_girl_girl_fed_dog,6410,793.9,394.3,agent,1,exp_images/audio\ENGLISH\p_woa_fed.wav,IMG_16_E_PNA,exp_images/images/girl_fed_dog.jpg,IMG_16,exp_images/sentences/noagent_girl_dog.jpg,STIM_106,stimuli_list_subj_5_b.csv,PNA,passive_dropped_agent,non_agent_first,agent_dropped,1.0,1.0
edf17,23,English,sentence_audio,passive_dropped_agent,2,o_scooter_driver_wash_scooter,5514,942.6,497.8,object,0,exp_images/audio\ENGLISH\p_woa_scooter.wav,IMG_14_E_PNA,exp_images/images/driver_wash_scooter.jpg,IMG_14,exp_images/sentences/noagent_driver_scooter.jpg,STIM_104,stimuli_list_subj_5_b.csv,PNA,passive_dropped_agent,non_agent_first,agent_dropped,1.0,1.0
edf17,24,English,sentence_audio,passive_dropped_agent,2,o_picture_artiste_drew_picture,5584,1031.7,467.2,object,0,exp_images/audio\ENGLISH\p_woa_draw.wav,IMG_07_E_PNA,exp_images/images/artiste_drew_picture.jpg,IMG_07,exp_images/sentences/noagent_artist_picture.jpg,STIM_97,stimuli_list_subj_5_b.csv,PNA,passive_dropped_agent,non_agent_first,agent_dropped,1.0,1.0
edf17,25,Punjabi,sentence_audio,active,2,o_tree_girl_plant_tree,6054,692.5,736.9,object,0,exp_images/audio\PUNJABI\sapling.wav,IMG_03_P_ACT,exp_images/images/girl_plant_tree.jpg,IMG_03,exp_images/sentences/Sapling.jpg,STIM_03,stimuli_list_subj_5_b.csv,ACT,active,agent_first,agent_overt,0.0,
edf17,26,Punjabi,sentence_audio,active,2,s_child_child_throw_frisbee,5728,1117.8,416.6,agent,1,exp_images/audio\PUNJABI\frisbee.wav,IMG_12_P_ACT,exp_images/images/child_throw_frisbee.jpg,IMG_12,exp_images/sentences/Frisbee.jpg,STIM_12,stimuli_list_subj_5_b.csv,ACT,active,agent_first,agent_overt,0.0,
edf17,27,Punjabi,sentence_audio,active,2,o_vase_boy_broke_vase,5474,900.9,506.8,object,0,exp_images/audio\PUNJABI\vase.wav,IMG_08_P_ACT,exp_images/images/boy_broke_vase.jpg,IMG_08,exp_images/sentences/Vase.jpg,STIM_08,stimuli_list_subj_5_b.csv,ACT,active,agent_first,agent_overt,0.0,
edf17,28,Punjabi,sentence_audio,passive,2,s_man_man_pushed_box,5822,824.8,482.8,agent,1,exp_images/audio\PUNJABI\p_box.wav,IMG_05_P_PWA,exp_images/images/man_pushed_box.jpg,IMG_05,exp_images/sentences/Pushed-box-passive.jpg,STIM_23,stimuli_list_subj_5_b.csv,PWA,passive_with_agent,non_agent_first,agent_overt,1.0,0.0
edf17,29,Punjabi,sentence_audio,passive,2,o_shrub_man_cut_shrub,6074,866.5,522.2,object,0,exp_images/audio\PUNJABI\p_shrub.wav,IMG_04_P_PWA,exp_images/images/man_cut_shrub.jpg,IMG_04,exp_images/sentences/Shrub-passive.jpg,STIM_22,stimuli_list_subj_5_b.csv,PWA,passive_with_agent,non_agent_first,agent_overt,1.0,0.0
edf17,30,Punjabi,sentence_audio,passive,2,s_girl_girl_opened_window,5442,874.3,482.0,agent,1,exp_images/audio\PUNJABI\p_window.wav,IMG_02_P_PWA,exp_images/images/girl_opened_window.jpg,IMG_02,exp_images/sentences/Window-passive.jpg,STIM_20,stimuli_list_subj_5_b.csv,PWA,passive_with_agent,non_agent_first,agent_overt,1.0,0.0
edf17,31,Punjabi,sentence_audio,passive_dropped_agent,2,o_hole_dog_dug_hole,6006,1096.6,698.8,object,0,exp_images/audio\PUNJABI\p_woa_dug.wav,IMG_13_P_PNA,exp_images/images/dog_dug_hole.jpg,IMG_13,exp_images/sentences/Dog-dug-woa.jpg,STIM_49,stimuli_list_subj_5_b.csv,PNA,passive_dropped_agent,non_agent_first,agent_dropped,1.0,1.0
edf17,32,Punjabi,sentence_audio,passive_dropped_agent,3,o_veg_boy_cut_vegetables,6214,900.4,800.0,object,0,exp_images/audio\PUNJABI\p_woa_veg.wav,IMG_18_P_PNA,exp_images/images/boy_cut_vegetables.jpg,IMG_18,exp_images/sentences/Veg-woa.jpg,STIM_54,stimuli_list_subj_5_b.csv,PNA,passive_dropped_agent,non_agent_first,agent_dropped,1.0,1.0
edf17,33,Punjabi,sentence_audio,passive_dropped_agent,2,o_cake_girl_baked_cake,5926,980.4,564.8,object,0,exp_images/audio\PUNJABI\p_woa_cake.wav,IMG_15_P_PNA,exp_images/images/girl_baked_cake.jpg,IMG_15,exp_images/sentences/Cake-woa.jpg,STIM_51,stimuli_list_subj_5_b.csv,PNA,passive_dropped_agent,non_agent_first,agent_dropped,1.0,1.0
edf17,34,English,sentence_audio,active,2,o_clothes_woman_folded_clothes,5756,890.1,588.7,object,0,exp_images/audio\ENGLISH\clothes.wav,IMG_06_E_ACT,exp_images/images/women_fold_clothes.jpg,IMG_06,exp_images/sentences/active_woman_clothes.jpg,STIM_60,stimuli_list_subj_5_b.csv,ACT,active,agent_first,agent_overt,0.0,
edf17,35,English,sentence_audio,active,2,s_woman_woman_read_letter,5802,928.3,434.5,agent,1,exp_images/audio\ENGLISH\letter.wav,IMG_17_E_ACT,exp_images/images/women_read_letter.jpg,IMG_17,exp_images/sentences/active_women_letter.jpg,STIM_71,stimuli_list_subj_5_b.csv,ACT,active,agent_first,agent_overt,0.0,
edf17,36,English,sentence_audio,active,2,o_lamp_girl_light_lamp,5472,749.6,503.7,object,0,exp_images/audio\ENGLISH\lamp.wav,IMG_01_E_ACT,exp_images/images/girl_lighted_lamp.jpg,IMG_01,exp_images/sentences/active_girl_lamp.jpg,STIM_55,stimuli_list_subj_5_b.csv,ACT,active,agent_first,agent_overt,0.0,
edf18,19,English,sentence_audio,passive_dropped_agent,2,o_tabla_child_play_tabla,6388,755.7,553.7,object,0,exp_images/audio\ENGLISH\p_woa_tabla.wav,IMG_11_E_PNA,exp_images/images/child_play_tabla.jpg,IMG_11,exp_images/sentences/noagent_child_tabla.jpg,STIM_101,stimuli_list_subj_6_b.csv,PNA,passive_dropped_agent,non_agent_first,agent_dropped,1.0,1.0
edf18,20,English,sentence_audio,passive_dropped_agent,2,s_boy_boy_opened_door,5612,855.5,472.1,agent,1,exp_images/audio\ENGLISH\p_woa_door.wav,IMG_10_E_PNA,exp_images/images/boy_opened_door.jpg,IMG_10,exp_images/sentences/noagent_boy_door.jpg,STIM_100,stimuli_list_subj_6_b.csv,PNA,passive_dropped_agent,non_agent_first,agent_dropped,1.0,1.0
edf18,21,English,sentence_audio,passive_dropped_agent,2,o_bucket_boy_filled_bucket,5936,902.0,511.8,object,0,exp_images/audio\ENGLISH\p_woa_bucket.wav,IMG_09_E_PNA,exp_images/images/boy_filled_bucket.jpg,IMG_09,exp_images/sentences/noagent_boy_bucket.jpg,STIM_99,stimuli_list_subj_6_b.csv,PNA,passive_dropped_agent,non_agent_first,agent_dropped,1.0,1.0
edf18,22,Punjabi,sentence_audio,active,2,s_girl_girl_fed_dog,5732,782.6,474.9,agent,1,exp_images/audio\PUNJABI\fed.wav,IMG_16_P_ACT,exp_images/images/girl_fed_dog.jpg,IMG_16,exp_images/sentences/Fed-dog.jpg,STIM_16,stimuli_list_subj_6_b.csv,ACT,active,agent_first,agent_overt,0.0,
edf18,23,Punjabi,sentence_audio,active,2,o_scooter_driver_wash_scooter,5476,926.1,391.1,object,0,exp_images/audio\PUNJABI\scooter.wav,IMG_14_P_ACT,exp_images/images/driver_wash_scooter.jpg,IMG_14,exp_images/sentences/Washed-scooter.jpg,STIM_14,stimuli_list_subj_6_b.csv,ACT,active,agent_first,agent_overt,0.0,
edf18,24,Punjabi,sentence_audio,active,2,o_picture_artiste_drew_picture,5648,1045.5,481.8,object,0,exp_images/audio\PUNJABI\picture.wav,IMG_07_P_ACT,exp_images/images/artiste_drew_picture.jpg,IMG_07,exp_images/sentences/Painting.jpg,STIM_07,stimuli_list_subj_6_b.csv,ACT,active,agent_first,agent_overt,0.0,
edf18,25,Punjabi,sentence_audio,passive,2,o_tree_girl_plant_tree,5782,654.6,509.4,object,0,exp_images/audio\PUNJABI\p_sapling.wav,IMG_03_P_PWA,exp_images/images/girl_plant_tree.jpg,IMG_03,exp_images/sentences/Sapling-passive.jpg,STIM_21,stimuli_list_subj_6_b.csv,PWA,passive_with_agent,non_agent_first,agent_overt,1.0,0.0
edf18,26,Punjabi,sentence_audio,passive,2,s_child_child_throw_frisbee,5486,997.9,487.6,agent,1,exp_images/audio\PUNJABI\p_frisbee.wav,IMG_12_P_PWA,exp_images/images/child_throw_frisbee.jpg,IMG_12,exp_images/sentences/Frisbee-passive.jpg,STIM_30,stimuli_list_subj_6_b.csv,PWA,passive_with_agent,non_agent_first,agent_overt,1.0,0.0
edf18,27,Punjabi,sentence_audio,passive,2,o_vase_boy_broke_vase,5764,857.8,448.6,object,0,exp_images/audio\PUNJABI\p_vase.wav,IMG_08_P_PWA,exp_images/images/boy_broke_vase.jpg,IMG_08,exp_images/sentences/Vase-passive.jpg,STIM_26,stimuli_list_subj_6_b.csv,PWA,passive_with_agent,non_agent_first,agent_overt,1.0,0.0
edf18,28,Punjabi,sentence_audio,passive_dropped_agent,3,o_box_man_pushed_box,6698,1117.0,380.2,object,0,exp_images/audio\PUNJABI\p_woa_box.wav,IMG_05_P_PNA,exp_images/images/man_pushed_box.jpg,IMG_05,exp_images/sentences/Pushed-box-woa.jpg,STIM_41,stimuli_list_subj_6_b.csv,PNA,passive_dropped_agent,non_agent_first,agent_dropped,1.0,1.0
edf18,29,Punjabi,sentence_audio,passive_dropped_agent,2,o_shrub_man_cut_shrub,6268,779.5,502.0,object,0,exp_images/audio\PUNJABI\p_woa_shrub.wav,IMG_04_P_PNA,exp_images/images/man_cut_shrub.jpg,IMG_04,exp_images/sentences/Shrub-woa.jpg,STIM_40,stimuli_list_subj_6_b.csv,PNA,passive_dropped_agent,non_agent_first,agent_dropped,1.0,1.0
edf18,30,Punjabi,sentence_audio,passive_dropped_agent,2,s_girl_girl_opened_window,5740,875.3,428.4,agent,1,exp_images/audio\PUNJABI\p_woa_window.wav,IMG_02_P_PNA,exp_images/images/girl_opened_window.jpg,IMG_02,exp_images/sentences/Window-woa.jpg,STIM_38,stimuli_list_subj_6_b.csv,PNA,passive_dropped_agent,non_agent_first,agent_dropped,1.0,1.0
edf18,31,English,sentence_audio,active,2,s_dog_dog_dug_hole,5652,877.0,560.3,agent,1,exp_images/audio\ENGLISH\dug.wav,IMG_13_E_ACT,exp_images/images/dog_dug_hole.jpg,IMG_13,exp_images/sentences/active_dog_hole.jpg,STIM_67,stimuli_list_subj_6_b.csv,ACT,active,agent_first,agent_overt,0.0,
edf18,32,English,sentence_audio,active,2,o_veg_boy_cut_vegetables,6194,907.3,818.7,object,0,exp_images/audio\ENGLISH\veg.wav,IMG_18_E_ACT,exp_images/images/boy_cut_vegetables.jpg,IMG_18,exp_images/sentences/active_boy_vegetables.jpg,STIM_72,stimuli_list_subj_6_b.csv,ACT,active,agent_first,agent_overt,0.0,
edf18,33,English,sentence_audio,active,3,o_cake_girl_baked_cake,6410,890.3,618.1,object,0,exp_images/audio\ENGLISH\cake.wav,IMG_15_E_ACT,exp_images/images/girl_baked_cake.jpg,IMG_15,exp_images/sentences/active_girl_cake.jpg,STIM_69,stimuli_list_subj_6_b.csv,ACT,active,agent_first,agent_overt,0.0,
edf18,34,English,sentence_audio,passive,2,s_woman_woman_folded_clothes,5562,960.1,349.9,agent,1,exp_images/audio\ENGLISH\p_clothes.wav,IMG_06_E_PWA,exp_images/images/women_fold_clothes.jpg,IMG_06,exp_images/sentences/passive_woman_clothes.jpg,STIM_78,stimuli_list_subj_6_b.csv,PWA,passive_with_agent,non_agent_first,agent_overt,1.0,0.0
edf18,35,English,sentence_audio,passive,2,s_woman_woman_read_letter,6172,966.2,452.8,agent,1,exp_images/audio\ENGLISH\p_letter.wav,IMG_17_E_PWA,exp_images/images/women_read_letter.jpg,IMG_17,exp_images/sentences/passive_women_letter.jpg,STIM_89,stimuli_list_subj_6_b.csv,PWA,passive_with_agent,non_agent_first,agent_overt,1.0,0.0
edf18,36,English,sentence_audio,passive,2,o_lamp_girl_light_lamp,6280,757.5,526.3,object,0,exp_images/audio\ENGLISH\p_lamp.wav,IMG_01_E_PWA,exp_images/images/girl_lighted_lamp.jpg,IMG_01,exp_images/sentences/passive_girl_lamp.jpg,STIM_73,stimuli_list_subj_6_b.csv,PWA,passive_with_agent,non_agent_first,agent_overt,1.0,0.0
edf19,19,Punjabi,sentence_audio,active,2,s_child_child_play_tabla,6240,987.7,406.9,agent,1,exp_images/audio\PUNJABI\tabla.wav,IMG_11_P_ACT,exp_images/images/child_play_tabla.jpg,IMG_11,exp_images/sentences/Tabla.jpg,STIM_11,stimuli_list_subj_7_b.csv,ACT,active,agent_first,agent_overt,0.0,
edf19,20,Punjabi,sentence_audio,active,2,o_door_boy_opened_door,6096,997.9,559.9,object,0,exp_images/audio\PUNJABI\door.wav,IMG_10_P_ACT,exp_images/images/boy_opened_door.jpg,IMG_10,exp_images/sentences/Closed-door.jpg,STIM_10,stimuli_list_subj_7_b.csv,ACT,active,agent_first,agent_overt,0.0,
edf19,21,Punjabi,sentence_audio,active,2,o_bucket_boy_filled_bucket,5896,891.8,636.9,object,0,exp_images/audio\PUNJABI\bucket.wav,IMG_09_P_ACT,exp_images/images/boy_filled_bucket.jpg,IMG_09,exp_images/sentences/Bucket.jpg,STIM_09,stimuli_list_subj_7_b.csv,ACT,active,agent_first,agent_overt,0.0,
edf19,22,Punjabi,sentence_audio,passive,2,s_girl_girl_fed_dog,6238,844.1,524.7,agent,1,exp_images/audio\PUNJABI\p_fed.wav,IMG_16_P_PWA,exp_images/images/girl_fed_dog.jpg,IMG_16,exp_images/sentences/Fed-dog-passive.jpg,STIM_34,stimuli_list_subj_7_b.csv,PWA,passive_with_agent,non_agent_first,agent_overt,1.0,0.0
edf19,23,Punjabi,sentence_audio,passive,2,s_driver_driver_wash_scooter,5430,791.3,352.4,agent,1,exp_images/audio\PUNJABI\p_scooter.wav,IMG_14_P_PWA,exp_images/images/driver_wash_scooter.jpg,IMG_14,exp_images/sentences/Washed-scooter-passive.jpg,STIM_32,stimuli_list_subj_7_b.csv,PWA,passive_with_agent,non_agent_first,agent_overt,1.0,0.0
edf19,24,Punjabi,sentence_audio,passive,3,s_artiste_artiste_drew_picture,5712,691.0,333.1,agent,1,exp_images/audio\PUNJABI\p_picture.wav,IMG_07_P_PWA,exp_images/images/artiste_drew_picture.jpg,IMG_07,exp_images/sentences/Painting-passive.jpg,STIM_25,stimuli_list_subj_7_b.csv,PWA,passive_with_agent,non_agent_first,agent_overt,1.0,0.0
edf19,25,Punjabi,sentence_audio,passive_dropped_agent,2,s_girl_girl_plant_tree,6928,1005.5,499.9,agent,1,exp_images/audio\PUNJABI\p_woa_sapling.wav,IMG_03_P_PNA,exp_images/images/girl_plant_tree.jpg,IMG_03,exp_images/sentences/Sapling-woa.jpg,STIM_39,stimuli_list_subj_7_b.csv,PNA,passive_dropped_agent,non_agent_first,agent_dropped,1.0,1.0
edf19,26,Punjabi,sentence_audio,passive_dropped_agent,2,s_child_child_throw_frisbee,5694,1030.2,514.0,agent,1,exp_images/audio\PUNJABI\p_woa_frisbee.wav,IMG_12_P_PNA,exp_images/images/child_throw_frisbee.jpg,IMG_12,exp_images/sentences/Frisbee-woa.jpg,STIM_48,stimuli_list_subj_7_b.csv,PNA,passive_dropped_agent,non_agent_first,agent_dropped,1.0,1.0
edf19,27,Punjabi,sentence_audio,passive_dropped_agent,2,o_vase_boy_broke_vase,5486,860.9,505.5,object,0,exp_images/audio\PUNJABI\p_woa_vase.wav,IMG_08_P_PNA,exp_images/images/boy_broke_vase.jpg,IMG_08,exp_images/sentences/Vase-woa.jpg,STIM_44,stimuli_list_subj_7_b.csv,PNA,passive_dropped_agent,non_agent_first,agent_dropped,1.0,1.0
edf19,28,English,sentence_audio,active,2,s_man_man_pushed_box,6354,949.7,393.5,agent,1,exp_images/audio\ENGLISH\box.wav,IMG_05_E_ACT,exp_images/images/man_pushed_box.jpg,IMG_05,exp_images/sentences/active_man_box.jpg,STIM_59,stimuli_list_subj_7_b.csv,ACT,active,agent_first,agent_overt,0.0,
edf19,29,English,sentence_audio,active,2,o_shrub_man_cut_shrub,5818,787.7,501.2,object,0,exp_images/audio\ENGLISH\shrub.wav,IMG_04_E_ACT,exp_images/images/man_cut_shrub.jpg,IMG_04,exp_images/sentences/active_man_shrub.jpg,STIM_58,stimuli_list_subj_7_b.csv,ACT,active,agent_first,agent_overt,0.0,
edf19,30,English,sentence_audio,active,2,s_girl_girl_opened_window,6142,895.3,467.5,agent,1,exp_images/audio\ENGLISH\window.wav,IMG_02_E_ACT,exp_images/images/girl_opened_window.jpg,IMG_02,exp_images/sentences/active_girl_window.jpg,STIM_56,stimuli_list_subj_7_b.csv,ACT,active,agent_first,agent_overt,0.0,
edf19,31,English,sentence_audio,passive,2,o_hole_dog_dug_hole,6228,1123.8,786.1,object,0,exp_images/audio\ENGLISH\p_dug.wav,IMG_13_E_PWA,exp_images/images/dog_dug_hole.jpg,IMG_13,exp_images/sentences/passive_dog_hole.jpg,STIM_85,stimuli_list_subj_7_b.csv,PWA,passive_with_agent,non_agent_first,agent_overt,1.0,0.0
edf19,32,English,sentence_audio,passive,2,s_boy_boy_cut_vegetables,6018,951.8,434.3,agent,1,exp_images/audio\ENGLISH\p_veg.wav,IMG_18_E_PWA,exp_images/images/boy_cut_vegetables.jpg,IMG_18,exp_images/sentences/passive_boy_vegetables.jpg,STIM_90,stimuli_list_subj_7_b.csv,PWA,passive_with_agent,non_agent_first,agent_overt,1.0,0.0
edf19,33,English,sentence_audio,passive,3,s_girl_girl_baked_cake,5844,880.9,459.7,agent,1,exp_images/audio\ENGLISH\p_cake.wav,IMG_15_E_PWA,exp_images/images/girl_baked_cake.jpg,IMG_15,exp_images/sentences/passive_girl_cake.jpg,STIM_87,stimuli_list_subj_7_b.csv,PWA,passive_with_agent,non_agent_first,agent_overt,1.0,0.0
edf19,34,English,sentence_audio,passive_dropped_agent,2,s_woman_woman_folded_clothes,6266,978.8,452.0,agent,1,exp_images/audio\ENGLISH\p_woa_clothes.wav,IMG_06_E_PNA,exp_images/images/women_fold_clothes.jpg,IMG_06,exp_images/sentences/noagent_woman_clothes.jpg,STIM_96,stimuli_list_subj_7_b.csv,PNA,passive_dropped_agent,non_agent_first,agent_dropped,1.0,1.0
edf19,35,English,sentence_audio,passive_dropped_agent,3,s_woman_woman_read_letter,6198,946.3,373.6,agent,1,exp_images/audio\ENGLISH\p_woa_letter.wav,IMG_17_E_PNA,exp_images/images/women_read_letter.jpg,IMG_17,exp_images/sentences/noagent_women_letter.jpg,STIM_107,stimuli_list_subj_7_b.csv,PNA,passive_dropped_agent,non_agent_first,agent_dropped,1.0,1.0
edf19,36,English,sentence_audio,passive_dropped_agent,2,s_girl_girl_lit_lamp,5794,1001.7,403.8,agent,1,exp_images/audio\ENGLISH\p_woa_lamp.wav,IMG_01_E_PNA,exp_images/images/girl_lighted_lamp.jpg,IMG_01,exp_images/sentences/noagent_girl_lamp.jpg,STIM_91,stimuli_list_subj_7_b.csv,PNA,passive_dropped_agent,non_agent_first,agent_dropped,1.0,1.0
edf20,19,Punjabi,sentence_audio,passive,2,o_tabla_child_play_tabla,5968,757.3,601.2,object,0,exp_images/audio\PUNJABI\p_tabla.wav,IMG_11_P_PWA,exp_images/images/child_play_tabla.jpg,IMG_11,exp_images/sentences/Tabla-passive.jpg,STIM_29,stimuli_list_subj_8_b.csv,PWA,passive_with_agent,non_agent_first,agent_overt,1.0,0.0
edf20,20,Punjabi,sentence_audio,passive,2,o_door_boy_opened_door,5754,1116.2,418.6,object,0,exp_images/audio\PUNJABI\p_door.wav,IMG_10_P_PWA,exp_images/images/boy_opened_door.jpg,IMG_10,exp_images/sentences/Closed-door-passive.jpg,STIM_28,stimuli_list_subj_8_b.csv,PWA,passive_with_agent,non_agent_first,agent_overt,1.0,0.0
edf20,21,Punjabi,sentence_audio,passive,2,o_bucket_boy_filled_bucket,5904,901.9,600.2,object,0,exp_images/audio\PUNJABI\p_bucket.wav,IMG_09_P_PWA,exp_images/images/boy_filled_bucket.jpg,IMG_09,exp_images/sentences/Bucket-passive.jpg,STIM_27,stimuli_list_subj_8_b.csv,PWA,passive_with_agent,non_agent_first,agent_overt,1.0,0.0
edf20,22,Punjabi,sentence_audio,passive_dropped_agent,2,o_dog_girl_fed_dog,5454,939.1,685.8,object,0,exp_images/audio\PUNJABI\p_woa_fed.wav,IMG_16_P_PNA,exp_images/images/girl_fed_dog.jpg,IMG_16,exp_images/sentences/Fed-dog-woa.jpg,STIM_52,stimuli_list_subj_8_b.csv,PNA,passive_dropped_agent,non_agent_first,agent_dropped,1.0,1.0
edf20,23,Punjabi,sentence_audio,passive_dropped_agent,2,o_scooter_driver_wash_scooter,6078,1019.8,372.9,object,0,exp_images/audio\PUNJABI\p_woa_scooter.wav,IMG_14_P_PNA,exp_images/images/driver_wash_scooter.jpg,IMG_14,exp_images/sentences/Washed-scooter-woa.jpg,STIM_50,stimuli_list_subj_8_b.csv,PNA,passive_dropped_agent,non_agent_first,agent_dropped,1.0,1.0
edf20,24,Punjabi,sentence_audio,passive_dropped_agent,2,o_picture_artiste_drew_picture,6334,1065.9,416.0,object,0,exp_images/audio\PUNJABI\p_woa_picture.wav,IMG_07_P_PNA,exp_images/images/artiste_drew_picture.jpg,IMG_07,exp_images/sentences/Painting-woa.jpg,STIM_43,stimuli_list_subj_8_b.csv,PNA,passive_dropped_agent,non_agent_first,agent_dropped,1.0,1.0
edf20,25,English,sentence_audio,active,2,o_tree_girl_plant_tree,5862,784.3,579.6,object,0,exp_images/audio\ENGLISH\sapling.wav,IMG_03_E_ACT,exp_images/images/girl_plant_tree.jpg,IMG_03,exp_images/sentences/active_girl_sapling.jpg,STIM_57,stimuli_list_subj_8_b.csv,ACT,active,agent_first,agent_overt,0.0,
edf20,26,English,sentence_audio,active,2,o_frisbee_child_throw_frisbee,6222,818.7,336.6,object,0,exp_images/audio\ENGLISH\frisbee.wav,IMG_12_E_ACT,exp_images/images/child_throw_frisbee.jpg,IMG_12,exp_images/sentences/active_child_frisbee.jpg,STIM_66,stimuli_list_subj_8_b.csv,ACT,active,agent_first,agent_overt,0.0,
edf20,27,English,sentence_audio,active,2,s_boy_boy_broke_vase,5808,747.7,396.2,agent,1,exp_images/audio\ENGLISH\vase.wav,IMG_08_E_ACT,exp_images/images/boy_broke_vase.jpg,IMG_08,exp_images/sentences/active_boy_vase.jpg,STIM_62,stimuli_list_subj_8_b.csv,ACT,active,agent_first,agent_overt,0.0,
edf20,28,English,sentence_audio,passive,2,o_box_man_pushed_box,5826,1052.4,383.8,object,0,exp_images/audio\ENGLISH\p_box.wav,IMG_05_E_PWA,exp_images/images/man_pushed_box.jpg,IMG_05,exp_images/sentences/passive_man_box.jpg,STIM_77,stimuli_list_subj_8_b.csv,PWA,passive_with_agent,non_agent_first,agent_overt,1.0,0.0
edf20,29,English,sentence_audio,passive,2,o_shrub_man_cut_shrub,6112,788.3,531.9,object,0,exp_images/audio\ENGLISH\p_shrub.wav,IMG_04_E_PWA,exp_images/images/man_cut_shrub.jpg,IMG_04,exp_images/sentences/passive_man_shrub.jpg,STIM_76,stimuli_list_subj_8_b.csv,PWA,passive_with_agent,non_agent_first,agent_overt,1.0,0.0
edf20,30,English,sentence_audio,passive,2,s_girl_girl_opened_window,6636,879.8,406.6,agent,1,exp_images/audio\ENGLISH\p_window.wav,IMG_02_E_PWA,exp_images/images/girl_opened_window.jpg,IMG_02,exp_images/sentences/passive_girl_window.jpg,STIM_74,stimuli_list_subj_8_b.csv,PWA,passive_with_agent,non_agent_first,agent_overt,1.0,0.0
edf20,31,English,sentence_audio,passive_dropped_agent,2,s_dog_dog_dug_hole,5500,878.9,554.7,agent,1,exp_images/audio\ENGLISH\p_woa_dug.wav,IMG_13_E_PNA,exp_images/images/dog_dug_hole.jpg,IMG_13,exp_images/sentences/noagent_dog_hole.jpg,STIM_103,stimuli_list_subj_8_b.csv,PNA,passive_dropped_agent,non_agent_first,agent_dropped,1.0,1.0
edf20,32,English,sentence_audio,passive_dropped_agent,2,o_veg_boy_cut_vegetables,5712,915.6,842.8,object,0,exp_images/audio\ENGLISH\p_woa_veg.wav,IMG_18_E_PNA,exp_images/images/boy_cut_vegetables.jpg,IMG_18,exp_images/sentences/noagent_boy_vegetables.jpg,STIM_108,stimuli_list_subj_8_b.csv,PNA,passive_dropped_agent,non_agent_first,agent_dropped,1.0,1.0
edf20,33,English,sentence_audio,passive_dropped_agent,2,s_girl_girl_baked_cake,6304,865.2,373.4,agent,1,exp_images/audio\ENGLISH\p_woa_cake.wav,IMG_15_E_PNA,exp_images/images/girl_baked_cake.jpg,IMG_15,exp_images/sentences/noagent_girl_cake.jpg,STIM_105,stimuli_list_subj_8_b.csv,PNA,passive_dropped_agent,non_agent_first,agent_dropped,1.0,1.0
edf20,34,Punjabi,sentence_audio,active,2,o_clothes_woman_folded_clothes,5876,877.2,747.4,object,0,exp_images/audio\PUNJABI\clothes.wav,IMG_06_P_ACT,exp_images/images/women_fold_clothes.jpg,IMG_06,exp_images/sentences/Folded-clothes.jpg,UNDEFINEDnull,stimuli_list_subj_8_b.csv,ACT,active,agent_first,agent_overt,0.0,
edf20,35,Punjabi,sentence_audio,active,2,s_woman_woman_read_letter,5756,879.6,476.5,agent,1,exp_images/audio\PUNJABI\letter.wav,IMG_17_P_ACT,exp_images/images/women_read_letter.jpg,IMG_17,exp_images/sentences/Letter.jpg,STIM_17,stimuli_list_subj_8_b.csv,ACT,active,agent_first,agent_overt,0.0,
edf20,36,Punjabi,sentence_audio,active,2,o_lamp_girl_light_lamp,5422,746.6,566.2,object,0,exp_images/audio\PUNJABI\lamp.wav,IMG_01_P_ACT,exp_images/images/girl_lighted_lamp.jpg,IMG_01,exp_images/sentences/Lamp.jpg,STIM_01,stimuli_list_subj_8_b.csv,ACT,active,agent_first,agent_overt,0.0,
edf21,19,Punjabi,sentence_audio,passive_dropped_agent,2,s_child_child_play_tabla,6314,986.4,409.6,agent,1,exp_images/audio\PUNJABI\p_woa_tabla.wav,IMG_11_P_PNA,exp_images/images/child_play_tabla.jpg,IMG_11,exp_images/sentences/Tabla-woa.jpg,STIM_47,stimuli_list_subj_9_b.csv,PNA,passive_dropped_agent,non_agent_first,agent_dropped,1.0,1.0
edf21,20,Punjabi,sentence_audio,passive_dropped_agent,2,o_door_boy_opened_door,6348,980.7,493.3,object,0,exp_images/audio\PUNJABI\p_woa_door.wav,IMG_10_P_PNA,exp_images/images/boy_opened_door.jpg,IMG_10,exp_images/sentences/Closed-door-woa.jpg,STIM_46,stimuli_list_subj_9_b.csv,PNA,passive_dropped_agent,non_agent_first,agent_dropped,1.0,1.0
edf21,21,Punjabi,sentence_audio,passive_dropped_agent,2,o_bucket_boy_filled_bucket,6434,913.6,563.5,object,0,exp_images/audio\PUNJABI\p_woa_tub.wav,IMG_09_P_PNA,exp_images/images/boy_filled_bucket.jpg,IMG_09,exp_images/sentences/Bucket-woa.jpg,STIM_45,stimuli_list_subj_9_b.csv,PNA,passive_dropped_agent,non_agent_first,agent_dropped,1.0,1.0
edf21,22,English,sentence_audio,active,2,o_dog_girl_fed_dog,5576,947.3,660.3,object,0,exp_images/audio\ENGLISH\fed.wav,IMG_16_E_ACT,exp_images/images/girl_fed_dog.jpg,IMG_16,exp_images/sentences/active_girl_dog.jpg,STIM_70,stimuli_list_subj_9_b.csv,ACT,active,agent_first,agent_overt,0.0,
edf21,23,English,sentence_audio,active,2,o_scooter_driver_wash_scooter,5834,1026.6,453.6,object,0,exp_images/audio\ENGLISH\scooter.wav,IMG_14_E_ACT,exp_images/images/driver_wash_scooter.jpg,IMG_14,exp_images/sentences/active_driver_scooter.jpg,STIM_68,stimuli_list_subj_9_b.csv,ACT,active,agent_first,agent_overt,0.0,
edf21,24,English,sentence_audio,active,2,o_picture_artiste_drew_picture,5452,1064.6,377.2,object,0,exp_images/audio\ENGLISH\picture.wav,IMG_07_E_ACT,exp_images/images/artiste_drew_picture.jpg,IMG_07,exp_images/sentences/active_artist_picture.jpg,STIM_61,stimuli_list_subj_9_b.csv,ACT,active,agent_first,agent_overt,0.0,
edf21,25,English,sentence_audio,passive,2,o_tree_girl_plant_tree,6638,706.7,590.0,object,0,exp_images/audio\ENGLISH\p_sapling.wav,IMG_03_E_PWA,exp_images/images/girl_plant_tree.jpg,IMG_03,exp_images/sentences/passive_girl_sapling.jpg,STIM_75,stimuli_list_subj_9_b.csv,PWA,passive_with_agent,non_agent_first,agent_overt,1.0,0.0
edf21,26,English,sentence_audio,passive,2,s_child_child_throw_frisbee,5510,1079.8,411.5,agent,1,exp_images/audio\ENGLISH\p_frisbee.wav,IMG_12_E_PWA,exp_images/images/child_throw_frisbee.jpg,IMG_12,exp_images/sentences/passive_child_frisbee.jpg,STIM_84,stimuli_list_subj_9_b.csv,PWA,passive_with_agent,non_agent_first,agent_overt,1.0,0.0
edf21,27,English,sentence_audio,passive,2,o_vase_boy_broke_vase,5758,919.5,405.4,object,0,exp_images/audio\ENGLISH\p_vase.wav,IMG_08_E_PWA,exp_images/images/boy_broke_vase.jpg,IMG_08,exp_images/sentences/passive_boy_vase.jpg,STIM_80,stimuli_list_subj_9_b.csv,PWA,passive_with_agent,non_agent_first,agent_overt,1.0,0.0
edf21,28,English,sentence_audio,passive_dropped_agent,2,o_box_man_pushed_box,5432,1135.5,477.5,object,0,exp_images/audio\ENGLISH\p_woa_box.wav,IMG_05_E_PNA,exp_images/images/man_pushed_box.jpg,IMG_05,exp_images/sentences/noagent_man_box.jpg,STIM_95,stimuli_list_subj_9_b.csv,PNA,passive_dropped_agent,non_agent_first,agent_dropped,1.0,1.0
edf21,29,English,sentence_audio,passive_dropped_agent,2,o_shrub_man_cut_shrub,6258,827.1,483.9,object,0,exp_images/audio\ENGLISH\p_woa_shrub.wav,IMG_04_E_PNA,exp_images/images/man_cut_shrub.jpg,IMG_04,exp_images/sentences/noagent_man_shrub.jpg,STIM_94,stimuli_list_subj_9_b.csv,PNA,passive_dropped_agent,non_agent_first,agent_dropped,1.0,1.0
edf21,30,English,sentence_audio,passive_dropped_agent,2,o_window_girl_opened_window,6282,1157.0,492.8,object,0,exp_images/audio\ENGLISH\p_woa_window.wav,IMG_02_E_PNA,exp_images/images/girl_opened_window.jpg,IMG_02,exp_images/sentences/noagent_girl_window.jpg,STIM_92,stimuli_list_subj_9_b.csv,PNA,passive_dropped_agent,non_agent_first,agent_dropped,1.0,1.0
edf21,31,Punjabi,sentence_audio,active,2,s_dog_dog_dug_hole,6024,894.0,587.9,agent,1,exp_images/audio\PUNJABI\dug.wav,IMG_13_P_ACT,exp_images/images/dog_dug_hole.jpg,IMG_13,exp_images/sentences/Dog-dug.jpg,STIM_13,stimuli_list_subj_9_b.csv,ACT,active,agent_first,agent_overt,0.0,
edf21,32,Punjabi,sentence_audio,active,2,s_boy_boy_cut_vegetables,5716,960.1,398.1,agent,1,exp_images/audio\PUNJABI\veg.wav,IMG_18_P_ACT,exp_images/images/boy_cut_vegetables.jpg,IMG_18,exp_images/sentences/Veg.jpg,STIM_18,stimuli_list_subj_9_b.csv,ACT,active,agent_first,agent_overt,0.0,
edf21,33,Punjabi,sentence_audio,active,2,s_girl_girl_baked_cake,6108,912.6,339.5,agent,1,exp_images/audio\PUNJABI\cake.wav,IMG_15_P_ACT,exp_images/images/girl_baked_cake.jpg,IMG_15,exp_images/sentences/Cake.jpg,STIM_15,stimuli_list_subj_9_b.csv,ACT,active,agent_first,agent_overt,0.0,
edf21,34,Punjabi,sentence_audio,passive,2,s_woman_woman_folded_clothes,5558,979.1,382.5,agent,1,exp_images/audio\PUNJABI\p_clothes.wav,IMG_06_P_PWA,exp_images/images/women_fold_clothes.jpg,IMG_06,exp_images/sentences/Folded-clothes-passive.jpg,STIM_24,stimuli_list_subj_9_b.csv,PWA,passive_with_agent,non_agent_first,agent_overt,1.0,0.0
edf21,35,Punjabi,sentence_audio,passive,2,s_woman_woman_read_letter,5686,988.1,454.0,agent,1,exp_images/audio\PUNJABI\p_letter.wav,IMG_17_P_PWA,exp_images/images/women_read_letter.jpg,IMG_17,exp_images/sentences/Letter-passive.jpg,STIM_35,stimuli_list_subj_9_b.csv,PWA,passive_with_agent,non_agent_first,agent_overt,1.0,0.0
edf21,36,Punjabi,sentence_audio,passive,2,s_girl_girl_lit_lamp,6110,973.5,412.9,agent,1,exp_images/audio\PUNJABI\p_lamp.wav,IMG_01_P_PWA,exp_images/images/girl_lighted_lamp.jpg,IMG_01,exp_images/sentences/Lamp-passive.jpg,STIM_19,stimuli_list_subj_9_b.csv,PWA,passive_with_agent,non_agent_first,agent_overt,1.0,0.0
edf22,19,English,sentence_audio,active,2,o_tabla_child_play_tabla,5846,868.3,591.2,object,0,exp_images/audio\ENGLISH\tabla.wav,IMG_11_E_ACT,exp_images/images/child_play_tabla.jpg,IMG_11,exp_images/sentences/active_child_tabla.jpg,STIM_65,stimuli_list_subj_10_b.csv,ACT,active,agent_first,agent_overt,0.0,
edf22,20,English,sentence_audio,active,2,o_door_boy_opened_door,5728,967.1,523.7,object,0,exp_images/audio\ENGLISH\door.wav,IMG_10_E_ACT,exp_images/images/boy_opened_door.jpg,IMG_10,exp_images/sentences/active_boy_door.jpg,STIM_64,stimuli_list_subj_10_b.csv,ACT,active,agent_first,agent_overt,0.0,
edf22,21,English,sentence_audio,active,2,o_bucket_boy_filled_bucket,5996,930.2,559.6,object,0,exp_images/audio\ENGLISH\bucket.wav,IMG_09_E_ACT,exp_images/images/boy_filled_bucket.jpg,IMG_09,exp_images/sentences/active_boy_bucket.jpg,STIM_63,stimuli_list_subj_10_b.csv,ACT,active,agent_first,agent_overt,0.0,
edf22,22,English,sentence_audio,passive,2,o_dog_girl_fed_dog,7054,961.1,619.7,object,0,exp_images/audio\ENGLISH\p_fed.wav,IMG_16_E_PWA,exp_images/images/girl_fed_dog.jpg,IMG_16,exp_images/sentences/passive_girl_dog.jpg,STIM_88,stimuli_list_subj_10_b.csv,PWA,passive_with_agent,non_agent_first,agent_overt,1.0,0.0
edf22,23,English,sentence_audio,passive,2,o_scooter_driver_wash_scooter,5678,1028.0,441.5,object,0,exp_images/audio\ENGLISH\p_scooter.wav,IMG_14_E_PWA,exp_images/images/driver_wash_scooter.jpg,IMG_14,exp_images/sentences/passive_driver_scooter.jpg,STIM_86,stimuli_list_subj_10_b.csv,PWA,passive_with_agent,non_agent_first,agent_overt,1.0,0.0
edf22,24,English,sentence_audio,passive,2,o_picture_artiste_drew_picture,5600,951.7,362.9,object,0,exp_images/audio\ENGLISH\p_artist.wav,IMG_07_E_PWA,exp_images/images/artiste_drew_picture.jpg,IMG_07,exp_images/sentences/passive_artist_picture.jpg,STIM_79,stimuli_list_subj_10_b.csv,PWA,passive_with_agent,non_agent_first,agent_overt,1.0,0.0
edf22,25,English,sentence_audio,passive_dropped_agent,2,s_girl_girl_plant_tree,5864,991.4,557.6,agent,1,exp_images/audio\ENGLISH\p_woa_sapling.wav,IMG_03_E_PNA,exp_images/images/girl_plant_tree.jpg,IMG_03,exp_images/sentences/noagent_girl_sapling.jpg,STIM_93,stimuli_list_subj_10_b.csv,PNA,passive_dropped_agent,non_agent_first,agent_dropped,1.0,1.0
edf22,26,English,sentence_audio,passive_dropped_agent,2,s_child_child_throw_frisbee,5884,1003.6,536.6,agent,1,exp_images/audio\ENGLISH\p_woa_frisbee.wav,IMG_12_E_PNA,exp_images/images/child_throw_frisbee.jpg,IMG_12,exp_images/sentences/noagent_child_frisbee.jpg,STIM_102,stimuli_list_subj_10_b.csv,PNA,passive_dropped_agent,non_agent_first,agent_dropped,1.0,1.0
edf22,27,English,sentence_audio,passive_dropped_agent,2,s_boy_boy_broke_vase,6174,781.2,387.9,agent,1,exp_images/audio\ENGLISH\p_woa_vase.wav,IMG_08_E_PNA,exp_images/images/boy_broke_vase.jpg,IMG_08,exp_images/sentences/noagent_boy_vase.jpg,STIM_98,stimuli_list_subj_10_b.csv,PNA,passive_dropped_agent,non_agent_first,agent_dropped,1.0,1.0
edf22,28,Punjabi,sentence_audio,active,2,s_man_man_pushed_box,6072,907.4,522.8,agent,1,exp_images/audio\PUNJABI\box.wav,IMG_05_P_ACT,exp_images/images/man_pushed_box.jpg,IMG_05,exp_images/sentences/Pushed-box.jpg,STIM_05,stimuli_list_subj_10_b.csv,ACT,active,agent_first,agent_overt,0.0,
edf22,29,Punjabi,sentence_audio,active,2,o_shrub_man_cut_shrub,6354,829.1,505.1,object,0,exp_images/audio\PUNJABI\shrub.wav,IMG_04_P_ACT,exp_images/images/man_cut_shrub.jpg,IMG_04,exp_images/sentences/Shrub.jpg,STIM_04,stimuli_list_subj_10_b.csv,ACT,active,agent_first,agent_overt,0.0,
edf22,30,Punjabi,sentence_audio,active,3,o_window_girl_opened_window,6100,1174.1,348.7,object,0,exp_images/audio\PUNJABI\window.wav,IMG_02_P_ACT,exp_images/images/girl_opened_window.jpg,IMG_02,exp_images/sentences/Window.jpg,STIM_02,stimuli_list_subj_10_b.csv,ACT,active,agent_first,agent_overt,0.0,
edf22,31,Punjabi,sentence_audio,passive,2,s_dog_dog_dug_hole,5916,935.0,567.1,agent,1,exp_images/audio\PUNJABI\p_dug.wav,IMG_13_P_PWA,exp_images/images/dog_dug_hole.jpg,IMG_13,exp_images/sentences/Dog-dug-passive.jpg,STIM_31,stimuli_list_subj_10_b.csv,PWA,passive_with_agent,non_agent_first,agent_overt,1.0,0.0
edf22,32,Punjabi,sentence_audio,passive,2,o_veg_boy_cut_vegetables,6062,889.1,740.9,object,0,exp_images/audio\PUNJABI\p_veg.wav,IMG_18_P_PWA,exp_images/images/boy_cut_vegetables.jpg,IMG_18,exp_images/sentences/Veg-passive.jpg,STIM_36,stimuli_list_subj_10_b.csv,PWA,passive_with_agent,non_agent_first,agent_overt,1.0,0.0
edf22,33,Punjabi,sentence_audio,passive,2,s_girl_girl_baked_cake,6702,865.5,451.5,agent,1,exp_images/audio\PUNJABI\p_cake.wav,IMG_15_P_PWA,exp_images/images/girl_baked_cake.jpg,IMG_15,exp_images/sentences/Cake-passive.jpg,STIM_33,stimuli_list_subj_10_b.csv,PWA,passive_with_agent,non_agent_first,agent_overt,1.0,0.0
edf22,34,Punjabi,sentence_audio,passive_dropped_agent,5,s_woman_woman_folded_clothes,8882,956.8,353.4,agent,1,exp_images/audio\PUNJABI\p_woa_clothes.wav,IMG_06_P_PNA,exp_images/images/women_fold_clothes.jpg,IMG_06,exp_images/sentences/Folded-clothes-woa.jpg,STIM_42,stimuli_list_subj_10_b.csv,PNA,passive_dropped_agent,non_agent_first,agent_dropped,1.0,1.0
edf22,35,Punjabi,sentence_audio,passive_dropped_agent,2,s_woman_woman_read_letter,6576,940.4,394.8,agent,1,exp_images/audio\PUNJABI\p_woa_letter.wav,IMG_17_P_PNA,exp_images/images/women_read_letter.jpg,IMG_17,exp_images/sentences/Letter-woa.jpg,STIM_53,stimuli_list_subj_10_b.csv,PNA,passive_dropped_agent,non_agent_first,agent_dropped,1.0,1.0
edf22,36,Punjabi,sentence_audio,passive_dropped_agent,3,o_lamp_girl_light_lamp,5772,716.8,638.1,object,0,exp_images/audio\PUNJABI\p_woa_lamp.wav,IMG_01_P_PNA,exp_images/images/girl_lighted_lamp.jpg,IMG_01,exp_images/sentences/Lamp-woa.jpg,STIM_37,stimuli_list_subj_10_b.csv,PNA,passive_dropped_agent,non_agent_first,agent_dropped,1.0,1.0
edf23,19,English,sentence_audio,passive,2,o_tabla_child_play_tabla,6308,728.5,617.4,object,0,exp_images/audio\ENGLISH\p_tabla.wav,IMG_11_E_PWA,exp_images/images/child_play_tabla.jpg,IMG_11,exp_images/sentences/passive_child_tabla.jpg,STIM_83,stimuli_list_subj_11_b.csv,PWA,passive_with_agent,non_agent_first,agent_overt,1.0,0.0
edf23,20,English,sentence_audio,passive,2,s_boy_boy_opened_door,5962,836.7,472.1,agent,1,exp_images/audio\ENGLISH\p_door.wav,IMG_10_E_PWA,exp_images/images/boy_opened_door.jpg,IMG_10,exp_images/sentences/passive_boy_door.jpg,STIM_82,stimuli_list_subj_11_b.csv,PWA,passive_with_agent,non_agent_first,agent_overt,1.0,0.0
edf23,21,English,sentence_audio,passive,2,o_bucket_boy_filled_bucket,6236,946.1,468.0,object,0,exp_images/audio\ENGLISH\p_bucket.wav,IMG_09_E_PWA,exp_images/images/boy_filled_bucket.jpg,IMG_09,exp_images/sentences/passive_boy_bucket.jpg,STIM_81,stimuli_list_subj_11_b.csv,PWA,passive_with_agent,non_agent_first,agent_overt,1.0,0.0
edf23,22,English,sentence_audio,passive_dropped_agent,2,s_girl_girl_fed_dog,6210,791.6,440.4,agent,1,exp_images/audio\ENGLISH\p_woa_fed.wav,IMG_16_E_PNA,exp_images/images/girl_fed_dog.jpg,IMG_16,exp_images/sentences/noagent_girl_dog.jpg,STIM_106,stimuli_list_subj_11_b.csv,PNA,passive_dropped_agent,non_agent_first,agent_dropped,1.0,1.0
edf23,23,English,sentence_audio,passive_dropped_agent,2,o_scooter_driver_wash_scooter,5732,1023.3,499.6,object,0,exp_images/audio\ENGLISH\p_woa_scooter.wav,IMG_14_E_PNA,exp_images/images/driver_wash_scooter.jpg,IMG_14,exp_images/sentences/noagent_driver_scooter.jpg,STIM_104,stimuli_list_subj_11_b.csv,PNA,passive_dropped_agent,non_agent_first,agent_dropped,1.0,1.0
edf23,24,English,sentence_audio,passive_dropped_agent,2,o_picture_artiste_drew_picture,5954,1098.3,434.8,object,0,exp_images/audio\ENGLISH\p_woa_draw.wav,IMG_07_E_PNA,exp_images/images/artiste_drew_picture.jpg,IMG_07,exp_images/sentences/noagent_artist_picture.jpg,STIM_97,stimuli_list_subj_11_b.csv,PNA,passive_dropped_agent,non_agent_first,agent_dropped,1.0,1.0
edf23,25,Punjabi,sentence_audio,active,2,o_tree_girl_plant_tree,6024,732.6,717.5,object,0,exp_images/audio\PUNJABI\sapling.wav,IMG_03_P_ACT,exp_images/images/girl_plant_tree.jpg,IMG_03,exp_images/sentences/Sapling.jpg,STIM_03,stimuli_list_subj_11_b.csv,ACT,active,agent_first,agent_overt,0.0,
edf23,26,Punjabi,sentence_audio,active,2,s_child_child_throw_frisbee,6086,1118.6,339.8,agent,1,exp_images/audio\PUNJABI\frisbee.wav,IMG_12_P_ACT,exp_images/images/child_throw_frisbee.jpg,IMG_12,exp_images/sentences/Frisbee.jpg,STIM_12,stimuli_list_subj_11_b.csv,ACT,active,agent_first,agent_overt,0.0,
edf23,27,Punjabi,sentence_audio,active,2,o_vase_boy_broke_vase,5570,881.9,530.5,object,0,exp_images/audio\PUNJABI\vase.wav,IMG_08_P_ACT,exp_images/images/boy_broke_vase.jpg,IMG_08,exp_images/sentences/Vase.jpg,STIM_08,stimuli_list_subj_11_b.csv,ACT,active,agent_first,agent_overt,0.0,
edf23,28,Punjabi,sentence_audio,passive,2,s_man_man_pushed_box,5716,897.6,417.8,agent,1,exp_images/audio\PUNJABI\p_box.wav,IMG_05_P_PWA,exp_images/images/man_pushed_box.jpg,IMG_05,exp_images/sentences/Pushed-box-passive.jpg,STIM_23,stimuli_list_subj_11_b.csv,PWA,passive_with_agent,non_agent_first,agent_overt,1.0,0.0
edf23,29,Punjabi,sentence_audio,passive,2,o_shrub_man_cut_shrub,5588,737.8,487.4,object,0,exp_images/audio\PUNJABI\p_shrub.wav,IMG_04_P_PWA,exp_images/images/man_cut_shrub.jpg,IMG_04,exp_images/sentences/Shrub-passive.jpg,STIM_22,stimuli_list_subj_11_b.csv,PWA,passive_with_agent,non_agent_first,agent_overt,1.0,0.0
edf23,30,Punjabi,sentence_audio,passive,2,s_girl_girl_opened_window,6326,872.7,466.8,agent,1,exp_images/audio\PUNJABI\p_window.wav,IMG_02_P_PWA,exp_images/images/girl_opened_window.jpg,IMG_02,exp_images/sentences/Window-passive.jpg,STIM_20,stimuli_list_subj_11_b.csv,PWA,passive_with_agent,non_agent_first,agent_overt,1.0,0.0
edf23,31,Punjabi,sentence_audio,passive_dropped_agent,2,s_dog_dog_dug_hole,5722,858.6,617.1,agent,1,exp_images/audio\PUNJABI\p_woa_dug.wav,IMG_13_P_PNA,exp_images/images/dog_dug_hole.jpg,IMG_13,exp_images/sentences/Dog-dug-woa.jpg,STIM_49,stimuli_list_subj_11_b.csv,PNA,passive_dropped_agent,non_agent_first,agent_dropped,1.0,1.0
edf23,32,Punjabi,sentence_audio,passive_dropped_agent,2,o_veg_boy_cut_vegetables,6060,958.3,736.0,object,0,exp_images/audio\PUNJABI\p_woa_veg.wav,IMG_18_P_PNA,exp_images/images/boy_cut_vegetables.jpg,IMG_18,exp_images/sentences/Veg-woa.jpg,STIM_54,stimuli_list_subj_11_b.csv,PNA,passive_dropped_agent,non_agent_first,agent_dropped,1.0,1.0
edf23,33,Punjabi,sentence_audio,passive_dropped_agent,5,s_girl_girl_baked_cake,6778,954.0,422.0,agent,1,exp_images/audio\PUNJABI\p_woa_cake.wav,IMG_15_P_PNA,exp_images/images/girl_baked_cake.jpg,IMG_15,exp_images/sentences/Cake-woa.jpg,STIM_51,stimuli_list_subj_11_b.csv,PNA,passive_dropped_agent,non_agent_first,agent_dropped,1.0,1.0
edf23,34,English,sentence_audio,active,2,o_clothes_woman_folded_clothes,5454,924.7,667.8,object,0,exp_images/audio\ENGLISH\clothes.wav,IMG_06_E_ACT,exp_images/images/women_fold_clothes.jpg,IMG_06,exp_images/sentences/active_woman_clothes.jpg,STIM_60,stimuli_list_subj_11_b.csv,ACT,active,agent_first,agent_overt,0.0,
edf23,35,English,sentence_audio,active,2,s_woman_woman_read_letter,6036,941.4,470.3,agent,1,exp_images/audio\ENGLISH\letter.wav,IMG_17_E_ACT,exp_images/images/women_read_letter.jpg,IMG_17,exp_images/sentences/active_women_letter.jpg,STIM_71,stimuli_list_subj_11_b.csv,ACT,active,agent_first,agent_overt,0.0,
edf23,36,English,sentence_audio,active,2,s_girl_girl_lit_lamp,5398,1019.6,152.9,agent,1,exp_images/audio\ENGLISH\lamp.wav,IMG_01_E_ACT,exp_images/images/girl_lighted_lamp.jpg,IMG_01,exp_images/sentences/active_girl_lamp.jpg,STIM_55,stimuli_list_subj_11_b.csv,ACT,active,agent_first,agent_overt,0.0,
edf24,19,English,sentence_audio,passive_dropped_agent,2,o_tabla_child_play_tabla,5582,816.8,532.2,object,0,exp_images/audio\ENGLISH\p_woa_tabla.wav,IMG_11_E_PNA,exp_images/images/child_play_tabla.jpg,IMG_11,exp_images/sentences/noagent_child_tabla.jpg,STIM_101,stimuli_list_subj_12_b.csv,PNA,passive_dropped_agent,non_agent_first,agent_dropped,1.0,1.0
edf24,20,English,sentence_audio,passive_dropped_agent,2,o_door_boy_opened_door,7338,955.5,415.7,object,0,exp_images/audio\ENGLISH\p_woa_door.wav,IMG_10_E_PNA,exp_images/images/boy_opened_door.jpg,IMG_10,exp_images/sentences/noagent_boy_door.jpg,STIM_100,stimuli_list_subj_12_b.csv,PNA,passive_dropped_agent,non_agent_first,agent_dropped,1.0,1.0
edf24,21,English,sentence_audio,passive_dropped_agent,2,o_bucket_boy_filled_bucket,6080,958.1,483.9,object,0,exp_images/audio\ENGLISH\p_woa_bucket.wav,IMG_09_E_PNA,exp_images/images/boy_filled_bucket.jpg,IMG_09,exp_images/sentences/noagent_boy_bucket.jpg,STIM_99,stimuli_list_subj_12_b.csv,PNA,passive_dropped_agent,non_agent_first,agent_dropped,1.0,1.0
edf24,22,Punjabi,sentence_audio,active,3,o_dog_girl_fed_dog,6612,992.8,659.7,object,0,exp_images/audio\PUNJABI\fed.wav,IMG_16_P_ACT,exp_images/images/girl_fed_dog.jpg,IMG_16,exp_images/sentences/Fed-dog.jpg,STIM_16,stimuli_list_subj_12_b.csv,ACT,active,agent_first,agent_overt,0.0,
edf24,23,Punjabi,sentence_audio,active,2,o_scooter_driver_wash_scooter,6454,1088.3,590.6,object,0,exp_images/audio\PUNJABI\scooter.wav,IMG_14_P_ACT,exp_images/images/driver_wash_scooter.jpg,IMG_14,exp_images/sentences/Washed-scooter.jpg,STIM_14,stimuli_list_subj_12_b.csv,ACT,active,agent_first,agent_overt,0.0,
edf24,24,Punjabi,sentence_audio,active,2,o_picture_artiste_drew_picture,6208,1120.2,560.0,object,0,exp_images/audio\PUNJABI\picture.wav,IMG_07_P_ACT,exp_images/images/artiste_drew_picture.jpg,IMG_07,exp_images/sentences/Painting.jpg,STIM_07,stimuli_list_subj_12_b.csv,ACT,active,agent_first,agent_overt,0.0,
edf24,25,Punjabi,sentence_audio,passive,4,s_girl_girl_plant_tree,6868,1012.9,511.8,agent,1,exp_images/audio\PUNJABI\p_sapling.wav,IMG_03_P_PWA,exp_images/images/girl_plant_tree.jpg,IMG_03,exp_images/sentences/Sapling-passive.jpg,STIM_21,stimuli_list_subj_12_b.csv,PWA,passive_with_agent,non_agent_first,agent_overt,1.0,0.0
edf24,26,Punjabi,sentence_audio,passive,2,s_child_child_throw_frisbee,5974,1087.1,482.9,agent,1,exp_images/audio\PUNJABI\p_frisbee.wav,IMG_12_P_PWA,exp_images/images/child_throw_frisbee.jpg,IMG_12,exp_images/sentences/Frisbee-passive.jpg,STIM_30,stimuli_list_subj_12_b.csv,PWA,passive_with_agent,non_agent_first,agent_overt,1.0,0.0
edf24,27,Punjabi,sentence_audio,passive,2,o_vase_boy_broke_vase,5578,953.0,482.4,object,0,exp_images/audio\PUNJABI\p_vase.wav,IMG_08_P_PWA,exp_images/images/boy_broke_vase.jpg,IMG_08,exp_images/sentences/Vase-passive.jpg,STIM_26,stimuli_list_subj_12_b.csv,PWA,passive_with_agent,non_agent_first,agent_overt,1.0,0.0
edf24,28,Punjabi,sentence_audio,passive_dropped_agent,2,o_box_man_pushed_box,5724,1194.0,504.1,object,0,exp_images/audio\PUNJABI\p_woa_box.wav,IMG_05_P_PNA,exp_images/images/man_pushed_box.jpg,IMG_05,exp_images/sentences/Pushed-box-woa.jpg,STIM_41,stimuli_list_subj_12_b.csv,PNA,passive_dropped_agent,non_agent_first,agent_dropped,1.0,1.0
edf24,29,Punjabi,sentence_audio,passive_dropped_agent,2,s_man_man_cut_shrub,6082,969.5,439.8,agent,1,exp_images/audio\PUNJABI\p_woa_shrub.wav,IMG_04_P_PNA,exp_images/images/man_cut_shrub.jpg,IMG_04,exp_images/sentences/Shrub-woa.jpg,STIM_40,stimuli_list_subj_12_b.csv,PNA,passive_dropped_agent,non_agent_first,agent_dropped,1.0,1.0
edf24,30,Punjabi,sentence_audio,passive_dropped_agent,3,s_girl_girl_opened_window,6074,939.0,306.2,agent,1,exp_images/audio\PUNJABI\p_woa_window.wav,IMG_02_P_PNA,exp_images/images/girl_opened_window.jpg,IMG_02,exp_images/sentences/Window-woa.jpg,STIM_38,stimuli_list_subj_12_b.csv,PNA,passive_dropped_agent,non_agent_first,agent_dropped,1.0,1.0
edf24,31,English,sentence_audio,active,2,s_dog_dog_dug_hole,6212,971.9,563.8,agent,1,exp_images/audio\ENGLISH\dug.wav,IMG_13_E_ACT,exp_images/images/dog_dug_hole.jpg,IMG_13,exp_images/sentences/active_dog_hole.jpg,STIM_67,stimuli_list_subj_12_b.csv,ACT,active,agent_first,agent_overt,0.0,
edf24,32,English,sentence_audio,active,3,o_veg_boy_cut_vegetables,6476,979.9,782.0,object,0,exp_images/audio\ENGLISH\veg.wav,IMG_18_E_ACT,exp_images/images/boy_cut_vegetables.jpg,IMG_18,exp_images/sentences/active_boy_vegetables.jpg,STIM_72,stimuli_list_subj_12_b.csv,ACT,active,agent_first,agent_overt,0.0,
edf24,33,English,sentence_audio,active,3,o_cake_girl_baked_cake,8152,999.3,538.1,object,0,exp_images/audio\ENGLISH\cake.wav,IMG_15_E_ACT,exp_images/images/girl_baked_cake.jpg,IMG_15,exp_images/sentences/active_girl_cake.jpg,STIM_69,stimuli_list_subj_12_b.csv,ACT,active,agent_first,agent_overt,0.0,
edf24,34,English,sentence_audio,passive,2,s_woman_woman_folded_clothes,6300,948.7,346.5,agent,1,exp_images/audio\ENGLISH\p_clothes.wav,IMG_06_E_PWA,exp_images/images/women_fold_clothes.jpg,IMG_06,exp_images/sentences/passive_woman_clothes.jpg,STIM_78,stimuli_list_subj_12_b.csv,PWA,passive_with_agent,non_agent_first,agent_overt,1.0,0.0
edf24,35,English,sentence_audio,passive,2,s_woman_woman_read_letter,6256,997.7,430.0,agent,1,exp_images/audio\ENGLISH\p_letter.wav,IMG_17_E_PWA,exp_images/images/women_read_letter.jpg,IMG_17,exp_images/sentences/passive_women_letter.jpg,STIM_89,stimuli_list_subj_12_b.csv,PWA,passive_with_agent,non_agent_first,agent_overt,1.0,0.0
edf24,36,English,sentence_audio,passive,2,o_lamp_girl_light_lamp,5638,830.3,454.4,object,0,exp_images/audio\ENGLISH\p_lamp.wav,IMG_01_E_PWA,exp_images/images/girl_lighted_lamp.jpg,IMG_01,exp_images/sentences/passive_girl_lamp.jpg,STIM_73,stimuli_list_subj_12_b.csv,PWA,passive_with_agent,non_agent_first,agent_overt,1.0,0.0
edf25,19,Punjabi,sentence_audio,active,2,o_letter_woman_read_letter,6274,1063.4,700.8,object,0,exp_images/audio\PUNJABI\letter.wav,IMG_17_P_ACT,exp_images/images/women_read_letter.jpg,IMG_17,exp_images/sentences/Letter.jpg,STIM_17,stimuli_list_subj_1_a.csv,ACT,active,agent_first,agent_overt,0.0,
edf25,20,Punjabi,sentence_audio,active,2,o_bucket_boy_filled_bucket,6008,901.7,593.6,object,0,exp_images/audio\PUNJABI\bucket.wav,IMG_09_P_ACT,exp_images/images/boy_filled_bucket.jpg,IMG_09,exp_images/sentences/Bucket.jpg,STIM_09,stimuli_list_subj_1_a.csv,ACT,active,agent_first,agent_overt,0.0,
edf25,21,Punjabi,sentence_audio,active,2,o_clothes_woman_folded_clothes,5918,897.3,608.2,object,0,exp_images/audio\PUNJABI\clothes.wav,IMG_06_P_ACT,exp_images/images/women_fold_clothes.jpg,IMG_06,exp_images/sentences/Folded-clothes.jpg,STIM_06,stimuli_list_subj_1_a.csv,ACT,active,agent_first,agent_overt,0.0,
edf25,22,Punjabi,sentence_audio,passive,2,o_door_boy_opened_door,6162,942.0,597.5,object,0,exp_images/audio\PUNJABI\p_door.wav,IMG_10_P_PWA,exp_images/images/boy_opened_door.jpg,IMG_10,exp_images/sentences/Closed-door-passive.jpg,STIM_28,stimuli_list_subj_1_a.csv,PWA,passive_with_agent,non_agent_first,agent_overt,1.0,0.0
edf25,23,Punjabi,sentence_audio,passive,2,o_lamp_girl_light_lamp,5652,665.7,707.3,object,0,exp_images/audio\PUNJABI\p_lamp.wav,IMG_01_P_PWA,exp_images/images/girl_lighted_lamp.jpg,IMG_01,exp_images/sentences/Lamp-passive.jpg,STIM_19,stimuli_list_subj_1_a.csv,PWA,passive_with_agent,non_agent_first,agent_overt,1.0,0.0
edf25,24,Punjabi,sentence_audio,passive,3,s_driver_driver_wash_scooter,6220,740.9,295.8,agent,1,exp_images/audio\PUNJABI\p_scooter.wav,IMG_14_P_PWA,exp_images/images/driver_wash_scooter.jpg,IMG_14,exp_images/sentences/Washed-scooter-passive.jpg,STIM_32,stimuli_list_subj_1_a.csv,PWA,passive_with_agent,non_agent_first,agent_overt,1.0,0.0
edf25,25,Punjabi,sentence_audio,passive_dropped_agent,2,o_box_man_pushed_box,5704,1048.4,530.0,object,0,exp_images/audio\PUNJABI\p_woa_box.wav,IMG_05_P_PNA,exp_images/images/man_pushed_box.jpg,IMG_05,exp_images/sentences/Pushed-box-woa.jpg,STIM_41,stimuli_list_subj_1_a.csv,PNA,passive_dropped_agent,non_agent_first,agent_dropped,1.0,1.0
edf25,26,Punjabi,sentence_audio,passive_dropped_agent,2,s_girl_girl_plant_tree,5856,970.8,595.2,agent,1,exp_images/audio\PUNJABI\p_woa_sapling.wav,IMG_03_P_PNA,exp_images/images/girl_plant_tree.jpg,IMG_03,exp_images/sentences/Sapling-woa.jpg,STIM_39,stimuli_list_subj_1_a.csv,PNA,passive_dropped_agent,non_agent_first,agent_dropped,1.0,1.0
edf25,27,Punjabi,sentence_audio,passive_dropped_agent,2,o_shrub_man_cut_shrub,5948,674.9,566.8,object,0,exp_images/audio\PUNJABI\p_woa_shrub.wav,IMG_04_P_PNA,exp_images/images/man_cut_shrub.jpg,IMG_04,exp_images/sentences/Shrub-woa.jpg,STIM_40,stimuli_list_subj_1_a.csv,PNA,passive_dropped_agent,non_agent_first,agent_dropped,1.0,1.0
edf25,28,English,sentence_audio,active,3,o_hole_dog_dug_hole,6058,1170.2,815.0,object,0,exp_images/audio\ENGLISH\dug.wav,IMG_13_E_ACT,exp_images/images/dog_dug_hole.jpg,IMG_13,exp_images/sentences/active_dog_hole.jpg,STIM_67,stimuli_list_subj_1_a.csv,ACT,active,agent_first,agent_overt,0.0,
edf25,29,English,sentence_audio,active,2,s_child_child_throw_frisbee,6378,1047.6,536.0,agent,1,exp_images/audio\ENGLISH\frisbee.wav,IMG_12_E_ACT,exp_images/images/child_throw_frisbee.jpg,IMG_12,exp_images/sentences/active_child_frisbee.jpg,STIM_66,stimuli_list_subj_1_a.csv,ACT,active,agent_first,agent_overt,0.0,
edf25,30,English,sentence_audio,active,2,o_tabla_child_play_tabla,5606,868.8,635.6,object,0,exp_images/audio\ENGLISH\tabla.wav,IMG_11_E_ACT,exp_images/images/child_play_tabla.jpg,IMG_11,exp_images/sentences/active_child_tabla.jpg,STIM_65,stimuli_list_subj_1_a.csv,ACT,active,agent_first,agent_overt,0.0,
edf25,31,English,sentence_audio,passive,2,s_artiste_artiste_drew_picture,5784,683.0,534.0,agent,1,exp_images/audio\ENGLISH\p_artist.wav,IMG_07_E_PWA,exp_images/images/artiste_drew_picture.jpg,IMG_07,exp_images/sentences/passive_artist_picture.jpg,STIM_79,stimuli_list_subj_1_a.csv,PWA,passive_with_agent,non_agent_first,agent_overt,1.0,0.0
edf25,32,English,sentence_audio,passive,3,o_cake_girl_baked_cake,6124,929.0,675.3,object,0,exp_images/audio\ENGLISH\p_cake.wav,IMG_15_E_PWA,exp_images/images/girl_baked_cake.jpg,IMG_15,exp_images/sentences/passive_girl_cake.jpg,STIM_87,stimuli_list_subj_1_a.csv,PWA,passive_with_agent,non_agent_first,agent_overt,1.0,0.0
edf25,33,English,sentence_audio,passive,2,o_window_girl_opened_window,6098,1103.2,534.1,object,0,exp_images/audio\ENGLISH\p_window.wav,IMG_02_E_PWA,exp_images/images/girl_opened_window.jpg,IMG_02,exp_images/sentences/passive_girl_window.jpg,STIM_74,stimuli_list_subj_1_a.csv,PWA,passive_with_agent,non_agent_first,agent_overt,1.0,0.0
edf25,34,English,sentence_audio,passive_dropped_agent,2,o_dog_girl_fed_dog,5936,959.0,776.3,object,0,exp_images/audio\ENGLISH\p_woa_fed.wav,IMG_16_E_PNA,exp_images/images/girl_fed_dog.jpg,IMG_16,exp_images/sentences/noagent_girl_dog.jpg,STIM_106,stimuli_list_subj_1_a.csv,PNA,passive_dropped_agent,non_agent_first,agent_dropped,1.0,1.0
edf25,35,English,sentence_audio,passive_dropped_agent,2,o_veg_boy_cut_vegetables,5922,933.1,788.1,object,0,exp_images/audio\ENGLISH\p_woa_veg.wav,IMG_18_E_PNA,exp_images/images/boy_cut_vegetables.jpg,IMG_18,exp_images/sentences/noagent_boy_vegetables.jpg,STIM_108,stimuli_list_subj_1_a.csv,PNA,passive_dropped_agent,non_agent_first,agent_dropped,1.0,1.0
edf25,36,English,sentence_audio,passive_dropped_agent,2,o_vase_boy_broke_vase,6566,881.6,498.9,object,0,exp_images/audio\ENGLISH\p_woa_vase.wav,IMG_08_E_PNA,exp_images/images/boy_broke_vase.jpg,IMG_08,exp_images/sentences/noagent_boy_vase.jpg,STIM_98,stimuli_list_subj_1_a.csv,PNA,passive_dropped_agent,non_agent_first,agent_dropped,1.0,1.0
edf26,19,Punjabi,sentence_audio,passive,2,s_woman_woman_read_letter,6266,922.6,464.2,agent,1,exp_images/audio\PUNJABI\p_letter.wav,IMG_17_P_PWA,exp_images/images/women_read_letter.jpg,IMG_17,exp_images/sentences/Letter-passive.jpg,STIM_35,stimuli_list_subj_2_a.csv,PWA,passive_with_agent,non_agent_first,agent_overt,1.0,0.0
edf26,20,Punjabi,sentence_audio,passive,2,o_bucket_boy_filled_bucket,5644,887.7,598.6,object,0,exp_images/audio\PUNJABI\p_bucket.wav,IMG_09_P_PWA,exp_images/images/boy_filled_bucket.jpg,IMG_09,exp_images/sentences/Bucket-passive.jpg,STIM_27,stimuli_list_subj_2_a.csv,PWA,passive_with_agent,non_agent_first,agent_overt,1.0,0.0
edf26,21,Punjabi,sentence_audio,passive,2,o_clothes_woman_folded_clothes,5666,866.8,756.6,object,0,exp_images/audio\PUNJABI\p_clothes.wav,IMG_06_P_PWA,exp_images/images/women_fold_clothes.jpg,IMG_06,exp_images/sentences/Folded-clothes-passive.jpg,STIM_24,stimuli_list_subj_2_a.csv,PWA,passive_with_agent,non_agent_first,agent_overt,1.0,0.0
edf26,22,Punjabi,sentence_audio,passive_dropped_agent,2,o_door_boy_opened_door,5780,966.9,512.4,object,0,exp_images/audio\PUNJABI\p_woa_door.wav,IMG_10_P_PNA,exp_images/images/boy_opened_door.jpg,IMG_10,exp_images/sentences/Closed-door-woa.jpg,STIM_46,stimuli_list_subj_2_a.csv,PNA,passive_dropped_agent,non_agent_first,agent_dropped,1.0,1.0
edf26,23,Punjabi,sentence_audio,passive_dropped_agent,2,o_lamp_girl_light_lamp,5664,716.2,567.8,object,0,exp_images/audio\PUNJABI\p_woa_lamp.wav,IMG_01_P_PNA,exp_images/images/girl_lighted_lamp.jpg,IMG_01,exp_images/sentences/Lamp-woa.jpg,STIM_37,stimuli_list_subj_2_a.csv,PNA,passive_dropped_agent,non_agent_first,agent_dropped,1.0,1.0
edf26,24,Punjabi,sentence_audio,passive_dropped_agent,2,o_scooter_driver_wash_scooter,6616,895.4,397.3,object,0,exp_images/audio\PUNJABI\p_woa_scooter.wav,IMG_14_P_PNA,exp_images/images/driver_wash_scooter.jpg,IMG_14,exp_images/sentences/Washed-scooter-woa.jpg,STIM_50,stimuli_list_subj_2_a.csv,PNA,passive_dropped_agent,non_agent_first,agent_dropped,1.0,1.0
edf26,25,English,sentence_audio,active,2,o_box_man_pushed_box,5456,1094.5,460.5,object,0,exp_images/audio\ENGLISH\box.wav,IMG_05_E_ACT,exp_images/images/man_pushed_box.jpg,IMG_05,exp_images/sentences/active_man_box.jpg,STIM_59,stimuli_list_subj_2_a.csv,ACT,active,agent_first,agent_overt,0.0,
edf26,26,English,sentence_audio,active,21,s_girl_girl_plant_tree,8302,968.6,257.9,agent,1,exp_images/audio\ENGLISH\sapling.wav,IMG_03_E_ACT,exp_images/images/girl_plant_tree.jpg,IMG_03,exp_images/sentences/active_girl_sapling.jpg,STIM_57,stimuli_list_subj_2_a.csv,ACT,active,agent_first,agent_overt,0.0,
edf26,27,English,sentence_audio,active,2,s_man_man_cut_shrub,5528,1189.7,242.4,agent,1,exp_images/audio\ENGLISH\shrub.wav,IMG_04_E_ACT,exp_images/images/man_cut_shrub.jpg,IMG_04,exp_images/sentences/active_man_shrub.jpg,STIM_58,stimuli_list_subj_2_a.csv,ACT,active,agent_first,agent_overt,0.0,
edf26,29,English,sentence_audio,passive,2,s_child_child_throw_frisbee,6006,1083.3,377.2,agent,1,exp_images/audio\ENGLISH\p_frisbee.wav,IMG_12_E_PWA,exp_images/images/child_throw_frisbee.jpg,IMG_12,exp_images/sentences/passive_child_frisbee.jpg,STIM_84,stimuli_list_subj_2_a.csv,PWA,passive_with_agent,non_agent_first,agent_overt,1.0,0.0
edf26,30,English,sentence_audio,passive,2,o_tabla_child_play_tabla,5786,738.0,687.8,object,0,exp_images/audio\ENGLISH\p_tabla.wav,IMG_11_E_PWA,exp_images/images/child_play_tabla.jpg,IMG_11,exp_images/sentences/passive_child_tabla.jpg,STIM_83,stimuli_list_subj_2_a.csv,PWA,passive_with_agent,non_agent_first,agent_overt,1.0,0.0
edf26,31,English,sentence_audio,passive_dropped_agent,2,o_picture_artiste_drew_picture,6302,1061.1,436.6,object,0,exp_images/audio\ENGLISH\p_woa_draw.wav,IMG_07_E_PNA,exp_images/images/artiste_drew_picture.jpg,IMG_07,exp_images/sentences/noagent_artist_picture.jpg,STIM_97,stimuli_list_subj_2_a.csv,PNA,passive_dropped_agent,non_agent_first,agent_dropped,1.0,1.0
edf26,32,English,sentence_audio,passive_dropped_agent,3,o_cake_girl_baked_cake,6054,924.0,630.3,object,0,exp_images/audio\ENGLISH\p_woa_cake.wav,IMG_15_E_PNA,exp_images/images/girl_baked_cake.jpg,IMG_15,exp_images/sentences/noagent_girl_cake.jpg,STIM_105,stimuli_list_subj_2_a.csv,PNA,passive_dropped_agent,non_agent_first,agent_dropped,1.0,1.0
edf26,33,English,sentence_audio,passive_dropped_agent,2,o_window_girl_opened_window,6334,1265.7,498.7,object,0,exp_images/audio\ENGLISH\p_woa_window.wav,IMG_02_E_PNA,exp_images/images/girl_opened_window.jpg,IMG_02,exp_images/sentences/noagent_girl_window.jpg,STIM_92,stimuli_list_subj_2_a.csv,PNA,passive_dropped_agent,non_agent_first,agent_dropped,1.0,1.0
edf26,34,Punjabi,sentence_audio,active,2,s_girl_girl_fed_dog,5424,797.4,575.0,agent,1,exp_images/audio\PUNJABI\fed.wav,IMG_16_P_ACT,exp_images/images/girl_fed_dog.jpg,IMG_16,exp_images/sentences/Fed-dog.jpg,STIM_16,stimuli_list_subj_2_a.csv,ACT,active,agent_first,agent_overt,0.0,
edf26,35,Punjabi,sentence_audio,active,2,o_veg_boy_cut_vegetables,6112,966.2,829.4,object,0,exp_images/audio\PUNJABI\veg.wav,IMG_18_P_ACT,exp_images/images/boy_cut_vegetables.jpg,IMG_18,exp_images/sentences/Veg.jpg,STIM_18,stimuli_list_subj_2_a.csv,ACT,active,agent_first,agent_overt,0.0,
edf26,36,Punjabi,sentence_audio,active,2,o_vase_boy_broke_vase,5900,971.5,579.7,object,0,exp_images/audio\PUNJABI\vase.wav,IMG_08_P_ACT,exp_images/images/boy_broke_vase.jpg,IMG_08,exp_images/sentences/Vase.jpg,STIM_08,stimuli_list_subj_2_a.csv,ACT,active,agent_first,agent_overt,0.0,
edf27,19,Punjabi,sentence_audio,passive_dropped_agent,2,s_woman_woman_read_letter,6126,898.6,469.3,agent,1,exp_images/audio\PUNJABI\p_woa_letter.wav,IMG_17_P_PNA,exp_images/images/women_read_letter.jpg,IMG_17,exp_images/sentences/Letter-woa.jpg,STIM_53,stimuli_list_subj_3_a.csv,PNA,passive_dropped_agent,non_agent_first,agent_dropped,1.0,1.0
edf27,20,Punjabi,sentence_audio,passive_dropped_agent,2,s_boy_boy_filled_bucket,6138,1025.0,304.9,agent,1,exp_images/audio\PUNJABI\p_woa_tub.wav,IMG_09_P_PNA,exp_images/images/boy_filled_bucket.jpg,IMG_09,exp_images/sentences/Bucket-woa.jpg,STIM_45,stimuli_list_subj_3_a.csv,PNA,passive_dropped_agent,non_agent_first,agent_dropped,1.0,1.0
edf27,21,Punjabi,sentence_audio,passive_dropped_agent,2,o_clothes_woman_folded_clothes,5938,863.7,690.4,object,0,exp_images/audio\PUNJABI\p_woa_clothes.wav,IMG_06_P_PNA,exp_images/images/women_fold_clothes.jpg,IMG_06,exp_images/sentences/Folded-clothes-woa.jpg,STIM_42,stimuli_list_subj_3_a.csv,PNA,passive_dropped_agent,non_agent_first,agent_dropped,1.0,1.0
edf27,22,English,sentence_audio,active,2,o_door_boy_opened_door,5736,995.9,502.6,object,0,exp_images/audio\ENGLISH\door.wav,IMG_10_E_ACT,exp_images/images/boy_opened_door.jpg,IMG_10,exp_images/sentences/active_boy_door.jpg,STIM_64,stimuli_list_subj_3_a.csv,ACT,active,agent_first,agent_overt,0.0,
edf27,23,English,sentence_audio,active,2,o_lamp_girl_light_lamp,5782,765.3,508.0,object,0,exp_images/audio\ENGLISH\lamp.wav,IMG_01_E_ACT,exp_images/images/girl_lighted_lamp.jpg,IMG_01,exp_images/sentences/active_girl_lamp.jpg,STIM_55,stimuli_list_subj_3_a.csv,ACT,active,agent_first,agent_overt,0.0,
edf27,24,English,sentence_audio,active,2,o_scooter_driver_wash_scooter,5956,1033.1,367.2,object,0,exp_images/audio\ENGLISH\scooter.wav,IMG_14_E_ACT,exp_images/images/driver_wash_scooter.jpg,IMG_14,exp_images/sentences/active_driver_scooter.jpg,STIM_68,stimuli_list_subj_3_a.csv,ACT,active,agent_first,agent_overt,0.0,
edf27,25,English,sentence_audio,passive,2,o_box_man_pushed_box,6398,1121.7,419.0,object,0,exp_images/audio\ENGLISH\p_box.wav,IMG_05_E_PWA,exp_images/images/man_pushed_box.jpg,IMG_05,exp_images/sentences/passive_man_box.jpg,STIM_77,stimuli_list_subj_3_a.csv,PWA,passive_with_agent,non_agent_first,agent_overt,1.0,0.0
edf27,26,English,sentence_audio,passive,2,o_tree_girl_plant_tree,5816,653.6,553.5,object,0,exp_images/audio\ENGLISH\p_sapling.wav,IMG_03_E_PWA,exp_images/images/girl_plant_tree.jpg,IMG_03,exp_images/sentences/passive_girl_sapling.jpg,STIM_75,stimuli_list_subj_3_a.csv,PWA,passive_with_agent,non_agent_first,agent_overt,1.0,0.0
edf27,27,English,sentence_audio,passive,2,o_shrub_man_cut_shrub,5604,751.3,444.8,object,0,exp_images/audio\ENGLISH\p_shrub.wav,IMG_04_E_PWA,exp_images/images/man_cut_shrub.jpg,IMG_04,exp_images/sentences/passive_man_shrub.jpg,STIM_76,stimuli_list_subj_3_a.csv,PWA,passive_with_agent,non_agent_first,agent_overt,1.0,0.0
edf27,28,English,sentence_audio,passive_dropped_agent,3,o_hole_dog_dug_hole,6276,1145.8,731.7,object,0,exp_images/audio\ENGLISH\p_woa_dug.wav,IMG_13_E_PNA,exp_images/images/dog_dug_hole.jpg,IMG_13,exp_images/sentences/noagent_dog_hole.jpg,STIM_103,stimuli_list_subj_3_a.csv,PNA,passive_dropped_agent,non_agent_first,agent_dropped,1.0,1.0
edf27,29,English,sentence_audio,passive_dropped_agent,3,o_frisbee_child_throw_frisbee,6066,823.8,306.3,object,0,exp_images/audio\ENGLISH\p_woa_frisbee.wav,IMG_12_E_PNA,exp_images/images/child_throw_frisbee.jpg,IMG_12,exp_images/sentences/noagent_child_frisbee.jpg,STIM_102,stimuli_list_subj_3_a.csv,PNA,passive_dropped_agent,non_agent_first,agent_dropped,1.0,1.0
edf27,30,English,sentence_audio,passive_dropped_agent,2,o_tabla_child_play_tabla,6300,750.0,540.4,object,0,exp_images/audio\ENGLISH\p_woa_tabla.wav,IMG_11_E_PNA,exp_images/images/child_play_tabla.jpg,IMG_11,exp_images/sentences/noagent_child_tabla.jpg,STIM_101,stimuli_list_subj_3_a.csv,PNA,passive_dropped_agent,non_agent_first,agent_dropped,1.0,1.0
edf27,31,Punjabi,sentence_audio,active,2,s_artiste_artiste_drew_picture,6100,748.9,251.6,agent,1,exp_images/audio\PUNJABI\picture.wav,IMG_07_P_ACT,exp_images/images/artiste_drew_picture.jpg,IMG_07,exp_images/sentences/Painting.jpg,STIM_07,stimuli_list_subj_3_a.csv,ACT,active,agent_first,agent_overt,0.0,
edf27,32,Punjabi,sentence_audio,active,2,s_girl_girl_baked_cake,5862,957.4,393.0,agent,1,exp_images/audio\PUNJABI\cake.wav,IMG_15_P_ACT,exp_images/images/girl_baked_cake.jpg,IMG_15,exp_images/sentences/Cake.jpg,STIM_15,stimuli_list_subj_3_a.csv,ACT,active,agent_first,agent_overt,0.0,
edf27,33,Punjabi,sentence_audio,active,2,s_girl_girl_opened_window,5788,857.5,358.5,agent,1,exp_images/audio\PUNJABI\window.wav,IMG_02_P_ACT,exp_images/images/girl_opened_window.jpg,IMG_02,exp_images/sentences/Window.jpg,STIM_02,stimuli_list_subj_3_a.csv,ACT,active,agent_first,agent_overt,0.0,
edf27,34,Punjabi,sentence_audio,passive,2,o_dog_girl_fed_dog,5656,980.3,631.7,object,0,exp_images/audio\PUNJABI\p_fed.wav,IMG_16_P_PWA,exp_images/images/girl_fed_dog.jpg,IMG_16,exp_images/sentences/Fed-dog-passive.jpg,STIM_34,stimuli_list_subj_3_a.csv,PWA,passive_with_agent,non_agent_first,agent_overt,1.0,0.0
edf27,35,Punjabi,sentence_audio,passive,2,o_veg_boy_cut_vegetables,6100,989.7,756.9,object,0,exp_images/audio\PUNJABI\p_veg.wav,IMG_18_P_PWA,exp_images/images/boy_cut_vegetables.jpg,IMG_18,exp_images/sentences/Veg-passive.jpg,STIM_36,stimuli_list_subj_3_a.csv,PWA,passive_with_agent,non_agent_first,agent_overt,1.0,0.0
edf27,36,Punjabi,sentence_audio,passive,2,o_vase_boy_broke_vase,6340,966.8,357.2,object,0,exp_images/audio\PUNJABI\p_vase.wav,IMG_08_P_PWA,exp_images/images/boy_broke_vase.jpg,IMG_08,exp_images/sentences/Vase-passive.jpg,STIM_26,stimuli_list_subj_3_a.csv,PWA,passive_with_agent,non_agent_first,agent_overt,1.0,0.0
edf28,19,English,sentence_audio,active,2,o_letter_woman_read_letter,6656,1100.8,627.8,object,0,exp_images/audio\ENGLISH\letter.wav,IMG_17_E_ACT,exp_images/images/women_read_letter.jpg,IMG_17,exp_images/sentences/active_women_letter.jpg,STIM_71,stimuli_list_subj_4_a.csv,ACT,active,agent_first,agent_overt,0.0,
edf28,20,English,sentence_audio,active,2,o_bucket_boy_filled_bucket,5896,923.6,591.8,object,0,exp_images/audio\ENGLISH\bucket.wav,IMG_09_E_ACT,exp_images/images/boy_filled_bucket.jpg,IMG_09,exp_images/sentences/active_boy_bucket.jpg,STIM_63,stimuli_list_subj_4_a.csv,ACT,active,agent_first,agent_overt,0.0,
edf28,21,English,sentence_audio,active,2,s_woman_woman_folded_clothes,5588,982.3,381.7,agent,1,exp_images/audio\ENGLISH\clothes.wav,IMG_06_E_ACT,exp_images/images/women_fold_clothes.jpg,IMG_06,exp_images/sentences/active_woman_clothes.jpg,STIM_60,stimuli_list_subj_4_a.csv,ACT,active,agent_first,agent_overt,0.0,
edf28,22,English,sentence_audio,passive,2,o_door_boy_opened_door,5866,1035.7,499.1,object,0,exp_images/audio\ENGLISH\p_door.wav,IMG_10_E_PWA,exp_images/images/boy_opened_door.jpg,IMG_10,exp_images/sentences/passive_boy_door.jpg,STIM_82,stimuli_list_subj_4_a.csv,PWA,passive_with_agent,non_agent_first,agent_overt,1.0,0.0
edf28,23,English,sentence_audio,passive,2,o_lamp_girl_light_lamp,5782,804.9,566.6,object,0,exp_images/audio\ENGLISH\p_lamp.wav,IMG_01_E_PWA,exp_images/images/girl_lighted_lamp.jpg,IMG_01,exp_images/sentences/passive_girl_lamp.jpg,STIM_73,stimuli_list_subj_4_a.csv,PWA,passive_with_agent,non_agent_first,agent_overt,1.0,0.0
edf28,24,English,sentence_audio,passive,2,o_scooter_driver_wash_scooter,5614,1033.0,477.6,object,0,exp_images/audio\ENGLISH\p_scooter.wav,IMG_14_E_PWA,exp_images/images/driver_wash_scooter.jpg,IMG_14,exp_images/sentences/passive_driver_scooter.jpg,STIM_86,stimuli_list_subj_4_a.csv,PWA,passive_with_agent,non_agent_first,agent_overt,1.0,0.0
edf28,25,English,sentence_audio,passive_dropped_agent,2,o_box_man_pushed_box,6402,1062.5,419.3,object,0,exp_images/audio\ENGLISH\p_woa_box.wav,IMG_05_E_PNA,exp_images/images/man_pushed_box.jpg,IMG_05,exp_images/sentences/noagent_man_box.jpg,STIM_95,stimuli_list_subj_4_a.csv,PNA,passive_dropped_agent,non_agent_first,agent_dropped,1.0,1.0
edf28,26,English,sentence_audio,passive_dropped_agent,2,o_tree_girl_plant_tree,5472,777.3,692.3,object,0,exp_images/audio\ENGLISH\p_woa_sapling.wav,IMG_03_E_PNA,exp_images/images/girl_plant_tree.jpg,IMG_03,exp_images/sentences/noagent_girl_sapling.jpg,STIM_93,stimuli_list_subj_4_a.csv,PNA,passive_dropped_agent,non_agent_first,agent_dropped,1.0,1.0
edf28,27,English,sentence_audio,passive_dropped_agent,2,o_shrub_man_cut_shrub,5444,879.0,501.9,object,0,exp_images/audio\ENGLISH\p_woa_shrub.wav,IMG_04_E_PNA,exp_images/images/man_cut_shrub.jpg,IMG_04,exp_images/sentences/noagent_man_shrub.jpg,STIM_94,stimuli_list_subj_4_a.csv,PNA,passive_dropped_agent,non_agent_first,agent_dropped,1.0,1.0
edf28,28,Punjabi,sentence_audio,active,2,s_dog_dog_dug_hole,6320,888.6,615.3,agent,1,exp_images/audio\PUNJABI\dug.wav,IMG_13_P_ACT,exp_images/images/dog_dug_hole.jpg,IMG_13,exp_images/sentences/Dog-dug.jpg,STIM_13,stimuli_list_subj_4_a.csv,ACT,active,agent_first,agent_overt,0.0,
edf28,29,Punjabi,sentence_audio,active,4,o_frisbee_child_throw_frisbee,6334,792.5,325.1,object,0,exp_images/audio\PUNJABI\frisbee.wav,IMG_12_P_ACT,exp_images/images/child_throw_frisbee.jpg,IMG_12,exp_images/sentences/Frisbee.jpg,STIM_12,stimuli_list_subj_4_a.csv,ACT,active,agent_first,agent_overt,0.0,
edf28,30,Punjabi,sentence_audio,active,2,o_tabla_child_play_tabla,6432,790.5,555.1,object,0,exp_images/audio\PUNJABI\tabla.wav,IMG_11_P_ACT,exp_images/images/child_play_tabla.jpg,IMG_11,exp_images/sentences/Tabla.jpg,STIM_11,stimuli_list_subj_4_a.csv,ACT,active,agent_first,agent_overt,0.0,
edf28,31,Punjabi,sentence_audio,passive,2,o_picture_artiste_drew_picture,5646,1074.9,383.1,object,0,exp_images/audio\PUNJABI\p_picture.wav,IMG_07_P_PWA,exp_images/images/artiste_drew_picture.jpg,IMG_07,exp_images/sentences/Painting-passive.jpg,STIM_25,stimuli_list_subj_4_a.csv,PWA,passive_with_agent,non_agent_first,agent_overt,1.0,0.0
edf28,32,Punjabi,sentence_audio,passive,2,s_girl_girl_baked_cake,5876,904.5,446.5,agent,1,exp_images/audio\PUNJABI\p_cake.wav,IMG_15_P_PWA,exp_images/images/girl_baked_cake.jpg,IMG_15,exp_images/sentences/Cake-passive.jpg,STIM_33,stimuli_list_subj_4_a.csv,PWA,passive_with_agent,non_agent_first,agent_overt,1.0,0.0
edf28,33,Punjabi,sentence_audio,passive,2,s_girl_girl_opened_window,6532,899.2,435.8,agent,1,exp_images/audio\PUNJABI\p_window.wav,IMG_02_P_PWA,exp_images/images/girl_opened_window.jpg,IMG_02,exp_images/sentences/Window-passive.jpg,STIM_20,stimuli_list_subj_4_a.csv,PWA,passive_with_agent,non_agent_first,agent_overt,1.0,0.0
edf28,34,Punjabi,sentence_audio,passive_dropped_agent,2,o_dog_girl_fed_dog,5694,966.1,618.3,object,0,exp_images/audio\PUNJABI\p_woa_fed.wav,IMG_16_P_PNA,exp_images/images/girl_fed_dog.jpg,IMG_16,exp_images/sentences/Fed-dog-woa.jpg,STIM_52,stimuli_list_subj_4_a.csv,PNA,passive_dropped_agent,non_agent_first,agent_dropped,1.0,1.0
edf28,35,Punjabi,sentence_audio,passive_dropped_agent,2,s_boy_boy_cut_vegetables,5788,793.9,549.1,agent,1,exp_images/audio\PUNJABI\p_woa_veg.wav,IMG_18_P_PNA,exp_images/images/boy_cut_vegetables.jpg,IMG_18,exp_images/sentences/Veg-woa.jpg,STIM_54,stimuli_list_subj_4_a.csv,PNA,passive_dropped_agent,non_agent_first,agent_dropped,1.0,1.0
edf28,36,Punjabi,sentence_audio,passive_dropped_agent,2,o_vase_boy_broke_vase,5746,965.5,480.1,object,0,exp_images/audio\PUNJABI\p_woa_vase.wav,IMG_08_P_PNA,exp_images/images/boy_broke_vase.jpg,IMG_08,exp_images/sentences/Vase-woa.jpg,STIM_44,stimuli_list_subj_4_a.csv,PNA,passive_dropped_agent,non_agent_first,agent_dropped,1.0,1.0
edf29,19,English,sentence_audio,passive,2,s_woman_woman_read_letter,5906,980.9,442.4,agent,1,exp_images/audio\ENGLISH\p_letter.wav,IMG_17_E_PWA,exp_images/images/women_read_letter.jpg,IMG_17,exp_images/sentences/passive_women_letter.jpg,STIM_89,stimuli_list_subj_5_a.csv,PWA,passive_with_agent,non_agent_first,agent_overt,1.0,0.0
edf29,20,English,sentence_audio,passive,2,o_bucket_boy_filled_bucket,5998,938.5,598.9,object,0,exp_images/audio\ENGLISH\p_bucket.wav,IMG_09_E_PWA,exp_images/images/boy_filled_bucket.jpg,IMG_09,exp_images/sentences/passive_boy_bucket.jpg,STIM_81,stimuli_list_subj_5_a.csv,PWA,passive_with_agent,non_agent_first,agent_overt,1.0,0.0
edf29,21,English,sentence_audio,passive,2,o_clothes_woman_folded_clothes,6086,938.8,655.0,object,0,exp_images/audio\ENGLISH\p_clothes.wav,IMG_06_E_PWA,exp_images/images/women_fold_clothes.jpg,IMG_06,exp_images/sentences/passive_woman_clothes.jpg,STIM_78,stimuli_list_subj_5_a.csv,PWA,passive_with_agent,non_agent_first,agent_overt,1.0,0.0
edf29,22,English,sentence_audio,passive_dropped_agent,2,o_door_boy_opened_door,5886,993.0,492.9,object,0,exp_images/audio\ENGLISH\p_woa_door.wav,IMG_10_E_PNA,exp_images/images/boy_opened_door.jpg,IMG_10,exp_images/sentences/noagent_boy_door.jpg,STIM_100,stimuli_list_subj_5_a.csv,PNA,passive_dropped_agent,non_agent_first,agent_dropped,1.0,1.0
edf29,23,English,sentence_audio,passive_dropped_agent,2,o_lamp_girl_light_lamp,6176,760.5,555.4,object,0,exp_images/audio\ENGLISH\p_woa_lamp.wav,IMG_01_E_PNA,exp_images/images/girl_lighted_lamp.jpg,IMG_01,exp_images/sentences/noagent_girl_lamp.jpg,STIM_91,stimuli_list_subj_5_a.csv,PNA,passive_dropped_agent,non_agent_first,agent_dropped,1.0,1.0
edf29,24,English,sentence_audio,passive_dropped_agent,2,o_scooter_driver_wash_scooter,5492,1009.9,450.8,object,0,exp_images/audio\ENGLISH\p_woa_scooter.wav,IMG_14_E_PNA,exp_images/images/driver_wash_scooter.jpg,IMG_14,exp_images/sentences/noagent_driver_scooter.jpg,STIM_104,stimuli_list_subj_5_a.csv,PNA,passive_dropped_agent,non_agent_first,agent_dropped,1.0,1.0
edf29,25,Punjabi,sentence_audio,active,2,o_box_man_pushed_box,5606,1116.2,440.5,object,0,exp_images/audio\PUNJABI\box.wav,IMG_05_P_ACT,exp_images/images/man_pushed_box.jpg,IMG_05,exp_images/sentences/Pushed-box.jpg,STIM_05,stimuli_list_subj_5_a.csv,ACT,active,agent_first,agent_overt,0.0,
edf29,26,Punjabi,sentence_audio,active,2,o_tree_girl_plant_tree,5602,718.6,561.0,object,0,exp_images/audio\PUNJABI\sapling.wav,IMG_03_P_ACT,exp_images/images/girl_plant_tree.jpg,IMG_03,exp_images/sentences/Sapling.jpg,STIM_03,stimuli_list_subj_5_a.csv,ACT,active,agent_first,agent_overt,0.0,
edf29,27,Punjabi,sentence_audio,active,2,o_shrub_man_cut_shrub,6098,898.8,458.9,object,0,exp_images/audio\PUNJABI\shrub.wav,IMG_04_P_ACT,exp_images/images/man_cut_shrub.jpg,IMG_04,exp_images/sentences/Shrub.jpg,STIM_04,stimuli_list_subj_5_a.csv,ACT,active,agent_first,agent_overt,0.0,
edf29,28,Punjabi,sentence_audio,passive,2,s_dog_dog_dug_hole,6076,816.1,565.4,agent,1,exp_images/audio\PUNJABI\p_dug.wav,IMG_13_P_PWA,exp_images/images/dog_dug_hole.jpg,IMG_13,exp_images/sentences/Dog-dug-passive.jpg,STIM_31,stimuli_list_subj_5_a.csv,PWA,passive_with_agent,non_agent_first,agent_overt,1.0,0.0
edf29,29,Punjabi,sentence_audio,passive,3,o_frisbee_child_throw_frisbee,6220,781.1,268.5,object,0,exp_images/audio\PUNJABI\p_frisbee.wav,IMG_12_P_PWA,exp_images/images/child_throw_frisbee.jpg,IMG_12,exp_images/sentences/Frisbee-passive.jpg,STIM_30,stimuli_list_subj_5_a.csv,PWA,passive_with_agent,non_agent_first,agent_overt,1.0,0.0
edf29,30,Punjabi,sentence_audio,passive,3,o_tabla_child_play_tabla,5836,769.0,585.0,object,0,exp_images/audio\PUNJABI\p_tabla.wav,IMG_11_P_PWA,exp_images/images/child_play_tabla.jpg,IMG_11,exp_images/sentences/Tabla-passive.jpg,STIM_29,stimuli_list_subj_5_a.csv,PWA,passive_with_agent,non_agent_first,agent_overt,1.0,0.0
edf29,31,Punjabi,sentence_audio,passive_dropped_agent,2,o_picture_artiste_drew_picture,6364,1019.1,428.7,object,0,exp_images/audio\PUNJABI\p_woa_picture.wav,IMG_07_P_PNA,exp_images/images/artiste_drew_picture.jpg,IMG_07,exp_images/sentences/Painting-woa.jpg,STIM_43,stimuli_list_subj_5_a.csv,PNA,passive_dropped_agent,non_agent_first,agent_dropped,1.0,1.0
edf29,32,Punjabi,sentence_audio,passive_dropped_agent,2,o_cake_girl_baked_cake,6206,916.1,569.6,object,0,exp_images/audio\PUNJABI\p_woa_cake.wav,IMG_15_P_PNA,exp_images/images/girl_baked_cake.jpg,IMG_15,exp_images/sentences/Cake-woa.jpg,STIM_51,stimuli_list_subj_5_a.csv,PNA,passive_dropped_agent,non_agent_first,agent_dropped,1.0,1.0
edf29,33,Punjabi,sentence_audio,passive_dropped_agent,2,o_window_girl_opened_window,5778,1118.1,441.2,object,0,exp_images/audio\PUNJABI\p_woa_window.wav,IMG_02_P_PNA,exp_images/images/girl_opened_window.jpg,IMG_02,exp_images/sentences/Window-woa.jpg,STIM_38,stimuli_list_subj_5_a.csv,PNA,passive_dropped_agent,non_agent_first,agent_dropped,1.0,1.0
edf29,34,English,sentence_audio,active,2,o_dog_girl_fed_dog,5974,965.0,603.6,object,0,exp_images/audio\ENGLISH\fed.wav,IMG_16_E_ACT,exp_images/images/girl_fed_dog.jpg,IMG_16,exp_images/sentences/active_girl_dog.jpg,STIM_70,stimuli_list_subj_5_a.csv,ACT,active,agent_first,agent_overt,0.0,
edf29,35,English,sentence_audio,active,2,o_veg_boy_cut_vegetables,5670,955.9,699.6,object,0,exp_images/audio\ENGLISH\veg.wav,IMG_18_E_ACT,exp_images/images/boy_cut_vegetables.jpg,IMG_18,exp_images/sentences/active_boy_vegetables.jpg,STIM_72,stimuli_list_subj_5_a.csv,ACT,active,agent_first,agent_overt,0.0,
edf29,36,English,sentence_audio,active,2,o_vase_boy_broke_vase,6080,942.0,437.1,object,0,exp_images/audio\ENGLISH\vase.wav,IMG_08_E_ACT,exp_images/images/boy_broke_vase.jpg,IMG_08,exp_images/sentences/active_boy_vase.jpg,STIM_62,stimuli_list_subj_5_a.csv,ACT,active,agent_first,agent_overt,0.0,
edf30,19,English,sentence_audio,passive_dropped_agent,2,s_woman_woman_read_letter,5616,958.8,417.8,agent,1,exp_images/audio\ENGLISH\p_woa_letter.wav,IMG_17_E_PNA,exp_images/images/women_read_letter.jpg,IMG_17,exp_images/sentences/noagent_women_letter.jpg,STIM_107,stimuli_list_subj_6_a.csv,PNA,passive_dropped_agent,non_agent_first,agent_dropped,1.0,1.0
edf30,20,English,sentence_audio,passive_dropped_agent,2,o_bucket_boy_filled_bucket,5982,901.0,464.4,object,0,exp_images/audio\ENGLISH\p_woa_bucket.wav,IMG_09_E_PNA,exp_images/images/boy_filled_bucket.jpg,IMG_09,exp_images/sentences/noagent_boy_bucket.jpg,STIM_99,stimuli_list_subj_6_a.csv,PNA,passive_dropped_agent,non_agent_first,agent_dropped,1.0,1.0
edf30,21,English,sentence_audio,passive_dropped_agent,2,o_clothes_woman_folded_clothes,5660,918.0,539.7,object,0,exp_images/audio\ENGLISH\p_woa_clothes.wav,IMG_06_E_PNA,exp_images/images/women_fold_clothes.jpg,IMG_06,exp_images/sentences/noagent_woman_clothes.jpg,STIM_96,stimuli_list_subj_6_a.csv,PNA,passive_dropped_agent,non_agent_first,agent_dropped,1.0,1.0
edf30,22,Punjabi,sentence_audio,active,2,s_boy_boy_opened_door,5648,888.2,423.3,agent,1,exp_images/audio\PUNJABI\door.wav,IMG_10_P_ACT,exp_images/images/boy_opened_door.jpg,IMG_10,exp_images/sentences/Closed-door.jpg,STIM_10,stimuli_list_subj_6_a.csv,ACT,active,agent_first,agent_overt,0.0,
edf30,23,Punjabi,sentence_audio,active,2,o_lamp_girl_light_lamp,5482,777.5,532.5,object,0,exp_images/audio\PUNJABI\lamp.wav,IMG_01_P_ACT,exp_images/images/girl_lighted_lamp.jpg,IMG_01,exp_images/sentences/Lamp.jpg,STIM_01,stimuli_list_subj_6_a.csv,ACT,active,agent_first,agent_overt,0.0,
edf30,24,Punjabi,sentence_audio,active,2,o_scooter_driver_wash_scooter,5892,965.9,418.6,object,0,exp_images/audio\PUNJABI\scooter.wav,IMG_14_P_ACT,exp_images/images/driver_wash_scooter.jpg,IMG_14,exp_images/sentences/Washed-scooter.jpg,STIM_14,stimuli_list_subj_6_a.csv,ACT,active,agent_first,agent_overt,0.0,
edf30,25,Punjabi,sentence_audio,passive,2,s_man_man_pushed_box,6054,977.3,490.9,agent,1,exp_images/audio\PUNJABI\p_box.wav,IMG_05_P_PWA,exp_images/images/man_pushed_box.jpg,IMG_05,exp_images/sentences/Pushed-box-passive.jpg,STIM_23,stimuli_list_subj_6_a.csv,PWA,passive_with_agent,non_agent_first,agent_overt,1.0,0.0
edf30,26,Punjabi,sentence_audio,passive,2,o_tree_girl_plant_tree,6136,743.2,597.3,object,0,exp_images/audio\PUNJABI\p_sapling.wav,IMG_03_P_PWA,exp_images/images/girl_plant_tree.jpg,IMG_03,exp_images/sentences/Sapling-passive.jpg,STIM_21,stimuli_list_subj_6_a.csv,PWA,passive_with_agent,non_agent_first,agent_overt,1.0,0.0
edf30,27,Punjabi,sentence_audio,passive,2,o_shrub_man_cut_shrub,5918,814.6,473.2,object,0,exp_images/audio\PUNJABI\p_shrub.wav,IMG_04_P_PWA,exp_images/images/man_cut_shrub.jpg,IMG_04,exp_images/sentences/Shrub-passive.jpg,STIM_22,stimuli_list_subj_6_a.csv,PWA,passive_with_agent,non_agent_first,agent_overt,1.0,0.0
edf30,28,Punjabi,sentence_audio,passive_dropped_agent,2,s_dog_dog_dug_hole,6288,884.9,550.8,agent,1,exp_images/audio\PUNJABI\p_woa_dug.wav,IMG_13_P_PNA,exp_images/images/dog_dug_hole.jpg,IMG_13,exp_images/sentences/Dog-dug-woa.jpg,STIM_49,stimuli_list_subj_6_a.csv,PNA,passive_dropped_agent,non_agent_first,agent_dropped,1.0,1.0
edf30,29,Punjabi,sentence_audio,passive_dropped_agent,2,s_child_child_throw_frisbee,6074,1058.3,377.7,agent,1,exp_images/audio\PUNJABI\p_woa_frisbee.wav,IMG_12_P_PNA,exp_images/images/child_throw_frisbee.jpg,IMG_12,exp_images/sentences/Frisbee-woa.jpg,STIM_48,stimuli_list_subj_6_a.csv,PNA,passive_dropped_agent,non_agent_first,agent_dropped,1.0,1.0
edf30,30,Punjabi,sentence_audio,passive_dropped_agent,2,s_child_child_play_tabla,5848,940.9,385.2,agent,1,exp_images/audio\PUNJABI\p_woa_tabla.wav,IMG_11_P_PNA,exp_images/images/child_play_tabla.jpg,IMG_11,exp_images/sentences/Tabla-woa.jpg,STIM_47,stimuli_list_subj_6_a.csv,PNA,passive_dropped_agent,non_agent_first,agent_dropped,1.0,1.0
edf30,31,English,sentence_audio,active,2,o_picture_artiste_drew_picture,6350,1074.6,475.0,object,0,exp_images/audio\ENGLISH\picture.wav,IMG_07_E_ACT,exp_images/images/artiste_drew_picture.jpg,IMG_07,exp_images/sentences/active_artist_picture.jpg,STIM_61,stimuli_list_subj_6_a.csv,ACT,active,agent_first,agent_overt,0.0,
edf30,32,English,sentence_audio,active,2,o_cake_girl_baked_cake,6414,962.2,598.0,object,0,exp_images/audio\ENGLISH\cake.wav,IMG_15_E_ACT,exp_images/images/girl_baked_cake.jpg,IMG_15,exp_images/sentences/active_girl_cake.jpg,STIM_69,stimuli_list_subj_6_a.csv,ACT,active,agent_first,agent_overt,0.0,
edf30,33,English,sentence_audio,active,2,s_girl_girl_opened_window,6006,860.0,439.4,agent,1,exp_images/audio\ENGLISH\window.wav,IMG_02_E_ACT,exp_images/images/girl_opened_window.jpg,IMG_02,exp_images/sentences/active_girl_window.jpg,STIM_56,stimuli_list_subj_6_a.csv,ACT,active,agent_first,agent_overt,0.0,
edf30,34,English,sentence_audio,passive,2,s_girl_girl_fed_dog,6066,886.2,604.4,agent,1,exp_images/audio\ENGLISH\p_fed.wav,IMG_16_E_PWA,exp_images/images/girl_fed_dog.jpg,IMG_16,exp_images/sentences/passive_girl_dog.jpg,STIM_88,stimuli_list_subj_6_a.csv,PWA,passive_with_agent,non_agent_first,agent_overt,1.0,0.0
edf30,35,English,sentence_audio,passive,2,o_veg_boy_cut_vegetables,6396,892.3,723.5,object,0,exp_images/audio\ENGLISH\p_veg.wav,IMG_18_E_PWA,exp_images/images/boy_cut_vegetables.jpg,IMG_18,exp_images/sentences/passive_boy_vegetables.jpg,STIM_90,stimuli_list_subj_6_a.csv,PWA,passive_with_agent,non_agent_first,agent_overt,1.0,0.0
edf30,36,English,sentence_audio,passive,2,o_vase_boy_broke_vase,5946,866.4,575.2,object,0,exp_images/audio\ENGLISH\p_vase.wav,IMG_08_E_PWA,exp_images/images/boy_broke_vase.jpg,IMG_08,exp_images/sentences/passive_boy_vase.jpg,STIM_80,stimuli_list_subj_6_a.csv,PWA,passive_with_agent,non_agent_first,agent_overt,1.0,0.0
edf31,19,Punjabi,sentence_audio,active,2,s_woman_woman_read_letter,5930,957.8,429.3,agent,1,exp_images/audio\PUNJABI\letter.wav,IMG_17_P_ACT,exp_images/images/women_read_letter.jpg,IMG_17,exp_images/sentences/Letter.jpg,STIM_17,stimuli_list_subj_7_a.csv,ACT,active,agent_first,agent_overt,0.0,
edf31,20,Punjabi,sentence_audio,active,2,o_bucket_boy_filled_bucket,5626,903.8,534.0,object,0,exp_images/audio\PUNJABI\bucket.wav,IMG_09_P_ACT,exp_images/images/boy_filled_bucket.jpg,IMG_09,exp_images/sentences/Bucket.jpg,STIM_09,stimuli_list_subj_7_a.csv,ACT,active,agent_first,agent_overt,0.0,
edf31,21,Punjabi,sentence_audio,active,2,o_clothes_woman_folded_clothes,5712,905.6,643.8,object,0,exp_images/audio\PUNJABI\clothes.wav,IMG_06_P_ACT,exp_images/images/women_fold_clothes.jpg,IMG_06,exp_images/sentences/Folded-clothes.jpg,STIM_06,stimuli_list_subj_7_a.csv,ACT,active,agent_first,agent_overt,0.0,
edf31,22,Punjabi,sentence_audio,passive,2,s_boy_boy_opened_door,6064,895.3,451.0,agent,1,exp_images/audio\PUNJABI\p_door.wav,IMG_10_P_PWA,exp_images/images/boy_opened_door.jpg,IMG_10,exp_images/sentences/Closed-door-passive.jpg,STIM_28,stimuli_list_subj_7_a.csv,PWA,passive_with_agent,non_agent_first,agent_overt,1.0,0.0
edf31,23,Punjabi,sentence_audio,passive,2,s_girl_girl_lit_lamp,6020,953.9,457.6,agent,1,exp_images/audio\PUNJABI\p_lamp.wav,IMG_01_P_PWA,exp_images/images/girl_lighted_lamp.jpg,IMG_01,exp_images/sentences/Lamp-passive.jpg,STIM_19,stimuli_list_subj_7_a.csv,PWA,passive_with_agent,non_agent_first,agent_overt,1.0,0.0
edf31,24,Punjabi,sentence_audio,passive,2,s_driver_driver_wash_scooter,5682,823.7,260.3,agent,1,exp_images/audio\PUNJABI\p_scooter.wav,IMG_14_P_PWA,exp_images/images/driver_wash_scooter.jpg,IMG_14,exp_images/sentences/Washed-scooter-passive.jpg,STIM_32,stimuli_list_subj_7_a.csv,PWA,passive_with_agent,non_agent_first,agent_overt,1.0,0.0
edf31,25,Punjabi,sentence_audio,passive_dropped_agent,2,s_man_man_pushed_box,6352,882.1,467.2,agent,1,exp_images/audio\PUNJABI\p_woa_box.wav,IMG_05_P_PNA,exp_images/images/man_pushed_box.jpg,IMG_05,exp_images/sentences/Pushed-box-woa.jpg,STIM_41,stimuli_list_subj_7_a.csv,PNA,passive_dropped_agent,non_agent_first,agent_dropped,1.0,1.0
edf31,26,Punjabi,sentence_audio,passive_dropped_agent,3,o_tree_girl_plant_tree,5778,744.9,739.1,object,0,exp_images/audio\PUNJABI\p_woa_sapling.wav,IMG_03_P_PNA,exp_images/images/girl_plant_tree.jpg,IMG_03,exp_images/sentences/Sapling-woa.jpg,STIM_39,stimuli_list_subj_7_a.csv,PNA,passive_dropped_agent,non_agent_first,agent_dropped,1.0,1.0
edf31,27,Punjabi,sentence_audio,passive_dropped_agent,2,o_shrub_man_cut_shrub,6284,833.9,354.2,object,0,exp_images/audio\PUNJABI\p_woa_shrub.wav,IMG_04_P_PNA,exp_images/images/man_cut_shrub.jpg,IMG_04,exp_images/sentences/Shrub-woa.jpg,STIM_40,stimuli_list_subj_7_a.csv,PNA,passive_dropped_agent,non_agent_first,agent_dropped,1.0,1.0
edf31,28,English,sentence_audio,active,2,s_dog_dog_dug_hole,5846,828.7,578.8,agent,1,exp_images/audio\ENGLISH\dug.wav,IMG_13_E_ACT,exp_images/images/dog_dug_hole.jpg,IMG_13,exp_images/sentences/active_dog_hole.jpg,STIM_67,stimuli_list_subj_7_a.csv,ACT,active,agent_first,agent_overt,0.0,
edf31,29,English,sentence_audio,active,2,s_child_child_throw_frisbee,6158,1056.6,394.4,agent,1,exp_images/audio\ENGLISH\frisbee.wav,IMG_12_E_ACT,exp_images/images/child_throw_frisbee.jpg,IMG_12,exp_images/sentences/active_child_frisbee.jpg,STIM_66,stimuli_list_subj_7_a.csv,ACT,active,agent_first,agent_overt,0.0,
edf31,30,English,sentence_audio,active,2,s_child_child_play_tabla,5938,974.8,381.0,agent,1,exp_images/audio\ENGLISH\tabla.wav,IMG_11_E_ACT,exp_images/images/child_play_tabla.jpg,IMG_11,exp_images/sentences/active_child_tabla.jpg,STIM_65,stimuli_list_subj_7_a.csv,ACT,active,agent_first,agent_overt,0.0,
edf31,31,English,sentence_audio,passive,2,s_artiste_artiste_drew_picture,6508,695.1,236.7,agent,1,exp_images/audio\ENGLISH\p_artist.wav,IMG_07_E_PWA,exp_images/images/artiste_drew_picture.jpg,IMG_07,exp_images/sentences/passive_artist_picture.jpg,STIM_79,stimuli_list_subj_7_a.csv,PWA,passive_with_agent,non_agent_first,agent_overt,1.0,0.0
edf31,32,English,sentence_audio,passive,2,s_girl_girl_baked_cake,5640,884.4,466.2,agent,1,exp_images/audio\ENGLISH\p_cake.wav,IMG_15_E_PWA,exp_images/images/girl_baked_cake.jpg,IMG_15,exp_images/sentences/passive_girl_cake.jpg,STIM_87,stimuli_list_subj_7_a.csv,PWA,passive_with_agent,non_agent_first,agent_overt,1.0,0.0
edf31,33,English,sentence_audio,passive,2,s_girl_girl_opened_window,6078,855.5,437.1,agent,1,exp_images/audio\ENGLISH\p_window.wav,IMG_02_E_PWA,exp_images/images/girl_opened_window.jpg,IMG_02,exp_images/sentences/passive_girl_window.jpg,STIM_74,stimuli_list_subj_7_a.csv,PWA,passive_with_agent,non_agent_first,agent_overt,1.0,0.0
edf31,34,English,sentence_audio,passive_dropped_agent,2,s_girl_girl_fed_dog,6020,869.8,615.1,agent,1,exp_images/audio\ENGLISH\p_woa_fed.wav,IMG_16_E_PNA,exp_images/images/girl_fed_dog.jpg,IMG_16,exp_images/sentences/noagent_girl_dog.jpg,STIM_106,stimuli_list_subj_7_a.csv,PNA,passive_dropped_agent,non_agent_first,agent_dropped,1.0,1.0
edf31,35,English,sentence_audio,passive_dropped_agent,2,s_boy_boy_cut_vegetables,5534,918.3,512.0,agent,1,exp_images/audio\ENGLISH\p_woa_veg.wav,IMG_18_E_PNA,exp_images/images/boy_cut_vegetables.jpg,IMG_18,exp_images/sentences/noagent_boy_vegetables.jpg,STIM_108,stimuli_list_subj_7_a.csv,PNA,passive_dropped_agent,non_agent_first,agent_dropped,1.0,1.0
edf31,36,English,sentence_audio,passive_dropped_agent,2,s_boy_boy_broke_vase,6246,807.3,455.5,agent,1,exp_images/audio\ENGLISH\p_woa_vase.wav,IMG_08_E_PNA,exp_images/images/boy_broke_vase.jpg,IMG_08,exp_images/sentences/noagent_boy_vase.jpg,STIM_98,stimuli_list_subj_7_a.csv,PNA,passive_dropped_agent,non_agent_first,agent_dropped,1.0,1.0
edf32,19,Punjabi,sentence_audio,passive,2,s_woman_woman_read_letter,6466,971.3,410.2,agent,1,exp_images/audio\PUNJABI\p_letter.wav,IMG_17_P_PWA,exp_images/images/women_read_letter.jpg,IMG_17,exp_images/sentences/Letter-passive.jpg,STIM_35,stimuli_list_subj_8_a.csv,PWA,passive_with_agent,non_agent_first,agent_overt,1.0,0.0
edf32,20,Punjabi,sentence_audio,passive,2,o_bucket_boy_filled_bucket,5498,905.7,574.9,object,0,exp_images/audio\PUNJABI\p_bucket.wav,IMG_09_P_PWA,exp_images/images/boy_filled_bucket.jpg,IMG_09,exp_images/sentences/Bucket-passive.jpg,STIM_27,stimuli_list_subj_8_a.csv,PWA,passive_with_agent,non_agent_first,agent_overt,1.0,0.0
edf32,21,Punjabi,sentence_audio,passive,2,o_clothes_woman_folded_clothes,5512,959.4,595.8,object,0,exp_images/audio\PUNJABI\p_clothes.wav,IMG_06_P_PWA,exp_images/images/women_fold_clothes.jpg,IMG_06,exp_images/sentences/Folded-clothes-passive.jpg,STIM_24,stimuli_list_subj_8_a.csv,PWA,passive_with_agent,non_agent_first,agent_overt,1.0,0.0
edf32,22,Punjabi,sentence_audio,passive_dropped_agent,2,o_door_boy_opened_door,5662,968.7,527.5,object,0,exp_images/audio\PUNJABI\p_woa_door.wav,IMG_10_P_PNA,exp_images/images/boy_opened_door.jpg,IMG_10,exp_images/sentences/Closed-door-woa.jpg,STIM_46,stimuli_list_subj_8_a.csv,PNA,passive_dropped_agent,non_agent_first,agent_dropped,1.0,1.0
edf32,23,Punjabi,sentence_audio,passive_dropped_agent,2,o_lamp_girl_light_lamp,5746,725.1,592.1,object,0,exp_images/audio\PUNJABI\p_woa_lamp.wav,IMG_01_P_PNA,exp_images/images/girl_lighted_lamp.jpg,IMG_01,exp_images/sentences/Lamp-woa.jpg,STIM_37,stimuli_list_subj_8_a.csv,PNA,passive_dropped_agent,non_agent_first,agent_dropped,1.0,1.0
edf32,24,Punjabi,sentence_audio,passive_dropped_agent,2,o_scooter_driver_wash_scooter,5746,924.5,503.9,object,0,exp_images/audio\PUNJABI\p_woa_scooter.wav,IMG_14_P_PNA,exp_images/images/driver_wash_scooter.jpg,IMG_14,exp_images/sentences/Washed-scooter-woa.jpg,STIM_50,stimuli_list_subj_8_a.csv,PNA,passive_dropped_agent,non_agent_first,agent_dropped,1.0,1.0
edf32,25,English,sentence_audio,active,2,s_man_man_pushed_box,6266,775.0,571.4,agent,1,exp_images/audio\ENGLISH\box.wav,IMG_05_E_ACT,exp_images/images/man_pushed_box.jpg,IMG_05,exp_images/sentences/active_man_box.jpg,STIM_59,stimuli_list_subj_8_a.csv,ACT,active,agent_first,agent_overt,0.0,
edf32,26,English,sentence_audio,active,2,o_tree_girl_plant_tree,5730,679.7,549.7,object,0,exp_images/audio\ENGLISH\sapling.wav,IMG_03_E_ACT,exp_images/images/girl_plant_tree.jpg,IMG_03,exp_images/sentences/active_girl_sapling.jpg,STIM_57,stimuli_list_subj_8_a.csv,ACT,active,agent_first,agent_overt,0.0,
edf32,27,English,sentence_audio,active,2,o_shrub_man_cut_shrub,5974,893.9,496.5,object,0,exp_images/audio\ENGLISH\shrub.wav,IMG_04_E_ACT,exp_images/images/man_cut_shrub.jpg,IMG_04,exp_images/sentences/active_man_shrub.jpg,STIM_58,stimuli_list_subj_8_a.csv,ACT,active,agent_first,agent_overt,0.0,
edf32,28,English,sentence_audio,passive,2,s_dog_dog_dug_hole,5614,891.5,591.4,agent,1,exp_images/audio\ENGLISH\p_dug.wav,IMG_13_E_PWA,exp_images/images/dog_dug_hole.jpg,IMG_13,exp_images/sentences/passive_dog_hole.jpg,STIM_85,stimuli_list_subj_8_a.csv,PWA,passive_with_agent,non_agent_first,agent_overt,1.0,0.0
edf32,29,English,sentence_audio,passive,3,o_frisbee_child_throw_frisbee,6260,765.1,301.5,object,0,exp_images/audio\ENGLISH\p_frisbee.wav,IMG_12_E_PWA,exp_images/images/child_throw_frisbee.jpg,IMG_12,exp_images/sentences/passive_child_frisbee.jpg,STIM_84,stimuli_list_subj_8_a.csv,PWA,passive_with_agent,non_agent_first,agent_overt,1.0,0.0
edf32,30,English,sentence_audio,passive,2,o_tabla_child_play_tabla,6020,767.9,621.5,object,0,exp_images/audio\ENGLISH\p_tabla.wav,IMG_11_E_PWA,exp_images/images/child_play_tabla.jpg,IMG_11,exp_images/sentences/passive_child_tabla.jpg,STIM_83,stimuli_list_subj_8_a.csv,PWA,passive_with_agent,non_agent_first,agent_overt,1.0,0.0
edf32,31,English,sentence_audio,passive_dropped_agent,2,s_artiste_artiste_drew_picture,5576,856.7,395.4,agent,1,exp_images/audio\ENGLISH\p_woa_draw.wav,IMG_07_E_PNA,exp_images/images/artiste_drew_picture.jpg,IMG_07,exp_images/sentences/noagent_artist_picture.jpg,STIM_97,stimuli_list_subj_8_a.csv,PNA,passive_dropped_agent,non_agent_first,agent_dropped,1.0,1.0
edf32,32,English,sentence_audio,passive_dropped_agent,2,o_cake_girl_baked_cake,5570,903.0,614.7,object,0,exp_images/audio\ENGLISH\p_woa_cake.wav,IMG_15_E_PNA,exp_images/images/girl_baked_cake.jpg,IMG_15,exp_images/sentences/noagent_girl_cake.jpg,STIM_105,stimuli_list_subj_8_a.csv,PNA,passive_dropped_agent,non_agent_first,agent_dropped,1.0,1.0
edf32,33,English,sentence_audio,passive_dropped_agent,2,s_girl_girl_opened_window,5968,902.5,438.6,agent,1,exp_images/audio\ENGLISH\p_woa_window.wav,IMG_02_E_PNA,exp_images/images/girl_opened_window.jpg,IMG_02,exp_images/sentences/noagent_girl_window.jpg,STIM_92,stimuli_list_subj_8_a.csv,PNA,passive_dropped_agent,non_agent_first,agent_dropped,1.0,1.0
edf32,34,Punjabi,sentence_audio,active,2,o_dog_girl_fed_dog,5624,942.1,687.9,object,0,exp_images/audio\PUNJABI\fed.wav,IMG_16_P_ACT,exp_images/images/girl_fed_dog.jpg,IMG_16,exp_images/sentences/Fed-dog.jpg,STIM_16,stimuli_list_subj_8_a.csv,ACT,active,agent_first,agent_overt,0.0,
edf32,35,Punjabi,sentence_audio,active,2,o_veg_boy_cut_vegetables,7000,931.5,850.6,object,0,exp_images/audio\PUNJABI\veg.wav,IMG_18_P_ACT,exp_images/images/boy_cut_vegetables.jpg,IMG_18,exp_images/sentences/Veg.jpg,STIM_18,stimuli_list_subj_8_a.csv,ACT,active,agent_first,agent_overt,0.0,
edf32,36,Punjabi,sentence_audio,active,2,s_boy_boy_broke_vase,6336,782.5,436.1,agent,1,exp_images/audio\PUNJABI\vase.wav,IMG_08_P_ACT,exp_images/images/boy_broke_vase.jpg,IMG_08,exp_images/sentences/Vase.jpg,STIM_08,stimuli_list_subj_8_a.csv,ACT,active,agent_first,agent_overt,0.0,
edf33,19,Punjabi,sentence_audio,passive_dropped_agent,2,s_woman_woman_read_letter,5842,946.8,443.9,agent,1,exp_images/audio\PUNJABI\p_woa_letter.wav,IMG_17_P_PNA,exp_images/images/women_read_letter.jpg,IMG_17,exp_images/sentences/Letter-woa.jpg,STIM_53,stimuli_list_subj_9_a.csv,PNA,passive_dropped_agent,non_agent_first,agent_dropped,1.0,1.0
edf33,20,Punjabi,sentence_audio,passive_dropped_agent,2,o_bucket_boy_filled_bucket,5788,896.5,580.7,object,0,exp_images/audio\PUNJABI\p_woa_tub.wav,IMG_09_P_PNA,exp_images/images/boy_filled_bucket.jpg,IMG_09,exp_images/sentences/Bucket-woa.jpg,STIM_45,stimuli_list_subj_9_a.csv,PNA,passive_dropped_agent,non_agent_first,agent_dropped,1.0,1.0
edf33,21,Punjabi,sentence_audio,passive_dropped_agent,2,o_clothes_woman_folded_clothes,6446,928.2,676.1,object,0,exp_images/audio\PUNJABI\p_woa_clothes.wav,IMG_06_P_PNA,exp_images/images/women_fold_clothes.jpg,IMG_06,exp_images/sentences/Folded-clothes-woa.jpg,STIM_42,stimuli_list_subj_9_a.csv,PNA,passive_dropped_agent,non_agent_first,agent_dropped,1.0,1.0
edf33,22,English,sentence_audio,active,2,s_boy_boy_opened_door,6152,873.1,476.2,agent,1,exp_images/audio\ENGLISH\door.wav,IMG_10_E_ACT,exp_images/images/boy_opened_door.jpg,IMG_10,exp_images/sentences/active_boy_door.jpg,STIM_64,stimuli_list_subj_9_a.csv,ACT,active,agent_first,agent_overt,0.0,
edf33,23,English,sentence_audio,active,2,o_lamp_girl_light_lamp,5980,822.7,505.3,object,0,exp_images/audio\ENGLISH\lamp.wav,IMG_01_E_ACT,exp_images/images/girl_lighted_lamp.jpg,IMG_01,exp_images/sentences/active_girl_lamp.jpg,STIM_55,stimuli_list_subj_9_a.csv,ACT,active,agent_first,agent_overt,0.0,
edf33,24,English,sentence_audio,active,2,o_scooter_driver_wash_scooter,5362,896.4,536.0,object,0,exp_images/audio\ENGLISH\scooter.wav,IMG_14_E_ACT,exp_images/images/driver_wash_scooter.jpg,IMG_14,exp_images/sentences/active_driver_scooter.jpg,STIM_68,stimuli_list_subj_9_a.csv,ACT,active,agent_first,agent_overt,0.0,
edf33,25,English,sentence_audio,passive,2,s_man_man_pushed_box,5386,947.8,511.5,agent,1,exp_images/audio\ENGLISH\p_box.wav,IMG_05_E_PWA,exp_images/images/man_pushed_box.jpg,IMG_05,exp_images/sentences/passive_man_box.jpg,STIM_77,stimuli_list_subj_9_a.csv,PWA,passive_with_agent,non_agent_first,agent_overt,1.0,0.0
edf33,26,English,sentence_audio,passive,2,o_tree_girl_plant_tree,5878,761.4,678.4,object,0,exp_images/audio\ENGLISH\p_sapling.wav,IMG_03_E_PWA,exp_images/images/girl_plant_tree.jpg,IMG_03,exp_images/sentences/passive_girl_sapling.jpg,STIM_75,stimuli_list_subj_9_a.csv,PWA,passive_with_agent,non_agent_first,agent_overt,1.0,0.0
edf33,27,English,sentence_audio,passive,2,o_shrub_man_cut_shrub,6066,769.8,453.2,object,0,exp_images/audio\ENGLISH\p_shrub.wav,IMG_04_E_PWA,exp_images/images/man_cut_shrub.jpg,IMG_04,exp_images/sentences/passive_man_shrub.jpg,STIM_76,stimuli_list_subj_9_a.csv,PWA,passive_with_agent,non_agent_first,agent_overt,1.0,0.0
edf33,28,English,sentence_audio,passive_dropped_agent,2,s_dog_dog_dug_hole,6320,849.6,626.6,agent,1,exp_images/audio\ENGLISH\p_woa_dug.wav,IMG_13_E_PNA,exp_images/images/dog_dug_hole.jpg,IMG_13,exp_images/sentences/noagent_dog_hole.jpg,STIM_103,stimuli_list_subj_9_a.csv,PNA,passive_dropped_agent,non_agent_first,agent_dropped,1.0,1.0
edf33,29,English,sentence_audio,passive_dropped_agent,2,s_child_child_throw_frisbee,5940,1038.2,444.8,agent,1,exp_images/audio\ENGLISH\p_woa_frisbee.wav,IMG_12_E_PNA,exp_images/images/child_throw_frisbee.jpg,IMG_12,exp_images/sentences/noagent_child_frisbee.jpg,STIM_102,stimuli_list_subj_9_a.csv,PNA,passive_dropped_agent,non_agent_first,agent_dropped,1.0,1.0
edf33,30,English,sentence_audio,passive_dropped_agent,2,o_tabla_child_play_tabla,5966,885.8,524.4,object,0,exp_images/audio\ENGLISH\p_woa_tabla.wav,IMG_11_E_PNA,exp_images/images/child_play_tabla.jpg,IMG_11,exp_images/sentences/noagent_child_tabla.jpg,STIM_101,stimuli_list_subj_9_a.csv,PNA,passive_dropped_agent,non_agent_first,agent_dropped,1.0,1.0
edf33,31,Punjabi,sentence_audio,active,2,s_artiste_artiste_drew_picture,5908,748.1,330.2,agent,1,exp_images/audio\PUNJABI\picture.wav,IMG_07_P_ACT,exp_images/images/artiste_drew_picture.jpg,IMG_07,exp_images/sentences/Painting.jpg,STIM_07,stimuli_list_subj_9_a.csv,ACT,active,agent_first,agent_overt,0.0,
edf33,32,Punjabi,sentence_audio,active,4,s_girl_girl_baked_cake,6814,875.7,394.9,agent,1,exp_images/audio\PUNJABI\cake.wav,IMG_15_P_ACT,exp_images/images/girl_baked_cake.jpg,IMG_15,exp_images/sentences/Cake.jpg,STIM_15,stimuli_list_subj_9_a.csv,ACT,active,agent_first,agent_overt,0.0,
edf33,33,Punjabi,sentence_audio,active,2,s_girl_girl_opened_window,6142,946.9,455.2,agent,1,exp_images/audio\PUNJABI\window.wav,IMG_02_P_ACT,exp_images/images/girl_opened_window.jpg,IMG_02,exp_images/sentences/Window.jpg,STIM_02,stimuli_list_subj_9_a.csv,ACT,active,agent_first,agent_overt,0.0,
edf33,34,Punjabi,sentence_audio,passive,2,o_dog_girl_fed_dog,6236,923.4,664.6,object,0,exp_images/audio\PUNJABI\p_fed.wav,IMG_16_P_PWA,exp_images/images/girl_fed_dog.jpg,IMG_16,exp_images/sentences/Fed-dog-passive.jpg,STIM_34,stimuli_list_subj_9_a.csv,PWA,passive_with_agent,non_agent_first,agent_overt,1.0,0.0
edf33,35,Punjabi,sentence_audio,passive,2,o_veg_boy_cut_vegetables,5548,904.0,816.9,object,0,exp_images/audio\PUNJABI\p_veg.wav,IMG_18_P_PWA,exp_images/images/boy_cut_vegetables.jpg,IMG_18,exp_images/sentences/Veg-passive.jpg,STIM_36,stimuli_list_subj_9_a.csv,PWA,passive_with_agent,non_agent_first,agent_overt,1.0,0.0
edf33,36,Punjabi,sentence_audio,passive,2,s_boy_boy_broke_vase,6652,809.6,417.0,agent,1,exp_images/audio\PUNJABI\p_vase.wav,IMG_08_P_PWA,exp_images/images/boy_broke_vase.jpg,IMG_08,exp_images/sentences/Vase-passive.jpg,STIM_26,stimuli_list_subj_9_a.csv,PWA,passive_with_agent,non_agent_first,agent_overt,1.0,0.0
edf34,19,English,sentence_audio,active,2,s_woman_woman_read_letter,5848,959.4,422.5,agent,1,exp_images/audio\ENGLISH\letter.wav,IMG_17_E_ACT,exp_images/images/women_read_letter.jpg,IMG_17,exp_images/sentences/active_women_letter.jpg,STIM_71,stimuli_list_subj_10_a.csv,ACT,active,agent_first,agent_overt,0.0,
edf34,20,English,sentence_audio,active,2,o_bucket_boy_filled_bucket,6390,891.1,483.8,object,0,exp_images/audio\ENGLISH\bucket.wav,IMG_09_E_ACT,exp_images/images/boy_filled_bucket.jpg,IMG_09,exp_images/sentences/active_boy_bucket.jpg,STIM_63,stimuli_list_subj_10_a.csv,ACT,active,agent_first,agent_overt,0.0,
edf34,21,English,sentence_audio,active,2,s_woman_woman_folded_clothes,5918,862.4,443.2,agent,1,exp_images/audio\ENGLISH\clothes.wav,IMG_06_E_ACT,exp_images/images/women_fold_clothes.jpg,IMG_06,exp_images/sentences/active_woman_clothes.jpg,STIM_60,stimuli_list_subj_10_a.csv,ACT,active,agent_first,agent_overt,0.0,
edf34,22,English,sentence_audio,passive,2,s_boy_boy_opened_door,5660,892.8,417.6,agent,1,exp_images/audio\ENGLISH\p_door.wav,IMG_10_E_PWA,exp_images/images/boy_opened_door.jpg,IMG_10,exp_images/sentences/passive_boy_door.jpg,STIM_82,stimuli_list_subj_10_a.csv,PWA,passive_with_agent,non_agent_first,agent_overt,1.0,0.0
edf34,23,English,sentence_audio,passive,2,s_girl_girl_lit_lamp,5552,1017.8,334.9,agent,1,exp_images/audio\ENGLISH\p_lamp.wav,IMG_01_E_PWA,exp_images/images/girl_lighted_lamp.jpg,IMG_01,exp_images/sentences/passive_girl_lamp.jpg,STIM_73,stimuli_list_subj_10_a.csv,PWA,passive_with_agent,non_agent_first,agent_overt,1.0,0.0
edf34,24,English,sentence_audio,passive,2,s_driver_driver_wash_scooter,5880,741.3,236.2,agent,1,exp_images/audio\ENGLISH\p_scooter.wav,IMG_14_E_PWA,exp_images/images/driver_wash_scooter.jpg,IMG_14,exp_images/sentences/passive_driver_scooter.jpg,STIM_86,stimuli_list_subj_10_a.csv,PWA,passive_with_agent,non_agent_first,agent_overt,1.0,0.0
edf34,25,English,sentence_audio,passive_dropped_agent,2,o_box_man_pushed_box,5862,1168.0,404.7,object,0,exp_images/audio\ENGLISH\p_woa_box.wav,IMG_05_E_PNA,exp_images/images/man_pushed_box.jpg,IMG_05,exp_images/sentences/noagent_man_box.jpg,STIM_95,stimuli_list_subj_10_a.csv,PNA,passive_dropped_agent,non_agent_first,agent_dropped,1.0,1.0
edf34,26,English,sentence_audio,passive_dropped_agent,2,o_tree_girl_plant_tree,5702,720.2,535.8,object,0,exp_images/audio\ENGLISH\p_woa_sapling.wav,IMG_03_E_PNA,exp_images/images/girl_plant_tree.jpg,IMG_03,exp_images/sentences/noagent_girl_sapling.jpg,STIM_93,stimuli_list_subj_10_a.csv,PNA,passive_dropped_agent,non_agent_first,agent_dropped,1.0,1.0
edf34,27,English,sentence_audio,passive_dropped_agent,2,o_shrub_man_cut_shrub,6278,890.2,451.9,object,0,exp_images/audio\ENGLISH\p_woa_shrub.wav,IMG_04_E_PNA,exp_images/images/man_cut_shrub.jpg,IMG_04,exp_images/sentences/noagent_man_shrub.jpg,STIM_94,stimuli_list_subj_10_a.csv,PNA,passive_dropped_agent,non_agent_first,agent_dropped,1.0,1.0
edf34,28,Punjabi,sentence_audio,active,3,o_hole_dog_dug_hole,6296,1076.8,769.3,object,0,exp_images/audio\PUNJABI\dug.wav,IMG_13_P_ACT,exp_images/images/dog_dug_hole.jpg,IMG_13,exp_images/sentences/Dog-dug.jpg,STIM_13,stimuli_list_subj_10_a.csv,ACT,active,agent_first,agent_overt,0.0,
edf34,29,Punjabi,sentence_audio,active,2,s_child_child_throw_frisbee,6122,1063.9,331.2,agent,1,exp_images/audio\PUNJABI\frisbee.wav,IMG_12_P_ACT,exp_images/images/child_throw_frisbee.jpg,IMG_12,exp_images/sentences/Frisbee.jpg,STIM_12,stimuli_list_subj_10_a.csv,ACT,active,agent_first,agent_overt,0.0,
edf34,30,Punjabi,sentence_audio,active,2,o_tabla_child_play_tabla,6168,741.4,610.7,object,0,exp_images/audio\PUNJABI\tabla.wav,IMG_11_P_ACT,exp_images/images/child_play_tabla.jpg,IMG_11,exp_images/sentences/Tabla.jpg,STIM_11,stimuli_list_subj_10_a.csv,ACT,active,agent_first,agent_overt,0.0,
edf34,31,Punjabi,sentence_audio,passive,2,s_artiste_artiste_drew_picture,6228,747.6,358.4,agent,1,exp_images/audio\PUNJABI\p_picture.wav,IMG_07_P_PWA,exp_images/images/artiste_drew_picture.jpg,IMG_07,exp_images/sentences/Painting-passive.jpg,STIM_25,stimuli_list_subj_10_a.csv,PWA,passive_with_agent,non_agent_first,agent_overt,1.0,0.0
edf34,32,Punjabi,sentence_audio,passive,2,s_girl_girl_baked_cake,6188,867.6,350.6,agent,1,exp_images/audio\PUNJABI\p_cake.wav,IMG_15_P_PWA,exp_images/images/girl_baked_cake.jpg,IMG_15,exp_images/sentences/Cake-passive.jpg,STIM_33,stimuli_list_subj_10_a.csv,PWA,passive_with_agent,non_agent_first,agent_overt,1.0,0.0
edf34,33,Punjabi,sentence_audio,passive,2,s_girl_girl_opened_window,5600,879.4,405.5,agent,1,exp_images/audio\PUNJABI\p_window.wav,IMG_02_P_PWA,exp_images/images/girl_opened_window.jpg,IMG_02,exp_images/sentences/Window-passive.jpg,STIM_20,stimuli_list_subj_10_a.csv,PWA,passive_with_agent,non_agent_first,agent_overt,1.0,0.0
edf34,34,Punjabi,sentence_audio,passive_dropped_agent,2,s_girl_girl_fed_dog,5666,809.5,458.4,agent,1,exp_images/audio\PUNJABI\p_woa_fed.wav,IMG_16_P_PNA,exp_images/images/girl_fed_dog.jpg,IMG_16,exp_images/sentences/Fed-dog-woa.jpg,STIM_52,stimuli_list_subj_10_a.csv,PNA,passive_dropped_agent,non_agent_first,agent_dropped,1.0,1.0
edf34,35,Punjabi,sentence_audio,passive_dropped_agent,2,o_veg_boy_cut_vegetables,5846,938.5,799.5,object,0,exp_images/audio\PUNJABI\p_woa_veg.wav,IMG_18_P_PNA,exp_images/images/boy_cut_vegetables.jpg,IMG_18,exp_images/sentences/Veg-woa.jpg,STIM_54,stimuli_list_subj_10_a.csv,PNA,passive_dropped_agent,non_agent_first,agent_dropped,1.0,1.0
edf34,36,Punjabi,sentence_audio,passive_dropped_agent,2,s_boy_boy_broke_vase,6322,790.7,383.1,agent,1,exp_images/audio\PUNJABI\p_woa_vase.wav,IMG_08_P_PNA,exp_images/images/boy_broke_vase.jpg,IMG_08,exp_images/sentences/Vase-woa.jpg,STIM_44,stimuli_list_subj_10_a.csv,PNA,passive_dropped_agent,non_agent_first,agent_dropped,1.0,1.0
edf35,19,English,sentence_audio,passive,2,s_woman_woman_read_letter,6140,978.6,403.5,agent,1,exp_images/audio\ENGLISH\p_letter.wav,IMG_17_E_PWA,exp_images/images/women_read_letter.jpg,IMG_17,exp_images/sentences/passive_women_letter.jpg,STIM_89,stimuli_list_subj_11_a.csv,PWA,passive_with_agent,non_agent_first,agent_overt,1.0,0.0
edf35,20,English,sentence_audio,passive,2,o_bucket_boy_filled_bucket,5572,896.3,522.3,object,0,exp_images/audio\ENGLISH\p_bucket.wav,IMG_09_E_PWA,exp_images/images/boy_filled_bucket.jpg,IMG_09,exp_images/sentences/passive_boy_bucket.jpg,STIM_81,stimuli_list_subj_11_a.csv,PWA,passive_with_agent,non_agent_first,agent_overt,1.0,0.0
edf35,21,English,sentence_audio,passive,2,s_woman_woman_folded_clothes,5950,922.1,422.8,agent,1,exp_images/audio\ENGLISH\p_clothes.wav,IMG_06_E_PWA,exp_images/images/women_fold_clothes.jpg,IMG_06,exp_images/sentences/passive_woman_clothes.jpg,STIM_78,stimuli_list_subj_11_a.csv,PWA,passive_with_agent,non_agent_first,agent_overt,1.0,0.0
edf35,22,English,sentence_audio,passive_dropped_agent,3,o_door_boy_opened_door,6670,976.2,510.6,object,0,exp_images/audio\ENGLISH\p_woa_door.wav,IMG_10_E_PNA,exp_images/images/boy_opened_door.jpg,IMG_10,exp_images/sentences/noagent_boy_door.jpg,STIM_100,stimuli_list_subj_11_a.csv,PNA,passive_dropped_agent,non_agent_first,agent_dropped,1.0,1.0
edf35,23,English,sentence_audio,passive_dropped_agent,2,o_lamp_girl_light_lamp,5532,732.1,584.8,object,0,exp_images/audio\ENGLISH\p_woa_lamp.wav,IMG_01_E_PNA,exp_images/images/girl_lighted_lamp.jpg,IMG_01,exp_images/sentences/noagent_girl_lamp.jpg,STIM_91,stimuli_list_subj_11_a.csv,PNA,passive_dropped_agent,non_agent_first,agent_dropped,1.0,1.0
edf35,24,English,sentence_audio,passive_dropped_agent,2,o_scooter_driver_wash_scooter,6098,902.6,362.7,object,0,exp_images/audio\ENGLISH\p_woa_scooter.wav,IMG_14_E_PNA,exp_images/images/driver_wash_scooter.jpg,IMG_14,exp_images/sentences/noagent_driver_scooter.jpg,STIM_104,stimuli_list_subj_11_a.csv,PNA,passive_dropped_agent,non_agent_first,agent_dropped,1.0,1.0
edf35,25,Punjabi,sentence_audio,active,2,s_man_man_pushed_box,6214,974.0,440.9,agent,1,exp_images/audio\PUNJABI\box.wav,IMG_05_P_ACT,exp_images/images/man_pushed_box.jpg,IMG_05,exp_images/sentences/Pushed-box.jpg,STIM_05,stimuli_list_subj_11_a.csv,ACT,active,agent_first,agent_overt,0.0,
edf35,26,Punjabi,sentence_audio,active,2,o_tree_girl_plant_tree,5926,745.5,729.1,object,0,exp_images/audio\PUNJABI\sapling.wav,IMG_03_P_ACT,exp_images/images/girl_plant_tree.jpg,IMG_03,exp_images/sentences/Sapling.jpg,STIM_03,stimuli_list_subj_11_a.csv,ACT,active,agent_first,agent_overt,0.0,
edf35,27,Punjabi,sentence_audio,active,2,o_shrub_man_cut_shrub,6128,840.9,454.8,object,0,exp_images/audio\PUNJABI\shrub.wav,IMG_04_P_ACT,exp_images/images/man_cut_shrub.jpg,IMG_04,exp_images/sentences/Shrub.jpg,STIM_04,stimuli_list_subj_11_a.csv,ACT,active,agent_first,agent_overt,0.0,
edf35,28,Punjabi,sentence_audio,passive,2,s_dog_dog_dug_hole,6000,893.8,577.1,agent,1,exp_images/audio\PUNJABI\p_dug.wav,IMG_13_P_PWA,exp_images/images/dog_dug_hole.jpg,IMG_13,exp_images/sentences/Dog-dug-passive.jpg,STIM_31,stimuli_list_subj_11_a.csv,PWA,passive_with_agent,non_agent_first,agent_overt,1.0,0.0
edf35,29,Punjabi,sentence_audio,passive,2,s_child_child_throw_frisbee,6218,1094.6,340.4,agent,1,exp_images/audio\PUNJABI\p_frisbee.wav,IMG_12_P_PWA,exp_images/images/child_throw_frisbee.jpg,IMG_12,exp_images/sentences/Frisbee-passive.jpg,STIM_30,stimuli_list_subj_11_a.csv,PWA,passive_with_agent,non_agent_first,agent_overt,1.0,0.0
edf35,30,Punjabi,sentence_audio,passive,2,o_tabla_child_play_tabla,6348,755.9,584.7,object,0,exp_images/audio\PUNJABI\p_tabla.wav,IMG_11_P_PWA,exp_images/images/child_play_tabla.jpg,IMG_11,exp_images/sentences/Tabla-passive.jpg,STIM_29,stimuli_list_subj_11_a.csv,PWA,passive_with_agent,non_agent_first,agent_overt,1.0,0.0
edf35,31,Punjabi,sentence_audio,passive_dropped_agent,2,o_picture_artiste_drew_picture,5784,947.8,400.0,object,0,exp_images/audio\PUNJABI\p_woa_picture.wav,IMG_07_P_PNA,exp_images/images/artiste_drew_picture.jpg,IMG_07,exp_images/sentences/Painting-woa.jpg,STIM_43,stimuli_list_subj_11_a.csv,PNA,passive_dropped_agent,non_agent_first,agent_dropped,1.0,1.0
edf35,32,Punjabi,sentence_audio,passive_dropped_agent,2,s_girl_girl_baked_cake,5768,907.7,343.8,agent,1,exp_images/audio\PUNJABI\p_woa_cake.wav,IMG_15_P_PNA,exp_images/images/girl_baked_cake.jpg,IMG_15,exp_images/sentences/Cake-woa.jpg,STIM_51,stimuli_list_subj_11_a.csv,PNA,passive_dropped_agent,non_agent_first,agent_dropped,1.0,1.0
edf35,33,Punjabi,sentence_audio,passive_dropped_agent,2,s_girl_girl_opened_window,5728,875.7,425.7,agent,1,exp_images/audio\PUNJABI\p_woa_window.wav,IMG_02_P_PNA,exp_images/images/girl_opened_window.jpg,IMG_02,exp_images/sentences/Window-woa.jpg,STIM_38,stimuli_list_subj_11_a.csv,PNA,passive_dropped_agent,non_agent_first,agent_dropped,1.0,1.0
edf35,34,English,sentence_audio,active,2,o_dog_girl_fed_dog,5812,949.3,657.9,object,0,exp_images/audio\ENGLISH\fed.wav,IMG_16_E_ACT,exp_images/images/girl_fed_dog.jpg,IMG_16,exp_images/sentences/active_girl_dog.jpg,STIM_70,stimuli_list_subj_11_a.csv,ACT,active,agent_first,agent_overt,0.0,
edf35,35,English,sentence_audio,active,2,o_veg_boy_cut_vegetables,5926,938.3,855.0,object,0,exp_images/audio\ENGLISH\veg.wav,IMG_18_E_ACT,exp_images/images/boy_cut_vegetables.jpg,IMG_18,exp_images/sentences/active_boy_vegetables.jpg,STIM_72,stimuli_list_subj_11_a.csv,ACT,active,agent_first,agent_overt,0.0,
edf35,36,English,sentence_audio,active,2,o_vase_boy_broke_vase,5758,943.8,460.9,object,0,exp_images/audio\ENGLISH\vase.wav,IMG_08_E_ACT,exp_images/images/boy_broke_vase.jpg,IMG_08,exp_images/sentences/active_boy_vase.jpg,STIM_62,stimuli_list_subj_11_a.csv,ACT,active,agent_first,agent_overt,0.0,
edf36,19,English,sentence_audio,passive_dropped_agent,2,s_woman_woman_read_letter,6214,945.5,445.0,agent,1,exp_images/audio\ENGLISH\p_woa_letter.wav,IMG_17_E_PNA,exp_images/images/women_read_letter.jpg,IMG_17,exp_images/sentences/noagent_women_letter.jpg,STIM_107,stimuli_list_subj_12_a.csv,PNA,passive_dropped_agent,non_agent_first,agent_dropped,1.0,1.0
edf36,20,English,sentence_audio,passive_dropped_agent,2,o_bucket_boy_filled_bucket,6142,888.3,519.7,object,0,exp_images/audio\ENGLISH\p_woa_bucket.wav,IMG_09_E_PNA,exp_images/images/boy_filled_bucket.jpg,IMG_09,exp_images/sentences/noagent_boy_bucket.jpg,STIM_99,stimuli_list_subj_12_a.csv,PNA,passive_dropped_agent,non_agent_first,agent_dropped,1.0,1.0
edf36,21,English,sentence_audio,passive_dropped_agent,2,s_woman_woman_folded_clothes,5784,931.4,375.9,agent,1,exp_images/audio\ENGLISH\p_woa_clothes.wav,IMG_06_E_PNA,exp_images/images/women_fold_clothes.jpg,IMG_06,exp_images/sentences/noagent_woman_clothes.jpg,STIM_96,stimuli_list_subj_12_a.csv,PNA,passive_dropped_agent,non_agent_first,agent_dropped,1.0,1.0
edf36,22,Punjabi,sentence_audio,active,2,s_boy_boy_opened_door,5472,861.0,463.8,agent,1,exp_images/audio\PUNJABI\door.wav,IMG_10_P_ACT,exp_images/images/boy_opened_door.jpg,IMG_10,exp_images/sentences/Closed-door.jpg,STIM_10,stimuli_list_subj_12_a.csv,ACT,active,agent_first,agent_overt,0.0,
edf36,23,Punjabi,sentence_audio,active,2,o_lamp_girl_light_lamp,5780,739.6,520.2,object,0,exp_images/audio\PUNJABI\lamp.wav,IMG_01_P_ACT,exp_images/images/girl_lighted_lamp.jpg,IMG_01,exp_images/sentences/Lamp.jpg,STIM_01,stimuli_list_subj_12_a.csv,ACT,active,agent_first,agent_overt,0.0,
edf36,24,Punjabi,sentence_audio,active,2,s_driver_driver_wash_scooter,6378,805.5,312.9,agent,1,exp_images/audio\PUNJABI\scooter.wav,IMG_14_P_ACT,exp_images/images/driver_wash_scooter.jpg,IMG_14,exp_images/sentences/Washed-scooter.jpg,STIM_14,stimuli_list_subj_12_a.csv,ACT,active,agent_first,agent_overt,0.0,
edf36,25,Punjabi,sentence_audio,passive,2,s_man_man_pushed_box,5714,947.0,442.6,agent,1,exp_images/audio\PUNJABI\p_box.wav,IMG_05_P_PWA,exp_images/images/man_pushed_box.jpg,IMG_05,exp_images/sentences/Pushed-box-passive.jpg,STIM_23,stimuli_list_subj_12_a.csv,PWA,passive_with_agent,non_agent_first,agent_overt,1.0,0.0
edf36,26,Punjabi,sentence_audio,passive,2,o_tree_girl_plant_tree,6162,610.3,487.8,object,0,exp_images/audio\PUNJABI\p_sapling.wav,IMG_03_P_PWA,exp_images/images/girl_plant_tree.jpg,IMG_03,exp_images/sentences/Sapling-passive.jpg,STIM_21,stimuli_list_subj_12_a.csv,PWA,passive_with_agent,non_agent_first,agent_overt,1.0,0.0
edf36,27,Punjabi,sentence_audio,passive,2,o_shrub_man_cut_shrub,6420,810.8,460.6,object,0,exp_images/audio\PUNJABI\p_shrub.wav,IMG_04_P_PWA,exp_images/images/man_cut_shrub.jpg,IMG_04,exp_images/sentences/Shrub-passive.jpg,STIM_22,stimuli_list_subj_12_a.csv,PWA,passive_with_agent,non_agent_first,agent_overt,1.0,0.0
edf36,28,Punjabi,sentence_audio,passive_dropped_agent,2,s_dog_dog_dug_hole,5478,867.6,608.1,agent,1,exp_images/audio\PUNJABI\p_woa_dug.wav,IMG_13_P_PNA,exp_images/images/dog_dug_hole.jpg,IMG_13,exp_images/sentences/Dog-dug-woa.jpg,STIM_49,stimuli_list_subj_12_a.csv,PNA,passive_dropped_agent,non_agent_first,agent_dropped,1.0,1.0
edf36,29,Punjabi,sentence_audio,passive_dropped_agent,2,o_frisbee_child_throw_frisbee,5630,784.8,308.4,object,0,exp_images/audio\PUNJABI\p_woa_frisbee.wav,IMG_12_P_PNA,exp_images/images/child_throw_frisbee.jpg,IMG_12,exp_images/sentences/Frisbee-woa.jpg,STIM_48,stimuli_list_subj_12_a.csv,PNA,passive_dropped_agent,non_agent_first,agent_dropped,1.0,1.0
edf36,30,Punjabi,sentence_audio,passive_dropped_agent,2,o_tabla_child_play_tabla,5898,702.8,560.1,object,0,exp_images/audio\PUNJABI\p_woa_tabla.wav,IMG_11_P_PNA,exp_images/images/child_play_tabla.jpg,IMG_11,exp_images/sentences/Tabla-woa.jpg,STIM_47,stimuli_list_subj_12_a.csv,PNA,passive_dropped_agent,non_agent_first,agent_dropped,1.0,1.0
edf36,31,English,sentence_audio,active,2,s_artiste_artiste_drew_picture,6204,864.1,318.5,agent,1,exp_images/audio\ENGLISH\picture.wav,IMG_07_E_ACT,exp_images/images/artiste_drew_picture.jpg,IMG_07,exp_images/sentences/active_artist_picture.jpg,STIM_61,stimuli_list_subj_12_a.csv,ACT,active,agent_first,agent_overt,0.0,
edf36,32,English,sentence_audio,active,2,s_girl_girl_baked_cake,6496,822.7,342.5,agent,1,exp_images/audio\ENGLISH\cake.wav,IMG_15_E_ACT,exp_images/images/girl_baked_cake.jpg,IMG_15,exp_images/sentences/active_girl_cake.jpg,STIM_69,stimuli_list_subj_12_a.csv,ACT,active,agent_first,agent_overt,0.0,
edf36,33,English,sentence_audio,active,2,s_girl_girl_opened_window,5782,865.0,426.8,agent,1,exp_images/audio\ENGLISH\window.wav,IMG_02_E_ACT,exp_images/images/girl_opened_window.jpg,IMG_02,exp_images/sentences/active_girl_window.jpg,STIM_56,stimuli_list_subj_12_a.csv,ACT,active,agent_first,agent_overt,0.0,
edf36,34,English,sentence_audio,passive,2,o_dog_girl_fed_dog,5926,946.6,705.4,object,0,exp_images/audio\ENGLISH\p_fed.wav,IMG_16_E_PWA,exp_images/images/girl_fed_dog.jpg,IMG_16,exp_images/sentences/passive_girl_dog.jpg,STIM_88,stimuli_list_subj_12_a.csv,PWA,passive_with_agent,non_agent_first,agent_overt,1.0,0.0
edf36,35,English,sentence_audio,passive,2,o_veg_boy_cut_vegetables,6176,885.4,806.9,object,0,exp_images/audio\ENGLISH\p_veg.wav,IMG_18_E_PWA,exp_images/images/boy_cut_vegetables.jpg,IMG_18,exp_images/sentences/passive_boy_vegetables.jpg,STIM_90,stimuli_list_subj_12_a.csv,PWA,passive_with_agent,non_agent_first,agent_overt,1.0,0.0
edf36,36,English,sentence_audio,passive,2,o_vase_boy_broke_vase,5866,867.4,387.5,object,0,exp_images/audio\ENGLISH\p_vase.wav,IMG_08_E_PWA,exp_images/images/boy_broke_vase.jpg,IMG_08,exp_images/sentences/passive_boy_vase.jpg,STIM_80,stimuli_list_subj_12_a.csv,PWA,passive_with_agent,non_agent_first,agent_overt,1.0,0.0
edf37,19,Punjabi,sentence_audio,active,3,s_child_child_play_tabla,6142,979.3,343.9,agent,1,exp_images/audio\PUNJABI\tabla.wav,IMG_11_P_ACT,exp_images/images/child_play_tabla.jpg,IMG_11,exp_images/sentences/Tabla.jpg,STIM_11,stimuli_list_subj_1_b.csv,ACT,active,agent_first,agent_overt,0.0,
edf37,20,Punjabi,sentence_audio,active,2,s_boy_boy_opened_door,6254,872.0,386.9,agent,1,exp_images/audio\PUNJABI\door.wav,IMG_10_P_ACT,exp_images/images/boy_opened_door.jpg,IMG_10,exp_images/sentences/Closed-door.jpg,STIM_10,stimuli_list_subj_1_b.csv,ACT,active,agent_first,agent_overt,0.0,
edf37,21,Punjabi,sentence_audio,active,2,o_bucket_boy_filled_bucket,6226,897.0,529.0,object,0,exp_images/audio\PUNJABI\bucket.wav,IMG_09_P_ACT,exp_images/images/boy_filled_bucket.jpg,IMG_09,exp_images/sentences/Bucket.jpg,STIM_09,stimuli_list_subj_1_b.csv,ACT,active,agent_first,agent_overt,0.0,
edf37,22,Punjabi,sentence_audio,passive,2,s_girl_girl_fed_dog,6090,801.4,409.6,agent,1,exp_images/audio\PUNJABI\p_fed.wav,IMG_16_P_PWA,exp_images/images/girl_fed_dog.jpg,IMG_16,exp_images/sentences/Fed-dog-passive.jpg,STIM_34,stimuli_list_subj_1_b.csv,PWA,passive_with_agent,non_agent_first,agent_overt,1.0,0.0
edf37,23,Punjabi,sentence_audio,passive,2,s_driver_driver_wash_scooter,6342,795.6,309.6,agent,1,exp_images/audio\PUNJABI\p_scooter.wav,IMG_14_P_PWA,exp_images/images/driver_wash_scooter.jpg,IMG_14,exp_images/sentences/Washed-scooter-passive.jpg,STIM_32,stimuli_list_subj_1_b.csv,PWA,passive_with_agent,non_agent_first,agent_overt,1.0,0.0
edf37,24,Punjabi,sentence_audio,passive,2,s_artiste_artiste_drew_picture,5758,701.5,263.1,agent,1,exp_images/audio\PUNJABI\p_picture.wav,IMG_07_P_PWA,exp_images/images/artiste_drew_picture.jpg,IMG_07,exp_images/sentences/Painting-passive.jpg,STIM_25,stimuli_list_subj_1_b.csv,PWA,passive_with_agent,non_agent_first,agent_overt,1.0,0.0
edf37,25,Punjabi,sentence_audio,passive_dropped_agent,2,o_tree_girl_plant_tree,6390,787.4,637.9,object,0,exp_images/audio\PUNJABI\p_woa_sapling.wav,IMG_03_P_PNA,exp_images/images/girl_plant_tree.jpg,IMG_03,exp_images/sentences/Sapling-woa.jpg,STIM_39,stimuli_list_subj_1_b.csv,PNA,passive_dropped_agent,non_agent_first,agent_dropped,1.0,1.0
edf37,26,Punjabi,sentence_audio,passive_dropped_agent,2,s_child_child_throw_frisbee,6070,1097.2,362.8,agent,1,exp_images/audio\PUNJABI\p_woa_frisbee.wav,IMG_12_P_PNA,exp_images/images/child_throw_frisbee.jpg,IMG_12,exp_images/sentences/Frisbee-woa.jpg,STIM_48,stimuli_list_subj_1_b.csv,PNA,passive_dropped_agent,non_agent_first,agent_dropped,1.0,1.0
edf37,27,Punjabi,sentence_audio,passive_dropped_agent,2,s_boy_boy_broke_vase,5824,826.0,410.1,agent,1,exp_images/audio\PUNJABI\p_woa_vase.wav,IMG_08_P_PNA,exp_images/images/boy_broke_vase.jpg,IMG_08,exp_images/sentences/Vase-woa.jpg,STIM_44,stimuli_list_subj_1_b.csv,PNA,passive_dropped_agent,non_agent_first,agent_dropped,1.0,1.0
edf37,28,English,sentence_audio,active,2,s_man_man_pushed_box,5634,899.3,504.9,agent,1,exp_images/audio\ENGLISH\box.wav,IMG_05_E_ACT,exp_images/images/man_pushed_box.jpg,IMG_05,exp_images/sentences/active_man_box.jpg,STIM_59,stimuli_list_subj_1_b.csv,ACT,active,agent_first,agent_overt,0.0,
edf37,29,English,sentence_audio,active,2,o_shrub_man_cut_shrub,5790,868.4,457.7,object,0,exp_images/audio\ENGLISH\shrub.wav,IMG_04_E_ACT,exp_images/images/man_cut_shrub.jpg,IMG_04,exp_images/sentences/active_man_shrub.jpg,STIM_58,stimuli_list_subj_1_b.csv,ACT,active,agent_first,agent_overt,0.0,
edf37,30,English,sentence_audio,active,2,s_girl_girl_opened_window,5602,883.9,431.5,agent,1,exp_images/audio\ENGLISH\window.wav,IMG_02_E_ACT,exp_images/images/girl_opened_window.jpg,IMG_02,exp_images/sentences/active_girl_window.jpg,STIM_56,stimuli_list_subj_1_b.csv,ACT,active,agent_first,agent_overt,0.0,
edf37,31,English,sentence_audio,passive,2,s_dog_dog_dug_hole,5652,895.2,566.1,agent,1,exp_images/audio\ENGLISH\p_dug.wav,IMG_13_E_PWA,exp_images/images/dog_dug_hole.jpg,IMG_13,exp_images/sentences/passive_dog_hole.jpg,STIM_85,stimuli_list_subj_1_b.csv,PWA,passive_with_agent,non_agent_first,agent_overt,1.0,0.0
edf37,32,English,sentence_audio,passive,2,o_veg_boy_cut_vegetables,5728,942.4,764.1,object,0,exp_images/audio\ENGLISH\p_veg.wav,IMG_18_E_PWA,exp_images/images/boy_cut_vegetables.jpg,IMG_18,exp_images/sentences/passive_boy_vegetables.jpg,STIM_90,stimuli_list_subj_1_b.csv,PWA,passive_with_agent,non_agent_first,agent_overt,1.0,0.0
edf37,33,English,sentence_audio,passive,3,o_cake_girl_baked_cake,5902,979.6,582.5,object,0,exp_images/audio\ENGLISH\p_cake.wav,IMG_15_E_PWA,exp_images/images/girl_baked_cake.jpg,IMG_15,exp_images/sentences/passive_girl_cake.jpg,STIM_87,stimuli_list_subj_1_b.csv,PWA,passive_with_agent,non_agent_first,agent_overt,1.0,0.0
edf37,34,English,sentence_audio,passive_dropped_agent,2,o_clothes_woman_folded_clothes,5972,928.6,575.6,object,0,exp_images/audio\ENGLISH\p_woa_clothes.wav,IMG_06_E_PNA,exp_images/images/women_fold_clothes.jpg,IMG_06,exp_images/sentences/noagent_woman_clothes.jpg,STIM_96,stimuli_list_subj_1_b.csv,PNA,passive_dropped_agent,non_agent_first,agent_dropped,1.0,1.0
edf37,35,English,sentence_audio,passive_dropped_agent,2,o_letter_woman_read_letter,6158,1074.7,628.9,object,0,exp_images/audio\ENGLISH\p_woa_letter.wav,IMG_17_E_PNA,exp_images/images/women_read_letter.jpg,IMG_17,exp_images/sentences/noagent_women_letter.jpg,STIM_107,stimuli_list_subj_1_b.csv,PNA,passive_dropped_agent,non_agent_first,agent_dropped,1.0,1.0
edf37,36,English,sentence_audio,passive_dropped_agent,2,o_lamp_girl_light_lamp,5894,818.0,474.0,object,0,exp_images/audio\ENGLISH\p_woa_lamp.wav,IMG_01_E_PNA,exp_images/images/girl_lighted_lamp.jpg,IMG_01,exp_images/sentences/noagent_girl_lamp.jpg,STIM_91,stimuli_list_subj_1_b.csv,PNA,passive_dropped_agent,non_agent_first,agent_dropped,1.0,1.0
edf38,19,Punjabi,sentence_audio,passive,2,o_tabla_child_play_tabla,5730,742.9,554.9,object,0,exp_images/audio\PUNJABI\p_tabla.wav,IMG_11_P_PWA,exp_images/images/child_play_tabla.jpg,IMG_11,exp_images/sentences/Tabla-passive.jpg,STIM_29,stimuli_list_subj_2_b.csv,PWA,passive_with_agent,non_agent_first,agent_overt,1.0,0.0
edf38,20,Punjabi,sentence_audio,passive,2,s_boy_boy_opened_door,5928,884.4,430.9,agent,1,exp_images/audio\PUNJABI\p_door.wav,IMG_10_P_PWA,exp_images/images/boy_opened_door.jpg,IMG_10,exp_images/sentences/Closed-door-passive.jpg,STIM_28,stimuli_list_subj_2_b.csv,PWA,passive_with_agent,non_agent_first,agent_overt,1.0,0.0
edf38,21,Punjabi,sentence_audio,passive,2,s_boy_boy_filled_bucket,5868,1015.7,385.2,agent,1,exp_images/audio\PUNJABI\p_bucket.wav,IMG_09_P_PWA,exp_images/images/boy_filled_bucket.jpg,IMG_09,exp_images/sentences/Bucket-passive.jpg,STIM_27,stimuli_list_subj_2_b.csv,PWA,passive_with_agent,non_agent_first,agent_overt,1.0,0.0
edf38,22,Punjabi,sentence_audio,passive_dropped_agent,2,s_girl_girl_fed_dog,6158,791.6,402.7,agent,1,exp_images/audio\PUNJABI\p_woa_fed.wav,IMG_16_P_PNA,exp_images/images/girl_fed_dog.jpg,IMG_16,exp_images/sentences/Fed-dog-woa.jpg,STIM_52,stimuli_list_subj_2_b.csv,PNA,passive_dropped_agent,non_agent_first,agent_dropped,1.0,1.0
edf38,23,Punjabi,sentence_audio,passive_dropped_agent,2,o_scooter_driver_wash_scooter,5970,963.3,445.4,object,0,exp_images/audio\PUNJABI\p_woa_scooter.wav,IMG_14_P_PNA,exp_images/images/driver_wash_scooter.jpg,IMG_14,exp_images/sentences/Washed-scooter-woa.jpg,STIM_50,stimuli_list_subj_2_b.csv,PNA,passive_dropped_agent,non_agent_first,agent_dropped,1.0,1.0
edf38,24,Punjabi,sentence_audio,passive_dropped_agent,2,o_picture_artiste_drew_picture,5658,952.6,425.3,object,0,exp_images/audio\PUNJABI\p_woa_picture.wav,IMG_07_P_PNA,exp_images/images/artiste_drew_picture.jpg,IMG_07,exp_images/sentences/Painting-woa.jpg,STIM_43,stimuli_list_subj_2_b.csv,PNA,passive_dropped_agent,non_agent_first,agent_dropped,1.0,1.0
edf38,25,English,sentence_audio,active,2,o_tree_girl_plant_tree,6222,648.5,593.5,object,0,exp_images/audio\ENGLISH\sapling.wav,IMG_03_E_ACT,exp_images/images/girl_plant_tree.jpg,IMG_03,exp_images/sentences/active_girl_sapling.jpg,STIM_57,stimuli_list_subj_2_b.csv,ACT,active,agent_first,agent_overt,0.0,
edf38,26,English,sentence_audio,active,2,s_child_child_throw_frisbee,6258,1115.2,446.4,agent,1,exp_images/audio\ENGLISH\frisbee.wav,IMG_12_E_ACT,exp_images/images/child_throw_frisbee.jpg,IMG_12,exp_images/sentences/active_child_frisbee.jpg,STIM_66,stimuli_list_subj_2_b.csv,ACT,active,agent_first,agent_overt,0.0,
edf38,27,English,sentence_audio,active,2,s_boy_boy_broke_vase,6282,730.1,384.1,agent,1,exp_images/audio\ENGLISH\vase.wav,IMG_08_E_ACT,exp_images/images/boy_broke_vase.jpg,IMG_08,exp_images/sentences/active_boy_vase.jpg,STIM_62,stimuli_list_subj_2_b.csv,ACT,active,agent_first,agent_overt,0.0,
edf38,28,English,sentence_audio,passive,2,s_man_man_pushed_box,5554,914.6,327.4,agent,1,exp_images/audio\ENGLISH\p_box.wav,IMG_05_E_PWA,exp_images/images/man_pushed_box.jpg,IMG_05,exp_images/sentences/passive_man_box.jpg,STIM_77,stimuli_list_subj_2_b.csv,PWA,passive_with_agent,non_agent_first,agent_overt,1.0,0.0
edf38,29,English,sentence_audio,passive,2,o_shrub_man_cut_shrub,5844,829.7,434.4,object,0,exp_images/audio\ENGLISH\p_shrub.wav,IMG_04_E_PWA,exp_images/images/man_cut_shrub.jpg,IMG_04,exp_images/sentences/passive_man_shrub.jpg,STIM_76,stimuli_list_subj_2_b.csv,PWA,passive_with_agent,non_agent_first,agent_overt,1.0,0.0
edf38,30,English,sentence_audio,passive,2,o_window_girl_opened_window,5792,1209.8,394.9,object,0,exp_images/audio\ENGLISH\p_window.wav,IMG_02_E_PWA,exp_images/images/girl_opened_window.jpg,IMG_02,exp_images/sentences/passive_girl_window.jpg,STIM_74,stimuli_list_subj_2_b.csv,PWA,passive_with_agent,non_agent_first,agent_overt,1.0,0.0
edf38,31,English,sentence_audio,passive_dropped_agent,2,s_dog_dog_dug_hole,5370,972.7,548.5,agent,1,exp_images/audio\ENGLISH\p_woa_dug.wav,IMG_13_E_PNA,exp_images/images/dog_dug_hole.jpg,IMG_13,exp_images/sentences/noagent_dog_hole.jpg,STIM_103,stimuli_list_subj_2_b.csv,PNA,passive_dropped_agent,non_agent_first,agent_dropped,1.0,1.0
edf38,32,English,sentence_audio,passive_dropped_agent,2,o_veg_boy_cut_vegetables,5678,926.7,825.5,object,0,exp_images/audio\ENGLISH\p_woa_veg.wav,IMG_18_E_PNA,exp_images/images/boy_cut_vegetables.jpg,IMG_18,exp_images/sentences/noagent_boy_vegetables.jpg,STIM_108,stimuli_list_subj_2_b.csv,PNA,passive_dropped_agent,non_agent_first,agent_dropped,1.0,1.0
edf38,33,English,sentence_audio,passive_dropped_agent,2,o_cake_girl_baked_cake,5574,925.2,613.4,object,0,exp_images/audio\ENGLISH\p_woa_cake.wav,IMG_15_E_PNA,exp_images/images/girl_baked_cake.jpg,IMG_15,exp_images/sentences/noagent_girl_cake.jpg,STIM_105,stimuli_list_subj_2_b.csv,PNA,passive_dropped_agent,non_agent_first,agent_dropped,1.0,1.0
edf38,34,Punjabi,sentence_audio,active,3,s_woman_woman_folded_clothes,6606,994.9,308.7,agent,1,exp_images/audio\PUNJABI\clothes.wav,IMG_06_P_ACT,exp_images/images/women_fold_clothes.jpg,IMG_06,exp_images/sentences/Folded-clothes.jpg,STIM_06,stimuli_list_subj_2_b.csv,ACT,active,agent_first,agent_overt,0.0,
edf38,35,Punjabi,sentence_audio,active,2,s_woman_woman_read_letter,5236,982.1,540.2,agent,1,exp_images/audio\PUNJABI\letter.wav,IMG_17_P_ACT,exp_images/images/women_read_letter.jpg,IMG_17,exp_images/sentences/Letter.jpg,STIM_17,stimuli_list_subj_2_b.csv,ACT,active,agent_first,agent_overt,0.0,
edf38,36,Punjabi,sentence_audio,active,2,o_lamp_girl_light_lamp,5712,753.2,535.7,object,0,exp_images/audio\PUNJABI\lamp.wav,IMG_01_P_ACT,exp_images/images/girl_lighted_lamp.jpg,IMG_01,exp_images/sentences/Lamp.jpg,STIM_01,stimuli_list_subj_2_b.csv,ACT,active,agent_first,agent_overt,0.0,
edf39,19,Punjabi,sentence_audio,passive_dropped_agent,3,s_child_child_play_tabla,6170,940.6,336.1,agent,1,exp_images/audio\PUNJABI\p_woa_tabla.wav,IMG_11_P_PNA,exp_images/images/child_play_tabla.jpg,IMG_11,exp_images/sentences/Tabla-woa.jpg,STIM_47,stimuli_list_subj_3_b.csv,PNA,passive_dropped_agent,non_agent_first,agent_dropped,1.0,1.0
edf39,20,Punjabi,sentence_audio,passive_dropped_agent,2,o_door_boy_opened_door,5626,985.9,496.2,object,0,exp_images/audio\PUNJABI\p_woa_door.wav,IMG_10_P_PNA,exp_images/images/boy_opened_door.jpg,IMG_10,exp_images/sentences/Closed-door-woa.jpg,STIM_46,stimuli_list_subj_3_b.csv,PNA,passive_dropped_agent,non_agent_first,agent_dropped,1.0,1.0
edf39,21,Punjabi,sentence_audio,passive_dropped_agent,2,o_bucket_boy_filled_bucket,5424,880.5,534.6,object,0,exp_images/audio\PUNJABI\p_woa_tub.wav,IMG_09_P_PNA,exp_images/images/boy_filled_bucket.jpg,IMG_09,exp_images/sentences/Bucket-woa.jpg,STIM_45,stimuli_list_subj_3_b.csv,PNA,passive_dropped_agent,non_agent_first,agent_dropped,1.0,1.0
edf39,22,English,sentence_audio,active,2,o_dog_girl_fed_dog,5480,999.9,650.3,object,0,exp_images/audio\ENGLISH\fed.wav,IMG_16_E_ACT,exp_images/images/girl_fed_dog.jpg,IMG_16,exp_images/sentences/active_girl_dog.jpg,STIM_70,stimuli_list_subj_3_b.csv,ACT,active,agent_first,agent_overt,0.0,
edf39,23,English,sentence_audio,active,2,s_driver_driver_wash_scooter,6252,754.6,244.9,agent,1,exp_images/audio\ENGLISH\scooter.wav,IMG_14_E_ACT,exp_images/images/driver_wash_scooter.jpg,IMG_14,exp_images/sentences/active_driver_scooter.jpg,STIM_68,stimuli_list_subj_3_b.csv,ACT,active,agent_first,agent_overt,0.0,
edf39,24,English,sentence_audio,active,2,o_picture_artiste_drew_picture,6042,1068.2,502.2,object,0,exp_images/audio\ENGLISH\picture.wav,IMG_07_E_ACT,exp_images/images/artiste_drew_picture.jpg,IMG_07,exp_images/sentences/active_artist_picture.jpg,STIM_61,stimuli_list_subj_3_b.csv,ACT,active,agent_first,agent_overt,0.0,
edf39,25,English,sentence_audio,passive,2,o_tree_girl_plant_tree,5504,746.8,705.2,object,0,exp_images/audio\ENGLISH\p_sapling.wav,IMG_03_E_PWA,exp_images/images/girl_plant_tree.jpg,IMG_03,exp_images/sentences/passive_girl_sapling.jpg,STIM_75,stimuli_list_subj_3_b.csv,PWA,passive_with_agent,non_agent_first,agent_overt,1.0,0.0
edf39,26,English,sentence_audio,passive,2,s_child_child_throw_frisbee,5588,1079.2,513.1,agent,1,exp_images/audio\ENGLISH\p_frisbee.wav,IMG_12_E_PWA,exp_images/images/child_throw_frisbee.jpg,IMG_12,exp_images/sentences/passive_child_frisbee.jpg,STIM_84,stimuli_list_subj_3_b.csv,PWA,passive_with_agent,non_agent_first,agent_overt,1.0,0.0
edf39,27,English,sentence_audio,passive,2,s_boy_boy_broke_vase,6542,692.8,392.9,agent,1,exp_images/audio\ENGLISH\p_vase.wav,IMG_08_E_PWA,exp_images/images/boy_broke_vase.jpg,IMG_08,exp_images/sentences/passive_boy_vase.jpg,STIM_80,stimuli_list_subj_3_b.csv,PWA,passive_with_agent,non_agent_first,agent_overt,1.0,0.0
edf39,28,English,sentence_audio,passive_dropped_agent,2,o_box_man_pushed_box,6234,1143.6,430.8,object,0,exp_images/audio\ENGLISH\p_woa_box.wav,IMG_05_E_PNA,exp_images/images/man_pushed_box.jpg,IMG_05,exp_images/sentences/noagent_man_box.jpg,STIM_95,stimuli_list_subj_3_b.csv,PNA,passive_dropped_agent,non_agent_first,agent_dropped,1.0,1.0
edf39,29,English,sentence_audio,passive_dropped_agent,2,o_shrub_man_cut_shrub,6058,840.0,524.1,object,0,exp_images/audio\ENGLISH\p_woa_shrub.wav,IMG_04_E_PNA,exp_images/images/man_cut_shrub.jpg,IMG_04,exp_images/sentences/noagent_man_shrub.jpg,STIM_94,stimuli_list_subj_3_b.csv,PNA,passive_dropped_agent,non_agent_first,agent_dropped,1.0,1.0
edf39,30,English,sentence_audio,passive_dropped_agent,2,o_window_girl_opened_window,5912,1169.5,516.2,object,0,exp_images/audio\ENGLISH\p_woa_window.wav,IMG_02_E_PNA,exp_images/images/girl_opened_window.jpg,IMG_02,exp_images/sentences/noagent_girl_window.jpg,STIM_92,stimuli_list_subj_3_b.csv,PNA,passive_dropped_agent,non_agent_first,agent_dropped,1.0,1.0
edf39,31,Punjabi,sentence_audio,active,2,s_dog_dog_dug_hole,5506,878.5,596.6,agent,1,exp_images/audio\PUNJABI\dug.wav,IMG_13_P_ACT,exp_images/images/dog_dug_hole.jpg,IMG_13,exp_images/sentences/Dog-dug.jpg,STIM_13,stimuli_list_subj_3_b.csv,ACT,active,agent_first,agent_overt,0.0,
edf39,32,Punjabi,sentence_audio,active,2,o_veg_boy_cut_vegetables,5886,978.0,672.9,object,0,exp_images/audio\PUNJABI\veg.wav,IMG_18_P_ACT,exp_images/images/boy_cut_vegetables.jpg,IMG_18,exp_images/sentences/Veg.jpg,STIM_18,stimuli_list_subj_3_b.csv,ACT,active,agent_first,agent_overt,0.0,
edf39,33,Punjabi,sentence_audio,active,2,o_cake_girl_baked_cake,5746,885.0,593.5,object,0,exp_images/audio\PUNJABI\cake.wav,IMG_15_P_ACT,exp_images/images/girl_baked_cake.jpg,IMG_15,exp_images/sentences/Cake.jpg,STIM_15,stimuli_list_subj_3_b.csv,ACT,active,agent_first,agent_overt,0.0,
edf39,34,Punjabi,sentence_audio,passive,2,o_clothes_woman_folded_clothes,6390,913.2,643.9,object,0,exp_images/audio\PUNJABI\p_clothes.wav,IMG_06_P_PWA,exp_images/images/women_fold_clothes.jpg,IMG_06,exp_images/sentences/Folded-clothes-passive.jpg,STIM_24,stimuli_list_subj_3_b.csv,PWA,passive_with_agent,non_agent_first,agent_overt,1.0,0.0
edf39,35,Punjabi,sentence_audio,passive,2,o_letter_woman_read_letter,5670,1079.5,633.0,object,0,exp_images/audio\PUNJABI\p_letter.wav,IMG_17_P_PWA,exp_images/images/women_read_letter.jpg,IMG_17,exp_images/sentences/Letter-passive.jpg,STIM_35,stimuli_list_subj_3_b.csv,PWA,passive_with_agent,non_agent_first,agent_overt,1.0,0.0
edf39,36,Punjabi,sentence_audio,passive,2,o_lamp_girl_light_lamp,5710,752.0,598.5,object,0,exp_images/audio\PUNJABI\p_lamp.wav,IMG_01_P_PWA,exp_images/images/girl_lighted_lamp.jpg,IMG_01,exp_images/sentences/Lamp-passive.jpg,STIM_19,stimuli_list_subj_3_b.csv,PWA,passive_with_agent,non_agent_first,agent_overt,1.0,0.0
edf40,19,English,sentence_audio,active,2,o_tabla_child_play_tabla,5648,850.6,581.4,object,0,exp_images/audio\ENGLISH\tabla.wav,IMG_11_E_ACT,exp_images/images/child_play_tabla.jpg,IMG_11,exp_images/sentences/active_child_tabla.jpg,STIM_65,stimuli_list_subj_4_b.csv,ACT,active,agent_first,agent_overt,0.0,
edf40,20,English,sentence_audio,active,2,o_door_boy_opened_door,6242,933.2,448.4,object,0,exp_images/audio\ENGLISH\door.wav,IMG_10_E_ACT,exp_images/images/boy_opened_door.jpg,IMG_10,exp_images/sentences/active_boy_door.jpg,STIM_64,stimuli_list_subj_4_b.csv,ACT,active,agent_first,agent_overt,0.0,
edf40,21,English,sentence_audio,active,2,s_boy_boy_filled_bucket,5830,1053.9,450.9,agent,1,exp_images/audio\ENGLISH\bucket.wav,IMG_09_E_ACT,exp_images/images/boy_filled_bucket.jpg,IMG_09,exp_images/sentences/active_boy_bucket.jpg,STIM_63,stimuli_list_subj_4_b.csv,ACT,active,agent_first,agent_overt,0.0,
edf40,22,English,sentence_audio,passive,2,o_dog_girl_fed_dog,6186,978.8,667.7,object,0,exp_images/audio\ENGLISH\p_fed.wav,IMG_16_E_PWA,exp_images/images/girl_fed_dog.jpg,IMG_16,exp_images/sentences/passive_girl_dog.jpg,STIM_88,stimuli_list_subj_4_b.csv,PWA,passive_with_agent,non_agent_first,agent_overt,1.0,0.0
edf40,23,English,sentence_audio,passive,2,o_scooter_driver_wash_scooter,6038,1027.7,428.9,object,0,exp_images/audio\ENGLISH\p_scooter.wav,IMG_14_E_PWA,exp_images/images/driver_wash_scooter.jpg,IMG_14,exp_images/sentences/passive_driver_scooter.jpg,STIM_86,stimuli_list_subj_4_b.csv,PWA,passive_with_agent,non_agent_first,agent_overt,1.0,0.0
edf40,24,English,sentence_audio,passive,2,o_picture_artiste_drew_picture,5992,1097.3,394.2,object,0,exp_images/audio\ENGLISH\p_artist.wav,IMG_07_E_PWA,exp_images/images/artiste_drew_picture.jpg,IMG_07,exp_images/sentences/passive_artist_picture.jpg,STIM_79,stimuli_list_subj_4_b.csv,PWA,passive_with_agent,non_agent_first,agent_overt,1.0,0.0
edf40,25,English,sentence_audio,passive_dropped_agent,2,o_tree_girl_plant_tree,5670,787.1,704.4,object,0,exp_images/audio\ENGLISH\p_woa_sapling.wav,IMG_03_E_PNA,exp_images/images/girl_plant_tree.jpg,IMG_03,exp_images/sentences/noagent_girl_sapling.jpg,STIM_93,stimuli_list_subj_4_b.csv,PNA,passive_dropped_agent,non_agent_first,agent_dropped,1.0,1.0
edf40,26,English,sentence_audio,passive_dropped_agent,2,s_child_child_throw_frisbee,5782,1114.6,432.7,agent,1,exp_images/audio\ENGLISH\p_woa_frisbee.wav,IMG_12_E_PNA,exp_images/images/child_throw_frisbee.jpg,IMG_12,exp_images/sentences/noagent_child_frisbee.jpg,STIM_102,stimuli_list_subj_4_b.csv,PNA,passive_dropped_agent,non_agent_first,agent_dropped,1.0,1.0
edf40,27,English,sentence_audio,passive_dropped_agent,2,o_vase_boy_broke_vase,6180,909.8,568.9,object,0,exp_images/audio\ENGLISH\p_woa_vase.wav,IMG_08_E_PNA,exp_images/images/boy_broke_vase.jpg,IMG_08,exp_images/sentences/noagent_boy_vase.jpg,STIM_98,stimuli_list_subj_4_b.csv,PNA,passive_dropped_agent,non_agent_first,agent_dropped,1.0,1.0
edf40,28,Punjabi,sentence_audio,active,2,s_man_man_pushed_box,6216,981.3,502.2,agent,1,exp_images/audio\PUNJABI\box.wav,IMG_05_P_ACT,exp_images/images/man_pushed_box.jpg,IMG_05,exp_images/sentences/Pushed-box.jpg,STIM_05,stimuli_list_subj_4_b.csv,ACT,active,agent_first,agent_overt,0.0,
edf40,29,Punjabi,sentence_audio,active,2,o_shrub_man_cut_shrub,5912,812.8,499.9,object,0,exp_images/audio\PUNJABI\shrub.wav,IMG_04_P_ACT,exp_images/images/man_cut_shrub.jpg,IMG_04,exp_images/sentences/Shrub.jpg,STIM_04,stimuli_list_subj_4_b.csv,ACT,active,agent_first,agent_overt,0.0,
edf40,30,Punjabi,sentence_audio,active,2,s_girl_girl_opened_window,6190,921.4,487.9,agent,1,exp_images/audio\PUNJABI\window.wav,IMG_02_P_ACT,exp_images/images/girl_opened_window.jpg,IMG_02,exp_images/sentences/Window.jpg,STIM_02,stimuli_list_subj_4_b.csv,ACT,active,agent_first,agent_overt,0.0,
edf40,31,Punjabi,sentence_audio,passive,2,s_dog_dog_dug_hole,6110,926.5,648.2,agent,1,exp_images/audio\PUNJABI\p_dug.wav,IMG_13_P_PWA,exp_images/images/dog_dug_hole.jpg,IMG_13,exp_images/sentences/Dog-dug-passive.jpg,STIM_31,stimuli_list_subj_4_b.csv,PWA,passive_with_agent,non_agent_first,agent_overt,1.0,0.0
edf40,32,Punjabi,sentence_audio,passive,2,o_veg_boy_cut_vegetables,6368,989.4,757.6,object,0,exp_images/audio\PUNJABI\p_veg.wav,IMG_18_P_PWA,exp_images/images/boy_cut_vegetables.jpg,IMG_18,exp_images/sentences/Veg-passive.jpg,STIM_36,stimuli_list_subj_4_b.csv,PWA,passive_with_agent,non_agent_first,agent_overt,1.0,0.0
edf40,33,Punjabi,sentence_audio,passive,2,o_cake_girl_baked_cake,5514,933.1,555.8,object,0,exp_images/audio\PUNJABI\p_cake.wav,IMG_15_P_PWA,exp_images/images/girl_baked_cake.jpg,IMG_15,exp_images/sentences/Cake-passive.jpg,STIM_33,stimuli_list_subj_4_b.csv,PWA,passive_with_agent,non_agent_first,agent_overt,1.0,0.0
edf40,34,Punjabi,sentence_audio,passive_dropped_agent,2,o_clothes_woman_folded_clothes,6226,909.3,646.1,object,0,exp_images/audio\PUNJABI\p_woa_clothes.wav,IMG_06_P_PNA,exp_images/images/women_fold_clothes.jpg,IMG_06,exp_images/sentences/Folded-clothes-woa.jpg,STIM_42,stimuli_list_subj_4_b.csv,PNA,passive_dropped_agent,non_agent_first,agent_dropped,1.0,1.0
edf40,35,Punjabi,sentence_audio,passive_dropped_agent,2,s_woman_woman_read_letter,5764,984.1,399.7,agent,1,exp_images/audio\PUNJABI\p_woa_letter.wav,IMG_17_P_PNA,exp_images/images/women_read_letter.jpg,IMG_17,exp_images/sentences/Letter-woa.jpg,STIM_53,stimuli_list_subj_4_b.csv,PNA,passive_dropped_agent,non_agent_first,agent_dropped,1.0,1.0
edf40,36,Punjabi,sentence_audio,passive_dropped_agent,3,s_girl_girl_lit_lamp,5810,970.0,381.6,agent,1,exp_images/audio\PUNJABI\p_woa_lamp.wav,IMG_01_P_PNA,exp_images/images/girl_lighted_lamp.jpg,IMG_01,exp_images/sentences/Lamp-woa.jpg,STIM_37,stimuli_list_subj_4_b.csv,PNA,passive_dropped_agent,non_agent_first,agent_dropped,1.0,1.0
edf41,19,English,sentence_audio,passive,2,o_tabla_child_play_tabla,5870,820.1,565.7,object,0,exp_images/audio\ENGLISH\p_tabla.wav,IMG_11_E_PWA,exp_images/images/child_play_tabla.jpg,IMG_11,exp_images/sentences/passive_child_tabla.jpg,STIM_83,stimuli_list_subj_5_b.csv,PWA,passive_with_agent,non_agent_first,agent_overt,1.0,0.0
edf41,20,English,sentence_audio,passive,2,o_door_boy_opened_door,5882,967.5,530.4,object,0,exp_images/audio\ENGLISH\p_door.wav,IMG_10_E_PWA,exp_images/images/boy_opened_door.jpg,IMG_10,exp_images/sentences/passive_boy_door.jpg,STIM_82,stimuli_list_subj_5_b.csv,PWA,passive_with_agent,non_agent_first,agent_overt,1.0,0.0
edf41,21,English,sentence_audio,passive,2,o_bucket_boy_filled_bucket,6164,905.0,471.0,object,0,exp_images/audio\ENGLISH\p_bucket.wav,IMG_09_E_PWA,exp_images/images/boy_filled_bucket.jpg,IMG_09,exp_images/sentences/passive_boy_bucket.jpg,STIM_81,stimuli_list_subj_5_b.csv,PWA,passive_with_agent,non_agent_first,agent_overt,1.0,0.0
edf41,22,English,sentence_audio,passive_dropped_agent,2,o_dog_girl_fed_dog,5502,907.3,656.8,object,0,exp_images/audio\ENGLISH\p_woa_fed.wav,IMG_16_E_PNA,exp_images/images/girl_fed_dog.jpg,IMG_16,exp_images/sentences/noagent_girl_dog.jpg,STIM_106,stimuli_list_subj_5_b.csv,PNA,passive_dropped_agent,non_agent_first,agent_dropped,1.0,1.0
edf41,23,English,sentence_audio,passive_dropped_agent,2,o_scooter_driver_wash_scooter,5764,966.2,477.8,object,0,exp_images/audio\ENGLISH\p_woa_scooter.wav,IMG_14_E_PNA,exp_images/images/driver_wash_scooter.jpg,IMG_14,exp_images/sentences/noagent_driver_scooter.jpg,STIM_104,stimuli_list_subj_5_b.csv,PNA,passive_dropped_agent,non_agent_first,agent_dropped,1.0,1.0
edf41,24,English,sentence_audio,passive_dropped_agent,2,o_picture_artiste_drew_picture,5838,1037.8,427.9,object,0,exp_images/audio\ENGLISH\p_woa_draw.wav,IMG_07_E_PNA,exp_images/images/artiste_drew_picture.jpg,IMG_07,exp_images/sentences/noagent_artist_picture.jpg,STIM_97,stimuli_list_subj_5_b.csv,PNA,passive_dropped_agent,non_agent_first,agent_dropped,1.0,1.0
edf41,25,Punjabi,sentence_audio,active,2,o_tree_girl_plant_tree,6098,836.9,604.3,object,0,exp_images/audio\PUNJABI\sapling.wav,IMG_03_P_ACT,exp_images/images/girl_plant_tree.jpg,IMG_03,exp_images/sentences/Sapling.jpg,STIM_03,stimuli_list_subj_5_b.csv,ACT,active,agent_first,agent_overt,0.0,
edf41,26,Punjabi,sentence_audio,active,3,o_frisbee_child_throw_frisbee,6194,785.9,329.8,object,0,exp_images/audio\PUNJABI\frisbee.wav,IMG_12_P_ACT,exp_images/images/child_throw_frisbee.jpg,IMG_12,exp_images/sentences/Frisbee.jpg,STIM_12,stimuli_list_subj_5_b.csv,ACT,active,agent_first,agent_overt,0.0,
edf41,27,Punjabi,sentence_audio,active,2,o_vase_boy_broke_vase,6164,946.9,533.4,object,0,exp_images/audio\PUNJABI\vase.wav,IMG_08_P_ACT,exp_images/images/boy_broke_vase.jpg,IMG_08,exp_images/sentences/Vase.jpg,STIM_08,stimuli_list_subj_5_b.csv,ACT,active,agent_first,agent_overt,0.0,
edf41,28,Punjabi,sentence_audio,passive,2,o_box_man_pushed_box,5454,1079.7,438.9,object,0,exp_images/audio\PUNJABI\p_box.wav,IMG_05_P_PWA,exp_images/images/man_pushed_box.jpg,IMG_05,exp_images/sentences/Pushed-box-passive.jpg,STIM_23,stimuli_list_subj_5_b.csv,PWA,passive_with_agent,non_agent_first,agent_overt,1.0,0.0
edf41,29,Punjabi,sentence_audio,passive,2,o_shrub_man_cut_shrub,5712,890.0,508.7,object,0,exp_images/audio\PUNJABI\p_shrub.wav,IMG_04_P_PWA,exp_images/images/man_cut_shrub.jpg,IMG_04,exp_images/sentences/Shrub-passive.jpg,STIM_22,stimuli_list_subj_5_b.csv,PWA,passive_with_agent,non_agent_first,agent_overt,1.0,0.0
edf41,30,Punjabi,sentence_audio,passive,3,o_window_girl_opened_window,6000,1103.9,444.4,object,0,exp_images/audio\PUNJABI\p_window.wav,IMG_02_P_PWA,exp_images/images/girl_opened_window.jpg,IMG_02,exp_images/sentences/Window-passive.jpg,STIM_20,stimuli_list_subj_5_b.csv,PWA,passive_with_agent,non_agent_first,agent_overt,1.0,0.0
edf41,31,Punjabi,sentence_audio,passive_dropped_agent,2,s_dog_dog_dug_hole,5724,846.4,599.3,agent,1,exp_images/audio\PUNJABI\p_woa_dug.wav,IMG_13_P_PNA,exp_images/images/dog_dug_hole.jpg,IMG_13,exp_images/sentences/Dog-dug-woa.jpg,STIM_49,stimuli_list_subj_5_b.csv,PNA,passive_dropped_agent,non_agent_first,agent_dropped,1.0,1.0
edf41,32,Punjabi,sentence_audio,passive_dropped_agent,2,o_veg_boy_cut_vegetables,5980,892.8,742.2,object,0,exp_images/audio\PUNJABI\p_woa_veg.wav,IMG_18_P_PNA,exp_images/images/boy_cut_vegetables.jpg,IMG_18,exp_images/sentences/Veg-woa.jpg,STIM_54,stimuli_list_subj_5_b.csv,PNA,passive_dropped_agent,non_agent_first,agent_dropped,1.0,1.0
edf41,33,Punjabi,sentence_audio,passive_dropped_agent,2,o_cake_girl_baked_cake,6034,912.2,566.3,object,0,exp_images/audio\PUNJABI\p_woa_cake.wav,IMG_15_P_PNA,exp_images/images/girl_baked_cake.jpg,IMG_15,exp_images/sentences/Cake-woa.jpg,STIM_51,stimuli_list_subj_5_b.csv,PNA,passive_dropped_agent,non_agent_first,agent_dropped,1.0,1.0
edf41,34,English,sentence_audio,active,2,o_clothes_woman_folded_clothes,6132,915.1,597.5,object,0,exp_images/audio\ENGLISH\clothes.wav,IMG_06_E_ACT,exp_images/images/women_fold_clothes.jpg,IMG_06,exp_images/sentences/active_woman_clothes.jpg,STIM_60,stimuli_list_subj_5_b.csv,ACT,active,agent_first,agent_overt,0.0,
edf41,35,English,sentence_audio,active,2,s_woman_woman_read_letter,5614,914.8,378.0,agent,1,exp_images/audio\ENGLISH\letter.wav,IMG_17_E_ACT,exp_images/images/women_read_letter.jpg,IMG_17,exp_images/sentences/active_women_letter.jpg,STIM_71,stimuli_list_subj_5_b.csv,ACT,active,agent_first,agent_overt,0.0,
edf41,36,English,sentence_audio,active,2,o_lamp_girl_light_lamp,6294,706.4,500.7,object,0,exp_images/audio\ENGLISH\lamp.wav,IMG_01_E_ACT,exp_images/images/girl_lighted_lamp.jpg,IMG_01,exp_images/sentences/active_girl_lamp.jpg,STIM_55,stimuli_list_subj_5_b.csv,ACT,active,agent_first,agent_overt,0.0,
edf42,19,English,sentence_audio,passive_dropped_agent,2,o_tabla_child_play_tabla,6000,750.3,576.5,object,0,exp_images/audio\ENGLISH\p_woa_tabla.wav,IMG_11_E_PNA,exp_images/images/child_play_tabla.jpg,IMG_11,exp_images/sentences/noagent_child_tabla.jpg,STIM_101,stimuli_list_subj_6_b.csv,PNA,passive_dropped_agent,non_agent_first,agent_dropped,1.0,1.0
edf42,20,English,sentence_audio,passive_dropped_agent,2,s_boy_boy_opened_door,6184,849.1,422.2,agent,1,exp_images/audio\ENGLISH\p_woa_door.wav,IMG_10_E_PNA,exp_images/images/boy_opened_door.jpg,IMG_10,exp_images/sentences/noagent_boy_door.jpg,STIM_100,stimuli_list_subj_6_b.csv,PNA,passive_dropped_agent,non_agent_first,agent_dropped,1.0,1.0
edf42,21,English,sentence_audio,passive_dropped_agent,2,o_bucket_boy_filled_bucket,5488,907.4,516.6,object,0,exp_images/audio\ENGLISH\p_woa_bucket.wav,IMG_09_E_PNA,exp_images/images/boy_filled_bucket.jpg,IMG_09,exp_images/sentences/noagent_boy_bucket.jpg,STIM_99,stimuli_list_subj_6_b.csv,PNA,passive_dropped_agent,non_agent_first,agent_dropped,1.0,1.0
edf42,22,Punjabi,sentence_audio,active,2,s_girl_girl_fed_dog,6302,888.6,601.0,agent,1,exp_images/audio\PUNJABI\fed.wav,IMG_16_P_ACT,exp_images/images/girl_fed_dog.jpg,IMG_16,exp_images/sentences/Fed-dog.jpg,STIM_16,stimuli_list_subj_6_b.csv,ACT,active,agent_first,agent_overt,0.0,
edf42,23,Punjabi,sentence_audio,active,2,s_driver_driver_wash_scooter,5892,797.2,370.8,agent,1,exp_images/audio\PUNJABI\scooter.wav,IMG_14_P_ACT,exp_images/images/driver_wash_scooter.jpg,IMG_14,exp_images/sentences/Washed-scooter.jpg,STIM_14,stimuli_list_subj_6_b.csv,ACT,active,agent_first,agent_overt,0.0,
edf42,24,Punjabi,sentence_audio,active,2,o_picture_artiste_drew_picture,5736,1015.0,372.3,object,0,exp_images/audio\PUNJABI\picture.wav,IMG_07_P_ACT,exp_images/images/artiste_drew_picture.jpg,IMG_07,exp_images/sentences/Painting.jpg,STIM_07,stimuli_list_subj_6_b.csv,ACT,active,agent_first,agent_overt,0.0,
edf42,25,Punjabi,sentence_audio,passive,2,s_girl_girl_plant_tree,6372,1031.6,293.5,agent,1,exp_images/audio\PUNJABI\p_sapling.wav,IMG_03_P_PWA,exp_images/images/girl_plant_tree.jpg,IMG_03,exp_images/sentences/Sapling-passive.jpg,STIM_21,stimuli_list_subj_6_b.csv,PWA,passive_with_agent,non_agent_first,agent_overt,1.0,0.0
edf42,26,Punjabi,sentence_audio,passive,2,o_frisbee_child_throw_frisbee,5796,838.5,296.6,object,0,exp_images/audio\PUNJABI\p_frisbee.wav,IMG_12_P_PWA,exp_images/images/child_throw_frisbee.jpg,IMG_12,exp_images/sentences/Frisbee-passive.jpg,STIM_30,stimuli_list_subj_6_b.csv,PWA,passive_with_agent,non_agent_first,agent_overt,1.0,0.0
edf42,27,Punjabi,sentence_audio,passive,2,s_boy_boy_broke_vase,6008,770.7,431.2,agent,1,exp_images/audio\PUNJABI\p_vase.wav,IMG_08_P_PWA,exp_images/images/boy_broke_vase.jpg,IMG_08,exp_images/sentences/Vase-passive.jpg,STIM_26,stimuli_list_subj_6_b.csv,PWA,passive_with_agent,non_agent_first,agent_overt,1.0,0.0
edf42,28,Punjabi,sentence_audio,passive_dropped_agent,2,s_man_man_pushed_box,5530,870.1,297.5,agent,1,exp_images/audio\PUNJABI\p_woa_box.wav,IMG_05_P_PNA,exp_images/images/man_pushed_box.jpg,IMG_05,exp_images/sentences/Pushed-box-woa.jpg,STIM_41,stimuli_list_subj_6_b.csv,PNA,passive_dropped_agent,non_agent_first,agent_dropped,1.0,1.0
edf42,29,Punjabi,sentence_audio,passive_dropped_agent,2,o_shrub_man_cut_shrub,5942,806.2,460.1,object,0,exp_images/audio\PUNJABI\p_woa_shrub.wav,IMG_04_P_PNA,exp_images/images/man_cut_shrub.jpg,IMG_04,exp_images/sentences/Shrub-woa.jpg,STIM_40,stimuli_list_subj_6_b.csv,PNA,passive_dropped_agent,non_agent_first,agent_dropped,1.0,1.0
edf42,30,Punjabi,sentence_audio,passive_dropped_agent,2,s_girl_girl_opened_window,5788,824.5,388.5,agent,1,exp_images/audio\PUNJABI\p_woa_window.wav,IMG_02_P_PNA,exp_images/images/girl_opened_window.jpg,IMG_02,exp_images/sentences/Window-woa.jpg,STIM_38,stimuli_list_subj_6_b.csv,PNA,passive_dropped_agent,non_agent_first,agent_dropped,1.0,1.0
edf42,31,English,sentence_audio,active,2,s_dog_dog_dug_hole,5920,869.7,564.6,agent,1,exp_images/audio\ENGLISH\dug.wav,IMG_13_E_ACT,exp_images/images/dog_dug_hole.jpg,IMG_13,exp_images/sentences/active_dog_hole.jpg,STIM_67,stimuli_list_subj_6_b.csv,ACT,active,agent_first,agent_overt,0.0,
edf42,32,English,sentence_audio,active,2,o_veg_boy_cut_vegetables,5992,916.1,768.4,object,0,exp_images/audio\ENGLISH\veg.wav,IMG_18_E_ACT,exp_images/images/boy_cut_vegetables.jpg,IMG_18,exp_images/sentences/active_boy_vegetables.jpg,STIM_72,stimuli_list_subj_6_b.csv,ACT,active,agent_first,agent_overt,0.0,
edf42,33,English,sentence_audio,active,3,s_girl_girl_baked_cake,6602,890.8,338.2,agent,1,exp_images/audio\ENGLISH\cake.wav,IMG_15_E_ACT,exp_images/images/girl_baked_cake.jpg,IMG_15,exp_images/sentences/active_girl_cake.jpg,STIM_69,stimuli_list_subj_6_b.csv,ACT,active,agent_first,agent_overt,0.0,
edf42,34,English,sentence_audio,passive,2,o_clothes_woman_folded_clothes,5980,842.7,737.0,object,0,exp_images/audio\ENGLISH\p_clothes.wav,IMG_06_E_PWA,exp_images/images/women_fold_clothes.jpg,IMG_06,exp_images/sentences/passive_woman_clothes.jpg,STIM_78,stimuli_list_subj_6_b.csv,PWA,passive_with_agent,non_agent_first,agent_overt,1.0,0.0
edf42,35,English,sentence_audio,passive,2,s_woman_woman_read_letter,5534,966.5,341.9,agent,1,exp_images/audio\ENGLISH\p_letter.wav,IMG_17_E_PWA,exp_images/images/women_read_letter.jpg,IMG_17,exp_images/sentences/passive_women_letter.jpg,STIM_89,stimuli_list_subj_6_b.csv,PWA,passive_with_agent,non_agent_first,agent_overt,1.0,0.0
edf42,36,English,sentence_audio,passive,2,o_lamp_girl_light_lamp,5980,738.0,521.8,object,0,exp_images/audio\ENGLISH\p_lamp.wav,IMG_01_E_PWA,exp_images/images/girl_lighted_lamp.jpg,IMG_01,exp_images/sentences/passive_girl_lamp.jpg,STIM_73,stimuli_list_subj_6_b.csv,PWA,passive_with_agent,non_agent_first,agent_overt,1.0,0.0
edf43,19,Punjabi,sentence_audio,active,2,o_tabla_child_play_tabla,5516,765.1,662.5,object,0,exp_images/audio\PUNJABI\tabla.wav,IMG_11_P_ACT,exp_images/images/child_play_tabla.jpg,IMG_11,exp_images/sentences/Tabla.jpg,STIM_11,stimuli_list_subj_7_b.csv,ACT,active,agent_first,agent_overt,0.0,
edf43,20,Punjabi,sentence_audio,active,2,o_door_boy_opened_door,6480,992.0,519.7,object,0,exp_images/audio\PUNJABI\door.wav,IMG_10_P_ACT,exp_images/images/boy_opened_door.jpg,IMG_10,exp_images/sentences/Closed-door.jpg,STIM_10,stimuli_list_subj_7_b.csv,ACT,active,agent_first,agent_overt,0.0,
edf43,21,Punjabi,sentence_audio,active,2,o_bucket_boy_filled_bucket,5548,927.2,598.7,object,0,exp_images/audio\PUNJABI\bucket.wav,IMG_09_P_ACT,exp_images/images/boy_filled_bucket.jpg,IMG_09,exp_images/sentences/Bucket.jpg,STIM_09,stimuli_list_subj_7_b.csv,ACT,active,agent_first,agent_overt,0.0,
edf43,22,Punjabi,sentence_audio,passive,4,o_dog_girl_fed_dog,6406,943.0,710.5,object,0,exp_images/audio\PUNJABI\p_fed.wav,IMG_16_P_PWA,exp_images/images/girl_fed_dog.jpg,IMG_16,exp_images/sentences/Fed-dog-passive.jpg,STIM_34,stimuli_list_subj_7_b.csv,PWA,passive_with_agent,non_agent_first,agent_overt,1.0,0.0
edf43,23,Punjabi,sentence_audio,passive,2,o_scooter_driver_wash_scooter,5428,904.5,544.9,object,0,exp_images/audio\PUNJABI\p_scooter.wav,IMG_14_P_PWA,exp_images/images/driver_wash_scooter.jpg,IMG_14,exp_images/sentences/Washed-scooter-passive.jpg,STIM_32,stimuli_list_subj_7_b.csv,PWA,passive_with_agent,non_agent_first,agent_overt,1.0,0.0
edf43,24,Punjabi,sentence_audio,passive,2,o_picture_artiste_drew_picture,6396,1044.4,497.2,object,0,exp_images/audio\PUNJABI\p_picture.wav,IMG_07_P_PWA,exp_images/images/artiste_drew_picture.jpg,IMG_07,exp_images/sentences/Painting-passive.jpg,STIM_25,stimuli_list_subj_7_b.csv,PWA,passive_with_agent,non_agent_first,agent_overt,1.0,0.0
edf43,25,Punjabi,sentence_audio,passive_dropped_agent,2,o_tree_girl_plant_tree,5502,762.4,614.4,object,0,exp_images/audio\PUNJABI\p_woa_sapling.wav,IMG_03_P_PNA,exp_images/images/girl_plant_tree.jpg,IMG_03,exp_images/sentences/Sapling-woa.jpg,STIM_39,stimuli_list_subj_7_b.csv,PNA,passive_dropped_agent,non_agent_first,agent_dropped,1.0,1.0
edf43,26,Punjabi,sentence_audio,passive_dropped_agent,2,s_child_child_throw_frisbee,5540,1001.0,414.2,agent,1,exp_images/audio\PUNJABI\p_woa_frisbee.wav,IMG_12_P_PNA,exp_images/images/child_throw_frisbee.jpg,IMG_12,exp_images/sentences/Frisbee-woa.jpg,STIM_48,stimuli_list_subj_7_b.csv,PNA,passive_dropped_agent,non_agent_first,agent_dropped,1.0,1.0
edf43,27,Punjabi,sentence_audio,passive_dropped_agent,2,s_boy_boy_broke_vase,5780,743.1,418.4,agent,1,exp_images/audio\PUNJABI\p_woa_vase.wav,IMG_08_P_PNA,exp_images/images/boy_broke_vase.jpg,IMG_08,exp_images/sentences/Vase-woa.jpg,STIM_44,stimuli_list_subj_7_b.csv,PNA,passive_dropped_agent,non_agent_first,agent_dropped,1.0,1.0
edf43,28,English,sentence_audio,active,2,o_box_man_pushed_box,6022,1095.7,474.6,object,0,exp_images/audio\ENGLISH\box.wav,IMG_05_E_ACT,exp_images/images/man_pushed_box.jpg,IMG_05,exp_images/sentences/active_man_box.jpg,STIM_59,stimuli_list_subj_7_b.csv,ACT,active,agent_first,agent_overt,0.0,
edf43,29,English,sentence_audio,active,3,o_shrub_man_cut_shrub,5588,854.4,483.6,object,0,exp_images/audio\ENGLISH\shrub.wav,IMG_04_E_ACT,exp_images/images/man_cut_shrub.jpg,IMG_04,exp_images/sentences/active_man_shrub.jpg,STIM_58,stimuli_list_subj_7_b.csv,ACT,active,agent_first,agent_overt,0.0,
edf43,30,English,sentence_audio,active,2,o_window_girl_opened_window,5588,1055.7,509.7,object,0,exp_images/audio\ENGLISH\window.wav,IMG_02_E_ACT,exp_images/images/girl_opened_window.jpg,IMG_02,exp_images/sentences/active_girl_window.jpg,STIM_56,stimuli_list_subj_7_b.csv,ACT,active,agent_first,agent_overt,0.0,
edf43,31,English,sentence_audio,passive,2,o_hole_dog_dug_hole,6320,1056.6,798.9,object,0,exp_images/audio\ENGLISH\p_dug.wav,IMG_13_E_PWA,exp_images/images/dog_dug_hole.jpg,IMG_13,exp_images/sentences/passive_dog_hole.jpg,STIM_85,stimuli_list_subj_7_b.csv,PWA,passive_with_agent,non_agent_first,agent_overt,1.0,0.0
edf43,32,English,sentence_audio,passive,2,o_veg_boy_cut_vegetables,6218,893.2,752.2,object,0,exp_images/audio\ENGLISH\p_veg.wav,IMG_18_E_PWA,exp_images/images/boy_cut_vegetables.jpg,IMG_18,exp_images/sentences/passive_boy_vegetables.jpg,STIM_90,stimuli_list_subj_7_b.csv,PWA,passive_with_agent,non_agent_first,agent_overt,1.0,0.0
edf43,33,English,sentence_audio,passive,2,o_cake_girl_baked_cake,6120,933.6,614.4,object,0,exp_images/audio\ENGLISH\p_cake.wav,IMG_15_E_PWA,exp_images/images/girl_baked_cake.jpg,IMG_15,exp_images/sentences/passive_girl_cake.jpg,STIM_87,stimuli_list_subj_7_b.csv,PWA,passive_with_agent,non_agent_first,agent_overt,1.0,0.0
edf43,34,English,sentence_audio,passive_dropped_agent,2,o_clothes_woman_folded_clothes,8872,929.0,771.0,object,0,exp_images/audio\ENGLISH\p_woa_clothes.wav,IMG_06_E_PNA,exp_images/images/women_fold_clothes.jpg,IMG_06,exp_images/sentences/noagent_woman_clothes.jpg,STIM_96,stimuli_list_subj_7_b.csv,PNA,passive_dropped_agent,non_agent_first,agent_dropped,1.0,1.0
edf43,35,English,sentence_audio,passive_dropped_agent,3,o_letter_woman_read_letter,6198,1055.3,738.1,object,0,exp_images/audio\ENGLISH\p_woa_letter.wav,IMG_17_E_PNA,exp_images/images/women_read_letter.jpg,IMG_17,exp_images/sentences/noagent_women_letter.jpg,STIM_107,stimuli_list_subj_7_b.csv,PNA,passive_dropped_agent,non_agent_first,agent_dropped,1.0,1.0
edf43,36,English,sentence_audio,passive_dropped_agent,2,o_lamp_girl_light_lamp,6382,777.6,582.1,object,0,exp_images/audio\ENGLISH\p_woa_lamp.wav,IMG_01_E_PNA,exp_images/images/girl_lighted_lamp.jpg,IMG_01,exp_images/sentences/noagent_girl_lamp.jpg,STIM_91,stimuli_list_subj_7_b.csv,PNA,passive_dropped_agent,non_agent_first,agent_dropped,1.0,1.0
edf44,19,Punjabi,sentence_audio,passive,2,o_tabla_child_play_tabla,6282,719.4,635.8,object,0,exp_images/audio\PUNJABI\p_tabla.wav,IMG_11_P_PWA,exp_images/images/child_play_tabla.jpg,IMG_11,exp_images/sentences/Tabla-passive.jpg,STIM_29,stimuli_list_subj_8_b.csv,PWA,passive_with_agent,non_agent_first,agent_overt,1.0,0.0
edf44,20,Punjabi,sentence_audio,passive,2,s_boy_boy_opened_door,6010,815.2,401.3,agent,1,exp_images/audio\PUNJABI\p_door.wav,IMG_10_P_PWA,exp_images/images/boy_opened_door.jpg,IMG_10,exp_images/sentences/Closed-door-passive.jpg,STIM_28,stimuli_list_subj_8_b.csv,PWA,passive_with_agent,non_agent_first,agent_overt,1.0,0.0
edf44,21,Punjabi,sentence_audio,passive,2,o_bucket_boy_filled_bucket,5802,898.1,597.6,object,0,exp_images/audio\PUNJABI\p_bucket.wav,IMG_09_P_PWA,exp_images/images/boy_filled_bucket.jpg,IMG_09,exp_images/sentences/Bucket-passive.jpg,STIM_27,stimuli_list_subj_8_b.csv,PWA,passive_with_agent,non_agent_first,agent_overt,1.0,0.0
edf44,22,Punjabi,sentence_audio,passive_dropped_agent,2,o_dog_girl_fed_dog,6220,975.0,645.9,object,0,exp_images/audio\PUNJABI\p_woa_fed.wav,IMG_16_P_PNA,exp_images/images/girl_fed_dog.jpg,IMG_16,exp_images/sentences/Fed-dog-woa.jpg,STIM_52,stimuli_list_subj_8_b.csv,PNA,passive_dropped_agent,non_agent_first,agent_dropped,1.0,1.0
edf44,23,Punjabi,sentence_audio,passive_dropped_agent,2,s_driver_driver_wash_scooter,5856,725.6,378.8,agent,1,exp_images/audio\PUNJABI\p_woa_scooter.wav,IMG_14_P_PNA,exp_images/images/driver_wash_scooter.jpg,IMG_14,exp_images/sentences/Washed-scooter-woa.jpg,STIM_50,stimuli_list_subj_8_b.csv,PNA,passive_dropped_agent,non_agent_first,agent_dropped,1.0,1.0
edf44,24,Punjabi,sentence_audio,passive_dropped_agent,2,o_picture_artiste_drew_picture,6180,925.3,509.5,object,0,exp_images/audio\PUNJABI\p_woa_picture.wav,IMG_07_P_PNA,exp_images/images/artiste_drew_picture.jpg,IMG_07,exp_images/sentences/Painting-woa.jpg,STIM_43,stimuli_list_subj_8_b.csv,PNA,passive_dropped_agent,non_agent_first,agent_dropped,1.0,1.0
edf44,25,English,sentence_audio,active,2,o_tree_girl_plant_tree,6288,644.9,777.5,object,0,exp_images/audio\ENGLISH\sapling.wav,IMG_03_E_ACT,exp_images/images/girl_plant_tree.jpg,IMG_03,exp_images/sentences/active_girl_sapling.jpg,STIM_57,stimuli_list_subj_8_b.csv,ACT,active,agent_first,agent_overt,0.0,
edf44,26,English,sentence_audio,active,2,s_child_child_throw_frisbee,5682,1078.2,440.3,agent,1,exp_images/audio\ENGLISH\frisbee.wav,IMG_12_E_ACT,exp_images/images/child_throw_frisbee.jpg,IMG_12,exp_images/sentences/active_child_frisbee.jpg,STIM_66,stimuli_list_subj_8_b.csv,ACT,active,agent_first,agent_overt,0.0,
edf44,27,English,sentence_audio,active,2,o_vase_boy_broke_vase,5916,904.9,469.3,object,0,exp_images/audio\ENGLISH\vase.wav,IMG_08_E_ACT,exp_images/images/boy_broke_vase.jpg,IMG_08,exp_images/sentences/active_boy_vase.jpg,STIM_62,stimuli_list_subj_8_b.csv,ACT,active,agent_first,agent_overt,0.0,
edf44,28,English,sentence_audio,passive,2,o_box_man_pushed_box,6428,1111.8,467.8,object,0,exp_images/audio\ENGLISH\p_box.wav,IMG_05_E_PWA,exp_images/images/man_pushed_box.jpg,IMG_05,exp_images/sentences/passive_man_box.jpg,STIM_77,stimuli_list_subj_8_b.csv,PWA,passive_with_agent,non_agent_first,agent_overt,1.0,0.0
edf44,29,English,sentence_audio,passive,2,o_shrub_man_cut_shrub,5660,878.1,519.1,object,0,exp_images/audio\ENGLISH\p_shrub.wav,IMG_04_E_PWA,exp_images/images/man_cut_shrub.jpg,IMG_04,exp_images/sentences/passive_man_shrub.jpg,STIM_76,stimuli_list_subj_8_b.csv,PWA,passive_with_agent,non_agent_first,agent_overt,1.0,0.0
edf44,30,English,sentence_audio,passive,2,s_girl_girl_opened_window,6358,841.0,471.2,agent,1,exp_images/audio\ENGLISH\p_window.wav,IMG_02_E_PWA,exp_images/images/girl_opened_window.jpg,IMG_02,exp_images/sentences/passive_girl_window.jpg,STIM_74,stimuli_list_subj_8_b.csv,PWA,passive_with_agent,non_agent_first,agent_overt,1.0,0.0
edf44,31,English,sentence_audio,passive_dropped_agent,2,s_dog_dog_dug_hole,5620,864.6,608.1,agent,1,exp_images/audio\ENGLISH\p_woa_dug.wav,IMG_13_E_PNA,exp_images/images/dog_dug_hole.jpg,IMG_13,exp_images/sentences/noagent_dog_hole.jpg,STIM_103,stimuli_list_subj_8_b.csv,PNA,passive_dropped_agent,non_agent_first,agent_dropped,1.0,1.0
edf44,32,English,sentence_audio,passive_dropped_agent,2,o_veg_boy_cut_vegetables,6114,859.0,815.6,object,0,exp_images/audio\ENGLISH\p_woa_veg.wav,IMG_18_E_PNA,exp_images/images/boy_cut_vegetables.jpg,IMG_18,exp_images/sentences/noagent_boy_vegetables.jpg,STIM_108,stimuli_list_subj_8_b.csv,PNA,passive_dropped_agent,non_agent_first,agent_dropped,1.0,1.0
edf44,33,English,sentence_audio,passive_dropped_agent,2,o_cake_girl_baked_cake,5800,889.8,642.3,object,0,exp_images/audio\ENGLISH\p_woa_cake.wav,IMG_15_E_PNA,exp_images/images/girl_baked_cake.jpg,IMG_15,exp_images/sentences/noagent_girl_cake.jpg,STIM_105,stimuli_list_subj_8_b.csv,PNA,passive_dropped_agent,non_agent_first,agent_dropped,1.0,1.0
edf44,34,Punjabi,sentence_audio,active,2,o_clothes_woman_folded_clothes,6148,849.7,701.2,object,0,exp_images/audio\PUNJABI\clothes.wav,IMG_06_P_ACT,exp_images/images/women_fold_clothes.jpg,IMG_06,exp_images/sentences/Folded-clothes.jpg,STIM_06,stimuli_list_subj_8_b.csv,ACT,active,agent_first,agent_overt,0.0,
edf44,35,Punjabi,sentence_audio,active,2,s_woman_woman_read_letter,5968,961.3,391.8,agent,1,exp_images/audio\PUNJABI\letter.wav,IMG_17_P_ACT,exp_images/images/women_read_letter.jpg,IMG_17,exp_images/sentences/Letter.jpg,STIM_17,stimuli_list_subj_8_b.csv,ACT,active,agent_first,agent_overt,0.0,
edf44,36,Punjabi,sentence_audio,active,2,o_lamp_girl_light_lamp,5936,686.7,618.8,object,0,exp_images/audio\PUNJABI\lamp.wav,IMG_01_P_ACT,exp_images/images/girl_lighted_lamp.jpg,IMG_01,exp_images/sentences/Lamp.jpg,STIM_01,stimuli_list_subj_8_b.csv,ACT,active,agent_first,agent_overt,0.0,
edf45,19,Punjabi,sentence_audio,passive_dropped_agent,2,o_tabla_child_play_tabla,5488,792.0,609.7,object,0,exp_images/audio\PUNJABI\p_woa_tabla.wav,IMG_11_P_PNA,exp_images/images/child_play_tabla.jpg,IMG_11,exp_images/sentences/Tabla-woa.jpg,STIM_47,stimuli_list_subj_9_b.csv,PNA,passive_dropped_agent,non_agent_first,agent_dropped,1.0,1.0
edf45,20,Punjabi,sentence_audio,passive_dropped_agent,2,o_door_boy_opened_door,6338,997.6,538.1,object,0,exp_images/audio\PUNJABI\p_woa_door.wav,IMG_10_P_PNA,exp_images/images/boy_opened_door.jpg,IMG_10,exp_images/sentences/Closed-door-woa.jpg,STIM_46,stimuli_list_subj_9_b.csv,PNA,passive_dropped_agent,non_agent_first,agent_dropped,1.0,1.0
edf45,21,Punjabi,sentence_audio,passive_dropped_agent,2,o_bucket_boy_filled_bucket,5564,923.5,615.8,object,0,exp_images/audio\PUNJABI\p_woa_tub.wav,IMG_09_P_PNA,exp_images/images/boy_filled_bucket.jpg,IMG_09,exp_images/sentences/Bucket-woa.jpg,STIM_45,stimuli_list_subj_9_b.csv,PNA,passive_dropped_agent,non_agent_first,agent_dropped,1.0,1.0
edf45,22,English,sentence_audio,active,2,o_dog_girl_fed_dog,5404,999.8,744.5,object,0,exp_images/audio\ENGLISH\fed.wav,IMG_16_E_ACT,exp_images/images/girl_fed_dog.jpg,IMG_16,exp_images/sentences/active_girl_dog.jpg,STIM_70,stimuli_list_subj_9_b.csv,ACT,active,agent_first,agent_overt,0.0,
edf45,23,English,sentence_audio,active,2,o_scooter_driver_wash_scooter,6272,1039.7,816.9,object,0,exp_images/audio\ENGLISH\scooter.wav,IMG_14_E_ACT,exp_images/images/driver_wash_scooter.jpg,IMG_14,exp_images/sentences/active_driver_scooter.jpg,STIM_68,stimuli_list_subj_9_b.csv,ACT,active,agent_first,agent_overt,0.0,
edf45,24,English,sentence_audio,active,2,o_picture_artiste_drew_picture,6154,1052.6,480.1,object,0,exp_images/audio\ENGLISH\picture.wav,IMG_07_E_ACT,exp_images/images/artiste_drew_picture.jpg,IMG_07,exp_images/sentences/active_artist_picture.jpg,STIM_61,stimuli_list_subj_9_b.csv,ACT,active,agent_first,agent_overt,0.0,
edf45,25,English,sentence_audio,passive,3,o_tree_girl_plant_tree,6136,714.0,806.8,object,0,exp_images/audio\ENGLISH\p_sapling.wav,IMG_03_E_PWA,exp_images/images/girl_plant_tree.jpg,IMG_03,exp_images/sentences/passive_girl_sapling.jpg,STIM_75,stimuli_list_subj_9_b.csv,PWA,passive_with_agent,non_agent_first,agent_overt,1.0,0.0
edf45,26,English,sentence_audio,passive,2,s_child_child_throw_frisbee,5532,1047.0,518.5,agent,1,exp_images/audio\ENGLISH\p_frisbee.wav,IMG_12_E_PWA,exp_images/images/child_throw_frisbee.jpg,IMG_12,exp_images/sentences/passive_child_frisbee.jpg,STIM_84,stimuli_list_subj_9_b.csv,PWA,passive_with_agent,non_agent_first,agent_overt,1.0,0.0
edf45,27,English,sentence_audio,passive,2,o_vase_boy_broke_vase,6352,996.5,544.4,object,0,exp_images/audio\ENGLISH\p_vase.wav,IMG_08_E_PWA,exp_images/images/boy_broke_vase.jpg,IMG_08,exp_images/sentences/passive_boy_vase.jpg,STIM_80,stimuli_list_subj_9_b.csv,PWA,passive_with_agent,non_agent_first,agent_overt,1.0,0.0
edf45,28,English,sentence_audio,passive_dropped_agent,2,o_box_man_pushed_box,5984,1108.4,457.4,object,0,exp_images/audio\ENGLISH\p_woa_box.wav,IMG_05_E_PNA,exp_images/images/man_pushed_box.jpg,IMG_05,exp_images/sentences/noagent_man_box.jpg,STIM_95,stimuli_list_subj_9_b.csv,PNA,passive_dropped_agent,non_agent_first,agent_dropped,1.0,1.0
edf45,29,English,sentence_audio,passive_dropped_agent,2,o_shrub_man_cut_shrub,6050,841.7,636.7,object,0,exp_images/audio\ENGLISH\p_woa_shrub.wav,IMG_04_E_PNA,exp_images/images/man_cut_shrub.jpg,IMG_04,exp_images/sentences/noagent_man_shrub.jpg,STIM_94,stimuli_list_subj_9_b.csv,PNA,passive_dropped_agent,non_agent_first,agent_dropped,1.0,1.0
edf45,30,English,sentence_audio,passive_dropped_agent,2,o_window_girl_opened_window,5422,1164.3,495.6,object,0,exp_images/audio\ENGLISH\p_woa_window.wav,IMG_02_E_PNA,exp_images/images/girl_opened_window.jpg,IMG_02,exp_images/sentences/noagent_girl_window.jpg,STIM_92,stimuli_list_subj_9_b.csv,PNA,passive_dropped_agent,non_agent_first,agent_dropped,1.0,1.0
edf45,31,Punjabi,sentence_audio,active,2,s_dog_dog_dug_hole,5500,935.3,645.2,agent,1,exp_images/audio\PUNJABI\dug.wav,IMG_13_P_ACT,exp_images/images/dog_dug_hole.jpg,IMG_13,exp_images/sentences/Dog-dug.jpg,STIM_13,stimuli_list_subj_9_b.csv,ACT,active,agent_first,agent_overt,0.0,
edf45,32,Punjabi,sentence_audio,active,2,o_veg_boy_cut_vegetables,5666,941.4,718.9,object,0,exp_images/audio\PUNJABI\veg.wav,IMG_18_P_ACT,exp_images/images/boy_cut_vegetables.jpg,IMG_18,exp_images/sentences/Veg.jpg,STIM_18,stimuli_list_subj_9_b.csv,ACT,active,agent_first,agent_overt,0.0,
edf45,33,Punjabi,sentence_audio,active,2,o_cake_girl_baked_cake,6178,984.2,623.0,object,0,exp_images/audio\PUNJABI\cake.wav,IMG_15_P_ACT,exp_images/images/girl_baked_cake.jpg,IMG_15,exp_images/sentences/Cake.jpg,STIM_15,stimuli_list_subj_9_b.csv,ACT,active,agent_first,agent_overt,0.0,
edf45,34,Punjabi,sentence_audio,passive,2,o_clothes_woman_folded_clothes,6360,956.0,638.1,object,0,exp_images/audio\PUNJABI\p_clothes.wav,IMG_06_P_PWA,exp_images/images/women_fold_clothes.jpg,IMG_06,exp_images/sentences/Folded-clothes-passive.jpg,STIM_24,stimuli_list_subj_9_b.csv,PWA,passive_with_agent,non_agent_first,agent_overt,1.0,0.0
edf45,35,Punjabi,sentence_audio,passive,2,o_letter_woman_read_letter,5464,1086.8,733.7,object,0,exp_images/audio\PUNJABI\p_letter.wav,IMG_17_P_PWA,exp_images/images/women_read_letter.jpg,IMG_17,exp_images/sentences/Letter-passive.jpg,STIM_35,stimuli_list_subj_9_b.csv,PWA,passive_with_agent,non_agent_first,agent_overt,1.0,0.0
edf45,36,Punjabi,sentence_audio,passive,2,s_girl_girl_lit_lamp,5884,944.0,537.8,agent,1,exp_images/audio\PUNJABI\p_lamp.wav,IMG_01_P_PWA,exp_images/images/girl_lighted_lamp.jpg,IMG_01,exp_images/sentences/Lamp-passive.jpg,STIM_19,stimuli_list_subj_9_b.csv,PWA,passive_with_agent,non_agent_first,agent_overt,1.0,0.0
edf46,19,English,sentence_audio,active,3,s_child_child_play_tabla,5992,996.3,273.0,agent,1,exp_images/audio\ENGLISH\tabla.wav,IMG_11_E_ACT,exp_images/images/child_play_tabla.jpg,IMG_11,exp_images/sentences/active_child_tabla.jpg,STIM_65,stimuli_list_subj_10_b.csv,ACT,active,agent_first,agent_overt,0.0,
edf46,20,English,sentence_audio,active,2,o_door_boy_opened_door,6194,921.2,400.0,object,0,exp_images/audio\ENGLISH\door.wav,IMG_10_E_ACT,exp_images/images/boy_opened_door.jpg,IMG_10,exp_images/sentences/active_boy_door.jpg,STIM_64,stimuli_list_subj_10_b.csv,ACT,active,agent_first,agent_overt,0.0,
edf46,21,English,sentence_audio,active,2,o_bucket_boy_filled_bucket,5682,925.6,543.4,object,0,exp_images/audio\ENGLISH\bucket.wav,IMG_09_E_ACT,exp_images/images/boy_filled_bucket.jpg,IMG_09,exp_images/sentences/active_boy_bucket.jpg,STIM_63,stimuli_list_subj_10_b.csv,ACT,active,agent_first,agent_overt,0.0,
edf46,22,English,sentence_audio,passive,3,o_dog_girl_fed_dog,6454,954.2,743.4,object,0,exp_images/audio\ENGLISH\p_fed.wav,IMG_16_E_PWA,exp_images/images/girl_fed_dog.jpg,IMG_16,exp_images/sentences/passive_girl_dog.jpg,STIM_88,stimuli_list_subj_10_b.csv,PWA,passive_with_agent,non_agent_first,agent_overt,1.0,0.0
edf46,23,English,sentence_audio,passive,2,s_driver_driver_wash_scooter,6322,736.3,239.5,agent,1,exp_images/audio\ENGLISH\p_scooter.wav,IMG_14_E_PWA,exp_images/images/driver_wash_scooter.jpg,IMG_14,exp_images/sentences/passive_driver_scooter.jpg,STIM_86,stimuli_list_subj_10_b.csv,PWA,passive_with_agent,non_agent_first,agent_overt,1.0,0.0
edf46,24,English,sentence_audio,passive,2,o_picture_artiste_drew_picture,5514,911.5,313.6,object,0,exp_images/audio\ENGLISH\p_artist.wav,IMG_07_E_PWA,exp_images/images/artiste_drew_picture.jpg,IMG_07,exp_images/sentences/passive_artist_picture.jpg,STIM_79,stimuli_list_subj_10_b.csv,PWA,passive_with_agent,non_agent_first,agent_overt,1.0,0.0
edf46,25,English,sentence_audio,passive_dropped_agent,2,s_girl_girl_plant_tree,5666,873.6,466.6,agent,1,exp_images/audio\ENGLISH\p_woa_sapling.wav,IMG_03_E_PNA,exp_images/images/girl_plant_tree.jpg,IMG_03,exp_images/sentences/noagent_girl_sapling.jpg,STIM_93,stimuli_list_subj_10_b.csv,PNA,passive_dropped_agent,non_agent_first,agent_dropped,1.0,1.0
edf46,26,English,sentence_audio,passive_dropped_agent,2,s_child_child_throw_frisbee,6288,1079.0,325.3,agent,1,exp_images/audio\ENGLISH\p_woa_frisbee.wav,IMG_12_E_PNA,exp_images/images/child_throw_frisbee.jpg,IMG_12,exp_images/sentences/noagent_child_frisbee.jpg,STIM_102,stimuli_list_subj_10_b.csv,PNA,passive_dropped_agent,non_agent_first,agent_dropped,1.0,1.0
edf46,27,English,sentence_audio,passive_dropped_agent,2,o_vase_boy_broke_vase,6314,903.7,401.1,object,0,exp_images/audio\ENGLISH\p_woa_vase.wav,IMG_08_E_PNA,exp_images/images/boy_broke_vase.jpg,IMG_08,exp_images/sentences/noagent_boy_vase.jpg,STIM_98,stimuli_list_subj_10_b.csv,PNA,passive_dropped_agent,non_agent_first,agent_dropped,1.0,1.0
edf46,28,Punjabi,sentence_audio,active,3,s_man_man_pushed_box,6428,922.2,276.6,agent,1,exp_images/audio\PUNJABI\box.wav,IMG_05_P_ACT,exp_images/images/man_pushed_box.jpg,IMG_05,exp_images/sentences/Pushed-box.jpg,STIM_05,stimuli_list_subj_10_b.csv,ACT,active,agent_first,agent_overt,0.0,
edf46,29,Punjabi,sentence_audio,active,2,s_man_man_cut_shrub,5970,953.7,529.9,agent,1,exp_images/audio\PUNJABI\shrub.wav,IMG_04_P_ACT,exp_images/images/man_cut_shrub.jpg,IMG_04,exp_images/sentences/Shrub.jpg,STIM_04,stimuli_list_subj_10_b.csv,ACT,active,agent_first,agent_overt,0.0,
edf46,30,Punjabi,sentence_audio,active,2,s_girl_girl_opened_window,6144,909.7,451.9,agent,1,exp_images/audio\PUNJABI\window.wav,IMG_02_P_ACT,exp_images/images/girl_opened_window.jpg,IMG_02,exp_images/sentences/Window.jpg,STIM_02,stimuli_list_subj_10_b.csv,ACT,active,agent_first,agent_overt,0.0,
edf46,31,Punjabi,sentence_audio,passive,2,s_dog_dog_dug_hole,5780,880.1,573.2,agent,1,exp_images/audio\PUNJABI\p_dug.wav,IMG_13_P_PWA,exp_images/images/dog_dug_hole.jpg,IMG_13,exp_images/sentences/Dog-dug-passive.jpg,STIM_31,stimuli_list_subj_10_b.csv,PWA,passive_with_agent,non_agent_first,agent_overt,1.0,0.0
edf46,32,Punjabi,sentence_audio,passive,2,s_boy_boy_cut_vegetables,5976,930.4,525.8,agent,1,exp_images/audio\PUNJABI\p_veg.wav,IMG_18_P_PWA,exp_images/images/boy_cut_vegetables.jpg,IMG_18,exp_images/sentences/Veg-passive.jpg,STIM_36,stimuli_list_subj_10_b.csv,PWA,passive_with_agent,non_agent_first,agent_overt,1.0,0.0
edf46,33,Punjabi,sentence_audio,passive,3,s_girl_girl_baked_cake,6510,892.9,357.9,agent,1,exp_images/audio\PUNJABI\p_cake.wav,IMG_15_P_PWA,exp_images/images/girl_baked_cake.jpg,IMG_15,exp_images/sentences/Cake-passive.jpg,STIM_33,stimuli_list_subj_10_b.csv,PWA,passive_with_agent,non_agent_first,agent_overt,1.0,0.0
edf46,34,Punjabi,sentence_audio,passive_dropped_agent,2,o_clothes_woman_folded_clothes,5798,926.0,629.5,object,0,exp_images/audio\PUNJABI\p_woa_clothes.wav,IMG_06_P_PNA,exp_images/images/women_fold_clothes.jpg,IMG_06,exp_images/sentences/Folded-clothes-woa.jpg,STIM_42,stimuli_list_subj_10_b.csv,PNA,passive_dropped_agent,non_agent_first,agent_dropped,1.0,1.0
edf46,35,Punjabi,sentence_audio,passive_dropped_agent,2,s_woman_woman_read_letter,5696,982.8,417.8,agent,1,exp_images/audio\PUNJABI\p_woa_letter.wav,IMG_17_P_PNA,exp_images/images/women_read_letter.jpg,IMG_17,exp_images/sentences/Letter-woa.jpg,STIM_53,stimuli_list_subj_10_b.csv,PNA,passive_dropped_agent,non_agent_first,agent_dropped,1.0,1.0
edf46,36,Punjabi,sentence_audio,passive_dropped_agent,2,s_girl_girl_lit_lamp,6158,989.6,396.2,agent,1,exp_images/audio\PUNJABI\p_woa_lamp.wav,IMG_01_P_PNA,exp_images/images/girl_lighted_lamp.jpg,IMG_01,exp_images/sentences/Lamp-woa.jpg,STIM_37,stimuli_list_subj_10_b.csv,PNA,passive_dropped_agent,non_agent_first,agent_dropped,1.0,1.0
edf47,19,English,sentence_audio,passive,2,o_tabla_child_play_tabla,5956,749.4,592.9,object,0,exp_images/audio\ENGLISH\p_tabla.wav,IMG_11_E_PWA,exp_images/images/child_play_tabla.jpg,IMG_11,exp_images/sentences/passive_child_tabla.jpg,STIM_83,stimuli_list_subj_11_b.csv,PWA,passive_with_agent,non_agent_first,agent_overt,1.0,0.0
edf47,20,English,sentence_audio,passive,2,o_door_boy_opened_door,5662,922.9,352.6,object,0,exp_images/audio\ENGLISH\p_door.wav,IMG_10_E_PWA,exp_images/images/boy_opened_door.jpg,IMG_10,exp_images/sentences/passive_boy_door.jpg,STIM_82,stimuli_list_subj_11_b.csv,PWA,passive_with_agent,non_agent_first,agent_overt,1.0,0.0
edf47,21,English,sentence_audio,passive,2,o_bucket_boy_filled_bucket,5804,932.8,446.8,object,0,exp_images/audio\ENGLISH\p_bucket.wav,IMG_09_E_PWA,exp_images/images/boy_filled_bucket.jpg,IMG_09,exp_images/sentences/passive_boy_bucket.jpg,STIM_81,stimuli_list_subj_11_b.csv,PWA,passive_with_agent,non_agent_first,agent_overt,1.0,0.0
edf47,22,English,sentence_audio,passive_dropped_agent,2,o_dog_girl_fed_dog,5962,1019.1,641.3,object,0,exp_images/audio\ENGLISH\p_woa_fed.wav,IMG_16_E_PNA,exp_images/images/girl_fed_dog.jpg,IMG_16,exp_images/sentences/noagent_girl_dog.jpg,STIM_106,stimuli_list_subj_11_b.csv,PNA,passive_dropped_agent,non_agent_first,agent_dropped,1.0,1.0
edf47,23,English,sentence_audio,passive_dropped_agent,2,o_scooter_driver_wash_scooter,6024,1079.9,387.0,object,0,exp_images/audio\ENGLISH\p_woa_scooter.wav,IMG_14_E_PNA,exp_images/images/driver_wash_scooter.jpg,IMG_14,exp_images/sentences/noagent_driver_scooter.jpg,STIM_104,stimuli_list_subj_11_b.csv,PNA,passive_dropped_agent,non_agent_first,agent_dropped,1.0,1.0
edf47,24,English,sentence_audio,passive_dropped_agent,2,o_picture_artiste_drew_picture,6298,1106.4,398.5,object,0,exp_images/audio\ENGLISH\p_woa_draw.wav,IMG_07_E_PNA,exp_images/images/artiste_drew_picture.jpg,IMG_07,exp_images/sentences/noagent_artist_picture.jpg,STIM_97,stimuli_list_subj_11_b.csv,PNA,passive_dropped_agent,non_agent_first,agent_dropped,1.0,1.0
edf47,25,Punjabi,sentence_audio,active,2,o_tree_girl_plant_tree,6148,703.8,618.2,object,0,exp_images/audio\PUNJABI\sapling.wav,IMG_03_P_ACT,exp_images/images/girl_plant_tree.jpg,IMG_03,exp_images/sentences/Sapling.jpg,STIM_03,stimuli_list_subj_11_b.csv,ACT,active,agent_first,agent_overt,0.0,
edf47,26,Punjabi,sentence_audio,active,2,s_child_child_throw_frisbee,5644,1055.7,304.6,agent,1,exp_images/audio\PUNJABI\frisbee.wav,IMG_12_P_ACT,exp_images/images/child_throw_frisbee.jpg,IMG_12,exp_images/sentences/Frisbee.jpg,STIM_12,stimuli_list_subj_11_b.csv,ACT,active,agent_first,agent_overt,0.0,
edf47,27,Punjabi,sentence_audio,active,2,o_vase_boy_broke_vase,5818,968.1,365.9,object,0,exp_images/audio\PUNJABI\vase.wav,IMG_08_P_ACT,exp_images/images/boy_broke_vase.jpg,IMG_08,exp_images/sentences/Vase.jpg,STIM_08,stimuli_list_subj_11_b.csv,ACT,active,agent_first,agent_overt,0.0,
edf47,28,Punjabi,sentence_audio,passive,2,o_box_man_pushed_box,6096,1222.6,365.9,object,0,exp_images/audio\PUNJABI\p_box.wav,IMG_05_P_PWA,exp_images/images/man_pushed_box.jpg,IMG_05,exp_images/sentences/Pushed-box-passive.jpg,STIM_23,stimuli_list_subj_11_b.csv,PWA,passive_with_agent,non_agent_first,agent_overt,1.0,0.0
edf47,29,Punjabi,sentence_audio,passive,2,o_shrub_man_cut_shrub,5784,849.0,433.9,object,0,exp_images/audio\PUNJABI\p_shrub.wav,IMG_04_P_PWA,exp_images/images/man_cut_shrub.jpg,IMG_04,exp_images/sentences/Shrub-passive.jpg,STIM_22,stimuli_list_subj_11_b.csv,PWA,passive_with_agent,non_agent_first,agent_overt,1.0,0.0
edf47,30,Punjabi,sentence_audio,passive,2,s_girl_girl_opened_window,5646,925.9,359.3,agent,1,exp_images/audio\PUNJABI\p_window.wav,IMG_02_P_PWA,exp_images/images/girl_opened_window.jpg,IMG_02,exp_images/sentences/Window-passive.jpg,STIM_20,stimuli_list_subj_11_b.csv,PWA,passive_with_agent,non_agent_first,agent_overt,1.0,0.0
edf47,31,Punjabi,sentence_audio,passive_dropped_agent,2,o_hole_dog_dug_hole,6034,1101.6,697.3,object,0,exp_images/audio\PUNJABI\p_woa_dug.wav,IMG_13_P_PNA,exp_images/images/dog_dug_hole.jpg,IMG_13,exp_images/sentences/Dog-dug-woa.jpg,STIM_49,stimuli_list_subj_11_b.csv,PNA,passive_dropped_agent,non_agent_first,agent_dropped,1.0,1.0
edf47,32,Punjabi,sentence_audio,passive_dropped_agent,2,s_boy_boy_cut_vegetables,5810,1048.3,495.9,agent,1,exp_images/audio\PUNJABI\p_woa_veg.wav,IMG_18_P_PNA,exp_images/images/boy_cut_vegetables.jpg,IMG_18,exp_images/sentences/Veg-woa.jpg,STIM_54,stimuli_list_subj_11_b.csv,PNA,passive_dropped_agent,non_agent_first,agent_dropped,1.0,1.0
edf47,33,Punjabi,sentence_audio,passive_dropped_agent,2,s_girl_girl_baked_cake,5900,920.2,288.7,agent,1,exp_images/audio\PUNJABI\p_woa_cake.wav,IMG_15_P_PNA,exp_images/images/girl_baked_cake.jpg,IMG_15,exp_images/sentences/Cake-woa.jpg,STIM_51,stimuli_list_subj_11_b.csv,PNA,passive_dropped_agent,non_agent_first,agent_dropped,1.0,1.0
edf47,34,English,sentence_audio,active,2,o_clothes_woman_folded_clothes,5856,964.2,631.8,object,0,exp_images/audio\ENGLISH\clothes.wav,IMG_06_E_ACT,exp_images/images/women_fold_clothes.jpg,IMG_06,exp_images/sentences/active_woman_clothes.jpg,STIM_60,stimuli_list_subj_11_b.csv,ACT,active,agent_first,agent_overt,0.0,
edf47,35,English,sentence_audio,active,2,s_woman_woman_read_letter,6198,1011.5,378.9,agent,1,exp_images/audio\ENGLISH\letter.wav,IMG_17_E_ACT,exp_images/images/women_read_letter.jpg,IMG_17,exp_images/sentences/active_women_letter.jpg,STIM_71,stimuli_list_subj_11_b.csv,ACT,active,agent_first,agent_overt,0.0,
edf47,36,English,sentence_audio,active,2,o_lamp_girl_light_lamp,6456,694.2,536.7,object,0,exp_images/audio\ENGLISH\lamp.wav,IMG_01_E_ACT,exp_images/images/girl_lighted_lamp.jpg,IMG_01,exp_images/sentences/active_girl_lamp.jpg,STIM_55,stimuli_list_subj_11_b.csv,ACT,active,agent_first,agent_overt,0.0,
edf48,19,English,sentence_audio,passive_dropped_agent,2,o_tabla_child_play_tabla,6344,757.2,609.2,object,0,exp_images/audio\ENGLISH\p_woa_tabla.wav,IMG_11_E_PNA,exp_images/images/child_play_tabla.jpg,IMG_11,exp_images/sentences/noagent_child_tabla.jpg,STIM_101,stimuli_list_subj_12_b.csv,PNA,passive_dropped_agent,non_agent_first,agent_dropped,1.0,1.0
edf48,20,English,sentence_audio,passive_dropped_agent,2,s_boy_boy_opened_door,6400,846.7,486.0,agent,1,exp_images/audio\ENGLISH\p_woa_door.wav,IMG_10_E_PNA,exp_images/images/boy_opened_door.jpg,IMG_10,exp_images/sentences/noagent_boy_door.jpg,STIM_100,stimuli_list_subj_12_b.csv,PNA,passive_dropped_agent,non_agent_first,agent_dropped,1.0,1.0
edf48,21,English,sentence_audio,passive_dropped_agent,2,o_bucket_boy_filled_bucket,6256,862.6,579.1,object,0,exp_images/audio\ENGLISH\p_woa_bucket.wav,IMG_09_E_PNA,exp_images/images/boy_filled_bucket.jpg,IMG_09,exp_images/sentences/noagent_boy_bucket.jpg,STIM_99,stimuli_list_subj_12_b.csv,PNA,passive_dropped_agent,non_agent_first,agent_dropped,1.0,1.0
edf48,22,Punjabi,sentence_audio,active,2,o_dog_girl_fed_dog,6488,875.5,756.3,object,0,exp_images/audio\PUNJABI\fed.wav,IMG_16_P_ACT,exp_images/images/girl_fed_dog.jpg,IMG_16,exp_images/sentences/Fed-dog.jpg,STIM_16,stimuli_list_subj_12_b.csv,ACT,active,agent_first,agent_overt,0.0,
edf48,23,Punjabi,sentence_audio,active,2,o_scooter_driver_wash_scooter,5928,878.1,525.8,object,0,exp_images/audio\PUNJABI\scooter.wav,IMG_14_P_ACT,exp_images/images/driver_wash_scooter.jpg,IMG_14,exp_images/sentences/Washed-scooter.jpg,STIM_14,stimuli_list_subj_12_b.csv,ACT,active,agent_first,agent_overt,0.0,
edf48,24,Punjabi,sentence_audio,active,2,o_picture_artiste_drew_picture,6268,939.7,445.6,object,0,exp_images/audio\PUNJABI\picture.wav,IMG_07_P_ACT,exp_images/images/artiste_drew_picture.jpg,IMG_07,exp_images/sentences/Painting.jpg,STIM_07,stimuli_list_subj_12_b.csv,ACT,active,agent_first,agent_overt,0.0,
edf48,25,Punjabi,sentence_audio,passive,2,o_tree_girl_plant_tree,6184,694.8,683.1,object,0,exp_images/audio\PUNJABI\p_sapling.wav,IMG_03_P_PWA,exp_images/images/girl_plant_tree.jpg,IMG_03,exp_images/sentences/Sapling-passive.jpg,STIM_21,stimuli_list_subj_12_b.csv,PWA,passive_with_agent,non_agent_first,agent_overt,1.0,0.0
edf48,26,Punjabi,sentence_audio,passive,2,s_child_child_throw_frisbee,5996,985.5,418.8,agent,1,exp_images/audio\PUNJABI\p_frisbee.wav,IMG_12_P_PWA,exp_images/images/child_throw_frisbee.jpg,IMG_12,exp_images/sentences/Frisbee-passive.jpg,STIM_30,stimuli_list_subj_12_b.csv,PWA,passive_with_agent,non_agent_first,agent_overt,1.0,0.0
edf48,27,Punjabi,sentence_audio,passive,2,o_vase_boy_broke_vase,6374,883.8,567.1,object,0,exp_images/audio\PUNJABI\p_vase.wav,IMG_08_P_PWA,exp_images/images/boy_broke_vase.jpg,IMG_08,exp_images/sentences/Vase-passive.jpg,STIM_26,stimuli_list_subj_12_b.csv,PWA,passive_with_agent,non_agent_first,agent_overt,1.0,0.0
edf48,28,Punjabi,sentence_audio,passive_dropped_agent,2,s_man_man_pushed_box,5796,888.6,413.2,agent,1,exp_images/audio\PUNJABI\p_woa_box.wav,IMG_05_P_PNA,exp_images/images/man_pushed_box.jpg,IMG_05,exp_images/sentences/Pushed-box-woa.jpg,STIM_41,stimuli_list_subj_12_b.csv,PNA,passive_dropped_agent,non_agent_first,agent_dropped,1.0,1.0
edf48,29,Punjabi,sentence_audio,passive_dropped_agent,2,o_shrub_man_cut_shrub,5910,815.1,528.7,object,0,exp_images/audio\PUNJABI\p_woa_shrub.wav,IMG_04_P_PNA,exp_images/images/man_cut_shrub.jpg,IMG_04,exp_images/sentences/Shrub-woa.jpg,STIM_40,stimuli_list_subj_12_b.csv,PNA,passive_dropped_agent,non_agent_first,agent_dropped,1.0,1.0
edf48,30,Punjabi,sentence_audio,passive_dropped_agent,2,s_girl_girl_opened_window,5784,897.5,483.0,agent,1,exp_images/audio\PUNJABI\p_woa_window.wav,IMG_02_P_PNA,exp_images/images/girl_opened_window.jpg,IMG_02,exp_images/sentences/Window-woa.jpg,STIM_38,stimuli_list_subj_12_b.csv,PNA,passive_dropped_agent,non_agent_first,agent_dropped,1.0,1.0
edf48,31,English,sentence_audio,active,2,s_dog_dog_dug_hole,5650,858.0,592.5,agent,1,exp_images/audio\ENGLISH\dug.wav,IMG_13_E_ACT,exp_images/images/dog_dug_hole.jpg,IMG_13,exp_images/sentences/active_dog_hole.jpg,STIM_67,stimuli_list_subj_12_b.csv,ACT,active,agent_first,agent_overt,0.0,
edf48,32,English,sentence_audio,active,2,o_veg_boy_cut_vegetables,6092,857.4,811.9,object,0,exp_images/audio\ENGLISH\veg.wav,IMG_18_E_ACT,exp_images/images/boy_cut_vegetables.jpg,IMG_18,exp_images/sentences/active_boy_vegetables.jpg,STIM_72,stimuli_list_subj_12_b.csv,ACT,active,agent_first,agent_overt,0.0,
edf48,33,English,sentence_audio,active,2,s_girl_girl_baked_cake,6054,826.7,441.4,agent,1,exp_images/audio\ENGLISH\cake.wav,IMG_15_E_ACT,exp_images/images/girl_baked_cake.jpg,IMG_15,exp_images/sentences/active_girl_cake.jpg,STIM_69,stimuli_list_subj_12_b.csv,ACT,active,agent_first,agent_overt,0.0,
edf48,34,English,sentence_audio,passive,2,o_clothes_woman_folded_clothes,6618,861.3,696.5,object,0,exp_images/audio\ENGLISH\p_clothes.wav,IMG_06_E_PWA,exp_images/images/women_fold_clothes.jpg,IMG_06,exp_images/sentences/passive_woman_clothes.jpg,STIM_78,stimuli_list_subj_12_b.csv,PWA,passive_with_agent,non_agent_first,agent_overt,1.0,0.0
edf48,35,English,sentence_audio,passive,3,s_woman_woman_read_letter,6058,933.0,408.2,agent,1,exp_images/audio\ENGLISH\p_letter.wav,IMG_17_E_PWA,exp_images/images/women_read_letter.jpg,IMG_17,exp_images/sentences/passive_women_letter.jpg,STIM_89,stimuli_list_subj_12_b.csv,PWA,passive_with_agent,non_agent_first,agent_overt,1.0,0.0
edf48,36,English,sentence_audio,passive,2,o_lamp_girl_light_lamp,6146,729.5,580.1,object,0,exp_images/audio\ENGLISH\p_lamp.wav,IMG_01_E_PWA,exp_images/images/girl_lighted_lamp.jpg,IMG_01,exp_images/sentences/passive_girl_lamp.jpg,STIM_73,stimuli_list_subj_12_b.csv,PWA,passive_with_agent,non_agent_first,agent_overt,1.0,0.0
edf49,19,Punjabi,sentence_audio,active,2,s_woman_woman_read_letter,5906,999.2,349.8,agent,1,exp_images/audio\PUNJABI\letter.wav,IMG_17_P_ACT,exp_images/images/women_read_letter.jpg,IMG_17,exp_images/sentences/Letter.jpg,STIM_17,stimuli_list_subj_1_a.csv,ACT,active,agent_first,agent_overt,0.0,
edf49,20,Punjabi,sentence_audio,active,2,o_bucket_boy_filled_bucket,6428,944.4,432.4,object,0,exp_images/audio\PUNJABI\bucket.wav,IMG_09_P_ACT,exp_images/images/boy_filled_bucket.jpg,IMG_09,exp_images/sentences/Bucket.jpg,STIM_09,stimuli_list_subj_1_a.csv,ACT,active,agent_first,agent_overt,0.0,
edf49,21,Punjabi,sentence_audio,active,2,s_woman_woman_folded_clothes,5672,998.7,333.8,agent,1,exp_images/audio\PUNJABI\clothes.wav,IMG_06_P_ACT,exp_images/images/women_fold_clothes.jpg,IMG_06,exp_images/sentences/Folded-clothes.jpg,STIM_06,stimuli_list_subj_1_a.csv,ACT,active,agent_first,agent_overt,0.0,
edf49,22,Punjabi,sentence_audio,passive,2,s_boy_boy_opened_door,5616,852.8,431.5,agent,1,exp_images/audio\PUNJABI\p_door.wav,IMG_10_P_PWA,exp_images/images/boy_opened_door.jpg,IMG_10,exp_images/sentences/Closed-door-passive.jpg,STIM_28,stimuli_list_subj_1_a.csv,PWA,passive_with_agent,non_agent_first,agent_overt,1.0,0.0
edf49,23,Punjabi,sentence_audio,passive,3,o_lamp_girl_light_lamp,5560,772.5,549.0,object,0,exp_images/audio\PUNJABI\p_lamp.wav,IMG_01_P_PWA,exp_images/images/girl_lighted_lamp.jpg,IMG_01,exp_images/sentences/Lamp-passive.jpg,STIM_19,stimuli_list_subj_1_a.csv,PWA,passive_with_agent,non_agent_first,agent_overt,1.0,0.0
edf49,24,Punjabi,sentence_audio,passive,2,s_driver_driver_wash_scooter,6314,835.0,479.3,agent,1,exp_images/audio\PUNJABI\p_scooter.wav,IMG_14_P_PWA,exp_images/images/driver_wash_scooter.jpg,IMG_14,exp_images/sentences/Washed-scooter-passive.jpg,STIM_32,stimuli_list_subj_1_a.csv,PWA,passive_with_agent,non_agent_first,agent_overt,1.0,0.0
edf49,25,Punjabi,sentence_audio,passive_dropped_agent,3,o_box_man_pushed_box,6588,1175.2,361.8,object,0,exp_images/audio\PUNJABI\p_woa_box.wav,IMG_05_P_PNA,exp_images/images/man_pushed_box.jpg,IMG_05,exp_images/sentences/Pushed-box-woa.jpg,STIM_41,stimuli_list_subj_1_a.csv,PNA,passive_dropped_agent,non_agent_first,agent_dropped,1.0,1.0
edf49,26,Punjabi,sentence_audio,passive_dropped_agent,2,o_tree_girl_plant_tree,6398,710.9,565.2,object,0,exp_images/audio\PUNJABI\p_woa_sapling.wav,IMG_03_P_PNA,exp_images/images/girl_plant_tree.jpg,IMG_03,exp_images/sentences/Sapling-woa.jpg,STIM_39,stimuli_list_subj_1_a.csv,PNA,passive_dropped_agent,non_agent_first,agent_dropped,1.0,1.0
edf49,27,Punjabi,sentence_audio,passive_dropped_agent,2,o_shrub_man_cut_shrub,6338,882.6,460.9,object,0,exp_images/audio\PUNJABI\p_woa_shrub.wav,IMG_04_P_PNA,exp_images/images/man_cut_shrub.jpg,IMG_04,exp_images/sentences/Shrub-woa.jpg,STIM_40,stimuli_list_subj_1_a.csv,PNA,passive_dropped_agent,non_agent_first,agent_dropped,1.0,1.0
edf49,28,English,sentence_audio,active,2,o_hole_dog_dug_hole,6232,984.2,750.1,object,0,exp_images/audio\ENGLISH\dug.wav,IMG_13_E_ACT,exp_images/images/dog_dug_hole.jpg,IMG_13,exp_images/sentences/active_dog_hole.jpg,STIM_67,stimuli_list_subj_1_a.csv,ACT,active,agent_first,agent_overt,0.0,
edf49,29,English,sentence_audio,active,3,s_child_child_throw_frisbee,6284,1074.1,410.5,agent,1,exp_images/audio\ENGLISH\frisbee.wav,IMG_12_E_ACT,exp_images/images/child_throw_frisbee.jpg,IMG_12,exp_images/sentences/active_child_frisbee.jpg,STIM_66,stimuli_list_subj_1_a.csv,ACT,active,agent_first,agent_overt,0.0,
edf49,30,English,sentence_audio,active,2,o_tabla_child_play_tabla,5492,810.2,580.2,object,0,exp_images/audio\ENGLISH\tabla.wav,IMG_11_E_ACT,exp_images/images/child_play_tabla.jpg,IMG_11,exp_images/sentences/active_child_tabla.jpg,STIM_65,stimuli_list_subj_1_a.csv,ACT,active,agent_first,agent_overt,0.0,
edf49,31,English,sentence_audio,passive,2,o_picture_artiste_drew_picture,6418,1080.3,467.1,object,0,exp_images/audio\ENGLISH\p_artist.wav,IMG_07_E_PWA,exp_images/images/artiste_drew_picture.jpg,IMG_07,exp_images/sentences/passive_artist_picture.jpg,STIM_79,stimuli_list_subj_1_a.csv,PWA,passive_with_agent,non_agent_first,agent_overt,1.0,0.0
edf49,32,English,sentence_audio,passive,2,o_cake_girl_baked_cake,6284,915.2,580.8,object,0,exp_images/audio\ENGLISH\p_cake.wav,IMG_15_E_PWA,exp_images/images/girl_baked_cake.jpg,IMG_15,exp_images/sentences/passive_girl_cake.jpg,STIM_87,stimuli_list_subj_1_a.csv,PWA,passive_with_agent,non_agent_first,agent_overt,1.0,0.0
edf49,33,English,sentence_audio,passive,2,s_girl_girl_opened_window,6056,929.5,409.2,agent,1,exp_images/audio\ENGLISH\p_window.wav,IMG_02_E_PWA,exp_images/images/girl_opened_window.jpg,IMG_02,exp_images/sentences/passive_girl_window.jpg,STIM_74,stimuli_list_subj_1_a.csv,PWA,passive_with_agent,non_agent_first,agent_overt,1.0,0.0
edf49,34,English,sentence_audio,passive_dropped_agent,3,o_dog_girl_fed_dog,5930,971.7,792.4,object,0,exp_images/audio\ENGLISH\p_woa_fed.wav,IMG_16_E_PNA,exp_images/images/girl_fed_dog.jpg,IMG_16,exp_images/sentences/noagent_girl_dog.jpg,STIM_106,stimuli_list_subj_1_a.csv,PNA,passive_dropped_agent,non_agent_first,agent_dropped,1.0,1.0
edf49,35,English,sentence_audio,passive_dropped_agent,2,o_veg_boy_cut_vegetables,6204,978.5,743.0,object,0,exp_images/audio\ENGLISH\p_woa_veg.wav,IMG_18_E_PNA,exp_images/images/boy_cut_vegetables.jpg,IMG_18,exp_images/sentences/noagent_boy_vegetables.jpg,STIM_108,stimuli_list_subj_1_a.csv,PNA,passive_dropped_agent,non_agent_first,agent_dropped,1.0,1.0
edf49,36,English,sentence_audio,passive_dropped_agent,2,o_vase_boy_broke_vase,6316,929.3,480.8,object,0,exp_images/audio\ENGLISH\p_woa_vase.wav,IMG_08_E_PNA,exp_images/images/boy_broke_vase.jpg,IMG_08,exp_images/sentences/noagent_boy_vase.jpg,STIM_98,stimuli_list_subj_1_a.csv,PNA,passive_dropped_agent,non_agent_first,agent_dropped,1.0,1.0
edf50,19,Punjabi,sentence_audio,passive,2,s_woman_woman_read_letter,5606,954.0,477.3,agent,1,exp_images/audio\PUNJABI\p_letter.wav,IMG_17_P_PWA,exp_images/images/women_read_letter.jpg,IMG_17,exp_images/sentences/Letter-passive.jpg,STIM_35,stimuli_list_subj_2_a.csv,PWA,passive_with_agent,non_agent_first,agent_overt,1.0,0.0
edf50,20,Punjabi,sentence_audio,passive,2,o_bucket_boy_filled_bucket,6314,826.0,511.8,object,0,exp_images/audio\PUNJABI\p_bucket.wav,IMG_09_P_PWA,exp_images/images/boy_filled_bucket.jpg,IMG_09,exp_images/sentences/Bucket-passive.jpg,STIM_27,stimuli_list_subj_2_a.csv,PWA,passive_with_agent,non_agent_first,agent_overt,1.0,0.0
edf50,21,Punjabi,sentence_audio,passive,3,o_clothes_woman_folded_clothes,6610,963.3,617.6,object,0,exp_images/audio\PUNJABI\p_clothes.wav,IMG_06_P_PWA,exp_images/images/women_fold_clothes.jpg,IMG_06,exp_images/sentences/Folded-clothes-passive.jpg,STIM_24,stimuli_list_subj_2_a.csv,PWA,passive_with_agent,non_agent_first,agent_overt,1.0,0.0
edf50,22,Punjabi,sentence_audio,passive_dropped_agent,2,s_boy_boy_opened_door,6340,886.7,514.4,agent,1,exp_images/audio\PUNJABI\p_woa_door.wav,IMG_10_P_PNA,exp_images/images/boy_opened_door.jpg,IMG_10,exp_images/sentences/Closed-door-woa.jpg,STIM_46,stimuli_list_subj_2_a.csv,PNA,passive_dropped_agent,non_agent_first,agent_dropped,1.0,1.0
edf50,23,Punjabi,sentence_audio,passive_dropped_agent,3,s_girl_girl_lit_lamp,6278,920.8,514.2,agent,1,exp_images/audio\PUNJABI\p_woa_lamp.wav,IMG_01_P_PNA,exp_images/images/girl_lighted_lamp.jpg,IMG_01,exp_images/sentences/Lamp-woa.jpg,STIM_37,stimuli_list_subj_2_a.csv,PNA,passive_dropped_agent,non_agent_first,agent_dropped,1.0,1.0
edf50,24,Punjabi,sentence_audio,passive_dropped_agent,2,o_scooter_driver_wash_scooter,6498,973.9,534.1,object,0,exp_images/audio\PUNJABI\p_woa_scooter.wav,IMG_14_P_PNA,exp_images/images/driver_wash_scooter.jpg,IMG_14,exp_images/sentences/Washed-scooter-woa.jpg,STIM_50,stimuli_list_subj_2_a.csv,PNA,passive_dropped_agent,non_agent_first,agent_dropped,1.0,1.0
edf50,25,English,sentence_audio,active,2,o_box_man_pushed_box,6286,1018.3,462.8,object,0,exp_images/audio\ENGLISH\box.wav,IMG_05_E_ACT,exp_images/images/man_pushed_box.jpg,IMG_05,exp_images/sentences/active_man_box.jpg,STIM_59,stimuli_list_subj_2_a.csv,ACT,active,agent_first,agent_overt,0.0,
edf50,26,English,sentence_audio,active,2,o_tree_girl_plant_tree,5410,780.8,691.4,object,0,exp_images/audio\ENGLISH\sapling.wav,IMG_03_E_ACT,exp_images/images/girl_plant_tree.jpg,IMG_03,exp_images/sentences/active_girl_sapling.jpg,STIM_57,stimuli_list_subj_2_a.csv,ACT,active,agent_first,agent_overt,0.0,
edf50,27,English,sentence_audio,active,2,o_shrub_man_cut_shrub,5930,816.3,488.2,object,0,exp_images/audio\ENGLISH\shrub.wav,IMG_04_E_ACT,exp_images/images/man_cut_shrub.jpg,IMG_04,exp_images/sentences/active_man_shrub.jpg,STIM_58,stimuli_list_subj_2_a.csv,ACT,active,agent_first,agent_overt,0.0,
edf50,28,English,sentence_audio,passive,2,s_dog_dog_dug_hole,5608,889.2,572.0,agent,1,exp_images/audio\ENGLISH\p_dug.wav,IMG_13_E_PWA,exp_images/images/dog_dug_hole.jpg,IMG_13,exp_images/sentences/passive_dog_hole.jpg,STIM_85,stimuli_list_subj_2_a.csv,PWA,passive_with_agent,non_agent_first,agent_overt,1.0,0.0
edf50,29,English,sentence_audio,passive,2,o_frisbee_child_throw_frisbee,5936,840.5,349.5,object,0,exp_images/audio\ENGLISH\p_frisbee.wav,IMG_12_E_PWA,exp_images/images/child_throw_frisbee.jpg,IMG_12,exp_images/sentences/passive_child_frisbee.jpg,STIM_84,stimuli_list_subj_2_a.csv,PWA,passive_with_agent,non_agent_first,agent_overt,1.0,0.0
edf50,30,English,sentence_audio,passive,2,o_tabla_child_play_tabla,5918,792.4,593.2,object,0,exp_images/audio\ENGLISH\p_tabla.wav,IMG_11_E_PWA,exp_images/images/child_play_tabla.jpg,IMG_11,exp_images/sentences/passive_child_tabla.jpg,STIM_83,stimuli_list_subj_2_a.csv,PWA,passive_with_agent,non_agent_first,agent_overt,1.0,0.0
edf50,31,English,sentence_audio,passive_dropped_agent,2,o_picture_artiste_drew_picture,6382,998.2,496.3,object,0,exp_images/audio\ENGLISH\p_woa_draw.wav,IMG_07_E_PNA,exp_images/images/artiste_drew_picture.jpg,IMG_07,exp_images/sentences/noagent_artist_picture.jpg,STIM_97,stimuli_list_subj_2_a.csv,PNA,passive_dropped_agent,non_agent_first,agent_dropped,1.0,1.0
edf50,32,English,sentence_audio,passive_dropped_agent,4,o_cake_girl_baked_cake,6192,943.6,646.1,object,0,exp_images/audio\ENGLISH\p_woa_cake.wav,IMG_15_E_PNA,exp_images/images/girl_baked_cake.jpg,IMG_15,exp_images/sentences/noagent_girl_cake.jpg,STIM_105,stimuli_list_subj_2_a.csv,PNA,passive_dropped_agent,non_agent_first,agent_dropped,1.0,1.0
edf50,33,English,sentence_audio,passive_dropped_agent,2,o_window_girl_opened_window,6374,1156.1,496.0,object,0,exp_images/audio\ENGLISH\p_woa_window.wav,IMG_02_E_PNA,exp_images/images/girl_opened_window.jpg,IMG_02,exp_images/sentences/noagent_girl_window.jpg,STIM_92,stimuli_list_subj_2_a.csv,PNA,passive_dropped_agent,non_agent_first,agent_dropped,1.0,1.0
edf50,34,Punjabi,sentence_audio,active,2,o_dog_girl_fed_dog,5832,955.2,685.8,object,0,exp_images/audio\PUNJABI\fed.wav,IMG_16_P_ACT,exp_images/images/girl_fed_dog.jpg,IMG_16,exp_images/sentences/Fed-dog.jpg,STIM_16,stimuli_list_subj_2_a.csv,ACT,active,agent_first,agent_overt,0.0,
edf50,35,Punjabi,sentence_audio,active,2,o_veg_boy_cut_vegetables,6534,904.5,826.2,object,0,exp_images/audio\PUNJABI\veg.wav,IMG_18_P_ACT,exp_images/images/boy_cut_vegetables.jpg,IMG_18,exp_images/sentences/Veg.jpg,STIM_18,stimuli_list_subj_2_a.csv,ACT,active,agent_first,agent_overt,0.0,
edf50,36,Punjabi,sentence_audio,active,2,o_vase_boy_broke_vase,6224,890.1,521.8,object,0,exp_images/audio\PUNJABI\vase.wav,IMG_08_P_ACT,exp_images/images/boy_broke_vase.jpg,IMG_08,exp_images/sentences/Vase.jpg,STIM_08,stimuli_list_subj_2_a.csv,ACT,active,agent_first,agent_overt,0.0,
