participant_id,image_id,baseline_fixation_trial_length_ms,baseline_fixation_total_fixation_duration,baseline_fixation_mean_fixation_duration,baseline_fixation_fixation_count,baseline_fixation_mean_fixation_x,baseline_fixation_mean_fixation_y,baseline_interest_area_trial_length_ms,baseline_interest_area_total_interest_area_dwell_time,baseline_interest_area_total_interest_area_entry_count,baseline_interest_area_min_time_to_first_fixation,baseline_interest_area_interest_area_dwell_time_normalized,baseline_saccade_trial_length_ms,baseline_saccade_mean_saccade_amplitude,baseline_saccade_saccade_count,baseline_saccade_mean_saccade_velocity,baseline_saccade_mean_saccade_duration,baseline_saccade_saccade_rate
edf01,IMG_01,6020.0,4282.0,356.83333333333326,12.0,851.5999999999998,566.4499999999998,4582.0,4582,6,1030.0,1.0,6020.0,3.376666666666667,12.0,91.265,34.0,1.9933554817275752
edf01,IMG_02,5942.0,4304.0,307.42857142857144,14.0,1026.3,583.6071428571429,4574.0,4304,4,1252.0,0.9409707039790118,5942.0,2.7464285714285714,14.0,84.01000000000002,29.857142857142854,2.3561090541905085
edf01,IMG_03,6095.0,4223.0,301.64285714285717,14.0,804.3214285714283,666.6999999999998,4475.0,3817,5,1102.0,0.8529608938547486,6095.0,2.7935714285714286,14.0,90.23285714285716,37.0,2.2969647251845777
edf01,IMG_04,6125.0,4327.0,309.07142857142856,14.0,910.9285714285713,593.9785714285715,4575.0,4575,5,1132.0,1.0,6125.0,2.7821428571428566,14.0,82.73357142857142,29.857142857142854,2.2857142857142856
edf01,IMG_05,6136.0,4424.0,402.1818181818182,11.0,883.0454545454545,427.9,4673.0,4673,5,1143.0,1.0,6136.0,2.7572727272727278,11.0,79.91,29.09090909090909,1.7926988265971318
edf01,IMG_06,5816.0,4206.0,350.5,12.0,934.5833333333335,579.8083333333333,4495.0,4495,3,823.0,1.0,5816.0,2.431666666666666,12.0,116.9,41.5,2.0632737276478683
edf01,IMG_07,6040.0,4310.0,307.85714285714283,14.0,952.4642857142856,363.8571428571428,4534.0,4344,4,1048.0,0.9580943978826644,6040.0,3.031428571428571,14.0,81.04428571428572,32.714285714285715,2.3178807947019866
edf01,IMG_08,5757.0,4649.0,387.41666666666674,12.0,932.2416666666667,534.5666666666666,4665.0,4229,3,764.0,0.9065380493033226,5757.0,2.0691666666666664,12.0,69.58166666666666,27.33333333333333,2.084418968212611
edf01,IMG_09,5757.0,4285.0,389.54545454545456,11.0,1017.8181818181816,550.5363636363637,4559.0,4317,5,764.0,0.9469181838122396,5757.0,2.2763636363636364,11.0,87.36636363636362,39.45454545454545,1.9107173875282264
edf01,IMG_10,5833.0,4313.0,431.3,10.0,876.4399999999998,622.5,4705.0,4705,4,840.0,1.0,5833.0,2.367,10.0,75.407,28.8,1.7143836790673752
edf01,IMG_11,5883.0,4445.0,444.5,10.0,807.0199999999999,614.1899999999998,4698.0,4445,3,1176.0,0.9461472967220094,5883.0,2.502,10.0,73.57,29.4,1.6998130205677375
edf01,IMG_12,5654.0,4344.0,334.15384615384613,13.0,1026.6076923076923,460.5846153846154,4585.0,3884,3,928.0,0.8471101417666304,5654.0,2.927692307692308,13.0,83.85384615384616,31.384615384615387,2.2992571630703926
edf01,IMG_13,6045.0,4475.0,406.8181818181818,11.0,881.3181818181821,680.8818181818183,4657.0,3236,4,1052.0,0.6948679407343784,6045.0,3.3572727272727283,11.0,89.06181818181818,30.54545454545455,1.8196856906534329
edf01,IMG_14,5837.0,4203.0,280.2,15.0,1041.7066666666665,532.3533333333332,4540.0,4540,3,845.0,1.0,5837.0,2.936666666666666,15.0,85.16933333333334,30.13333333333333,2.5698132602364234
edf01,IMG_15,5800.0,4352.0,435.2,10.0,859.18,482.87,4725.0,3653,2,807.0,0.7731216931216931,5800.0,1.985,10.0,66.613,26.8,1.7241379310344829
edf01,IMG_16,5812.0,4276.0,328.92307692307685,13.0,895.1769230769231,694.7384615384615,4512.0,2722,4,820.0,0.6032801418439716,5812.0,2.8453846153846163,13.0,89.03615384615385,36.92307692307692,2.2367515485203033
edf01,IMG_17,6032.0,4388.0,487.5555555555555,9.0,1047.0666666666666,630.8222222222222,4675.0,4675,2,1039.0,1.0,6032.0,2.1,9.0,75.93666666666667,35.333333333333336,1.4920424403183024
edf01,IMG_18,5710.0,4446.0,494.0,9.0,1001.8666666666667,850.4666666666667,4714.0,4714,2,718.0,1.0,5710.0,2.6311111111111107,9.0,81.63555555555557,30.88888888888889,1.5761821366024518
edf02,IMG_01,6086.0,4170.0,297.85714285714283,14.0,917.0285714285716,426.6928571428571,4399.0,4399,3,1095.0,1.0,6086.0,2.324,15.0,113.55,40.8,2.4646730200460065
edf02,IMG_02,5973.0,4105.0,293.2142857142857,14.0,946.9071428571428,446.64285714285705,4266.0,3778,5,981.0,0.8856071261134553,5973.0,1.7992857142857144,14.0,122.07928571428572,51.85714285714285,2.343880796919471
edf02,IMG_03,6043.0,4072.0,226.22222222222226,18.0,863.161111111111,479.4055555555555,4282.0,3480,5,1050.0,0.812704343764596,6043.0,2.0521052631578947,19.0,79.03631578947366,38.31578947368421,3.144133708422969
edf02,IMG_04,5892.0,4072.0,214.31578947368425,19.0,926.1368421052632,560.3526315789474,4253.0,4253,4,899.0,1.0,5892.0,2.3189473684210533,19.0,89.18473684210528,38.94736842105263,3.2247114731839783
edf02,IMG_05,5962.0,4192.0,698.6666666666665,6.0,916.1833333333334,403.89999999999986,4492.0,4492,4,970.0,1.0,5962.0,3.731666666666667,6.0,246.6733333333333,83.33333333333333,1.0063737001006374
edf02,IMG_06,5790.0,4120.0,274.6666666666667,15.0,931.0666666666667,564.4399999999998,4405.0,4120,3,1110.0,0.9353007945516458,5790.0,1.586,15.0,77.92533333333333,39.06666666666667,2.5906735751295336
edf02,IMG_07,6021.0,4097.0,215.63157894736838,19.0,812.8210526315789,422.0631578947368,4247.0,4055,8,1028.0,0.9547916176124324,6021.0,2.5136842105263155,19.0,110.07263157894737,39.26315789473684,3.155621989702708
edf02,IMG_08,6091.0,4314.0,359.5,12.0,878.2750000000002,449.3666666666666,4565.0,4565,3,1099.0,1.0,6091.0,1.2338461538461536,13.0,71.05461538461539,34.30769230769231,2.134296503037268
edf02,IMG_09,6127.0,4247.0,303.35714285714283,14.0,990.2,505.75714285714287,4440.0,4253,2,1135.0,0.9578828828828828,6127.0,1.082142857142857,14.0,79.62357142857142,39.42857142857143,2.2849681736575813
edf02,IMG_10,5992.0,3972.0,441.33333333333326,9.0,868.7111111111113,501.04444444444437,4374.0,4374,5,1184.0,1.0,5992.0,1.89,10.0,163.69299999999996,69.0,1.6688918558077437
edf02,IMG_11,6088.0,4292.0,330.15384615384613,13.0,956.4461538461541,492.6538461538463,4464.0,2722,3,1294.0,0.6097670250896058,6088.0,1.9423076923076918,13.0,99.67,40.615384615384606,2.135348226018397
edf02,IMG_12,5698.0,4002.0,210.63157894736838,19.0,979.6315789473683,544.1421052631578,4224.0,2828,5,962.0,0.6695075757575758,5698.0,2.8805263157894743,19.0,96.88157894736842,40.42105263157895,3.334503334503334
edf02,IMG_13,5676.0,3994.0,234.94117647058826,17.0,875.0882352941177,706.4411764705882,4204.0,2544,6,812.0,0.6051379638439581,5676.0,3.0322222222222215,18.0,94.86722222222221,47.22222222222222,3.171247357293869
edf02,IMG_14,5674.0,4104.0,228.0,18.0,892.7055555555555,602.9777777777776,4204.0,3742,5,1076.0,0.8901046622264509,5674.0,3.2221052631578933,19.0,84.63315789473684,47.05263157894736,3.3486076841734222
edf02,IMG_15,5699.0,4283.0,356.91666666666674,12.0,863.8833333333333,470.29166666666674,4520.0,3799,4,707.0,0.8404867256637168,5699.0,1.3358333333333332,12.0,105.85583333333334,39.333333333333336,2.105632567117038
edf02,IMG_16,5859.0,4145.0,592.1428571428571,7.0,933.2571428571428,683.9857142857143,4403.0,4145,3,1172.0,0.941403588462412,5859.0,2.152857142857143,7.0,214.34857142857143,84.0,1.1947431302270013
edf02,IMG_17,6045.0,2915.0,182.1875,16.0,936.15625,488.375,4198.0,4050,3,1053.0,0.9647451167222488,6045.0,1.2749999999999997,16.0,102.88375,49.625,2.6468155500413566
edf02,IMG_18,5693.0,4230.0,282.0,15.0,923.5666666666664,713.5800000000003,4511.0,3597,6,699.0,0.7973841720239415,5693.0,2.9526666666666666,15.0,79.01,32.13333333333333,2.6348146847005096
edf03,IMG_01,5713.0,4263.0,284.2,15.0,926.08,468.77333333333337,4527.0,4527,5,720.0,1.0,5713.0,2.723333333333333,15.0,76.26933333333334,31.066666666666666,2.6255907579205315
edf03,IMG_02,6038.0,4418.0,401.6363636363636,11.0,1004.3090909090907,382.94545454545454,4679.0,4679,3,1047.0,1.0,6038.0,2.2827272727272727,11.0,69.42272727272727,28.363636363636363,1.82179529645578
edf03,IMG_03,5832.0,3674.0,244.9333333333333,15.0,890.0200000000002,540.5066666666668,3914.0,3404,5,840.0,0.8696985181400102,5832.0,3.1973333333333334,15.0,171.45866666666663,71.86666666666666,2.57201646090535
edf03,IMG_04,5803.0,4375.0,364.58333333333326,12.0,796.7083333333335,496.525,4633.0,4179,4,1098.0,0.9020073386574574,5803.0,2.6025,12.0,73.46499999999997,30.0,2.067895915905566
edf03,IMG_05,5905.0,4347.0,334.38461538461536,13.0,882.4769230769232,356.60769230769233,4602.0,4602,3,913.0,1.0,5905.0,2.5230769230769234,13.0,75.31384615384616,30.0,2.2015241320914485
edf03,IMG_06,6122.0,4432.0,492.4444444444445,9.0,927.9888888888887,483.36666666666656,4702.0,4702,5,1130.0,1.0,6122.0,3.1411111111111105,9.0,83.80000000000003,32.22222222222222,1.4701078079059129
edf03,IMG_07,5956.0,4136.0,275.73333333333335,15.0,768.14,337.1333333333333,4405.0,4405,4,963.0,1.0,5956.0,3.72,16.0,90.56125,37.875,2.6863666890530555
edf03,IMG_08,6016.0,4170.0,260.625,16.0,811.4812500000003,482.83125000000007,4216.0,3550,4,1024.0,0.8420303605313093,6016.0,2.6125,16.0,121.705625,48.5,2.6595744680851063
edf03,IMG_09,5875.0,4035.0,403.5,10.0,925.69,393.09,4554.0,4406,6,883.0,0.9675010979358806,5875.0,2.2250000000000005,10.0,106.637,43.8,1.702127659574468
edf03,IMG_10,5880.0,4250.0,607.1428571428571,7.0,886.8571428571429,415.75714285714287,4530.0,3994,4,1184.0,0.8816777041942605,5880.0,1.8342857142857143,7.0,189.09571428571425,66.0,1.1904761904761905
edf03,IMG_11,5813.0,4299.0,358.25,12.0,879.7333333333331,546.8166666666667,4588.0,3401,4,1144.0,0.7412816041848299,5813.0,3.561666666666666,12.0,90.13416666666666,33.666666666666664,2.0643385515224497
edf03,IMG_12,5841.0,4106.0,315.84615384615387,13.0,915.8846153846154,372.37692307692316,4346.0,3660,9,1128.0,0.8421537045559134,5841.0,3.696428571428572,14.0,117.0542857142857,47.0,2.396849854476973
edf03,IMG_13,5709.0,4343.0,334.07692307692315,13.0,947.9846153846154,683.7461538461539,4575.0,3655,6,716.0,0.7989071038251366,5709.0,2.697692307692308,13.0,77.14307692307692,32.153846153846146,2.2771063233490985
edf03,IMG_14,6016.0,4210.0,263.125,16.0,843.1374999999998,518.875,4432.0,4062,3,1024.0,0.9165162454873648,6016.0,3.4975,16.0,89.61,35.0,2.6595744680851063
edf03,IMG_15,5787.0,4232.0,282.1333333333333,15.0,879.9333333333334,520.2799999999999,4490.0,1866,7,1314.0,0.4155902004454343,5787.0,2.771875,16.0,77.995,32.125,2.7648176948332472
edf03,IMG_16,5661.0,4101.0,241.2352941176471,17.0,798.7117647058824,583.635294117647,4337.0,2635,7,1198.0,0.6075628314503113,5661.0,4.344117647058824,17.0,104.75823529411764,38.588235294117645,3.0030030030030037
edf03,IMG_17,6080.0,4154.0,276.93333333333334,15.0,916.0133333333333,424.54,4434.0,3846,8,1088.0,0.8673883626522327,6080.0,4.0280000000000005,15.0,95.78133333333332,37.2,2.4671052631578947
edf03,IMG_18,6081.0,4223.0,301.64285714285717,14.0,938.0142857142856,684.9357142857143,4522.0,4522,6,1089.0,1.0,6081.0,3.3885714285714283,14.0,87.95785714285714,33.57142857142857,2.3022529189278083
edf04,IMG_01,5716.0,4184.0,321.84615384615387,13.0,966.4076923076924,479.8846153846154,4557.0,3971,5,723.0,0.8714066271669958,5716.0,3.589230769230769,13.0,92.6353846153846,33.53846153846154,2.274317704688593
edf04,IMG_02,5949.0,4477.0,639.5714285714286,7.0,1012.7142857142856,441.45714285714286,4806.0,4477,4,1312.0,0.9315439034540158,5949.0,2.2214285714285715,7.0,72.68857142857142,26.57142857142857,1.176668347621449
edf04,IMG_03,5669.0,3707.0,3707.0,1.0,967.7,467.6,4967.0,4967,1,676.0,1.0,5669.0,1.79,1.0,67.28,26.0,0.17639795378373613
edf04,IMG_04,5954.0,4492.0,561.5,8.0,837.725,497.75,4761.0,4761,4,961.0,1.0,5954.0,2.0375,8.0,65.27,29.0,1.3436345314074571
edf04,IMG_05,5669.0,4621.0,2310.5,2.0,943.5,378.5,4926.0,4926,1,677.0,1.0,5669.0,2.96,2.0,88.725,33.0,0.35279590756747226
edf04,IMG_06,5845.0,4299.0,716.5,6.0,930.7666666666668,507.93333333333334,4760.0,4760,6,853.0,1.0,5845.0,3.686666666666667,6.0,96.19666666666667,38.66666666666666,1.0265183917878529
edf04,IMG_07,5887.0,4146.0,276.4,15.0,959.5800000000003,407.3066666666666,4431.0,4131,8,895.0,0.9322951929587,5887.0,3.655625,16.0,95.223125,36.25,2.7178528962119928
edf04,IMG_08,5874.0,4488.0,561.0,8.0,914.175,470.2875,4805.0,4805,3,881.0,1.0,5874.0,1.68875,8.0,62.44375,23.5,1.3619339462036093
edf04,IMG_09,5976.0,4336.0,361.33333333333326,12.0,951.4333333333333,511.24166666666673,4633.0,4633,5,983.0,1.0,5976.0,2.6016666666666666,12.0,78.52833333333334,30.0,2.0080321285140563
edf04,IMG_10,5663.0,3975.0,1987.5,2.0,940.5,469.55,4941.0,4547,2,670.0,0.9202590568710788,5663.0,1.595,2.0,61.52,26.0,0.35316969803990816
edf04,IMG_11,5686.0,4266.0,387.8181818181818,11.0,935.8272727272723,539.9545454545455,4574.0,2664,6,1036.0,0.5824223874070835,5686.0,3.9354545454545464,11.0,104.09454545454544,38.0,1.9345761519521631
edf04,IMG_12,5785.0,4403.0,440.3,10.0,1017.74,354.11,4650.0,4197,6,1076.0,0.9025806451612904,5785.0,3.3239999999999994,10.0,91.78799999999998,34.0,1.728608470181504
edf04,IMG_13,5683.0,4347.0,310.5,14.0,1009.8857142857145,644.9714285714286,4605.0,4605,5,692.0,1.0,5683.0,2.337857142857143,14.0,72.8664285714286,27.57142857142857,2.4634875945803274
edf04,IMG_14,5643.0,4343.0,434.3,10.0,989.46,540.38,4641.0,4641,3,650.0,1.0,5643.0,3.799,10.0,92.419,35.2,1.7721070352649297
edf04,IMG_15,6009.0,4293.0,429.3,10.0,1002.5400000000003,573.2099999999998,4720.0,4720,5,1017.0,1.0,6009.0,2.0650000000000004,10.0,72.78900000000002,27.2,1.6641704110500914
edf04,IMG_16,6065.0,4268.0,284.53333333333336,15.0,879.56,625.1933333333333,4523.0,3417,6,1073.0,0.7554720318372762,6065.0,2.57125,16.0,79.31125,30.0,2.6380873866446826
edf04,IMG_17,6092.0,4210.0,382.7272727272728,11.0,975.9,421.3363636363636,4446.0,4446,3,1100.0,1.0,6092.0,1.7027272727272724,11.0,93.8690909090909,49.63636363636363,1.8056467498358504
edf04,IMG_18,5990.0,4260.0,387.27272727272725,11.0,970.4727272727272,557.1636363636363,4573.0,4573,6,997.0,1.0,5990.0,4.356363636363636,11.0,106.51181818181816,38.18181818181818,1.8363939899833053
edf05,IMG_01,6042.0,3946.0,358.72727272727275,11.0,790.6272727272728,507.57272727272726,4216.0,4216,4,1050.0,1.0,6042.0,2.6554545454545457,11.0,150.2590909090909,70.54545454545455,1.8205892088712348
edf05,IMG_02,5965.0,4057.0,368.8181818181818,11.0,1085.9636363636364,412.44545454545465,4352.0,4057,5,1298.0,0.9322150735294118,5965.0,2.679090909090909,11.0,122.30818181818182,58.18181818181818,1.8440905280804691
edf05,IMG_03,5779.0,4292.0,330.15384615384613,13.0,762.6923076923077,586.7615384615385,4532.0,3952,4,786.0,0.8720211827007943,5779.0,2.0200000000000005,14.0,96.02428571428571,34.285714285714285,2.422564457518602
edf05,IMG_04,5836.0,4020.0,335.0,12.0,891.1500000000003,472.78333333333336,4279.0,4279,4,845.0,1.0,5836.0,2.535833333333333,12.0,141.60083333333333,59.33333333333334,2.0562028786840303
edf05,IMG_05,6108.0,4486.0,373.83333333333326,12.0,1038.4083333333333,375.975,4634.0,4634,6,1116.0,1.0,6108.0,2.4341666666666666,12.0,75.8775,29.83333333333333,1.9646365422396856
edf05,IMG_06,6045.0,4191.0,349.25,12.0,914.3666666666667,643.9333333333334,4451.0,4191,3,1336.0,0.9415861604133904,6045.0,1.8791666666666669,12.0,123.42583333333336,45.16666666666666,1.9851116625310172
edf05,IMG_07,5969.0,4301.0,358.41666666666674,12.0,993.0666666666666,381.44166666666666,4541.0,4541,3,976.0,1.0,5969.0,2.779166666666667,12.0,101.215,37.66666666666666,2.010386999497403
edf05,IMG_08,5635.0,4061.0,338.4166666666667,12.0,928.925,469.025,4349.0,4349,3,742.0,1.0,5635.0,1.9130769230769231,13.0,147.6130769230769,51.230769230769226,2.3070097604259097
edf05,IMG_09,6006.0,4498.0,499.77777777777777,9.0,958.5,497.1555555555556,4765.0,4765,5,1013.0,1.0,6006.0,1.8422222222222218,9.0,66.91666666666667,25.33333333333333,1.4985014985014984
edf05,IMG_10,5754.0,4308.0,287.2,15.0,923.6199999999997,417.54666666666674,4633.0,4633,15,761.0,1.0,5754.0,1.4439999999999995,15.0,58.162000000000006,24.0,2.606882168925965
edf05,IMG_11,5775.0,4333.0,361.08333333333326,12.0,908.1833333333334,488.51666666666665,4607.0,3443,5,1090.0,0.7473410028217929,5775.0,3.26,12.0,92.70583333333332,32.166666666666664,2.0779220779220777
edf05,IMG_12,6119.0,4318.0,431.8,10.0,1095.42,375.4,4652.0,4318,1,1502.0,0.9282029234737748,6119.0,1.1810000000000005,10.0,80.74600000000002,33.6,1.6342539630658606
edf05,IMG_13,5808.0,4170.0,320.76923076923083,13.0,1035.0538461538465,670.1076923076922,4371.0,4371,4,815.0,1.0,5808.0,2.51,13.0,129.62846153846152,47.846153846153854,2.238292011019284
edf05,IMG_14,6066.0,4268.0,284.53333333333336,15.0,960.3533333333332,320.5133333333334,4547.0,4103,4,1073.0,0.90235319991203,6066.0,2.523333333333333,15.0,80.1506666666667,29.73333333333333,2.4727992087042527
edf05,IMG_15,6061.0,4537.0,648.1428571428571,7.0,939.4714285714286,425.45714285714286,4795.0,4795,4,1068.0,1.0,6061.0,2.325714285714286,7.0,73.45857142857143,28.285714285714285,1.154924929879558
edf05,IMG_16,5942.0,4172.0,347.66666666666674,12.0,928.1750000000003,622.7583333333333,4343.0,3875,6,949.0,0.8922403868293806,5942.0,2.7133333333333334,12.0,134.94833333333332,54.16666666666666,2.0195220464490067
edf05,IMG_17,5979.0,4309.0,331.46153846153845,13.0,1049.2999999999997,503.5153846153847,4528.0,3908,5,987.0,0.8630742049469965,5979.0,2.6130769230769233,13.0,98.22846153846154,35.692307692307686,2.174276634888777
edf05,IMG_18,6082.0,4374.0,437.4,10.0,1026.39,618.5799999999998,4594.0,4594,3,1090.0,1.0,6082.0,3.0410000000000004,10.0,118.02600000000001,39.8,1.6441959881617891
edf06,IMG_01,5656.0,4052.0,202.6,20.0,944.735,504.565,4381.0,4381,5,663.0,1.0,5656.0,2.8819999999999997,20.0,81.45100000000002,30.6,3.5360678925035365
edf06,IMG_02,5725.0,3993.0,285.2142857142857,14.0,1031.1142857142856,496.21428571428567,4275.0,3993,7,1050.0,0.9340350877192982,5725.0,3.636428571428571,14.0,143.84,51.28571428571429,2.4454148471615724
edf06,IMG_03,5968.0,4222.0,263.875,16.0,1008.9874999999997,560.5562500000002,4451.0,3091,4,975.0,0.6944506852392721,5968.0,2.9549999999999987,16.0,82.05,33.875,2.680965147453083
edf06,IMG_04,6025.0,4140.0,217.8947368421053,19.0,889.5526315789473,439.88947368421066,4307.0,4307,7,1033.0,1.0,6025.0,3.125,20.0,83.287,35.2,3.3195020746887964
edf06,IMG_05,5729.0,3951.0,246.9375,16.0,946.325,463.225,4215.0,3350,7,736.0,0.7947805456702254,5729.0,3.675625,16.0,107.498125,48.625,2.7928085180659803
edf06,IMG_06,5722.0,4370.0,336.15384615384613,13.0,965.3923076923076,485.5538461538462,4590.0,4590,4,730.0,1.0,5722.0,2.1938461538461542,13.0,65.0023076923077,30.923076923076927,2.2719328905976934
edf06,IMG_07,5861.0,4136.0,258.5,16.0,982.45,553.7937499999998,4301.0,4301,5,869.0,1.0,5861.0,4.471176470588237,17.0,96.77529411764708,41.76470588235294,2.9005289199795263
edf06,IMG_08,5905.0,4031.0,251.9375,16.0,838.6937500000001,503.9375,4503.0,3929,5,912.0,0.8725294248278925,5905.0,2.588125,16.0,76.858125,30.625,2.7095681625740897
edf06,IMG_09,6129.0,4417.0,294.46666666666664,15.0,964.9866666666665,484.13333333333327,4549.0,4549,9,1136.0,1.0,6129.0,2.3673333333333333,15.0,77.13799999999998,29.6,2.447381302006853
edf06,IMG_10,5912.0,4454.0,342.61538461538464,13.0,904.9769230769231,515.3769230769232,4600.0,4392,10,920.0,0.954782608695652,5912.0,2.3523076923076918,13.0,74.42769230769231,30.153846153846153,2.198917456021651
edf06,IMG_11,6138.0,4260.0,250.58823529411762,17.0,925.3470588235293,596.1882352941175,4440.0,2642,3,1358.0,0.5950450450450451,6138.0,2.9011764705882346,17.0,79.66176470588233,32.47058823529412,2.7696318018898665
edf06,IMG_12,5655.0,4066.0,271.06666666666666,15.0,1057.42,622.6466666666668,4399.0,2980,5,1030.0,0.6774266878836099,5655.0,4.0575,16.0,100.246875,38.25,2.829354553492484
edf06,IMG_13,5966.0,4276.0,305.42857142857144,14.0,957.8714285714284,721.157142857143,4443.0,3277,7,973.0,0.7375647085302723,5966.0,4.400714285714286,14.0,105.28214285714287,39.285714285714285,2.3466309084813943
edf06,IMG_14,6121.0,4103.0,241.35294117647058,17.0,918.4705882352944,570.4470588235295,4377.0,4377,4,1128.0,1.0,6121.0,3.64,17.0,90.45823529411764,36.23529411764706,2.7773239666721117
edf06,IMG_15,5840.0,4494.0,408.54545454545456,11.0,937.8272727272728,500.6818181818182,4670.0,4670,6,848.0,1.0,5840.0,2.1818181818181817,11.0,67.42272727272729,29.272727272727273,1.8835616438356164
edf06,IMG_16,6017.0,3848.0,240.5,16.0,901.0,673.7624999999998,4081.0,2797,6,1025.0,0.6853712325410438,6017.0,3.5729411764705885,17.0,141.5852941176471,54.70588235294117,2.8253282366627888
edf06,IMG_17,5925.0,4349.0,310.64285714285717,14.0,966.4,529.8071428571427,4557.0,4193,4,932.0,0.9201228878648232,5925.0,2.561428571428572,14.0,73.62285714285714,31.142857142857146,2.3628691983122363
edf06,IMG_18,6013.0,4281.0,305.7857142857143,14.0,1017.2571428571428,739.0857142857143,4500.0,4500,4,1021.0,1.0,6013.0,3.0799999999999987,14.0,81.28999999999998,35.142857142857146,2.328288707799768
edf07,IMG_01,5701.0,4487.0,747.8333333333335,6.0,792.4833333333335,431.1833333333333,4820.0,4820,3,709.0,1.0,5701.0,2.276666666666667,6.0,69.76666666666667,28.66666666666667,1.0524469391334854
edf07,IMG_02,5665.0,4243.0,282.8666666666667,15.0,1114.88,383.64,4535.0,4243,4,994.0,0.93561190738699,5665.0,2.5346666666666664,15.0,78.37933333333334,30.53333333333333,2.64783759929391
edf07,IMG_03,6109.0,4183.0,522.875,8.0,841.4999999999999,363.075,4583.0,3767,5,1116.0,0.8219506873227144,6109.0,2.89625,8.0,128.5825,51.25,1.3095432967752496
edf07,IMG_04,5669.0,3491.0,436.375,8.0,871.925,219.225,4480.0,2210,4,677.0,0.4933035714285714,5669.0,3.38375,8.0,80.42,64.0,1.4111836302698892
edf07,IMG_05,5953.0,4317.0,1079.25,4.0,996.8,257.375,4725.0,2091,3,960.0,0.44253968253968257,5953.0,1.97,4.0,134.1525,67.0,0.6719301192675962
edf07,IMG_06,6004.0,4126.0,687.6666666666665,6.0,979.85,293.83333333333337,4506.0,1932,4,1470.0,0.42876165113182413,6004.0,4.485,6.0,161.54833333333337,81.0,0.9993337774816791
edf07,IMG_07,6046.0,4404.0,367.0,12.0,927.8916666666668,292.56666666666666,4607.0,4607,3,1053.0,1.0,6046.0,2.8366666666666664,12.0,77.86083333333335,32.166666666666664,1.9847833278200464
edf07,IMG_08,5789.0,3679.0,408.77777777777777,9.0,863.2333333333332,216.17777777777775,4195.0,2629,4,796.0,0.6266984505363528,5789.0,3.7077777777777774,9.0,177.25,88.66666666666669,1.554672655035412
edf07,IMG_09,5938.0,4596.0,1149.0,4.0,1005.725,288.325,4780.0,4596,3,1158.0,0.9615062761506276,5938.0,2.5325,4.0,137.785,53.0,0.6736274840013473
edf07,IMG_10,5858.0,4298.0,330.61538461538464,13.0,964.7538461538463,372.86923076923074,4666.0,4236,4,866.0,0.9078439777111016,5858.0,1.5630769230769228,13.0,60.439230769230754,25.07692307692308,2.219187435984978
edf07,IMG_11,6067.0,3863.0,482.875,8.0,938.1625,386.9875,4632.0,1714,3,1872.0,0.3700345423143351,6067.0,2.5375000000000005,8.0,107.9625,45.0,1.3186088676446348
edf07,IMG_12,6037.0,4365.0,545.625,8.0,963.9875,213.85,4614.0,866,3,1322.0,0.18768964022540094,6037.0,1.67625,8.0,87.65249999999997,47.25,1.3251615040583071
edf07,IMG_13,5818.0,4506.0,751.0,6.0,979.8666666666667,610.8666666666667,4660.0,4660,3,826.0,1.0,5818.0,2.195,6.0,114.19666666666667,55.33333333333334,1.0312822275696116
edf07,IMG_14,5931.0,4671.0,1557.0,3.0,880.3333333333335,236.2,4922.0,2093,2,939.0,0.4252336448598131,5931.0,1.0333333333333332,3.0,44.92,23.33333333333333,0.5058168942842691
edf07,IMG_15,5802.0,4412.0,1103.0,4.0,916.375,250.275,4708.0,624,1,810.0,0.13254035683942225,5802.0,1.3575000000000002,4.0,189.1775,71.0,0.6894174422612892
edf07,IMG_16,5693.0,4273.0,328.6923076923077,13.0,890.9153846153847,590.5692307692308,4540.0,4112,6,703.0,0.9057268722466959,5693.0,3.624615384615384,13.0,91.46307692307691,34.615384615384606,2.283506060073775
edf07,IMG_17,5695.0,4471.0,1117.75,4.0,996.675,271.2,4703.0,4703,1,730.0,1.0,5695.0,1.664,5.0,115.934,58.4,0.8779631255487269
edf07,IMG_18,5943.0,4249.0,607.0,7.0,961.7285714285713,366.0571428571429,4604.0,4604,3,951.0,1.0,5943.0,2.327142857142857,7.0,100.87142857142858,55.42857142857143,1.1778563015312131
edf08,IMG_01,6053.0,4225.0,352.08333333333326,12.0,732.6166666666667,606.3999999999999,4437.0,4437,4,1060.0,1.0,6053.0,3.254166666666667,12.0,114.41583333333334,46.33333333333334,1.9824880224681976
edf08,IMG_02,5743.0,4603.0,575.375,8.0,1070.4874999999997,428.0,4784.0,4784,3,751.0,1.0,5743.0,1.895,8.0,65.74125000000001,26.0,1.3930001741250218
edf08,IMG_03,5733.0,4218.0,351.5,12.0,677.1583333333333,507.53333333333336,4421.0,3183,6,741.0,0.7199728568197241,5733.0,2.9153846153846152,13.0,92.9946153846154,45.384615384615394,2.2675736961451247
edf08,IMG_04,5771.0,4302.0,286.8,15.0,910.1933333333333,584.5,4548.0,4548,4,780.0,1.0,5771.0,2.5540000000000003,15.0,74.94933333333333,29.466666666666665,2.5992029111072603
edf08,IMG_05,5636.0,4358.0,396.1818181818182,11.0,1023.7909090909088,379.53636363636366,4505.0,4505,4,643.0,1.0,5636.0,2.37090909090909,11.0,107.39545454545454,44.36363636363637,1.951738821859475
edf08,IMG_06,5746.0,4412.0,882.4,5.0,940.2,541.8599999999999,4818.0,4818,3,754.0,1.0,5746.0,3.62,5.0,94.264,34.8,0.8701705534284719
edf08,IMG_07,5823.0,4339.0,289.26666666666665,15.0,900.9933333333332,370.78,4488.0,4211,5,831.0,0.9382798573975044,5823.0,3.452666666666667,15.0,93.10066666666668,33.6,2.5759917568263777
edf08,IMG_08,5921.0,4605.0,575.625,8.0,928.0875,480.2,4780.0,4780,5,929.0,1.0,5921.0,2.2325000000000004,8.0,74.51125,26.5,1.3511231210944097
edf08,IMG_09,5804.0,4600.0,766.6666666666665,6.0,947.45,416.6166666666666,4817.0,4709,5,811.0,0.9775794062694624,5804.0,2.51,6.0,81.64333333333333,29.33333333333333,1.0337698139214335
edf08,IMG_10,5975.0,4595.0,656.4285714285714,7.0,990.9285714285713,392.0142857142857,4790.0,4790,3,983.0,1.0,5975.0,2.35,7.0,76.15714285714286,28.857142857142854,1.171548117154812
edf08,IMG_11,6134.0,4302.0,268.875,16.0,912.96875,554.1875,4499.0,3228,4,1368.0,0.7174927761724827,6134.0,2.8406249999999997,16.0,78.795,30.875,2.6084121291163997
edf08,IMG_12,6046.0,4386.0,548.25,8.0,951.9,308.2125,4538.0,4386,6,1234.0,0.9665050683120318,6046.0,4.21375,8.0,135.1125,56.75,1.3231888852133642
edf08,IMG_13,5813.0,4343.0,394.8181818181818,11.0,925.7727272727273,699.5818181818181,4482.0,3739,4,821.0,0.8342257920571173,5813.0,2.9663636363636368,11.0,140.02272727272728,46.36363636363637,1.8923103388955789
edf08,IMG_14,5846.0,4132.0,317.84615384615387,13.0,878.7461538461539,588.1076923076922,4383.0,3883,3,853.0,0.8859228838694958,5846.0,3.4215384615384616,13.0,125.36615384615385,46.92307692307693,2.223742730071844
edf08,IMG_15,6072.0,4428.0,553.5,8.0,917.3625,434.35,4588.0,4480,5,1080.0,0.9764603312990409,6072.0,3.065,8.0,100.62375,50.5,1.3175230566534917
edf08,IMG_16,5865.0,4509.0,450.9,10.0,878.3399999999998,623.33,4687.0,3953,6,872.0,0.8433966289737572,5865.0,2.891,10.0,77.95599999999997,30.6,1.7050298380221651
edf08,IMG_17,5677.0,4757.0,951.4,5.0,986.22,403.84,4844.0,4844,3,685.0,1.0,5677.0,3.014,5.0,86.912,29.6,0.8807468733485997
edf08,IMG_18,5697.0,4613.0,461.3,10.0,994.55,672.1200000000001,4668.0,4668,4,705.0,1.0,5697.0,3.4010000000000007,10.0,85.771,32.4,1.75530981218185
edf09,IMG_01,5646.0,4312.0,479.11111111111114,9.0,866.1333333333333,437.3222222222223,4518.0,4518,3,654.0,1.0,5646.0,2.2277777777777783,9.0,87.89222222222223,52.66666666666666,1.5940488841657812
edf09,IMG_02,6009.0,4269.0,609.8571428571429,7.0,1123.042857142857,440.31428571428563,4505.0,4269,3,1282.0,0.9476137624861264,6009.0,2.5028571428571427,7.0,136.8457142857143,69.71428571428571,1.164919287735064
edf09,IMG_03,6067.0,4520.0,753.3333333333335,6.0,816.2833333333334,487.93333333333334,4832.0,4422,3,1076.0,0.9151490066225164,6067.0,1.9933333333333332,6.0,71.58666666666666,26.33333333333333,0.9889566507334762
edf09,IMG_04,5975.0,3871.0,241.9375,16.0,944.95625,621.25625,4174.0,4174,3,983.0,1.0,5975.0,2.649375,16.0,115.38812499999996,51.125,2.6778242677824267
edf09,IMG_05,6075.0,4208.0,300.57142857142856,14.0,907.4642857142856,517.6857142857142,4515.0,3655,5,1083.0,0.8095238095238095,6075.0,4.509333333333333,15.0,90.72866666666668,33.2,2.469135802469136
edf09,IMG_06,5998.0,4194.0,322.61538461538464,13.0,944.3461538461537,642.4000000000002,4444.0,4444,3,1006.0,1.0,5998.0,1.655384615384615,13.0,70.50153846153846,42.153846153846146,2.1673891297099037
edf09,IMG_07,6033.0,4313.0,539.125,8.0,856.425,437.13749999999993,4488.0,4488,3,1041.0,1.0,6033.0,2.7425,8.0,131.63375000000002,63.0,1.3260401127134096
edf09,IMG_08,5900.0,4274.0,474.88888888888886,9.0,955.188888888889,531.4000000000002,4512.0,4512,3,908.0,1.0,5900.0,2.141111111111111,9.0,90.95333333333332,53.33333333333334,1.5254237288135593
edf09,IMG_09,6042.0,4000.0,363.6363636363636,11.0,968.8,561.5636363636363,4481.0,4267,5,1049.0,0.952242802945771,6042.0,2.234545454545454,11.0,106.13272727272724,46.54545454545455,1.8205892088712348
edf09,IMG_10,5857.0,4223.0,351.91666666666674,12.0,1006.3416666666667,474.9666666666666,4452.0,4452,5,865.0,1.0,5857.0,1.91,12.0,86.75166666666668,45.0,2.0488304592794946
edf09,IMG_11,5823.0,4037.0,403.7,10.0,922.83,542.05,4250.0,2821,3,1076.0,0.6637647058823529,5823.0,2.224,10.0,179.05599999999995,74.2,1.717327837884252
edf09,IMG_12,5804.0,4360.0,396.3636363636364,11.0,939.7818181818179,579.8,4619.0,2996,3,1460.0,0.6486252435592119,5804.0,3.516363636363636,11.0,93.27545454545454,34.0,1.8952446588559613
edf09,IMG_13,5675.0,3772.0,251.46666666666667,15.0,967.8866666666668,715.68,3985.0,3261,5,683.0,0.8183186951066499,5675.0,4.03375,16.0,181.15000000000003,64.25,2.8193832599118944
edf09,IMG_14,6024.0,4288.0,357.33333333333326,12.0,863.6999999999998,514.7083333333333,4450.0,4106,3,1032.0,0.9226966292134832,6024.0,2.8683333333333327,12.0,91.1475,45.16666666666666,1.99203187250996
edf09,IMG_15,6134.0,4182.0,380.1818181818182,11.0,952.2636363636364,539.4909090909091,4512.0,4130,6,1142.0,0.915336879432624,6134.0,2.1572727272727272,11.0,137.42636363636362,43.63636363636363,1.7932833387675249
edf09,IMG_16,5731.0,4233.0,470.33333333333326,9.0,886.2333333333332,612.0333333333333,4462.0,3240,5,739.0,0.7261317794710892,5731.0,2.6544444444444446,9.0,87.31444444444445,58.88888888888889,1.5704065608096318
edf09,IMG_17,6093.0,4201.0,323.15384615384613,13.0,948.6307692307694,499.3615384615384,4448.0,3801,3,1376.0,0.8545413669064749,6093.0,2.471538461538461,13.0,73.74307692307694,41.846153846153854,2.1335959297554568
edf09,IMG_18,6054.0,4362.0,335.53846153846155,13.0,963.7615384615384,781.0,4562.0,4362,3,1338.0,0.9561595791319596,6054.0,2.2185714285714284,14.0,109.26857142857143,45.85714285714285,2.3125206475057807
edf10,IMG_01,5673.0,3900.0,216.66666666666663,18.0,912.6222222222225,549.75,4112.0,4112,6,680.0,1.0,5673.0,4.165555555555557,18.0,112.30263157894733,47.368421052631575,3.1729243786356425
edf10,IMG_02,6133.0,3810.0,211.66666666666663,18.0,972.9277777777776,475.18333333333334,4040.0,3810,7,1400.0,0.9430693069306929,6133.0,4.435263157894736,19.0,112.9263157894737,51.157894736842096,3.0979944562204467
edf10,IMG_03,6016.0,3852.0,275.14285714285717,14.0,892.7714285714285,606.2928571428573,4165.0,3307,6,1023.0,0.7939975990396159,6016.0,3.9842857142857135,14.0,111.10428571428572,59.14285714285714,2.3271276595744683
edf10,IMG_04,5884.0,3828.0,348.0,11.0,822.5363636363637,389.17272727272723,4128.0,4128,6,892.0,1.0,5884.0,3.0290909090909093,11.0,107.07272727272726,78.54545454545455,1.8694765465669607
edf10,IMG_05,5693.0,4858.0,404.83333333333326,12.0,919.8916666666668,370.2166666666667,5172.0,5172,7,700.0,1.0,5693.0,3.951818181818183,11.0,105.21090909090908,36.54545454545455,1.9321974354470404
edf10,IMG_06,6067.0,4118.0,343.1666666666667,12.0,1000.4916666666667,473.6333333333334,4451.0,4289,9,1073.0,0.9636036845652662,6067.0,5.228461538461537,13.0,113.70692307692306,42.153846153846146,2.142739409922532
edf10,IMG_07,5743.0,4081.0,240.05882352941174,17.0,996.2470588235294,426.9411764705882,4301.0,4301,5,750.0,1.0,5743.0,2.7288235294117644,17.0,82.71470588235293,40.70588235294117,2.960125370015671
edf10,IMG_08,6116.0,4030.0,287.85714285714283,14.0,807.8642857142859,481.78571428571433,4311.0,3555,7,1123.0,0.824634655532359,6116.0,3.852857142857143,14.0,112.54857142857142,48.714285714285715,2.2890778286461737
edf10,IMG_09,5948.0,4070.0,254.375,16.0,972.5,510.31875,4354.0,4354,8,956.0,1.0,5948.0,2.43875,16.0,80.579375,39.875,2.6899798251513114
edf10,IMG_10,5642.0,3818.0,254.53333333333333,15.0,867.5333333333333,461.9533333333335,4260.0,4260,10,650.0,1.0,5642.0,3.785333333333333,15.0,103.62666666666668,48.8,2.658631690889756
edf10,IMG_11,6002.0,3892.0,228.94117647058826,17.0,870.0647058823531,499.72352941176484,4159.0,3196,11,1312.0,0.768453955277711,6002.0,4.002941176470588,17.0,112.20058823529409,49.058823529411775,2.8323892035988005
edf10,IMG_12,5782.0,4168.0,219.36842105263162,19.0,1060.4684210526316,477.7894736842105,4412.0,3670,5,1070.0,0.8318223028105167,5782.0,2.8321052631578953,19.0,83.12368421052632,30.52631578947368,3.286060186786579
edf10,IMG_13,5961.0,4137.0,318.23076923076917,13.0,827.0384615384614,576.3692307692307,4342.0,4102,3,969.0,0.9447259327498848,5961.0,3.05,13.0,106.82615384615384,50.0,2.1808421405804395
edf10,IMG_14,5916.0,4308.0,1436.0,3.0,926.6666666666665,421.43333333333334,4724.0,4724,1,924.0,1.0,5916.0,1.9466666666666668,3.0,103.92666666666666,89.33333333333331,0.5070993914807302
edf10,IMG_15,5879.0,3711.0,265.07142857142856,14.0,900.242857142857,465.52142857142877,4416.0,3177,5,1634.0,0.7194293478260869,5879.0,2.4964285714285706,14.0,84.57142857142857,41.142857142857146,2.3813573737030107
edf10,IMG_16,5828.0,3806.0,200.31578947368425,19.0,933.0473684210524,621.8052631578946,4045.0,3061,9,835.0,0.7567367119901113,5828.0,4.118947368421054,19.0,101.70052631578949,49.89473684210525,3.2601235415236784
edf10,IMG_17,6005.0,4059.0,312.23076923076917,13.0,918.8384615384616,522.7076923076924,4315.0,4019,5,1012.0,0.9314020857473928,6005.0,3.9038461538461537,13.0,106.56230769230768,52.153846153846146,2.1648626144879266
edf10,IMG_18,5943.0,3675.0,282.6923076923077,13.0,936.1461538461538,615.6999999999998,4033.0,4033,10,950.0,1.0,5943.0,5.506923076923077,13.0,123.11615384615385,73.84615384615384,2.187447417129396
edf11,IMG_01,6116.0,4372.0,437.2,10.0,860.53,510.24999999999983,4629.0,4629,4,1123.0,1.0,6116.0,3.2318181818181824,11.0,88.74999999999999,34.18181818181818,1.7985611510791368
edf11,IMG_02,5647.0,4401.0,4401.0,1.0,1174.8,490.2,4955.0,4955,2,654.0,1.0,5647.0,4.35,1.0,114.86,38.0,0.17708517797060386
edf11,IMG_03,5961.0,4405.0,440.5,10.0,835.85,626.9100000000002,4621.0,4621,5,968.0,1.0,5961.0,3.966,10.0,104.831,37.2,1.6775708773695688
edf11,IMG_04,5831.0,4271.0,474.5555555555555,9.0,793.9666666666667,458.5888888888888,4525.0,4525,4,838.0,1.0,5831.0,2.2533333333333334,9.0,91.76666666666668,52.0,1.5434745326702108
edf11,IMG_05,5976.0,4266.0,387.8181818181818,11.0,1084.0818181818179,395.85454545454536,4656.0,4656,5,984.0,1.0,5976.0,2.6036363636363635,11.0,76.52545454545455,30.54545454545455,1.840696117804552
edf11,IMG_06,5950.0,1652.0,206.5,8.0,950.1375,420.2625,4097.0,4097,4,957.0,1.0,5950.0,3.3325,8.0,168.70125,112.0,1.3445378151260503
edf11,IMG_07,5962.0,4104.0,315.6923076923077,13.0,976.8153846153843,363.4384615384615,4420.0,4202,5,970.0,0.9506787330316742,5962.0,2.875384615384615,13.0,95.81153846153845,44.0,2.1804763502180475
edf11,IMG_08,6023.0,4325.0,308.92857142857144,14.0,886.0428571428572,464.1642857142857,4600.0,4216,7,1031.0,0.9165217391304348,6023.0,2.186428571428571,14.0,73.73642857142856,28.0,2.3244230449941887
edf11,IMG_09,5677.0,4327.0,332.84615384615387,13.0,945.7230769230767,462.97692307692313,4624.0,4624,8,685.0,1.0,5677.0,2.141538461538462,13.0,70.63538461538461,28.30769230769231,2.2899418707063592
edf11,IMG_10,5810.0,4922.0,4922.0,1.0,952.1,549.7,4942.0,4922,1,888.0,0.9959530554431404,5810.0,9.42,1.0,189.59,50.0,0.17211703958691912
edf11,IMG_11,5846.0,4434.0,341.07692307692315,13.0,815.4538461538463,523.723076923077,4506.0,4314,8,854.0,0.9573901464713716,5846.0,4.007142857142857,14.0,100.03857142857142,36.0,2.3947998631542937
edf11,IMG_12,5731.0,4673.0,1557.666666666667,3.0,993.0,345.93333333333334,4870.0,4673,3,972.0,0.9595482546201232,5731.0,4.736666666666667,3.0,115.69666666666667,40.66666666666666,0.5234688536032106
edf11,IMG_13,5689.0,3755.0,375.5,10.0,1060.89,673.9100000000002,4359.0,4359,3,696.0,1.0,5689.0,2.587,10.0,89.02600000000001,63.4,1.7577781683951486
edf11,IMG_14,5791.0,4237.0,302.64285714285717,14.0,806.7785714285716,446.4285714285714,4449.0,3863,7,798.0,0.8682850078669364,5791.0,4.746428571428571,14.0,112.76928571428572,38.857142857142854,2.417544465549992
edf11,IMG_15,6048.0,4148.0,345.66666666666674,12.0,904.7166666666666,446.35,4353.0,4353,8,1055.0,1.0,6048.0,2.5958333333333337,12.0,90.53916666666667,53.33333333333334,1.984126984126984
edf11,IMG_16,,,,,,,4993.0,4993,1,1115.0,1.0,,,,,,
edf11,IMG_17,5849.0,3991.0,443.4444444444445,9.0,996.1444444444444,492.8,4405.0,4405,5,856.0,1.0,5849.0,2.805555555555556,9.0,120.84777777777781,65.33333333333333,1.538724568302274
edf11,IMG_18,5967.0,4160.0,346.66666666666674,12.0,934.9166666666665,712.9083333333333,4600.0,4600,4,972.0,1.0,5967.0,3.0569230769230766,13.0,81.49,30.30769230769231,2.178649237472767
edf12,IMG_01,5741.0,4325.0,360.41666666666674,12.0,897.3083333333334,505.51666666666665,4542.0,4542,6,749.0,1.0,5741.0,4.3933333333333335,12.0,107.93083333333333,37.5,2.0902281832433376
edf12,IMG_02,5793.0,4561.0,506.77777777777777,9.0,1070.522222222222,497.8777777777778,4713.0,4561,5,980.0,0.967748779970295,5793.0,3.17,9.0,87.81111111111109,31.11111111111111,1.5535991714137751
edf12,IMG_03,5843.0,4207.0,280.46666666666664,15.0,798.9733333333335,637.44,4363.0,4051,5,850.0,0.9284895713958286,5843.0,3.8593333333333337,15.0,99.29466666666669,42.0,2.5671743967140173
edf12,IMG_04,5684.0,4424.0,402.1818181818182,11.0,805.7545454545456,518.2909090909092,4672.0,4378,5,692.0,0.9370719178082192,5684.0,2.691818181818182,11.0,79.6581818181818,29.09090909090909,1.935256861365236
edf12,IMG_05,5955.0,4321.0,332.38461538461536,13.0,1008.3692307692309,352.77692307692297,4477.0,4371,7,962.0,0.9763234308688854,5955.0,2.01,13.0,89.98923076923077,39.692307692307686,2.18303946263644
edf12,IMG_06,6014.0,4586.0,458.6,10.0,866.2400000000001,645.2900000000002,4715.0,4715,3,1021.0,1.0,6014.0,2.1830000000000003,10.0,69.045,27.8,1.6627868307283005
edf12,IMG_07,5813.0,4253.0,327.15384615384613,13.0,854.2615384615384,361.4846153846154,4460.0,4460,5,821.0,1.0,5813.0,2.6223076923076927,13.0,121.46615384615387,40.92307692307692,2.236366764149321
edf12,IMG_08,5710.0,4372.0,437.2,10.0,939.76,503.0,4568.0,4568,3,718.0,1.0,5710.0,1.6060000000000003,10.0,81.73400000000002,42.4,1.7513134851138354
edf12,IMG_09,5942.0,4226.0,325.07692307692315,13.0,955.746153846154,530.8153846153847,4290.0,3906,6,950.0,0.9104895104895104,5942.0,2.185,14.0,120.19714285714285,51.0,2.3561090541905085
edf12,IMG_10,5968.0,4536.0,567.0,8.0,927.05,480.2625,4680.0,4680,3,976.0,1.0,5968.0,1.20375,8.0,101.42125,39.0,1.3404825737265416
edf12,IMG_11,6090.0,4458.0,342.92307692307685,13.0,884.4076923076923,611.7307692307693,4604.0,3320,3,1398.0,0.7211120764552563,6090.0,2.9138461538461535,13.0,85.25461538461538,29.84615384615385,2.134646962233169
edf12,IMG_12,5966.0,4334.0,254.94117647058826,17.0,1052.994117647059,475.85882352941184,4473.0,3090,5,1142.0,0.6908115358819584,5966.0,3.0882352941176467,17.0,87.59294117647059,30.588235294117645,2.8494803888702647
edf12,IMG_13,6010.0,4466.0,406.0,11.0,922.8454545454547,725.6818181818181,4632.0,4020,5,1018.0,0.8678756476683938,6010.0,2.9258333333333333,12.0,89.22500000000002,31.0,1.9966722129783692
edf12,IMG_14,5815.0,4277.0,356.41666666666674,12.0,975.425,577.1416666666668,4589.0,4143,4,822.0,0.90281106994988,5815.0,3.483333333333334,12.0,92.89916666666666,33.666666666666664,2.063628546861565
edf12,IMG_15,5963.0,4410.0,735.0,6.0,909.75,532.6833333333334,4791.0,4591,5,973.0,0.9582550615737842,5963.0,3.306666666666666,6.0,96.02833333333336,33.0,1.0062049304041591
edf12,IMG_16,6075.0,4549.0,649.8571428571429,7.0,927.1,673.7428571428571,4786.0,3895,3,1083.0,0.813832010029252,6075.0,2.654285714285714,7.0,75.95142857142856,29.42857142857143,1.1522633744855966
edf12,IMG_17,5829.0,4345.0,289.6666666666667,15.0,1000.6,742.3933333333333,4502.0,3276,3,835.0,0.7276765881830297,5829.0,2.964,15.0,79.4926666666667,32.8,2.573340195573855
edf12,IMG_18,5932.0,4240.0,353.33333333333326,12.0,974.625,699.0000000000001,4414.0,4414,4,972.0,1.0,5932.0,3.5176923076923075,13.0,122.33230769230772,44.46153846153846,2.191503708698584
edf13,IMG_01,6102.0,4136.0,217.68421052631575,19.0,907.7631578947368,560.0684210526316,4332.0,3736,6,1110.0,0.8624192059095106,6102.0,3.4957894736842103,19.0,91.09736842105262,34.736842105263165,3.1137332022287767
edf13,IMG_02,5668.0,4132.0,196.76190476190484,21.0,1081.9809523809522,495.23333333333335,4314.0,4070,5,880.0,0.9434399629114508,5668.0,3.0576190476190472,21.0,82.49380952380953,32.285714285714285,3.7050105857445312
edf13,IMG_03,5793.0,4171.0,208.55,20.0,843.95,588.43,4354.0,3080,5,801.0,0.707395498392283,5793.0,3.1985,20.0,86.012,31.9,3.4524426031417232
edf13,IMG_04,5997.0,3782.0,236.375,16.0,959.38125,538.74375,4043.0,4043,4,1005.0,1.0,5997.0,3.810000000000001,17.0,156.23294117647058,56.941176470588225,2.8347507086876766
edf13,IMG_05,6021.0,3963.0,220.16666666666663,18.0,1039.4444444444443,456.14999999999986,4179.0,3755,7,1028.0,0.8985403206508734,6021.0,3.565555555555555,18.0,116.28388888888891,45.22222222222222,2.989536621823617
edf13,IMG_06,6057.0,3683.0,245.53333333333333,15.0,948.16,508.6533333333333,3881.0,3881,7,1064.0,1.0,6057.0,2.8960000000000004,15.0,193.74266666666665,74.13333333333334,2.4764735017335306
edf13,IMG_07,5964.0,4224.0,301.7142857142857,14.0,827.5714285714283,483.08571428571435,4457.0,4457,5,971.0,1.0,5964.0,4.36,14.0,99.86857142857141,38.285714285714285,2.3474178403755865
edf13,IMG_08,5895.0,4363.0,207.76190476190484,21.0,887.0619047619049,512.5571428571427,4423.0,4081,5,902.0,0.9226769161202804,5895.0,2.0166666666666666,21.0,67.5352380952381,27.142857142857146,3.5623409669211203
edf13,IMG_09,6022.0,4324.0,1441.333333333333,3.0,926.5,489.83333333333326,4893.0,4893,3,1029.0,1.0,6022.0,3.35,3.0,98.99333333333334,33.333333333333336,0.4981733643307871
edf13,IMG_10,5965.0,4196.0,246.82352941176467,17.0,1000.3117647058824,511.12941176470594,4357.0,4357,6,973.0,1.0,5965.0,2.8405882352941174,17.0,127.10055555555556,36.0,2.8499580888516345
edf13,IMG_11,6011.0,4169.0,189.5,22.0,969.5227272727273,651.6454545454546,4298.0,2604,5,1184.0,0.6058631921824105,6011.0,2.727727272727272,22.0,78.0177272727273,31.54545454545455,3.6599567459657294
edf13,IMG_12,5653.0,4121.0,242.41176470588238,17.0,1039.3470588235298,546.135294117647,4344.0,3221,7,922.0,0.7414825046040515,5653.0,4.293529411764705,17.0,98.38470588235296,38.117647058823536,3.007252786131258
edf13,IMG_13,5793.0,4278.0,213.9,20.0,938.555,711.9850000000001,4351.0,3375,6,801.0,0.7756837508618708,5793.0,3.0728571428571434,21.0,89.24428571428572,31.42857142857143,3.6250647332988084
edf13,IMG_14,5687.0,4083.0,194.42857142857144,21.0,990.4190476190477,573.1190476190478,4292.0,3764,5,695.0,0.8769804287045666,5687.0,3.8428571428571434,21.0,98.37238095238096,33.333333333333336,3.692632319324776
edf13,IMG_15,5973.0,4221.0,234.5,18.0,954.9500000000003,516.7611111111112,4272.0,3912,8,981.0,0.9157303370786516,5973.0,2.597777777777777,18.0,110.61555555555556,40.0,3.0135610246107483
edf13,IMG_16,5694.0,3946.0,232.11764705882354,17.0,913.1176470588236,643.5294117647059,4088.0,3142,5,874.0,0.7685909980430529,5694.0,4.377222222222224,18.0,118.88722222222219,51.22222222222222,3.161222339304531
edf13,IMG_17,5856.0,3568.0,237.86666666666667,15.0,988.3533333333332,653.3266666666666,4016.0,3760,4,864.0,0.9362549800796812,5856.0,4.4575,16.0,146.51625,62.125,2.7322404371584703
edf13,IMG_18,5764.0,4200.0,233.33333333333331,18.0,982.7722222222225,709.8833333333334,4479.0,4479,4,771.0,1.0,5764.0,2.612222222222222,18.0,74.35222222222222,28.555555555555557,3.1228313671061763
edf14,IMG_01,5720.0,4180.0,232.22222222222226,18.0,936.6333333333334,563.5111111111112,4396.0,4396,4,728.0,1.0,5720.0,3.2216666666666662,18.0,89.55777777777777,33.111111111111114,3.146853146853147
edf14,IMG_02,6112.0,4136.0,258.5,16.0,1001.15625,500.24375,4266.0,3928,5,1556.0,0.9207688701359588,6112.0,4.144705882352942,17.0,109.97058823529413,43.88235294117647,2.7814136125654447
edf14,IMG_03,5851.0,4329.0,309.2142857142857,14.0,896.3785714285713,676.9142857142857,4562.0,2526,5,859.0,0.5537045155633494,5851.0,2.938571428571428,14.0,87.4492857142857,30.714285714285715,2.392753375491369
edf14,IMG_04,6024.0,4402.0,366.83333333333326,12.0,897.0083333333333,586.0333333333333,4621.0,4621,3,1031.0,1.0,6024.0,2.664166666666666,12.0,82.79166666666667,31.0,1.99203187250996
edf14,IMG_05,6066.0,4126.0,275.06666666666666,15.0,1009.6666666666667,446.31333333333333,4286.0,4286,6,1074.0,1.0,6066.0,3.265333333333333,15.0,111.714,47.06666666666667,2.4727992087042527
edf14,IMG_06,5672.0,3966.0,283.2857142857143,14.0,982.9071428571428,451.4,4237.0,4237,4,679.0,1.0,5672.0,2.261428571428572,14.0,108.76142857142857,54.0,2.4682651622002822
edf14,IMG_07,5879.0,4236.0,353.0,12.0,966.7166666666666,488.78333333333336,4448.0,3962,3,886.0,0.8907374100719424,5879.0,2.7123076923076925,13.0,106.76230769230772,43.230769230769226,2.2112604184385103
edf14,IMG_08,6001.0,4443.0,317.35714285714283,14.0,926.9214285714287,554.2642857142856,4644.0,4644,3,1009.0,1.0,6001.0,1.6200000000000003,14.0,61.25142857142857,24.857142857142854,2.3329445092484584
edf14,IMG_09,5662.0,4418.0,315.57142857142856,14.0,975.3357142857144,545.2214285714286,4651.0,4651,2,669.0,1.0,5662.0,1.5764285714285715,14.0,61.79214285714285,24.42857142857143,2.472624514305899
edf14,IMG_10,5907.0,4279.0,305.64285714285717,14.0,913.7357142857144,536.2785714285715,4423.0,4423,8,914.0,1.0,5907.0,2.4121428571428574,14.0,97.36142857142856,40.714285714285715,2.3700694091755543
edf14,IMG_11,5681.0,4251.0,236.16666666666663,18.0,1013.9055555555556,655.3888888888891,4434.0,1817,4,908.0,0.40978800180424,5681.0,2.7244444444444436,18.0,82.81555555555556,31.0,3.168456257701109
edf14,IMG_12,5948.0,4274.0,284.93333333333334,15.0,1051.0533333333335,549.2600000000001,4470.0,2638,3,1216.0,0.5901565995525727,5948.0,3.361333333333333,15.0,93.076,34.8,2.5218560860793544
edf14,IMG_13,5781.0,4103.0,227.94444444444446,18.0,900.811111111111,735.0166666666668,4259.0,3119,6,788.0,0.7323315332237614,5781.0,3.3272222222222223,18.0,107.24388888888892,40.77777777777778,3.1136481577581736
edf14,IMG_14,5666.0,4020.0,251.25,16.0,946.7999999999997,590.375,4066.0,3750,3,674.0,0.9222823413674373,5666.0,4.19,16.0,129.27125,57.875,2.823861630780092
edf14,IMG_15,5655.0,4507.0,346.6923076923077,13.0,927.3076923076923,531.9076923076923,4645.0,3847,5,662.0,0.8282023681377826,5655.0,1.93,13.0,68.21846153846153,26.76923076923077,2.2988505747126435
edf14,IMG_16,5939.0,4185.0,279.0,15.0,921.4066666666668,698.4200000000002,4344.0,2726,7,947.0,0.6275322283609577,5939.0,3.2160000000000006,15.0,107.47866666666668,43.2,2.5256777235224783
edf14,IMG_17,5860.0,4194.0,349.5,12.0,982.3166666666666,623.6166666666667,4430.0,3942,3,1134.0,0.8898419864559819,5860.0,3.771666666666667,12.0,113.35833333333336,46.83333333333334,2.04778156996587
edf14,IMG_18,5889.0,4161.0,260.0625,16.0,956.2375,754.41875,4302.0,4048,5,897.0,0.9409576940957696,5889.0,2.51375,16.0,92.0175,43.125,2.71692986924775
edf15,IMG_01,5689.0,4231.0,211.55,20.0,949.015,448.455,4426.0,4236,7,697.0,0.9570718481699052,5689.0,2.3145,20.0,73.85499999999998,28.3,3.515556336790297
edf15,IMG_02,6120.0,4004.0,235.52941176470588,17.0,952.5411764705881,433.17058823529413,4234.0,4196,3,1128.0,0.9910250354274918,6120.0,2.8776470588235297,17.0,128.3476470588235,44.58823529411765,2.7777777777777777
edf15,IMG_03,6031.0,4126.0,217.15789473684208,19.0,844.7947368421053,525.5842105263158,4387.0,3995,7,1039.0,0.9106450877592888,6031.0,3.0205,20.0,83.08849999999998,31.2,3.3161996352180405
edf15,IMG_04,5791.0,4069.0,239.35294117647058,17.0,920.8647058823527,490.57647058823517,4298.0,4298,5,799.0,1.0,5791.0,3.5823529411764703,17.0,108.00941176470587,40.8235294117647,2.9355897081678464
edf15,IMG_05,5766.0,4176.0,208.8,20.0,1064.73,362.57,4378.0,4378,8,774.0,1.0,5766.0,2.6545,20.0,77.8035,30.7,3.46860908775581
edf15,IMG_06,5790.0,3834.0,273.85714285714283,14.0,939.1642857142857,571.65,4082.0,4040,7,798.0,0.9897109260166586,5790.0,2.305333333333333,15.0,147.21333333333334,61.46666666666667,2.5906735751295336
edf15,IMG_07,5639.0,4091.0,240.64705882352942,17.0,909.8411764705883,367.18823529411765,4149.0,4149,5,734.0,1.0,5639.0,3.176111111111111,18.0,124.21666666666664,50.33333333333334,3.1920553289590354
edf15,IMG_08,5743.0,4147.0,243.94117647058826,17.0,845.8529411764705,396.61176470588236,4367.0,4367,10,750.0,1.0,5743.0,2.5905882352941174,17.0,90.05705882352943,36.8235294117647,2.960125370015671
edf15,IMG_09,5786.0,4258.0,354.83333333333326,12.0,954.6916666666667,418.14999999999986,4546.0,4546,7,794.0,1.0,5786.0,2.099166666666666,12.0,104.2675,37.16666666666666,2.073971655720705
edf15,IMG_10,5790.0,4116.0,242.11764705882354,17.0,950.9647058823531,357.6058823529412,4279.0,4279,12,797.0,1.0,5790.0,1.95,18.0,121.92166666666668,40.333333333333336,3.1088082901554404
edf15,IMG_11,5697.0,4015.0,191.19047619047618,21.0,999.0904761904762,529.2666666666668,4236.0,2267,4,954.0,0.5351746931067044,5697.0,2.8790476190476197,21.0,87.71571428571428,36.0,3.686150605581885
edf15,IMG_12,6024.0,4138.0,229.88888888888889,18.0,1037.0111111111114,418.81666666666666,4339.0,3944,6,1272.0,0.90896519935469,6024.0,3.81,18.0,98.15888888888887,36.333333333333336,2.98804780876494
edf15,IMG_13,6033.0,4129.0,206.45,20.0,1047.45,708.12,4375.0,4312,5,1040.0,0.9856,6033.0,2.6460000000000004,20.0,79.053,30.9,3.3151002817835242
edf15,IMG_14,5783.0,4005.0,190.7142857142857,21.0,971.7238095238097,491.08571428571435,4303.0,4303,7,790.0,1.0,5783.0,3.183333333333333,21.0,86.48238095238095,32.857142857142854,3.6313332180529136
edf15,IMG_15,5987.0,4239.0,302.7857142857143,14.0,941.1357142857142,469.55,4527.0,3935,10,1306.0,0.8692290700242986,5987.0,3.2478571428571423,14.0,89.28642857142857,33.142857142857146,2.3383998663771504
edf15,IMG_16,5915.0,4158.0,218.84210526315792,19.0,820.9105263157893,566.0789473684208,4359.0,3804,5,1156.0,0.8726772195457674,5915.0,3.0210000000000004,20.0,84.9595,32.6,3.38123415046492
edf15,IMG_17,5660.0,4374.0,312.42857142857144,14.0,987.4142857142856,457.8928571428572,4608.0,4608,3,668.0,1.0,5660.0,2.092857142857143,14.0,66.16214285714287,27.42857142857143,2.4734982332155475
edf15,IMG_18,5933.0,4253.0,283.53333333333336,15.0,981.3066666666667,776.4400000000003,4453.0,4453,4,940.0,1.0,5933.0,2.526666666666666,15.0,88.91133333333332,36.0,2.5282319231417496
edf16,IMG_01,6133.0,4079.0,291.35714285714283,14.0,952.6571428571433,466.68571428571437,4255.0,4111,7,1140.0,0.9661574618096356,6133.0,4.345714285714286,14.0,199.9157142857144,52.714285714285715,2.282732757215066
edf16,IMG_02,6029.0,4519.0,903.8,5.0,1040.48,404.86,4806.0,4519,4,1358.0,0.9402829796088223,6029.0,4.022,5.0,103.91,37.2,0.829324929507381
edf16,IMG_03,5812.0,4258.0,425.8,10.0,836.47,540.5600000000002,4496.0,4496,5,820.0,1.0,5812.0,3.325,10.0,139.11399999999998,49.6,1.7205781142463867
edf16,IMG_04,5718.0,4372.0,437.2,10.0,828.0099999999999,443.07,4593.0,4593,4,725.0,1.0,5718.0,4.158,10.0,97.76100000000001,40.0,1.7488632388947185
edf16,IMG_05,6054.0,4412.0,441.2,10.0,1034.9299999999996,391.27,4597.0,4597,8,1061.0,1.0,6054.0,3.132000000000001,10.0,112.228,39.6,1.6518004625041294
edf16,IMG_06,5645.0,4477.0,895.4,5.0,947.2,482.48,4695.0,4695,4,788.0,1.0,5645.0,2.838333333333333,6.0,158.25666666666666,52.0,1.062887511071745
edf16,IMG_07,6117.0,4179.0,245.82352941176467,17.0,941.4294117647058,374.1058823529412,4412.0,4128,7,1125.0,0.9356300997280144,6117.0,3.4958823529411767,17.0,86.84411764705885,34.117647058823536,2.7791401013568744
edf16,IMG_08,6059.0,4483.0,560.375,8.0,873.4875000000002,418.6375000000001,4742.0,4742,6,1067.0,1.0,6059.0,2.89125,8.0,88.61375,31.25,1.320349892721571
edf16,IMG_09,6108.0,4266.0,387.8181818181818,11.0,1013.8363636363637,424.90909090909105,4545.0,4189,6,1115.0,0.9216721672167216,6108.0,2.5818181818181816,11.0,134.04363636363635,40.72727272727273,1.8009168303863787
edf16,IMG_10,6055.0,4585.0,1146.25,4.0,963.6,455.57499999999993,4789.0,4789,3,1062.0,1.0,6055.0,1.99,4.0,152.64749999999995,51.0,0.6606110652353427
edf16,IMG_11,5779.0,4343.0,434.3,10.0,923.04,485.37000000000006,4362.0,3665,6,1118.0,0.8402109124254928,5779.0,3.872,10.0,165.304,63.0,1.7304031839418583
edf16,IMG_12,5697.0,4563.0,760.5,6.0,987.3166666666666,313.0,4758.0,4563,5,934.0,0.9590163934426228,5697.0,3.783333333333333,6.0,90.46666666666664,39.0,1.05318588730911
edf16,IMG_13,5991.0,4647.0,1161.75,4.0,987.95,656.475,4860.0,4860,4,999.0,1.0,5991.0,3.515,4.0,102.2775,33.0,0.6676681689200468
edf16,IMG_14,5918.0,4072.0,271.46666666666664,15.0,912.4,379.9133333333333,4281.0,4281,8,925.0,1.0,5918.0,4.4113333333333316,15.0,124.06933333333332,47.46666666666667,2.5346400811084826
edf16,IMG_15,6074.0,4436.0,1109.0,4.0,937.675,461.625,4790.0,4790,4,1154.0,1.0,6074.0,2.69,5.0,169.252,62.8,0.8231807704972012
edf16,IMG_16,5689.0,4303.0,391.1818181818182,11.0,912.2727272727273,578.8909090909091,4536.0,4244,9,697.0,0.9356261022927691,5689.0,4.379090909090909,11.0,99.9372727272727,41.45454545454545,1.9335559852346635
edf16,IMG_17,6100.0,4260.0,387.27272727272725,11.0,1017.1454545454548,498.51818181818186,4529.0,4529,7,1105.0,1.0,6100.0,3.1872727272727275,11.0,139.86,42.36363636363637,1.8032786885245904
edf16,IMG_18,6115.0,4375.0,546.875,8.0,981.825,633.1,4579.0,4579,4,1122.0,1.0,6115.0,3.635,8.0,122.87,51.75,1.3082583810302535
edf17,IMG_01,6106.0,4312.0,287.46666666666664,15.0,891.4066666666665,606.8133333333333,4501.0,4501,5,1115.0,1.0,6106.0,3.286666666666666,15.0,88.09733333333334,32.666666666666664,2.456600065509335
edf17,IMG_02,5688.0,4226.0,325.07692307692315,13.0,1046.5615384615382,441.9153846153846,4523.0,4022,7,1018.0,0.8892328100818041,5688.0,3.5746153846153836,13.0,93.17692307692306,36.153846153846146,2.2855133614627285
edf17,IMG_03,5773.0,4189.0,246.41176470588238,17.0,909.6352941176473,576.964705882353,4390.0,3626,6,781.0,0.8259681093394078,5773.0,3.367647058823529,17.0,88.32705882352941,35.411764705882355,2.9447427680582017
edf17,IMG_04,5710.0,4364.0,290.93333333333334,15.0,939.2533333333333,516.9133333333333,4424.0,4424,7,718.0,1.0,5710.0,4.574,15.0,113.11133333333336,37.86666666666667,2.626970227670753
edf17,IMG_05,5849.0,4485.0,373.75,12.0,1044.8916666666667,381.0083333333334,4614.0,4404,4,857.0,0.9544863459037712,5849.0,3.145833333333333,12.0,89.68666666666668,31.5,2.0516327577363653
edf17,IMG_06,5775.0,3931.0,327.5833333333333,12.0,974.2000000000003,419.40833333333336,4167.0,3931,5,1048.0,0.943364530837533,5775.0,2.3766666666666665,12.0,116.37583333333336,68.83333333333333,2.0779220779220777
edf17,IMG_07,5737.0,4255.0,283.6666666666667,15.0,948.6666666666665,387.51333333333326,4426.0,4426,7,745.0,1.0,5737.0,4.421333333333333,15.0,102.76333333333332,37.73333333333333,2.6146069374237406
edf17,IMG_08,5654.0,4160.0,244.70588235294116,17.0,886.7529411764706,538.2058823529411,4381.0,3793,7,661.0,0.8657840675644828,5654.0,3.561764705882353,17.0,86.73294117647059,36.0,3.0067209055535904
edf17,IMG_09,6105.0,4125.0,317.3076923076923,13.0,1008.3,503.49230769230775,4374.0,3962,4,1113.0,0.9058070416095108,6105.0,2.32,13.0,83.07846153846154,47.53846153846154,2.1294021294021293
edf17,IMG_10,6054.0,4532.0,1510.666666666667,3.0,889.3333333333335,411.73333333333335,4906.0,4906,3,1062.0,1.0,6054.0,2.5766666666666667,3.0,84.23333333333333,28.66666666666667,0.4955401387512388
edf17,IMG_11,6070.0,4326.0,288.4,15.0,973.24,629.6933333333333,4503.0,1998,5,1286.0,0.44370419720186544,6070.0,3.1980000000000004,15.0,89.85200000000002,32.666666666666664,2.4711696869851734
edf17,IMG_12,5934.0,4224.0,281.6,15.0,957.4400000000003,428.51999999999987,4401.0,3328,8,1150.0,0.7561917745966825,5934.0,4.542666666666666,15.0,108.92266666666664,39.46666666666667,2.527805864509605
edf17,IMG_13,5774.0,4178.0,245.7647058823529,17.0,935.3117647058824,685.6705882352941,4404.0,2986,6,782.0,0.6780199818346957,5774.0,3.295,18.0,86.99555555555555,33.333333333333336,3.1174229303775545
edf17,IMG_14,6100.0,4310.0,307.85714285714283,14.0,1011.9571428571428,493.0142857142857,4497.0,4497,5,1107.0,1.0,6100.0,3.580714285714285,14.0,87.75,35.42857142857143,2.295081967213115
edf17,IMG_15,5849.0,4565.0,2282.5,2.0,918.35,465.15,4936.0,4936,2,857.0,1.0,5849.0,2.145,2.0,74.115,28.0,0.34193879295606083
edf17,IMG_16,5770.0,4212.0,280.8,15.0,979.0266666666664,586.5066666666668,4493.0,2961,4,777.0,0.6590251502336969,5770.0,3.482,15.0,94.788,33.333333333333336,2.5996533795493937
edf17,IMG_17,5684.0,4436.0,403.27272727272725,11.0,1054.2545454545457,601.9090909090909,4682.0,4682,3,692.0,1.0,5684.0,2.2790909090909093,11.0,78.5218181818182,28.181818181818183,1.935256861365236
edf17,IMG_18,6026.0,4070.0,814.0,5.0,966.4400000000003,513.72,4807.0,4807,3,1033.0,1.0,6026.0,3.858,5.0,95.682,37.2,0.8297378028542981
edf18,IMG_01,5809.0,4163.0,231.27777777777774,18.0,760.4388888888889,533.5944444444443,4342.0,4342,4,817.0,1.0,5809.0,2.365,18.0,98.16777777777777,36.111111111111114,3.0986400413152007
edf18,IMG_02,5638.0,4046.0,224.77777777777774,18.0,1105.2833333333333,473.26666666666665,4284.0,4046,4,1042.0,0.9444444444444444,5638.0,2.9336842105263163,19.0,114.00578947368422,41.578947368421055,3.3699893579283438
edf18,IMG_03,5893.0,4117.0,316.6923076923077,13.0,775.6999999999998,634.3692307692307,4184.0,4184,4,901.0,1.0,5893.0,3.1876923076923074,13.0,156.24307692307693,62.153846153846146,2.2060071270999493
edf18,IMG_04,5800.0,4200.0,247.05882352941174,17.0,873.2941176470587,480.9,4444.0,4444,7,810.0,1.0,5800.0,2.765555555555556,18.0,79.7638888888889,30.555555555555557,3.103448275862069
edf18,IMG_05,5915.0,4098.0,273.2,15.0,986.9666666666667,515.4,4271.0,3133,4,923.0,0.733551861390775,5915.0,3.2837500000000004,16.0,97.7,45.75,2.704987320371936
edf18,IMG_06,5826.0,4310.0,287.3333333333333,15.0,954.1066666666666,494.3733333333332,4395.0,3926,4,1074.0,0.893287827076223,5826.0,2.4766666666666666,15.0,91.93333333333337,39.86666666666667,2.574665293511844
edf18,IMG_07,5653.0,4063.0,203.15,20.0,895.3199999999998,463.0100000000001,4229.0,4101,5,760.0,0.9697327973516198,5653.0,2.9709523809523817,21.0,105.10142857142857,40.857142857142854,3.7148416769856722
edf18,IMG_08,5751.0,4399.0,338.38461538461536,13.0,928.3846153846154,482.8384615384616,4631.0,4631,3,758.0,1.0,5751.0,1.9446153846153849,13.0,68.0076923076923,27.84615384615385,2.2604764388801946
edf18,IMG_09,6125.0,4407.0,400.6363636363636,11.0,981.6090909090907,481.0,4644.0,4396,6,1133.0,0.9465977605512488,6125.0,2.493636363636364,11.0,74.77545454545455,31.63636363636364,1.7959183673469388
edf18,IMG_10,5708.0,4114.0,242.0,17.0,864.6352941176469,522.0529411764705,4275.0,4275,6,715.0,1.0,5708.0,2.8105882352941167,17.0,124.66705882352942,42.23529411764706,2.978276103714085
edf18,IMG_11,6080.0,4328.0,309.14285714285717,14.0,769.2214285714286,526.7071428571428,4508.0,4172,6,1306.0,0.9254658385093169,6080.0,3.0978571428571433,14.0,81.56642857142856,34.57142857142857,2.3026315789473686
edf18,IMG_12,5751.0,3895.0,216.38888888888889,18.0,1008.4833333333332,520.0722222222222,3916.0,2583,6,958.0,0.6596016343207355,5751.0,4.049444444444445,18.0,168.02722222222226,59.77777777777778,3.129890453834116
edf18,IMG_13,5821.0,4263.0,236.83333333333331,18.0,918.8499999999997,703.9500000000003,4416.0,3814,5,829.0,0.863677536231884,5821.0,2.7677777777777783,18.0,78.10722222222222,32.0,3.092252190345301
edf18,IMG_14,6008.0,4228.0,248.70588235294116,17.0,909.7294117647058,386.42352941176483,4438.0,4438,5,1016.0,1.0,6008.0,2.8017647058823525,17.0,79.80823529411767,32.588235294117645,2.8295605858854866
edf18,IMG_15,5942.0,4224.0,264.0,16.0,915.6125,478.1,4232.0,4004,6,950.0,0.946124763705104,5942.0,1.83125,16.0,166.88875000000004,47.5,2.692696061932009
edf18,IMG_16,6106.0,4138.0,295.57142857142856,14.0,912.6714285714284,701.8571428571429,4377.0,3341,10,1113.0,0.7633082019648161,6106.0,2.904285714285714,14.0,141.55785714285716,44.0,2.2928267278087127
edf18,IMG_17,5684.0,4034.0,310.3076923076923,13.0,973.7538461538464,447.97692307692313,4302.0,4302,7,692.0,1.0,5684.0,2.4961538461538457,13.0,148.43153846153848,53.07692307692307,2.287121745249824
edf18,IMG_18,5893.0,4226.0,264.125,16.0,972.9,570.83125,4407.0,4123,6,901.0,0.9355570683004312,5893.0,3.578125,16.0,88.788125,36.625,2.7150856948922453
edf19,IMG_01,5991.0,4429.0,442.9,10.0,844.5099999999999,532.5699999999998,4639.0,4273,3,1422.0,0.9211036861392542,5991.0,3.4650000000000007,10.0,87.54099999999998,35.4,1.669170422300117
edf19,IMG_02,5660.0,4448.0,494.22222222222223,9.0,950.522222222222,409.3777777777778,4729.0,4729,5,667.0,1.0,5660.0,2.2422222222222223,9.0,68.95555555555556,29.33333333333333,1.5901060070671378
edf19,IMG_03,5815.0,4071.0,271.4,15.0,808.12,560.9533333333334,4482.0,3815,6,1278.0,0.8511825078090138,5815.0,3.4306666666666668,15.0,85.21333333333334,34.0,2.5795356835769563
edf19,IMG_04,5924.0,4050.0,810.0,5.0,490.94000000000005,579.6599999999999,4516.0,4448,1,932.0,0.9849424269264836,5924.0,4.6433333333333335,6.0,102.84333333333332,81.33333333333333,1.0128291694800808
edf19,IMG_05,5916.0,3908.0,390.8,10.0,996.8000000000003,411.2600000000001,4059.0,4059,6,923.0,1.0,5916.0,3.236,10.0,107.95200000000001,93.4,1.690331304935767
edf19,IMG_06,5784.0,4608.0,576.0,8.0,890.6374999999998,564.5875,4774.0,4774,5,792.0,1.0,5784.0,2.01625,8.0,65.65124999999999,27.25,1.3831258644536653
edf19,IMG_07,5747.0,4469.0,343.76923076923083,13.0,776.8153846153847,463.96153846153845,4604.0,4469,2,932.0,0.9706776715899218,5747.0,2.64,13.0,73.33384615384615,29.84615384615385,2.2620497650948317
edf19,IMG_08,6107.0,4467.0,496.33333333333326,9.0,862.7333333333332,550.0333333333333,4668.0,4404,7,1115.0,0.9434447300771208,6107.0,3.4288888888888893,9.0,90.26333333333334,36.0,1.4737186834779756
edf19,IMG_09,5649.0,4573.0,762.1666666666665,6.0,909.4666666666666,479.7166666666667,4736.0,4231,2,657.0,0.8933699324324325,5649.0,1.6616666666666664,6.0,186.25666666666663,42.66666666666666,1.0621348911311737
edf19,IMG_10,5928.0,4158.0,346.5,12.0,851.7333333333335,537.3583333333332,4313.0,4313,3,935.0,1.0,5928.0,2.624166666666667,12.0,188.4858333333333,56.66666666666666,2.0242914979757085
edf19,IMG_11,6132.0,4204.0,300.2857142857143,14.0,852.2142857142858,616.4857142857143,4352.0,3200,6,1320.0,0.7352941176470589,6132.0,3.035,14.0,116.40285714285713,45.714285714285715,2.2831050228310503
edf19,IMG_12,6039.0,3997.0,363.3636363636364,11.0,949.3545454545456,537.3181818181819,4248.0,1926,5,1328.0,0.4533898305084746,6039.0,4.448181818181818,11.0,233.63636363636363,67.63636363636364,1.8214936247723132
edf19,IMG_13,5773.0,4221.0,324.6923076923077,13.0,786.3692307692309,730.0615384615387,4343.0,2529,6,966.0,0.582316371172001,5773.0,3.3207142857142857,14.0,124.43214285714285,47.14285714285714,2.4250822795773432
edf19,IMG_14,6072.0,4470.0,372.5,12.0,1017.7833333333334,660.1416666666668,4611.0,4611,3,1079.0,1.0,6072.0,2.535,12.0,74.27583333333331,31.83333333333333,1.9762845849802368
edf19,IMG_15,5811.0,4501.0,500.11111111111114,9.0,835.3777777777779,491.33333333333326,4662.0,1610,4,819.0,0.3453453453453453,5811.0,1.2844444444444447,9.0,129.86111111111111,36.66666666666666,1.5487867836861129
edf19,IMG_16,5944.0,4148.0,276.53333333333336,15.0,834.1866666666666,649.1333333333333,4285.0,2542,6,1126.0,0.5932322053675613,5944.0,4.054666666666667,15.0,137.99466666666666,47.2,2.5235531628532977
edf19,IMG_17,5804.0,4458.0,342.92307692307685,13.0,951.153846153846,560.1000000000001,4616.0,4458,7,1000.0,0.9657712305025996,5804.0,2.1792307692307693,13.0,64.11538461538464,28.923076923076927,2.2398345968297724
edf19,IMG_18,5760.0,4328.0,332.92307692307685,13.0,986.1692307692308,741.8230769230769,4534.0,4534,4,838.0,1.0,5760.0,1.9528571428571424,14.0,111.16785714285714,39.142857142857146,2.4305555555555562
edf20,IMG_01,5974.0,4358.0,335.23076923076917,13.0,795.1923076923077,529.7384615384615,4552.0,4292,5,982.0,0.9428822495606328,5974.0,3.3207692307692303,13.0,86.18153846153845,33.846153846153854,2.1760964178105118
edf20,IMG_02,6093.0,4469.0,496.5555555555555,9.0,1064.8444444444444,387.97777777777776,4706.0,4706,6,1101.0,1.0,6093.0,2.7544444444444447,9.0,81.54777777777777,31.777777777777782,1.4771048744460855
edf20,IMG_03,6126.0,4232.0,282.1333333333333,15.0,879.1466666666664,560.3999999999999,4433.0,3497,6,1133.0,0.7888563049853372,6126.0,4.000666666666667,15.0,97.154,37.333333333333336,2.4485798237022527
edf20,IMG_04,6033.0,4213.0,263.3125,16.0,914.84375,609.2062500000002,4435.0,4273,4,1042.0,0.9634723788049604,6033.0,3.56375,16.0,88.05625,34.75,2.6520802254268188
edf20,IMG_05,5851.0,4251.0,265.6875,16.0,1010.53125,462.28750000000014,4396.0,4222,5,859.0,0.9604185623293904,5851.0,3.133125,16.0,87.22312500000002,37.25,2.73457528627585
edf20,IMG_06,5932.0,4170.0,463.33333333333326,9.0,948.8555555555556,582.411111111111,4538.0,4194,3,940.0,0.9241956809167032,5932.0,2.4111111111111105,9.0,127.52777777777777,50.444444444444436,1.5171948752528657
edf20,IMG_07,5733.0,4268.0,304.85714285714283,14.0,970.5571428571428,563.3214285714286,4457.0,4457,6,741.0,1.0,5733.0,3.9619999999999997,15.0,96.19400000000005,36.93333333333333,2.6164311878597597
edf20,IMG_08,6004.0,4394.0,488.22222222222223,9.0,913.2444444444444,455.6555555555556,4741.0,4543,3,1011.0,0.9582366589327146,6004.0,2.245555555555556,9.0,69.21777777777778,28.0,1.4990006662225184
edf20,IMG_09,6000.0,3768.0,628.0,6.0,998.7166666666667,514.0333333333333,4771.0,4771,4,1007.0,1.0,6000.0,3.5133333333333336,6.0,94.65333333333336,37.0,1.0
edf20,IMG_10,6132.0,4526.0,452.6,10.0,1033.21,495.0399999999999,4700.0,4700,2,1140.0,1.0,6132.0,2.494,10.0,74.05699999999999,29.2,1.6307893020221789
edf20,IMG_11,6126.0,4378.0,486.4444444444445,9.0,825.7,599.4555555555556,4674.0,4378,2,1468.0,0.936670945656825,6126.0,3.6222222222222222,9.0,96.29222222222221,35.333333333333336,1.4691478942213516
edf20,IMG_12,5999.0,4587.0,764.5,6.0,1095.35,462.26666666666665,4756.0,4116,3,1216.0,0.8654331370899916,5999.0,4.5683333333333325,6.0,108.16333333333334,39.333333333333336,1.0001666944490748
edf20,IMG_13,5831.0,4449.0,370.75,12.0,1108.4166666666665,708.1083333333335,4607.0,4323,4,838.0,0.9383546776644236,5831.0,3.2433333333333336,12.0,85.0225,32.166666666666664,2.057966043560281
edf20,IMG_14,5844.0,4384.0,365.33333333333326,12.0,1004.6666666666665,533.8916666666668,4612.0,4612,3,852.0,1.0,5844.0,2.9425000000000003,12.0,81.91083333333334,31.66666666666667,2.053388090349076
edf20,IMG_15,5983.0,4423.0,552.875,8.0,952.2,502.275,4592.0,4592,5,991.0,1.0,5983.0,2.55625,8.0,172.17999999999995,50.0,1.3371218452281466
edf20,IMG_16,5643.0,4321.0,432.1,10.0,886.79,680.97,4562.0,2102,5,651.0,0.4607628233231039,5643.0,3.801,10.0,92.483,43.0,1.7721070352649297
edf20,IMG_17,5933.0,4593.0,1531.0,3.0,988.4666666666667,465.9,4809.0,3807,2,1032.0,0.7916406737367436,5933.0,2.405,4.0,229.9525,64.5,0.6741951795044666
edf20,IMG_18,5758.0,4168.0,320.61538461538464,13.0,968.7,776.1923076923077,4588.0,4314,4,766.0,0.9402789886660854,5758.0,2.9738461538461536,13.0,84.9007692307692,31.07692307692308,2.2577283779089963
edf21,IMG_01,5948.0,4138.0,258.625,16.0,914.875,473.20625,4320.0,4218,6,956.0,0.9763888888888888,5948.0,3.025625,16.0,98.06624999999998,42.0,2.6899798251513114
edf21,IMG_02,6103.0,4259.0,354.91666666666674,12.0,1005.3416666666666,410.75,4267.0,3935,9,1110.0,0.9221935786266698,6103.0,3.0,12.0,149.5608333333333,60.5,1.966246108471244
edf21,IMG_03,5642.0,4276.0,427.6,10.0,904.57,512.0899999999998,4441.0,4145,4,649.0,0.9333483449673496,5642.0,2.7760000000000002,10.0,154.834,55.2,1.7724211272598367
edf21,IMG_04,6023.0,4033.0,288.07142857142856,14.0,964.1357142857145,554.8428571428572,4216.0,3206,5,1031.0,0.7604364326375711,6023.0,2.9592857142857145,14.0,120.41357142857143,55.42857142857143,2.3244230449941887
edf21,IMG_05,5789.0,3957.0,247.3125,16.0,1027.04375,399.55625,4096.0,4096,9,797.0,1.0,5789.0,2.551875,16.0,140.823125,56.0,2.7638624978407327
edf21,IMG_06,5658.0,4178.0,379.8181818181818,11.0,961.2454545454544,411.9727272727272,4310.0,4310,6,666.0,1.0,5658.0,2.8363636363636364,11.0,140.4618181818182,62.0,1.9441498762813716
edf21,IMG_07,5841.0,3895.0,229.11764705882354,17.0,879.7705882352942,346.55294117647065,4078.0,3655,8,849.0,0.8962726826875921,5841.0,3.603529411764706,17.0,128.0370588235294,53.764705882352935,2.9104605375791817
edf21,IMG_08,5940.0,4084.0,255.25,16.0,905.775,467.01249999999993,4354.0,4230,7,952.0,0.9715204409738172,5940.0,2.708333333333333,18.0,108.63833333333332,46.22222222222222,3.0303030303030303
edf21,IMG_09,6050.0,4258.0,236.55555555555557,18.0,943.6777777777777,504.838888888889,4415.0,4415,9,1057.0,1.0,6050.0,1.8127777777777776,18.0,92.31388888888887,32.111111111111114,2.975206611570248
edf21,IMG_10,5709.0,4357.0,363.08333333333326,12.0,959.4,435.1833333333333,4402.0,4402,8,717.0,1.0,5709.0,2.24,12.0,144.19166666666663,49.16666666666666,2.1019442984760905
edf21,IMG_11,5841.0,3950.0,303.84615384615387,13.0,849.0384615384613,447.72307692307686,4158.0,3676,7,1236.0,0.8840788840788841,5841.0,2.782142857142858,14.0,233.5914285714286,59.714285714285715,2.396849854476973
edf21,IMG_12,5863.0,4077.0,239.82352941176467,17.0,966.3647058823531,401.8647058823529,4237.0,3263,10,1068.0,0.7701203681850366,5863.0,3.65764705882353,17.0,137.75705882352943,44.470588235294116,2.8995394849053384
edf21,IMG_13,5958.0,4116.0,343.0,12.0,1040.2333333333333,674.4583333333334,4302.0,4184,5,966.0,0.9725708972570896,5958.0,2.9366666666666674,12.0,119.4166666666667,57.5,2.014098690835851
edf21,IMG_14,5677.0,3835.0,191.75,20.0,965.8,436.44500000000016,4002.0,4002,7,685.0,1.0,5677.0,2.725,20.0,132.34,49.5,3.5229874933943988
edf21,IMG_15,5888.0,4350.0,362.5,12.0,912.3583333333332,462.52499999999986,4511.0,3879,9,895.0,0.8598980270450011,5888.0,2.2816666666666667,12.0,108.52749999999996,40.16666666666666,2.0380434782608696
edf21,IMG_16,5713.0,4141.0,376.45454545454544,11.0,897.0727272727272,582.8181818181819,4201.0,3743,6,1088.0,0.8909783384908355,5713.0,2.791818181818182,11.0,146.54181818181817,72.0,1.9254332224750568
edf21,IMG_17,5878.0,4302.0,330.92307692307685,13.0,999.2,444.72307692307703,4461.0,4302,5,1080.0,0.9643577673167452,5878.0,2.359230769230769,13.0,94.78923076923077,40.769230769230774,2.2116366110922083
edf21,IMG_18,5878.0,4248.0,303.42857142857144,14.0,935.05,674.4928571428571,4500.0,4500,6,886.0,1.0,5878.0,3.502142857142857,14.0,85.11642857142857,35.142857142857146,2.3817625042531474
edf22,IMG_01,5840.0,3584.0,358.4,10.0,918.9400000000003,467.56,4910.0,5682,6,978.0,1.1572301425661915,5840.0,3.1426666666666665,15.0,110.32066666666668,68.8,2.568493150684932
edf22,IMG_02,5739.0,3707.0,308.9166666666667,12.0,985.3166666666666,373.1,4544.0,7501,12,1063.0,1.6507482394366195,6055.0,3.123333333333333,24.0,91.125,58.91666666666666,3.963666391412057
edf22,IMG_03,5743.0,4109.0,241.70588235294116,17.0,865.0058823529413,553.135294117647,4656.0,8436,9,751.0,1.8118556701030928,6037.0,2.778888888888889,27.0,79.967037037037,30.962962962962962,4.472420076196786
edf22,IMG_04,5957.0,4229.0,528.625,8.0,758.4375,432.13749999999993,4506.0,8496,6,965.0,1.885486018641811,5957.0,1.9357894736842105,19.0,89.10263157894737,57.47368421052632,3.1895249286553637
edf22,IMG_05,5831.0,4415.0,294.3333333333333,15.0,978.6866666666664,365.18666666666667,4708.0,8416,11,706.0,1.7875955819881053,5831.0,1.946521739130435,23.0,65.59956521739132,26.43478260869565,3.944434916823872
edf22,IMG_06,5681.0,4109.0,273.93333333333334,15.0,927.9666666666666,346.0200000000001,4466.0,8697,8,689.0,1.947380206000896,6067.0,2.072758620689656,29.0,73.52931034482759,43.6551724137931,4.779957145211801
edf22,IMG_07,5715.0,4210.0,221.578947368421,19.0,876.2052631578946,452.50526315789483,4338.0,6028,16,814.0,1.3895804518211157,5715.0,2.7758536585365863,41.0,81.17926829268295,39.121951219512205,7.174103237095364
edf22,IMG_08,5831.0,4153.0,244.29411764705884,17.0,904.2882352941174,534.3411764705882,4780.0,8481,12,838.0,1.7742677824267783,5883.0,1.5967999999999998,25.0,58.8316,29.04,4.249532551419344
edf22,IMG_09,6054.0,4672.0,1557.333333333333,3.0,951.5333333333333,477.33333333333326,4909.0,8637,11,917.0,1.7594214707679772,6054.0,2.3710526315789466,19.0,83.96631578947367,43.68421052631579,3.1384208787578465
edf22,IMG_10,6138.0,3916.0,279.7142857142857,14.0,863.9142857142857,484.6285714285714,4695.0,8697,11,921.0,1.8523961661341848,6138.0,2.1930769230769243,26.0,68.67807692307693,42.384615384615394,4.235907461713913
edf22,IMG_11,6134.0,2818.0,140.9,20.0,302.44000000000005,828.3800000000001,4718.0,5176,3,856.0,1.0970750317931326,6134.0,1.433125,32.0,66.174375,76.8125,5.2168242582327995
edf22,IMG_12,6101.0,4309.0,269.3125,16.0,998.5437499999997,479.63125,4760.0,7254,7,661.0,1.523949579831933,6101.0,1.9385714285714288,28.0,66.62214285714285,25.214285714285715,4.5894115718734625
edf22,IMG_13,5996.0,4344.0,394.9090909090909,11.0,889.1636363636363,652.6181818181818,4691.0,8156,6,738.0,1.7386484758047325,5996.0,2.571818181818182,22.0,83.42636363636362,40.54545454545455,3.669112741827885
edf22,IMG_14,5963.0,4394.0,488.22222222222223,9.0,813.6444444444444,230.48888888888888,4765.0,8818,5,971.0,1.8505771248688352,5963.0,2.4029411764705886,17.0,74.71235294117648,28.588235294117645,2.85091396947845
edf22,IMG_15,5795.0,3845.0,1281.6666666666667,3.0,876.4666666666667,386.06666666666666,4934.0,6818,5,799.0,1.3818402918524524,5956.0,2.46,13.0,74.76846153846154,32.615384615384606,2.182672934855608
edf22,IMG_16,5710.0,4050.0,213.15789473684208,19.0,823.0526315789474,701.078947368421,4710.0,7244,11,874.0,1.5380042462845012,5795.0,1.6345161290322578,31.0,59.79903225806451,36.516129032258064,5.349439171699742
edf22,IMG_17,5726.0,3770.0,377.0,10.0,845.2700000000002,380.73,4457.0,7307,7,1160.0,1.6394435719093559,5913.0,2.1592307692307697,26.0,87.74576923076923,79.30769230769229,4.3970911550820215
edf22,IMG_18,6039.0,3417.0,227.8,15.0,915.36,518.96,4437.0,7447,9,1260.0,1.6783862970475547,6039.0,3.1927272727272733,22.0,96.30409090909092,95.36363636363636,3.642987249544627
edf23,IMG_01,5734.0,3788.0,210.44444444444446,18.0,985.6888888888888,479.25555555555565,4046.0,3778,9,742.0,0.9337617399901136,5734.0,3.4794444444444435,18.0,126.335,52.555555555555564,3.1391698639693058
edf23,IMG_02,6100.0,4388.0,292.53333333333336,15.0,904.1733333333333,491.4066666666667,4549.0,4268,3,1294.0,0.938228182018026,6100.0,2.242666666666666,15.0,68.57533333333335,29.6,2.459016393442623
edf23,IMG_03,5953.0,4171.0,297.92857142857144,14.0,781.3000000000002,568.5642857142857,4469.0,3991,8,960.0,0.8930409487581115,5953.0,4.053571428571429,14.0,100.11142857142856,37.42857142857143,2.3517554174365864
edf23,IMG_04,6029.0,4133.0,275.53333333333336,15.0,750.1733333333333,489.6066666666666,4191.0,3577,5,1036.0,0.8534955857790504,6029.0,3.1046666666666662,15.0,86.00466666666668,53.46666666666667,2.487974788522143
edf23,IMG_05,5697.0,3957.0,263.8,15.0,1226.0733333333333,426.9933333333333,4143.0,3221,7,930.0,0.7774559497948347,5697.0,3.32625,16.0,80.305,55.375,2.8084956994909605
edf23,IMG_06,6081.0,4043.0,237.82352941176467,17.0,942.9176470588237,536.3294117647059,4294.0,4294,11,1089.0,1.0,6081.0,3.0147058823529416,17.0,81.39647058823529,41.058823529411775,2.7955928301266235
edf23,IMG_07,5636.0,4172.0,231.77777777777774,18.0,950.2499999999997,466.5944444444445,4398.0,4398,7,644.0,1.0,5636.0,3.2605555555555554,18.0,85.32999999999998,33.0,3.1937544357700496
edf23,IMG_08,6040.0,4474.0,447.4,10.0,786.48,458.08,4691.0,4339,6,1047.0,0.924962694521424,6040.0,2.51,10.0,77.74000000000002,30.2,1.6556291390728477
edf23,IMG_09,5678.0,4040.0,404.0,10.0,913.93,434.94,4575.0,4433,4,685.0,0.9689617486338796,5678.0,1.338181818181818,11.0,52.23909090909091,39.63636363636363,1.9373018668545263
edf23,IMG_10,6070.0,4558.0,455.8,10.0,812.63,562.6,4712.0,4712,4,1078.0,1.0,6070.0,1.998,10.0,65.74199999999999,28.0,1.6474464579901154
edf23,IMG_11,5865.0,4117.0,294.07142857142856,14.0,918.4,487.25,4390.0,3508,6,1340.0,0.7990888382687927,5865.0,3.261428571428571,14.0,82.20642857142856,43.0,2.387041773231032
edf23,IMG_12,5971.0,3881.0,258.73333333333335,15.0,1069.7933333333335,541.1,4056.0,3520,4,979.0,0.8678500986193294,5971.0,3.103333333333333,15.0,144.13133333333334,62.4,2.512142019762184
edf23,IMG_13,5970.0,4406.0,314.7142857142857,14.0,909.3642857142858,675.7071428571429,4536.0,3476,6,978.0,0.7663139329805997,5970.0,3.050714285714286,14.0,83.23357142857144,32.57142857142857,2.3450586264656623
edf23,IMG_14,5792.0,4390.0,399.09090909090907,11.0,971.5727272727272,512.9181818181819,4426.0,4210,4,800.0,0.9511974694984184,5792.0,2.999090909090909,11.0,107.5081818181818,51.45454545454545,1.8991712707182318
edf23,IMG_15,5955.0,4365.0,311.7857142857143,14.0,902.7214285714284,468.9428571428571,4571.0,3877,8,1194.0,0.8481732662437104,5955.0,2.546428571428572,14.0,76.79214285714284,30.142857142857146,2.3509655751469354
edf23,IMG_16,5854.0,4212.0,280.8,15.0,867.4333333333334,612.8133333333333,4434.0,3080,6,1110.0,0.6946323861073522,5854.0,3.4799999999999995,16.0,151.420625,35.75,2.7331738981892717
edf23,IMG_17,5719.0,4488.0,561.0,8.0,1008.55,615.3375,4685.0,4282,6,954.0,0.9139807897545358,5719.0,4.15,8.0,101.9825,38.5,1.3988459520895258
edf23,IMG_18,5986.0,4526.0,502.88888888888886,9.0,947.6666666666665,689.4333333333333,4763.0,4763,4,993.0,1.0,5986.0,2.0022222222222217,9.0,67.29888888888888,25.555555555555557,1.5035081857667891
edf24,IMG_01,5946.0,4408.0,551.0,8.0,985.7375,461.2875,4665.0,4665,3,955.0,1.0,5946.0,4.57125,8.0,102.495,40.75,1.3454423141607803
edf24,IMG_02,5726.0,4506.0,409.6363636363636,11.0,1175.7272727272725,437.39090909090913,4664.0,4664,5,734.0,1.0,5726.0,2.421818181818181,11.0,75.60454545454544,29.818181818181817,1.921061823262312
edf24,IMG_03,5901.0,4571.0,653.0,7.0,863.3142857142857,550.9714285714286,4788.0,4788,3,909.0,1.0,5901.0,2.3914285714285715,7.0,69.00857142857143,29.142857142857146,1.1862396204033214
edf24,IMG_04,5919.0,4623.0,924.6,5.0,982.1,356.2600000000001,4838.0,4838,3,927.0,1.0,5919.0,2.658,5.0,77.32600000000001,30.8,0.8447372867038352
edf24,IMG_05,5985.0,4408.0,734.6666666666665,6.0,1032.1166666666666,354.18333333333334,4792.0,4336,5,994.0,0.9048414023372288,5985.0,2.467142857142857,7.0,80.65285714285712,28.285714285714285,1.1695906432748535
edf24,IMG_06,5941.0,4403.0,489.22222222222223,9.0,974.9888888888887,555.4888888888888,4663.0,4403,4,1242.0,0.9442419043534206,5941.0,2.91,9.0,74.09777777777778,36.66666666666666,1.5148964820737252
edf24,IMG_07,5870.0,4228.0,302.0,14.0,1015.6857142857143,375.81428571428575,4467.0,4467,5,879.0,1.0,5870.0,3.721428571428572,14.0,95.345,37.42857142857143,2.385008517887564
edf24,IMG_08,5891.0,4573.0,571.625,8.0,923.6625,417.35,4775.0,4775,5,898.0,1.0,5891.0,2.05875,8.0,71.535,27.25,1.35800373451027
edf24,IMG_09,5762.0,4322.0,617.4285714285714,7.0,1034.557142857143,449.75714285714287,4803.0,3158,4,1280.0,0.6575057255881741,5762.0,1.8928571428571428,7.0,68.86142857142858,27.142857142857146,1.2148559527941687
edf24,IMG_10,5904.0,4700.0,940.0,5.0,1001.28,392.78,4856.0,4506,2,912.0,0.9279242174629324,5904.0,2.138,5.0,74.71600000000002,27.2,0.8468834688346883
edf24,IMG_11,5639.0,4447.0,635.2857142857142,7.0,979.4285714285713,448.64285714285705,4731.0,4061,3,1038.0,0.8583808919890087,5639.0,3.844285714285714,7.0,94.04857142857144,37.142857142857146,1.241354850150736
edf24,IMG_12,6040.0,4628.0,771.3333333333335,6.0,1038.05,277.6666666666667,4814.0,4814,3,1048.0,1.0,6040.0,2.6933333333333334,6.0,73.65166666666667,29.66666666666667,0.9933774834437086
edf24,IMG_13,6114.0,4672.0,934.4,5.0,1000.02,601.62,4844.0,4844,3,1122.0,1.0,6114.0,2.43,5.0,68.71000000000001,29.6,0.8177952240758914
edf24,IMG_14,6110.0,4476.0,406.9090909090909,11.0,968.1181818181816,343.92727272727274,4658.0,4510,4,1118.0,0.9682267067410906,6110.0,2.4781818181818185,11.0,75.78545454545456,30.363636363636363,1.8003273322422255
edf24,IMG_15,6130.0,4670.0,4670.0,1.0,903.1,339.0,4960.0,4960,2,1138.0,1.0,6130.0,2.98,1.0,95.11,32.0,0.1631321370309951
edf24,IMG_16,5719.0,4637.0,1545.666666666667,3.0,938.3666666666667,674.8000000000002,4910.0,4449,2,1020.0,0.9061099796334012,5719.0,2.083333333333333,3.0,71.56,27.33333333333333,0.5245672320335723
edf24,IMG_17,5842.0,4366.0,545.75,8.0,1077.075,460.025,4726.0,3996,5,850.0,0.8455353364367328,5842.0,2.6375,8.0,74.97749999999998,33.25,1.3693940431359124
edf24,IMG_18,5754.0,4498.0,749.6666666666665,6.0,1048.1333333333334,558.4833333333332,4764.0,4764,3,762.0,1.0,5754.0,4.14,6.0,101.65000000000002,38.0,1.042752867570386
edf25,IMG_01,6010.0,3776.0,269.7142857142857,14.0,772.742857142857,587.3642857142858,3966.0,3600,6,1116.0,0.907715582450832,6010.0,4.3362500000000015,16.0,167.79937500000003,72.125,2.6622296173044933
edf25,IMG_02,5663.0,3193.0,187.82352941176467,17.0,923.8294117647059,522.035294117647,3425.0,3425,11,892.0,1.0,5663.0,3.210555555555555,18.0,206.66722222222225,88.22222222222223,3.1785272823591733
edf25,IMG_03,5713.0,3859.0,214.38888888888889,18.0,810.0666666666667,605.7722222222222,4115.0,2908,6,722.0,0.7066828675577157,5713.0,2.9183333333333343,18.0,128.02999999999997,48.66666666666666,3.1507089095046386
edf25,IMG_04,5905.0,3575.0,238.33333333333331,15.0,788.7600000000001,588.3333333333334,3898.0,3575,3,1268.0,0.9171369933299128,5905.0,2.3866666666666667,15.0,189.18666666666667,72.93333333333334,2.540220152413209
edf25,IMG_05,6079.0,4049.0,269.93333333333334,15.0,1042.3533333333337,558.9266666666666,4194.0,3331,5,1087.0,0.7942298521697664,6079.0,2.2846666666666677,15.0,142.68333333333334,53.2,2.4675111037999677
edf25,IMG_06,6061.0,3448.0,287.3333333333333,12.0,980.6083333333332,652.9333333333333,3676.0,3176,6,1168.0,0.8639825897714908,6061.0,2.838571428571428,14.0,211.94714285714284,102.28571428571428,2.309849859759116
edf25,IMG_07,5983.0,4212.0,324.0,13.0,895.5692307692308,504.3846153846155,4360.0,4360,11,990.0,1.0,5983.0,3.1942857142857144,14.0,116.92499999999998,46.57142857142857,2.3399632291492565
edf25,IMG_08,5997.0,3625.0,241.66666666666663,15.0,824.9400000000003,603.7133333333334,3737.0,1751,8,1004.0,0.4685576665774686,5997.0,2.298666666666667,15.0,197.2,83.73333333333333,2.5012506253126565
edf25,IMG_09,5726.0,2894.0,206.7142857142857,14.0,1316.6785714285713,495.36428571428576,3134.0,1364,4,734.0,0.435226547543076,5726.0,7.411333333333332,15.0,206.39866666666663,125.06666666666666,2.619629758994062
edf25,IMG_10,5884.0,3892.0,243.25,16.0,877.2750000000002,532.33125,4020.0,3400,7,1190.0,0.8457711442786071,5884.0,2.4475,16.0,117.04624999999996,60.75,2.7192386131883066
edf25,IMG_11,5985.0,3813.0,224.29411764705884,17.0,814.0647058823531,657.3823529411766,3872.0,2808,5,993.0,0.7252066115702479,5985.0,2.377058823529412,17.0,142.71352941176468,65.88235294117646,2.840434419381788
edf25,IMG_12,5976.0,3920.0,280.0,14.0,1031.442857142857,472.16428571428565,3966.0,3056,8,984.0,0.7705496722138174,5976.0,4.126,15.0,154.618,69.6,2.5100401606425704
edf25,IMG_13,6123.0,3388.0,211.75,16.0,969.975,812.6375,3555.0,1979,6,1131.0,0.5566807313642756,6123.0,3.7482352941176473,17.0,214.34176470588238,85.6470588235294,2.7764167891556424
edf25,IMG_14,5666.0,3780.0,252.0,15.0,962.7000000000003,506.2,3958.0,3958,5,674.0,1.0,5666.0,2.9066666666666667,15.0,176.33466666666664,68.93333333333334,2.647370278856336
edf25,IMG_15,5687.0,3729.0,233.0625,16.0,856.4562500000002,531.6875,3960.0,3192,10,695.0,0.8060606060606059,5687.0,2.1225,16.0,110.97625,64.5,2.8134341480569716
edf25,IMG_16,6020.0,3734.0,248.9333333333333,15.0,1356.3866666666665,650.2999999999997,3778.0,1308,5,1028.0,0.3462149285336157,6020.0,11.028666666666668,15.0,193.56,80.93333333333334,2.491694352159469
edf25,IMG_17,5969.0,3445.0,246.07142857142856,14.0,889.1857142857143,547.5357142857142,3681.0,2791,6,1366.0,0.7582178755772888,5969.0,1.4226666666666663,15.0,175.98066666666665,89.86666666666666,2.5129837493717537
edf25,IMG_18,5644.0,3350.0,186.11111111111111,18.0,900.2666666666668,703.2777777777777,3572.0,3314,9,652.0,0.927771556550952,5644.0,3.37,18.0,230.9261111111111,78.8888888888889,3.1892274982282074
edf26,IMG_01,5935.0,4323.0,270.1875,16.0,824.575,552.3499999999998,4494.0,4494,4,943.0,1.0,5935.0,2.5249999999999995,16.0,77.38062500000002,31.125,2.695871946082561
edf26,IMG_02,6102.0,4118.0,228.77777777777774,18.0,1155.6888888888886,554.0499999999998,4348.0,4050,4,1110.0,0.9314627414903404,6102.0,3.0927777777777767,18.0,84.43055555555556,35.77777777777778,2.949852507374631
edf26,IMG_03,5889.0,3994.0,249.625,16.0,831.13125,529.7375,4317.0,3539,7,897.0,0.8197822561964327,5889.0,3.4264705882352944,17.0,83.43882352941176,40.8235294117647,2.8867379860757345
edf26,IMG_04,6087.0,4161.0,346.75,12.0,819.725,508.0333333333333,4488.0,4161,4,1446.0,0.9271390374331552,6087.0,3.020833333333333,12.0,142.46416666666667,42.0,1.971414489896501
edf26,IMG_05,5722.0,4278.0,237.66666666666663,18.0,1107.4833333333333,410.24444444444435,4435.0,4435,5,729.0,1.0,5722.0,1.8183333333333327,18.0,89.82833333333332,31.0,3.145753233135267
edf26,IMG_06,5949.0,4447.0,444.7,10.0,972.35,504.25000000000017,4727.0,4727,4,958.0,1.0,5949.0,1.611,10.0,54.761,26.4,1.6809547823163558
edf26,IMG_07,6070.0,4236.0,282.4,15.0,951.44,358.7466666666666,4463.0,4463,3,1077.0,1.0,6070.0,2.1886666666666668,15.0,99.14333333333332,35.333333333333336,2.4711696869851734
edf26,IMG_08,5847.0,4099.0,341.5833333333333,12.0,832.125,460.66666666666674,4330.0,4330,5,855.0,1.0,5847.0,2.7100000000000004,12.0,85.59416666666667,55.16666666666666,2.052334530528476
edf26,IMG_09,5766.0,3872.0,242.0,16.0,948.2374999999997,459.94375,4429.0,4261,5,773.0,0.96206818694965,5766.0,1.9093750000000005,16.0,102.980625,35.25,2.7748872702046476
edf26,IMG_10,5820.0,4388.0,313.42857142857144,14.0,885.1357142857145,477.61428571428576,4647.0,4105,7,825.0,0.8833656122229395,5820.0,1.5714285714285712,14.0,60.01499999999999,24.857142857142854,2.405498281786941
edf26,IMG_11,5780.0,4370.0,336.15384615384613,13.0,853.7153846153847,481.6923076923077,4583.0,3874,7,1038.0,0.8452978398428976,5780.0,3.1623076923076923,13.0,88.51076923076923,31.384615384615387,2.2491349480968856
edf26,IMG_12,5932.0,4330.0,309.2857142857143,14.0,960.7642857142856,501.19999999999993,4526.0,3084,4,1164.0,0.6813963764913831,5932.0,3.0085714285714285,14.0,80.26357142857144,33.285714285714285,2.360080917060013
edf26,IMG_13,5797.0,4371.0,291.4,15.0,946.8733333333334,718.6866666666667,4518.0,3116,4,805.0,0.6896857016378929,5797.0,3.1460000000000004,15.0,86.40333333333334,31.6,2.587545282042436
edf26,IMG_14,5645.0,4181.0,298.64285714285717,14.0,873.5571428571428,565.1857142857143,4474.0,3416,4,653.0,0.7635225748770675,5645.0,3.9042857142857135,14.0,93.33285714285715,37.0,2.4800708591674048
edf26,IMG_15,5714.0,4722.0,1180.5,4.0,904.25,484.55,4874.0,4874,5,722.0,1.0,5714.0,1.96,4.0,63.895,29.5,0.7000350017500875
edf26,IMG_16,5713.0,4202.0,247.17647058823533,17.0,863.7764705882353,671.1882352941177,4346.0,2760,6,906.0,0.6350667280257708,5713.0,3.56,18.0,94.66944444444445,36.888888888888886,3.1507089095046386
edf26,IMG_17,6089.0,4323.0,332.53846153846155,13.0,957.607692307692,521.8769230769229,4653.0,4085,7,1096.0,0.8779282183537502,6089.0,1.7007692307692308,13.0,63.67923076923078,26.153846153846153,2.134997536541304
edf26,IMG_18,5862.0,4306.0,307.57142857142856,14.0,976.3642857142858,719.0214285714285,4537.0,4306,4,1132.0,0.9490852986554992,5862.0,3.157142857142857,14.0,89.60571428571428,32.57142857142857,2.388263391334016
edf27,IMG_01,5800.0,4540.0,648.5714285714286,7.0,736.1857142857143,521.2142857142857,4762.0,4762,4,808.0,1.0,5800.0,3.2099999999999995,7.0,83.16571428571429,32.857142857142854,1.206896551724138
edf27,IMG_02,6133.0,4033.0,504.125,8.0,954.025,451.6625,4286.0,4033,4,1426.0,0.9409706019598694,6133.0,2.76,8.0,206.4375,88.25,1.3044187184086091
edf27,IMG_03,5799.0,4369.0,397.1818181818182,11.0,879.7363636363636,637.0363636363636,4587.0,4061,6,806.0,0.8853281011554393,5799.0,3.805454545454545,11.0,95.43818181818185,36.90909090909091,1.896878772202104
edf27,IMG_04,5901.0,4586.0,917.2,5.0,725.72,652.4200000000002,4807.0,4807,2,909.0,1.0,5901.0,3.405,6.0,86.31666666666666,34.0,1.0167768174885612
edf27,IMG_05,5752.0,4384.0,438.4,10.0,1007.12,454.17,4620.0,4620,7,760.0,1.0,5752.0,3.919,10.0,103.654,37.2,1.7385257301808068
edf27,IMG_06,5839.0,4553.0,1517.666666666667,3.0,927.7666666666668,423.7,4902.0,4902,2,847.0,1.0,5839.0,2.8899999999999992,3.0,78.16333333333333,30.0,0.5137866072957697
edf27,IMG_07,6057.0,4455.0,405.0,11.0,888.6909090909088,310.46363636363634,4700.0,3916,7,1065.0,0.8331914893617022,6057.0,1.9545454545454544,11.0,66.79272727272728,26.54545454545455,1.816080567937923
edf27,IMG_08,5801.0,4333.0,481.4444444444445,9.0,909.3555555555556,488.4444444444445,4741.0,4741,4,808.0,1.0,5801.0,2.1166666666666663,9.0,67.05000000000001,28.0,1.5514566454059644
edf27,IMG_09,6014.0,4618.0,769.6666666666665,6.0,927.0333333333333,440.16666666666663,4838.0,4838,3,1022.0,1.0,6014.0,1.9733333333333332,6.0,69.56166666666665,25.66666666666667,0.9976720984369803
edf27,IMG_10,5919.0,4519.0,564.875,8.0,945.5125,561.4,4761.0,4672,3,926.0,0.9813064482251628,5919.0,2.3775000000000004,8.0,78.57499999999997,29.0,1.3515796587261362
edf27,IMG_11,5813.0,4451.0,635.8571428571429,7.0,884.8714285714287,461.2285714285714,4684.0,4145,5,1086.0,0.8849274124679761,5813.0,5.207142857142856,7.0,111.66857142857144,44.0,1.2041974883880957
edf27,IMG_12,5736.0,3954.0,494.25,8.0,934.2625,365.4875,4179.0,2150,4,998.0,0.5144771476429768,5736.0,3.39375,8.0,137.4475,101.75,1.3947001394700143
edf27,IMG_13,5878.0,4542.0,567.75,8.0,942.725,682.325,4744.0,4744,5,886.0,1.0,5878.0,2.8125,8.0,85.86625000000002,31.0,1.3610071452875128
edf27,IMG_14,6090.0,4218.0,421.8,10.0,853.8099999999997,335.12,4472.0,4472,4,1098.0,1.0,6090.0,2.1870000000000003,10.0,94.62363636363638,49.09090909090909,1.6420361247947457
edf27,IMG_15,5997.0,4191.0,598.7142857142858,7.0,875.0571428571429,463.8428571428572,4461.0,3130,3,1292.0,0.7016364043936337,5997.0,2.0357142857142856,7.0,157.74428571428572,76.0,1.167250291812573
edf27,IMG_16,6124.0,4452.0,556.5,8.0,877.4375,617.6625,4668.0,3980,5,1376.0,0.8526135389888603,6124.0,3.6088888888888895,9.0,88.4922222222222,38.0,1.4696276943174396
edf27,IMG_17,6060.0,4188.0,523.5,8.0,916.4625,493.42500000000007,4483.0,4483,5,1067.0,1.0,6060.0,3.0175,8.0,118.50375,63.75,1.32013201320132
edf27,IMG_18,5741.0,4621.0,577.625,8.0,923.7875,723.9499999999998,4756.0,4756,4,749.0,1.0,5741.0,3.26375,8.0,86.195,29.5,1.3934854554955582
edf28,IMG_01,5645.0,3831.0,225.35294117647058,17.0,889.0294117647059,431.92941176470595,3877.0,3877,5,652.0,1.0,5645.0,2.4670588235294115,17.0,153.92647058823528,65.64705882352939,3.0115146147032776
edf28,IMG_02,5889.0,3831.0,255.4,15.0,1030.0,357.41333333333336,4049.0,3775,11,896.0,0.932328970116078,5889.0,3.114,15.0,141.14399999999995,62.93333333333333,2.5471217524197654
edf28,IMG_03,5674.0,3866.0,297.38461538461536,13.0,864.1769230769229,517.4538461538461,4446.0,4446,7,682.0,1.0,5674.0,3.5815384615384613,13.0,85.09076923076921,42.0,2.2911526260133943
edf28,IMG_04,5816.0,4414.0,367.83333333333326,12.0,811.7083333333335,573.4833333333332,4687.0,4687,2,825.0,1.0,5816.0,1.5708333333333335,12.0,58.93416666666667,25.33333333333333,2.0632737276478683
edf28,IMG_05,5657.0,4259.0,425.9,10.0,1052.6799999999996,373.99,4485.0,4051,6,664.0,0.9032329988851728,5657.0,2.365,10.0,144.94899999999998,50.8,1.7677214071062402
edf28,IMG_06,5737.0,3818.0,347.09090909090907,11.0,961.118181818182,450.6363636363636,4305.0,2968,5,1254.0,0.6894308943089431,5737.0,3.8675,12.0,216.01166666666668,58.83333333333334,2.0916855499389926
edf28,IMG_07,5847.0,4281.0,285.4,15.0,987.0666666666667,370.7066666666667,4487.0,4305,5,852.0,0.9594383775351014,5847.0,3.277333333333333,15.0,89.75733333333332,33.86666666666667,2.5654181631605955
edf28,IMG_08,5710.0,4106.0,342.1666666666667,12.0,967.3333333333335,509.275,4391.0,4391,3,717.0,1.0,5710.0,1.0725,12.0,113.08416666666666,50.16666666666666,2.1015761821366024
edf28,IMG_09,5867.0,4490.0,561.25,8.0,928.3125,426.2625000000001,4529.0,4320,3,942.0,0.9538529476705676,5867.0,2.855555555555556,9.0,326.63666666666666,53.555555555555564,1.534003749786944
edf28,IMG_10,5697.0,3739.0,311.5833333333333,12.0,961.5583333333333,403.31666666666666,3983.0,3247,6,704.0,0.8152146623148381,5697.0,1.3358333333333332,12.0,241.61166666666668,84.16666666666667,2.10637177461822
edf28,IMG_11,5850.0,3838.0,348.90909090909093,11.0,846.5272727272728,463.5,3926.0,2352,6,1404.0,0.5990830361691288,5850.0,3.5845454545454536,11.0,195.0018181818182,96.9090909090909,1.8803418803418803
edf28,IMG_12,6013.0,4067.0,369.7272727272728,11.0,1020.6272727272728,364.20909090909083,4346.0,3735,3,1344.0,0.859410952600092,6013.0,3.4318181818181817,11.0,87.1490909090909,58.72727272727273,1.8293696989855317
edf28,IMG_13,5814.0,3360.0,140.0,24.0,1036.445833333333,664.7291666666666,3551.0,847,4,821.0,0.2385243593353985,5814.0,2.297916666666667,24.0,131.07708333333332,60.08333333333334,4.12796697626419
edf28,IMG_14,5911.0,3612.0,225.75,16.0,942.9,420.43750000000006,3856.0,3856,7,918.0,1.0,5911.0,2.6952941176470584,17.0,98.38411764705882,68.0,2.875993909659956
edf28,IMG_15,5675.0,4099.0,455.4444444444445,9.0,917.8777777777775,484.5666666666667,4632.0,4050,5,683.0,0.8743523316062176,5675.0,1.653333333333333,9.0,173.1266666666667,40.0,1.5859030837004406
edf28,IMG_16,6051.0,4355.0,362.91666666666674,12.0,926.4083333333333,681.3916666666668,4531.0,2923,5,1214.0,0.6451114544250717,6051.0,1.649230769230769,13.0,122.84846153846155,44.153846153846146,2.1484052222773093
edf28,IMG_17,5747.0,3583.0,298.5833333333333,12.0,1023.6416666666668,439.23333333333335,4020.0,4020,1,755.0,1.0,5747.0,1.261666666666667,12.0,115.39083333333332,81.0,2.088045937010614
edf28,IMG_18,5787.0,3049.0,179.3529411764706,17.0,941.7352941176473,538.6235294117648,3313.0,2944,8,1182.0,0.8886205855719891,5787.0,2.998333333333333,18.0,117.67777777777776,97.66666666666669,3.1104199066874028
edf29,IMG_01,5916.0,4374.0,364.5,12.0,974.8666666666667,526.8583333333332,4597.0,4211,5,923.0,0.9160321949097238,5916.0,2.7783333333333333,12.0,82.2516666666667,33.0,2.028397565922921
edf29,IMG_02,6092.0,4510.0,501.11111111111114,9.0,1055.8555555555556,428.13333333333327,4699.0,4510,4,1310.0,0.9597786763141094,6092.0,2.5133333333333336,9.0,78.0311111111111,32.666666666666664,1.4773473407747868
edf29,IMG_03,5849.0,4539.0,567.375,8.0,889.8499999999998,543.9875000000002,4741.0,3421,3,858.0,0.7215777262180975,5849.0,2.7425,8.0,81.99125000000002,31.25,1.367755171824243
edf29,IMG_04,6072.0,4476.0,639.4285714285714,7.0,986.9142857142856,515.8285714285714,4719.0,4719,3,1079.0,1.0,6072.0,3.5028571428571427,7.0,90.06999999999998,39.142857142857146,1.152832674571805
edf29,IMG_05,5676.0,4340.0,310.0,14.0,939.3857142857142,486.03571428571416,4535.0,2987,5,683.0,0.6586549062844542,5676.0,2.9857142857142853,14.0,80.39928571428571,32.714285714285715,2.466525722339676
edf29,IMG_06,5760.0,4410.0,441.0,10.0,985.49,536.72,4693.0,4281,3,767.0,0.9122096739825272,5760.0,2.1700000000000004,10.0,75.184,30.0,1.7361111111111112
edf29,IMG_07,5734.0,4352.0,395.6363636363636,11.0,893.227272727273,489.14545454545464,4583.0,4373,5,761.0,0.9541784857080516,5734.0,3.8209090909090913,11.0,95.73727272727272,35.45454545454545,1.918381583536798
edf29,IMG_08,5994.0,4434.0,403.09090909090907,11.0,892.5363636363637,422.71818181818185,4662.0,4662,6,1002.0,1.0,5994.0,2.3227272727272728,11.0,77.29545454545456,30.0,1.8351685018351689
edf29,IMG_09,5768.0,4396.0,399.6363636363636,11.0,1012.9545454545456,516.6636363636363,4648.0,4648,3,776.0,1.0,5768.0,2.4654545454545453,11.0,74.04454545454547,31.272727272727273,1.9070735090152569
edf29,IMG_10,5776.0,4354.0,483.77777777777777,9.0,920.5111111111113,485.4333333333333,4675.0,4675,5,785.0,1.0,5776.0,2.738888888888889,9.0,78.02888888888889,35.111111111111114,1.558171745152355
edf29,IMG_11,5875.0,4359.0,363.25,12.0,942.6916666666666,622.2,4570.0,3135,3,1122.0,0.6859956236323851,5875.0,3.3491666666666657,12.0,83.22583333333333,35.333333333333336,2.042553191489361
edf29,IMG_12,5912.0,4328.0,288.53333333333336,15.0,1117.8133333333335,517.2066666666667,4507.0,3357,4,919.0,0.7448413578877302,5912.0,3.126666666666667,15.0,88.08066666666667,32.4,2.537212449255751
edf29,IMG_13,5876.0,4446.0,404.1818181818182,11.0,1004.9181818181821,706.1727272727272,4637.0,4251,4,883.0,0.9167565236144058,5876.0,3.171818181818182,11.0,94.62818181818184,32.36363636363637,1.8720217835262083
edf29,IMG_14,5781.0,4165.0,277.6666666666667,15.0,942.5600000000003,557.4599999999998,4366.0,3987,4,787.0,0.91319285387082,5781.0,4.882666666666667,15.0,106.86,41.86666666666667,2.5947067981318117
edf29,IMG_15,5884.0,4458.0,445.8,10.0,934.7,530.43,4719.0,4719,3,891.0,1.0,5884.0,1.7790000000000004,10.0,63.86300000000002,27.4,1.6995241332426918
edf29,IMG_16,6083.0,4497.0,449.7,10.0,949.68,651.6300000000001,4659.0,2977,5,1286.0,0.638978321528225,6083.0,3.489,10.0,101.85600000000001,33.4,1.6439256945586058
edf29,IMG_17,5761.0,4365.0,436.5,10.0,1061.23,544.3999999999999,4573.0,4573,4,890.0,1.0,5761.0,2.4681818181818183,11.0,100.26818181818182,39.09090909090909,1.9093907307759068
edf29,IMG_18,5679.0,4507.0,450.7,10.0,1008.1999999999997,597.13,4665.0,4665,3,686.0,1.0,5679.0,2.918,10.0,80.04499999999999,32.8,1.7608733932030287
edf30,IMG_01,5725.0,4255.0,327.3076923076923,13.0,814.5461538461539,504.41538461538477,4471.0,4471,6,734.0,1.0,5725.0,2.7469230769230766,13.0,85.35153846153845,40.0,2.2707423580786026
edf30,IMG_02,5850.0,4456.0,495.11111111111114,9.0,933.3444444444444,412.7333333333333,4719.0,4719,5,859.0,1.0,5850.0,2.53,9.0,75.69222222222223,30.222222222222218,1.5384615384615383
edf30,IMG_03,5822.0,4530.0,503.33333333333326,9.0,863.1333333333333,467.58888888888885,4741.0,4741,6,829.0,1.0,5822.0,1.7744444444444445,9.0,64.35,28.0,1.5458605290278256
edf30,IMG_04,5733.0,4059.0,193.28571428571428,21.0,865.1380952380953,452.99523809523805,4255.0,4099,9,740.0,0.9633372502937719,5733.0,2.376190476190476,21.0,87.50333333333334,35.142857142857146,3.6630036630036633
edf30,IMG_05,5778.0,4462.0,405.6363636363636,11.0,999.0363636363637,342.97272727272724,4707.0,4707,5,785.0,1.0,5778.0,1.6536363636363638,11.0,60.55818181818183,26.0,1.9037729318103151
edf30,IMG_06,6130.0,4332.0,541.5,8.0,958.8,539.9875,4490.0,4332,3,1322.0,0.9648106904231626,6130.0,2.1611111111111105,9.0,168.19555555555556,57.77777777777778,1.4681892332789561
edf30,IMG_07,5815.0,3959.0,263.93333333333334,15.0,988.1533333333333,463.4333333333333,4221.0,4221,3,822.0,1.0,5815.0,2.478,15.0,105.19133333333336,51.46666666666667,2.5795356835769563
edf30,IMG_08,6020.0,3986.0,249.125,16.0,880.6125,492.46875,4290.0,4290,7,1028.0,1.0,6020.0,2.16,16.0,98.97125,43.875,2.6578073089701
edf30,IMG_09,6046.0,3972.0,496.5,8.0,967.6375,415.925,4222.0,4222,4,1054.0,1.0,6046.0,1.4662499999999998,8.0,145.46499999999997,96.25,1.3231888852133642
edf30,IMG_10,5952.0,4308.0,253.41176470588238,17.0,944.4941176470587,455.6941176470589,4458.0,4458,11,960.0,1.0,5952.0,1.9605882352941173,17.0,97.11470588235294,31.411764705882355,2.8561827956989245
edf30,IMG_11,5868.0,4162.0,320.15384615384613,13.0,895.0923076923077,673.2230769230769,4326.0,2694,3,1140.0,0.6227461858529819,5868.0,2.018571428571428,14.0,86.60142857142857,48.714285714285715,2.385821404226312
edf30,IMG_12,5892.0,4322.0,360.16666666666674,12.0,910.2166666666667,308.51666666666665,4572.0,4322,8,1178.0,0.9453193350831146,5892.0,3.1208333333333336,12.0,81.86583333333333,35.0,2.0366598778004072
edf30,IMG_13,5683.0,3973.0,397.3,10.0,959.15,618.99,4140.0,3260,4,691.0,0.7874396135265701,5683.0,1.9519999999999995,10.0,151.84300000000005,85.2,1.7596339961288052
edf30,IMG_14,5955.0,4031.0,237.11764705882354,17.0,908.3176470588237,511.05294117647065,4232.0,3892,6,963.0,0.9196597353497163,5955.0,4.275294117647058,17.0,112.15411764705885,44.70588235294117,2.8547439126784213
edf30,IMG_15,6118.0,4382.0,486.88888888888886,9.0,906.4666666666667,428.31111111111113,4601.0,4299,5,1127.0,0.9343620951966964,6118.0,1.5922222222222218,9.0,130.85555555555553,43.33333333333334,1.4710689767898004
edf30,IMG_16,6040.0,4154.0,259.625,16.0,828.80625,550.73125,4382.0,2696,4,1306.0,0.6152441807393884,6040.0,2.166875,16.0,98.41625,38.125,2.6490066225165565
edf30,IMG_17,6130.0,4136.0,827.2,5.0,970.2,388.62,4819.0,4819,1,1137.0,1.0,6130.0,0.922,5.0,58.742,34.8,0.8156606851549756
edf30,IMG_18,5787.0,4087.0,255.4375,16.0,943.2375,520.58125,4278.0,4278,9,795.0,1.0,5787.0,3.421875,16.0,113.5,44.625,2.7648176948332472
edf31,IMG_01,6006.0,4120.0,242.35294117647058,17.0,814.1352941176469,533.5176470588236,4349.0,4349,4,1013.0,1.0,6006.0,1.8747058823529408,17.0,69.43823529411765,37.882352941176464,2.8305028305028306
edf31,IMG_02,6007.0,3755.0,187.75,20.0,1063.665,500.95499999999987,3919.0,3919,3,1014.0,1.0,6007.0,2.016,20.0,112.061,53.7,3.32944897619444
edf31,IMG_03,5807.0,4261.0,236.72222222222226,18.0,810.661111111111,674.5111111111112,4510.0,3341,4,815.0,0.7407982261640799,5807.0,1.8794444444444447,18.0,61.92777777777778,26.777777777777782,3.0997072498708453
edf31,IMG_04,6082.0,4238.0,223.05263157894737,19.0,833.0894736842107,586.4842105263158,4472.0,4472,7,1090.0,1.0,6082.0,2.0642105263157893,19.0,65.04684210526315,27.36842105263158,3.123972377507399
edf31,IMG_05,5955.0,4311.0,431.1,10.0,1025.56,376.49,4588.0,4588,3,963.0,1.0,5955.0,1.505,10.0,139.208,40.4,1.6792611251049538
edf31,IMG_06,5769.0,4011.0,364.6363636363636,11.0,928.5,698.490909090909,4368.0,4368,3,777.0,1.0,5769.0,1.8481818181818181,11.0,177.75272727272733,56.72727272727273,1.9067429363841217
edf31,IMG_07,5911.0,4229.0,302.07142857142856,14.0,1019.8071428571428,331.2357142857142,4371.0,4371,3,960.0,1.0,5911.0,1.2946666666666666,15.0,127.89466666666668,47.06666666666667,2.537641684994079
edf31,IMG_08,5720.0,4186.0,261.625,16.0,914.8375,515.90625,4313.0,4313,3,727.0,1.0,5720.0,1.703125,16.0,105.92125,42.5,2.797202797202797
edf31,IMG_09,5678.0,4326.0,309.0,14.0,989.0142857142856,600.9357142857143,4484.0,4224,5,686.0,0.9420160570918824,5678.0,1.1071428571428572,14.0,79.405,36.285714285714285,2.4656569214512154
edf31,IMG_10,6026.0,4194.0,299.57142857142856,14.0,940.05,493.70714285714274,4319.0,4319,3,1033.0,1.0,6026.0,2.188571428571428,14.0,123.03071428571428,48.14285714285714,2.3232658479920345
edf31,IMG_11,6117.0,4130.0,206.5,20.0,846.665,661.445,4301.0,3110,5,1490.0,0.7230876540339456,6117.0,1.8428571428571427,21.0,82.72142857142858,33.8095238095238,3.433055419323197
edf31,IMG_12,5780.0,4116.0,294.0,14.0,908.2571428571428,489.9,4368.0,3138,4,1234.0,0.7184065934065934,5780.0,2.6871428571428564,14.0,111.38714285714285,44.57142857142857,2.4221453287197234
edf31,IMG_13,5975.0,4373.0,312.35714285714283,14.0,1049.1142857142856,746.5571428571429,4612.0,3767,4,983.0,0.8167823070251518,5975.0,1.6449999999999998,14.0,62.45285714285715,27.142857142857146,2.343096234309624
edf31,IMG_14,6070.0,4198.0,299.85714285714283,14.0,952.6142857142855,490.9714285714286,4408.0,4408,3,1078.0,1.0,6070.0,2.4219999999999997,15.0,87.34266666666666,40.13333333333333,2.4711696869851734
edf31,IMG_15,5940.0,4180.0,380.0,11.0,969.9636363636363,595.7818181818183,4456.0,4108,4,1030.0,0.9219030520646321,5940.0,1.6416666666666668,12.0,126.50083333333336,49.5,2.02020202020202
edf31,IMG_16,5710.0,4282.0,329.38461538461536,13.0,893.0076923076923,666.6461538461538,4586.0,3262,4,754.0,0.7112952464020933,5710.0,1.945714285714286,14.0,75.74857142857142,34.285714285714285,2.4518388791593697
edf31,IMG_17,6024.0,4166.0,297.57142857142856,14.0,952.1,615.0,4472.0,4076,4,1032.0,0.9114490161001788,6024.0,1.6935714285714287,14.0,105.59142857142857,37.142857142857146,2.3240371845949537
edf31,IMG_18,5897.0,4413.0,441.3,10.0,962.7000000000003,680.4599999999998,4657.0,4657,4,906.0,1.0,5897.0,2.761,10.0,74.95100000000001,33.4,1.6957775139901643
edf32,IMG_01,5910.0,4204.0,221.26315789473685,19.0,866.3894736842103,526.0631578947368,4430.0,4192,5,918.0,0.94627539503386,5910.0,2.5826315789473684,19.0,76.57368421052631,29.578947368421048,3.214890016920473
edf32,IMG_02,6067.0,4272.0,388.3636363636364,11.0,1114.7363636363634,529.3272727272728,4464.0,4272,2,1292.0,0.956989247311828,6067.0,2.8774999999999995,12.0,117.91250000000002,45.66666666666666,1.9779133014669523
edf32,IMG_03,5765.0,4167.0,277.8,15.0,935.8333333333333,583.2666666666668,4367.0,3595,5,940.0,0.8232196015571329,5765.0,2.7700000000000005,16.0,126.27875,41.625,2.7753686036426712
edf32,IMG_04,5874.0,4268.0,284.53333333333336,15.0,919.3933333333333,589.2733333333333,4526.0,4526,6,882.0,1.0,5874.0,3.022,15.0,88.43400000000003,31.066666666666666,2.5536261491317678
edf32,IMG_05,6007.0,4361.0,363.41666666666674,12.0,972.5666666666666,458.10833333333335,4645.0,4327,3,1014.0,0.9315392895586652,6007.0,2.585833333333333,12.0,76.67083333333333,29.0,1.9976693857166643
edf32,IMG_06,6050.0,4500.0,642.8571428571429,7.0,935.2714285714284,605.9285714285714,4769.0,4769,3,1057.0,1.0,6050.0,2.31625,8.0,70.37374999999999,29.5,1.3223140495867771
edf32,IMG_07,5693.0,4441.0,403.7272727272728,11.0,871.5363636363637,372.46363636363634,4652.0,4199,5,701.0,0.90262252794497,5693.0,3.0272727272727282,11.0,85.29272727272728,30.90909090909091,1.9321974354470404
edf32,IMG_08,5907.0,4359.0,272.4375,16.0,922.43125,488.9187500000001,4555.0,4555,5,914.0,1.0,5907.0,2.248125,16.0,72.6025,27.375,2.7086507533434907
edf32,IMG_09,5935.0,4321.0,270.0625,16.0,963.71875,496.94375,4551.0,4197,5,944.0,0.922214897824654,5935.0,2.138125,16.0,68.739375,27.5,2.695871946082561
edf32,IMG_10,5677.0,4359.0,544.875,8.0,894.875,475.5625,4771.0,4771,6,686.0,1.0,5677.0,2.2225,8.0,77.1525,27.5,1.4091949973577595
edf32,IMG_11,5995.0,4421.0,368.41666666666674,12.0,882.0166666666668,546.7916666666666,4639.0,3579,4,1252.0,0.7715024789825393,5995.0,2.5391666666666666,12.0,76.02583333333331,29.5,2.001668056713928
edf32,IMG_12,6042.0,4092.0,186.0,22.0,1041.4136363636362,487.4727272727272,4242.0,2906,8,1230.0,0.6850542197076851,6042.0,3.6640909090909086,22.0,98.38227272727272,34.09090909090909,3.6411784177424695
edf32,IMG_13,6060.0,4216.0,301.14285714285717,14.0,914.1714285714287,681.6357142857142,4442.0,4176,4,1068.0,0.940117064385412,6060.0,2.07,14.0,125.9292857142857,39.285714285714285,2.31023102310231
edf32,IMG_14,5930.0,4320.0,332.3076923076923,13.0,980.9692307692306,674.8000000000002,4566.0,4400,3,938.0,0.9636443276390714,5930.0,3.3669230769230767,13.0,87.33538461538461,32.769230769230774,2.1922428330522767
edf32,IMG_15,5799.0,4441.0,403.7272727272728,11.0,934.7,585.0909090909091,4684.0,4052,4,807.0,0.8650725875320239,5799.0,2.1372727272727268,11.0,71.3918181818182,28.0,1.896878772202104
edf32,IMG_16,6048.0,4396.0,338.15384615384613,13.0,974.3923076923076,716.4846153846155,4623.0,2078,5,1310.0,0.44949167207441054,6048.0,2.2561538461538464,13.0,72.63384615384616,28.461538461538463,2.1494708994708995
edf32,IMG_17,5706.0,4112.0,216.421052631579,19.0,988.0578947368421,653.9263157894737,4406.0,4152,7,714.0,0.9423513390830686,5706.0,2.755,20.0,83.06199999999998,30.2,3.5050823694356814
edf32,IMG_18,5704.0,4444.0,404.0,11.0,966.3454545454547,758.4818181818181,4645.0,4645,4,711.0,1.0,5704.0,3.2381818181818183,11.0,86.16272727272727,31.63636363636364,1.9284712482468445
edf33,IMG_01,6084.0,3806.0,292.76923076923083,13.0,903.0153846153846,540.6230769230771,4066.0,4066,7,1092.0,1.0,6084.0,4.266153846153847,13.0,110.3623076923077,71.23076923076924,2.1367521367521367
edf33,IMG_02,5938.0,4400.0,366.66666666666674,12.0,1134.3916666666667,474.23333333333335,4648.0,4442,3,946.0,0.9556798623063684,5938.0,2.1966666666666668,12.0,69.625,28.66666666666667,2.020882452004042
edf33,IMG_03,5797.0,4338.0,394.3636363636364,11.0,965.3090909090907,542.9,4607.0,3827,5,805.0,0.8306924245713045,5797.0,3.4627272727272724,11.0,95.65636363636364,35.09090909090909,1.89753320683112
edf33,IMG_04,6125.0,3753.0,312.75,12.0,871.0083333333333,554.8166666666667,3999.0,3999,7,1132.0,1.0,6125.0,4.762499999999998,12.0,114.87416666666664,82.83333333333333,1.959183673469388
edf33,IMG_05,5665.0,4403.0,366.91666666666674,12.0,986.5416666666665,435.05,4602.0,4602,4,673.0,1.0,5665.0,2.845,12.0,82.44749999999998,32.5,2.118270079435128
edf33,IMG_06,5676.0,3918.0,391.8,10.0,981.08,504.12,4193.0,3068,4,1142.0,0.7316956832816599,5676.0,2.95,11.0,100.58636363636364,74.54545454545455,1.937984496124031
edf33,IMG_07,5943.0,4155.0,296.7857142857143,14.0,851.6428571428571,382.95714285714286,4385.0,4093,4,950.0,0.9334093500570124,5943.0,2.4914285714285715,14.0,78.9092857142857,43.42857142857143,2.3557126030624267
edf33,IMG_08,5908.0,4100.0,512.5,8.0,877.1,434.4,4336.0,4336,3,916.0,1.0,5908.0,1.97,8.0,104.6725,82.0,1.3540961408259986
edf33,IMG_09,5859.0,4212.0,351.0,12.0,1011.2833333333334,487.5083333333334,4426.0,4426,6,866.0,1.0,5859.0,2.433076923076923,13.0,78.66230769230769,45.07692307692307,2.218808670421573
edf33,IMG_10,5873.0,4297.0,429.7,10.0,906.75,524.73,4504.0,4504,5,881.0,1.0,5873.0,2.22,10.0,81.334,48.8,1.7027073046143368
edf33,IMG_11,5804.0,4196.0,466.22222222222223,9.0,904.6333333333333,426.6222222222222,4508.0,3758,4,1156.0,0.8336291038154392,5804.0,3.27,9.0,97.54888888888887,53.77777777777778,1.5506547208821502
edf33,IMG_12,6025.0,4259.0,283.93333333333334,15.0,1004.26,441.92,4479.0,3547,4,1496.0,0.7919178388033044,6025.0,3.068,15.0,85.08600000000001,34.4,2.489626556016597
edf33,IMG_13,5639.0,3753.0,312.75,12.0,947.4916666666667,637.975,3933.0,2789,5,646.0,0.7091278921942538,5639.0,2.5033333333333334,12.0,110.455,88.33333333333331,2.12803688597269
edf33,IMG_14,6080.0,4210.0,382.7272727272728,11.0,935.8909090909093,446.77272727272725,4462.0,4462,5,1088.0,1.0,6080.0,3.079090909090909,11.0,92.48545454545454,48.18181818181818,1.8092105263157892
edf33,IMG_15,5939.0,4393.0,366.08333333333326,12.0,919.875,499.52500000000015,4627.0,3033,5,946.0,0.6555003241841366,5939.0,2.4291666666666667,12.0,78.03833333333333,30.5,2.0205421788179834
edf33,IMG_16,5757.0,4049.0,368.09090909090907,11.0,872.8818181818183,687.9909090909091,4308.0,1876,4,1052.0,0.43546889507892295,5757.0,3.158181818181818,11.0,103.08363636363636,62.18181818181818,1.9107173875282264
edf33,IMG_17,5719.0,4409.0,440.9,10.0,1037.75,533.1600000000002,4481.0,4481,5,726.0,1.0,5719.0,2.852,10.0,82.93700000000003,51.2,1.7485574401119075
edf33,IMG_18,5771.0,4377.0,364.75,12.0,978.0583333333333,564.6666666666666,4411.0,3965,4,778.0,0.8988891407844026,5771.0,2.8416666666666663,12.0,85.0975,48.5,2.0793623288858085
edf34,IMG_01,6092.0,3940.0,246.25,16.0,969.3125,515.01875,4117.0,3953,4,1099.0,0.960165168812242,6092.0,3.69375,16.0,131.44125,54.75,2.6263952724885096
edf34,IMG_02,6032.0,4008.0,286.2857142857143,14.0,935.2214285714286,479.54999999999984,4161.0,3678,5,1220.0,0.8839221341023792,6032.0,2.9085714285714284,14.0,117.04785714285715,59.42857142857143,2.3209549071618043
edf34,IMG_03,5740.0,4002.0,210.63157894736838,19.0,913.8947368421054,595.4684210526316,4222.0,3128,6,748.0,0.7408810990052108,5740.0,2.9625000000000004,20.0,102.124,39.4,3.484320557491289
edf34,IMG_04,5648.0,3632.0,213.64705882352942,17.0,906.1117647058824,504.68235294117653,3812.0,3812,7,756.0,1.0,5648.0,4.287894736842105,19.0,130.27736842105259,73.47368421052632,3.3640226628895187
edf34,IMG_05,5868.0,4112.0,257.0,16.0,920.16875,461.86875,4250.0,3766,7,876.0,0.8861176470588236,5868.0,3.758125,16.0,119.865,46.375,2.7266530334015
edf34,IMG_06,5879.0,3209.0,213.9333333333333,15.0,963.0133333333333,466.1333333333334,3519.0,3209,6,1316.0,0.911906791702188,5879.0,2.5681249999999998,16.0,206.254375,100.0,2.7215512842320124
edf34,IMG_07,5819.0,3798.0,172.63636363636363,22.0,937.3954545454544,415.57727272727277,3925.0,3925,10,827.0,1.0,5819.0,4.478695652173913,23.0,120.5113043478261,47.21739130434783,3.9525691699604737
edf34,IMG_08,5890.0,3834.0,273.85714285714283,14.0,874.2142857142858,457.65714285714284,3966.0,3966,5,898.0,1.0,5890.0,2.5364285714285715,14.0,139.00714285714284,73.28571428571429,2.3769100169779294
edf34,IMG_09,5792.0,3606.0,225.375,16.0,975.5812500000003,456.11875,3770.0,3534,7,800.0,0.9374005305039788,5792.0,1.90125,16.0,134.10437499999998,76.375,2.7624309392265194
edf34,IMG_10,5659.0,3663.0,305.25,12.0,908.0583333333334,455.68333333333334,3809.0,3809,12,666.0,1.0,5659.0,1.9116666666666664,12.0,144.3783333333334,98.66666666666669,2.120515992224775
edf34,IMG_11,5780.0,3764.0,198.10526315789474,19.0,925.3631578947368,520.0473684210526,3953.0,2402,7,1008.0,0.6076397672653681,5780.0,3.172105263157895,19.0,115.41263157894736,54.73684210526316,3.2871972318339098
edf34,IMG_12,5990.0,3828.0,225.17647058823533,17.0,1053.8705882352942,487.02352941176486,3973.0,3358,7,1356.0,0.8452051346589479,5990.0,4.234705882352942,17.0,134.97117647058823,60.0,2.8380634390651083
edf34,IMG_13,5731.0,3607.0,225.4375,16.0,869.01875,683.2,3801.0,2992,5,738.0,0.7871612733491187,5731.0,3.486875,16.0,128.16562499999998,74.5,2.7918338858837903
edf34,IMG_14,6079.0,4032.0,237.17647058823533,17.0,850.9294117647058,559.4411764705883,4214.0,3856,3,1086.0,0.9150450878025628,6079.0,3.78,17.0,157.40888888888892,44.33333333333334,2.7965125843066296
edf34,IMG_15,6027.0,4091.0,292.2142857142857,14.0,907.0714285714287,487.31428571428575,4221.0,4019,10,1036.0,0.9521440416962804,6027.0,2.6342857142857143,14.0,112.06714285714285,55.0,2.3228803716608595
edf34,IMG_16,6033.0,3643.0,214.29411764705884,17.0,954.6294117647058,690.3176470588236,3815.0,3065,7,1252.0,0.8034076015727392,6033.0,3.272941176470588,17.0,130.74411764705886,69.17647058823529,2.8178352395159956
edf34,IMG_17,5995.0,3403.0,261.76923076923083,13.0,994.8384615384616,509.66153846153844,3611.0,3611,5,1168.0,1.0,5995.0,3.170714285714286,14.0,165.08642857142857,105.28571428571428,2.335279399499583
edf34,IMG_18,6011.0,4002.0,307.84615384615387,13.0,980.1846153846153,615.1,4150.0,4150,5,1018.0,1.0,6011.0,3.3030769230769232,13.0,125.64785714285713,61.14285714285714,2.162701713525204
edf35,IMG_01,6063.0,3801.0,316.75,12.0,862.6750000000002,444.80833333333334,4017.0,4017,5,1070.0,1.0,6063.0,2.6333333333333333,12.0,190.43666666666664,81.33333333333333,1.9792182088075208
edf35,IMG_02,5963.0,4230.0,423.0,10.0,1071.15,509.04,4398.0,4036,4,970.0,0.9176898590268304,5963.0,3.3790909090909085,11.0,140.67454545454547,55.09090909090909,1.8447090390742915
edf35,IMG_03,6100.0,3704.0,336.72727272727275,11.0,797.3636363636364,640.1727272727272,3950.0,3784,5,1108.0,0.9579746835443038,6100.0,2.9627272727272733,11.0,176.40454545454548,94.72727272727272,1.8032786885245904
edf35,IMG_04,5829.0,3662.0,523.1428571428571,7.0,780.742857142857,456.11428571428576,3923.0,3923,2,837.0,1.0,5829.0,1.61,8.0,172.18625,135.0,1.372448104306056
edf35,IMG_05,5966.0,3720.0,413.33333333333326,9.0,1026.3777777777775,366.73333333333335,3877.0,3657,4,973.0,0.9432550941449576,5966.0,2.5033333333333334,9.0,321.9611111111111,124.0,1.5085484411666108
edf35,IMG_06,5788.0,4248.0,424.8,10.0,964.9,556.5699999999998,4395.0,4395,6,795.0,1.0,5788.0,3.2510000000000003,10.0,158.11899999999997,59.8,1.7277125086385623
edf35,IMG_07,5677.0,4105.0,293.2142857142857,14.0,970.8857142857145,427.84285714285693,4119.0,3905,5,684.0,0.948045642146152,5677.0,3.3321428571428564,14.0,155.57428571428568,62.42857142857143,2.466091245376079
edf35,IMG_08,5739.0,4019.0,365.3636363636364,11.0,913.3545454545456,488.8454545454546,4170.0,4170,5,747.0,1.0,5739.0,1.8236363636363635,11.0,175.6518181818182,74.72727272727273,1.9167102282627635
edf35,IMG_09,5863.0,3599.0,359.9,10.0,922.99,478.46,3836.0,3836,3,871.0,1.0,5863.0,1.22,10.0,272.56499999999994,115.6,1.7056114617090226
edf35,IMG_10,5699.0,3660.0,406.66666666666674,9.0,945.7,477.76666666666665,3852.0,3852,5,706.0,1.0,5699.0,1.0739999999999998,10.0,288.072,116.0,1.7546938059308652
edf35,IMG_11,5651.0,3833.0,319.4166666666667,12.0,829.7083333333335,528.1333333333333,4029.0,3833,6,882.0,0.9513526929759244,5651.0,3.186666666666667,12.0,153.61083333333332,80.33333333333333,2.123517961422757
edf35,IMG_12,6060.0,3690.0,369.0,10.0,1036.67,348.4,3872.0,3690,3,1290.0,0.9529958677685949,6060.0,2.3409999999999997,10.0,252.99599999999998,112.0,1.6501650165016504
edf35,IMG_13,6004.0,4076.0,452.88888888888886,9.0,955.5111111111113,616.0666666666666,4240.0,4240,3,1012.0,1.0,6004.0,2.2344444444444447,9.0,184.74222222222224,83.55555555555556,1.4990006662225184
edf35,IMG_14,6076.0,3742.0,311.8333333333333,12.0,974.75,423.85833333333335,3904.0,3666,6,1084.0,0.9390368852459016,6076.0,3.833333333333334,12.0,188.47916666666663,90.66666666666669,1.9749835418038184
edf35,IMG_15,5848.0,3360.0,224.0,15.0,948.7333333333332,565.86,3401.0,2947,7,857.0,0.8665098500441046,5848.0,2.456666666666666,15.0,248.37133333333333,106.0,2.5649794801641588
edf35,IMG_16,6080.0,3938.0,393.8,10.0,886.1399999999996,611.0,4084.0,3374,6,1274.0,0.82615083251714,6080.0,3.8990000000000014,10.0,188.107,90.8,1.6447368421052633
edf35,IMG_17,5775.0,3827.0,382.7,10.0,1018.0,513.7900000000002,4232.0,4232,5,783.0,1.0,5775.0,2.894,10.0,179.051,76.0,1.7316017316017316
edf35,IMG_18,6053.0,3817.0,381.7,10.0,962.63,472.2,3978.0,3817,6,1258.0,0.9595274007038712,6053.0,4.2200000000000015,10.0,231.47099999999998,101.4,1.6520733520568314
edf36,IMG_01,5705.0,4237.0,529.625,8.0,907.55,409.2,4513.0,4513,4,712.0,1.0,5705.0,3.29875,8.0,116.57125000000002,60.0,1.4022787028922001
edf36,IMG_02,5936.0,4262.0,426.2,10.0,1066.6799999999996,462.17,4506.0,4262,3,1224.0,0.945849977807368,5936.0,2.7439999999999998,10.0,116.73899999999999,48.6,1.6846361185983827
edf36,IMG_03,5736.0,4554.0,759.0,6.0,823.6666666666665,642.5500000000002,4786.0,4786,4,744.0,1.0,5736.0,3.388333333333333,6.0,95.52166666666666,34.333333333333336,1.0460251046025104
edf36,IMG_04,5864.0,4182.0,380.1818181818182,11.0,856.3727272727272,537.6545454545455,4418.0,3670,6,872.0,0.8306926210955183,5864.0,3.1354545454545457,11.0,117.26454545454544,52.18181818181818,1.8758526603001364
edf36,IMG_05,5936.0,4438.0,554.75,8.0,1034.0,405.2,4483.0,4438,4,1004.0,0.9899620789649788,5936.0,2.95375,8.0,191.87625,63.75,1.3477088948787062
edf36,IMG_06,6132.0,4496.0,562.0,8.0,959.3875,571.95,4751.0,4751,4,1139.0,1.0,6132.0,2.38625,8.0,73.51,30.25,1.3046314416177431
edf36,IMG_07,5813.0,4495.0,408.6363636363636,11.0,898.0909090909092,535.9181818181819,4547.0,4547,5,820.0,1.0,5813.0,3.6709090909090905,11.0,113.36454545454544,40.54545454545455,1.8923103388955789
edf36,IMG_08,5952.0,4346.0,543.25,8.0,913.1375,521.7249999999998,4624.0,4624,2,960.0,1.0,5952.0,1.8875,8.0,94.36374999999998,46.0,1.3440860215053765
edf36,IMG_09,5952.0,4272.0,534.0,8.0,941.9125,513.3625,4500.0,4500,3,960.0,1.0,5952.0,2.2555555555555555,9.0,113.43111111111112,56.22222222222222,1.5120967741935485
edf36,IMG_10,6107.0,4199.0,381.7272727272728,11.0,976.2909090909093,516.1999999999998,4521.0,4521,5,1114.0,1.0,6107.0,4.02090909090909,11.0,122.91818181818181,42.90909090909091,1.8012117242508596
edf36,IMG_11,6074.0,4246.0,424.6,10.0,878.4200000000002,545.2900000000002,4499.0,3766,4,1368.0,0.8370749055345632,6074.0,3.178,10.0,105.92,49.4,1.6463615409944024
edf36,IMG_12,5768.0,4414.0,490.4444444444445,9.0,995.577777777778,421.1555555555556,4681.0,4414,5,1082.0,0.9429609057893612,5768.0,3.661111111111112,9.0,99.1822222222222,34.666666666666664,1.5603328710124826
edf36,IMG_13,5738.0,4416.0,441.6,10.0,913.43,717.44,4680.0,3864,3,746.0,0.8256410256410256,5738.0,2.503,10.0,77.223,31.2,1.7427675148135238
edf36,IMG_14,,,,,,,4993.0,4993,1,1039.0,1.0,,,,,,
edf36,IMG_15,5882.0,4200.0,525.0,8.0,910.025,533.0,4597.0,3615,4,889.0,0.7863824233195562,5882.0,2.5625,8.0,96.75,49.5,1.3600816048962938
edf36,IMG_16,5781.0,4311.0,479.0,9.0,969.9666666666667,683.7555555555557,4697.0,4193,4,788.0,0.8926974664679582,5781.0,3.015555555555556,9.0,86.36777777777776,32.888888888888886,1.5568240788790868
edf36,IMG_17,5905.0,4373.0,728.8333333333335,6.0,1010.4166666666665,599.65,4700.0,4700,4,913.0,1.0,5905.0,2.983333333333333,6.0,114.01999999999998,48.66666666666666,1.0160880609652836
edf36,IMG_18,5710.0,4524.0,1131.0,4.0,988.55,617.125,4827.0,4524,3,1056.0,0.937228091982598,5710.0,5.7475,4.0,137.29500000000002,41.5,0.7005253940455342
edf37,IMG_01,5786.0,4200.0,280.0,15.0,926.3466666666667,591.78,4378.0,4378,6,794.0,1.0,5786.0,4.4137499999999985,16.0,102.01625,39.0,2.7652955409609405
edf37,IMG_02,5933.0,4183.0,418.3,10.0,987.18,418.29,4432.0,4432,5,941.0,1.0,5933.0,3.694,10.0,93.185,56.0,1.6854879487611665
edf37,IMG_03,5937.0,3971.0,220.61111111111111,18.0,823.9722222222223,584.1055555555556,4158.0,3764,7,945.0,0.9052429052429052,5937.0,3.4600000000000004,18.0,90.87833333333332,46.33333333333334,3.031834259727135
edf37,IMG_04,6119.0,4419.0,339.92307692307685,13.0,873.7692307692306,468.0615384615384,4582.0,4446,4,1127.0,0.9703186381492798,6119.0,3.1369230769230767,13.0,84.08384615384615,31.538461538461537,2.1245301519856192
edf37,IMG_05,5741.0,4273.0,267.0625,16.0,1005.35,384.85625,4474.0,4166,7,749.0,0.9311578006258382,5741.0,3.0,16.0,83.87312499999999,32.375,2.7869709109911165
edf37,IMG_06,5760.0,4442.0,341.6923076923077,13.0,898.4846153846155,531.2846153846153,4576.0,4538,7,768.0,0.9916958041958042,5760.0,2.9923076923076923,13.0,81.82384615384616,32.0,2.2569444444444446
edf37,IMG_07,5765.0,4267.0,304.7857142857143,14.0,935.5642857142856,343.7571428571428,4475.0,4475,5,802.0,1.0,5765.0,3.8164285714285713,14.0,97.41357142857142,34.857142857142854,2.4284475281873377
edf37,IMG_08,5927.0,4279.0,329.15384615384613,13.0,858.8230769230769,397.84615384615387,4413.0,4413,10,934.0,1.0,5927.0,3.074615384615385,13.0,94.42384615384616,44.615384615384606,2.193352454867556
edf37,IMG_09,5906.0,4264.0,304.57142857142856,14.0,977.8928571428571,389.41428571428565,4416.0,3880,7,1118.0,0.8786231884057971,5906.0,2.076,15.0,78.03266666666669,39.06666666666667,2.5397900440230274
edf37,IMG_10,5772.0,4258.0,212.9,20.0,950.7900000000003,519.0600000000002,4404.0,4092,7,780.0,0.9291553133514986,5772.0,2.6325000000000003,20.0,78.46349999999998,29.4,3.465003465003465
edf37,IMG_11,5641.0,4319.0,431.9,10.0,861.4900000000001,544.6,4331.0,3463,5,648.0,0.7995843915954745,5641.0,4.008,10.0,218.99400000000003,66.2,1.7727353306151392
edf37,IMG_12,5941.0,4131.0,344.25,12.0,987.9583333333336,480.62500000000006,4271.0,3833,5,1126.0,0.8974479044720206,5941.0,4.448333333333333,12.0,131.76083333333335,60.16666666666666,2.0198619760983
edf37,IMG_13,5850.0,4282.0,251.88235294117646,17.0,930.9352941176469,724.8176470588236,4434.0,3446,6,858.0,0.7771763644564728,5850.0,3.1335294117647066,17.0,87.97941176470589,32.823529411764696,2.9059829059829063
edf37,IMG_14,5773.0,3791.0,223.0,17.0,847.0823529411763,534.1823529411765,4052.0,3782,5,781.0,0.9333662388943732,5773.0,4.0699999999999985,17.0,159.32705882352943,55.29411764705882,2.9447427680582017
edf37,IMG_15,5782.0,4132.0,344.33333333333326,12.0,906.8333333333336,493.66666666666674,4278.0,4036,8,790.0,0.943431510051426,5782.0,2.405,12.0,179.68666666666667,59.5,2.0754064337599445
edf37,IMG_16,5736.0,4252.0,327.07692307692315,13.0,862.0307692307692,527.2538461538462,4384.0,3674,6,912.0,0.8380474452554745,5736.0,3.5961538461538463,13.0,140.0253846153846,46.769230769230774,2.2663877266387726
edf37,IMG_17,6036.0,4210.0,421.0,10.0,894.8299999999998,446.74,4368.0,4368,3,1044.0,1.0,6036.0,2.093,10.0,99.456,62.4,1.656726308813784
edf37,IMG_18,5760.0,4158.0,244.58823529411762,17.0,990.0529411764708,711.1470588235292,4319.0,4015,4,769.0,0.9296133364204676,5760.0,2.5123529411764705,17.0,97.28647058823529,39.52941176470589,2.951388888888889
edf38,IMG_01,5907.0,4363.0,290.8666666666667,15.0,895.0333333333334,442.62666666666667,4601.0,4601,4,914.0,1.0,5907.0,2.530666666666667,15.0,90.04799999999999,26.13333333333333,2.5393600812595225
edf38,IMG_02,5894.0,4300.0,390.9090909090909,11.0,1056.527272727273,487.9363636363637,4576.0,4126,4,1206.0,0.9016608391608392,5894.0,3.158333333333333,12.0,116.63166666666667,36.16666666666666,2.035968781812012
edf38,IMG_03,5726.0,4426.0,402.3636363636364,11.0,880.8090909090909,537.5545454545454,4674.0,4320,3,734.0,0.9242618741976892,5726.0,3.127272727272727,11.0,100.1590909090909,28.90909090909091,1.921061823262312
edf38,IMG_04,5883.0,4315.0,269.6875,16.0,690.9937500000002,500.66875,4364.0,3830,9,891.0,0.8776351970669111,5883.0,7.025625,16.0,152.396875,39.25,2.71970083290838
edf38,IMG_05,5902.0,4262.0,304.42857142857144,14.0,1069.7285714285715,479.7785714285714,4495.0,4059,5,909.0,0.9030033370411568,5902.0,4.009285714285714,14.0,102.53142857142859,35.57142857142857,2.372077261945104
edf38,IMG_06,5843.0,4135.0,459.4444444444445,9.0,1060.8444444444444,564.0555555555553,4435.0,4393,6,850.0,0.9905298759864712,5843.0,5.8277777777777775,9.0,130.44666666666663,62.0,1.5403046380284098
edf38,IMG_07,5659.0,4276.0,285.06666666666666,15.0,908.8133333333333,485.2,4517.0,4345,6,667.0,0.9619216294000444,5659.0,3.41,16.0,104.865,30.875,2.8273546562997
edf38,IMG_08,6052.0,4404.0,367.0,12.0,926.5750000000003,524.9416666666667,4656.0,4422,7,1060.0,0.9497422680412372,6052.0,3.435833333333333,12.0,110.33083333333332,28.0,1.982815598149372
edf38,IMG_09,5670.0,4322.0,270.125,16.0,1001.65625,439.70625,4573.0,4573,6,677.0,1.0,5670.0,2.26625,16.0,82.42937500000002,26.25,2.8218694885361546
edf38,IMG_10,5807.0,4525.0,377.08333333333326,12.0,991.9416666666664,438.0333333333333,4673.0,4673,7,820.0,1.0,5807.0,2.4453846153846155,13.0,90.17692307692309,26.0,2.2386774582400553
edf38,IMG_11,5831.0,4391.0,337.76923076923083,13.0,908.2076923076925,533.6923076923076,4615.0,3756,5,1090.0,0.8138678223185265,5831.0,3.2361538461538464,13.0,100.43461538461537,29.07692307692308,2.2294632138569708
edf38,IMG_12,6105.0,4291.0,357.58333333333326,12.0,995.2166666666667,502.4083333333333,4515.0,3232,5,1368.0,0.7158361018826135,6105.0,4.565833333333333,12.0,122.71333333333335,39.833333333333336,1.9656019656019652
edf38,IMG_13,5985.0,4245.0,326.53846153846155,13.0,896.0153846153845,624.4384615384615,4473.0,4057,3,992.0,0.9069975408003575,5985.0,3.474615384615385,13.0,207.6192307692308,40.0,2.172096908939014
edf38,IMG_14,5719.0,4167.0,231.5,18.0,936.6111111111113,459.7611111111111,4462.0,4462,5,727.0,1.0,5719.0,3.2944444444444434,18.0,105.88111111111108,29.444444444444446,3.1474033922014337
edf38,IMG_15,5969.0,4489.0,498.77777777777777,9.0,934.5888888888887,471.77777777777777,4754.0,4754,5,977.0,1.0,5969.0,2.536666666666667,9.0,88.75,26.444444444444446,1.5077902496230524
edf38,IMG_16,5955.0,4312.0,287.46666666666664,15.0,902.1733333333334,611.4599999999998,4557.0,3959,6,963.0,0.868773315777924,5955.0,3.350625,16.0,105.96375,28.375,2.686817800167926
edf38,IMG_17,6133.0,4407.0,489.66666666666674,9.0,1008.0333333333334,582.3888888888888,4697.0,4697,4,1140.0,1.0,6133.0,3.82,9.0,106.40555555555555,32.888888888888886,1.4674710582096853
edf38,IMG_18,6092.0,3890.0,389.0,10.0,984.17,555.33,4210.0,3890,3,1450.0,0.9239904988123516,6092.0,2.693,10.0,96.82600000000001,78.2,1.6414970453053186
edf39,IMG_01,5903.0,3864.0,276.0,14.0,926.2642857142856,556.3142857142857,4075.0,3537,8,911.0,0.8679754601226994,5903.0,3.1460000000000004,15.0,137.71200000000002,61.86666666666667,2.5410808063696426
edf39,IMG_02,6081.0,4173.0,298.07142857142856,14.0,1013.1857142857144,485.29285714285714,4230.0,4173,7,1184.0,0.9865248226950356,6081.0,2.577142857142857,14.0,149.97785714285715,54.42857142857143,2.3022529189278083
edf39,IMG_03,6052.0,4228.0,384.3636363636364,11.0,944.9090909090908,614.5272727272727,4559.0,4031,7,1059.0,0.8841851283176135,6052.0,4.117272727272727,11.0,96.80636363636364,39.45454545454545,1.8175809649702581
edf39,IMG_04,5767.0,4396.0,488.4444444444445,9.0,913.4666666666667,470.0222222222221,4669.0,4669,9,775.0,1.0,5767.0,5.225,10.0,139.332,34.2,1.7340038148083925
edf39,IMG_05,6063.0,4035.0,310.38461538461536,13.0,975.6076923076924,501.23846153846154,4318.0,4010,8,1071.0,0.9286706808707736,6063.0,3.791538461538461,13.0,105.67692307692309,51.846153846153854,2.1441530595414813
edf39,IMG_06,5934.0,4152.0,346.0,12.0,1010.15,529.2416666666667,4362.0,3750,5,1282.0,0.859697386519945,5934.0,2.5592307692307696,13.0,178.9023076923077,51.69230769230769,2.190765082574992
edf39,IMG_07,6025.0,4379.0,364.91666666666674,12.0,995.9416666666667,427.075,4648.0,4248,6,1033.0,0.9139414802065404,6025.0,2.7550000000000003,12.0,73.19166666666666,28.66666666666667,1.9917012448132776
edf39,IMG_08,5693.0,3773.0,471.625,8.0,875.8875,484.0125,4587.0,4587,6,700.0,1.0,5693.0,3.50625,8.0,131.24375,50.75,1.4052344985069385
edf39,IMG_09,6052.0,3878.0,352.54545454545456,11.0,1018.481818181818,518.6999999999998,4329.0,4329,7,1059.0,1.0,6052.0,2.791818181818182,11.0,155.03636363636363,60.36363636363637,1.8175809649702581
edf39,IMG_10,6137.0,4373.0,336.38461538461536,13.0,942.1846153846153,458.576923076923,4653.0,4223,7,1146.0,0.9075865033311842,6137.0,1.7784615384615383,13.0,64.49153846153847,26.0,2.11829884308294
edf39,IMG_11,5671.0,4181.0,418.1,10.0,901.43,601.3800000000001,4383.0,3555,7,916.0,0.811088295687885,5671.0,5.272,10.0,130.575,61.0,1.7633574325515782
edf39,IMG_12,5988.0,4064.0,312.61538461538464,13.0,1121.0923076923075,444.8846153846153,4341.0,3354,4,1576.0,0.7726330338631652,5988.0,3.822307692307692,13.0,110.3453846153846,50.153846153846146,2.171008684034736
edf39,IMG_13,5781.0,4512.0,752.0,6.0,868.9499999999998,711.7666666666668,4665.0,2495,4,789.0,0.5348338692390139,5781.0,4.138333333333333,6.0,144.20142857142858,49.714285714285715,1.0378827192527245
edf39,IMG_14,5999.0,3933.0,437.0,9.0,845.4333333333334,502.91111111111115,4396.0,3928,7,1007.0,0.8935395814376706,5999.0,4.348888888888889,9.0,151.06333333333333,66.22222222222223,1.5002500416736124
edf39,IMG_15,5757.0,4203.0,323.3076923076923,13.0,925.5384615384617,534.576923076923,4484.0,3891,6,765.0,0.8677520071364853,5757.0,2.145384615384616,13.0,134.9584615384615,39.07692307692308,2.2581205488969953
edf39,IMG_16,5841.0,4087.0,314.38461538461536,13.0,895.5538461538464,658.6538461538463,4286.0,3019,7,849.0,0.7043863742417172,5841.0,3.234615384615384,13.0,129.31615384615387,54.30769230769231,2.2256462934429035
edf39,IMG_17,5835.0,4223.0,527.875,8.0,1011.25,479.7000000000001,4752.0,4752,5,843.0,1.0,5835.0,2.2349999999999994,8.0,72.39749999999998,30.0,1.3710368466152527
edf39,IMG_18,5857.0,4035.0,366.8181818181818,11.0,994.1,661.2363636363635,4358.0,4358,9,865.0,1.0,5857.0,5.512727272727274,11.0,152.93,57.63636363636363,1.87809458767287
edf40,IMG_01,5809.0,4203.0,280.2,15.0,906.52,459.56,4512.0,4512,9,813.0,1.0,5809.0,2.8166666666666678,15.0,81.02933333333334,32.266666666666666,2.5822000344293343
edf40,IMG_02,6021.0,4342.0,482.4444444444445,9.0,1021.6666666666665,418.13333333333327,4689.0,4342,3,1416.0,0.9259970142887608,6021.0,2.6120000000000005,10.0,75.137,31.4,1.6608536787908983
edf40,IMG_03,5838.0,4270.0,474.4444444444445,9.0,939.2111111111113,518.6888888888889,4514.0,4514,3,846.0,1.0,5838.0,2.7566666666666664,9.0,132.76333333333332,53.111111111111114,1.5416238437821173
edf40,IMG_04,5860.0,4266.0,328.15384615384613,13.0,963.123076923077,394.4153846153846,4508.0,4508,5,868.0,1.0,5860.0,3.16,13.0,91.35461538461536,37.230769230769226,2.2184300341296925
edf40,IMG_05,6015.0,4440.0,444.0,10.0,1104.1600000000003,402.62,4651.0,4651,6,1023.0,1.0,6015.0,2.839090909090909,11.0,80.00909090909092,32.0,1.828761429758936
edf40,IMG_06,5869.0,4435.0,554.375,8.0,975.7375,505.15,4632.0,4632,4,877.0,1.0,5869.0,2.535,8.0,85.95624999999998,45.0,1.3630942238882264
edf40,IMG_07,5820.0,4212.0,234.0,18.0,1017.2333333333332,384.9888888888889,4391.0,4141,5,827.0,0.9430653609656114,5820.0,2.9522222222222223,18.0,79.85333333333334,33.44444444444444,3.092783505154639
edf40,IMG_08,6011.0,4255.0,265.9375,16.0,908.15,440.3875000000001,4510.0,4406,7,1019.0,0.9769401330376941,6011.0,2.4375,16.0,71.053125,30.125,2.6617867243387123
edf40,IMG_09,5890.0,4420.0,884.0,5.0,979.22,379.92,4783.0,4783,4,897.0,1.0,5890.0,2.804,5.0,91.0,42.0,0.8488964346349746
edf40,IMG_10,5979.0,4394.0,488.22222222222223,9.0,990.3888888888887,371.88888888888886,4722.0,4722,5,986.0,1.0,5979.0,2.2769999999999997,10.0,74.725,28.2,1.6725204883759826
edf40,IMG_11,5781.0,4435.0,369.58333333333326,12.0,918.6916666666666,458.7583333333334,4623.0,4291,4,1006.0,0.928185161150768,5781.0,2.6591666666666662,12.0,74.91833333333334,30.83333333333333,2.075765438505449
edf40,IMG_12,5999.0,4213.0,234.05555555555557,18.0,1051.072222222222,399.4277777777778,4216.0,3770,7,1007.0,0.894212523719165,5999.0,3.1277777777777787,18.0,116.88611111111109,43.111111111111114,3.0005000833472253
edf40,IMG_13,5820.0,4414.0,401.27272727272725,11.0,963.3272727272728,639.8909090909091,4606.0,4202,3,828.0,0.9122883195831524,5820.0,3.600909090909091,11.0,89.71636363636364,35.09090909090909,1.8900343642611683
edf40,IMG_14,5952.0,4232.0,248.94117647058826,17.0,1024.935294117647,519.9588235294117,4413.0,4413,3,959.0,1.0,5952.0,3.2247058823529406,17.0,87.50117647058825,34.117647058823536,2.8561827956989245
edf40,IMG_15,5729.0,4441.0,444.1,10.0,905.01,474.66,4715.0,4007,4,736.0,0.8498409331919407,5729.0,2.07,10.0,65.852,27.8,1.7455053237912377
edf40,IMG_16,6105.0,4545.0,505.0,9.0,958.8222222222224,642.5666666666667,4727.0,4025,4,1318.0,0.8514914321980114,6105.0,2.415555555555556,9.0,72.24000000000002,29.555555555555557,1.4742014742014742
edf40,IMG_17,5713.0,4473.0,559.125,8.0,988.5250000000003,489.9125,4726.0,4574,3,721.0,0.9678374947101144,5713.0,3.1275000000000004,8.0,85.73,33.25,1.4003150708909504
edf40,IMG_18,6065.0,4345.0,310.35714285714283,14.0,1001.25,690.7142857142858,4575.0,4345,3,1334.0,0.9497267759562842,6065.0,2.6342857142857143,14.0,76.61214285714286,29.857142857142854,2.3083264633140965
edf41,IMG_01,6085.0,3711.0,218.29411764705884,17.0,874.1294117647058,381.3235294117647,3747.0,3625,10,1250.0,0.9674406191619964,6085.0,2.488333333333334,18.0,147.53388888888892,69.33333333333333,2.9580936729663105
edf41,IMG_02,5691.0,4547.0,1515.666666666667,3.0,911.4,368.2,4836.0,4363,1,1232.0,0.9021918941273779,5691.0,1.7866666666666668,3.0,105.66666666666669,52.0,0.5271481286241434
edf41,IMG_03,6016.0,4390.0,731.6666666666665,6.0,860.35,481.3833333333334,4665.0,4499,4,1023.0,0.9644158628081456,6016.0,2.373333333333333,6.0,119.87833333333332,54.66666666666666,0.9973404255319148
edf41,IMG_04,6100.0,4158.0,297.0,14.0,922.092857142857,511.3571428571428,4313.0,4313,4,1107.0,1.0,6100.0,2.2785714285714285,14.0,122.65999999999998,48.57142857142857,2.295081967213115
edf41,IMG_05,5782.0,4160.0,277.3333333333333,15.0,893.2,447.77333333333337,4316.0,3720,7,790.0,0.8619091751621872,5782.0,2.531333333333333,15.0,95.60200000000002,45.06666666666667,2.5942580421999306
edf41,IMG_06,5805.0,4177.0,596.7142857142858,7.0,921.7,423.68571428571437,4421.0,4421,3,812.0,1.0,5805.0,2.0671428571428567,7.0,156.17142857142858,81.71428571428571,1.2058570198105083
edf41,IMG_07,5654.0,3998.0,210.421052631579,19.0,931.9789473684214,425.66842105263163,4214.0,3494,9,664.0,0.8291409587090649,5654.0,3.9015789473684217,19.0,111.7136842105263,40.8421052631579,3.360452776795189
edf41,IMG_08,5663.0,4089.0,371.7272727272728,11.0,797.1363636363636,351.65454545454554,4367.0,4155,7,670.0,0.9514540874742388,5663.0,2.5000000000000004,11.0,134.4009090909091,56.90909090909091,1.9424333392194948
edf41,IMG_09,5765.0,4353.0,621.8571428571429,7.0,966.0571428571428,362.2714285714286,4630.0,4630,5,773.0,1.0,5765.0,1.887142857142857,7.0,118.93142857142857,51.714285714285715,1.2142237640936688
edf41,IMG_10,5796.0,4158.0,415.8,10.0,850.01,465.38,4310.0,4310,2,802.0,1.0,5796.0,2.136,10.0,117.786,68.4,1.725327812284334
edf41,IMG_11,5669.0,4007.0,267.1333333333333,15.0,911.1533333333333,449.8733333333333,4168.0,3626,6,864.0,0.8699616122840691,5669.0,3.341333333333334,15.0,110.33800000000004,54.93333333333333,2.645969306756042
edf41,IMG_12,6135.0,3509.0,194.94444444444446,18.0,1050.622222222222,382.43888888888887,3735.0,3509,5,1452.0,0.9394912985274432,6135.0,2.146842105263158,19.0,147.13578947368418,76.42105263157895,3.0969845150774247
edf41,IMG_13,5999.0,4017.0,251.0625,16.0,984.15,631.9875,4067.0,3207,5,1008.0,0.7885419227932137,5999.0,2.531875,16.0,111.23937500000004,57.75,2.667111185197533
edf41,IMG_14,5694.0,4006.0,235.64705882352942,17.0,888.7529411764706,543.9117647058823,4156.0,3916,6,702.0,0.942252165543792,5694.0,3.885882352941177,17.0,97.53470588235292,49.17647058823529,2.985598876009835
edf41,IMG_15,5953.0,4275.0,534.375,8.0,864.9625000000002,296.0875,4591.0,4275,1,1398.0,0.9311696798083208,5953.0,1.255,8.0,134.1925,50.25,1.3438602385351923
edf41,IMG_16,5980.0,4242.0,353.5,12.0,862.4833333333335,470.58333333333326,4479.0,4242,6,1250.0,0.9470864032150034,5980.0,2.773333333333333,12.0,117.06666666666666,42.833333333333336,2.0066889632107023
edf41,IMG_17,5862.0,3804.0,271.7142857142857,14.0,937.7714285714287,398.59285714285716,4086.0,4086,3,870.0,1.0,5862.0,1.9484615384615387,13.0,150.60230769230768,94.30769230769229,2.217673149095872
edf41,IMG_18,5899.0,4223.0,351.91666666666674,12.0,947.075,500.91666666666674,4358.0,4236,3,907.0,0.9720055071133548,5899.0,2.504166666666667,12.0,106.35166666666667,52.83333333333334,2.0342430920495
edf42,IMG_01,5785.0,4351.0,362.58333333333326,12.0,813.2083333333335,560.3166666666666,4557.0,4557,5,792.0,1.0,5785.0,3.829166666666667,12.0,96.72416666666668,36.333333333333336,2.0743301642178045
edf42,IMG_02,5815.0,4387.0,337.46153846153845,13.0,1028.9461538461535,471.0076923076923,4539.0,4179,5,1002.0,0.9206873760740252,5815.0,4.159230769230769,13.0,101.03769230769232,34.92307692307692,2.2355975924333618
edf42,IMG_03,5951.0,4341.0,361.75,12.0,807.9,596.6583333333333,4561.0,3039,5,958.0,0.6663012497259373,5951.0,4.0025,12.0,97.1225,36.0,2.016467820534364
edf42,IMG_04,6021.0,4375.0,397.7272727272728,11.0,785.5090909090909,517.7909090909092,4600.0,4600,4,1029.0,1.0,6021.0,4.034545454545455,11.0,99.52363636363636,35.63636363636363,1.8269390466699884
edf42,IMG_05,5788.0,4328.0,332.92307692307685,13.0,951.7692307692306,460.5076923076922,4542.0,3888,5,796.0,0.8560105680317041,5788.0,3.674615384615385,13.0,99.24307692307694,34.615384615384606,2.2460262612301314
edf42,IMG_06,5886.0,4524.0,646.2857142857142,7.0,931.0,565.7714285714285,4772.0,4772,5,894.0,1.0,5886.0,3.375714285714285,7.0,91.58571428571429,31.42857142857143,1.1892626571525653
edf42,IMG_07,5662.0,4446.0,444.6,10.0,910.29,385.61,4648.0,4198,5,670.0,0.903184165232358,5662.0,3.298,10.0,89.01299999999999,34.4,1.7661603673613564
edf42,IMG_08,5985.0,4235.0,470.5555555555555,9.0,889.2111111111113,457.9444444444445,4378.0,4378,4,993.0,1.0,5985.0,2.4288888888888893,9.0,122.84333333333332,68.22222222222223,1.5037593984962403
edf42,IMG_09,6128.0,4284.0,306.0,14.0,979.3071428571428,470.04285714285714,4555.0,4555,5,1135.0,1.0,6128.0,3.061428571428572,14.0,84.67857142857143,31.285714285714285,2.2845953002610964
edf42,IMG_10,6129.0,4317.0,359.75,12.0,941.4250000000003,417.56666666666666,4585.0,4585,6,1136.0,1.0,6129.0,3.3116666666666674,12.0,89.27749999999997,34.0,1.9579050416054824
edf42,IMG_11,6083.0,4293.0,429.3,10.0,829.65,504.90000000000015,4467.0,3933,4,1300.0,0.8804566823371391,6083.0,3.7319999999999998,10.0,108.208,52.6,1.6439256945586058
edf42,IMG_12,5677.0,4075.0,226.38888888888889,18.0,983.6666666666665,521.3944444444445,4326.0,2520,6,970.0,0.5825242718446602,5677.0,4.094444444444443,18.0,100.48111111111113,37.0,3.1706887440549587
edf42,IMG_13,5692.0,4278.0,285.2,15.0,950.22,683.6466666666666,4450.0,3296,6,700.0,0.7406741573033708,5692.0,4.31,15.0,104.60733333333334,36.13333333333333,2.635277582572031
edf42,IMG_14,6091.0,4228.0,325.23076923076917,13.0,899.9692307692308,563.5230769230768,4471.0,4231,6,1099.0,0.9463207336166406,6091.0,4.598571428571428,14.0,111.39,38.0,2.298473157117058
edf42,IMG_15,6035.0,4605.0,767.5,6.0,905.45,506.85000000000014,4782.0,4374,5,1043.0,0.9146800501882058,6035.0,3.49,6.0,96.52333333333333,35.0,0.9942004971002484
edf42,IMG_16,5788.0,4200.0,280.0,15.0,885.4466666666667,613.0066666666668,4434.0,2094,4,1500.0,0.4722598105548038,5788.0,4.52,16.0,107.039375,36.0,2.7643400138217
edf42,IMG_17,5644.0,4342.0,334.0,13.0,958.4769230769232,583.323076923077,4558.0,4558,5,652.0,1.0,5644.0,3.49076923076923,13.0,96.09769230769231,33.384615384615394,2.3033309709425938
edf42,IMG_18,5948.0,4362.0,436.2,10.0,932.9,617.77,4612.0,4404,5,956.0,0.9549002601908064,5948.0,4.32,10.0,104.23000000000002,38.0,1.6812373907195697
edf43,IMG_01,5676.0,4218.0,234.33333333333331,18.0,853.7888888888889,556.9499999999998,4394.0,3946,7,684.0,0.8980427856167501,5676.0,3.2872222222222214,18.0,88.30944444444445,33.22222222222222,3.171247357293869
edf43,IMG_02,6057.0,3970.0,283.57142857142856,14.0,1052.1785714285713,499.04999999999984,4250.0,3820,4,1372.0,0.8988235294117647,6057.0,4.566000000000002,15.0,124.19533333333334,50.66666666666666,2.4764735017335306
edf43,IMG_03,5738.0,4246.0,386.0,11.0,856.2545454545456,650.0363636363637,4408.0,3476,4,1152.0,0.7885662431941923,5738.0,3.2709090909090914,11.0,114.91727272727276,53.09090909090909,1.917044266294876
edf43,IMG_04,6041.0,4425.0,442.5,10.0,823.5899999999998,529.5699999999998,4691.0,4691,6,1048.0,1.0,6041.0,2.7410000000000005,10.0,83.65100000000001,30.2,1.6553550736633007
edf43,IMG_05,5903.0,4221.0,248.29411764705884,17.0,887.6117647058826,493.1,4455.0,3377,7,910.0,0.7580246913580246,5903.0,2.802941176470588,17.0,78.83647058823531,31.64705882352941,2.8798915805522616
edf43,IMG_06,5941.0,4403.0,366.91666666666674,12.0,962.8916666666664,513.1166666666667,4592.0,4438,6,949.0,0.9664634146341464,5941.0,3.316666666666667,12.0,89.80499999999998,33.333333333333336,2.0198619760983
edf43,IMG_07,5824.0,4460.0,405.45454545454544,11.0,988.1,409.50909090909096,4704.0,4538,3,832.0,0.9647108843537416,5824.0,2.0072727272727278,11.0,62.62272727272727,26.181818181818183,1.888736263736264
edf43,IMG_08,6089.0,4195.0,246.7647058823529,17.0,878.3941176470589,488.75882352941176,4464.0,4152,5,1097.0,0.9301075268817204,6089.0,2.8176470588235287,17.0,80.90294117647059,31.058823529411764,2.7919198554770897
edf43,IMG_09,5907.0,4333.0,309.5,14.0,934.7000000000003,500.7785714285714,4596.0,4596,7,917.0,1.0,5907.0,2.345,14.0,75.27071428571429,28.142857142857146,2.3700694091755543
edf43,IMG_10,5962.0,3940.0,246.25,16.0,890.3124999999999,605.2125,4235.0,4019,8,969.0,0.9489964580873672,5962.0,3.656875,16.0,130.96375,47.375,2.6836632002683665
edf43,IMG_11,5737.0,4061.0,253.8125,16.0,885.3374999999999,609.00625,4249.0,2929,5,962.0,0.6893386679218639,5737.0,3.3018750000000003,16.0,110.135,46.5,2.788914066585323
edf43,IMG_12,5646.0,3994.0,210.21052631578945,19.0,1024.4473684210525,518.8421052631579,4247.0,3190,10,934.0,0.7511184365434425,5646.0,4.251052631578949,19.0,100.75368421052632,39.26315789473684,3.365214311016649
edf43,IMG_13,5983.0,4217.0,263.5625,16.0,939.31875,728.0125,4383.0,3228,6,990.0,0.7364818617385352,5983.0,4.478125,16.0,98.70000000000002,38.125,2.6742436904562927
edf43,IMG_14,6045.0,4215.0,247.94117647058826,17.0,1026.1117647058825,700.4823529411763,4452.0,4452,3,1053.0,1.0,6045.0,3.0476470588235287,17.0,81.97235294117648,31.764705882352942,2.812241521918941
edf43,IMG_15,5830.0,4234.0,352.83333333333326,12.0,936.05,555.0916666666667,4494.0,4092,5,838.0,0.9105473965287049,5830.0,2.6425,12.0,112.19416666666666,41.5,2.0583190394511153
edf43,IMG_16,5966.0,4482.0,560.25,8.0,875.6750000000002,645.8375,4714.0,2966,5,974.0,0.6291896478574459,5966.0,3.6375,8.0,94.8025,34.75,1.340931947703654
edf43,IMG_17,6041.0,4207.0,300.5,14.0,963.7285714285716,561.4714285714286,4532.0,4532,5,1049.0,1.0,6041.0,3.0892857142857144,14.0,85.80142857142856,32.857142857142854,2.317497103128621
edf43,IMG_18,5904.0,4136.0,295.42857142857144,14.0,966.9285714285717,723.4357142857143,4309.0,4136,4,1116.0,0.959851473659782,5904.0,3.4857142857142858,14.0,107.61642857142859,48.85714285714285,2.3712737127371275
edf44,IMG_01,5838.0,4390.0,399.09090909090907,11.0,831.8727272727272,506.4545454545454,4591.0,4591,7,845.0,1.0,5838.0,4.094545454545455,11.0,97.21636363636364,36.54545454545455,1.8842069201781435
edf44,IMG_02,6112.0,4106.0,186.63636363636363,22.0,930.7045454545456,543.6181818181817,4274.0,3746,7,1318.0,0.8764623303696771,6112.0,3.019565217391305,23.0,83.36,32.0,3.763089005235602
edf44,IMG_03,5901.0,4091.0,215.31578947368425,19.0,875.9736842105265,576.4947368421052,4339.0,3353,5,908.0,0.7727587001613275,5901.0,3.4431578947368418,19.0,91.80157894736841,34.421052631578945,3.219793255380444
edf44,IMG_04,5783.0,4175.0,278.3333333333333,15.0,970.4533333333333,553.4600000000002,4411.0,4411,4,792.0,1.0,5783.0,3.8513333333333337,15.0,97.166,38.66666666666666,2.593809441466367
edf44,IMG_05,5667.0,4251.0,265.6875,16.0,977.3624999999997,489.5625,4461.0,3973,7,674.0,0.8906074871105133,5667.0,3.039375,16.0,83.83437500000002,33.25,2.8233633315687316
edf44,IMG_06,5641.0,4429.0,402.6363636363636,11.0,928.1272727272728,569.1818181818181,4663.0,4233,6,648.0,0.9077846879691186,5641.0,2.567272727272728,11.0,74.8918181818182,30.0,1.9500088636766533
edf44,IMG_07,5962.0,4148.0,207.4,20.0,907.655,513.7250000000001,4312.0,4080,3,970.0,0.9461966604823748,5962.0,3.4715000000000003,20.0,93.197,34.0,3.354579000335458
edf44,IMG_08,5704.0,4188.0,380.7272727272728,11.0,927.8181818181821,457.9363636363636,4379.0,4237,4,711.0,0.9675725051381594,5704.0,1.9181818181818182,11.0,210.14090909090908,55.81818181818182,1.9284712482468445
edf44,IMG_09,6103.0,4273.0,267.0625,16.0,944.3625,560.1937499999998,4523.0,4523,3,1110.0,1.0,6103.0,1.7375,16.0,64.069375,29.375,2.6216614779616583
edf44,IMG_10,5798.0,4324.0,270.25,16.0,899.1750000000002,522.1375,4499.0,4499,4,805.0,1.0,5798.0,2.69125,16.0,79.16250000000002,30.875,2.7595722662987243
edf44,IMG_11,5945.0,4281.0,225.31578947368425,19.0,937.2105263157896,571.2263157894737,4434.0,3039,3,1148.0,0.6853856562922869,5945.0,2.5278947368421054,19.0,73.39789473684213,29.36842105263158,3.1959629941126995
edf44,IMG_12,5695.0,4173.0,278.2,15.0,982.7933333333334,556.2933333333333,4394.0,2603,7,964.0,0.5923987255348202,5695.0,4.5120000000000005,15.0,105.20266666666666,39.73333333333333,2.633889376646181
edf44,IMG_13,6064.0,4182.0,232.33333333333331,18.0,830.7055555555555,697.55,4328.0,2954,6,1072.0,0.6825323475046211,6064.0,3.8772222222222217,18.0,96.65111111111109,36.888888888888886,2.9683377308707124
edf44,IMG_14,6054.0,3974.0,172.7826086956522,23.0,958.2695652173912,587.2347826086956,4134.0,3766,9,1062.0,0.9109820996613448,6054.0,4.184782608695654,23.0,101.73652173913042,37.30434782608695,3.799141063759498
edf44,IMG_15,5887.0,4161.0,208.05,20.0,912.98,572.03,4401.0,2847,7,894.0,0.6468984321745058,5887.0,2.3755,20.0,73.74900000000002,29.6,3.397316120264991
edf44,IMG_16,6088.0,4452.0,342.46153846153845,13.0,906.2153846153847,674.0461538461537,4665.0,3491,5,1095.0,0.7483386923901393,6088.0,1.7946153846153847,13.0,63.151538461538465,25.23076923076923,2.135348226018397
edf44,IMG_17,6055.0,4384.0,548.0,8.0,963.25,546.875,4774.0,4384,4,1478.0,0.9183074989526604,6055.0,1.923333333333333,9.0,65.64888888888888,26.444444444444446,1.4863748967795212
edf44,IMG_18,5762.0,4296.0,358.0,12.0,953.6833333333333,761.9749999999998,4572.0,4154,4,1098.0,0.9085739282589675,5762.0,3.68,12.0,93.195,35.0,2.0826102047900035
edf45,IMG_01,5937.0,4193.0,279.53333333333336,15.0,1003.1733333333333,532.0733333333333,4424.0,3622,7,945.0,0.8187160940325497,5937.0,3.9093333333333335,15.0,97.68666666666668,37.86666666666667,2.5265285497726118
edf45,IMG_02,6099.0,4387.0,438.7,10.0,1113.75,590.89,4611.0,3947,4,1360.0,0.8559965300368684,6099.0,3.6289999999999996,10.0,92.102,38.2,1.6396130513198883
edf45,IMG_03,5848.0,3950.0,197.5,20.0,909.525,609.3500000000001,4224.0,2984,5,928.0,0.7064393939393939,5848.0,3.1566666666666667,21.0,114.06238095238098,39.80952380952381,3.5909712722298224
edf45,IMG_04,5819.0,4311.0,331.61538461538464,13.0,1005.2538461538463,609.223076923077,4556.0,4556,4,827.0,1.0,5819.0,3.301538461538461,13.0,89.3546153846154,33.53846153846154,2.234060835195051
edf45,IMG_05,6047.0,4178.0,261.125,16.0,993.38125,453.70625,4428.0,3816,9,1056.0,0.8617886178861789,6047.0,2.926470588235295,17.0,82.15588235294119,33.05882352941177,2.811311394079709
edf45,IMG_06,5810.0,4254.0,303.85714285714283,14.0,980.8,555.2071428571428,4561.0,4561,3,817.0,1.0,5810.0,2.3671428571428565,14.0,72.2357142857143,30.857142857142854,2.409638554216868
edf45,IMG_07,5753.0,4184.0,278.93333333333334,15.0,925.5,571.3733333333333,4446.0,4118,3,762.0,0.926225820962663,5753.0,3.274375,16.0,84.56625,35.25,2.781157656874674
edf45,IMG_08,5683.0,4145.0,207.25,20.0,930.87,551.9649999999998,4388.0,3534,5,691.0,0.8053783044667274,5683.0,2.264,20.0,71.56200000000003,30.2,3.5192679922576104
edf45,IMG_09,6040.0,4344.0,310.2857142857143,14.0,1004.7214285714284,513.6714285714286,4572.0,4572,5,1048.0,1.0,6040.0,2.5,14.0,72.82857142857142,30.0,2.3178807947019866
edf45,IMG_10,5726.0,4086.0,240.35294117647058,17.0,914.7529411764706,518.8941176470589,4341.0,4341,9,733.0,1.0,5726.0,3.4870588235294124,17.0,110.115,37.0,2.9689137268599373
edf45,IMG_11,5773.0,4181.0,220.05263157894737,19.0,976.542105263158,617.1315789473684,4401.0,2389,4,1036.0,0.5428311747330152,5773.0,2.5152631578947373,19.0,75.25315789473684,31.157894736842106,3.2911830937121085
edf45,IMG_12,5870.0,4266.0,250.94117647058826,17.0,1075.5,528.3823529411766,4436.0,3618,4,1076.0,0.8155996393146979,5870.0,2.9376470588235293,17.0,82.89823529411765,32.70588235294117,2.8960817717206133
edf45,IMG_13,6066.0,4260.0,355.0,12.0,1011.2583333333333,700.125,4414.0,3588,5,1074.0,0.8128681468056185,6066.0,3.3975000000000013,12.0,139.32416666666666,48.16666666666666,1.9782393669634024
edf45,IMG_14,5762.0,4074.0,271.6,15.0,1009.4066666666665,598.9399999999998,4370.0,4242,3,880.0,0.9707093821510298,5762.0,2.988125,16.0,122.19,41.25,2.7768136063866717
edf45,IMG_15,5914.0,4390.0,399.09090909090907,11.0,948.8999999999997,542.1999999999998,4610.0,4264,5,922.0,0.924945770065076,5914.0,2.973636363636364,11.0,80.03818181818181,34.72727272727273,1.8599932363882317
edf45,IMG_16,6032.0,4216.0,263.5,16.0,954.44375,710.8374999999999,4430.0,2144,3,1038.0,0.4839729119638826,6032.0,3.4117647058823524,17.0,89.17882352941177,34.23529411764706,2.8183023872679045
edf45,IMG_17,6048.0,4036.0,212.421052631579,19.0,1004.473684210526,530.9578947368421,4331.0,4331,6,1055.0,1.0,6048.0,3.0847368421052628,19.0,83.88052631578948,34.8421052631579,3.141534391534392
edf45,IMG_18,5977.0,4203.0,280.2,15.0,962.74,672.9733333333334,4515.0,4515,5,984.0,1.0,5977.0,2.7526666666666677,15.0,82.14066666666666,31.86666666666667,2.5096202108080976
edf46,IMG_01,5978.0,4148.0,230.44444444444446,18.0,908.9388888888888,543.2388888888888,4338.0,4338,7,986.0,1.0,5978.0,3.6444444444444435,18.0,91.27888888888887,36.333333333333336,3.0110404817664773
edf46,IMG_02,5927.0,3195.0,187.94117647058826,17.0,1015.7411764705884,463.07058823529417,3456.0,3195,10,1222.0,0.9244791666666666,5927.0,3.027058823529412,17.0,184.56117647058818,90.35294117647058,2.8682301332883418
edf46,IMG_03,5750.0,4056.0,289.7142857142857,14.0,852.8642857142859,514.5714285714286,4114.0,3502,5,964.0,0.8512396694214877,5750.0,3.823571428571429,14.0,135.64357142857142,62.714285714285715,2.4347826086956523
edf46,IMG_04,6063.0,4095.0,255.9375,16.0,1016.9187499999997,555.9875000000002,4146.0,4146,5,1071.0,1.0,6063.0,4.093125,16.0,114.458125,52.875,2.6389576117433613
edf46,IMG_05,5784.0,3948.0,232.2352941176471,17.0,962.6823529411763,425.0,4160.0,4160,10,792.0,1.0,5784.0,4.305294117647058,17.0,115.38,48.941176470588225,2.9391424619640385
edf46,IMG_06,5949.0,3775.0,251.66666666666663,15.0,959.7933333333333,509.52,3983.0,3983,6,1244.0,1.0,5949.0,2.7225,16.0,142.74187500000005,73.125,2.6895276517061686
edf46,IMG_07,5913.0,4375.0,243.05555555555557,18.0,911.1,372.22777777777776,4426.0,4426,4,921.0,1.0,5913.0,2.87,18.0,82.45888888888891,31.444444444444446,3.0441400304413997
edf46,IMG_08,5890.0,3548.0,221.75,16.0,849.10625,454.03125,3784.0,3784,13,898.0,1.0,5890.0,2.819375,16.0,128.674375,75.5,2.716468590831919
edf46,IMG_09,5957.0,4207.0,247.4705882352941,17.0,965.8176470588237,436.48235294117654,4255.0,4083,10,1038.0,0.9595769682726204,5957.0,2.1288235294117643,17.0,112.69882352941177,43.411764705882355,2.8537854624811145
edf46,IMG_10,5860.0,4298.0,268.625,16.0,862.0125,557.2687500000002,4366.0,3852,7,964.0,0.8822721026110857,5860.0,2.6674999999999995,16.0,95.354375,39.125,2.7303754266211597
edf46,IMG_11,5980.0,3786.0,189.3,20.0,969.91,526.6600000000002,4029.0,2138,7,1276.0,0.5306527674360884,5980.0,3.5955,20.0,123.6405,48.2,3.3444816053511697
edf46,IMG_12,5944.0,4088.0,272.53333333333336,15.0,1040.5933333333335,487.5666666666667,4264.0,3460,7,1176.0,0.8114446529080676,5944.0,4.263999999999999,15.0,117.95199999999998,48.53333333333333,2.5235531628532977
edf46,IMG_13,5746.0,4196.0,233.11111111111111,18.0,964.477777777778,719.7666666666665,4261.0,3839,6,753.0,0.9009622154423844,5746.0,2.983888888888889,18.0,92.61666666666667,40.66666666666666,3.1326139923424985
edf46,IMG_14,6133.0,3518.0,234.53333333333333,15.0,914.74,469.1066666666666,3772.0,3558,7,1138.0,0.9432661717921528,6133.0,4.75,16.0,152.475625,76.375,2.6088374368172182
edf46,IMG_15,5789.0,4059.0,253.6875,16.0,891.2437499999999,587.3249999999998,4222.0,2831,7,797.0,0.6705352913311227,5789.0,2.925625,16.0,124.16375,48.125,2.7638624978407327
edf46,IMG_16,6050.0,3978.0,209.36842105263162,19.0,976.0210526315786,677.3315789473685,4140.0,1958,6,1142.0,0.4729468599033816,6050.0,4.63,20.0,112.9095,47.0,3.3057851239669422
edf46,IMG_17,6025.0,4317.0,269.8125,16.0,979.2625000000003,476.29374999999993,4436.0,4317,5,1206.0,0.9731740306582508,6025.0,3.369375,16.0,85.53625000000002,34.75,2.655601659751037
edf46,IMG_18,5834.0,4542.0,504.66666666666674,9.0,936.7888888888887,784.6333333333333,4579.0,4579,2,841.0,1.0,5834.0,2.6355555555555563,9.0,108.3677777777778,46.0,1.5426808364758315
edf47,IMG_01,6115.0,4171.0,379.1818181818182,11.0,977.1909090909093,369.5,4524.0,4524,5,1123.0,1.0,6115.0,4.727272727272728,11.0,107.87909090909088,42.54545454545455,1.7988552739165984
edf47,IMG_02,6115.0,4275.0,328.84615384615387,13.0,1002.9923076923077,385.73076923076917,4548.0,4275,9,1424.0,0.9399736147757256,6115.0,3.1261538461538465,13.0,84.46384615384616,34.153846153846146,2.1259198691741616
edf47,IMG_03,6016.0,4396.0,366.33333333333326,12.0,867.7333333333332,579.6083333333332,4438.0,3982,5,1024.0,0.8972510139702569,6016.0,3.635,12.0,123.78416666666668,46.16666666666666,1.9946808510638296
edf47,IMG_04,6098.0,4420.0,631.4285714285714,7.0,823.3714285714285,410.3714285714285,4703.0,4703,4,1105.0,1.0,6098.0,4.421428571428573,7.0,97.48714285714287,41.42857142857143,1.1479173499508035
edf47,IMG_05,5749.0,4451.0,1112.75,4.0,1111.475,353.0499999999999,4826.0,4826,4,757.0,1.0,5749.0,4.6675,4.0,105.1425,41.5,0.6957731779439903
edf47,IMG_06,6045.0,4317.0,479.66666666666674,9.0,948.8222222222223,486.85555555555567,4620.0,3841,6,1398.0,0.8313852813852813,6045.0,4.118888888888888,9.0,97.19222222222223,41.333333333333336,1.488833746898263
edf47,IMG_07,5816.0,4282.0,389.27272727272725,11.0,924.6727272727272,268.47272727272724,4517.0,3449,7,823.0,0.7635598848793447,5816.0,4.844545454545455,11.0,113.45545454545451,43.27272727272727,1.8913342503438793
edf47,IMG_08,5856.0,4412.0,441.2,10.0,936.44,484.14,4684.0,4684,1,864.0,1.0,5856.0,1.4720000000000002,10.0,74.712,30.8,1.7076502732240435
edf47,IMG_09,6099.0,4294.0,390.3636363636364,11.0,941.2181818181816,454.19090909090914,4657.0,4445,5,1107.0,0.9544771312003436,6099.0,2.3045454545454542,11.0,70.73,30.363636363636363,1.8035743564518771
edf47,IMG_10,6067.0,4371.0,624.4285714285714,7.0,951.9,408.9428571428571,4815.0,4815,5,1074.0,1.0,6067.0,1.657142857142857,7.0,65.95,25.42857142857143,1.1537827591890557
edf47,IMG_11,6008.0,4380.0,486.66666666666674,9.0,916.0,470.28888888888895,4659.0,3364,4,1338.0,0.7220433569435502,6008.0,3.6566666666666667,9.0,91.78777777777776,37.111111111111114,1.4980026631158456
edf47,IMG_12,6014.0,4286.0,476.22222222222223,9.0,1115.3000000000004,357.48888888888877,4562.0,4562,3,1030.0,1.0,6014.0,4.265454545454545,11.0,96.77727272727272,41.45454545454545,1.8290655138011307
edf47,IMG_13,5751.0,4309.0,331.46153846153845,13.0,996.2153846153847,652.153846153846,4539.0,4539,7,758.0,1.0,5751.0,3.2492307692307687,13.0,84.18846153846154,34.92307692307692,2.2604764388801946
edf47,IMG_14,5719.0,4199.0,349.91666666666674,12.0,1009.275,507.28333333333336,4507.0,4507,3,726.0,1.0,5719.0,4.048333333333333,12.0,100.19916666666666,40.5,2.098268928134289
edf47,IMG_15,6107.0,4465.0,558.125,8.0,933.425,426.7125,4794.0,3552,2,1462.0,0.7409261576971214,6107.0,1.625,8.0,58.83875,24.75,1.3099721630915342
edf47,IMG_16,6019.0,4475.0,559.375,8.0,873.6999999999998,529.6,4703.0,3987,3,1292.0,0.8477567510099936,6019.0,3.3175000000000003,8.0,86.2175,36.25,1.3291244392756272
edf47,IMG_17,6050.0,4568.0,351.3846153846154,13.0,990.7615384615384,397.4307692307692,4592.0,4592,3,1058.0,1.0,6050.0,2.279230769230769,13.0,69.96846153846154,30.76923076923077,2.1487603305785123
edf47,IMG_18,5739.0,4217.0,351.41666666666674,12.0,979.0083333333333,681.85,4525.0,4525,5,760.0,1.0,5739.0,3.9769230769230766,13.0,91.64,36.769230769230774,2.265202997037812
edf48,IMG_01,5762.0,3484.0,248.85714285714286,14.0,792.2357142857144,615.3357142857143,3606.0,3240,5,1058.0,0.8985024958402662,5762.0,3.2231250000000005,16.0,211.784375,97.25,2.7768136063866717
edf48,IMG_02,6148.0,3594.0,359.4,10.0,1004.77,440.44,3850.0,3850,3,1142.0,1.0,6148.0,2.7769999999999997,10.0,196.475,115.6,1.6265452179570592
edf48,IMG_03,5874.0,3674.0,244.9333333333333,15.0,865.1733333333333,454.30666666666673,3961.0,3652,4,1210.0,0.9219893966170161,5874.0,4.3375,16.0,254.14625,65.375,2.7238678924072186
edf48,IMG_04,6148.0,3726.0,232.875,16.0,844.8562499999998,449.425,3915.0,3012,6,1386.0,0.7693486590038314,6148.0,2.450625,16.0,157.2625,67.125,2.602472348731295
edf48,IMG_05,6084.0,3648.0,304.0,12.0,1056.0166666666667,501.2833333333333,3820.0,3198,3,1094.0,0.8371727748691099,6084.0,2.7807692307692307,13.0,187.10461538461536,91.23076923076924,2.1367521367521367
edf48,IMG_06,6122.0,3758.0,417.5555555555555,9.0,915.7333333333332,510.6555555555555,3968.0,3968,5,1420.0,1.0,6122.0,2.648,10.0,215.551,101.4,1.6334531198954592
edf48,IMG_07,5825.0,3715.0,232.1875,16.0,965.3125,436.15,3901.0,3577,3,1112.0,0.9169443732376312,5825.0,2.1852941176470586,17.0,132.53411764705882,77.05882352941177,2.918454935622317
edf48,IMG_08,5715.0,3807.0,317.25,12.0,841.4416666666666,473.4083333333333,4017.0,4017,5,726.0,1.0,5715.0,2.4525,12.0,127.3225,81.0,2.0997375328083994
edf48,IMG_09,5801.0,3755.0,341.3636363636364,11.0,890.2363636363636,468.39090909090913,3969.0,3357,4,908.0,0.8458049886621315,5801.0,1.7125,12.0,194.995,98.83333333333331,2.068608860541286
edf48,IMG_10,5979.0,3824.0,347.6363636363636,11.0,870.4090909090909,487.0272727272728,4027.0,3654,6,1220.0,0.9073752172833376,5979.0,3.648333333333333,12.0,142.42,81.66666666666667,2.007024586051179
edf48,IMG_11,6107.0,3755.0,288.84615384615387,13.0,764.969230769231,618.4307692307692,3975.0,3395,3,1372.0,0.8540880503144654,6107.0,3.088461538461538,13.0,126.44076923076919,78.0,2.1287047650237434
edf48,IMG_12,6032.0,3648.0,260.57142857142856,14.0,851.1642857142857,415.0214285714286,3717.0,3104,6,1308.0,0.8350820554210385,6032.0,3.9842857142857144,14.0,178.47214285714287,90.85714285714286,2.3209549071618043
edf48,IMG_13,5807.0,3543.0,236.2,15.0,901.4666666666667,720.2266666666667,3641.0,2997,5,1012.0,0.8231255149684152,5807.0,2.14625,16.0,208.441875,91.125,2.755295333218529
edf48,IMG_14,6056.0,3724.0,266.0,14.0,922.2142857142856,530.8071428571428,3892.0,3892,3,1186.0,1.0,6056.0,1.848,15.0,207.06133333333332,79.73333333333333,2.4768824306472923
edf48,IMG_15,5673.0,3633.0,302.75,12.0,883.4083333333333,586.9416666666667,3747.0,2624,6,866.0,0.7002935681878837,5673.0,2.2638461538461536,13.0,175.9815384615385,99.84615384615385,2.2915564956812973
edf48,IMG_16,6059.0,3603.0,300.25,12.0,887.7083333333335,713.2916666666665,3854.0,2107,6,1344.0,0.5467047223663726,6059.0,2.520833333333333,12.0,199.22916666666663,94.66666666666669,1.9805248390823569
edf48,IMG_17,6081.0,3873.0,297.92307692307685,13.0,958.7769230769233,540.2692307692306,4109.0,3715,5,1092.0,0.9041129228522756,6081.0,2.5223076923076917,13.0,110.69307692307692,67.69230769230771,2.137806281861536
edf48,IMG_18,5726.0,3762.0,470.25,8.0,943.5875,733.55,3878.0,3762,4,1026.0,0.9700876740587931,5726.0,4.04,9.0,226.5888888888889,140.88888888888889,1.5717778553964372
edf49,IMG_01,5776.0,3976.0,220.88888888888889,18.0,931.4333333333336,493.5,4199.0,4199,9,787.0,1.0,5776.0,3.287222222222223,18.0,96.92833333333334,43.88888888888889,3.1163434903047094
edf49,IMG_02,5892.0,4312.0,359.33333333333326,12.0,979.7583333333333,399.775,4553.0,4312,5,1174.0,0.9470678673402152,5892.0,2.0725,12.0,76.81,36.16666666666666,2.0366598778004072
edf49,IMG_03,6088.0,4132.0,243.05882352941174,17.0,926.5470588235297,478.54117647058814,4330.0,2956,8,1098.0,0.6826789838337183,6088.0,4.630000000000001,17.0,105.35588235294115,38.8235294117647,2.7923784494086727
edf49,IMG_04,5885.0,4179.0,261.1875,16.0,919.76875,487.3875,4456.0,4456,6,895.0,1.0,5885.0,3.29625,16.0,85.40937500000003,33.375,2.7187765505522514
edf49,IMG_05,5819.0,3591.0,224.4375,16.0,909.7125,398.05,3762.0,3762,10,891.0,1.0,5819.0,3.954375,16.0,138.90375,72.875,2.7496133356246784
edf49,IMG_06,6144.0,4360.0,396.3636363636364,11.0,981.381818181818,479.09090909090895,4664.0,3392,4,1490.0,0.7272727272727273,6144.0,2.4436363636363634,11.0,73.54636363636364,29.63636363636364,1.7903645833333333
edf49,IMG_07,5932.0,4114.0,228.55555555555557,18.0,925.6888888888888,340.2888888888889,4350.0,4350,9,942.0,1.0,5932.0,3.525555555555555,18.0,92.4277777777778,35.555555555555564,3.034389750505732
edf49,IMG_08,5958.0,4160.0,244.70588235294116,17.0,849.6235294117647,440.5941176470588,4472.0,4228,11,976.0,0.945438282647585,5958.0,2.31,18.0,113.62611111111113,39.111111111111114,3.0211480362537766
edf49,IMG_09,6087.0,4167.0,297.64285714285717,14.0,1016.7428571428572,468.38571428571436,4455.0,3933,8,1402.0,0.8828282828282829,6087.0,2.302142857142857,14.0,128.27928571428578,38.142857142857146,2.299983571545918
edf49,IMG_10,6134.0,4276.0,237.55555555555557,18.0,941.7722222222225,434.05,4465.0,4197,11,1145.0,0.9399776035834266,6134.0,2.4683333333333333,18.0,77.07944444444443,29.11111111111111,2.9344636452559505
edf49,IMG_11,6120.0,3976.0,233.88235294117646,17.0,975.3529411764708,492.4352941176471,4265.0,2660,7,1462.0,0.6236811254396248,6120.0,3.707647058823529,17.0,112.90117647058821,42.588235294117645,2.7777777777777777
edf49,IMG_12,5930.0,3842.0,274.42857142857144,14.0,1051.3428571428572,436.9428571428571,4104.0,3754,4,940.0,0.9147173489278752,5930.0,3.232857142857143,14.0,144.56428571428572,63.28571428571429,2.360876897133221
edf49,IMG_13,5726.0,3994.0,249.625,16.0,876.1250000000001,662.95,4236.0,2726,6,1000.0,0.6435316336166195,5726.0,3.332941176470588,17.0,128.76529411764707,45.88235294117647,2.9689137268599373
edf49,IMG_14,5934.0,4096.0,273.06666666666666,15.0,926.8466666666666,566.4600000000003,4389.0,4047,6,943.0,0.9220779220779219,5934.0,4.983333333333333,15.0,103.45866666666667,40.13333333333333,2.527805864509605
edf49,IMG_15,5915.0,4011.0,286.5,14.0,923.6142857142858,417.4214285714287,4309.0,3721,4,1356.0,0.8635414249245764,5915.0,1.9866666666666668,15.0,132.632,49.2,2.53592561284869
edf49,IMG_16,5689.0,4287.0,329.76923076923083,13.0,957.3923076923076,585.4230769230769,4535.0,3859,6,972.0,0.8509371554575523,5689.0,3.2092307692307687,13.0,83.5623076923077,34.92307692307692,2.2851116189136933
edf49,IMG_17,6119.0,4240.0,265.0,16.0,960.4,461.31875,4504.0,4160,4,1114.0,0.9236234458259324,6119.0,2.3011764705882354,17.0,67.69470588235295,30.470588235294123,2.778231737211963
edf49,IMG_18,6124.0,4246.0,386.0,11.0,975.3272727272728,550.4909090909091,4550.0,4550,7,1132.0,1.0,6124.0,4.6463636363636365,11.0,98.94363636363636,40.18181818181818,1.7962116263879817
edf50,IMG_01,5874.0,4094.0,511.75,8.0,934.8625,688.6625,4274.0,3240,3,882.0,0.7580720636406177,5874.0,3.535,8.0,155.185,89.75,1.3619339462036093
edf50,IMG_02,5986.0,3388.0,242.0,14.0,899.8214285714287,543.4357142857142,3546.0,3546,5,994.0,1.0,5986.0,2.18,15.0,155.78466666666668,97.6,2.505846976277982
edf50,IMG_03,6022.0,3804.0,237.75,16.0,772.0749999999997,676.09375,4038.0,3800,3,1030.0,0.941059930658742,6022.0,1.9675,16.0,107.280625,59.625,2.6569246097641983
edf50,IMG_04,5695.0,4615.0,4615.0,1.0,827.7,518.3,4966.0,4966,1,703.0,1.0,5695.0,2.01,1.0,76.55,26.0,0.17559262510974538
edf50,IMG_05,5776.0,3812.0,238.25,16.0,887.30625,543.775,3875.0,2873,6,783.0,0.7414193548387097,5776.0,2.766875,16.0,145.8935294117647,66.94117647058823,2.770083102493075
edf50,IMG_06,5738.0,4048.0,506.0,8.0,919.2125,536.0500000000002,4302.0,4302,3,944.0,1.0,5738.0,2.478888888888889,9.0,149.62111111111108,82.0,1.5684907633321714
edf50,IMG_07,5707.0,3651.0,365.1,10.0,1005.71,386.02,4294.0,3651,3,1394.0,0.8502561714019562,5707.0,2.427,10.0,108.306,69.8,1.7522340984755564
edf50,IMG_08,5832.0,3678.0,204.33333333333331,18.0,882.338888888889,532.25,3946.0,3876,5,872.0,0.9822605169792196,5832.0,1.9873684210526317,19.0,127.67368421052629,68.84210526315789,3.2578875171467763
edf50,IMG_09,6111.0,3105.0,3105.0,1.0,942.9,598.1,4792.0,4792,1,1119.0,1.0,6111.0,1.59,1.0,393.49,200.0,0.16363933889707086
edf50,IMG_10,6044.0,3442.0,229.46666666666667,15.0,867.7066666666667,569.3133333333334,3582.0,3582,6,1086.0,1.0,6044.0,2.184705882352941,17.0,171.12823529411762,93.05882352941177,2.8127068166776965
edf50,IMG_11,6041.0,3901.0,278.64285714285717,14.0,811.4428571428572,680.7785714285714,3915.0,3057,4,1048.0,0.7808429118773946,6041.0,2.3821428571428576,14.0,168.15642857142856,77.0,2.317497103128621
edf50,IMG_12,5771.0,3681.0,193.73684210526315,19.0,930.9210526315793,472.89473684210526,3805.0,2537,7,1158.0,0.666754270696452,5771.0,3.4865000000000004,20.0,116.794,65.6,3.4656038814763472
edf50,IMG_13,5797.0,3918.0,230.4705882352941,17.0,801.7823529411763,802.9235294117647,4084.0,1360,4,910.0,0.3330068560235064,5797.0,2.184444444444444,18.0,118.42736842105263,53.57894736842106,3.1050543384509237
edf50,IMG_14,5901.0,3905.0,260.3333333333333,15.0,967.3266666666664,642.2733333333333,4072.0,3919,2,909.0,0.9624263261296658,5901.0,3.1993333333333336,15.0,125.27,61.33333333333334,2.541942043721403
edf50,IMG_15,5738.0,3534.0,321.27272727272725,11.0,891.1727272727272,596.5818181818181,3817.0,2422,3,2076.0,0.6345297353942887,5738.0,2.118181818181818,11.0,170.67363636363638,106.9090909090909,1.917044266294876
edf50,IMG_16,5828.0,3928.0,357.09090909090907,11.0,875.9909090909091,748.1909090909091,4089.0,1663,4,835.0,0.4067009048667156,5828.0,2.9209090909090905,11.0,125.68454545454546,82.18181818181819,1.887439945092656
edf50,IMG_17,5776.0,3022.0,215.85714285714286,14.0,901.5214285714287,652.7714285714286,3286.0,2576,3,1384.0,0.7839318320146075,5776.0,2.955625,16.0,218.813125,111.25,2.770083102493075
edf50,IMG_18,5909.0,4409.0,2204.5,2.0,927.95,862.25,4754.0,4409,1,1302.0,0.9274295330248212,5909.0,2.9450000000000003,2.0,219.725,119.0,0.33846674564224066
