participant_id,trial_id,language,session_type,sentence_type,fixation_trial_length_ms,fixation_total_fixation_duration,fixation_mean_fixation_duration,fixation_fixation_count,fixation_mean_fixation_x,fixation_mean_fixation_y,interest_area_trial_length_ms,interest_area_total_interest_area_dwell_time,interest_area_total_interest_area_entry_count,interest_area_min_time_to_first_fixation,interest_area_interest_area_dwell_time_normalized,saccade_trial_length_ms,saccade_mean_saccade_amplitude,saccade_saccade_count,saccade_mean_saccade_velocity,saccade_mean_saccade_duration,saccade_saccade_rate,audio,exp_id,image,image_id,sentence,stim_id,stimulus_file,voice_id,grammatical_voice,agent_first_alignment,agent_overt,passive_cost_contrast,dropped_agent_contrast,baseline_fixation_trial_length_ms,baseline_fixation_total_fixation_duration,baseline_fixation_mean_fixation_duration,baseline_fixation_fixation_count,baseline_fixation_mean_fixation_x,baseline_fixation_mean_fixation_y,baseline_interest_area_trial_length_ms,baseline_interest_area_total_interest_area_dwell_time,baseline_interest_area_total_interest_area_entry_count,baseline_interest_area_min_time_to_first_fixation,baseline_interest_area_interest_area_dwell_time_normalized,baseline_saccade_trial_length_ms,baseline_saccade_mean_saccade_amplitude,baseline_saccade_saccade_count,baseline_saccade_mean_saccade_velocity,baseline_saccade_mean_saccade_duration,baseline_saccade_saccade_rate,baseline_source,delta_fixation_trial_length_ms,delta_fixation_total_fixation_duration,delta_fixation_mean_fixation_duration,delta_fixation_fixation_count,delta_fixation_mean_fixation_x,delta_fixation_mean_fixation_y,delta_interest_area_trial_length_ms,delta_interest_area_total_interest_area_dwell_time,delta_interest_area_total_interest_area_entry_count,delta_interest_area_min_time_to_first_fixation,delta_interest_area_interest_area_dwell_time_normalized,delta_saccade_trial_length_ms,delta_saccade_mean_saccade_amplitude,delta_saccade_saccade_count,delta_saccade_mean_saccade_velocity,delta_saccade_mean_saccade_duration,delta_saccade_saccade_rate,neg_delta_saccade_mean_saccade_amplitude,z_delta_fixation_mean_fixation_duration,z_delta_fixation_total_fixation_duration,z_delta_fixation_fixation_count,z_delta_interest_area_total_interest_area_dwell_time,z_neg_delta_saccade_mean_saccade_amplitude,cognitive_load_index
edf01,19,Punjabi,sentence_audio,active,10523.0,4441.0,888.2,5.0,1035.74,559.2,4833.0,4833,3,5530.0,1.0,10523.0,2.8760000000000003,5.0,85.38199999999998,32.0,0.4751496721467262,exp_images/audio\PUNJABI\letter.wav,IMG_17_P_ACT,exp_images/images/women_read_letter.jpg,IMG_17,exp_images/sentences/Letter.jpg,STIM_17,stimuli_list_subj_1_a.csv,ACT,active,agent_first,agent_overt,0.0,,6032.0,4388.0,487.5555555555555,9.0,1047.0666666666666,630.8222222222222,4675.0,4675,2,1039.0,1.0,6032.0,2.1,9.0,75.93666666666667,35.333333333333336,1.4920424403183024,participant_image,4491.0,53.0,400.64444444444456,-4.0,-11.326666666666597,-71.62222222222215,158.0,158,1,4491.0,0.0,4491.0,0.7760000000000002,-4.0,9.44533333333331,-3.3333333333333357,-1.016892768171576,-0.7760000000000002,0.7825588511912561,0.3257861290325154,-0.7026252378333078,0.3018666243887997,-0.562382009085066,0.029040871538839497
edf01,20,Punjabi,sentence_audio,active,11049.0,4515.0,564.375,8.0,943.75,462.15,4726.0,4726,5,6057.0,1.0,11049.0,1.88625,8.0,88.41874999999997,33.25,0.7240474251063445,exp_images/audio\PUNJABI\bucket.wav,IMG_09_P_ACT,exp_images/images/boy_filled_bucket.jpg,IMG_09,exp_images/sentences/Bucket.jpg,STIM_09,stimuli_list_subj_1_a.csv,ACT,active,agent_first,agent_overt,0.0,,5757.0,4285.0,389.54545454545456,11.0,1017.8181818181816,550.5363636363637,4559.0,4317,5,764.0,0.9469181838122396,5757.0,2.2763636363636364,11.0,87.36636363636362,39.45454545454545,1.9107173875282264,participant_image,5292.0,230.0,174.82954545454544,-3.0,-74.06818181818164,-88.38636363636374,167.0,409,0,5293.0,0.05308181618776042,5292.0,-0.3901136363636364,-3.0,1.0523863636363586,-6.204545454545453,-1.186669962421882,0.3901136363636364,0.3176680564899463,0.7041612870634102,-0.4745181764820781,0.6175015838392401,0.23455882893927196,0.2798743159699581
edf01,21,Punjabi,sentence_audio,active,10744.0,4438.0,634.0,7.0,943.4571428571428,706.6714285714287,4616.0,4438,1,6162.0,0.9614384748700172,10744.0,2.795,8.0,135.28625,47.25,0.7446016381236039,exp_images/audio\PUNJABI\clothes.wav,IMG_06_P_ACT,exp_images/images/women_fold_clothes.jpg,IMG_06,exp_images/sentences/Folded-clothes.jpg,STIM_06,stimuli_list_subj_1_a.csv,ACT,active,agent_first,agent_overt,0.0,,5816.0,4206.0,350.5,12.0,934.5833333333335,579.8083333333333,4495.0,4495,3,823.0,1.0,5816.0,2.431666666666666,12.0,116.9,41.5,2.0632737276478683,participant_image,4928.0,232.0,283.5,-5.0,8.873809523809314,126.86309523809541,121.0,-57,-2,5339.0,-0.03856152512998279,4928.0,0.36333333333333373,-4.0,18.38624999999999,5.75,-1.3186720895242643,-0.36333333333333373,0.541390646098388,0.7084367125778835,-0.9307322991845375,0.03150201768822324,-0.2803589635578894,0.014047622724413589
edf01,22,Punjabi,sentence_audio,passive,10317.0,4155.0,461.66666666666674,9.0,940.1111111111113,423.89999999999986,4217.0,4217,5,5324.0,1.0,10317.0,1.9366666666666663,9.0,180.08444444444442,86.22222222222223,0.8723466123873219,exp_images/audio\PUNJABI\p_door.wav,IMG_10_P_PWA,exp_images/images/boy_opened_door.jpg,IMG_10,exp_images/sentences/Closed-door-passive.jpg,STIM_28,stimuli_list_subj_1_a.csv,PWA,passive_with_agent,non_agent_first,agent_overt,1.0,0.0,5833.0,4313.0,431.3,10.0,876.4399999999998,622.5,4705.0,4705,4,840.0,1.0,5833.0,2.367,10.0,75.407,28.8,1.7143836790673752,participant_image,4484.0,-158.0,30.36666666666673,-1.0,63.671111111111486,-198.60000000000014,-488.0,-488,1,4484.0,0.0,4484.0,-0.4303333333333337,-1.0,104.67744444444442,57.42222222222223,-0.8420370666800533,0.4303333333333337,0.020258705623597877,-0.12527126274442701,-0.018304053779618773,-0.5104847055115369,0.26204561754082495,-0.07435113977423197
edf01,23,Punjabi,sentence_audio,passive,10772.0,4182.0,1045.5,4.0,930.45,461.07499999999993,4832.0,4832,3,5780.0,1.0,10772.0,3.925,4.0,94.4575,40.0,0.3713330857779428,exp_images/audio\PUNJABI\p_lamp.wav,IMG_01_P_PWA,exp_images/images/girl_lighted_lamp.jpg,IMG_01,exp_images/sentences/Lamp-passive.jpg,STIM_19,stimuli_list_subj_1_a.csv,PWA,passive_with_agent,non_agent_first,agent_overt,1.0,0.0,6020.0,4282.0,356.83333333333326,12.0,851.5999999999998,566.4499999999998,4582.0,4582,6,1030.0,1.0,6020.0,3.376666666666667,12.0,91.265,34.0,1.9933554817275752,participant_image,4752.0,-100.0,688.6666666666667,-8.0,78.85000000000025,-105.37499999999989,250.0,250,-3,4750.0,0.0,4752.0,0.5483333333333329,-8.0,3.1924999999999955,6.0,-1.6220223959496325,-0.5483333333333329,1.3755174220361122,-0.0012839228246987685,-1.6150534832382264,0.4175575258606743,-0.40679094277241473,-0.04601068018771069
edf01,24,Punjabi,sentence_audio,passive,10554.0,4154.0,415.4,10.0,912.8,440.0199999999999,4452.0,4452,5,5562.0,1.0,10554.0,3.5510000000000006,10.0,131.74400000000003,54.0,0.9475080538184576,exp_images/audio\PUNJABI\p_scooter.wav,IMG_14_P_PWA,exp_images/images/driver_wash_scooter.jpg,IMG_14,exp_images/sentences/Washed-scooter-passive.jpg,STIM_32,stimuli_list_subj_1_a.csv,PWA,passive_with_agent,non_agent_first,agent_overt,1.0,0.0,5837.0,4203.0,280.2,15.0,1041.7066666666665,532.3533333333332,4540.0,4540,3,845.0,1.0,5837.0,2.936666666666666,15.0,85.16933333333334,30.13333333333333,2.5698132602364234,participant_image,4717.0,-49.0,135.2,-5.0,-128.90666666666652,-92.33333333333331,-88.0,-88,2,4717.0,0.0,4717.0,0.6143333333333345,-5.0,46.57466666666669,23.86666666666667,-1.6223052064179657,-0.6143333333333345,0.23608171757951232,0.10773942779437261,-0.9307322991845375,-0.007480786068604062,-0.4518964056273278,-0.20925766910131688
edf01,25,Punjabi,sentence_audio,passive_dropped_agent,10864.0,4400.0,550.0,8.0,1087.85,390.17500000000007,4658.0,4658,6,5872.0,1.0,10864.0,2.6612499999999994,8.0,100.185,41.75,0.7363770250368188,exp_images/audio\PUNJABI\p_woa_box.wav,IMG_05_P_PNA,exp_images/images/man_pushed_box.jpg,IMG_05,exp_images/sentences/Pushed-box-woa.jpg,STIM_41,stimuli_list_subj_1_a.csv,PNA,passive_dropped_agent,non_agent_first,agent_dropped,1.0,1.0,6136.0,4424.0,402.1818181818182,11.0,883.0454545454545,427.9,4673.0,4673,5,1143.0,1.0,6136.0,2.7572727272727278,11.0,79.91,29.09090909090909,1.7926988265971318,participant_image,4728.0,-24.0,147.8181818181818,-3.0,204.8045454545454,-37.72499999999991,-15.0,-15,1,4729.0,0.0,4728.0,-0.09602272727272831,-3.0,20.275000000000006,12.65909090909091,-1.0563218015603129,0.09602272727272831,0.2620590848806954,0.16118224672528997,-0.4745181764820781,0.08431742922973119,0.03357236566704107,0.013322590004135904
edf01,26,Punjabi,sentence_audio,passive_dropped_agent,10411.0,4413.0,630.4285714285714,7.0,908.4857142857144,582.3,4669.0,4305,5,5418.0,0.9220389805097452,10411.0,3.6142857142857134,7.0,110.32428571428572,46.28571428571429,0.6723657669772356,exp_images/audio\PUNJABI\p_woa_sapling.wav,IMG_03_P_PNA,exp_images/images/girl_plant_tree.jpg,IMG_03,exp_images/sentences/Sapling-woa.jpg,STIM_39,stimuli_list_subj_1_a.csv,PNA,passive_dropped_agent,non_agent_first,agent_dropped,1.0,1.0,6095.0,4223.0,301.64285714285717,14.0,804.3214285714283,666.6999999999998,4475.0,3817,5,1102.0,0.8529608938547486,6095.0,2.7935714285714286,14.0,90.23285714285716,37.0,2.2969647251845777,participant_image,4316.0,190.0,328.7857142857143,-7.0,104.16428571428605,-84.39999999999986,194.0,488,0,4316.0,0.0690780866549966,4316.0,0.8207142857142848,-7.0,20.091428571428565,9.285714285714292,-1.6245989582073421,-0.8207142857142848,0.6346214816060305,0.6186527767739425,-1.3869464218869967,0.7168448579292194,-0.5929404720149082,-0.0019535555185425046
edf01,27,Punjabi,sentence_audio,passive_dropped_agent,11145.0,4247.0,353.91666666666674,12.0,848.6416666666668,403.01666666666665,4425.0,3761,6,6152.0,0.8499435028248588,11145.0,1.8858333333333333,12.0,174.32083333333333,47.33333333333334,1.0767160161507403,exp_images/audio\PUNJABI\p_woa_shrub.wav,IMG_04_P_PNA,exp_images/images/man_cut_shrub.jpg,IMG_04,exp_images/sentences/Shrub-woa.jpg,STIM_40,stimuli_list_subj_1_a.csv,PNA,passive_dropped_agent,non_agent_first,agent_dropped,1.0,1.0,6125.0,4327.0,309.07142857142856,14.0,910.9285714285713,593.9785714285715,4575.0,4575,5,1132.0,1.0,6125.0,2.7821428571428566,14.0,82.73357142857142,29.857142857142854,2.2857142857142856,participant_image,5020.0,-80.0,44.84523809523819,-2.0,-62.286904761904566,-190.96190476190486,-150.0,-814,1,5020.0,-0.15005649717514125,5020.0,-0.8963095238095233,-2.0,91.5872619047619,17.47619047619049,-1.2089982695635453,0.8963095238095233,0.050066103663659635,0.04147033232003511,-0.24641111513084843,-0.9204328998575273,0.5805012501286605,-0.09896126577520412
edf01,28,English,sentence_audio,active,11082.0,4372.0,546.5,8.0,817.6625,615.15,4566.0,3998,3,6090.0,0.8756022777047744,11082.0,2.605,8.0,116.80375,53.25,0.7218913553510197,exp_images/audio\ENGLISH\dug.wav,IMG_13_E_ACT,exp_images/images/dog_dug_hole.jpg,IMG_13,exp_images/sentences/active_dog_hole.jpg,STIM_67,stimuli_list_subj_1_a.csv,ACT,active,agent_first,agent_overt,0.0,,6045.0,4475.0,406.8181818181818,11.0,881.3181818181821,680.8818181818183,4657.0,3236,4,1052.0,0.6948679407343784,6045.0,3.3572727272727283,11.0,89.06181818181818,30.54545454545455,1.8196856906534329,participant_image,5037.0,-103.0,139.6818181818182,-3.0,-63.655681818182074,-65.73181818181831,-91.0,762,-1,5038.0,0.18073433697039598,5037.0,-0.7522727272727283,-3.0,27.74193181818181,22.70454545454545,-1.0977943353024133,0.7522727272727283,0.2453085490488807,-0.0076970610964088495,-0.4745181764820781,1.0614025427476284,0.48206418382667693,0.2613120076089398
edf01,29,English,sentence_audio,active,10430.0,4402.0,628.8571428571429,7.0,873.9285714285713,309.15714285714284,4691.0,4402,3,5762.0,0.9383926668087827,10430.0,2.5457142857142863,7.0,221.64000000000004,43.14285714285715,0.6711409395973155,exp_images/audio\ENGLISH\frisbee.wav,IMG_12_E_ACT,exp_images/images/child_throw_frisbee.jpg,IMG_12,exp_images/sentences/active_child_frisbee.jpg,STIM_66,stimuli_list_subj_1_a.csv,ACT,active,agent_first,agent_overt,0.0,,5654.0,4344.0,334.15384615384613,13.0,1026.6076923076923,460.5846153846154,4585.0,3884,3,928.0,0.8471101417666304,5654.0,2.927692307692308,13.0,83.85384615384616,31.384615384615387,2.2992571630703926,participant_image,4776.0,58.0,294.70329670329676,-6.0,-152.679120879121,-151.42747252747256,106.0,518,0,4834.0,0.0912825250421524,4776.0,-0.3819780219780218,-6.0,137.78615384615387,11.758241758241766,-1.6281162234730773,0.3819780219780218,0.5644551539363017,0.33647469281869885,-1.1588393605357672,0.7545701518874394,0.22899881905332914,0.1451318914320004
edf01,30,English,sentence_audio,active,10254.0,4362.0,436.2,10.0,883.3800000000001,469.66,4578.0,4158,3,5514.0,0.908256880733945,10254.0,3.338,10.0,132.02000000000004,41.4,0.9752291788570314,exp_images/audio\ENGLISH\tabla.wav,IMG_11_E_ACT,exp_images/images/child_play_tabla.jpg,IMG_11,exp_images/sentences/active_child_tabla.jpg,STIM_65,stimuli_list_subj_1_a.csv,ACT,active,agent_first,agent_overt,0.0,,5883.0,4445.0,444.5,10.0,807.0199999999999,614.1899999999998,4698.0,4445,3,1176.0,0.9461472967220094,5883.0,2.502,10.0,73.57,29.4,1.6998130205677375,participant_image,4371.0,-83.0,-8.300000000000011,0.0,76.36000000000024,-144.5299999999998,-120.0,-287,0,4338.0,-0.03789041598806442,4371.0,0.8360000000000003,0.0,58.450000000000045,12.0,-0.7245838417107061,-0.8360000000000003,-0.05934533058271737,0.035057194048325024,0.20980300757161088,-0.2577252359914632,-0.6033869753168042,-0.13511946805420977
edf01,31,English,sentence_audio,passive,10196.0,4460.0,446.0,10.0,1005.71,321.69,4711.0,4711,3,5203.0,1.0,10196.0,2.281,10.0,72.544,28.2,0.9807767752059632,exp_images/audio\ENGLISH\p_artist.wav,IMG_07_E_PWA,exp_images/images/artiste_drew_picture.jpg,IMG_07,exp_images/sentences/passive_artist_picture.jpg,STIM_79,stimuli_list_subj_1_a.csv,PWA,passive_with_agent,non_agent_first,agent_overt,1.0,0.0,6040.0,4310.0,307.85714285714283,14.0,952.4642857142856,363.8571428571428,4534.0,4344,4,1048.0,0.9580943978826644,6040.0,3.031428571428571,14.0,81.04428571428572,32.714285714285715,2.3178807947019866,participant_image,4156.0,150.0,138.14285714285717,-4.0,53.245714285714485,-42.16714285714278,177.0,367,-1,4155.0,0.04190560211733563,4156.0,-0.750428571428571,-4.0,-8.500285714285724,-4.514285714285716,-1.3371040194960235,0.750428571428571,0.24214025136959894,0.5331442664844747,-0.7026252378333078,0.5646861722977322,0.48080385802474807,0.2236298620686492
edf01,32,English,sentence_audio,passive,10912.0,4486.0,747.6666666666665,6.0,971.6,636.0333333333333,4784.0,4692,1,5920.0,0.9807692307692308,10912.0,1.18,6.0,68.71666666666665,34.666666666666664,0.5498533724340176,exp_images/audio\ENGLISH\p_cake.wav,IMG_15_E_PWA,exp_images/images/girl_baked_cake.jpg,IMG_15,exp_images/sentences/passive_girl_cake.jpg,STIM_87,stimuli_list_subj_1_a.csv,PWA,passive_with_agent,non_agent_first,agent_overt,1.0,0.0,5800.0,4352.0,435.2,10.0,859.18,482.87,4725.0,3653,2,807.0,0.7731216931216931,5800.0,1.985,10.0,66.613,26.8,1.7241379310344829,participant_image,5112.0,134.0,312.4666666666665,-4.0,112.42000000000007,153.1633333333333,59.0,1039,-1,5113.0,0.20764753764753774,5112.0,-0.8050000000000002,-4.0,2.103666666666655,7.866666666666664,-1.1742845586004653,0.8050000000000002,0.6010250490839808,0.4989408623686876,-0.7026252378333078,1.4097327569618596,0.5180988511212341,0.4650344563404909
edf01,33,English,sentence_audio,passive,10400.0,4422.0,442.2,10.0,1095.98,499.54,4653.0,4422,5,5674.0,0.950354609929078,10400.0,3.528,10.0,94.479,34.0,0.9615384615384616,exp_images/audio\ENGLISH\p_window.wav,IMG_02_E_PWA,exp_images/images/girl_opened_window.jpg,IMG_02,exp_images/sentences/passive_girl_window.jpg,STIM_74,stimuli_list_subj_1_a.csv,PWA,passive_with_agent,non_agent_first,agent_overt,1.0,0.0,5942.0,4304.0,307.42857142857144,14.0,1026.3,583.6071428571429,4574.0,4304,4,1252.0,0.9409707039790118,5942.0,2.7464285714285714,14.0,84.01000000000002,29.857142857142854,2.3561090541905085,participant_image,4458.0,118.0,134.77142857142854,-4.0,69.68000000000006,-84.06714285714287,79.0,118,1,4422.0,0.009383905950066218,4458.0,0.7815714285714286,-4.0,10.46899999999998,4.142857142857146,-1.3945705926520469,-0.7815714285714286,0.2351994068333832,0.4647374582529005,-0.7026252378333078,0.2515662324445064,-0.5661896130922986,-0.06346235067896326
edf01,34,English,sentence_audio,passive_dropped_agent,10936.0,4620.0,924.0,5.0,915.82,621.76,4800.0,3500,3,5944.0,0.7291666666666666,10936.0,2.5580000000000003,5.0,80.208,38.4,0.457205559619605,exp_images/audio\ENGLISH\p_woa_fed.wav,IMG_16_E_PNA,exp_images/images/girl_fed_dog.jpg,IMG_16,exp_images/sentences/noagent_girl_dog.jpg,STIM_106,stimuli_list_subj_1_a.csv,PNA,passive_dropped_agent,non_agent_first,agent_dropped,1.0,1.0,5812.0,4276.0,328.92307692307685,13.0,895.1769230769231,694.7384615384615,4512.0,2722,4,820.0,0.6032801418439716,5812.0,2.8453846153846163,13.0,89.03615384615385,36.92307692307692,2.2367515485203033,participant_image,5124.0,344.0,595.0769230769231,-8.0,20.643076923076933,-72.97846153846149,288.0,778,-1,5124.0,0.12588652482269502,5124.0,-0.287384615384616,-8.0,-8.828153846153853,1.4769230769230788,-1.7795459889006984,0.287384615384616,1.1828418702104821,0.9478605413883933,-1.6150534832382264,1.0815226995253457,0.16435216166820116,0.35230475791083915
edf01,35,English,sentence_audio,passive_dropped_agent,10851.0,4336.0,361.33333333333326,12.0,1063.8083333333334,603.8333333333334,4514.0,3680,4,6074.0,0.8152414709791759,10851.0,4.505384615384615,13.0,99.97384615384615,38.153846153846146,1.1980462630172333,exp_images/audio\ENGLISH\p_woa_veg.wav,IMG_18_E_PNA,exp_images/images/boy_cut_vegetables.jpg,IMG_18,exp_images/sentences/noagent_boy_vegetables.jpg,STIM_108,stimuli_list_subj_1_a.csv,PNA,passive_dropped_agent,non_agent_first,agent_dropped,1.0,1.0,5710.0,4446.0,494.0,9.0,1001.8666666666667,850.4666666666667,4714.0,4714,2,718.0,1.0,5710.0,2.6311111111111107,9.0,81.63555555555557,30.88888888888889,1.5761821366024518,participant_image,5141.0,-110.0,-132.66666666666674,3.0,61.94166666666672,-246.63333333333333,-200.0,-1034,2,5356.0,-0.18475852902082412,5141.0,1.874273504273504,4.0,18.338290598290584,7.264957264957257,-0.3781358735852185,-1.874273504273504,-0.3153821056566499,-0.022661050397065705,0.8941241916252998,-1.1970850555511403,-1.3129598083508613,-0.3907927656660835
edf01,36,English,sentence_audio,passive_dropped_agent,10826.0,3818.0,763.6,5.0,973.06,506.94000000000005,3836.0,3836,1,5834.0,1.0,10826.0,2.7960000000000003,5.0,240.42,231.2,0.4618510992056161,exp_images/audio\ENGLISH\p_woa_vase.wav,IMG_08_E_PNA,exp_images/images/boy_broke_vase.jpg,IMG_08,exp_images/sentences/noagent_boy_vase.jpg,STIM_98,stimuli_list_subj_1_a.csv,PNA,passive_dropped_agent,non_agent_first,agent_dropped,1.0,1.0,5757.0,4649.0,387.41666666666674,12.0,932.2416666666667,534.5666666666666,4665.0,4229,3,764.0,0.9065380493033226,5757.0,2.0691666666666664,12.0,69.58166666666666,27.33333333333333,2.084418968212611,participant_image,5069.0,-831.0,376.1833333333333,-7.0,40.81833333333327,-27.62666666666655,-829.0,-393,-2,5070.0,0.0934619506966774,5069.0,0.7268333333333339,-7.0,170.8383333333333,203.86666666666667,-1.6225678690069947,-0.7268333333333339,0.7322001484015422,-1.563951948364722,-1.3869464218869967,-0.3910212746438404,-0.5287807173118364,-0.6277000427611706
edf02,19,Punjabi,sentence_audio,passive,11187.0,4148.0,460.88888888888886,9.0,961.6111111111113,474.52222222222224,4406.0,4406,3,6194.0,1.0,11187.0,1.5659999999999998,10.0,141.452,59.8,0.8938946992044338,exp_images/audio\PUNJABI\p_letter.wav,IMG_17_P_PWA,exp_images/images/women_read_letter.jpg,IMG_17,exp_images/sentences/Letter-passive.jpg,STIM_35,stimuli_list_subj_2_a.csv,PWA,passive_with_agent,non_agent_first,agent_overt,1.0,0.0,6045.0,2915.0,182.1875,16.0,936.15625,488.375,4198.0,4050,3,1053.0,0.9647451167222488,6045.0,1.2749999999999997,16.0,102.88375,49.625,2.6468155500413566,participant_image,5142.0,1233.0,278.70138888888886,-7.0,25.454861111111313,-13.85277777777776,208.0,356,0,5141.0,0.03525488327775117,5142.0,0.29100000000000015,-6.0,38.56824999999999,10.174999999999997,-1.7529208508369227,-0.29100000000000015,0.531511625082123,2.848287182571814,-1.3869464218869967,0.5508535645130516,-0.23092519871184938,0.46255615031362857
edf02,20,Punjabi,sentence_audio,passive,10494.0,4150.0,377.27272727272725,11.0,945.981818181818,460.5,4326.0,4326,5,5502.0,1.0,10494.0,1.3645454545454545,11.0,151.22545454545454,60.54545454545455,1.0482180293501049,exp_images/audio\PUNJABI\p_bucket.wav,IMG_09_P_PWA,exp_images/images/boy_filled_bucket.jpg,IMG_09,exp_images/sentences/Bucket-passive.jpg,STIM_27,stimuli_list_subj_2_a.csv,PWA,passive_with_agent,non_agent_first,agent_overt,1.0,0.0,6127.0,4247.0,303.35714285714283,14.0,990.2,505.75714285714287,4440.0,4253,2,1135.0,0.9578828828828828,6127.0,1.082142857142857,14.0,79.62357142857142,39.42857142857143,2.2849681736575813,participant_image,4367.0,-97.0,73.91558441558442,-3.0,-44.218181818182074,-45.25714285714287,-114.0,73,3,4367.0,0.04211711711711719,4367.0,0.28240259740259743,-3.0,71.60188311688312,21.116883116883116,-1.2367501443074764,-0.28240259740259743,0.10991395455197757,0.005129215447011313,-0.4745181764820781,0.19497829150717644,-0.22504959532539678,-0.07790926206026191
edf02,21,Punjabi,sentence_audio,passive,10559.0,4025.0,365.9090909090909,11.0,900.0818181818181,516.8636363636364,4375.0,4041,4,5566.0,0.9236571428571428,10559.0,1.2254545454545456,11.0,89.3009090909091,56.18181818181818,1.0417653186854816,exp_images/audio\PUNJABI\p_clothes.wav,IMG_06_P_PWA,exp_images/images/women_fold_clothes.jpg,IMG_06,exp_images/sentences/Folded-clothes-passive.jpg,STIM_24,stimuli_list_subj_2_a.csv,PWA,passive_with_agent,non_agent_first,agent_overt,1.0,0.0,5790.0,4120.0,274.6666666666667,15.0,931.0666666666667,564.4399999999998,4405.0,4120,3,1110.0,0.9353007945516458,5790.0,1.586,15.0,77.92533333333333,39.06666666666667,2.5906735751295336,participant_image,4769.0,-95.0,91.24242424242419,-4.0,-30.984848484848612,-47.57636363636345,-30.0,-79,1,4456.0,-0.011643651694502988,4769.0,-0.3605454545454545,-4.0,11.375575757575774,17.11515151515151,-1.548908256444052,0.3605454545454545,0.1455851541618942,0.0094046409614847,-0.7026252378333078,0.0038368021188619284,0.21435145732279795,-0.06588943665365381
edf02,22,Punjabi,sentence_audio,passive_dropped_agent,10403.0,4313.0,431.3,10.0,860.1599999999999,514.5699999999998,4538.0,4398,4,5411.0,0.9691494050242396,10403.0,2.0780000000000003,10.0,119.306,45.4,0.9612611746611552,exp_images/audio\PUNJABI\p_woa_door.wav,IMG_10_P_PNA,exp_images/images/boy_opened_door.jpg,IMG_10,exp_images/sentences/Closed-door-woa.jpg,STIM_46,stimuli_list_subj_2_a.csv,PNA,passive_dropped_agent,non_agent_first,agent_dropped,1.0,1.0,5992.0,3972.0,441.33333333333326,9.0,868.7111111111113,501.04444444444437,4374.0,4374,5,1184.0,1.0,5992.0,1.89,10.0,163.69299999999996,69.0,1.6688918558077437,participant_image,4411.0,341.0,-10.033333333333246,1.0,-8.551111111111481,13.525555555555457,164.0,24,-1,4227.0,-0.03085059497576037,4411.0,0.1880000000000004,0.0,-44.38699999999996,-23.6,-0.7076306811465884,-0.1880000000000004,-0.06291378737817267,0.9414474031166832,0.4379100689228405,0.13336031137541715,-0.16053334001403244,0.25785413120454714
edf02,23,Punjabi,sentence_audio,passive_dropped_agent,10300.0,4308.0,538.5,8.0,762.5749999999998,461.525,4478.0,4478,3,5308.0,1.0,10300.0,1.9962500000000003,8.0,104.68,64.25,0.7766990291262136,exp_images/audio\PUNJABI\p_woa_lamp.wav,IMG_01_P_PNA,exp_images/images/girl_lighted_lamp.jpg,IMG_01,exp_images/sentences/Lamp-woa.jpg,STIM_37,stimuli_list_subj_2_a.csv,PNA,passive_dropped_agent,non_agent_first,agent_dropped,1.0,1.0,6086.0,4170.0,297.85714285714283,14.0,917.0285714285716,426.6928571428571,4399.0,4399,3,1095.0,1.0,6086.0,2.324,15.0,113.55,40.8,2.4646730200460065,participant_image,4214.0,138.0,240.64285714285717,-6.0,-154.45357142857176,34.832142857142856,79.0,79,0,4213.0,0.0,4214.0,-0.32774999999999954,-7.0,-8.86999999999999,23.450000000000003,-1.6879739909197928,0.32774999999999954,0.4531595714854773,0.5074917133976343,-1.1588393605357672,0.20252335029882043,0.19193851555294988,0.039254758039822965
edf02,24,Punjabi,sentence_audio,passive_dropped_agent,10333.0,4271.0,251.2352941176471,17.0,903.3823529411766,519.7117647058824,4510.0,4262,3,5341.0,0.9450110864745012,10333.0,1.842941176470588,17.0,59.95705882352941,28.35294117647059,1.645214361753605,exp_images/audio\PUNJABI\p_woa_scooter.wav,IMG_14_P_PNA,exp_images/images/driver_wash_scooter.jpg,IMG_14,exp_images/sentences/Washed-scooter-woa.jpg,STIM_50,stimuli_list_subj_2_a.csv,PNA,passive_dropped_agent,non_agent_first,agent_dropped,1.0,1.0,5674.0,4104.0,228.0,18.0,892.7055555555555,602.9777777777776,4204.0,3742,5,1076.0,0.8901046622264509,5674.0,3.2221052631578933,19.0,84.63315789473684,47.05263157894736,3.3486076841734222,participant_image,4659.0,167.0,23.2352941176471,-1.0,10.676797385621057,-83.26601307189526,306.0,520,-2,4265.0,0.054906424248050256,4659.0,-1.3791640866873052,-2.0,-24.67609907120743,-18.699690402476772,-1.7033933224198172,1.3791640866873052,0.005577170142747527,0.5694853833574985,-0.018304053779618773,0.757085171484654,0.9104918342227292,0.4448671010856021
edf02,25,English,sentence_audio,active,10355.0,4389.0,877.8,5.0,1022.5,369.25999999999993,4618.0,4295,3,5363.0,0.9300563014291902,10355.0,1.2819999999999998,5.0,149.064,74.8,0.4828585224529213,exp_images/audio\ENGLISH\box.wav,IMG_05_E_ACT,exp_images/images/man_pushed_box.jpg,IMG_05,exp_images/sentences/active_man_box.jpg,STIM_59,stimuli_list_subj_2_a.csv,ACT,active,agent_first,agent_overt,0.0,,5962.0,4192.0,698.6666666666665,6.0,916.1833333333334,403.89999999999986,4492.0,4492,4,970.0,1.0,5962.0,3.731666666666667,6.0,246.6733333333333,83.33333333333333,1.0063737001006374,participant_image,4393.0,197.0,179.13333333333344,-1.0,106.3166666666666,-34.63999999999993,126.0,-197,-1,4393.0,-0.06994369857080984,4393.0,-2.4496666666666673,-1.0,-97.6093333333333,-8.533333333333331,-0.523515177647716,2.4496666666666673,0.32652837251048095,0.6336167660745993,-0.018304053779618773,-0.14454935411680328,1.6420905366067675,0.4878764534590852
edf02,26,English,sentence_audio,active,10337.0,4059.0,225.5,18.0,815.3666666666667,603.8833333333333,4224.0,3420,7,5345.0,0.8096590909090909,10337.0,3.543333333333333,18.0,110.43444444444445,42.66666666666666,1.7413175969817165,exp_images/audio\ENGLISH\sapling.wav,IMG_03_E_ACT,exp_images/images/girl_plant_tree.jpg,IMG_03,exp_images/sentences/active_girl_sapling.jpg,STIM_57,stimuli_list_subj_2_a.csv,ACT,active,agent_first,agent_overt,0.0,,6043.0,4072.0,226.22222222222226,18.0,863.161111111111,479.4055555555555,4282.0,3480,5,1050.0,0.812704343764596,6043.0,2.0521052631578947,19.0,79.03631578947366,38.31578947368421,3.144133708422969,participant_image,4294.0,-13.0,-0.722222222222257,0.0,-47.794444444444366,124.47777777777782,-58.0,-60,2,4295.0,-0.003045252855505054,4294.0,1.4912280701754383,-1.0,31.39812865497079,4.350877192982445,-1.4028161114412523,-1.4912280701754383,-0.04374476946412348,0.1846970870548936,0.20980300757161088,0.027729488292401242,-1.0511803901773171,-0.13453911534450697
edf02,27,English,sentence_audio,active,11091.0,4663.0,666.1428571428571,7.0,890.6142857142858,534.2857142857143,4838.0,4838,3,6097.0,1.0,11091.0,1.2028571428571426,7.0,53.798571428571435,22.285714285714285,0.6311423676855108,exp_images/audio\ENGLISH\shrub.wav,IMG_04_E_ACT,exp_images/images/man_cut_shrub.jpg,IMG_04,exp_images/sentences/active_man_shrub.jpg,STIM_58,stimuli_list_subj_2_a.csv,ACT,active,agent_first,agent_overt,0.0,,5892.0,4072.0,214.31578947368425,19.0,926.1368421052632,560.3526315789474,4253.0,4253,4,899.0,1.0,5892.0,2.3189473684210533,19.0,89.18473684210528,38.94736842105263,3.2247114731839783,participant_image,5199.0,591.0,451.82706766917283,-12.0,-35.522556390977456,-26.06691729323302,585.0,585,-1,5198.0,0.0,5199.0,-1.1160902255639107,-12.0,-35.386165413533845,-16.661654135338345,-2.5935691054984673,1.1160902255639107,0.8879298009925177,1.4758755924258566,-2.5274817286431452,0.8388233083941307,0.7307029210257666,0.2811699788390253
edf02,28,English,sentence_audio,passive,10163.0,4203.0,467.0,9.0,985.6555555555552,667.9999999999999,4326.0,3366,5,5171.0,0.7780859916782247,10163.0,1.6577777777777778,9.0,79.77666666666667,74.0,0.8855652858407951,exp_images/audio\ENGLISH\p_dug.wav,IMG_13_E_PWA,exp_images/images/dog_dug_hole.jpg,IMG_13,exp_images/sentences/passive_dog_hole.jpg,STIM_85,stimuli_list_subj_2_a.csv,PWA,passive_with_agent,non_agent_first,agent_overt,1.0,0.0,5676.0,3994.0,234.94117647058826,17.0,875.0882352941177,706.4411764705882,4204.0,2544,6,812.0,0.6051379638439581,5676.0,3.0322222222222215,18.0,94.86722222222221,47.22222222222222,3.171247357293869,participant_image,4487.0,209.0,232.05882352941174,-8.0,110.56732026143754,-38.44117647058829,122.0,822,-1,4359.0,0.17294802783426655,4487.0,-1.3744444444444437,-9.0,-15.09055555555554,26.77777777777778,-2.2856820714530737,1.3744444444444437,0.4354874062468324,0.6592693191614396,-1.6150534832382264,1.1368531306640683,0.9072663547094889,0.30476454550872056
edf02,29,English,sentence_audio,passive,10976.0,3936.0,281.14285714285717,14.0,1006.1857142857144,515.8928571428572,4132.0,3144,3,6216.0,0.7608906098741529,10976.0,2.3335714285714286,14.0,126.87357142857141,61.42857142857143,1.2755102040816326,exp_images/audio\ENGLISH\p_frisbee.wav,IMG_12_E_PWA,exp_images/images/child_throw_frisbee.jpg,IMG_12,exp_images/sentences/passive_child_frisbee.jpg,STIM_84,stimuli_list_subj_2_a.csv,PWA,passive_with_agent,non_agent_first,agent_overt,1.0,0.0,5698.0,4002.0,210.63157894736838,19.0,979.6315789473683,544.1421052631578,4224.0,2828,5,962.0,0.6695075757575758,5698.0,2.8805263157894743,19.0,96.88157894736842,40.42105263157895,3.334503334503334,participant_image,5278.0,-66.0,70.51127819548879,-5.0,26.5541353383461,-28.249248120300535,-92.0,316,-2,5254.0,0.09138303411657711,5278.0,-0.5469548872180456,-5.0,29.991992481202985,21.00751879699248,-2.0589931304217015,0.5469548872180456,0.10290542397606697,0.07139831092134882,-0.9307322991845375,0.5005531725687582,0.34174666552308236,0.017174254760943773
edf02,30,English,sentence_audio,passive,10732.0,4288.0,476.4444444444445,9.0,865.0333333333334,455.10000000000014,4452.0,3546,2,6100.0,0.7964959568733153,10732.0,1.2133333333333334,9.0,106.12666666666668,60.0,0.8386134923592994,exp_images/audio\ENGLISH\p_tabla.wav,IMG_11_E_PWA,exp_images/images/child_play_tabla.jpg,IMG_11,exp_images/sentences/passive_child_tabla.jpg,STIM_83,stimuli_list_subj_2_a.csv,PWA,passive_with_agent,non_agent_first,agent_overt,1.0,0.0,6088.0,4292.0,330.15384615384613,13.0,956.4461538461541,492.6538461538463,4464.0,2722,3,1294.0,0.6097670250896058,6088.0,1.9423076923076918,13.0,99.67,40.615384615384606,2.135348226018397,participant_image,4644.0,-4.0,146.29059829059838,-4.0,-91.41282051282064,-37.553846153846166,-12.0,824,-1,4806.0,0.18672893178370953,4644.0,-0.7289743589743585,-4.0,6.456666666666678,19.384615384615394,-1.2967347336590975,0.7289743589743585,0.25891421036936985,0.20393650187002382,-0.7026252378333078,1.1393681502612831,0.466141703737856,0.273147065681045
edf02,31,English,sentence_audio,passive_dropped_agent,10678.0,4260.0,426.0,10.0,892.4699999999998,378.73,4425.0,4425,4,5685.0,1.0,10678.0,2.5810000000000004,10.0,124.98300000000002,56.8,0.9365049634763064,exp_images/audio\ENGLISH\p_woa_draw.wav,IMG_07_E_PNA,exp_images/images/artiste_drew_picture.jpg,IMG_07,exp_images/sentences/noagent_artist_picture.jpg,STIM_97,stimuli_list_subj_2_a.csv,PNA,passive_dropped_agent,non_agent_first,agent_dropped,1.0,1.0,6021.0,4097.0,215.63157894736838,19.0,812.8210526315789,422.0631578947368,4247.0,4055,8,1028.0,0.9547916176124324,6021.0,2.5136842105263155,19.0,110.07263157894737,39.26315789473684,3.155621989702708,participant_image,4657.0,163.0,210.36842105263162,-9.0,79.64894736842086,-43.33315789473676,178.0,370,-4,4657.0,0.045208382387567636,4657.0,0.06731578947368488,-9.0,14.910368421052652,17.536842105263155,-2.2191170262264013,-0.06731578947368488,0.3908328307961992,0.5609345323285517,-1.843160544589456,0.5684587016935542,-0.07805580705844005,-0.0801980573659182
edf02,32,English,sentence_audio,passive_dropped_agent,10649.0,4397.0,549.625,8.0,891.6375,544.5500000000002,4604.0,2710,3,5900.0,0.5886185925282363,10649.0,1.8325,8.0,145.2175,48.5,0.7512442482862242,exp_images/audio\ENGLISH\p_woa_cake.wav,IMG_15_E_PNA,exp_images/images/girl_baked_cake.jpg,IMG_15,exp_images/sentences/noagent_girl_cake.jpg,STIM_105,stimuli_list_subj_2_a.csv,PNA,passive_dropped_agent,non_agent_first,agent_dropped,1.0,1.0,5699.0,4283.0,356.91666666666674,12.0,863.8833333333333,470.29166666666674,4520.0,3799,4,707.0,0.8404867256637168,5699.0,1.3358333333333332,12.0,105.85583333333334,39.333333333333336,2.105632567117038,participant_image,4950.0,114.0,192.70833333333326,-4.0,27.75416666666672,74.25833333333344,84.0,-1089,-1,5193.0,-0.2518681331354805,4950.0,0.4966666666666668,-4.0,39.361666666666665,9.166666666666664,-1.354388318830814,-0.4966666666666668,0.35447556539412006,0.4561866072239537,-0.7026252378333078,-1.2662480944745438,-0.3714811107395295,-0.30593845408586146
edf02,33,English,sentence_audio,passive_dropped_agent,11006.0,4136.0,517.0,8.0,953.2125,476.7625000000001,4340.0,4140,5,6014.0,0.9539170506912442,11006.0,3.2437499999999995,8.0,183.8375,81.5,0.7268762493185535,exp_images/audio\ENGLISH\p_woa_window.wav,IMG_02_E_PNA,exp_images/images/girl_opened_window.jpg,IMG_02,exp_images/sentences/noagent_girl_window.jpg,STIM_92,stimuli_list_subj_2_a.csv,PNA,passive_dropped_agent,non_agent_first,agent_dropped,1.0,1.0,5973.0,4105.0,293.2142857142857,14.0,946.9071428571428,446.64285714285705,4266.0,3778,5,981.0,0.8856071261134553,5973.0,1.7992857142857144,14.0,122.07928571428572,51.85714285714285,2.343880796919471,participant_image,5033.0,31.0,223.78571428571428,-6.0,6.305357142857133,30.11964285714305,74.0,362,0,5033.0,0.06830992457778895,5033.0,1.444464285714285,-6.0,61.75821428571429,29.642857142857153,-1.6170045476009172,-1.444464285714285,0.418455348804399,0.27875644837330815,-1.1588393605357672,0.5583986233046955,-1.0192212667990193,-0.18449004137047675
edf02,34,Punjabi,sentence_audio,active,11107.0,4118.0,514.75,8.0,961.85,917.6875,4340.0,3686,3,6252.0,0.8493087557603687,11107.0,4.247999999999998,10.0,160.43,76.4,0.9003331232556047,exp_images/audio\PUNJABI\fed.wav,IMG_16_P_ACT,exp_images/images/girl_fed_dog.jpg,IMG_16,exp_images/sentences/Fed-dog.jpg,STIM_16,stimuli_list_subj_2_a.csv,ACT,active,agent_first,agent_overt,0.0,,5859.0,4145.0,592.1428571428571,7.0,933.2571428571428,683.9857142857143,4403.0,4145,3,1172.0,0.941403588462412,5859.0,2.152857142857143,7.0,214.34857142857143,84.0,1.1947431302270013,participant_image,5248.0,-27.0,-77.39285714285711,1.0,28.59285714285727,233.70178571428573,-63.0,-459,0,5080.0,-0.09209483270204333,5248.0,2.0951428571428554,3.0,-53.918571428571425,-7.599999999999994,-0.29441000697139663,-2.0951428571428554,-0.20158852803783164,0.15476910845357988,0.4379100689228405,-0.4740169213519243,-1.4639054809514216,-0.3093663505929515
edf02,35,Punjabi,sentence_audio,active,10395.0,4465.0,744.1666666666665,6.0,916.8166666666666,657.3499999999998,4673.0,4673,3,5404.0,1.0,10395.0,1.51,6.0,145.91166666666666,53.0,0.5772005772005773,exp_images/audio\PUNJABI\veg.wav,IMG_18_P_ACT,exp_images/images/boy_cut_vegetables.jpg,IMG_18,exp_images/sentences/Veg.jpg,STIM_18,stimuli_list_subj_2_a.csv,ACT,active,agent_first,agent_overt,0.0,,5693.0,4230.0,282.0,15.0,923.5666666666664,713.5800000000003,4511.0,3597,6,699.0,0.7973841720239415,5693.0,2.9526666666666666,15.0,79.01,32.13333333333333,2.6348146847005096,participant_image,4702.0,235.0,462.1666666666665,-9.0,-6.749999999999773,-56.23000000000047,162.0,1076,-3,4705.0,0.20261582797605848,4702.0,-1.4426666666666665,-9.0,66.90166666666666,20.866666666666667,-2.0576141074999326,1.4426666666666665,0.9092161927068781,0.7148498508495936,-1.843160544589456,1.456260619510331,0.9538905200174286,0.438211327698955
edf02,36,Punjabi,sentence_audio,active,11092.0,3252.0,3252.0,1.0,968.2,372.6,4657.0,4657,1,6099.0,1.0,11092.0,6.02,1.0,621.21,336.0,0.09015506671474936,exp_images/audio\PUNJABI\vase.wav,IMG_08_P_ACT,exp_images/images/boy_broke_vase.jpg,IMG_08,exp_images/sentences/Vase.jpg,STIM_08,stimuli_list_subj_2_a.csv,ACT,active,agent_first,agent_overt,0.0,,6091.0,4314.0,359.5,12.0,878.2750000000002,449.3666666666666,4565.0,4565,3,1099.0,1.0,6091.0,1.2338461538461536,13.0,71.05461538461539,34.30769230769231,2.134296503037268,participant_image,5001.0,-1062.0,2892.5,-11.0,89.92499999999984,-76.7666666666666,92.0,92,-2,5000.0,0.0,5001.0,4.786153846153846,-12.0,550.1553846153846,301.6923076923077,-2.0441414363225183,-4.786153846153846,5.912604364950355,-2.0577635952863984,-2.2993746672919153,0.21887097768071576,-3.3029857265119533,-0.30572972929183917
edf03,19,Punjabi,sentence_audio,passive_dropped_agent,10357.0,4357.0,335.15384615384613,13.0,926.0769230769232,385.3461538461537,4608.0,4608,3,5365.0,1.0,10357.0,2.184615384615385,13.0,67.90153846153846,29.538461538461537,1.2551897267548522,exp_images/audio\PUNJABI\p_woa_letter.wav,IMG_17_P_PNA,exp_images/images/women_read_letter.jpg,IMG_17,exp_images/sentences/Letter-woa.jpg,STIM_53,stimuli_list_subj_3_a.csv,PNA,passive_dropped_agent,non_agent_first,agent_dropped,1.0,1.0,6080.0,4154.0,276.93333333333334,15.0,916.0133333333333,424.54,4434.0,3846,8,1088.0,0.8673883626522327,6080.0,4.0280000000000005,15.0,95.78133333333332,37.2,2.4671052631578947,participant_image,4277.0,203.0,58.220512820512795,-2.0,10.063589743589887,-39.19384615384632,174.0,762,-5,4277.0,0.13261163734776726,4277.0,-1.8433846153846156,-2.0,-27.879794871794857,-7.661538461538466,-1.2119155364030425,1.8433846153846156,0.07760211711625026,0.6464430426180194,-0.24641111513084843,1.0614025427476284,1.2277476192779433,0.5533568413257985
edf03,20,Punjabi,sentence_audio,passive_dropped_agent,10682.0,3810.0,293.07692307692315,13.0,868.3923076923076,383.6923076923077,4323.0,3865,7,5689.0,0.8940550543603979,10682.0,3.1369230769230763,13.0,134.77461538461537,51.53846153846154,1.2170005616925672,exp_images/audio\PUNJABI\p_woa_tub.wav,IMG_09_P_PNA,exp_images/images/boy_filled_bucket.jpg,IMG_09,exp_images/sentences/Bucket-woa.jpg,STIM_45,stimuli_list_subj_3_a.csv,PNA,passive_dropped_agent,non_agent_first,agent_dropped,1.0,1.0,5875.0,4035.0,403.5,10.0,925.69,393.09,4554.0,4406,6,883.0,0.9675010979358806,5875.0,2.2250000000000005,10.0,106.637,43.8,1.702127659574468,participant_image,4807.0,-225.0,-110.42307692307685,3.0,-57.2976923076925,-9.397692307692296,-231.0,-541,1,4806.0,-0.07344604357548268,4807.0,0.9119230769230757,3.0,28.137615384615373,7.738461538461543,-0.4851270978819009,-0.9119230769230757,-0.2695886697090512,-0.2684980174792855,0.8941241916252998,-0.5771327248377256,-0.6552740287408102,-0.17527384982831457
edf03,21,Punjabi,sentence_audio,passive_dropped_agent,10456.0,4006.0,267.06666666666666,15.0,858.7866666666665,499.52000000000015,4212.0,4212,11,5464.0,1.0,10456.0,3.7953333333333337,15.0,123.42133333333337,52.0,1.4345830145371083,exp_images/audio\PUNJABI\p_woa_clothes.wav,IMG_06_P_PNA,exp_images/images/women_fold_clothes.jpg,IMG_06,exp_images/sentences/Folded-clothes-woa.jpg,STIM_42,stimuli_list_subj_3_a.csv,PNA,passive_dropped_agent,non_agent_first,agent_dropped,1.0,1.0,6122.0,4432.0,492.4444444444445,9.0,927.9888888888887,483.36666666666656,4702.0,4702,5,1130.0,1.0,6122.0,3.1411111111111105,9.0,83.80000000000003,32.22222222222222,1.4701078079059129,participant_image,4334.0,-426.0,-225.37777777777785,6.0,-69.20222222222219,16.153333333333592,-490.0,-490,6,4334.0,0.0,4334.0,0.6542222222222231,6.0,39.62133333333334,19.77777777777778,-0.03552479336880454,-0.6542222222222231,-0.5062487947674238,-0.6981782816838609,1.5784453756789887,-0.5129997251087516,-0.4791571146591683,-0.1236277081080432
edf03,22,English,sentence_audio,active,11005.0,4075.0,407.5,10.0,856.32,466.81000000000006,4258.0,3679,4,6224.0,0.8640206669798027,11005.0,2.5669999999999997,10.0,125.822,73.4,0.9086778736937756,exp_images/audio\ENGLISH\door.wav,IMG_10_E_ACT,exp_images/images/boy_opened_door.jpg,IMG_10,exp_images/sentences/active_boy_door.jpg,STIM_64,stimuli_list_subj_3_a.csv,ACT,active,agent_first,agent_overt,0.0,,5880.0,4250.0,607.1428571428571,7.0,886.8571428571429,415.75714285714287,4530.0,3994,4,1184.0,0.8816777041942605,5880.0,1.8342857142857143,7.0,189.09571428571425,66.0,1.1904761904761905,participant_image,5125.0,-175.0,-199.6428571428571,3.0,-30.53714285714284,51.05285714285719,-272.0,-315,0,5040.0,-0.01765703721445777,5125.0,0.7327142857142854,3.0,-63.27371428571425,7.400000000000006,-0.28179831678241485,-0.7327142857142854,-0.4532676683711597,-0.1616123796174508,0.8941241916252998,-0.2929355103524685,-0.532799854875026,-0.10929824431816107
edf03,23,English,sentence_audio,active,10183.0,4031.0,310.07692307692315,13.0,783.0076923076923,412.87692307692316,4256.0,4061,8,5191.0,0.9541823308270676,10183.0,3.7076923076923065,13.0,140.22538461538463,56.615384615384606,1.2766375331434745,exp_images/audio\ENGLISH\lamp.wav,IMG_01_E_ACT,exp_images/images/girl_lighted_lamp.jpg,IMG_01,exp_images/sentences/active_girl_lamp.jpg,STIM_55,stimuli_list_subj_3_a.csv,ACT,active,agent_first,agent_overt,0.0,,5713.0,4263.0,284.2,15.0,926.08,468.77333333333337,4527.0,4527,5,720.0,1.0,5713.0,2.723333333333333,15.0,76.26933333333334,31.066666666666666,2.6255907579205315,participant_image,4470.0,-232.0,25.876923076923163,-2.0,-143.07230769230773,-55.896410256410206,-271.0,-466,3,4471.0,-0.045817669172932396,4470.0,0.9843589743589733,-2.0,63.95605128205129,25.54871794871794,-1.348953224777057,-0.9843589743589733,0.011015557918209478,-0.2834620067799423,-0.24641111513084843,-0.48281948994217566,-0.7047778875462207,-0.34129098829619553
edf03,24,English,sentence_audio,active,10656.0,4406.0,293.73333333333335,15.0,639.44,480.27333333333337,4482.0,4482,1,5664.0,1.0,10656.0,0.5599999999999999,15.0,45.18333333333333,34.0,1.4076576576576576,exp_images/audio\ENGLISH\scooter.wav,IMG_14_E_ACT,exp_images/images/driver_wash_scooter.jpg,IMG_14,exp_images/sentences/active_driver_scooter.jpg,STIM_68,stimuli_list_subj_3_a.csv,ACT,active,agent_first,agent_overt,0.0,,6016.0,4210.0,263.125,16.0,843.1374999999998,518.875,4432.0,4062,3,1024.0,0.9165162454873648,6016.0,3.4975,16.0,89.61,35.0,2.6595744680851063,participant_image,4640.0,196.0,30.60833333333335,-1.0,-203.69749999999976,-38.60166666666663,50.0,420,-2,4640.0,0.08348375451263523,4640.0,-2.9375,-1.0,-44.42666666666667,-1.0,-1.2519168104274487,2.9375,0.020756230849887244,0.6314790533173626,-0.018304053779618773,0.6313341916239208,1.9754836926075934,0.648149822923829
edf03,25,English,sentence_audio,passive,10316.0,3850.0,275.0,14.0,841.2071428571428,410.22142857142853,4108.0,3458,7,5324.0,0.8417721518987342,10316.0,4.04,14.0,134.77785714285716,63.14285714285714,1.357115160915083,exp_images/audio\ENGLISH\p_box.wav,IMG_05_E_PWA,exp_images/images/man_pushed_box.jpg,IMG_05,exp_images/sentences/passive_man_box.jpg,STIM_77,stimuli_list_subj_3_a.csv,PWA,passive_with_agent,non_agent_first,agent_overt,1.0,0.0,5905.0,4347.0,334.38461538461536,13.0,882.4769230769232,356.60769230769233,4602.0,4602,3,913.0,1.0,5905.0,2.5230769230769234,13.0,75.31384615384616,30.0,2.2015241320914485,participant_image,4411.0,-497.0,-59.38461538461536,1.0,-41.26978021978039,53.6137362637362,-494.0,-1144,4,4411.0,-0.15822784810126578,4411.0,1.5169230769230766,1.0,59.464010989011,33.14285714285714,-0.8444089711763654,-1.5169230769230766,-0.1645145091860605,-0.8499558874476661,0.4379100689228405,-1.335411133397947,-1.0687407715775037,-0.5961424465372673
edf03,26,English,sentence_audio,passive,10716.0,3650.0,243.33333333333331,15.0,855.6133333333332,518.4066666666666,3855.0,3629,6,5723.0,0.9413748378728924,10716.0,3.2000000000000006,15.0,141.43200000000002,75.86666666666666,1.3997760358342666,exp_images/audio\ENGLISH\p_sapling.wav,IMG_03_E_PWA,exp_images/images/girl_plant_tree.jpg,IMG_03,exp_images/sentences/passive_girl_sapling.jpg,STIM_75,stimuli_list_subj_3_a.csv,PWA,passive_with_agent,non_agent_first,agent_overt,1.0,0.0,5832.0,3674.0,244.9333333333333,15.0,890.0200000000002,540.5066666666668,3914.0,3404,5,840.0,0.8696985181400102,5832.0,3.1973333333333334,15.0,171.45866666666663,71.86666666666666,2.57201646090535,participant_image,4884.0,-24.0,-1.5999999999999943,0.0,-34.40666666666698,-22.100000000000136,-59.0,225,1,4883.0,0.07167631973288224,4884.0,0.002666666666667261,0.0,-30.026666666666614,4.0,-1.1722404250710834,-0.002666666666667261,-0.04555187258489894,0.16118224672528997,0.20980300757161088,0.386119780895491,-0.03387355543155256,0.13553592143518806
edf03,27,English,sentence_audio,passive,10351.0,3620.0,190.5263157894737,19.0,634.5421052631579,476.7947368421052,3848.0,3848,1,5372.0,1.0,10351.0,0.7047619047619048,21.0,47.09095238095239,56.66666666666666,2.0287894889382665,exp_images/audio\ENGLISH\p_shrub.wav,IMG_04_E_PWA,exp_images/images/man_cut_shrub.jpg,IMG_04,exp_images/sentences/passive_man_shrub.jpg,STIM_76,stimuli_list_subj_3_a.csv,PWA,passive_with_agent,non_agent_first,agent_overt,1.0,0.0,5803.0,4375.0,364.58333333333326,12.0,796.7083333333335,496.525,4633.0,4179,4,1098.0,0.9020073386574574,5803.0,2.6025,12.0,73.46499999999997,30.0,2.067895915905566,participant_image,4548.0,-755.0,-174.05701754385956,7.0,-162.16622807017563,-19.730263157894797,-785.0,-331,-3,4274.0,0.09799266134254259,4548.0,-1.8977380952380951,9.0,-26.374047619047587,26.666666666666657,-0.0391064269672996,1.8977380952380951,-0.4005934588416536,-1.4014857788147332,1.8065524370302184,-0.31305566713018584,1.2648936627107663,0.1912622389908824
edf03,28,English,sentence_audio,passive_dropped_agent,10627.0,4133.0,317.92307692307685,13.0,858.7461538461537,656.6384615384616,4318.0,3380,7,5635.0,0.7827698008337193,10627.0,2.9215384615384616,13.0,103.33,51.846153846153854,1.2232991436905991,exp_images/audio\ENGLISH\p_woa_dug.wav,IMG_13_E_PNA,exp_images/images/dog_dug_hole.jpg,IMG_13,exp_images/sentences/noagent_dog_hole.jpg,STIM_103,stimuli_list_subj_3_a.csv,PNA,passive_dropped_agent,non_agent_first,agent_dropped,1.0,1.0,5709.0,4343.0,334.07692307692315,13.0,947.9846153846154,683.7461538461539,4575.0,3655,6,716.0,0.7989071038251366,5709.0,2.697692307692308,13.0,77.14307692307692,32.153846153846146,2.2771063233490985,participant_image,4918.0,-210.0,-16.153846153846303,0.0,-89.2384615384617,-27.107692307692332,-257.0,-275,1,4919.0,-0.016137302991417357,4918.0,0.22384615384615358,0.0,26.18692307692308,19.692307692307708,-1.0538071796584993,-0.22384615384615358,-0.07551424058934518,-0.2364323261207351,0.20980300757161088,-0.2426351184081752,-0.18503117881401912,-0.10596197127213274
edf03,29,English,sentence_audio,passive_dropped_agent,10719.0,3791.0,180.52380952380955,21.0,627.0619047619048,480.88571428571436,3967.0,0,0,,0.0,10719.0,0.43142857142857133,21.0,47.998095238095246,48.85714285714285,1.9591379792891128,exp_images/audio\ENGLISH\p_woa_frisbee.wav,IMG_12_E_PNA,exp_images/images/child_throw_frisbee.jpg,IMG_12,exp_images/sentences/noagent_child_frisbee.jpg,STIM_102,stimuli_list_subj_3_a.csv,PNA,passive_dropped_agent,non_agent_first,agent_dropped,1.0,1.0,5841.0,4106.0,315.84615384615387,13.0,915.8846153846154,372.37692307692316,4346.0,3660,9,1128.0,0.8421537045559134,5841.0,3.696428571428572,14.0,117.0542857142857,47.0,2.396849854476973,participant_image,4878.0,-315.0,-135.32234432234432,8.0,-288.8227106227106,108.5087912087912,-379.0,-3660,-9,,-0.8421537045559134,4878.0,-3.2650000000000006,7.0,-69.05619047619045,1.857142857142847,-0.43771187518786037,3.2650000000000006,-0.3208494158356549,-0.4608921656305879,2.034659498381448,-4.499305786693996,2.199302466622498,-0.20941708063125858
edf03,30,English,sentence_audio,passive_dropped_agent,10994.0,3890.0,299.23076923076917,13.0,890.1307692307691,531.9769230769232,4189.0,3310,6,6324.0,0.7901647171162569,10994.0,3.5899999999999994,13.0,123.59384615384614,61.846153846153854,1.182463161724577,exp_images/audio\ENGLISH\p_woa_tabla.wav,IMG_11_E_PNA,exp_images/images/child_play_tabla.jpg,IMG_11,exp_images/sentences/noagent_child_tabla.jpg,STIM_101,stimuli_list_subj_3_a.csv,PNA,passive_dropped_agent,non_agent_first,agent_dropped,1.0,1.0,5813.0,4299.0,358.25,12.0,879.7333333333331,546.8166666666667,4588.0,3401,4,1144.0,0.7412816041848299,5813.0,3.561666666666666,12.0,90.13416666666666,33.666666666666664,2.0643385515224497,participant_image,5181.0,-409.0,-59.01923076923083,1.0,10.397435897436026,-14.839743589743534,-399.0,-91,2,5180.0,0.048883112931427,5181.0,0.02833333333333332,1.0,33.459679487179486,28.17948717948719,-0.8818753897978726,-0.02833333333333332,-0.16376228271660445,-0.6618371648108371,0.4379100689228405,-0.01125331546442606,-0.051414568764017905,-0.09007145256660899
edf03,31,Punjabi,sentence_audio,active,11162.0,3786.0,236.625,16.0,831.31875,464.64375000000007,4061.0,3933,8,6169.0,0.9684806697857672,11162.0,4.60875,16.0,137.27117647058822,56.0,1.4334348683031717,exp_images/audio\PUNJABI\picture.wav,IMG_07_P_ACT,exp_images/images/artiste_drew_picture.jpg,IMG_07,exp_images/sentences/Painting.jpg,STIM_07,stimuli_list_subj_3_a.csv,ACT,active,agent_first,agent_overt,0.0,,5956.0,4136.0,275.73333333333335,15.0,768.14,337.1333333333333,4405.0,4405,4,963.0,1.0,5956.0,3.72,16.0,90.56125,37.875,2.6863666890530555,participant_image,5206.0,-350.0,-39.10833333333335,1.0,63.178750000000036,127.51041666666674,-344.0,-472,4,5206.0,-0.03151933021423281,5206.0,0.8887499999999995,0.0,46.709926470588215,18.125,-1.2529318207498839,-0.8887499999999995,-0.12277121891348179,-0.5357121121338722,0.4379100689228405,-0.4903645487338196,-0.6394371747955401,-0.27007499713077465
edf03,32,Punjabi,sentence_audio,active,10563.0,4097.0,315.15384615384613,13.0,710.3615384615385,463.6923076923077,4440.0,914,2,5936.0,0.20585585585585586,10563.0,1.2353846153846153,13.0,66.81692307692308,42.46153846153846,1.230710972261668,exp_images/audio\PUNJABI\cake.wav,IMG_15_P_ACT,exp_images/images/girl_baked_cake.jpg,IMG_15,exp_images/sentences/Cake.jpg,STIM_15,stimuli_list_subj_3_a.csv,ACT,active,agent_first,agent_overt,0.0,,5787.0,4232.0,282.1333333333333,15.0,879.9333333333334,520.2799999999999,4490.0,1866,7,1314.0,0.4155902004454343,5787.0,2.771875,16.0,77.995,32.125,2.7648176948332472,participant_image,4776.0,-135.0,33.020512820512806,-2.0,-169.57179487179485,-56.58769230769218,-50.0,-952,-5,4622.0,-0.20973434458957846,4776.0,-1.5364903846153848,-3.0,-11.17807692307693,10.33653846153846,-1.5341067225715792,1.5364903846153848,0.02572224524385873,-0.07610386932798305,-0.24641111513084843,-1.0939692520653392,1.0180111597878172,-0.07455016629849895
edf03,33,Punjabi,sentence_audio,active,10627.0,4189.0,279.26666666666665,15.0,946.9066666666665,404.3466666666667,4337.0,3891,5,5634.0,0.8971639382061333,10627.0,2.994666666666667,15.0,99.42466666666664,43.73333333333333,1.4114990119506916,exp_images/audio\PUNJABI\window.wav,IMG_02_P_ACT,exp_images/images/girl_opened_window.jpg,IMG_02,exp_images/sentences/Window.jpg,STIM_02,stimuli_list_subj_3_a.csv,ACT,active,agent_first,agent_overt,0.0,,6038.0,4418.0,401.6363636363636,11.0,1004.3090909090907,382.94545454545454,4679.0,4679,3,1047.0,1.0,6038.0,2.2827272727272727,11.0,69.42272727272727,28.363636363636363,1.82179529645578,participant_image,4589.0,-229.0,-122.36969696969697,4.0,-57.40242424242422,21.401212121212154,-342.0,-788,2,4587.0,-0.10283606179386673,4589.0,0.7119393939393941,4.0,30.001939393939367,15.369696969696964,-0.41029628450508837,-0.7119393939393941,-0.2941834759521781,-0.27704886850823224,1.1222312529765295,-0.8877376450937366,-0.5186019592800688,-0.17106813917153726
edf03,34,Punjabi,sentence_audio,passive,10783.0,4121.0,294.35714285714283,14.0,848.2214285714284,607.4142857142857,4331.0,3109,7,6028.0,0.7178480720387901,10783.0,2.977857142857143,14.0,112.33857142857143,47.28571428571429,1.2983399795975146,exp_images/audio\PUNJABI\p_fed.wav,IMG_16_P_PWA,exp_images/images/girl_fed_dog.jpg,IMG_16,exp_images/sentences/Fed-dog-passive.jpg,STIM_34,stimuli_list_subj_3_a.csv,PWA,passive_with_agent,non_agent_first,agent_overt,1.0,0.0,5661.0,4101.0,241.2352941176471,17.0,798.7117647058824,583.635294117647,4337.0,2635,7,1198.0,0.6075628314503113,5661.0,4.344117647058824,17.0,104.75823529411764,38.588235294117645,3.0030030030030037,participant_image,5122.0,20.0,53.12184873949573,-3.0,49.50966386554603,23.77899159663866,-6.0,474,0,4830.0,0.11028524058847877,5122.0,-1.3662605042016809,-3.0,7.580336134453788,8.697478991596647,-1.7046630234054891,1.3662605042016809,0.06710536952722128,0.2552416080437045,-0.4745181764820781,0.6992397207487168,0.901673318154538,0.28974836799842046
edf03,35,Punjabi,sentence_audio,passive,10785.0,3368.0,306.1818181818182,11.0,948.7727272727273,624.3363636363638,3591.0,3591,5,5793.0,1.0,10785.0,3.8449999999999993,12.0,172.95333333333332,118.33333333333331,1.1126564673157162,exp_images/audio\PUNJABI\p_veg.wav,IMG_18_P_PWA,exp_images/images/boy_cut_vegetables.jpg,IMG_18,exp_images/sentences/Veg-passive.jpg,STIM_36,stimuli_list_subj_3_a.csv,PWA,passive_with_agent,non_agent_first,agent_overt,1.0,0.0,6081.0,4223.0,301.64285714285717,14.0,938.0142857142856,684.9357142857143,4522.0,4522,6,1089.0,1.0,6081.0,3.3885714285714283,14.0,87.95785714285714,33.57142857142857,2.3022529189278083,participant_image,4704.0,-855.0,4.53896103896102,-3.0,10.758441558441632,-60.59935064935053,-931.0,-931,-1,4704.0,0.0,4704.0,0.45642857142857096,-2.0,84.99547619047618,84.76190476190474,-1.189596451612092,-0.45642857142857096,-0.032913439563831436,-1.6152570545384026,-0.4745181764820781,-1.067561546294585,-0.3439817484650698,-0.7068463930687934
edf03,36,Punjabi,sentence_audio,passive,10256.0,3668.0,146.72,25.0,645.904,474.57200000000006,3903.0,3903,4,5263.0,1.0,10256.0,1.0776,25.0,67.9368,43.6,2.4375975039001556,exp_images/audio\PUNJABI\p_vase.wav,IMG_08_P_PWA,exp_images/images/boy_broke_vase.jpg,IMG_08,exp_images/sentences/Vase-passive.jpg,STIM_26,stimuli_list_subj_3_a.csv,PWA,passive_with_agent,non_agent_first,agent_overt,1.0,0.0,6016.0,4170.0,260.625,16.0,811.4812500000003,482.83125000000007,4216.0,3550,4,1024.0,0.8420303605313093,6016.0,2.6125,16.0,121.705625,48.5,2.6595744680851063,participant_image,4240.0,-502.0,-113.905,9.0,-165.57725000000028,-8.259250000000009,-313.0,353,0,4239.0,0.1579696394686907,4240.0,-1.5349,9.0,-53.76882499999999,-4.899999999999999,-0.22197696418495072,1.5349,-0.2767569920543011,-0.8606444512338496,2.2627665597326776,0.5470810351172295,1.0169242653303283,0.5378740833784169
edf04,19,English,sentence_audio,active,10316.0,4386.0,398.7272727272728,11.0,935.118181818182,513.1363636363636,4622.0,4198,3,5324.0,0.9082648204240588,10316.0,3.387272727272728,11.0,87.62636363636364,33.63636363636363,1.0663047692904226,exp_images/audio\ENGLISH\letter.wav,IMG_17_E_ACT,exp_images/images/women_read_letter.jpg,IMG_17,exp_images/sentences/active_women_letter.jpg,STIM_71,stimuli_list_subj_4_a.csv,ACT,active,agent_first,agent_overt,0.0,,6092.0,4210.0,382.7272727272728,11.0,975.9,421.3363636363636,4446.0,4446,3,1100.0,1.0,6092.0,1.7027272727272724,11.0,93.8690909090909,49.63636363636363,1.8056467498358504,participant_image,4224.0,176.0,16.0,0.0,-40.781818181817926,91.80000000000001,176.0,-248,0,4224.0,-0.09173517957594124,4224.0,1.6845454545454557,0.0,-6.242727272727265,-16.0,-0.7393419805454278,-1.6845454545454557,-0.009318311277196914,0.5887247981726288,0.20980300757161088,-0.20868235384577724,-1.1832966038123256,-0.12055389263821203
edf04,20,English,sentence_audio,active,10720.0,4392.0,439.2,10.0,996.7000000000003,528.52,4622.0,4622,8,5728.0,1.0,10720.0,3.967,10.0,106.999,37.0,0.9328358208955224,exp_images/audio\ENGLISH\bucket.wav,IMG_09_E_ACT,exp_images/images/boy_filled_bucket.jpg,IMG_09,exp_images/sentences/active_boy_bucket.jpg,STIM_63,stimuli_list_subj_4_a.csv,ACT,active,agent_first,agent_overt,0.0,,5976.0,4336.0,361.33333333333326,12.0,951.4333333333333,511.24166666666673,4633.0,4633,5,983.0,1.0,5976.0,2.6016666666666666,12.0,78.52833333333334,30.0,2.0080321285140563,participant_image,4744.0,56.0,77.86666666666673,-2.0,45.26666666666699,17.27833333333325,-11.0,-11,3,4745.0,0.0,4744.0,1.3653333333333335,-2.0,28.47066666666666,7.0,-1.0751963076185338,-1.3653333333333335,0.11804814665290736,0.3321992673042255,-0.24641111513084843,0.08934746842416053,-0.9651418996279161,-0.13439162647549424
edf04,21,English,sentence_audio,active,10974.0,4376.0,364.66666666666674,12.0,969.2916666666665,424.7166666666667,4595.0,4197,7,5981.0,0.9133841131664852,10974.0,3.3641666666666663,12.0,95.68250000000002,33.166666666666664,1.0934937124111537,exp_images/audio\ENGLISH\clothes.wav,IMG_06_E_ACT,exp_images/images/women_fold_clothes.jpg,IMG_06,exp_images/sentences/active_woman_clothes.jpg,STIM_60,stimuli_list_subj_4_a.csv,ACT,active,agent_first,agent_overt,0.0,,5845.0,4299.0,716.5,6.0,930.7666666666668,507.93333333333334,4760.0,4760,6,853.0,1.0,5845.0,3.686666666666667,6.0,96.19666666666667,38.66666666666666,1.0265183917878529,participant_image,5129.0,77.0,-351.83333333333326,6.0,38.52499999999975,-83.21666666666664,-165.0,-563,1,5128.0,-0.08661588683351484,5129.0,-0.3225000000000007,6.0,-0.5141666666666538,-5.499999999999993,0.0669753206233008,0.3225000000000007,-0.7665860177743408,0.3770912352061961,1.5784453756789887,-0.6047979404070869,0.18835058100767357,0.1545006467422861
edf04,22,English,sentence_audio,passive,10742.0,4220.0,602.8571428571429,7.0,883.4571428571429,418.27142857142854,4670.0,4670,4,5750.0,1.0,10742.0,1.4142857142857144,7.0,108.4242857142857,46.0,0.6516477378514243,exp_images/audio\ENGLISH\p_door.wav,IMG_10_E_PWA,exp_images/images/boy_opened_door.jpg,IMG_10,exp_images/sentences/passive_boy_door.jpg,STIM_82,stimuli_list_subj_4_a.csv,PWA,passive_with_agent,non_agent_first,agent_overt,1.0,0.0,5663.0,3975.0,1987.5,2.0,940.5,469.55,4941.0,4547,2,670.0,0.9202590568710788,5663.0,1.595,2.0,61.52,26.0,0.35316969803990816,participant_image,5079.0,245.0,-1384.642857142857,5.0,-57.04285714285709,-51.27857142857147,-271.0,123,2,5080.0,0.07974094312892122,5079.0,-0.1807142857142856,5.0,46.9042857142857,20.0,0.2984780398115161,0.1807142857142856,-2.892856881418144,0.7362269784219606,1.3503383143277592,0.25785378143754306,0.09145194056719662,-0.09139717333273689
edf04,23,English,sentence_audio,passive,10465.0,3979.0,331.5833333333333,12.0,948.0750000000003,435.775,4265.0,3809,6,5472.0,0.8930832356389214,10465.0,4.270833333333334,12.0,145.34666666666666,60.66666666666666,1.1466794075489728,exp_images/audio\ENGLISH\p_lamp.wav,IMG_01_E_PWA,exp_images/images/girl_lighted_lamp.jpg,IMG_01,exp_images/sentences/passive_girl_lamp.jpg,STIM_73,stimuli_list_subj_4_a.csv,PWA,passive_with_agent,non_agent_first,agent_overt,1.0,0.0,5716.0,4184.0,321.84615384615387,13.0,966.4076923076924,479.8846153846154,4557.0,3971,5,723.0,0.8714066271669958,5716.0,3.589230769230769,13.0,92.6353846153846,33.53846153846154,2.274317704688593,participant_image,4749.0,-205.0,9.737179487179446,-1.0,-18.332692307692128,-44.10961538461544,-292.0,-162,1,4749.0,0.02167660847192565,4749.0,0.6816025641025649,-1.0,52.71128205128207,27.128205128205117,-1.1276382971396204,-0.6816025641025649,-0.022211736902788815,-0.22574376233455162,-0.018304053779618773,-0.10053651116554665,-0.49786928122944935,-0.17293306908239106
edf04,24,English,sentence_audio,passive,10942.0,4322.0,392.9090909090909,11.0,1011.0818181818179,623.1818181818182,4576.0,4576,5,5950.0,1.0,10942.0,4.365454545454546,11.0,108.18090909090913,37.81818181818182,1.0053006762931822,exp_images/audio\ENGLISH\p_scooter.wav,IMG_14_E_PWA,exp_images/images/driver_wash_scooter.jpg,IMG_14,exp_images/sentences/passive_driver_scooter.jpg,STIM_86,stimuli_list_subj_4_a.csv,PWA,passive_with_agent,non_agent_first,agent_overt,1.0,0.0,5643.0,4343.0,434.3,10.0,989.46,540.38,4641.0,4641,3,650.0,1.0,5643.0,3.799,10.0,92.419,35.2,1.7721070352649297,participant_image,5299.0,-21.0,-41.39090909090913,1.0,21.621818181817844,82.80181818181825,-65.0,-65,2,5300.0,0.0,5299.0,0.5664545454545462,1.0,15.761909090909128,2.6181818181818173,-0.7668063589717475,-0.5664545454545462,-0.12747041485959523,0.16759538499700005,0.4379100689228405,0.021441939299364582,-0.41917527095755663,0.016060341480410655
edf04,25,English,sentence_audio,passive_dropped_agent,10268.0,4144.0,460.4444444444445,9.0,995.7000000000003,434.9666666666666,4648.0,4648,4,5276.0,1.0,10268.0,4.456666666666667,9.0,109.68666666666668,38.22222222222222,0.8765095442150369,exp_images/audio\ENGLISH\p_woa_box.wav,IMG_05_E_PNA,exp_images/images/man_pushed_box.jpg,IMG_05,exp_images/sentences/noagent_man_box.jpg,STIM_95,stimuli_list_subj_4_a.csv,PNA,passive_dropped_agent,non_agent_first,agent_dropped,1.0,1.0,5669.0,4621.0,2310.5,2.0,943.5,378.5,4926.0,4926,1,677.0,1.0,5669.0,2.96,2.0,88.725,33.0,0.35279590756747226,participant_image,4599.0,-477.0,-1850.0555555555554,7.0,52.20000000000027,56.46666666666658,-278.0,-278,3,4599.0,0.0,4599.0,1.496666666666667,7.0,20.961666666666687,5.222222222222221,0.5237136366475647,-1.496666666666667,-3.8510136735385725,-0.8072016323029323,1.8065524370302184,-0.2464076478039972,-1.0548972146018318,-0.8305935462434231
edf04,26,English,sentence_audio,passive_dropped_agent,10589.0,4281.0,428.1,10.0,826.8699999999999,567.6000000000001,4624.0,4624,8,5597.0,1.0,10589.0,4.2490000000000006,10.0,110.52600000000001,36.8,0.9443762394938144,exp_images/audio\ENGLISH\p_woa_sapling.wav,IMG_03_E_PNA,exp_images/images/girl_plant_tree.jpg,IMG_03,exp_images/sentences/noagent_girl_sapling.jpg,STIM_93,stimuli_list_subj_4_a.csv,PNA,passive_dropped_agent,non_agent_first,agent_dropped,1.0,1.0,5669.0,3707.0,3707.0,1.0,967.7,467.6,4967.0,4967,1,676.0,1.0,5669.0,1.79,1.0,67.28,26.0,0.17639795378373613,participant_image,4920.0,574.0,-3278.9,9.0,-140.83000000000015,100.00000000000011,-343.0,-343,7,4921.0,0.0,4920.0,2.4590000000000005,9.0,43.24600000000001,10.799999999999997,0.7679782857100783,-2.4590000000000005,-6.792611558592394,1.4395344755528328,2.2627665597326776,-0.3281457847134738,-1.7125713118853207,-1.0262055239811356
edf04,27,English,sentence_audio,passive_dropped_agent,10787.0,3941.0,281.5,14.0,930.6714285714284,470.6928571428571,4196.0,4196,9,5795.0,1.0,10787.0,5.15,14.0,128.83214285714286,56.85714285714285,1.2978585334198571,exp_images/audio\ENGLISH\p_woa_shrub.wav,IMG_04_E_PNA,exp_images/images/man_cut_shrub.jpg,IMG_04,exp_images/sentences/noagent_man_shrub.jpg,STIM_94,stimuli_list_subj_4_a.csv,PNA,passive_dropped_agent,non_agent_first,agent_dropped,1.0,1.0,5954.0,4492.0,561.5,8.0,837.725,497.75,4761.0,4761,4,961.0,1.0,5954.0,2.0375,8.0,65.27,29.0,1.3436345314074571,participant_image,4833.0,-551.0,-280.0,6.0,92.94642857142833,-27.05714285714288,-565.0,-565,5,4834.0,0.0,4833.0,3.1125000000000003,6.0,63.56214285714286,27.857142857142847,-0.045775997987600014,-3.1125000000000003,-0.6187009332703677,-0.9653923763384477,1.5784453756789887,-0.6073129600043016,-2.1591837357593353,-0.5544289259386928
edf04,28,Punjabi,sentence_audio,active,11141.0,4637.0,662.4285714285714,7.0,910.9714285714286,665.5142857142856,4789.0,3875,4,6148.0,0.8091459594904991,11141.0,2.3185714285714285,7.0,75.52428571428571,29.142857142857146,0.6283098465128804,exp_images/audio\PUNJABI\dug.wav,IMG_13_P_ACT,exp_images/images/dog_dug_hole.jpg,IMG_13,exp_images/sentences/Dog-dug.jpg,STIM_13,stimuli_list_subj_4_a.csv,ACT,active,agent_first,agent_overt,0.0,,5683.0,4347.0,310.5,14.0,1009.8857142857145,644.9714285714286,4605.0,4605,5,692.0,1.0,5683.0,2.337857142857143,14.0,72.8664285714286,27.57142857142857,2.4634875945803274,participant_image,5458.0,290.0,351.92857142857144,-7.0,-98.91428571428582,20.542857142856974,184.0,-730,-1,5456.0,-0.19085404050950094,5458.0,-0.019285714285714572,-7.0,2.657857142857111,1.5714285714285765,-1.835177748067447,0.019285714285714572,0.6822662618970023,0.8324240524976119,-1.3869464218869967,-0.8148020767745114,-0.01887094477057475,-0.14118582580749373
edf04,29,Punjabi,sentence_audio,active,10477.0,4313.0,392.09090909090907,11.0,1086.0818181818179,420.32727272727266,4520.0,4172,2,5485.0,0.9230088495575222,10477.0,3.2090909090909085,11.0,100.36181818181818,42.90909090909091,1.049918869905507,exp_images/audio\PUNJABI\frisbee.wav,IMG_12_P_ACT,exp_images/images/child_throw_frisbee.jpg,IMG_12,exp_images/sentences/Frisbee.jpg,STIM_12,stimuli_list_subj_4_a.csv,ACT,active,agent_first,agent_overt,0.0,,5785.0,4403.0,440.3,10.0,1017.74,354.11,4650.0,4197,6,1076.0,0.9025806451612904,5785.0,3.3239999999999994,10.0,91.78799999999998,34.0,1.728608470181504,participant_image,4692.0,-90.0,-48.209090909090946,1.0,68.34181818181787,66.21727272727264,-130.0,-25,-4,4409.0,0.02042820439623172,4692.0,-0.11490909090909085,1.0,8.573818181818197,8.909090909090907,-0.678689600275997,0.11490909090909085,-0.14150717672983104,0.02009320474766817,0.4379100689228405,0.07174233124365788,0.046479610719530606,0.08694360778077323
edf04,30,Punjabi,sentence_audio,active,10446.0,4312.0,431.2,10.0,869.5,486.89,4610.0,4312,7,5792.0,0.9353579175704988,10446.0,4.290000000000001,10.0,109.70299999999996,38.2,0.9573042312847024,exp_images/audio\PUNJABI\tabla.wav,IMG_11_P_ACT,exp_images/images/child_play_tabla.jpg,IMG_11,exp_images/sentences/Tabla.jpg,STIM_11,stimuli_list_subj_4_a.csv,ACT,active,agent_first,agent_overt,0.0,,5686.0,4266.0,387.8181818181818,11.0,935.8272727272723,539.9545454545455,4574.0,2664,6,1036.0,0.5824223874070835,5686.0,3.9354545454545464,11.0,104.09454545454544,38.0,1.9345761519521631,participant_image,4760.0,46.0,43.381818181818176,-1.0,-66.32727272727232,-53.06454545454551,36.0,1648,1,4756.0,0.3529355301634153,4760.0,0.3545454545454545,-1.0,5.608454545454521,0.20000000000000284,-0.9772719206674607,-0.3545454545454545,0.04705332439367009,0.31082213973185857,-0.018304053779618773,2.1755562243137248,-0.27435318567546285,0.4481548897968343
edf04,31,Punjabi,sentence_audio,passive,10415.0,4311.0,287.4,15.0,911.9133333333334,400.56,4512.0,4512,5,5423.0,1.0,10415.0,3.1806666666666663,15.0,87.13266666666667,32.0,1.4402304368698993,exp_images/audio\PUNJABI\p_picture.wav,IMG_07_P_PWA,exp_images/images/artiste_drew_picture.jpg,IMG_07,exp_images/sentences/Painting-passive.jpg,STIM_25,stimuli_list_subj_4_a.csv,PWA,passive_with_agent,non_agent_first,agent_overt,1.0,0.0,5887.0,4146.0,276.4,15.0,959.5800000000003,407.3066666666666,4431.0,4131,8,895.0,0.9322951929587,5887.0,3.655625,16.0,95.223125,36.25,2.7178528962119928,participant_image,4528.0,165.0,11.0,0.0,-47.666666666666856,-6.746666666666613,81.0,381,-3,4528.0,0.0677048070413,4528.0,-0.4749583333333338,-1.0,-8.09045833333333,-4.25,-1.2776224593420935,0.4749583333333338,-0.019611936648703174,0.5652099578430251,0.20980300757161088,0.5822913094782348,0.2925430611756803,0.3260470798839695
edf04,32,Punjabi,sentence_audio,passive,11167.0,4417.0,401.54545454545456,11.0,910.5,464.0545454545455,4668.0,4256,5,6175.0,0.9117395029991432,11167.0,2.369090909090909,11.0,75.46090909090908,29.45454545454545,0.9850452225306708,exp_images/audio\PUNJABI\p_cake.wav,IMG_15_P_PWA,exp_images/images/girl_baked_cake.jpg,IMG_15,exp_images/sentences/Cake-passive.jpg,STIM_33,stimuli_list_subj_4_a.csv,PWA,passive_with_agent,non_agent_first,agent_overt,1.0,0.0,6009.0,4293.0,429.3,10.0,1002.5400000000003,573.2099999999998,4720.0,4720,5,1017.0,1.0,6009.0,2.0650000000000004,10.0,72.78900000000002,27.2,1.6641704110500914,participant_image,5158.0,124.0,-27.75454545454545,1.0,-92.0400000000003,-109.15545454545429,-52.0,-464,0,5158.0,-0.08826049700085681,5158.0,0.30409090909090875,1.0,2.671909090909068,2.2545454545454504,-0.6791251885194206,-0.30409090909090875,-0.09939689111912352,0.4775637347963207,0.4379100689228405,-0.480304470344961,-0.23987173679877374,0.019180141091260587
edf04,33,Punjabi,sentence_audio,passive,10939.0,4343.0,434.3,10.0,1082.76,415.16,4685.0,4343,6,6324.0,0.9270010672358592,10939.0,2.75,10.0,84.96099999999998,30.8,0.9141603437242892,exp_images/audio\PUNJABI\p_window.wav,IMG_02_P_PWA,exp_images/images/girl_opened_window.jpg,IMG_02,exp_images/sentences/Window-passive.jpg,STIM_20,stimuli_list_subj_4_a.csv,PWA,passive_with_agent,non_agent_first,agent_overt,1.0,0.0,5949.0,4477.0,639.5714285714286,7.0,1012.7142857142856,441.45714285714286,4806.0,4477,4,1312.0,0.9315439034540158,5949.0,2.2214285714285715,7.0,72.68857142857142,26.57142857142857,1.176668347621449,participant_image,4990.0,-134.0,-205.27142857142854,3.0,70.04571428571444,-26.29714285714283,-121.0,-134,2,5012.0,-0.004542836218156654,4990.0,0.5285714285714285,3.0,12.272428571428563,4.228571428571431,-0.2625080038971598,-0.5285714285714285,-0.46485534950365537,-0.07396615657074636,0.8941241916252998,-0.06532623680454135,-0.3932853388151361,-0.020661778013755884
edf04,34,Punjabi,sentence_audio,passive_dropped_agent,10449.0,4075.0,291.07142857142856,14.0,929.9857142857143,690.5357142857142,4294.0,3534,4,5706.0,0.8230088495575221,10449.0,2.7278571428571428,14.0,107.31285714285715,49.85714285714285,1.3398411331227869,exp_images/audio\PUNJABI\p_woa_fed.wav,IMG_16_P_PNA,exp_images/images/girl_fed_dog.jpg,IMG_16,exp_images/sentences/Fed-dog-woa.jpg,STIM_52,stimuli_list_subj_4_a.csv,PNA,passive_dropped_agent,non_agent_first,agent_dropped,1.0,1.0,6065.0,4268.0,284.53333333333336,15.0,879.56,625.1933333333333,4523.0,3417,6,1073.0,0.7554720318372762,6065.0,2.57125,16.0,79.31125,30.0,2.6380873866446826,participant_image,4384.0,-193.0,6.538095238095195,-1.0,50.42571428571432,65.34238095238095,-229.0,117,-2,4633.0,0.06753681772024589,4384.0,0.15660714285714272,-2.0,28.001607142857154,19.857142857142847,-1.2982462535218957,-0.15660714285714272,-0.028797771861180755,-0.2000912092477113,-0.018304053779618773,0.25030872264589904,-0.1390789558963548,-0.027192653627793318
edf04,35,Punjabi,sentence_audio,passive_dropped_agent,10256.0,4450.0,370.83333333333326,12.0,989.225,728.2916666666665,4649.0,4649,4,5263.0,1.0,10256.0,2.7775000000000003,12.0,81.29166666666667,28.66666666666667,1.1700468018720749,exp_images/audio\PUNJABI\p_woa_veg.wav,IMG_18_P_PNA,exp_images/images/boy_cut_vegetables.jpg,IMG_18,exp_images/sentences/Veg-woa.jpg,STIM_54,stimuli_list_subj_4_a.csv,PNA,passive_dropped_agent,non_agent_first,agent_dropped,1.0,1.0,5990.0,4260.0,387.27272727272725,11.0,970.4727272727272,557.1636363636363,4573.0,4573,6,997.0,1.0,5990.0,4.356363636363636,11.0,106.51181818181816,38.18181818181818,1.8363939899833053,participant_image,4266.0,190.0,-16.439393939393995,1.0,18.75227272727284,171.1280303030302,76.0,76,-2,4266.0,0.0,4266.0,-1.5788636363636361,1.0,-25.220151515151485,-9.515151515151508,-0.6663471881112304,1.5788636363636361,-0.0761021049753634,0.6186527767739425,0.4379100689228405,0.19875082090299845,1.0469697224055836,0.4452362568060003
edf04,36,Punjabi,sentence_audio,passive_dropped_agent,10522.0,4074.0,509.25,8.0,910.6125,458.15,4727.0,4727,4,5529.0,1.0,10522.0,2.98375,8.0,87.72125000000003,33.25,0.7603117278084014,exp_images/audio\PUNJABI\p_woa_vase.wav,IMG_08_P_PNA,exp_images/images/boy_broke_vase.jpg,IMG_08,exp_images/sentences/Vase-woa.jpg,STIM_44,stimuli_list_subj_4_a.csv,PNA,passive_dropped_agent,non_agent_first,agent_dropped,1.0,1.0,5874.0,4488.0,561.0,8.0,914.175,470.2875,4805.0,4805,3,881.0,1.0,5874.0,1.68875,8.0,62.44375,23.5,1.3619339462036093,participant_image,4648.0,-414.0,-51.75,0.0,-3.5625,-12.137500000000045,-78.0,-78,1,4648.0,0.0,4648.0,1.2950000000000002,0.0,25.277500000000025,9.75,-0.6016222183952079,-1.2950000000000002,-0.14879693506110675,-0.6725257285970205,0.20980300757161088,0.005094311917469261,-0.9170749669896008,-0.30470006223172963
edf05,19,English,sentence_audio,passive,11157.0,4326.0,360.5,12.0,1054.6333333333334,520.9333333333334,4335.0,4335,4,6163.0,1.0,11157.0,1.8325000000000005,12.0,153.19666666666663,54.83333333333334,1.0755579456843238,exp_images/audio\ENGLISH\p_letter.wav,IMG_17_E_PWA,exp_images/images/women_read_letter.jpg,IMG_17,exp_images/sentences/passive_women_letter.jpg,STIM_89,stimuli_list_subj_5_a.csv,PWA,passive_with_agent,non_agent_first,agent_overt,1.0,0.0,5979.0,4309.0,331.46153846153845,13.0,1049.2999999999997,503.5153846153847,4528.0,3908,5,987.0,0.8630742049469965,5979.0,2.6130769230769233,13.0,98.22846153846154,35.692307692307686,2.174276634888777,participant_image,5178.0,17.0,29.038461538461547,-1.0,5.333333333333712,17.41794871794872,-193.0,427,-1,5176.0,0.1369257950530035,5178.0,-0.7805769230769228,-1.0,54.968205128205085,19.141025641025657,-1.0987186892044531,0.7805769230769228,0.017524296422346354,0.2488284697719944,-0.018304053779618773,0.6401367602141721,0.5014077270461352,0.2779186399350059
edf05,20,English,sentence_audio,passive,10586.0,3842.0,426.88888888888886,9.0,998.022222222222,391.9666666666667,4137.0,4137,6,5593.0,1.0,10586.0,2.316,10.0,172.15599999999998,87.4,0.9446438692612884,exp_images/audio\ENGLISH\p_bucket.wav,IMG_09_E_PWA,exp_images/images/boy_filled_bucket.jpg,IMG_09,exp_images/sentences/passive_boy_bucket.jpg,STIM_81,stimuli_list_subj_5_a.csv,PWA,passive_with_agent,non_agent_first,agent_overt,1.0,0.0,6006.0,4498.0,499.77777777777777,9.0,958.5,497.1555555555556,4765.0,4765,5,1013.0,1.0,6006.0,1.8422222222222218,9.0,66.91666666666667,25.33333333333333,1.4985014985014984,participant_image,4580.0,-656.0,-72.88888888888891,0.0,39.52222222222201,-105.18888888888893,-628.0,-628,1,4580.0,0.0,4580.0,0.4737777777777781,1.0,105.2393333333333,62.06666666666668,-0.55385762924021,-0.4737777777777781,-0.1923160956595305,-1.1898522158483007,0.20980300757161088,-0.6865360773165635,-0.355838475473348,-0.4429479713452264
edf05,21,English,sentence_audio,passive,10302.0,3784.0,315.3333333333333,12.0,920.6333333333336,491.25833333333327,4102.0,3784,3,5654.0,0.9224768405655778,10302.0,1.7191666666666665,12.0,152.6175,74.16666666666667,1.1648223645894002,exp_images/audio\ENGLISH\p_clothes.wav,IMG_06_E_PWA,exp_images/images/women_fold_clothes.jpg,IMG_06,exp_images/sentences/passive_woman_clothes.jpg,STIM_78,stimuli_list_subj_5_a.csv,PWA,passive_with_agent,non_agent_first,agent_overt,1.0,0.0,6045.0,4191.0,349.25,12.0,914.3666666666667,643.9333333333334,4451.0,4191,3,1336.0,0.9415861604133904,6045.0,1.8791666666666669,12.0,123.42583333333336,45.16666666666666,1.9851116625310172,participant_image,4257.0,-407.0,-33.916666666666686,0.0,6.266666666666879,-152.67500000000013,-349.0,-407,0,4318.0,-0.01910931984781261,4257.0,-0.16000000000000036,0.0,29.19166666666665,29.000000000000014,-0.820289297941617,0.16000000000000036,-0.11208300456940112,-0.6575617392963637,0.20980300757161088,-0.40862641182434306,0.07729546413004926,-0.17823453679768958
edf05,22,English,sentence_audio,passive_dropped_agent,10818.0,4216.0,527.0,8.0,941.9625,350.0625,4383.0,4079,5,5825.0,0.9306411133926534,10818.0,1.51375,8.0,93.85875,76.25,0.7395082270290257,exp_images/audio\ENGLISH\p_woa_door.wav,IMG_10_E_PNA,exp_images/images/boy_opened_door.jpg,IMG_10,exp_images/sentences/noagent_boy_door.jpg,STIM_100,stimuli_list_subj_5_a.csv,PNA,passive_dropped_agent,non_agent_first,agent_dropped,1.0,1.0,5754.0,4308.0,287.2,15.0,923.6199999999997,417.54666666666674,4633.0,4633,15,761.0,1.0,5754.0,1.4439999999999995,15.0,58.162000000000006,24.0,2.606882168925965,participant_image,5064.0,-92.0,239.8,-7.0,18.342500000000314,-67.48416666666674,-250.0,-554,-10,5064.0,-0.06935888660734657,5064.0,0.06975000000000042,-7.0,35.696749999999994,52.25,-1.8673739418969393,-0.06975000000000042,0.45142436035142336,0.01581777923319478,-1.3869464218869967,-0.5934803522196209,-0.07971938573231521,-0.318580804050863
edf05,23,English,sentence_audio,passive_dropped_agent,10721.0,4223.0,422.3,10.0,887.1600000000002,425.96,4509.0,3976,7,5730.0,0.8817919716123309,10721.0,2.6430000000000002,10.0,110.294,48.2,0.9327488107452664,exp_images/audio\ENGLISH\p_woa_lamp.wav,IMG_01_E_PNA,exp_images/images/girl_lighted_lamp.jpg,IMG_01,exp_images/sentences/noagent_girl_lamp.jpg,STIM_91,stimuli_list_subj_5_a.csv,PNA,passive_dropped_agent,non_agent_first,agent_dropped,1.0,1.0,6042.0,3946.0,358.72727272727275,11.0,790.6272727272728,507.57272727272726,4216.0,4216,4,1050.0,1.0,6042.0,2.6554545454545457,11.0,150.2590909090909,70.54545454545455,1.8205892088712348,participant_image,4679.0,277.0,63.57272727272726,-1.0,96.53272727272736,-81.61272727272728,293.0,-240,3,4680.0,-0.11820802838766908,4679.0,-0.012454545454545496,-1.0,-39.965090909090904,-22.345454545454544,-0.8878403981259684,0.012454545454545496,0.08862085521206173,0.8046337866535348,-0.018304053779618773,-0.19862227545691857,-0.023539475557997916,0.13055776741421227
edf05,24,English,sentence_audio,passive_dropped_agent,10344.0,3938.0,393.8,10.0,913.9,317.72,4411.0,4411,5,5353.0,1.0,10344.0,2.5860000000000003,10.0,131.709,58.0,0.9667440061871616,exp_images/audio\ENGLISH\p_woa_scooter.wav,IMG_14_E_PNA,exp_images/images/driver_wash_scooter.jpg,IMG_14,exp_images/sentences/noagent_driver_scooter.jpg,STIM_104,stimuli_list_subj_5_a.csv,PNA,passive_dropped_agent,non_agent_first,agent_dropped,1.0,1.0,6066.0,4268.0,284.53333333333336,15.0,960.3533333333332,320.5133333333334,4547.0,4103,4,1073.0,0.90235319991203,6066.0,2.523333333333333,15.0,80.1506666666667,29.73333333333333,2.4727992087042527,participant_image,4278.0,-330.0,109.26666666666665,-5.0,-46.45333333333326,-2.7933333333333508,-136.0,308,1,4280.0,0.09764680008797,4278.0,0.06266666666666731,-5.0,51.55833333333331,28.26666666666667,-1.506055202517091,-0.06266666666666731,0.18269211398596652,-0.4929578569891383,-0.9307322991845375,0.49049309417989956,-0.07487852166329073,-0.1650766939342201
edf05,25,Punjabi,sentence_audio,active,10328.0,3960.0,360.0,11.0,1079.0181818181818,381.57272727272726,4266.0,4236,5,5336.0,0.9929676511954992,10328.0,1.9645454545454544,11.0,143.8063636363636,66.0,1.0650658404337725,exp_images/audio\PUNJABI\box.wav,IMG_05_P_ACT,exp_images/images/man_pushed_box.jpg,IMG_05,exp_images/sentences/Pushed-box.jpg,STIM_05,stimuli_list_subj_5_a.csv,ACT,active,agent_first,agent_overt,0.0,,6108.0,4486.0,373.83333333333326,12.0,1038.4083333333333,375.975,4634.0,4634,6,1116.0,1.0,6108.0,2.4341666666666666,12.0,75.8775,29.83333333333333,1.9646365422396856,participant_image,4220.0,-526.0,-13.833333333333258,-1.0,40.6098484848485,5.597727272727241,-368.0,-398,-1,4220.0,-0.007032348804500765,4220.0,-0.4696212121212122,-1.0,67.92886363636362,36.16666666666667,-0.8995707018059131,0.4696212121212122,-0.07073694266051744,-0.9119495574075303,-0.018304053779618773,-0.39730882363687703,0.2888955865910513,-0.2218807581786984
edf05,26,Punjabi,sentence_audio,active,10471.0,4117.0,457.4444444444445,9.0,860.3222222222223,427.23333333333335,4422.0,2310,5,5479.0,0.5223880597014925,10471.0,1.7622222222222224,9.0,131.80666666666667,63.33333333333334,0.8595167605768312,exp_images/audio\PUNJABI\sapling.wav,IMG_03_P_ACT,exp_images/images/girl_plant_tree.jpg,IMG_03,exp_images/sentences/Sapling.jpg,STIM_03,stimuli_list_subj_5_a.csv,ACT,active,agent_first,agent_overt,0.0,,5779.0,4292.0,330.15384615384613,13.0,762.6923076923077,586.7615384615385,4532.0,3952,4,786.0,0.8720211827007943,5779.0,2.0200000000000005,14.0,96.02428571428571,34.285714285714285,2.422564457518602,participant_image,4692.0,-175.0,127.29059829059838,-4.0,97.62991452991457,-159.52820512820517,-110.0,-1642,1,4693.0,-0.3496331229993018,4692.0,-0.2577777777777781,-5.0,35.78238095238096,29.047619047619058,-1.5630476969417708,0.2577777777777781,0.21979843395764606,-0.1616123796174508,-0.7026252378333078,-1.9616510131043985,0.14411837206325212,-0.49239436490685173
edf05,27,Punjabi,sentence_audio,active,10579.0,3977.0,284.07142857142856,14.0,926.0214285714284,368.08571428571435,4201.0,4003,12,5586.0,0.9528683646750774,10579.0,2.117142857142857,14.0,107.90642857142859,56.57142857142857,1.323376500614425,exp_images/audio\PUNJABI\shrub.wav,IMG_04_P_ACT,exp_images/images/man_cut_shrub.jpg,IMG_04,exp_images/sentences/Shrub.jpg,STIM_04,stimuli_list_subj_5_a.csv,ACT,active,agent_first,agent_overt,0.0,,5836.0,4020.0,335.0,12.0,891.1500000000003,472.78333333333336,4279.0,4279,4,845.0,1.0,5836.0,2.535833333333333,12.0,141.60083333333333,59.33333333333334,2.0562028786840303,participant_image,4743.0,-43.0,-50.928571428571445,2.0,34.871428571428055,-104.69761904761901,-78.0,-276,8,4741.0,-0.047131635324922594,4743.0,-0.41869047619047617,2.0,-33.694404761904735,-2.7619047619047734,-0.7328263780696054,0.41869047619047617,-0.14710583946435932,0.12056570433779278,0.6660171302740702,-0.24389262820678254,0.25408870147442786,0.1299346136830298
edf05,28,Punjabi,sentence_audio,passive,10999.0,4113.0,342.75,12.0,978.6583333333333,625.5916666666667,4300.0,2696,6,6007.0,0.6269767441860465,10999.0,2.1025,12.0,116.31833333333331,57.66666666666666,1.0910082734794069,exp_images/audio\PUNJABI\p_dug.wav,IMG_13_P_PWA,exp_images/images/dog_dug_hole.jpg,IMG_13,exp_images/sentences/Dog-dug-passive.jpg,STIM_31,stimuli_list_subj_5_a.csv,PWA,passive_with_agent,non_agent_first,agent_overt,1.0,0.0,5808.0,4170.0,320.76923076923083,13.0,1035.0538461538465,670.1076923076922,4371.0,4371,4,815.0,1.0,5808.0,2.51,13.0,129.62846153846152,47.846153846153854,2.238292011019284,participant_image,5191.0,-57.0,21.98076923076917,-1.0,-56.395512820513204,-44.51602564102552,-71.0,-1675,2,5192.0,-0.37302325581395346,5191.0,-0.40749999999999975,-1.0,-13.310128205128208,9.820512820512803,-1.1472837375398772,0.40749999999999975,0.002994448301796988,0.09063772573647906,-0.018304053779618773,-2.0031488364584407,0.24644094983596862,-0.33627595327276294
edf05,29,Punjabi,sentence_audio,passive,10516.0,4022.0,402.2,10.0,957.97,291.70999999999987,4470.0,2222,6,6006.0,0.4970917225950783,10516.0,2.968,10.0,106.904,52.2,0.9509319132750096,exp_images/audio\PUNJABI\p_frisbee.wav,IMG_12_P_PWA,exp_images/images/child_throw_frisbee.jpg,IMG_12,exp_images/sentences/Frisbee-passive.jpg,STIM_30,stimuli_list_subj_5_a.csv,PWA,passive_with_agent,non_agent_first,agent_overt,1.0,0.0,6119.0,4318.0,431.8,10.0,1095.42,375.4,4652.0,4318,1,1502.0,0.9282029234737748,6119.0,1.1810000000000005,10.0,80.74600000000002,33.6,1.6342539630658606,participant_image,4397.0,-296.0,-29.600000000000023,0.0,-137.45000000000005,-83.69000000000011,-182.0,-2096,5,4504.0,-0.4311112008786965,4397.0,1.7869999999999995,0.0,26.157999999999973,18.6,-0.683322049790851,-1.7869999999999995,-0.10319617466533407,-0.4202756232430907,0.20980300757161088,-2.5325604616721273,-1.253315690089853,-0.8199089884197589
edf05,30,Punjabi,sentence_audio,passive,10527.0,4321.0,432.1,10.0,863.97,472.11,4466.0,2862,4,5716.0,0.6408419167039857,10527.0,2.37,10.0,102.279,52.6,0.9499382540134892,exp_images/audio\PUNJABI\p_tabla.wav,IMG_11_P_PWA,exp_images/images/child_play_tabla.jpg,IMG_11,exp_images/sentences/Tabla-passive.jpg,STIM_29,stimuli_list_subj_5_a.csv,PWA,passive_with_agent,non_agent_first,agent_overt,1.0,0.0,5775.0,4333.0,361.08333333333326,12.0,908.1833333333334,488.51666666666665,4607.0,3443,5,1090.0,0.7473410028217929,5775.0,3.26,12.0,92.70583333333332,32.166666666666664,2.0779220779220777,participant_image,4752.0,-12.0,71.01666666666677,-2.0,-44.21333333333337,-16.406666666666638,-141.0,-581,-1,4626.0,-0.10649908611780723,4752.0,-0.8899999999999997,-2.0,9.57316666666668,20.433333333333337,-1.1279838239085884,0.8899999999999997,0.10394587989394385,0.18683479981213028,-0.24641111513084843,-0.6274331167820189,0.5761892199495294,-0.0013748664514527497
edf05,31,Punjabi,sentence_audio,passive_dropped_agent,10675.0,4141.0,318.53846153846155,13.0,881.1461538461538,291.42307692307685,4356.0,4161,9,5683.0,0.9552341597796143,10675.0,3.2423076923076923,13.0,107.81615384615385,48.92307692307693,1.2177985948477752,exp_images/audio\PUNJABI\p_woa_picture.wav,IMG_07_P_PNA,exp_images/images/artiste_drew_picture.jpg,IMG_07,exp_images/sentences/Painting-woa.jpg,STIM_43,stimuli_list_subj_5_a.csv,PNA,passive_dropped_agent,non_agent_first,agent_dropped,1.0,1.0,5969.0,4301.0,358.41666666666674,12.0,993.0666666666666,381.44166666666666,4541.0,4541,3,976.0,1.0,5969.0,2.779166666666667,12.0,101.215,37.66666666666666,2.010386999497403,participant_image,4706.0,-160.0,-39.878205128205195,1.0,-111.92051282051284,-90.01858974358981,-185.0,-380,6,4707.0,-0.044765840220385655,4706.0,0.46314102564102555,1.0,6.601153846153849,11.25641025641027,-0.7925884046496279,-0.46314102564102555,-0.12435617328158177,-0.1295466882589004,0.4379100689228405,-0.3746736472619451,-0.3485691477702996,-0.10784711752997726
edf05,32,Punjabi,sentence_audio,passive_dropped_agent,10789.0,4231.0,384.6363636363636,11.0,937.6818181818179,431.51818181818186,4368.0,3395,4,5970.0,0.7772435897435898,10789.0,1.6445454545454543,11.0,112.43545454545456,56.72727272727273,1.019556956159051,exp_images/audio\PUNJABI\p_woa_cake.wav,IMG_15_P_PNA,exp_images/images/girl_baked_cake.jpg,IMG_15,exp_images/sentences/Cake-woa.jpg,STIM_51,stimuli_list_subj_5_a.csv,PNA,passive_dropped_agent,non_agent_first,agent_dropped,1.0,1.0,6061.0,4537.0,648.1428571428571,7.0,939.4714285714286,425.45714285714286,4795.0,4795,4,1068.0,1.0,6061.0,2.325714285714286,7.0,73.45857142857143,28.285714285714285,1.154924929879558,participant_image,4728.0,-306.0,-263.5064935064935,4.0,-1.7896103896107434,6.061038961039003,-427.0,-1400,0,4902.0,-0.22275641025641024,4728.0,-0.6811688311688318,4.0,38.97688311688313,28.441558441558442,-0.13536797372050713,0.6811688311688318,-0.5847453378890353,-0.44165275081545763,1.1222312529765295,-1.657333641841424,0.433470636181922,-0.22560596827749307
edf05,33,Punjabi,sentence_audio,passive_dropped_agent,10504.0,4534.0,453.4,10.0,1002.51,353.85,4536.0,4372,5,5536.0,0.9638447971781304,10504.0,1.93,10.0,93.01699999999998,45.6,0.952018278750952,exp_images/audio\PUNJABI\p_woa_window.wav,IMG_02_P_PNA,exp_images/images/girl_opened_window.jpg,IMG_02,exp_images/sentences/Window-woa.jpg,STIM_38,stimuli_list_subj_5_a.csv,PNA,passive_dropped_agent,non_agent_first,agent_dropped,1.0,1.0,5965.0,4057.0,368.8181818181818,11.0,1085.9636363636364,412.44545454545465,4352.0,4057,5,1298.0,0.9322150735294118,5965.0,2.679090909090909,11.0,122.30818181818182,58.18181818181818,1.8440905280804691,participant_image,4539.0,477.0,84.58181818181816,-1.0,-83.4536363636364,-58.59545454545463,184.0,315,0,4238.0,0.03162972364871863,4539.0,-0.7490909090909093,-1.0,-29.29118181818184,-12.581818181818178,-0.8920722493295171,0.7490909090909093,0.13187279745488165,1.2321763381008735,-0.018304053779618773,0.4992956627701509,0.47988967804165994,0.4649860845175894
edf05,34,English,sentence_audio,active,10511.0,4283.0,428.3,10.0,931.1,573.29,4512.0,3116,5,5519.0,0.6906028368794326,10511.0,2.478,10.0,105.483,48.0,0.9513842641042718,exp_images/audio\ENGLISH\fed.wav,IMG_16_E_ACT,exp_images/images/girl_fed_dog.jpg,IMG_16,exp_images/sentences/active_girl_dog.jpg,STIM_70,stimuli_list_subj_5_a.csv,ACT,active,agent_first,agent_overt,0.0,,5942.0,4172.0,347.66666666666674,12.0,928.1750000000003,622.7583333333333,4343.0,3875,6,949.0,0.8922403868293806,5942.0,2.7133333333333334,12.0,134.94833333333332,54.16666666666666,2.0195220464490067,participant_image,4569.0,111.0,80.63333333333327,-2.0,2.924999999999727,-49.46833333333336,169.0,-759,-1,4570.0,-0.20163754994994798,4569.0,-0.23533333333333317,-2.0,-29.46533333333332,-6.166666666666657,-1.0681377823447349,0.23533333333333317,0.12374395269180723,0.4497734689522436,-0.24641111513084843,-0.851269860934124,0.12877947728767566,-0.0790768154266492
edf05,35,English,sentence_audio,active,10999.0,4119.0,316.84615384615387,13.0,990.5846153846153,583.1,4268.0,3483,4,6190.0,0.8160731021555764,10999.0,2.5015384615384613,13.0,106.96076923076923,55.69230769230769,1.181925629602691,exp_images/audio\ENGLISH\veg.wav,IMG_18_E_ACT,exp_images/images/boy_cut_vegetables.jpg,IMG_18,exp_images/sentences/active_boy_vegetables.jpg,STIM_72,stimuli_list_subj_5_a.csv,ACT,active,agent_first,agent_overt,0.0,,6082.0,4374.0,437.4,10.0,1026.39,618.5799999999998,4594.0,4594,3,1090.0,1.0,6082.0,3.0410000000000004,10.0,118.02600000000001,39.8,1.6441959881617891,participant_image,4917.0,-255.0,-120.55384615384611,3.0,-35.80538461538481,-35.47999999999979,-326.0,-1111,1,5100.0,-0.18392689784442362,4917.0,-0.5394615384615391,3.0,-11.06523076923078,15.892307692307696,-0.46227035855909815,0.5394615384615391,-0.2904451383463955,-0.33262940019638626,0.8941241916252998,-1.293913310043905,0.3366255903110292,-0.1372476133300716
edf05,36,English,sentence_audio,active,11043.0,4273.0,356.08333333333326,12.0,843.3000000000002,385.85833333333335,4524.0,4524,7,6051.0,1.0,11043.0,1.7899999999999998,12.0,86.05416666666667,39.0,1.0866612333605001,exp_images/audio\ENGLISH\vase.wav,IMG_08_E_ACT,exp_images/images/boy_broke_vase.jpg,IMG_08,exp_images/sentences/active_boy_vase.jpg,STIM_62,stimuli_list_subj_5_a.csv,ACT,active,agent_first,agent_overt,0.0,,5635.0,4061.0,338.4166666666667,12.0,928.925,469.025,4349.0,4349,3,742.0,1.0,5635.0,1.9130769230769231,13.0,147.6130769230769,51.230769230769226,2.3070097604259097,participant_image,5408.0,212.0,17.666666666666572,0.0,-85.62499999999977,-83.16666666666663,175.0,175,4,5309.0,0.0,5408.0,-0.1230769230769233,-1.0,-61.55891025641023,-12.230769230769226,-1.2203485270654095,0.1230769230769233,-0.005887102820028355,0.6656824574331497,0.20980300757161088,0.32324429096512436,0.05206163875667185,0.2489808583813057
edf06,19,English,sentence_audio,passive_dropped_agent,10696.0,4318.0,287.8666666666667,15.0,1013.9066666666665,501.64,4590.0,4124,6,5996.0,0.8984749455337689,10696.0,1.8593333333333333,15.0,64.69466666666666,26.8,1.4023934181002244,exp_images/audio\ENGLISH\p_woa_letter.wav,IMG_17_E_PNA,exp_images/images/women_read_letter.jpg,IMG_17,exp_images/sentences/noagent_women_letter.jpg,STIM_107,stimuli_list_subj_6_a.csv,PNA,passive_dropped_agent,non_agent_first,agent_dropped,1.0,1.0,5925.0,4349.0,310.64285714285717,14.0,966.4,529.8071428571427,4557.0,4193,4,932.0,0.9201228878648232,5925.0,2.561428571428572,14.0,73.62285714285714,31.142857142857146,2.3628691983122363,participant_image,4771.0,-31.0,-22.776190476190493,1.0,47.50666666666655,-28.16714285714272,33.0,-69,2,5064.0,-0.02164794233105427,4771.0,-0.7020952380952385,1.0,-8.92819047619048,-4.342857142857145,-0.9604757802120119,0.7020952380952385,-0.0891478268964117,0.1462182574246331,0.4379100689228405,0.01641190010493525,0.44777207967140403,0.19183289584548024
edf06,20,English,sentence_audio,passive_dropped_agent,10891.0,4375.0,336.53846153846155,13.0,949.1461538461535,485.3153846153846,4630.0,4630,6,5899.0,1.0,10891.0,2.1569230769230776,13.0,70.88230769230769,27.84615384615385,1.1936461298319714,exp_images/audio\ENGLISH\p_woa_bucket.wav,IMG_09_E_PNA,exp_images/images/boy_filled_bucket.jpg,IMG_09,exp_images/sentences/noagent_boy_bucket.jpg,STIM_99,stimuli_list_subj_6_a.csv,PNA,passive_dropped_agent,non_agent_first,agent_dropped,1.0,1.0,6129.0,4417.0,294.46666666666664,15.0,964.9866666666665,484.13333333333327,4549.0,4549,9,1136.0,1.0,6129.0,2.3673333333333333,15.0,77.13799999999998,29.6,2.447381302006853,participant_image,4762.0,-42.0,42.07179487179491,-2.0,-15.840512820512913,1.1820512820513045,81.0,81,-3,4763.0,0.0,4762.0,-0.21041025641025568,-2.0,-6.255692307692286,-1.7538461538461512,-1.2537351721748815,0.21041025641025568,0.044356346557406064,0.12270341709502947,-0.24641111513084843,0.2050383698960351,0.11174664516064559,0.047486732715653554
edf06,21,English,sentence_audio,passive_dropped_agent,11131.0,3985.0,398.5,10.0,948.87,552.04,4269.0,4269,3,6138.0,1.0,11131.0,2.257000000000001,10.0,162.10100000000003,72.4,0.898391878537418,exp_images/audio\ENGLISH\p_woa_clothes.wav,IMG_06_E_PNA,exp_images/images/women_fold_clothes.jpg,IMG_06,exp_images/sentences/noagent_woman_clothes.jpg,STIM_96,stimuli_list_subj_6_a.csv,PNA,passive_dropped_agent,non_agent_first,agent_dropped,1.0,1.0,5722.0,4370.0,336.15384615384613,13.0,965.3923076923076,485.5538461538462,4590.0,4590,4,730.0,1.0,5722.0,2.1938461538461542,13.0,65.0023076923077,30.923076923076927,2.2719328905976934,participant_image,5409.0,-385.0,62.34615384615387,-3.0,-16.52230769230755,66.48615384615374,-321.0,-321,-1,5408.0,0.0,5409.0,0.06315384615384678,-3.0,97.09869230769233,41.47692307692308,-1.3735410120602753,-0.06315384615384678,0.08609567774330347,-0.6105320586371564,-0.4745181764820781,-0.3004805691441125,-0.07521146797030055,-0.2749293188980689
edf06,22,Punjabi,sentence_audio,active,10376.0,4208.0,280.53333333333336,15.0,977.0533333333333,446.2533333333333,4541.0,4131,8,5383.0,0.9097115172869412,10376.0,2.2593333333333336,15.0,73.14866666666667,30.13333333333333,1.4456437933693138,exp_images/audio\PUNJABI\door.wav,IMG_10_P_ACT,exp_images/images/boy_opened_door.jpg,IMG_10,exp_images/sentences/Closed-door.jpg,STIM_10,stimuli_list_subj_6_a.csv,ACT,active,agent_first,agent_overt,0.0,,5912.0,4454.0,342.61538461538464,13.0,904.9769230769231,515.3769230769232,4600.0,4392,10,920.0,0.954782608695652,5912.0,2.3523076923076918,13.0,74.42769230769231,30.153846153846153,2.198917456021651,participant_image,4464.0,-246.0,-62.08205128205128,2.0,72.07641025641021,-69.12358974358989,-59.0,-261,-2,4463.0,-0.045071091408710795,4464.0,-0.09297435897435813,2.0,-1.2790256410256404,-0.020512820512823993,-0.7532736626523371,0.09297435897435813,-0.17006778810443213,-0.313389985381256,0.6660171302740702,-0.22502998122767257,0.03148906168143156,-0.002196312551571794
edf06,23,Punjabi,sentence_audio,active,10651.0,4377.0,291.8,15.0,866.74,441.0533333333333,4562.0,4562,4,5659.0,1.0,10651.0,2.3353333333333337,15.0,71.98533333333333,28.66666666666667,1.4083184677495069,exp_images/audio\PUNJABI\lamp.wav,IMG_01_P_ACT,exp_images/images/girl_lighted_lamp.jpg,IMG_01,exp_images/sentences/Lamp.jpg,STIM_01,stimuli_list_subj_6_a.csv,ACT,active,agent_first,agent_overt,0.0,,5656.0,4052.0,202.6,20.0,944.735,504.565,4381.0,4381,5,663.0,1.0,5656.0,2.8819999999999997,20.0,81.45100000000002,30.6,3.5360678925035365,participant_image,4995.0,325.0,89.20000000000002,-5.0,-77.995,-63.51166666666671,181.0,181,-1,4996.0,0.0,4995.0,-0.546666666666666,-5.0,-9.465666666666692,-1.93333333333333,-2.12774942475403,0.546666666666666,0.14138036416165478,0.9072439990008961,-0.9307322991845375,0.3307893497567684,0.3415496909568054,0.15804622093831744
edf06,24,Punjabi,sentence_audio,active,10481.0,4185.0,220.26315789473685,19.0,918.021052631579,532.7421052631579,4191.0,3593,8,5488.0,0.8573132903841565,10481.0,4.3831578947368435,19.0,98.93105263157894,42.21052631578947,1.8128041217441084,exp_images/audio\PUNJABI\scooter.wav,IMG_14_P_ACT,exp_images/images/driver_wash_scooter.jpg,IMG_14,exp_images/sentences/Washed-scooter.jpg,STIM_14,stimuli_list_subj_6_a.csv,ACT,active,agent_first,agent_overt,0.0,,6121.0,4103.0,241.35294117647058,17.0,918.4705882352944,570.4470588235295,4377.0,4377,4,1128.0,1.0,6121.0,3.64,17.0,90.45823529411764,36.23529411764706,2.7773239666721117,participant_image,4360.0,82.0,-21.08978328173373,2.0,-0.4495356037153897,-37.704953560371564,-186.0,-784,4,4360.0,-0.1426867096158435,4360.0,0.7431578947368433,2.0,8.472817337461294,5.975232198142415,-0.9645198449280032,-0.7431578947368433,-0.08567597811970153,0.3877797989923795,0.6660171302740702,-0.8827076058993073,-0.5399371854634837,-0.09090476804320857
edf06,25,Punjabi,sentence_audio,passive,10851.0,4033.0,336.0833333333333,12.0,931.6,404.725,4345.0,4128,7,5858.0,0.9500575373993096,10851.0,4.0275,12.0,134.20666666666665,54.0,1.1058888581697541,exp_images/audio\PUNJABI\p_box.wav,IMG_05_P_PWA,exp_images/images/man_pushed_box.jpg,IMG_05,exp_images/sentences/Pushed-box-passive.jpg,STIM_23,stimuli_list_subj_6_a.csv,PWA,passive_with_agent,non_agent_first,agent_overt,1.0,0.0,5729.0,3951.0,246.9375,16.0,946.325,463.225,4215.0,3350,7,736.0,0.7947805456702254,5729.0,3.675625,16.0,107.498125,48.625,2.7928085180659803,participant_image,5122.0,82.0,89.14583333333331,-4.0,-14.725000000000023,-58.5,130.0,778,0,5122.0,0.15527699172908427,5122.0,0.3518749999999997,-4.0,26.708541666666648,5.375,-1.6869196598962262,-0.3518749999999997,0.14126884988679672,0.3877797989923795,-0.7026252378333078,1.0815226995253457,-0.27252815403446673,0.1270835913073495
edf06,26,Punjabi,sentence_audio,passive,10634.0,3844.0,240.25,16.0,888.4375000000003,549.56875,4122.0,3908,4,5642.0,0.9480834546336728,10634.0,2.608125,16.0,106.27624999999998,54.375,1.5046078615760767,exp_images/audio\PUNJABI\p_sapling.wav,IMG_03_P_PWA,exp_images/images/girl_plant_tree.jpg,IMG_03,exp_images/sentences/Sapling-passive.jpg,STIM_21,stimuli_list_subj_6_a.csv,PWA,passive_with_agent,non_agent_first,agent_overt,1.0,0.0,5968.0,4222.0,263.875,16.0,1008.9874999999997,560.5562500000002,4451.0,3091,4,975.0,0.6944506852392721,5968.0,2.9549999999999987,16.0,82.05,33.875,2.680965147453083,participant_image,4666.0,-378.0,-23.625,0.0,-120.54999999999939,-10.987500000000182,-329.0,817,0,4667.0,0.2536327693944007,4666.0,-0.34687499999999893,0.0,24.22624999999998,20.5,-1.1763572858770064,0.34687499999999893,-0.09089529234638404,-0.5955680693364996,0.20980300757161088,1.1305655816710318,0.205008848539316,0.171782815219815
edf06,27,Punjabi,sentence_audio,passive,10801.0,4347.0,310.5,14.0,853.657142857143,392.7357142857143,4603.0,4603,6,5808.0,1.0,10801.0,2.132857142857143,14.0,67.58214285714287,27.857142857142854,1.2961762799740764,exp_images/audio\PUNJABI\p_shrub.wav,IMG_04_P_PWA,exp_images/images/man_cut_shrub.jpg,IMG_04,exp_images/sentences/Shrub-passive.jpg,STIM_22,stimuli_list_subj_6_a.csv,PWA,passive_with_agent,non_agent_first,agent_overt,1.0,0.0,6025.0,4140.0,217.8947368421053,19.0,889.5526315789473,439.88947368421066,4307.0,4307,7,1033.0,1.0,6025.0,3.125,20.0,83.287,35.2,3.3195020746887964,participant_image,4776.0,207.0,92.60526315789471,-5.0,-35.89548872180433,-47.153759398496334,296.0,296,-1,4775.0,0.0,4776.0,-0.992142857142857,-6.0,-15.704857142857136,-7.342857142857149,-2.02332579471472,0.992142857142857,0.14839086480940686,0.6549938936469663,-0.9307322991845375,0.47540297659661157,0.6459952934154647,0.1988101458567824
edf06,28,Punjabi,sentence_audio,passive_dropped_agent,11081.0,4331.0,309.35714285714283,14.0,977.842857142857,686.7428571428571,4546.0,4424,6,6089.0,0.9731632204135504,11081.0,2.8392857142857144,14.0,83.80499999999998,31.857142857142854,1.2634238787113077,exp_images/audio\PUNJABI\p_woa_dug.wav,IMG_13_P_PNA,exp_images/images/dog_dug_hole.jpg,IMG_13,exp_images/sentences/Dog-dug-woa.jpg,STIM_49,stimuli_list_subj_6_a.csv,PNA,passive_dropped_agent,non_agent_first,agent_dropped,1.0,1.0,5966.0,4276.0,305.42857142857144,14.0,957.8714285714284,721.157142857143,4443.0,3277,7,973.0,0.7375647085302723,5966.0,4.400714285714286,14.0,105.28214285714287,39.285714285714285,2.3466309084813943,participant_image,5115.0,55.0,3.928571428571388,0.0,19.971428571428646,-34.414285714285825,103.0,1147,-1,5116.0,0.23559851188327807,5115.0,-1.5614285714285714,0.0,-21.477142857142894,-7.428571428571431,-1.0832070297700866,1.5614285714285714,-0.03417006395983354,0.3300615545469888,0.20980300757161088,1.5455438152114513,1.0350543182570755,0.6172585263254586
edf06,29,Punjabi,sentence_audio,passive_dropped_agent,10692.0,4178.0,321.38461538461536,13.0,974.1384615384616,439.15384615384613,4336.0,3460,6,5880.0,0.7979704797047971,10692.0,3.5076923076923068,13.0,115.83384615384615,50.46153846153846,1.2158623269734379,exp_images/audio\PUNJABI\p_woa_frisbee.wav,IMG_12_P_PNA,exp_images/images/child_throw_frisbee.jpg,IMG_12,exp_images/sentences/Frisbee-woa.jpg,STIM_48,stimuli_list_subj_6_a.csv,PNA,passive_dropped_agent,non_agent_first,agent_dropped,1.0,1.0,5655.0,4066.0,271.06666666666666,15.0,1057.42,622.6466666666668,4399.0,2980,5,1030.0,0.6774266878836099,5655.0,4.0575,16.0,100.246875,38.25,2.829354553492484,participant_image,5037.0,112.0,50.317948717948696,-2.0,-83.2815384615385,-183.49282051282063,-63.0,480,1,4850.0,0.12054379182118713,5037.0,-0.5498076923076933,-3.0,15.58697115384615,12.21153846153846,-1.6134922265190463,0.5498076923076933,0.061332910247028576,0.45191118170948036,-0.24641111513084843,0.7067847795403608,0.3436963184625279,0.26346281496570984
edf06,30,Punjabi,sentence_audio,passive_dropped_agent,10720.0,4252.0,265.75,16.0,911.9625,474.81875,4414.0,3716,7,5928.0,0.8418667874943362,10720.0,3.358125,16.0,81.64750000000002,36.125,1.4925373134328357,exp_images/audio\PUNJABI\p_woa_tabla.wav,IMG_11_P_PNA,exp_images/images/child_play_tabla.jpg,IMG_11,exp_images/sentences/Tabla-woa.jpg,STIM_47,stimuli_list_subj_6_a.csv,PNA,passive_dropped_agent,non_agent_first,agent_dropped,1.0,1.0,6138.0,4260.0,250.58823529411762,17.0,925.3470588235293,596.1882352941175,4440.0,2642,3,1358.0,0.5950450450450451,6138.0,2.9011764705882346,17.0,79.66176470588233,32.47058823529412,2.7696318018898665,participant_image,4582.0,-8.0,15.161764705882376,-1.0,-13.384558823529346,-121.36948529411745,-26.0,1074,4,4570.0,0.24682174244929111,4582.0,0.4569485294117652,-1.0,1.9857352941176885,3.654411764705877,-1.2770944884570308,-0.4569485294117652,-0.01104400729536115,0.19538565084107706,-0.018304053779618773,1.4537455999131161,-0.3443370961241165,0.2550892187110193
edf06,31,English,sentence_audio,active,10557.0,4391.0,313.64285714285717,14.0,974.9,420.1285714285714,4529.0,4529,7,5564.0,1.0,10557.0,3.661428571428572,14.0,92.48,33.142857142857146,1.326134318461684,exp_images/audio\ENGLISH\picture.wav,IMG_07_E_ACT,exp_images/images/artiste_drew_picture.jpg,IMG_07,exp_images/sentences/active_artist_picture.jpg,STIM_61,stimuli_list_subj_6_a.csv,ACT,active,agent_first,agent_overt,0.0,,5861.0,4136.0,258.5,16.0,982.45,553.7937499999998,4301.0,4301,5,869.0,1.0,5861.0,4.471176470588237,17.0,96.77529411764708,41.76470588235294,2.9005289199795263,participant_image,4696.0,255.0,55.14285714285717,-2.0,-7.550000000000068,-133.66517857142844,228.0,228,2,4695.0,0.0,4696.0,-0.8097478991596647,-3.0,-4.2952941176470745,-8.621848739495796,-1.5743946015178423,0.8097478991596647,0.07126607020259501,0.7576041059943276,-0.24641111513084843,0.389892310291313,0.5213436418664631,0.29873900264477005
edf06,32,English,sentence_audio,active,10716.0,4310.0,431.0,10.0,924.47,470.2,4509.0,4509,6,5725.0,1.0,10716.0,2.361,10.0,103.283,48.2,0.9331840238895109,exp_images/audio\ENGLISH\cake.wav,IMG_15_E_ACT,exp_images/images/girl_baked_cake.jpg,IMG_15,exp_images/sentences/active_girl_cake.jpg,STIM_69,stimuli_list_subj_6_a.csv,ACT,active,agent_first,agent_overt,0.0,,5840.0,4494.0,408.54545454545456,11.0,937.8272727272728,500.6818181818182,4670.0,4670,6,848.0,1.0,5840.0,2.1818181818181817,11.0,67.42272727272729,29.272727272727273,1.8835616438356164,participant_image,4876.0,-184.0,22.45454545454544,-1.0,-13.357272727272743,-30.4818181818182,-161.0,-161,0,4877.0,0.0,4876.0,0.17918181818181855,-1.0,35.860272727272715,18.92727272727273,-0.9503776199461055,-0.17918181818181855,0.003969823293292955,-0.18085179443258104,-0.018304053779618773,-0.09927900136693932,-0.15450685255270122,-0.08979437576770948
edf06,33,English,sentence_audio,active,10907.0,4487.0,373.91666666666674,12.0,1045.65,485.08333333333326,4628.0,3901,5,6082.0,0.8429127052722558,10907.0,2.6841666666666675,12.0,77.47166666666666,30.33333333333333,1.1002108737508025,exp_images/audio\ENGLISH\window.wav,IMG_02_E_ACT,exp_images/images/girl_opened_window.jpg,IMG_02,exp_images/sentences/active_girl_window.jpg,STIM_56,stimuli_list_subj_6_a.csv,ACT,active,agent_first,agent_overt,0.0,,5725.0,3993.0,285.2142857142857,14.0,1031.1142857142856,496.21428571428567,4275.0,3993,7,1050.0,0.9340350877192982,5725.0,3.636428571428571,14.0,143.84,51.28571428571429,2.4454148471615724,participant_image,5182.0,494.0,88.70238095238102,-2.0,14.535714285714448,-11.130952380952408,353.0,-92,-2,5032.0,-0.0911223824470424,5182.0,-0.9522619047619036,-2.0,-66.36833333333334,-20.952380952380963,-1.34520397341077,0.9522619047619036,0.14035590335087164,1.2685174549738973,-0.24641111513084843,-0.012510825263033392,0.6187400083209555,0.35373828525036854
edf06,34,English,sentence_audio,passive,10851.0,4352.0,334.76923076923083,13.0,920.5692307692308,636.6076923076922,4557.0,4007,6,5859.0,0.8793065613342111,10851.0,2.6750000000000003,14.0,72.56,32.285714285714285,1.2902036678647129,exp_images/audio\ENGLISH\p_fed.wav,IMG_16_E_PWA,exp_images/images/girl_fed_dog.jpg,IMG_16,exp_images/sentences/passive_girl_dog.jpg,STIM_88,stimuli_list_subj_6_a.csv,PWA,passive_with_agent,non_agent_first,agent_overt,1.0,0.0,6017.0,3848.0,240.5,16.0,901.0,673.7624999999998,4081.0,2797,6,1025.0,0.6853712325410438,6017.0,3.5729411764705885,17.0,141.5852941176471,54.70588235294117,2.8253282366627888,participant_image,4834.0,504.0,94.26923076923083,-3.0,19.569230769230785,-37.1548076923076,476.0,1210,0,4834.0,0.19393532879316733,4834.0,-0.8979411764705882,-3.0,-69.02529411764709,-22.420168067226882,-1.535124568798076,0.8979411764705882,0.1518165166536897,1.2898945825462642,-0.4745181764820781,1.6247669325237133,0.5816163478331421,0.6347152406149463
edf06,35,English,sentence_audio,passive,10838.0,4110.0,411.0,10.0,960.16,758.0,4506.0,4110,3,6286.0,0.9121171770972036,10838.0,3.1709090909090905,11.0,114.82545454545452,45.27272727272727,1.0149474072707143,exp_images/audio\ENGLISH\p_veg.wav,IMG_18_E_PWA,exp_images/images/boy_cut_vegetables.jpg,IMG_18,exp_images/sentences/passive_boy_vegetables.jpg,STIM_90,stimuli_list_subj_6_a.csv,PWA,passive_with_agent,non_agent_first,agent_overt,1.0,0.0,6013.0,4281.0,305.7857142857143,14.0,1017.2571428571428,739.0857142857143,4500.0,4500,4,1021.0,1.0,6013.0,3.0799999999999987,14.0,81.28999999999998,35.142857142857146,2.328288707799768,participant_image,4825.0,-171.0,105.21428571428572,-4.0,-57.097142857142785,18.91428571428571,6.0,-390,-1,5265.0,-0.08788282290279636,4825.0,0.09090909090909172,-3.0,33.53545454545454,10.129870129870127,-1.3133413005290535,-0.09090909090909172,0.17434937570867912,-0.15306152858850403,-0.7026252378333078,-0.3872487452480184,-0.09417984920267465,-0.23255319703276514
edf06,36,English,sentence_audio,passive,11057.0,4315.0,359.58333333333326,12.0,886.5500000000002,483.3250000000001,4624.0,4222,6,6065.0,0.9130622837370242,11057.0,3.0025,12.0,81.0725,30.66666666666667,1.0852853396038709,exp_images/audio\ENGLISH\p_vase.wav,IMG_08_E_PWA,exp_images/images/boy_broke_vase.jpg,IMG_08,exp_images/sentences/passive_boy_vase.jpg,STIM_80,stimuli_list_subj_6_a.csv,PWA,passive_with_agent,non_agent_first,agent_overt,1.0,0.0,5905.0,4031.0,251.9375,16.0,838.6937500000001,503.9375,4503.0,3929,5,912.0,0.8725294248278925,5905.0,2.588125,16.0,76.858125,30.625,2.7095681625740897,participant_image,5152.0,284.0,107.64583333333326,-4.0,47.856250000000045,-20.612499999999898,121.0,293,1,5153.0,0.04053285890913172,5152.0,0.41437500000000016,-4.0,4.214375000000004,0.041666666666671404,-1.6242828229702189,-0.41437500000000016,0.1793552637613698,0.8195977759541917,-0.7026252378333078,0.4716304472007896,-0.31524166052586094,0.09054331771143648
edf07,19,Punjabi,sentence_audio,active,10979.0,4585.0,1146.25,4.0,1000.85,336.1,4732.0,4732,1,5987.0,1.0,10979.0,1.3075,4.0,108.665,65.0,0.3643319063667001,exp_images/audio\PUNJABI\letter.wav,IMG_17_P_ACT,exp_images/images/women_read_letter.jpg,IMG_17,exp_images/sentences/Letter.jpg,STIM_17,stimuli_list_subj_7_a.csv,ACT,active,agent_first,agent_overt,0.0,,5695.0,4471.0,1117.75,4.0,996.675,271.2,4703.0,4703,1,730.0,1.0,5695.0,1.664,5.0,115.934,58.4,0.8779631255487269,participant_image,5284.0,114.0,28.5,0.0,4.175000000000068,64.90000000000003,29.0,29,0,5257.0,0.0,5284.0,-0.3564999999999998,-1.0,-7.268999999999991,6.600000000000001,-0.5136312191820268,0.3564999999999998,0.01641575215156874,0.4561866072239537,0.20980300757161088,0.1396478603684538,0.21158672853899127,0.20672799117091567
edf07,20,Punjabi,sentence_audio,active,10941.0,4291.0,1430.333333333333,3.0,1012.1,143.53333333333333,4686.0,4520,2,5949.0,0.964575330772514,10941.0,3.923333333333333,3.0,157.53333333333333,102.0,0.2741979709350151,exp_images/audio\PUNJABI\bucket.wav,IMG_09_P_ACT,exp_images/images/boy_filled_bucket.jpg,IMG_09,exp_images/sentences/Bucket.jpg,STIM_09,stimuli_list_subj_7_a.csv,ACT,active,agent_first,agent_overt,0.0,,5938.0,4596.0,1149.0,4.0,1005.725,288.325,4780.0,4596,3,1158.0,0.9615062761506276,5938.0,2.5325,4.0,137.785,53.0,0.6736274840013473,participant_image,5003.0,-305.0,281.33333333333303,-1.0,6.375,-144.79166666666666,-94.0,-76,-1,4791.0,0.0030690546218864467,5003.0,1.3908333333333327,-1.0,19.748333333333335,49.0,-0.39942951306633223,-1.3908333333333327,0.536930075104068,-0.43951503805822095,-0.018304053779618773,0.007609331514683925,-0.9825690102764042,-0.17916973909909842
edf07,21,Punjabi,sentence_audio,active,10300.0,796.0,265.3333333333333,3.0,993.1333333333333,407.2,4877.0,4877,3,5307.0,1.0,10300.0,4.446666666666666,3.0,101.09666666666668,38.66666666666666,0.2912621359223301,exp_images/audio\PUNJABI\clothes.wav,IMG_06_P_ACT,exp_images/images/women_fold_clothes.jpg,IMG_06,exp_images/sentences/Folded-clothes.jpg,STIM_06,stimuli_list_subj_7_a.csv,ACT,active,agent_first,agent_overt,0.0,,6004.0,4126.0,687.6666666666665,6.0,979.85,293.83333333333337,4506.0,1932,4,1470.0,0.42876165113182413,6004.0,4.485,6.0,161.54833333333337,81.0,0.9993337774816791,participant_image,4296.0,-3330.0,-422.3333333333332,-3.0,13.283333333333303,113.36666666666662,371.0,2945,-1,3837.0,0.5712383488681758,4296.0,-0.038333333333333997,-3.0,-60.451666666666696,-42.33333333333334,-0.708071641559349,0.038333333333333997,-0.9117261355125789,-6.90609612869922,-0.4745181764820781,3.806546433107435,-0.005853495173197307,-0.898329500551928
edf07,22,Punjabi,sentence_audio,passive,10680.0,4252.0,2126.0,2.0,904.15,247.7,4769.0,517,1,5687.0,0.10840847137764732,10680.0,1.54,2.0,155.64,112.0,0.18726591760299627,exp_images/audio\PUNJABI\p_door.wav,IMG_10_P_PWA,exp_images/images/boy_opened_door.jpg,IMG_10,exp_images/sentences/Closed-door-passive.jpg,STIM_28,stimuli_list_subj_7_a.csv,PWA,passive_with_agent,non_agent_first,agent_overt,1.0,0.0,5858.0,4298.0,330.61538461538464,13.0,964.7538461538463,372.86923076923074,4666.0,4236,4,866.0,0.9078439777111016,5858.0,1.5630769230769228,13.0,60.439230769230754,25.07692307692308,2.219187435984978,participant_image,4822.0,-46.0,1795.3846153846152,-11.0,-60.60384615384635,-125.16923076923075,103.0,-3719,-3,4821.0,-0.7994355063334543,4822.0,-0.023076923076922773,-11.0,95.20076923076923,86.92307692307692,-2.031921518381982,0.023076923076922773,3.6539454132410003,0.11415256606608269,-2.2993746672919153,-4.573498864811828,-0.016279971629558732,-0.6242111048852438
edf07,23,Punjabi,sentence_audio,passive,10580.0,4470.0,1117.5,4.0,994.05,88.85,4689.0,1635,2,5587.0,0.3486884197056942,10580.0,2.3425,4.0,126.325,76.0,0.3780718336483932,exp_images/audio\PUNJABI\p_lamp.wav,IMG_01_P_PWA,exp_images/images/girl_lighted_lamp.jpg,IMG_01,exp_images/sentences/Lamp-passive.jpg,STIM_19,stimuli_list_subj_7_a.csv,PWA,passive_with_agent,non_agent_first,agent_overt,1.0,0.0,5701.0,4487.0,747.8333333333335,6.0,792.4833333333335,431.1833333333333,4820.0,4820,3,709.0,1.0,5701.0,2.276666666666667,6.0,69.76666666666667,28.66666666666667,1.0524469391334854,participant_image,4879.0,-17.0,369.6666666666665,-2.0,201.5666666666665,-342.33333333333326,-131.0,-3185,-1,4878.0,-0.6513115802943058,4879.0,0.06583333333333297,-2.0,56.55833333333334,47.33333333333333,-0.6743751054850922,-0.06583333333333297,0.7187841233340123,0.1761462360259468,-0.24641111513084843,-3.9019886323555126,-0.07704267265885399,-0.6661024121570512
edf07,24,Punjabi,sentence_audio,passive,10282.0,3800.0,316.6666666666667,12.0,813.0499999999997,193.27500000000006,4314.0,1592,2,5290.0,0.36903106165971256,10282.0,2.484166666666667,12.0,77.25500000000002,56.5,1.1670881151526942,exp_images/audio\PUNJABI\p_scooter.wav,IMG_14_P_PWA,exp_images/images/driver_wash_scooter.jpg,IMG_14,exp_images/sentences/Washed-scooter-passive.jpg,STIM_32,stimuli_list_subj_7_a.csv,PWA,passive_with_agent,non_agent_first,agent_overt,1.0,0.0,5931.0,4671.0,1557.0,3.0,880.3333333333335,236.2,4922.0,2093,2,939.0,0.4252336448598131,5931.0,1.0333333333333332,3.0,44.92,23.33333333333333,0.5058168942842691,participant_image,4351.0,-871.0,-1240.3333333333333,9.0,-67.28333333333376,-42.924999999999926,-608.0,-501,0,4351.0,-0.05620258320010052,4351.0,1.4508333333333336,9.0,32.33500000000002,33.16666666666667,0.661271220868425,-1.4508333333333336,-2.5957632462910034,-1.6494604586541897,2.2627665597326776,-0.5268323328934322,-1.023573976508143,-0.7065726909228182
edf07,25,Punjabi,sentence_audio,passive_dropped_agent,10561.0,1135.0,378.33333333333326,3.0,960.5333333333333,112.66666666666669,4730.0,0,0,,0.0,10561.0,2.526666666666667,3.0,135.3733333333333,87.33333333333331,0.2840640090900483,exp_images/audio\PUNJABI\p_woa_box.wav,IMG_05_P_PNA,exp_images/images/man_pushed_box.jpg,IMG_05,exp_images/sentences/Pushed-box-woa.jpg,STIM_41,stimuli_list_subj_7_a.csv,PNA,passive_dropped_agent,non_agent_first,agent_dropped,1.0,1.0,5953.0,4317.0,1079.25,4.0,996.8,257.375,4725.0,2091,3,960.0,0.44253968253968257,5953.0,1.97,4.0,134.1525,67.0,0.6719301192675962,participant_image,4608.0,-3182.0,-700.9166666666667,-1.0,-36.26666666666665,-144.70833333333331,5.0,-2091,-3,,-0.44253968253968257,4608.0,0.5566666666666669,-1.0,1.220833333333303,20.333333333333314,-0.38786611017754785,-0.5566666666666669,-1.4852526291283366,-6.5897146406281895,-0.018304053779618773,-2.5262729126790906,-0.41248607697126766,-2.2064060626373005
edf07,26,Punjabi,sentence_audio,passive_dropped_agent,11065.0,2975.0,247.91666666666663,12.0,749.9,281.5250000000001,3691.0,1802,3,7746.0,0.4882145759956652,11065.0,4.5625,12.0,145.88250000000005,108.5,1.0845006778129236,exp_images/audio\PUNJABI\p_woa_sapling.wav,IMG_03_P_PNA,exp_images/images/girl_plant_tree.jpg,IMG_03,exp_images/sentences/Sapling-woa.jpg,STIM_39,stimuli_list_subj_7_a.csv,PNA,passive_dropped_agent,non_agent_first,agent_dropped,1.0,1.0,6109.0,4183.0,522.875,8.0,841.4999999999999,363.075,4583.0,3767,5,1116.0,0.8219506873227144,6109.0,2.89625,8.0,128.5825,51.25,1.3095432967752496,participant_image,4956.0,-1208.0,-274.95833333333337,4.0,-91.59999999999991,-81.5499999999999,-892.0,-1965,-2,6630.0,-0.33373611132704917,4956.0,1.6662499999999998,4.0,17.30000000000004,57.25,-0.22504261896232602,-1.6662499999999998,-0.6083215276874322,-2.3698696578429557,1.1222312529765295,-2.3678266780545667,-1.1707931955484803,-1.078915961231381
edf07,27,Punjabi,sentence_audio,passive_dropped_agent,10317.0,4367.0,485.22222222222223,9.0,864.5555555555555,361.06666666666666,4598.0,4436,6,5325.0,0.9647672901261418,10317.0,2.5177777777777783,9.0,103.46888888888891,43.77777777777778,0.8723466123873219,exp_images/audio\PUNJABI\p_woa_shrub.wav,IMG_04_P_PNA,exp_images/images/man_cut_shrub.jpg,IMG_04,exp_images/sentences/Shrub-woa.jpg,STIM_40,stimuli_list_subj_7_a.csv,PNA,passive_dropped_agent,non_agent_first,agent_dropped,1.0,1.0,5669.0,3491.0,436.375,8.0,871.925,219.225,4480.0,2210,4,677.0,0.4933035714285714,5669.0,3.38375,8.0,80.42,64.0,1.4111836302698892,participant_image,4648.0,876.0,48.84722222222223,1.0,-7.369444444444412,141.84166666666667,118.0,2226,2,4648.0,0.4714637186975704,4648.0,-0.8659722222222217,1.0,23.04888888888891,-20.22222222222222,-0.5388370178825673,0.8659722222222217,0.05830508873283729,2.0851237282383144,0.4379100689228405,2.902396887908763,0.5597682496761712,1.2087008046957852
edf07,28,English,sentence_audio,active,10201.0,4575.0,457.5,10.0,850.9100000000002,616.67,4745.0,4439,4,5208.0,0.9355110642781876,10201.0,1.6490000000000002,10.0,60.55899999999999,24.8,0.9802960494069208,exp_images/audio\ENGLISH\dug.wav,IMG_13_E_ACT,exp_images/images/dog_dug_hole.jpg,IMG_13,exp_images/sentences/active_dog_hole.jpg,STIM_67,stimuli_list_subj_7_a.csv,ACT,active,agent_first,agent_overt,0.0,,5818.0,4506.0,751.0,6.0,979.8666666666667,610.8666666666667,4660.0,4660,3,826.0,1.0,5818.0,2.195,6.0,114.19666666666667,55.33333333333334,1.0312822275696116,participant_image,4383.0,69.0,-293.5,4.0,-128.95666666666648,5.803333333333285,85.0,-221,1,4382.0,-0.06448893572181236,4383.0,-0.5459999999999996,4.0,-53.63766666666668,-30.533333333333342,-0.0509861781626908,0.5459999999999996,-0.6464937217734346,0.3599895331483025,1.1222312529765295,-0.17472958928337926,0.3410940802208974,0.20041831105778313
edf07,29,English,sentence_audio,active,10892.0,4060.0,451.11111111111114,9.0,928.1333333333334,11.666666666666664,4379.0,3045,3,5899.0,0.6953642384105961,10892.0,5.796999999999999,10.0,89.59199999999998,63.2,0.9181050312155712,exp_images/audio\ENGLISH\frisbee.wav,IMG_12_E_ACT,exp_images/images/child_throw_frisbee.jpg,IMG_12,exp_images/sentences/active_child_frisbee.jpg,STIM_66,stimuli_list_subj_7_a.csv,ACT,active,agent_first,agent_overt,0.0,,6037.0,4365.0,545.625,8.0,963.9875,213.85,4614.0,866,3,1322.0,0.18768964022540094,6037.0,1.67625,8.0,87.65249999999997,47.25,1.3251615040583071,participant_image,4855.0,-305.0,-94.51388888888886,1.0,-35.854166666666515,-202.18333333333334,-235.0,2179,0,4577.0,0.5076745981851952,4855.0,4.120749999999999,2.0,1.9395000000000095,15.950000000000003,-0.40705647284273594,-4.120749999999999,-0.23683602539129497,-0.43951503805822095,0.4379100689228405,2.843293927374218,-2.8482380224785007,-0.04867701792619163
edf07,30,English,sentence_audio,active,10462.0,4608.0,658.2857142857142,7.0,836.8857142857142,468.28571428571433,4794.0,2662,3,5686.0,0.5552774301209845,10462.0,2.4042857142857144,7.0,74.7,28.285714285714285,0.6690881284649207,exp_images/audio\ENGLISH\tabla.wav,IMG_11_E_ACT,exp_images/images/child_play_tabla.jpg,IMG_11,exp_images/sentences/active_child_tabla.jpg,STIM_65,stimuli_list_subj_7_a.csv,ACT,active,agent_first,agent_overt,0.0,,6067.0,3863.0,482.875,8.0,938.1625,386.9875,4632.0,1714,3,1872.0,0.3700345423143351,6067.0,2.5375000000000005,8.0,107.9625,45.0,1.3186088676446348,participant_image,4395.0,745.0,175.41071428571422,-1.0,-101.27678571428578,81.29821428571432,162.0,948,0,3814.0,0.18524288780664944,4395.0,-0.13321428571428617,-1.0,-33.2625,-16.714285714285715,-0.6495207391797141,0.13321428571428617,0.3188645233350758,1.8050833570403073,-0.018304053779618773,1.2952993652885922,0.05898967563373765,0.6919865735036189
edf07,31,English,sentence_audio,passive,10947.0,4655.0,517.2222222222222,9.0,984.6666666666665,415.0777777777778,4682.0,4682,3,5955.0,1.0,10947.0,3.2433333333333336,9.0,85.23666666666666,34.44444444444444,0.8221430528912032,exp_images/audio\ENGLISH\p_artist.wav,IMG_07_E_PWA,exp_images/images/artiste_drew_picture.jpg,IMG_07,exp_images/sentences/passive_artist_picture.jpg,STIM_79,stimuli_list_subj_7_a.csv,PWA,passive_with_agent,non_agent_first,agent_overt,1.0,0.0,6046.0,4404.0,367.0,12.0,927.8916666666668,292.56666666666666,4607.0,4607,3,1053.0,1.0,6046.0,2.8366666666666664,12.0,77.86083333333335,32.166666666666664,1.9847833278200464,participant_image,4901.0,251.0,150.22222222222217,-3.0,56.77499999999975,122.51111111111112,75.0,75,0,4902.0,0.0,4901.0,0.4066666666666672,-3.0,7.375833333333318,2.2777777777777786,-1.1626402749288434,-0.4066666666666672,0.2670083431401266,0.7490532549653808,-0.4745181764820781,0.1974933111043911,-0.3099736613919226,0.08581261426717957
edf07,32,English,sentence_audio,passive,10577.0,4473.0,1491.0,3.0,905.1,236.23333333333332,4744.0,4053,1,5585.0,0.8543423271500843,10577.0,1.5833333333333333,3.0,151.69,82.66666666666667,0.2836343008414484,exp_images/audio\ENGLISH\p_cake.wav,IMG_15_E_PWA,exp_images/images/girl_baked_cake.jpg,IMG_15,exp_images/sentences/passive_girl_cake.jpg,STIM_87,stimuli_list_subj_7_a.csv,PWA,passive_with_agent,non_agent_first,agent_overt,1.0,0.0,5802.0,4412.0,1103.0,4.0,916.375,250.275,4708.0,624,1,810.0,0.13254035683942225,5802.0,1.3575000000000002,4.0,189.1775,71.0,0.6894174422612892,participant_image,4775.0,61.0,388.0,-1.0,-11.274999999999977,-14.041666666666686,36.0,3429,0,4775.0,0.7218019703106621,4775.0,0.2258333333333331,-1.0,-37.48750000000001,11.666666666666671,-0.4057831414198408,-0.2258333333333331,0.7565274163628689,0.34288783109040893,-0.018304053779618773,4.415181175633384,-0.18638924927682246,1.061980624006044
edf07,33,English,sentence_audio,passive,10592.0,4256.0,472.88888888888886,9.0,987.5888888888887,362.3222222222223,4483.0,3628,5,5852.0,0.8092795003345974,10592.0,2.6855555555555553,9.0,95.50222222222223,56.66666666666666,0.8496978851963746,exp_images/audio\ENGLISH\p_window.wav,IMG_02_E_PWA,exp_images/images/girl_opened_window.jpg,IMG_02,exp_images/sentences/passive_girl_window.jpg,STIM_74,stimuli_list_subj_7_a.csv,PWA,passive_with_agent,non_agent_first,agent_overt,1.0,0.0,5665.0,4243.0,282.8666666666667,15.0,1114.88,383.64,4535.0,4243,4,994.0,0.93561190738699,5665.0,2.5346666666666664,15.0,78.37933333333334,30.53333333333333,2.64783759929391,participant_image,4927.0,13.0,190.02222222222218,-6.0,-127.29111111111138,-21.31777777777768,-52.0,-615,1,4858.0,-0.12633240705239257,4927.0,0.15088888888888885,-6.0,17.122888888888895,26.133333333333326,-1.7981397140975355,-0.15088888888888885,0.3489456010973165,0.24027761874304762,-1.1588393605357672,-0.6701884499346682,-0.1351710090484756,-0.2749951199357094
edf07,34,English,sentence_audio,passive_dropped_agent,10830.0,4412.0,1103.0,4.0,918.875,509.775,4696.0,2668,3,6256.0,0.5681431005110733,10830.0,2.748,5.0,142.3733333333333,77.33333333333333,0.4616805170821791,exp_images/audio\ENGLISH\p_woa_fed.wav,IMG_16_E_PNA,exp_images/images/girl_fed_dog.jpg,IMG_16,exp_images/sentences/noagent_girl_dog.jpg,STIM_106,stimuli_list_subj_7_a.csv,PNA,passive_dropped_agent,non_agent_first,agent_dropped,1.0,1.0,5693.0,4273.0,328.6923076923077,13.0,890.9153846153847,590.5692307692308,4540.0,4112,6,703.0,0.9057268722466959,5693.0,3.624615384615384,13.0,91.46307692307691,34.615384615384606,2.283506060073775,participant_image,5137.0,139.0,774.3076923076924,-9.0,27.95961538461529,-80.79423076923081,156.0,-1444,-3,5553.0,-0.3375837717356226,5137.0,-0.8766153846153837,-8.0,50.910256410256395,42.71794871794872,-1.8218255429915957,0.8766153846153837,1.551828748912168,0.5096294261548711,-1.843160544589456,-1.7126640729801468,0.5670419582516798,-0.1854648968501768
edf07,35,English,sentence_audio,passive_dropped_agent,10451.0,2365.0,2365.0,1.0,993.9,289.3,4970.0,4970,1,5459.0,1.0,10451.0,1.08,1.0,48.33,22.0,0.0956846234810066,exp_images/audio\ENGLISH\p_woa_veg.wav,IMG_18_E_PNA,exp_images/images/boy_cut_vegetables.jpg,IMG_18,exp_images/sentences/noagent_boy_vegetables.jpg,STIM_108,stimuli_list_subj_7_a.csv,PNA,passive_dropped_agent,non_agent_first,agent_dropped,1.0,1.0,5943.0,4249.0,607.0,7.0,961.7285714285713,366.0571428571429,4604.0,4604,3,951.0,1.0,5943.0,2.327142857142857,7.0,100.87142857142858,55.42857142857143,1.1778563015312131,participant_image,4508.0,-1884.0,1758.0,-6.0,32.17142857142869,-76.75714285714287,366.0,366,-2,4508.0,0.0,4508.0,-1.2471428571428569,-6.0,-52.54142857142858,-33.42857142857143,-1.0821716780502064,1.2471428571428569,3.5769807681555843,-3.8149634817349605,-1.1588393605357672,0.5634286624991248,0.8202663999003517,-0.002625402343133376
edf07,36,English,sentence_audio,passive_dropped_agent,11077.0,4077.0,815.4,5.0,781.9399999999998,184.52000000000004,4460.0,1163,2,6085.0,0.260762331838565,11077.0,2.068,5.0,176.084,106.4,0.4513857542655954,exp_images/audio\ENGLISH\p_woa_vase.wav,IMG_08_E_PNA,exp_images/images/boy_broke_vase.jpg,IMG_08,exp_images/sentences/noagent_boy_vase.jpg,STIM_98,stimuli_list_subj_7_a.csv,PNA,passive_dropped_agent,non_agent_first,agent_dropped,1.0,1.0,5789.0,3679.0,408.77777777777777,9.0,863.2333333333332,216.17777777777775,4195.0,2629,4,796.0,0.6266984505363528,5789.0,3.7077777777777774,9.0,177.25,88.66666666666669,1.554672655035412,participant_image,5288.0,398.0,406.6222222222222,-4.0,-81.29333333333341,-31.65777777777771,265.0,-1466,-2,5289.0,-0.36593611869778775,5288.0,-1.6397777777777773,-4.0,-1.1659999999999968,17.73333333333332,-1.1032869007698165,1.6397777777777773,0.7948654521909678,1.0632970302791747,-0.7026252378333078,-1.740329288549508,1.0885994276009532,0.10076147673765598
edf08,19,Punjabi,sentence_audio,passive,10770.0,4392.0,366.0,12.0,1006.5416666666665,445.66666666666674,4622.0,4622,2,5778.0,1.0,10770.0,2.3825000000000003,12.0,75.41416666666667,30.83333333333333,1.1142061281337048,exp_images/audio\PUNJABI\p_letter.wav,IMG_17_P_PWA,exp_images/images/women_read_letter.jpg,IMG_17,exp_images/sentences/Letter-passive.jpg,STIM_35,stimuli_list_subj_8_a.csv,PWA,passive_with_agent,non_agent_first,agent_overt,1.0,0.0,5677.0,4757.0,951.4,5.0,986.22,403.84,4844.0,4844,3,685.0,1.0,5677.0,3.014,5.0,86.912,29.6,0.8807468733485997,participant_image,5093.0,-365.0,-585.4,7.0,20.321666666666488,41.82666666666677,-222.0,-222,-1,5093.0,0.0,5093.0,-0.6314999999999995,7.0,-11.497833333333332,1.2333333333333272,0.2334592547851051,0.6314999999999995,-1.24743557096197,-0.5677778034924226,1.8065524370302184,-0.1759870990819866,0.3995261571011242,0.04297562411899269
edf08,20,Punjabi,sentence_audio,passive,10409.0,4329.0,393.54545454545456,11.0,956.1909090909088,455.50909090909096,4554.0,4454,4,5417.0,0.9780412823891084,10409.0,1.7927272727272732,11.0,76.71545454545456,39.81818181818182,1.0567777884523009,exp_images/audio\PUNJABI\p_bucket.wav,IMG_09_P_PWA,exp_images/images/boy_filled_bucket.jpg,IMG_09,exp_images/sentences/Bucket-passive.jpg,STIM_27,stimuli_list_subj_8_a.csv,PWA,passive_with_agent,non_agent_first,agent_overt,1.0,0.0,5804.0,4600.0,766.6666666666665,6.0,947.45,416.6166666666666,4817.0,4709,5,811.0,0.9775794062694624,5804.0,2.51,6.0,81.64333333333333,29.33333333333333,1.0337698139214335,participant_image,4605.0,-271.0,-373.12121212121195,5.0,8.740909090908758,38.89242424242434,-263.0,-255,-1,4606.0,0.0004618761196459875,4605.0,-0.7172727272727266,5.0,-4.927878787878768,10.484848484848492,0.023007974530867337,0.7172727272727266,-0.8104119076136322,-0.36683280431217336,1.3503383143277592,-0.21748492243602857,0.4581446201914952,0.08275066003148404
edf08,21,Punjabi,sentence_audio,passive,10423.0,4729.0,1182.25,4.0,952.6,476.4,4878.0,4878,2,5431.0,1.0,10423.0,2.865,4.0,88.195,28.5,0.38376666986472224,exp_images/audio\PUNJABI\p_clothes.wav,IMG_06_P_PWA,exp_images/images/women_fold_clothes.jpg,IMG_06,exp_images/sentences/Folded-clothes-passive.jpg,STIM_24,stimuli_list_subj_8_a.csv,PWA,passive_with_agent,non_agent_first,agent_overt,1.0,0.0,5746.0,4412.0,882.4,5.0,940.2,541.8599999999999,4818.0,4818,3,754.0,1.0,5746.0,3.62,5.0,94.264,34.8,0.8701705534284719,participant_image,4677.0,317.0,299.85,-1.0,12.399999999999977,-65.45999999999992,60.0,60,-1,4677.0,0.0,4677.0,-0.7549999999999999,-1.0,-6.069000000000003,-6.299999999999997,-0.4864038835637497,0.7549999999999999,0.5750508010632135,0.8901422969430025,-0.018304053779618773,0.1786306641252811,0.4839280459281188,0.4218895508559994
edf08,22,Punjabi,sentence_audio,passive_dropped_agent,11042.0,4380.0,547.5,8.0,908.1375,431.25,4624.0,4624,6,6050.0,1.0,11042.0,1.3425,8.0,111.635,46.0,0.7245064299945662,exp_images/audio\PUNJABI\p_woa_door.wav,IMG_10_P_PNA,exp_images/images/boy_opened_door.jpg,IMG_10,exp_images/sentences/Closed-door-woa.jpg,STIM_46,stimuli_list_subj_8_a.csv,PNA,passive_dropped_agent,non_agent_first,agent_dropped,1.0,1.0,5975.0,4595.0,656.4285714285714,7.0,990.9285714285713,392.0142857142857,4790.0,4790,3,983.0,1.0,5975.0,2.35,7.0,76.15714285714286,28.857142857142854,1.171548117154812,participant_image,5067.0,-215.0,-108.92857142857144,1.0,-82.79107142857129,39.23571428571432,-166.0,-166,3,5067.0,0.0,5067.0,-1.0075,1.0,35.47785714285715,17.142857142857146,-0.44704168716024595,1.0075,-0.26651189377383194,-0.24712088990691855,0.4379100689228405,-0.10556655035997599,0.6564906121533503,0.09504026940709286
edf08,23,Punjabi,sentence_audio,passive_dropped_agent,11127.0,4081.0,408.1,10.0,749.9500000000003,455.16,4294.0,4294,4,6135.0,1.0,11127.0,2.458,10.0,114.896,69.8,0.8987148377819717,exp_images/audio\PUNJABI\p_woa_lamp.wav,IMG_01_P_PNA,exp_images/images/girl_lighted_lamp.jpg,IMG_01,exp_images/sentences/Lamp-woa.jpg,STIM_37,stimuli_list_subj_8_a.csv,PNA,passive_dropped_agent,non_agent_first,agent_dropped,1.0,1.0,6053.0,4225.0,352.08333333333326,12.0,732.6166666666667,606.3999999999999,4437.0,4437,4,1060.0,1.0,6053.0,3.254166666666667,12.0,114.41583333333334,46.33333333333334,1.9824880224681976,participant_image,5074.0,-144.0,56.016666666666765,-2.0,17.3333333333336,-151.23999999999984,-143.0,-143,0,5075.0,0.0,5074.0,-0.7961666666666667,-2.0,0.48016666666666197,23.466666666666654,-1.0837731846862257,0.7961666666666667,0.07306500377942507,-0.0953432841431133,-0.24641111513084843,-0.07664382499200734,0.5120620088704503,0.03334575767678126
edf08,24,Punjabi,sentence_audio,passive_dropped_agent,10880.0,3730.0,266.42857142857144,14.0,1051.8714285714284,585.9714285714284,4510.0,4510,3,5888.0,1.0,10880.0,3.2746666666666666,15.0,87.44666666666666,32.8,1.3786764705882353,exp_images/audio\PUNJABI\p_woa_scooter.wav,IMG_14_P_PNA,exp_images/images/driver_wash_scooter.jpg,IMG_14,exp_images/sentences/Washed-scooter-woa.jpg,STIM_50,stimuli_list_subj_8_a.csv,PNA,passive_dropped_agent,non_agent_first,agent_dropped,1.0,1.0,5846.0,4132.0,317.84615384615387,13.0,878.7461538461539,588.1076923076922,4383.0,3883,3,853.0,0.8859228838694958,5846.0,3.4215384615384616,13.0,125.36615384615385,46.92307692307693,2.223742730071844,participant_image,5034.0,-402.0,-51.41758241758242,1.0,173.1252747252745,-2.1362637362637997,127.0,627,0,5035.0,0.1140771161305042,5034.0,-0.14687179487179503,2.0,-37.91948717948719,-14.12307692307693,-0.8450662594836087,0.14687179487179503,-0.1481125786490451,-0.6468731755101803,0.4379100689228405,0.8916387199356386,0.06832343733062607,0.12057729440597598
edf08,25,English,sentence_audio,active,10385.0,4427.0,402.45454545454544,11.0,1028.109090909091,354.10909090909087,4631.0,4219,7,5392.0,0.9110343338371842,10385.0,3.1345454545454543,11.0,92.29727272727273,32.90909090909091,1.059220028887819,exp_images/audio\ENGLISH\box.wav,IMG_05_E_ACT,exp_images/images/man_pushed_box.jpg,IMG_05,exp_images/sentences/active_man_box.jpg,STIM_59,stimuli_list_subj_8_a.csv,ACT,active,agent_first,agent_overt,0.0,,5636.0,4358.0,396.1818181818182,11.0,1023.7909090909088,379.53636363636366,4505.0,4505,4,643.0,1.0,5636.0,2.37090909090909,11.0,107.39545454545454,44.36363636363637,1.951738821859475,participant_image,4749.0,69.0,6.272727272727252,0.0,4.318181818182211,-25.427272727272793,126.0,-286,3,4749.0,-0.08896566616281576,4749.0,0.7636363636363641,0.0,-15.098181818181814,-11.45454545454546,-0.8925187929716558,-0.7636363636363641,-0.029344091545400047,0.3599895331483025,0.20980300757161088,-0.25646772619285585,-0.5539325008918595,-0.05399035558204042
edf08,26,English,sentence_audio,active,10240.0,4536.0,648.0,7.0,830.8285714285713,470.34285714285716,4785.0,4785,3,5247.0,1.0,10240.0,2.6642857142857137,7.0,77.85,29.714285714285715,0.68359375,exp_images/audio\ENGLISH\sapling.wav,IMG_03_E_ACT,exp_images/images/girl_plant_tree.jpg,IMG_03,exp_images/sentences/active_girl_sapling.jpg,STIM_57,stimuli_list_subj_8_a.csv,ACT,active,agent_first,agent_overt,0.0,,5733.0,4218.0,351.5,12.0,677.1583333333333,507.53333333333336,4421.0,3183,6,741.0,0.7199728568197241,5733.0,2.9153846153846152,13.0,92.9946153846154,45.384615384615394,2.2675736961451247,participant_image,4507.0,318.0,296.5,-5.0,153.670238095238,-37.190476190476204,364.0,1602,-3,4506.0,0.2800271431802759,4507.0,-0.25109890109890154,-6.0,-15.144615384615406,-15.670329670329679,-1.5839799461451247,0.25109890109890154,0.5681540720643042,0.8922800097002392,-0.9307322991845375,2.117710773577788,0.1395539201851975,0.5573932952685983
edf08,27,English,sentence_audio,active,10676.0,4536.0,567.0,8.0,791.125,429.4125,4740.0,4740,2,5698.0,1.0,10676.0,2.2011111111111115,9.0,70.95777777777778,28.444444444444446,0.8430123641813413,exp_images/audio\ENGLISH\shrub.wav,IMG_04_E_ACT,exp_images/images/man_cut_shrub.jpg,IMG_04,exp_images/sentences/active_man_shrub.jpg,STIM_58,stimuli_list_subj_8_a.csv,ACT,active,agent_first,agent_overt,0.0,,5771.0,4302.0,286.8,15.0,910.1933333333333,584.5,4548.0,4548,4,780.0,1.0,5771.0,2.5540000000000003,15.0,74.94933333333333,29.466666666666665,2.5992029111072603,participant_image,4905.0,234.0,280.2,-7.0,-119.06833333333327,-155.08749999999998,192.0,192,-2,4918.0,0.0,4905.0,-0.3528888888888888,-6.0,-3.99155555555555,-1.0222222222222186,-1.756190546925919,0.3528888888888888,0.534596853353194,0.712712138092357,-1.3869464218869967,0.34462195754144903,0.20911883705282192,0.08282067283056502
edf08,28,English,sentence_audio,passive,11109.0,4157.0,519.625,8.0,923.6125,638.725,4398.0,4090,4,6117.0,0.9299681673487951,11109.0,2.2,8.0,169.27,74.25,0.7201368259969394,exp_images/audio\ENGLISH\p_dug.wav,IMG_13_E_PWA,exp_images/images/dog_dug_hole.jpg,IMG_13,exp_images/sentences/passive_dog_hole.jpg,STIM_85,stimuli_list_subj_8_a.csv,PWA,passive_with_agent,non_agent_first,agent_overt,1.0,0.0,5813.0,4343.0,394.8181818181818,11.0,925.7727272727273,699.5818181818181,4482.0,3739,4,821.0,0.8342257920571173,5813.0,2.9663636363636368,11.0,140.02272727272728,46.36363636363637,1.8923103388955789,participant_image,5296.0,-186.0,124.80681818181819,-3.0,-2.1602272727272975,-60.856818181818085,-84.0,351,0,5296.0,0.09574237529167773,5296.0,-0.7663636363636366,-3.0,29.24727272727273,27.886363636363633,-1.1721735128986395,0.7663636363636366,0.21468501356864958,-0.18512721994705444,-0.4745181764820781,0.5445660155200148,0.49169413801746337,0.11825995413539903
edf08,29,English,sentence_audio,passive,10401.0,4661.0,932.2,5.0,922.38,314.2,4809.0,4397,4,5588.0,0.9143273029735912,10401.0,4.224,5.0,110.138,36.8,0.4807230074031344,exp_images/audio\ENGLISH\p_frisbee.wav,IMG_12_E_PWA,exp_images/images/child_throw_frisbee.jpg,IMG_12,exp_images/sentences/passive_child_frisbee.jpg,STIM_84,stimuli_list_subj_8_a.csv,PWA,passive_with_agent,non_agent_first,agent_overt,1.0,0.0,6046.0,4386.0,548.25,8.0,951.9,308.2125,4538.0,4386,6,1234.0,0.9665050683120318,6046.0,4.21375,8.0,135.1125,56.75,1.3231888852133642,participant_image,4355.0,275.0,383.95000000000005,-3.0,-29.519999999999982,5.987500000000011,271.0,11,-2,4354.0,-0.05217776533844054,4355.0,0.010250000000000092,-3.0,-24.974500000000006,-19.950000000000003,-0.8424658778102299,-0.010250000000000092,0.7481895798119489,0.8003583611390614,-0.4745181764820781,0.11701268399352184,-0.03905612755250801,0.23039726418198922
edf08,30,English,sentence_audio,passive,10834.0,4574.0,653.4285714285714,7.0,809.8571428571429,522.0428571428572,4767.0,4574,3,6058.0,0.9595133207468008,10834.0,2.8628571428571425,7.0,78.69285714285716,32.285714285714285,0.6461140852870593,exp_images/audio\ENGLISH\p_tabla.wav,IMG_11_E_PWA,exp_images/images/child_play_tabla.jpg,IMG_11,exp_images/sentences/passive_child_tabla.jpg,STIM_83,stimuli_list_subj_8_a.csv,PWA,passive_with_agent,non_agent_first,agent_overt,1.0,0.0,6134.0,4302.0,268.875,16.0,912.96875,554.1875,4499.0,3228,4,1368.0,0.7174927761724827,6134.0,2.8406249999999997,16.0,78.795,30.875,2.6084121291163997,participant_image,4700.0,272.0,384.55357142857144,-9.0,-103.11160714285711,-32.1446428571428,268.0,1346,-1,4690.0,0.2420205445743181,4700.0,0.02223214285714281,-9.0,-0.10214285714283733,1.4107142857142847,-1.9622980438293405,-0.02223214285714281,0.7494321674460807,0.7939452228673514,-1.843160544589456,1.7957882651343104,-0.047244916939858,0.28975203878368566
edf08,31,English,sentence_audio,passive_dropped_agent,10617.0,4307.0,478.5555555555555,9.0,964.8,364.9555555555555,4524.0,4358,3,5625.0,0.9633068081343944,10617.0,2.5944444444444437,9.0,101.57333333333332,52.0,0.8476970895733257,exp_images/audio\ENGLISH\p_woa_draw.wav,IMG_07_E_PNA,exp_images/images/artiste_drew_picture.jpg,IMG_07,exp_images/sentences/noagent_artist_picture.jpg,STIM_97,stimuli_list_subj_8_a.csv,PNA,passive_dropped_agent,non_agent_first,agent_dropped,1.0,1.0,5823.0,4339.0,289.26666666666665,15.0,900.9933333333332,370.78,4488.0,4211,5,831.0,0.9382798573975044,5823.0,3.452666666666667,15.0,93.10066666666668,33.6,2.5759917568263777,participant_image,4794.0,-32.0,189.28888888888883,-6.0,63.80666666666673,-5.8244444444444525,36.0,147,-2,4794.0,0.025026950736889986,4794.0,-0.8582222222222233,-6.0,8.47266666666664,18.4,-1.728294667253052,0.8582222222222233,0.3474358693761622,0.14408054466739642,-1.1588393605357672,0.28803401660411904,0.5544717748712394,0.03503656899662998
edf08,32,English,sentence_audio,passive_dropped_agent,10854.0,4274.0,534.25,8.0,927.3375,398.9,4619.0,3950,3,6236.0,0.8551634552933536,10854.0,1.80625,8.0,119.99,46.75,0.7370554634236227,exp_images/audio\ENGLISH\p_woa_cake.wav,IMG_15_E_PNA,exp_images/images/girl_baked_cake.jpg,IMG_15,exp_images/sentences/noagent_girl_cake.jpg,STIM_105,stimuli_list_subj_8_a.csv,PNA,passive_dropped_agent,non_agent_first,agent_dropped,1.0,1.0,6072.0,4428.0,553.5,8.0,917.3625,434.35,4588.0,4480,5,1080.0,0.9764603312990409,6072.0,3.065,8.0,100.62375,50.5,1.3175230566534917,participant_image,4782.0,-154.0,-19.25,0.0,9.975000000000023,-35.450000000000045,31.0,-530,-2,5156.0,-0.12129687600568728,4782.0,-1.25875,0.0,19.366249999999994,-3.75,-0.580467593229869,1.25875,-0.08188837014631606,-0.11672041171548023,0.20980300757161088,-0.563300117053045,0.8281989082487536,0.055218603381104646
edf08,33,English,sentence_audio,passive_dropped_agent,10882.0,4702.0,427.45454545454544,11.0,1122.2636363636364,385.6363636363636,4724.0,4724,3,5890.0,1.0,10882.0,1.7418181818181822,11.0,65.34909090909093,24.363636363636363,1.0108435949274028,exp_images/audio\ENGLISH\p_woa_window.wav,IMG_02_E_PNA,exp_images/images/girl_opened_window.jpg,IMG_02,exp_images/sentences/noagent_girl_window.jpg,STIM_92,stimuli_list_subj_8_a.csv,PNA,passive_dropped_agent,non_agent_first,agent_dropped,1.0,1.0,5743.0,4603.0,575.375,8.0,1070.4874999999997,428.0,4784.0,4784,3,751.0,1.0,5743.0,1.895,8.0,65.74125000000001,26.0,1.3930001741250218,participant_image,5139.0,99.0,-147.92045454545456,3.0,51.776136363636624,-42.363636363636374,-60.0,-60,0,5139.0,0.0,5139.0,-0.15318181818181786,3.0,-0.3921590909090753,-1.6363636363636367,-0.3821565791976189,0.15318181818181786,-0.3467854612407829,0.42412091586540335,0.8941241916252998,0.027729488292401242,0.07263580887644218,0.21436498868375273
edf08,34,Punjabi,sentence_audio,active,10774.0,4386.0,731.0,6.0,920.6166666666667,614.5500000000002,4580.0,4386,3,6012.0,0.95764192139738,10774.0,3.6349999999999993,6.0,156.38500000000005,68.66666666666667,0.5568962316688324,exp_images/audio\PUNJABI\fed.wav,IMG_16_P_ACT,exp_images/images/girl_fed_dog.jpg,IMG_16,exp_images/sentences/Fed-dog.jpg,STIM_16,stimuli_list_subj_8_a.csv,ACT,active,agent_first,agent_overt,0.0,,5865.0,4509.0,450.9,10.0,878.3399999999998,623.33,4687.0,3953,6,872.0,0.8433966289737572,5865.0,2.891,10.0,77.95599999999997,30.6,1.7050298380221651,participant_image,4909.0,-123.0,280.1,-4.0,42.27666666666687,-8.779999999999859,-107.0,433,-3,5140.0,0.1142452924236228,4909.0,0.7439999999999993,-4.0,78.42900000000007,38.06666666666667,-1.1481336063533327,-0.7439999999999993,0.5343909808457638,-0.05045131624114273,-0.7026252378333078,0.6476818190058161,-0.5405126937614717,-0.02230328959686847
edf08,35,Punjabi,sentence_audio,active,10584.0,4592.0,1530.666666666667,3.0,936.5333333333333,626.0,4841.0,4841,4,5591.0,1.0,10584.0,7.760000000000002,3.0,162.04999999999995,50.66666666666666,0.2834467120181406,exp_images/audio\PUNJABI\veg.wav,IMG_18_P_ACT,exp_images/images/boy_cut_vegetables.jpg,IMG_18,exp_images/sentences/Veg.jpg,STIM_18,stimuli_list_subj_8_a.csv,ACT,active,agent_first,agent_overt,0.0,,5697.0,4613.0,461.3,10.0,994.55,672.1200000000001,4668.0,4668,4,705.0,1.0,5697.0,3.4010000000000007,10.0,85.771,32.4,1.75530981218185,participant_image,4887.0,-21.0,1069.366666666667,-7.0,-58.01666666666665,-46.12000000000012,173.0,173,0,4886.0,0.0,4887.0,4.359000000000001,-7.0,76.27899999999995,18.26666666666666,-1.4718631001637095,-4.359000000000001,2.1592740578225995,0.16759538499700005,-1.3869464218869967,0.3207292713679097,-3.011061909223695,-0.3500819233846365
edf08,36,Punjabi,sentence_audio,active,10205.0,4511.0,4511.0,1.0,964.2,375.7,4966.0,4966,1,5213.0,1.0,10205.0,1.87,1.0,71.13,26.0,0.09799118079372857,exp_images/audio\PUNJABI\vase.wav,IMG_08_P_ACT,exp_images/images/boy_broke_vase.jpg,IMG_08,exp_images/sentences/Vase.jpg,STIM_08,stimuli_list_subj_8_a.csv,ACT,active,agent_first,agent_overt,0.0,,5921.0,4605.0,575.625,8.0,928.0875,480.2,4780.0,4780,5,929.0,1.0,5921.0,2.2325000000000004,8.0,74.51125,26.5,1.3511231210944097,participant_image,4284.0,-94.0,3935.375,-7.0,36.11250000000007,-104.5,186.0,186,-4,4284.0,0.0,4284.0,-0.36250000000000027,-7.0,-3.3812500000000085,-0.5,-1.253131940300681,0.36250000000000027,8.059597276812273,0.011542353718721395,-1.3869464218869967,0.337076898749805,0.21568722516216537,1.4473914665111938
edf09,19,Punjabi,sentence_audio,passive_dropped_agent,10276.0,4308.0,478.66666666666674,9.0,1016.9222222222224,475.45555555555563,4324.0,4324,3,5284.0,1.0,10276.0,2.4011111111111108,9.0,90.45222222222223,74.22222222222223,0.8758271701050993,exp_images/audio\PUNJABI\p_woa_letter.wav,IMG_17_P_PNA,exp_images/images/women_read_letter.jpg,IMG_17,exp_images/sentences/Letter-woa.jpg,STIM_53,stimuli_list_subj_9_a.csv,PNA,passive_dropped_agent,non_agent_first,agent_dropped,1.0,1.0,6093.0,4201.0,323.15384615384613,13.0,948.6307692307694,499.3615384615384,4448.0,3801,3,1376.0,0.8545413669064749,6093.0,2.471538461538461,13.0,73.74307692307694,41.846153846153854,2.1335959297554568,participant_image,4183.0,107.0,155.5128205128206,-4.0,68.29145299145307,-23.90598290598274,-124.0,523,0,3908.0,0.14545863309352514,4183.0,-0.07042735042735027,-4.0,16.70914529914529,32.376068376068375,-1.2577687596503575,0.07042735042735027,0.27790023049903695,0.44122261792329687,-0.7026252378333078,0.760857700880476,0.01608007294648542,0.15868707688319747
edf09,20,Punjabi,sentence_audio,passive_dropped_agent,10796.0,4552.0,505.77777777777777,9.0,932.1777777777777,512.4555555555556,4776.0,4088,3,5804.0,0.8559463986599665,10796.0,1.6366666666666667,9.0,63.46333333333333,24.0,0.8336420896628381,exp_images/audio\PUNJABI\p_woa_tub.wav,IMG_09_P_PNA,exp_images/images/boy_filled_bucket.jpg,IMG_09,exp_images/sentences/Bucket-woa.jpg,STIM_45,stimuli_list_subj_9_a.csv,PNA,passive_dropped_agent,non_agent_first,agent_dropped,1.0,1.0,6042.0,4000.0,363.6363636363636,11.0,968.8,561.5636363636363,4481.0,4267,5,1049.0,0.952242802945771,6042.0,2.234545454545454,11.0,106.13272727272724,46.54545454545455,1.8205892088712348,participant_image,4754.0,552.0,142.14141414141415,-2.0,-36.62222222222226,-49.10808080808067,295.0,-179,-2,4755.0,-0.09629640428580455,4754.0,-0.5978787878787872,-2.0,-42.669393939393906,-22.545454545454547,-0.9869471192083966,0.5978787878787872,0.25037218092355096,1.3925047948936256,-0.24641111513084843,-0.1219141777418713,0.3765488793061173,0.33022011245011484
edf09,21,Punjabi,sentence_audio,passive_dropped_agent,10659.0,4407.0,367.25,12.0,909.7083333333335,616.8000000000002,4670.0,4159,4,5667.0,0.8905781584582441,10659.0,1.8208333333333333,12.0,62.68,26.83333333333333,1.125809175344779,exp_images/audio\PUNJABI\p_woa_clothes.wav,IMG_06_P_PNA,exp_images/images/women_fold_clothes.jpg,IMG_06,exp_images/sentences/Folded-clothes-woa.jpg,STIM_42,stimuli_list_subj_9_a.csv,PNA,passive_dropped_agent,non_agent_first,agent_dropped,1.0,1.0,5998.0,4194.0,322.61538461538464,13.0,944.3461538461537,642.4000000000002,4444.0,4444,3,1006.0,1.0,5998.0,1.655384615384615,13.0,70.50153846153846,42.153846153846146,2.1673891297099037,participant_image,4661.0,213.0,44.63461538461536,-1.0,-34.63782051282021,-25.600000000000023,226.0,-285,1,4661.0,-0.10942184154175594,4661.0,0.1654487179487183,-1.0,-7.821538461538459,-15.320512820512818,-1.0415799543651247,-0.1654487179487183,0.04963248940808312,0.6678201701903864,-0.018304053779618773,-0.2552102163942485,-0.14512143069744535,0.05976339174543137
edf09,22,English,sentence_audio,active,10794.0,4114.0,216.5263157894737,19.0,973.0263157894735,486.1631578947367,4274.0,4274,9,5802.0,1.0,10794.0,1.852631578947368,19.0,65.30736842105264,37.78947368421053,1.7602371687974798,exp_images/audio\ENGLISH\door.wav,IMG_10_E_ACT,exp_images/images/boy_opened_door.jpg,IMG_10,exp_images/sentences/active_boy_door.jpg,STIM_64,stimuli_list_subj_9_a.csv,ACT,active,agent_first,agent_overt,0.0,,5857.0,4223.0,351.91666666666674,12.0,1006.3416666666667,474.9666666666666,4452.0,4452,5,865.0,1.0,5857.0,1.91,12.0,86.75166666666668,45.0,2.0488304592794946,participant_image,4937.0,-109.0,-135.39035087719304,7.0,-33.31535087719317,11.196491228070101,-178.0,-178,4,4937.0,0.0,4937.0,-0.05736842105263196,7.0,-21.444298245614036,-7.210526315789473,-0.28859329048201476,0.05736842105263196,-0.3209894226353388,-0.020523337639829012,1.8065524370302184,-0.12065666794326398,0.0071553903126024615,0.27030767982487786
edf09,23,English,sentence_audio,active,11082.0,4288.0,357.33333333333326,12.0,823.65,511.66666666666674,4488.0,4488,5,6090.0,1.0,11082.0,2.3025,12.0,77.70833333333333,42.0,1.0828370330265291,exp_images/audio\ENGLISH\lamp.wav,IMG_01_E_ACT,exp_images/images/girl_lighted_lamp.jpg,IMG_01,exp_images/sentences/active_girl_lamp.jpg,STIM_55,stimuli_list_subj_9_a.csv,ACT,active,agent_first,agent_overt,0.0,,5646.0,4312.0,479.11111111111114,9.0,866.1333333333333,437.3222222222223,4518.0,4518,3,654.0,1.0,5646.0,2.2277777777777783,9.0,87.89222222222223,52.66666666666666,1.5940488841657812,participant_image,5436.0,-24.0,-121.77777777777789,3.0,-42.48333333333335,74.34444444444443,-30.0,-30,2,5436.0,0.0,5436.0,0.07472222222222191,3.0,-10.183888888888902,-10.666666666666657,-0.511211851139252,-0.07472222222222191,-0.2929648770698141,0.16118224672528997,0.8941241916252998,0.06545478225062121,-0.08311748247096339,0.14893577221208668
edf09,24,English,sentence_audio,active,10987.0,4361.0,311.5,14.0,934.0571428571429,469.4285714285714,4559.0,4559,2,5994.0,1.0,10987.0,2.6707142857142863,14.0,79.3107142857143,31.0,1.274233184672795,exp_images/audio\ENGLISH\scooter.wav,IMG_14_E_ACT,exp_images/images/driver_wash_scooter.jpg,IMG_14,exp_images/sentences/active_driver_scooter.jpg,STIM_68,stimuli_list_subj_9_a.csv,ACT,active,agent_first,agent_overt,0.0,,6024.0,4288.0,357.33333333333326,12.0,863.6999999999998,514.7083333333333,4450.0,4106,3,1032.0,0.9226966292134832,6024.0,2.8683333333333327,12.0,91.1475,45.16666666666666,1.99203187250996,participant_image,4963.0,73.0,-45.83333333333326,2.0,70.35714285714312,-45.27976190476187,109.0,453,-1,4962.0,0.07730337078651683,4963.0,-0.19761904761904647,2.0,-11.836785714285696,-14.166666666666657,-0.7177986878371649,0.19761904761904647,-0.13661614503815753,0.36854038417724927,0.6660171302740702,0.6728320149779627,0.10300492708486816,0.33475566229519854
edf09,25,English,sentence_audio,passive,10679.0,3817.0,272.64285714285717,14.0,1032.0285714285717,443.72142857142853,4039.0,4039,7,5686.0,1.0,10679.0,3.253571428571429,14.0,107.28857142857143,68.14285714285714,1.3109841745481787,exp_images/audio\ENGLISH\p_box.wav,IMG_05_E_PWA,exp_images/images/man_pushed_box.jpg,IMG_05,exp_images/sentences/passive_man_box.jpg,STIM_77,stimuli_list_subj_9_a.csv,PWA,passive_with_agent,non_agent_first,agent_overt,1.0,0.0,6075.0,4208.0,300.57142857142856,14.0,907.4642857142856,517.6857142857142,4515.0,3655,5,1083.0,0.8095238095238095,6075.0,4.509333333333333,15.0,90.72866666666668,33.2,2.469135802469136,participant_image,4604.0,-391.0,-27.928571428571388,0.0,124.56428571428614,-73.96428571428567,-476.0,384,2,4603.0,0.19047619047619047,4604.0,-1.2557619047619042,-1.0,16.559904761904747,34.942857142857136,-1.1581516279209574,1.2557619047619042,-0.09975516275543041,-0.6233583351805766,0.20980300757161088,0.5860638388740569,0.8261567958431647,0.1797820288705651
edf09,26,English,sentence_audio,passive,10881.0,3790.0,222.94117647058826,17.0,906.770588235294,502.364705882353,4007.0,3565,6,5889.0,0.8896930371849264,10881.0,2.244444444444445,18.0,83.66722222222222,55.33333333333334,1.654259718775848,exp_images/audio\ENGLISH\p_sapling.wav,IMG_03_E_PWA,exp_images/images/girl_plant_tree.jpg,IMG_03,exp_images/sentences/passive_girl_sapling.jpg,STIM_75,stimuli_list_subj_9_a.csv,PWA,passive_with_agent,non_agent_first,agent_overt,1.0,0.0,6067.0,4520.0,753.3333333333335,6.0,816.2833333333334,487.93333333333334,4832.0,4422,3,1076.0,0.9151490066225164,6067.0,1.9933333333333332,6.0,71.58666666666666,26.33333333333333,0.9889566507334762,participant_image,4814.0,-730.0,-530.3921568627452,11.0,90.48725490196057,14.43137254901967,-825.0,-857,3,4813.0,-0.025455969437589987,4814.0,0.25111111111111173,12.0,12.080555555555563,29.000000000000014,0.6653030680423719,-0.25111111111111173,-1.1341895450120736,-1.348042959883816,2.718980682435137,-0.9745058211976426,-0.203664489680009,-0.18828442666768078
edf09,27,English,sentence_audio,passive,10686.0,4418.0,441.8,10.0,901.87,468.45,4648.0,4494,4,5694.0,0.966867469879518,10686.0,3.162,10.0,88.38799999999999,34.4,0.9358038555118848,exp_images/audio\ENGLISH\p_shrub.wav,IMG_04_E_PWA,exp_images/images/man_cut_shrub.jpg,IMG_04,exp_images/sentences/passive_man_shrub.jpg,STIM_76,stimuli_list_subj_9_a.csv,PWA,passive_with_agent,non_agent_first,agent_overt,1.0,0.0,5975.0,3871.0,241.9375,16.0,944.95625,621.25625,4174.0,4174,3,983.0,1.0,5975.0,2.649375,16.0,115.38812499999996,51.125,2.6778242677824267,participant_image,4711.0,547.0,199.8625,-6.0,-43.08624999999995,-152.80625000000003,474.0,320,1,4711.0,-0.03313253012048201,4711.0,0.5126249999999999,-6.0,-27.00012499999997,-16.725,-1.7420204122705418,-0.5126249999999999,0.3692040276965171,1.381816231107442,-1.1588393605357672,0.5055832117631875,-0.3823872927303319,0.14307536346020952
edf09,28,English,sentence_audio,passive_dropped_agent,11074.0,4206.0,350.5,12.0,967.9416666666666,677.4,4377.0,3781,7,6081.0,0.8638336760338131,11074.0,3.2950000000000004,12.0,89.93833333333332,51.33333333333334,1.083619288423334,exp_images/audio\ENGLISH\p_woa_dug.wav,IMG_13_E_PNA,exp_images/images/dog_dug_hole.jpg,IMG_13,exp_images/sentences/noagent_dog_hole.jpg,STIM_103,stimuli_list_subj_9_a.csv,PNA,passive_dropped_agent,non_agent_first,agent_dropped,1.0,1.0,5675.0,3772.0,251.46666666666667,15.0,967.8866666666668,715.68,3985.0,3261,5,683.0,0.8183186951066499,5675.0,4.03375,16.0,181.15000000000003,64.25,2.8193832599118944,participant_image,5399.0,434.0,99.03333333333333,-3.0,0.05499999999983629,-38.27999999999997,392.0,520,2,5398.0,0.04551498092716322,5399.0,-0.73875,-4.0,-91.21166666666672,-12.916666666666657,-1.7357639714885604,0.73875,0.1616244940589504,1.1402546895396957,-0.4745181764820781,0.757085171484654,0.4728225342403565,0.4114537425683157
edf09,29,English,sentence_audio,passive_dropped_agent,10819.0,4269.0,284.6,15.0,1060.4933333333333,527.2266666666667,4501.0,2673,6,6290.0,0.5938680293268163,10819.0,3.1973333333333334,15.0,86.09333333333332,32.8,1.38644976430354,exp_images/audio\ENGLISH\p_woa_frisbee.wav,IMG_12_E_PNA,exp_images/images/child_throw_frisbee.jpg,IMG_12,exp_images/sentences/noagent_child_frisbee.jpg,STIM_102,stimuli_list_subj_9_a.csv,PNA,passive_dropped_agent,non_agent_first,agent_dropped,1.0,1.0,5804.0,4360.0,396.3636363636364,11.0,939.7818181818179,579.8,4619.0,2996,3,1460.0,0.6486252435592119,5804.0,3.516363636363636,11.0,93.27545454545454,34.0,1.8952446588559613,participant_image,5015.0,-91.0,-111.76363636363635,4.0,120.71151515151541,-52.57333333333327,-118.0,-323,3,4830.0,-0.05475721423239566,5015.0,-0.3190303030303028,4.0,-7.182121212121217,-1.2000000000000028,-0.5087948945524212,0.3190303030303028,-0.27234851304292235,0.017955491990431477,1.1222312529765295,-0.30299558874132715,0.1859793342230598,0.15016439548115426
edf09,30,English,sentence_audio,passive_dropped_agent,11044.0,4516.0,410.54545454545456,11.0,841.8181818181816,478.25454545454534,4668.0,3628,6,6232.0,0.7772065124250214,11044.0,2.566363636363637,11.0,78.46454545454544,29.45454545454545,0.99601593625498,exp_images/audio\ENGLISH\p_woa_tabla.wav,IMG_11_E_PNA,exp_images/images/child_play_tabla.jpg,IMG_11,exp_images/sentences/noagent_child_tabla.jpg,STIM_101,stimuli_list_subj_9_a.csv,PNA,passive_dropped_agent,non_agent_first,agent_dropped,1.0,1.0,5823.0,4037.0,403.7,10.0,922.83,542.05,4250.0,2821,3,1076.0,0.6637647058823529,5823.0,2.224,10.0,179.05599999999995,74.2,1.717327837884252,participant_image,5221.0,479.0,6.845454545454572,1.0,-81.0118181818184,-63.79545454545462,418.0,807,3,5156.0,0.11344180654266844,5221.0,0.34236363636363665,1.0,-100.59145454545451,-44.74545454545455,-0.7213119016292721,-0.34236363636363665,-0.02816500354830014,1.236451763615347,0.4379100689228405,1.1179904836849583,-0.26602793495568594,0.4996318755438319
edf09,31,Punjabi,sentence_audio,active,11258.0,4218.0,263.625,16.0,901.03125,424.6875,4282.0,4040,4,6266.0,0.9434843531060252,11258.0,2.37875,16.0,83.645625,44.375,1.4212115828744003,exp_images/audio\PUNJABI\picture.wav,IMG_07_P_ACT,exp_images/images/artiste_drew_picture.jpg,IMG_07,exp_images/sentences/Painting.jpg,STIM_07,stimuli_list_subj_9_a.csv,ACT,active,agent_first,agent_overt,0.0,,6033.0,4313.0,539.125,8.0,856.425,437.13749999999993,4488.0,4488,3,1041.0,1.0,6033.0,2.7425,8.0,131.63375000000002,63.0,1.3260401127134096,participant_image,5225.0,-95.0,-275.5,8.0,44.606250000000045,-12.449999999999932,-206.0,-448,1,5225.0,-0.056515646893974814,5225.0,-0.36375,8.0,-47.988125000000025,-18.625,0.0951714701609907,0.36375,-0.609436670436012,0.0094046409614847,2.034659498381448,-0.46018431356724365,0.2165414952919931,0.23819693012633403
edf09,32,Punjabi,sentence_audio,active,10812.0,3760.0,376.0,10.0,928.24,549.6700000000002,4205.0,3046,7,6286.0,0.7243757431629013,10812.0,1.905,10.0,86.315,78.8,0.924898261191269,exp_images/audio\PUNJABI\cake.wav,IMG_15_P_ACT,exp_images/images/girl_baked_cake.jpg,IMG_15,exp_images/sentences/Cake.jpg,STIM_15,stimuli_list_subj_9_a.csv,ACT,active,agent_first,agent_overt,0.0,,6134.0,4182.0,380.1818181818182,11.0,952.2636363636364,539.4909090909091,4512.0,4130,6,1142.0,0.915336879432624,6134.0,2.1572727272727272,11.0,137.42636363636362,43.63636363636363,1.7932833387675249,participant_image,4678.0,-422.0,-4.181818181818187,-1.0,-24.023636363636342,10.179090909091087,-307.0,-1084,1,5144.0,-0.19096113626972266,4678.0,-0.2522727272727272,-1.0,-51.11136363636362,35.163636363636364,-0.8683850775762558,0.2522727272727272,-0.050867126413094925,-0.6896274306549142,-0.018304053779618773,-1.259960545481507,0.14035613189552504,-0.37568060488672195
edf09,33,Punjabi,sentence_audio,active,10773.0,4084.0,371.27272727272725,11.0,1126.154545454545,525.1,4321.0,3618,2,6046.0,0.8373061791252026,10773.0,2.960833333333333,12.0,108.01833333333332,57.66666666666666,1.113895850737956,exp_images/audio\PUNJABI\window.wav,IMG_02_P_ACT,exp_images/images/girl_opened_window.jpg,IMG_02,exp_images/sentences/Window.jpg,STIM_02,stimuli_list_subj_9_a.csv,ACT,active,agent_first,agent_overt,0.0,,6009.0,4269.0,609.8571428571429,7.0,1123.042857142857,440.31428571428563,4505.0,4269,3,1282.0,0.9476137624861264,6009.0,2.5028571428571427,7.0,136.8457142857143,69.71428571428571,1.164919287735064,participant_image,4764.0,-185.0,-238.58441558441564,4.0,3.1116883116881127,84.78571428571439,-184.0,-651,-1,4764.0,-0.11030758336092383,4764.0,0.4579761904761903,5.0,-28.82738095238099,-12.047619047619051,-0.051023436997108096,-0.4579761904761903,-0.5334376311671639,-0.18298950718981774,1.1222312529765295,-0.7154588026845321,-0.3450394162448569,-0.13093882086196823
edf09,34,Punjabi,sentence_audio,passive,10596.0,4232.0,705.3333333333335,6.0,959.0833333333335,652.8333333333333,4429.0,4397,2,5603.0,0.9927748927523145,10596.0,2.1133333333333333,6.0,73.36999999999998,94.0,0.5662514156285391,exp_images/audio\PUNJABI\p_fed.wav,IMG_16_P_PWA,exp_images/images/girl_fed_dog.jpg,IMG_16,exp_images/sentences/Fed-dog-passive.jpg,STIM_34,stimuli_list_subj_9_a.csv,PWA,passive_with_agent,non_agent_first,agent_overt,1.0,0.0,5731.0,4233.0,470.33333333333326,9.0,886.2333333333332,612.0333333333333,4462.0,3240,5,739.0,0.7261317794710892,5731.0,2.6544444444444446,9.0,87.31444444444445,58.88888888888889,1.5704065608096318,participant_image,4865.0,-1.0,235.00000000000023,-3.0,72.85000000000025,40.799999999999955,-33.0,1157,-3,4864.0,0.26664311328122525,4865.0,-0.5411111111111113,-3.0,-13.944444444444471,35.11111111111111,-1.0041551451810928,0.5411111111111113,0.4415424799947778,0.2103496401417339,-0.4745181764820781,1.5581189131975248,0.3377529348242377,0.41464915833523924
edf09,35,Punjabi,sentence_audio,passive,10929.0,3807.0,475.875,8.0,973.525,745.3749999999999,4004.0,4004,4,5937.0,1.0,10929.0,3.56375,8.0,234.195,123.5,0.731997438008967,exp_images/audio\PUNJABI\p_veg.wav,IMG_18_P_PWA,exp_images/images/boy_cut_vegetables.jpg,IMG_18,exp_images/sentences/Veg-passive.jpg,STIM_36,stimuli_list_subj_9_a.csv,PWA,passive_with_agent,non_agent_first,agent_overt,1.0,0.0,6054.0,4362.0,335.53846153846155,13.0,963.7615384615384,781.0,4562.0,4362,3,1338.0,0.9561595791319596,6054.0,2.2185714285714284,14.0,109.26857142857143,45.85714285714285,2.3125206475057807,participant_image,4875.0,-555.0,140.33653846153845,-5.0,9.76346153846157,-35.625000000000114,-558.0,-358,1,4599.0,0.04384042086804041,4875.0,1.3451785714285718,-6.0,124.92642857142856,77.64285714285715,-1.5805232094968136,-1.3451785714285718,0.24665643810539434,-0.9739432273673944,-0.9307322991845375,-0.3470084316925838,-0.9513678107726914,-0.5912790661823626
edf09,36,Punjabi,sentence_audio,passive,10518.0,4166.0,416.6,10.0,906.55,487.7600000000001,4438.0,4438,3,5526.0,1.0,10518.0,2.242,10.0,162.251,55.4,0.9507510933637572,exp_images/audio\PUNJABI\p_vase.wav,IMG_08_P_PWA,exp_images/images/boy_broke_vase.jpg,IMG_08,exp_images/sentences/Vase-passive.jpg,STIM_26,stimuli_list_subj_9_a.csv,PWA,passive_with_agent,non_agent_first,agent_overt,1.0,0.0,5900.0,4274.0,474.88888888888886,9.0,955.188888888889,531.4000000000002,4512.0,4512,3,908.0,1.0,5900.0,2.141111111111111,9.0,90.95333333333332,53.33333333333334,1.5254237288135593,participant_image,4618.0,-108.0,-58.288888888888835,1.0,-48.63888888888903,-43.6400000000001,-74.0,-74,0,4618.0,0.0,4618.0,0.10088888888888903,1.0,71.29766666666669,2.0666666666666558,-0.5746726354498021,-0.10088888888888903,-0.16225870957473204,-0.01838562488259232,0.4379100689228405,0.01012435111189859,-0.1010002038553606,0.03327797634441083
edf10,19,English,sentence_audio,active,11139.0,4057.0,270.46666666666664,15.0,934.7466666666666,508.89333333333326,4212.0,3690,6,6147.0,0.8760683760683761,11139.0,4.240666666666666,15.0,103.84799999999998,52.0,1.3466199838405604,exp_images/audio\ENGLISH\letter.wav,IMG_17_E_ACT,exp_images/images/women_read_letter.jpg,IMG_17,exp_images/sentences/active_women_letter.jpg,STIM_71,stimuli_list_subj_10_a.csv,ACT,active,agent_first,agent_overt,0.0,,6005.0,4059.0,312.23076923076917,13.0,918.8384615384616,522.7076923076924,4315.0,4019,5,1012.0,0.9314020857473928,6005.0,3.9038461538461537,13.0,106.56230769230768,52.153846153846146,2.1648626144879266,participant_image,5134.0,-2.0,-41.76410256410253,2.0,15.90820512820494,-13.814358974359095,-103.0,-329,1,5135.0,-0.05533370967901674,5134.0,0.3368205128205122,2.0,-2.714307692307699,-0.1538461538461462,-0.8182426306473662,-0.3368205128205122,-0.12823871762042405,0.20821192738449723,0.6660171302740702,-0.31054064753297117,-0.2622396750606164,0.03464200348891115
edf10,20,English,sentence_audio,active,10375.0,4153.0,244.29411764705884,17.0,1009.470588235294,488.38823529411764,4419.0,4419,9,5382.0,1.0,10375.0,2.9976470588235298,17.0,86.77352941176474,33.76470588235294,1.6385542168674698,exp_images/audio\ENGLISH\bucket.wav,IMG_09_E_ACT,exp_images/images/boy_filled_bucket.jpg,IMG_09,exp_images/sentences/active_boy_bucket.jpg,STIM_63,stimuli_list_subj_10_a.csv,ACT,active,agent_first,agent_overt,0.0,,5948.0,4070.0,254.375,16.0,972.5,510.31875,4354.0,4354,8,956.0,1.0,5948.0,2.43875,16.0,80.579375,39.875,2.6899798251513114,participant_image,4427.0,83.0,-10.08088235294116,1.0,36.97058823529403,-21.930514705882388,65.0,65,1,4426.0,0.0,4427.0,0.5588970588235296,1.0,6.1941544117647425,-6.110294117647058,-1.0514256082838416,-0.5588970588235296,-0.06301167773709793,0.3899175117496162,0.4379100689228405,0.1849182131183178,-0.41401036288919585,0.10714475063289615
edf10,21,English,sentence_audio,active,11063.0,3977.0,265.1333333333333,15.0,920.6266666666667,478.32,4400.0,3977,12,6540.0,0.9038636363636364,11063.0,4.3773333333333335,15.0,115.86666666666665,39.46666666666667,1.3558709210883124,exp_images/audio\ENGLISH\clothes.wav,IMG_06_E_ACT,exp_images/images/women_fold_clothes.jpg,IMG_06,exp_images/sentences/active_woman_clothes.jpg,STIM_60,stimuli_list_subj_10_a.csv,ACT,active,agent_first,agent_overt,0.0,,6067.0,4118.0,343.1666666666667,12.0,1000.4916666666667,473.6333333333334,4451.0,4289,9,1073.0,0.9636036845652662,6067.0,5.228461538461537,13.0,113.70692307692306,42.153846153846146,2.142739409922532,participant_image,4996.0,-141.0,-78.03333333333336,3.0,-79.86500000000001,4.686666666666611,-51.0,-312,3,5467.0,-0.059740048201629814,4996.0,-0.8511282051282034,2.0,2.1597435897435844,-2.6871794871794776,-0.7868684888342197,0.8511282051282034,-0.20290709243065805,-0.08893014587140322,0.8941241916252998,-0.2891629809566465,0.5496236093481118,0.17254951634294075
edf10,22,English,sentence_audio,passive,10340.0,4044.0,404.4,10.0,896.5400000000003,413.35,4313.0,4167,6,5347.0,0.9661488523069788,10340.0,1.0989999999999998,10.0,71.497,68.0,0.9671179883945842,exp_images/audio\ENGLISH\p_door.wav,IMG_10_E_PWA,exp_images/images/boy_opened_door.jpg,IMG_10,exp_images/sentences/passive_boy_door.jpg,STIM_82,stimuli_list_subj_10_a.csv,PWA,passive_with_agent,non_agent_first,agent_overt,1.0,0.0,5642.0,3818.0,254.53333333333333,15.0,867.5333333333333,461.9533333333335,4260.0,4260,10,650.0,1.0,5642.0,3.785333333333333,15.0,103.62666666666668,48.8,2.658631690889756,participant_image,4698.0,226.0,149.86666666666665,-5.0,29.006666666667,-48.60333333333347,53.0,-93,-4,4697.0,-0.03385114769302122,4698.0,-2.6863333333333332,-5.0,-32.12966666666668,19.200000000000003,-1.6915137024951716,2.6863333333333332,0.26627635200259736,0.6956104360344635,-0.9307322991845375,-0.013768335061640725,1.8038323478541785,0.3642437003290122
edf10,23,English,sentence_audio,passive,10228.0,4126.0,257.875,16.0,906.90625,466.8,4408.0,3942,12,5236.0,0.8942831215970962,10228.0,3.756875,16.0,102.02062499999998,36.5,1.5643332029722332,exp_images/audio\ENGLISH\p_lamp.wav,IMG_01_E_PWA,exp_images/images/girl_lighted_lamp.jpg,IMG_01,exp_images/sentences/passive_girl_lamp.jpg,STIM_73,stimuli_list_subj_10_a.csv,PWA,passive_with_agent,non_agent_first,agent_overt,1.0,0.0,5673.0,3900.0,216.66666666666663,18.0,912.6222222222225,549.75,4112.0,4112,6,680.0,1.0,5673.0,4.165555555555557,18.0,112.30263157894733,47.368421052631575,3.1729243786356425,participant_image,4555.0,226.0,41.20833333333337,-2.0,-5.71597222222249,-82.94999999999999,296.0,-170,6,4556.0,-0.10571687840290378,4555.0,-0.4086805555555566,-2.0,-10.282006578947346,-10.868421052631575,-1.6085911756634093,0.4086805555555566,0.042578716637480564,0.6956104360344635,-0.24641111513084843,-0.11059658955440531,0.2472477605141403,0.1256858417001661
edf10,24,English,sentence_audio,passive,11057.0,3621.0,190.578947368421,19.0,822.1736842105263,490.4210526315789,3772.0,3086,7,6065.0,0.8181336161187699,11057.0,5.856315789473684,19.0,144.43157894736842,64.21052631578948,1.7183684543727955,exp_images/audio\ENGLISH\p_scooter.wav,IMG_14_E_PWA,exp_images/images/driver_wash_scooter.jpg,IMG_14,exp_images/sentences/passive_driver_scooter.jpg,STIM_86,stimuli_list_subj_10_a.csv,PWA,passive_with_agent,non_agent_first,agent_overt,1.0,0.0,5916.0,4308.0,1436.0,3.0,926.6666666666665,421.43333333333334,4724.0,4724,1,924.0,1.0,5916.0,1.9466666666666668,3.0,103.92666666666666,89.33333333333331,0.5070993914807302,participant_image,5141.0,-687.0,-1245.421052631579,16.0,-104.49298245614023,68.98771929824557,-952.0,-1638,6,5141.0,-0.1818663838812301,5141.0,3.9096491228070174,16.0,40.50491228070176,-25.122807017543835,1.2112690628920653,-3.9096491228070174,-2.606237461581308,-1.2561213113226382,3.8595159891912854,-1.9566209739099691,-2.7039682834653584,-0.9326864082175976
edf10,25,English,sentence_audio,passive_dropped_agent,10390.0,4190.0,246.4705882352941,17.0,944.6176470588236,338.8411764705883,4369.0,4369,9,5399.0,1.0,10390.0,3.9441176470588233,17.0,105.02235294117649,36.588235294117645,1.6361886429258905,exp_images/audio\ENGLISH\p_woa_box.wav,IMG_05_E_PNA,exp_images/images/man_pushed_box.jpg,IMG_05,exp_images/sentences/noagent_man_box.jpg,STIM_95,stimuli_list_subj_10_a.csv,PNA,passive_dropped_agent,non_agent_first,agent_dropped,1.0,1.0,5693.0,4858.0,404.83333333333326,12.0,919.8916666666668,370.2166666666667,5172.0,5172,7,700.0,1.0,5693.0,3.951818181818183,11.0,105.21090909090908,36.54545454545455,1.9321974354470404,participant_image,4697.0,-668.0,-158.36274509803917,5.0,24.725980392156885,-31.375490196078374,-803.0,-803,2,4699.0,0.0,4697.0,-0.007700534759359723,6.0,-0.18855614973259094,0.04278074866309822,-0.29600879252114987,0.007700534759359723,-0.36828326663452793,-1.2155047689351408,1.3503383143277592,-0.9066002920728466,-0.026788443025021494,-0.23336769126795556
edf10,26,English,sentence_audio,passive_dropped_agent,10670.0,4038.0,288.42857142857144,14.0,799.7214285714286,516.4785714285715,4250.0,4250,11,5678.0,1.0,10670.0,4.7807142857142875,14.0,121.68357142857144,53.0,1.3120899718837864,exp_images/audio\ENGLISH\p_woa_sapling.wav,IMG_03_E_PNA,exp_images/images/girl_plant_tree.jpg,IMG_03,exp_images/sentences/noagent_girl_sapling.jpg,STIM_93,stimuli_list_subj_10_a.csv,PNA,passive_dropped_agent,non_agent_first,agent_dropped,1.0,1.0,6016.0,3852.0,275.14285714285717,14.0,892.7714285714285,606.2928571428573,4165.0,3307,6,1023.0,0.7939975990396159,6016.0,3.9842857142857135,14.0,111.10428571428572,59.14285714285714,2.3271276595744683,participant_image,4654.0,186.0,13.285714285714278,0.0,-93.04999999999984,-89.8142857142858,85.0,943,5,4655.0,0.20600240096038414,4654.0,0.7964285714285739,0.0,10.579285714285717,-6.142857142857139,-1.015037687690682,-0.7964285714285739,-0.014906279336014615,0.6101019257449957,0.20980300757161088,1.2890118162955555,-0.5763432237782545,0.30353344929957854
edf10,27,English,sentence_audio,passive_dropped_agent,11141.0,4007.0,333.9166666666667,12.0,848.1916666666667,441.5,4276.0,4276,5,6149.0,1.0,11141.0,4.055,12.0,116.23,59.66666666666666,1.0771025940220806,exp_images/audio\ENGLISH\p_woa_shrub.wav,IMG_04_E_PNA,exp_images/images/man_cut_shrub.jpg,IMG_04,exp_images/sentences/noagent_man_shrub.jpg,STIM_94,stimuli_list_subj_10_a.csv,PNA,passive_dropped_agent,non_agent_first,agent_dropped,1.0,1.0,5884.0,3828.0,348.0,11.0,822.5363636363637,389.17272727272723,4128.0,4128,6,892.0,1.0,5884.0,3.0290909090909093,11.0,107.07272727272726,78.54545454545455,1.8694765465669607,participant_image,5257.0,179.0,-14.083333333333314,1.0,25.655303030303003,52.32727272727277,148.0,148,-1,5257.0,0.0,5257.0,1.0259090909090904,1.0,9.15727272727274,-18.87878787878789,-0.7923739525448801,-1.0259090909090904,-0.07125162392909289,0.5951379364443389,0.4379100689228405,0.2892915264027264,-0.7331739063139263,0.1035828003053773
edf10,28,Punjabi,sentence_audio,active,10438.0,4254.0,425.4,10.0,919.47,534.3899999999999,4470.0,3896,2,5446.0,0.8715883668903803,10438.0,2.744,10.0,86.103,52.2,0.9580379383023568,exp_images/audio\PUNJABI\dug.wav,IMG_13_P_ACT,exp_images/images/dog_dug_hole.jpg,IMG_13,exp_images/sentences/Dog-dug.jpg,STIM_13,stimuli_list_subj_10_a.csv,ACT,active,agent_first,agent_overt,0.0,,5961.0,4137.0,318.23076923076917,13.0,827.0384615384614,576.3692307692307,4342.0,4102,3,969.0,0.9447259327498848,5961.0,3.05,13.0,106.82615384615384,50.0,2.1808421405804395,participant_image,4477.0,117.0,107.16923076923081,-3.0,92.4315384615386,-41.97923076923087,128.0,-206,-1,4477.0,-0.07313756585950448,4477.0,-0.3059999999999996,-3.0,-20.72315384615385,2.200000000000003,-1.2228042022780827,0.3059999999999996,0.1783740701121758,0.4625997454956638,-0.4745181764820781,-0.15586694230426928,0.17707421529394485,0.037532582423087414
edf10,29,Punjabi,sentence_audio,active,10899.0,3405.0,227.0,15.0,1027.2066666666667,328.68666666666667,3591.0,2253,7,6412.0,0.6274018379281537,10899.0,6.261333333333334,15.0,166.95600000000005,93.46666666666668,1.3762730525736306,exp_images/audio\PUNJABI\frisbee.wav,IMG_12_P_ACT,exp_images/images/child_throw_frisbee.jpg,IMG_12,exp_images/sentences/Frisbee.jpg,STIM_12,stimuli_list_subj_10_a.csv,ACT,active,agent_first,agent_overt,0.0,,5782.0,4168.0,219.36842105263162,19.0,1060.4684210526316,477.7894736842105,4412.0,3670,5,1070.0,0.8318223028105167,5782.0,2.8321052631578953,19.0,83.12368421052632,30.52631578947368,3.286060186786579,participant_image,5117.0,-763.0,7.631578947368382,-4.0,-33.26175438596488,-149.10280701754385,-821.0,-1417,2,5342.0,-0.20442046488236298,5117.0,3.4292280701754385,-4.0,83.83231578947372,62.940350877193,-1.9097871342129484,-3.4292280701754385,-0.026546589530560105,-1.4185874808726269,-0.7026252378333078,-1.6787113084177487,-2.375640799462459,-1.2404222832233405
edf10,30,Punjabi,sentence_audio,active,11077.0,4145.0,207.25,20.0,988.485,395.385,4400.0,3306,7,6085.0,0.7513636363636363,11077.0,2.565500000000001,20.0,76.66300000000003,29.6,1.8055430170623816,exp_images/audio\PUNJABI\tabla.wav,IMG_11_P_ACT,exp_images/images/child_play_tabla.jpg,IMG_11,exp_images/sentences/Tabla.jpg,STIM_11,stimuli_list_subj_10_a.csv,ACT,active,agent_first,agent_overt,0.0,,6002.0,3892.0,228.94117647058826,17.0,870.0647058823531,499.72352941176484,4159.0,3196,11,1312.0,0.768453955277711,6002.0,4.002941176470588,17.0,112.20058823529409,49.058823529411775,2.8323892035988005,participant_image,5075.0,253.0,-21.69117647058826,3.0,118.4202941176469,-104.33852941176485,241.0,110,-4,4773.0,-0.017090318914074643,5075.0,-1.4374411764705872,3.0,-35.537588235294066,-19.458823529411774,-1.026846186536419,1.4374411764705872,-0.08691408135711035,0.7533286804798541,0.8941241916252998,0.24150615405564774,0.9503193358668535,0.550472856134109
edf10,31,Punjabi,sentence_audio,passive,10754.0,3910.0,300.76923076923083,13.0,985.1461538461535,275.2384615384616,4274.0,3972,6,5762.0,0.9293401965372016,10754.0,4.724615384615385,13.0,129.16307692307691,55.230769230769226,1.208852519992561,exp_images/audio\PUNJABI\p_picture.wav,IMG_07_P_PWA,exp_images/images/artiste_drew_picture.jpg,IMG_07,exp_images/sentences/Painting-passive.jpg,STIM_25,stimuli_list_subj_10_a.csv,PWA,passive_with_agent,non_agent_first,agent_overt,1.0,0.0,5743.0,4081.0,240.05882352941174,17.0,996.2470588235294,426.9411764705882,4301.0,4301,5,750.0,1.0,5743.0,2.7288235294117644,17.0,82.71470588235293,40.70588235294117,2.960125370015671,participant_image,5011.0,-171.0,60.71040723981909,-4.0,-11.100904977375876,-151.70271493212658,-27.0,-329,1,5012.0,-0.07065980346279843,5011.0,1.9957918552036205,-4.0,46.448371040723984,14.52488687782806,-1.75127285002311,-1.9957918552036205,0.08272812518963889,-0.15306152858850403,-0.7026252378333078,-0.31054064753297117,-1.3960074062912937,-0.4959013390112876
edf10,32,Punjabi,sentence_audio,passive,10733.0,3995.0,332.9166666666667,12.0,883.8333333333335,438.225,4421.0,3715,5,5740.0,0.8403076227097942,10733.0,2.04,12.0,82.77166666666666,47.66666666666666,1.1180471443212519,exp_images/audio\PUNJABI\p_cake.wav,IMG_15_P_PWA,exp_images/images/girl_baked_cake.jpg,IMG_15,exp_images/sentences/Cake-passive.jpg,STIM_33,stimuli_list_subj_10_a.csv,PWA,passive_with_agent,non_agent_first,agent_overt,1.0,0.0,5879.0,3711.0,265.07142857142856,14.0,900.242857142857,465.52142857142877,4416.0,3177,5,1634.0,0.7194293478260869,5879.0,2.4964285714285706,14.0,84.57142857142857,41.142857142857146,2.3813573737030107,participant_image,4854.0,284.0,67.84523809523813,-2.0,-16.409523809523535,-27.29642857142875,5.0,538,0,4106.0,0.12087827488370728,4854.0,-0.4564285714285705,-2.0,-1.7997619047619082,6.523809523809511,-1.2633102293817589,0.4564285714285705,0.09741678037258832,0.8195977759541917,-0.24641111513084843,0.779720347859586,0.27987952348923084,0.34604066250894966
edf10,33,Punjabi,sentence_audio,passive,10349.0,3905.0,244.0625,16.0,1003.20625,378.10625,4146.0,3567,8,5620.0,0.8603473227206947,10349.0,3.625625,16.0,103.771875,52.875,1.5460430959512996,exp_images/audio\PUNJABI\p_window.wav,IMG_02_P_PWA,exp_images/images/girl_opened_window.jpg,IMG_02,exp_images/sentences/Window-passive.jpg,STIM_20,stimuli_list_subj_10_a.csv,PWA,passive_with_agent,non_agent_first,agent_overt,1.0,0.0,6133.0,3810.0,211.66666666666663,18.0,972.9277777777776,475.18333333333334,4040.0,3810,7,1400.0,0.9430693069306929,6133.0,4.435263157894736,19.0,112.9263157894737,51.157894736842096,3.0979944562204467,participant_image,4216.0,95.0,32.39583333333337,-2.0,30.278472222222376,-97.07708333333335,106.0,-243,1,4220.0,-0.08272198420999821,4216.0,-0.8096381578947365,-3.0,-9.15444078947371,1.7171052631579045,-1.551951360269147,0.8096381578947365,0.024436201920200778,0.41557006483645653,-0.24641111513084843,-0.20239480485274058,0.521268642918753,0.10249379793836426
edf10,34,Punjabi,sentence_audio,passive_dropped_agent,10261.0,3765.0,198.15789473684208,19.0,926.2894736842104,646.4473684210528,4023.0,2503,8,5556.0,0.6221725080785483,10261.0,5.25421052631579,19.0,125.68684210526314,51.05263157894736,1.8516713770587665,exp_images/audio\PUNJABI\p_woa_fed.wav,IMG_16_P_PNA,exp_images/images/girl_fed_dog.jpg,IMG_16,exp_images/sentences/Fed-dog-woa.jpg,STIM_52,stimuli_list_subj_10_a.csv,PNA,passive_dropped_agent,non_agent_first,agent_dropped,1.0,1.0,5828.0,3806.0,200.31578947368425,19.0,933.0473684210524,621.8052631578946,4045.0,3061,9,835.0,0.7567367119901113,5828.0,4.118947368421054,19.0,101.70052631578949,49.89473684210525,3.2601235415236784,participant_image,4433.0,-41.0,-2.1578947368421666,0.0,-6.75789473684199,24.642105263158214,-22.0,-558,-1,4721.0,-0.13456420391156299,4433.0,1.1352631578947356,0.0,23.98631578947365,1.1578947368421098,-1.408452164464912,-1.1352631578947356,-0.04670042446845662,0.12484112985226617,0.20980300757161088,-0.5985103914140503,-0.8079082367147532,-0.2236949830346766
edf10,35,Punjabi,sentence_audio,passive_dropped_agent,10818.0,3868.0,203.578947368421,19.0,1012.3789473684213,465.07368421052627,3897.0,2996,10,6142.0,0.768796510136002,10818.0,6.564210526315789,19.0,138.82684210526315,57.68421052631579,1.756332039193936,exp_images/audio\PUNJABI\p_woa_veg.wav,IMG_18_P_PNA,exp_images/images/boy_cut_vegetables.jpg,IMG_18,exp_images/sentences/Veg-woa.jpg,STIM_54,stimuli_list_subj_10_a.csv,PNA,passive_dropped_agent,non_agent_first,agent_dropped,1.0,1.0,5943.0,3675.0,282.6923076923077,13.0,936.1461538461538,615.6999999999998,4033.0,4033,10,950.0,1.0,5943.0,5.506923076923077,13.0,123.11615384615385,73.84615384615384,2.187447417129396,participant_image,4875.0,193.0,-79.11336032388667,6.0,76.23279352226757,-150.62631578947355,-136.0,-1037,0,5192.0,-0.23120348986399797,4875.0,1.057287449392712,6.0,15.710688259109304,-16.161943319838052,-0.43111537793545995,-1.057287449392712,-0.20513057107703228,0.6250659150456526,1.5784453756789887,-1.2008575849469625,-0.7546183818143976,0.008580950577249813
edf10,36,Punjabi,sentence_audio,passive_dropped_agent,10334.0,3998.0,222.11111111111111,18.0,837.388888888889,434.5777777777778,4198.0,3814,8,5342.0,0.9085278704144832,10334.0,3.1877777777777783,18.0,95.94111111111113,44.111111111111114,1.7418231081865687,exp_images/audio\PUNJABI\p_woa_vase.wav,IMG_08_P_PNA,exp_images/images/boy_broke_vase.jpg,IMG_08,exp_images/sentences/Vase-woa.jpg,STIM_44,stimuli_list_subj_10_a.csv,PNA,passive_dropped_agent,non_agent_first,agent_dropped,1.0,1.0,6116.0,4030.0,287.85714285714283,14.0,807.8642857142859,481.78571428571433,4311.0,3555,7,1123.0,0.824634655532359,6116.0,3.852857142857143,14.0,112.54857142857142,48.714285714285715,2.2890778286461737,participant_image,4218.0,-32.0,-65.74603174603172,4.0,29.524603174603158,-47.20793650793655,-113.0,259,1,4219.0,0.0838932148821242,4218.0,-0.6650793650793649,4.0,-16.607460317460294,-4.603174603174601,-0.547254720459605,0.6650793650793649,-0.1776109165573786,0.14408054466739642,1.1222312529765295,0.42887511404814027,0.42247483595383395,0.3880101662177043
edf11,19,English,sentence_audio,passive,10313.0,3981.0,331.75,12.0,961.8583333333332,389.79166666666674,4269.0,4269,1,5320.0,1.0,10313.0,1.26,12.0,79.72333333333333,60.33333333333334,1.1635799476389024,exp_images/audio\ENGLISH\p_letter.wav,IMG_17_E_PWA,exp_images/images/women_read_letter.jpg,IMG_17,exp_images/sentences/passive_women_letter.jpg,STIM_89,stimuli_list_subj_11_a.csv,PWA,passive_with_agent,non_agent_first,agent_overt,1.0,0.0,5849.0,3991.0,443.4444444444445,9.0,996.1444444444444,492.8,4405.0,4405,5,856.0,1.0,5849.0,2.805555555555556,9.0,120.84777777777781,65.33333333333333,1.538724568302274,participant_image,4464.0,-10.0,-111.69444444444451,3.0,-34.286111111111154,-103.00833333333327,-136.0,-136,-4,4464.0,0.0,4464.0,-1.5455555555555558,3.0,-41.12444444444448,-4.999999999999986,-0.37514462066337173,1.5455555555555558,-0.2722060659039431,0.19111022532660368,0.8941241916252998,-0.06784125640175602,1.0242064435925946,0.35387870764775975
edf11,20,English,sentence_audio,passive,10852.0,4338.0,433.8,10.0,950.69,395.45,4724.0,4066,6,5860.0,0.8607112616426758,10852.0,1.7419999999999998,10.0,63.508,26.8,0.9214891264283082,exp_images/audio\ENGLISH\p_bucket.wav,IMG_09_E_PWA,exp_images/images/boy_filled_bucket.jpg,IMG_09,exp_images/sentences/passive_boy_bucket.jpg,STIM_81,stimuli_list_subj_11_a.csv,PWA,passive_with_agent,non_agent_first,agent_overt,1.0,0.0,5677.0,4327.0,332.84615384615387,13.0,945.7230769230767,462.97692307692313,4624.0,4624,8,685.0,1.0,5677.0,2.141538461538462,13.0,70.63538461538461,28.30769230769231,2.2899418707063592,participant_image,5175.0,11.0,100.95384615384614,-3.0,4.966923076923308,-67.52692307692314,100.0,-558,-2,5175.0,-0.13928873835732425,5175.0,-0.39953846153846206,-3.0,-7.1273846153846065,-1.5076923076923094,-1.3684527442780512,0.39953846153846206,0.16557830195805714,0.23600219322857424,-0.4745181764820781,-0.5985103914140503,0.24099990623983467,-0.08608963329393245
edf11,21,English,sentence_audio,passive,11038.0,2128.0,1064.0,2.0,894.8,479.0,4912.0,2128,2,8866.0,0.43322475570032576,11038.0,4.295,2.0,106.36,40.0,0.1811922449719152,exp_images/audio\ENGLISH\p_clothes.wav,IMG_06_E_PWA,exp_images/images/women_fold_clothes.jpg,IMG_06,exp_images/sentences/passive_woman_clothes.jpg,STIM_78,stimuli_list_subj_11_a.csv,PWA,passive_with_agent,non_agent_first,agent_overt,1.0,0.0,5950.0,1652.0,206.5,8.0,950.1375,420.2625,4097.0,4097,4,957.0,1.0,5950.0,3.3325,8.0,168.70125,112.0,1.3445378151260503,participant_image,5088.0,476.0,857.5,-6.0,-55.33750000000009,58.73750000000001,815.0,-1969,-2,7909.0,-0.5667752442996743,5088.0,0.9624999999999999,-6.0,-62.34124999999999,-72.0,-1.163345570154135,-0.9624999999999999,1.7230988387473067,1.2300386253436368,-1.1588393605357672,-2.3728567172489963,-0.6898391124553851,-0.25367954522984104
edf11,22,English,sentence_audio,passive_dropped_agent,10209.0,4125.0,825.0,5.0,899.3399999999998,411.64,4397.0,4397,4,5216.0,1.0,10209.0,1.852,5.0,126.256,119.2,0.4897639337839162,exp_images/audio\ENGLISH\p_woa_door.wav,IMG_10_E_PNA,exp_images/images/boy_opened_door.jpg,IMG_10,exp_images/sentences/noagent_boy_door.jpg,STIM_100,stimuli_list_subj_11_a.csv,PNA,passive_dropped_agent,non_agent_first,agent_dropped,1.0,1.0,5810.0,4922.0,4922.0,1.0,952.1,549.7,4942.0,4922,1,888.0,0.9959530554431404,5810.0,9.42,1.0,189.59,50.0,0.17211703958691912,participant_image,4399.0,-797.0,-4097.0,4.0,-52.76000000000022,-138.06000000000006,-545.0,-525,3,4328.0,0.004046944556859611,4399.0,-7.568,4.0,-63.334,69.2,0.3176468941969971,7.568,-8.476854541878247,-1.4912697146186744,1.1222312529765295,-0.5570125680600082,5.140041961541984,-0.8525727220076831
edf11,23,English,sentence_audio,passive_dropped_agent,10406.0,4602.0,1150.5,4.0,771.825,438.975,4849.0,4849,4,5415.0,1.0,10406.0,4.1549999999999985,4.0,106.7825,35.5,0.3843936190659235,exp_images/audio\ENGLISH\p_woa_lamp.wav,IMG_01_E_PNA,exp_images/images/girl_lighted_lamp.jpg,IMG_01,exp_images/sentences/noagent_girl_lamp.jpg,STIM_91,stimuli_list_subj_11_a.csv,PNA,passive_dropped_agent,non_agent_first,agent_dropped,1.0,1.0,6116.0,4372.0,437.2,10.0,860.53,510.24999999999983,4629.0,4629,4,1123.0,1.0,6116.0,3.2318181818181824,11.0,88.74999999999999,34.18181818181818,1.7985611510791368,participant_image,4290.0,230.0,713.3,-6.0,-88.70499999999993,-71.2749999999998,220.0,220,0,4292.0,0.0,4290.0,0.9231818181818161,-7.0,18.032500000000013,1.3181818181818201,-1.4141675320132134,-0.9231818181818161,1.4262306830330662,0.7041612870634102,-1.1588393605357672,0.37983223190245435,-0.6629684338262524,0.13768328152738224
edf11,24,English,sentence_audio,passive_dropped_agent,10815.0,4295.0,477.22222222222223,9.0,875.0444444444445,270.45555555555563,4656.0,4656,6,5823.0,1.0,10815.0,4.093333333333334,9.0,98.58111111111108,37.333333333333336,0.8321775312066575,exp_images/audio\ENGLISH\p_woa_scooter.wav,IMG_14_E_PNA,exp_images/images/driver_wash_scooter.jpg,IMG_14,exp_images/sentences/noagent_driver_scooter.jpg,STIM_104,stimuli_list_subj_11_a.csv,PNA,passive_dropped_agent,non_agent_first,agent_dropped,1.0,1.0,5791.0,4237.0,302.64285714285717,14.0,806.7785714285716,446.4285714285714,4449.0,3863,7,798.0,0.8682850078669364,5791.0,4.746428571428571,14.0,112.76928571428572,38.857142857142854,2.417544465549992,participant_image,5024.0,58.0,174.57936507936506,-5.0,68.2658730158729,-175.97301587301575,207.0,793,-1,5025.0,0.1317149921330636,5024.0,-0.6530952380952373,-5.0,-14.18817460317463,-1.5238095238095184,-1.5853669343433343,0.6530952380952373,0.31715300387846435,0.33647469281869885,-0.9307322991845375,1.1003853465044557,0.4142846905821504,0.2475130869198464
edf11,25,Punjabi,sentence_audio,active,10515.0,3926.0,302.0,13.0,1027.6384615384616,343.1923076923077,4173.0,4173,5,5523.0,1.0,10515.0,2.1885714285714286,14.0,111.91928571428569,59.85714285714285,1.3314312886352828,exp_images/audio\PUNJABI\box.wav,IMG_05_P_ACT,exp_images/images/man_pushed_box.jpg,IMG_05,exp_images/sentences/Pushed-box.jpg,STIM_05,stimuli_list_subj_11_a.csv,ACT,active,agent_first,agent_overt,0.0,,5976.0,4266.0,387.8181818181818,11.0,1084.0818181818179,395.85454545454536,4656.0,4656,5,984.0,1.0,5976.0,2.6036363636363635,11.0,76.52545454545455,30.54545454545455,1.840696117804552,participant_image,4539.0,-340.0,-85.81818181818181,2.0,-56.44335664335631,-52.66223776223768,-483.0,-483,0,4539.0,0.0,4539.0,-0.4150649350649349,3.0,35.39383116883114,29.311688311688297,-0.5092648291692692,0.4150649350649349,-0.2189339552060517,-0.5143349845615053,0.6660171302740702,-0.5041971565185003,0.2516109482840179,-0.06396760354559382
edf11,26,Punjabi,sentence_audio,active,10526.0,3902.0,278.7142857142857,14.0,869.5571428571428,484.55714285714276,4209.0,4047,7,5533.0,0.9615110477548112,10526.0,2.912142857142857,14.0,105.98357142857141,56.0,1.330039901197036,exp_images/audio\PUNJABI\sapling.wav,IMG_03_P_ACT,exp_images/images/girl_plant_tree.jpg,IMG_03,exp_images/sentences/Sapling.jpg,STIM_03,stimuli_list_subj_11_a.csv,ACT,active,agent_first,agent_overt,0.0,,5961.0,4405.0,440.5,10.0,835.85,626.9100000000002,4621.0,4621,5,968.0,1.0,5961.0,3.966,10.0,104.831,37.2,1.6775708773695688,participant_image,4565.0,-503.0,-161.78571428571428,4.0,33.7071428571428,-142.35285714285743,-412.0,-574,2,4565.0,-0.03848895224518878,4565.0,-1.0538571428571433,4.0,1.152571428571406,18.799999999999997,-0.3475309761725327,1.0538571428571433,-0.3753302191297552,-0.8627821639910863,1.1222312529765295,-0.6186305481917675,0.6881718301109672,-0.0092679696450225
edf11,27,Punjabi,sentence_audio,active,10522.0,4262.0,532.75,8.0,890.0625,337.8,4292.0,4152,5,5530.0,0.967381174277726,10522.0,3.4262500000000005,8.0,149.075,87.5,0.7603117278084014,exp_images/audio\PUNJABI\shrub.wav,IMG_04_P_ACT,exp_images/images/man_cut_shrub.jpg,IMG_04,exp_images/sentences/Shrub.jpg,STIM_04,stimuli_list_subj_11_a.csv,ACT,active,agent_first,agent_overt,0.0,,5831.0,4271.0,474.5555555555555,9.0,793.9666666666667,458.5888888888888,4525.0,4525,4,838.0,1.0,5831.0,2.2533333333333334,9.0,91.76666666666668,52.0,1.5434745326702108,participant_image,4691.0,-9.0,58.194444444444514,-1.0,96.0958333333333,-120.78888888888878,-233.0,-373,1,4692.0,-0.032618825722274036,4691.0,1.172916666666667,-1.0,57.30833333333331,35.5,-0.7831628048618094,-1.172916666666667,0.07754844949679218,0.19324793808384036,-0.018304053779618773,-0.3658710786716937,-0.8336412509764115,-0.1894039991694183
edf11,28,Punjabi,sentence_audio,passive,10378.0,3656.0,281.23076923076917,13.0,915.5615384615384,646.4230769230769,3802.0,2254,5,5610.0,0.592845870594424,10378.0,4.372142857142858,14.0,117.44285714285714,97.28571428571428,1.3490075158990171,exp_images/audio\PUNJABI\p_dug.wav,IMG_13_P_PWA,exp_images/images/dog_dug_hole.jpg,IMG_13,exp_images/sentences/Dog-dug-passive.jpg,STIM_31,stimuli_list_subj_11_a.csv,PWA,passive_with_agent,non_agent_first,agent_overt,1.0,0.0,5689.0,3755.0,375.5,10.0,1060.89,673.9100000000002,4359.0,4359,3,696.0,1.0,5689.0,2.587,10.0,89.02600000000001,63.4,1.7577781683951486,participant_image,4689.0,-99.0,-94.26923076923083,3.0,-145.32846153846174,-27.48692307692329,-557.0,-2105,2,4914.0,-0.40715412940557605,4689.0,1.785142857142858,4.0,28.416857142857125,33.88571428571428,-0.4087706524961314,-1.785142857142858,-0.23633234158572358,0.0008537899325379253,0.8941241916252998,-2.543878049859593,-1.2520464887541096,-0.6274557797283178
edf11,29,Punjabi,sentence_audio,passive,10214.0,3606.0,300.5,12.0,1332.9999999999998,774.7499999999999,3860.0,2502,4,5522.0,0.6481865284974093,10214.0,6.4750000000000005,14.0,126.98642857142856,82.42857142857143,1.3706677109849226,exp_images/audio\PUNJABI\p_frisbee.wav,IMG_12_P_PWA,exp_images/images/child_throw_frisbee.jpg,IMG_12,exp_images/sentences/Frisbee-passive.jpg,STIM_30,stimuli_list_subj_11_a.csv,PWA,passive_with_agent,non_agent_first,agent_overt,1.0,0.0,5731.0,4673.0,1557.666666666667,3.0,993.0,345.93333333333334,4870.0,4673,3,972.0,0.9595482546201232,5731.0,4.736666666666667,3.0,115.69666666666667,40.66666666666666,0.5234688536032106,participant_image,4483.0,-1067.0,-1257.166666666667,9.0,339.9999999999998,428.81666666666655,-1010.0,-2171,1,4550.0,-0.31136172612271384,4483.0,1.7383333333333333,11.0,11.289761904761889,41.76190476190477,0.847198857381712,-1.7383333333333333,-2.6304184517084086,-2.068452159072582,2.2627665597326776,-2.6268736965676776,-1.2200561063685547,-1.256606770796909
edf11,30,Punjabi,sentence_audio,passive,10931.0,4181.0,380.09090909090907,11.0,931.3363636363637,386.8181818181818,4196.0,3895,4,5988.0,0.9282650142993328,10931.0,3.2827272727272727,11.0,122.7809090909091,72.36363636363636,1.006312322751807,exp_images/audio\PUNJABI\p_tabla.wav,IMG_11_P_PWA,exp_images/images/child_play_tabla.jpg,IMG_11,exp_images/sentences/Tabla-passive.jpg,STIM_29,stimuli_list_subj_11_a.csv,PWA,passive_with_agent,non_agent_first,agent_overt,1.0,0.0,5846.0,4434.0,341.07692307692315,13.0,815.4538461538463,523.723076923077,4506.0,4314,8,854.0,0.9573901464713716,5846.0,4.007142857142857,14.0,100.03857142857142,36.0,2.3947998631542937,participant_image,5085.0,-253.0,39.013986013985914,-2.0,115.88251748251741,-136.90489510489516,-310.0,-419,-4,5134.0,-0.029125132172038715,5085.0,-0.7244155844155844,-3.0,22.74233766233769,36.36363636363636,-1.3884875404024868,0.7244155844155844,0.03806115878941422,-0.3283539746819129,-0.24641111513084843,-0.42371652940763105,0.4630261637905121,-0.09947885932809322
edf11,31,Punjabi,sentence_audio,passive_dropped_agent,10398.0,4282.0,305.85714285714283,14.0,941.9928571428572,348.4857142857142,4321.0,4321,8,5405.0,1.0,10398.0,3.1807142857142847,14.0,114.60857142857141,48.0,1.3464127716868628,exp_images/audio\PUNJABI\p_woa_picture.wav,IMG_07_P_PNA,exp_images/images/artiste_drew_picture.jpg,IMG_07,exp_images/sentences/Painting-woa.jpg,STIM_43,stimuli_list_subj_11_a.csv,PNA,passive_dropped_agent,non_agent_first,agent_dropped,1.0,1.0,5962.0,4104.0,315.6923076923077,13.0,976.8153846153843,363.4384615384615,4420.0,4202,5,970.0,0.9506787330316742,5962.0,2.875384615384615,13.0,95.81153846153845,44.0,2.1804763502180475,participant_image,4436.0,178.0,-9.835164835164846,1.0,-34.8225274725271,-14.952747252747315,-99.0,119,3,4435.0,0.04932126696832584,4436.0,0.3053296703296695,1.0,18.797032967032962,4.0,-0.8340635785311847,-0.3053296703296695,-0.06250581292205676,0.5930002236871021,0.4379100689228405,0.2528237422431137,-0.24071832617818326,0.19610197915056327
edf11,32,Punjabi,sentence_audio,passive_dropped_agent,11094.0,4126.0,412.6,10.0,888.25,476.95,4451.0,3686,7,6456.0,0.8281285104470906,11094.0,2.031,10.0,87.35700000000001,54.2,0.9013881377321076,exp_images/audio\PUNJABI\p_woa_cake.wav,IMG_15_P_PNA,exp_images/images/girl_baked_cake.jpg,IMG_15,exp_images/sentences/Cake-woa.jpg,STIM_51,stimuli_list_subj_11_a.csv,PNA,passive_dropped_agent,non_agent_first,agent_dropped,1.0,1.0,6048.0,4148.0,345.66666666666674,12.0,904.7166666666666,446.35,4353.0,4353,8,1055.0,1.0,6048.0,2.5958333333333337,12.0,90.53916666666667,53.33333333333334,1.984126984126984,participant_image,5046.0,-22.0,66.93333333333328,-2.0,-16.466666666666583,30.599999999999966,98.0,-667,-1,5401.0,-0.17187148955290943,5046.0,-0.5648333333333335,-2.0,-3.18216666666666,0.86666666666666,-1.0827388463948764,0.5648333333333335,0.09553941917388009,0.16545767223976335,-0.24641111513084843,-0.7355789594622495,0.35396508351030453,-0.07340557993382998
edf11,34,English,sentence_audio,active,10364.0,4214.0,280.93333333333334,15.0,902.0866666666667,549.94,4236.0,3642,6,5602.0,0.8597733711048159,10364.0,2.756666666666667,15.0,84.65599999999998,50.4,1.4473176379776147,exp_images/audio\ENGLISH\fed.wav,IMG_16_E_ACT,exp_images/images/girl_fed_dog.jpg,IMG_16,exp_images/sentences/active_girl_dog.jpg,STIM_70,stimuli_list_subj_11_a.csv,ACT,active,agent_first,agent_overt,0.0,,5894.285714285715,4198.0204081632655,371.314153146405,12.857142857142858,909.8978496037809,640.1965810603734,4993.0,4993,1,1115.0,1.0,5896.0204081632655,3.3010398855879965,13.36734693877551,109.973377849976,45.424386576642846,2.2694418648085666,image,4469.714285714285,15.979591836734471,-90.38081981307164,2.1428571428571423,-7.811182937114154,-90.25658106037338,-757.0,-1351,5,4487.0,-0.1402266288951841,4467.9795918367345,-0.5443732189213297,1.6326530612244898,-25.317377849976026,4.975613423357153,-0.8221242268309519,0.5443732189213297,-0.22832717245109097,0.24664713022379323,0.6986038533242457,-1.5957156617096648,0.3399823118342759,-0.10776190775568821
edf11,35,English,sentence_audio,active,10933.0,4397.0,488.5555555555555,9.0,907.2444444444444,684.9111111111113,4469.0,4469,4,5940.0,1.0,10933.0,2.7422222222222232,9.0,87.96111111111111,58.22222222222222,0.8231958291411323,exp_images/audio\ENGLISH\veg.wav,IMG_18_E_ACT,exp_images/images/boy_cut_vegetables.jpg,IMG_18,exp_images/sentences/active_boy_vegetables.jpg,STIM_72,stimuli_list_subj_11_a.csv,ACT,active,agent_first,agent_overt,0.0,,5967.0,4160.0,346.66666666666674,12.0,934.9166666666665,712.9083333333333,4600.0,4600,4,972.0,1.0,5967.0,3.0569230769230766,13.0,81.49,30.30769230769231,2.178649237472767,participant_image,4966.0,237.0,141.88888888888874,-3.0,-27.672222222222103,-27.997222222222035,-131.0,-131,0,4968.0,0.0,4966.0,-0.3147008547008534,-4.0,6.471111111111114,27.91452991452991,-1.3554534083316345,0.3147008547008534,0.24985230085428264,0.7191252763640671,-0.4745181764820781,-0.061553707408719356,0.18302051951387435,0.12318524256828534
edf11,36,English,sentence_audio,active,10459.0,4299.0,477.66666666666674,9.0,859.8000000000002,384.7444444444445,4302.0,4135,6,5716.0,0.9611808461180846,10459.0,3.2122222222222216,9.0,136.71222222222224,76.66666666666667,0.8605029161487714,exp_images/audio\ENGLISH\vase.wav,IMG_08_E_ACT,exp_images/images/boy_broke_vase.jpg,IMG_08,exp_images/sentences/active_boy_vase.jpg,STIM_62,stimuli_list_subj_11_a.csv,ACT,active,agent_first,agent_overt,0.0,,6023.0,4325.0,308.92857142857144,14.0,886.0428571428572,464.1642857142857,4600.0,4216,7,1031.0,0.9165217391304348,6023.0,2.186428571428571,14.0,73.73642857142856,28.0,2.3244230449941887,participant_image,4436.0,-26.0,168.7380952380953,-5.0,-26.24285714285702,-79.41984126984119,-298.0,-81,-1,4685.0,0.044659106987649855,4436.0,1.0257936507936507,-5.0,62.975793650793676,48.66666666666667,-1.4639201288454173,-1.0257936507936507,0.3051274351904826,0.15690682121081656,-0.9307322991845375,0.0013217825216472639,-0.7330950126800031,-0.24009425458831882
edf12,19,English,sentence_audio,passive_dropped_agent,10710.0,4068.0,813.6,5.0,955.0400000000003,372.72,4872.0,4872,1,5720.0,1.0,10710.0,1.466,5.0,56.782,23.6,0.4668534080298786,exp_images/audio\ENGLISH\p_woa_letter.wav,IMG_17_E_PNA,exp_images/images/women_read_letter.jpg,IMG_17,exp_images/sentences/noagent_women_letter.jpg,STIM_107,stimuli_list_subj_12_a.csv,PNA,passive_dropped_agent,non_agent_first,agent_dropped,1.0,1.0,5829.0,4345.0,289.6666666666667,15.0,1000.6,742.3933333333333,4502.0,3276,3,835.0,0.7276765881830297,5829.0,2.964,15.0,79.4926666666667,32.8,2.573340195573855,participant_image,4881.0,-277.0,523.9333333333334,-10.0,-45.55999999999972,-369.6733333333333,370.0,1596,-2,4885.0,0.2723234118169703,4881.0,-1.498,-10.0,-22.710666666666697,-9.199999999999996,-2.106486787543976,1.498,1.0363767781295525,-0.3796590808555935,-2.071267605940686,2.1101657147861435,0.9917062110978094,0.3374644034434452
edf12,20,English,sentence_audio,passive_dropped_agent,10560.0,4282.0,535.25,8.0,1057.825,639.3,4424.0,4020,4,5568.0,0.9086799276672696,10560.0,4.84875,8.0,159.42749999999995,71.0,0.7575757575757576,exp_images/audio\ENGLISH\p_woa_bucket.wav,IMG_09_E_PNA,exp_images/images/boy_filled_bucket.jpg,IMG_09,exp_images/sentences/noagent_boy_bucket.jpg,STIM_99,stimuli_list_subj_12_a.csv,PNA,passive_dropped_agent,non_agent_first,agent_dropped,1.0,1.0,5942.0,4226.0,325.07692307692315,13.0,955.746153846154,530.8153846153847,4290.0,3906,6,950.0,0.9104895104895104,5942.0,2.185,14.0,120.19714285714285,51.0,2.3561090541905085,participant_image,4618.0,56.0,210.17307692307685,-5.0,102.07884615384603,108.48461538461527,134.0,114,-2,4618.0,-0.0018095828222408628,4618.0,2.66375,-6.0,39.2303571428571,20.0,-1.598533296614751,-2.66375,0.39043067093856726,0.3321992673042255,-0.9307322991845375,0.24653619325007706,-1.8525007591511267,-0.36281338536855884
edf12,21,English,sentence_audio,passive_dropped_agent,11013.0,4479.0,447.9,10.0,906.47,593.79,4606.0,4606,3,6021.0,1.0,11013.0,1.831,10.0,89.48899999999999,38.6,0.908017797148824,exp_images/audio\ENGLISH\p_woa_clothes.wav,IMG_06_E_PNA,exp_images/images/women_fold_clothes.jpg,IMG_06,exp_images/sentences/noagent_woman_clothes.jpg,STIM_96,stimuli_list_subj_12_a.csv,PNA,passive_dropped_agent,non_agent_first,agent_dropped,1.0,1.0,6014.0,4586.0,458.6,10.0,866.2400000000001,645.2900000000002,4715.0,4715,3,1021.0,1.0,6014.0,2.1830000000000003,10.0,69.045,27.8,1.6627868307283005,participant_image,4999.0,-107.0,-10.700000000000045,0.0,40.229999999999905,-51.50000000000023,-109.0,-109,0,5000.0,0.0,4999.0,-0.3520000000000003,0.0,20.44399999999999,10.8,-0.7547690335794764,0.3520000000000003,-0.06428627076104045,-0.016247912125355625,0.20980300757161088,-0.03388849183935804,0.20851135607161125,0.0607783377834936
edf12,22,Punjabi,sentence_audio,active,11197.0,4463.0,557.875,8.0,912.6749999999997,434.5875,4615.0,4405,5,6204.0,0.9544962080173348,11197.0,1.32375,8.0,97.46124999999998,47.25,0.7144770920782353,exp_images/audio\PUNJABI\door.wav,IMG_10_P_ACT,exp_images/images/boy_opened_door.jpg,IMG_10,exp_images/sentences/Closed-door.jpg,STIM_10,stimuli_list_subj_12_a.csv,ACT,active,agent_first,agent_overt,0.0,,5968.0,4536.0,567.0,8.0,927.05,480.2625,4680.0,4680,3,976.0,1.0,5968.0,1.20375,8.0,101.42125,39.0,1.3404825737265416,participant_image,5229.0,-73.0,-9.125,0.0,-14.375000000000227,-45.67500000000001,-65.0,-275,2,5228.0,-0.04550379198266519,5229.0,0.11999999999999988,0.0,-3.960000000000022,8.25,-0.6260054816483063,-0.11999999999999988,-0.06104377876901588,0.056434321620691966,0.20980300757161088,-0.2426351184081752,-0.11406104495139553,-0.03030052258725675
edf12,23,Punjabi,sentence_audio,active,10441.0,4597.0,510.77777777777777,9.0,763.2222222222223,498.1777777777778,4748.0,4748,3,5449.0,1.0,10441.0,2.1577777777777776,9.0,74.04333333333334,27.11111111111111,0.8619863997701369,exp_images/audio\PUNJABI\lamp.wav,IMG_01_P_ACT,exp_images/images/girl_lighted_lamp.jpg,IMG_01,exp_images/sentences/Lamp.jpg,STIM_01,stimuli_list_subj_12_a.csv,ACT,active,agent_first,agent_overt,0.0,,5741.0,4325.0,360.41666666666674,12.0,897.3083333333334,505.51666666666665,4542.0,4542,6,749.0,1.0,5741.0,4.3933333333333335,12.0,107.93083333333333,37.5,2.0902281832433376,participant_image,4700.0,272.0,150.36111111111103,-3.0,-134.0861111111111,-7.338888888888846,206.0,206,-3,4700.0,0.0,4700.0,-2.235555555555556,-3.0,-33.88749999999999,-10.38888888888889,-1.2282417834732007,2.235555555555556,0.26729427717822396,0.7939452228673514,-0.4745181764820781,0.3622270947219517,1.4957635552575832,0.48894239470860634
edf12,24,Punjabi,sentence_audio,active,10867.0,4015.0,286.7857142857143,14.0,884.0571428571429,398.28571428571433,4364.0,4364,7,5875.0,1.0,10867.0,3.692857142857144,14.0,112.51285714285713,44.85714285714285,1.2883040397533816,exp_images/audio\PUNJABI\scooter.wav,IMG_14_P_ACT,exp_images/images/driver_wash_scooter.jpg,IMG_14,exp_images/sentences/Washed-scooter.jpg,STIM_14,stimuli_list_subj_12_a.csv,ACT,active,agent_first,agent_overt,0.0,,5815.0,4277.0,356.41666666666674,12.0,975.425,577.1416666666668,4589.0,4143,4,822.0,0.90281106994988,5815.0,3.483333333333334,12.0,92.89916666666666,33.666666666666664,2.063628546861565,participant_image,5052.0,-262.0,-69.63095238095246,2.0,-91.36785714285702,-178.85595238095243,-225.0,221,3,5053.0,0.09718893005011997,5052.0,0.2095238095238101,2.0,19.61369047619047,11.190476190476183,-0.7753245071081833,-0.2095238095238101,-0.18560890008016026,-0.3475933894970431,0.6660171302740702,0.3810897417010617,-0.17524305805906878,0.06773230486777193
edf12,25,Punjabi,sentence_audio,passive,10535.0,4649.0,464.9,10.0,1032.5000000000002,441.15,4674.0,4674,6,5543.0,1.0,10535.0,2.88,10.0,83.70100000000001,31.8,0.94921689606075,exp_images/audio\PUNJABI\p_box.wav,IMG_05_P_PWA,exp_images/images/man_pushed_box.jpg,IMG_05,exp_images/sentences/Pushed-box-passive.jpg,STIM_23,stimuli_list_subj_12_a.csv,PWA,passive_with_agent,non_agent_first,agent_overt,1.0,0.0,5955.0,4321.0,332.38461538461536,13.0,1008.3692307692309,352.77692307692297,4477.0,4371,7,962.0,0.9763234308688854,5955.0,2.01,13.0,89.98923076923077,39.692307692307686,2.18303946263644,participant_image,4580.0,328.0,132.51538461538462,-3.0,24.130769230769374,88.37307692307701,197.0,303,-1,4581.0,0.0236765691311146,4580.0,0.8700000000000001,-3.0,-6.288230769230765,-7.892307692307686,-1.2338225665756903,-0.8700000000000001,0.23055483257234977,0.9136571372726062,-0.4745181764820781,0.48420554518686293,-0.6266231228481223,0.10545524314032373
edf12,26,Punjabi,sentence_audio,passive,11072.0,3978.0,265.2,15.0,910.0466666666667,615.2466666666667,4123.0,2829,5,6079.0,0.6861508610235265,11072.0,3.4,15.0,117.57333333333334,58.0,1.3547687861271678,exp_images/audio\PUNJABI\p_sapling.wav,IMG_03_P_PWA,exp_images/images/girl_plant_tree.jpg,IMG_03,exp_images/sentences/Sapling-passive.jpg,STIM_21,stimuli_list_subj_12_a.csv,PWA,passive_with_agent,non_agent_first,agent_overt,1.0,0.0,5843.0,4207.0,280.46666666666664,15.0,798.9733333333335,637.44,4363.0,4051,5,850.0,0.9284895713958286,5843.0,3.8593333333333337,15.0,99.29466666666669,42.0,2.5671743967140173,participant_image,5229.0,-229.0,-15.266666666666652,0.0,111.07333333333327,-22.193333333333385,-240.0,-1222,0,5229.0,-0.24233871037230204,5229.0,-0.4593333333333338,0.0,18.278666666666652,16.0,-1.2124056105868495,0.4593333333333338,-0.07368778193368271,-0.27704886850823224,0.20980300757161088,-1.433496897689319,0.2818646845528318,-0.25851317120135825
edf12,27,Punjabi,sentence_audio,passive,10482.0,4204.0,323.38461538461536,13.0,883.6999999999998,526.2153846153847,4414.0,4414,6,5490.0,1.0,10482.0,2.82,13.0,94.18692307692308,44.46153846153846,1.2402213318069069,exp_images/audio\PUNJABI\p_shrub.wav,IMG_04_P_PWA,exp_images/images/man_cut_shrub.jpg,IMG_04,exp_images/sentences/Shrub-passive.jpg,STIM_22,stimuli_list_subj_12_a.csv,PWA,passive_with_agent,non_agent_first,agent_overt,1.0,0.0,5684.0,4424.0,402.1818181818182,11.0,805.7545454545456,518.2909090909092,4672.0,4378,5,692.0,0.9370719178082192,5684.0,2.691818181818182,11.0,79.6581818181818,29.09090909090909,1.935256861365236,participant_image,4798.0,-220.0,-78.79720279720283,2.0,77.94545454545425,7.924475524475497,-258.0,36,1,4798.0,0.06292808219178081,4798.0,0.12818181818181795,2.0,14.528741258741277,15.37062937062937,-0.695035529558329,-0.12818181818181795,-0.20447968964941918,-0.25780945369310204,0.6660171302740702,0.14845042895870514,-0.11965263125572338,0.046505156926906134
edf12,28,Punjabi,sentence_audio,passive_dropped_agent,10233.0,4485.0,320.35714285714283,14.0,1026.357142857143,743.0285714285716,4534.0,4240,4,5241.0,0.9351565946184384,10233.0,3.138571428571429,14.0,88.38214285714287,32.714285714285715,1.3681227401544025,exp_images/audio\PUNJABI\p_woa_dug.wav,IMG_13_P_PNA,exp_images/images/dog_dug_hole.jpg,IMG_13,exp_images/sentences/Dog-dug-woa.jpg,STIM_49,stimuli_list_subj_12_a.csv,PNA,passive_dropped_agent,non_agent_first,agent_dropped,1.0,1.0,6010.0,4466.0,406.0,11.0,922.8454545454547,725.6818181818181,4632.0,4020,5,1018.0,0.8678756476683938,6010.0,2.9258333333333333,12.0,89.22500000000002,31.0,1.9966722129783692,participant_image,4223.0,19.0,-85.64285714285717,3.0,103.5116883116882,17.34675324675345,-98.0,220,-1,4223.0,0.0672809469500446,4223.0,0.2127380952380955,2.0,-0.8428571428571558,1.7142857142857153,-0.6285494728239667,-0.2127380952380955,-0.2185730099008171,0.2531038952864678,0.8941241916252998,0.37983223190245435,-0.17743975267862597,0.22620951124695576
edf12,29,Punjabi,sentence_audio,passive_dropped_agent,11059.0,4307.0,331.3076923076923,13.0,1075.2153846153847,348.0538461538462,4459.0,4307,3,6254.0,0.9659116393810272,11059.0,2.4230769230769234,13.0,102.18692307692308,41.07692307692308,1.1755131567049464,exp_images/audio\PUNJABI\p_woa_frisbee.wav,IMG_12_P_PNA,exp_images/images/child_throw_frisbee.jpg,IMG_12,exp_images/sentences/Frisbee-woa.jpg,STIM_48,stimuli_list_subj_12_a.csv,PNA,passive_dropped_agent,non_agent_first,agent_dropped,1.0,1.0,5966.0,4334.0,254.94117647058826,17.0,1052.994117647059,475.85882352941184,4473.0,3090,5,1142.0,0.6908115358819584,5966.0,3.0882352941176467,17.0,87.59294117647059,30.588235294117645,2.8494803888702647,participant_image,5093.0,-27.0,76.36651583710406,-4.0,22.221266968325608,-127.80497737556561,-14.0,1217,-2,5112.0,0.27510010349906877,5093.0,-0.6651583710407234,-4.0,14.59398190045249,10.488687782805435,-1.6739672321653183,0.6651583710407234,0.11495974852485287,0.15476910845357988,-0.7026252378333078,1.6335695011139646,0.42252882990012747,0.3246403900318434
edf12,30,Punjabi,sentence_audio,passive_dropped_agent,10889.0,4381.0,273.8125,16.0,882.71875,485.86250000000007,4534.0,4063,4,6072.0,0.896118217909131,10889.0,2.589375,16.0,72.269375,28.625,1.4693727615024337,exp_images/audio\PUNJABI\p_woa_tabla.wav,IMG_11_P_PNA,exp_images/images/child_play_tabla.jpg,IMG_11,exp_images/sentences/Tabla-woa.jpg,STIM_47,stimuli_list_subj_12_a.csv,PNA,passive_dropped_agent,non_agent_first,agent_dropped,1.0,1.0,6090.0,4458.0,342.92307692307685,13.0,884.4076923076923,611.7307692307693,4604.0,3320,3,1398.0,0.7211120764552563,6090.0,2.9138461538461535,13.0,85.25461538461538,29.84615384615385,2.134646962233169,participant_image,4799.0,-77.0,-69.11057692307685,3.0,-1.6889423076922867,-125.86826923076922,-70.0,743,1,4674.0,0.17500614145387472,4799.0,-0.32447115384615355,3.0,-12.98524038461538,-1.2211538461538503,-0.6652742007307355,0.32447115384615355,-0.18453759007698076,0.047883470591745185,0.8941241916252998,1.0375098565740892,0.18969769928932456,0.3969355256006956
edf12,31,English,sentence_audio,active,10908.0,4264.0,328.0,13.0,917.5,326.72307692307703,4424.0,3854,5,5916.0,0.8711573236889693,10908.0,2.7053846153846144,13.0,98.58153846153849,43.69230769230769,1.1917858452511918,exp_images/audio\ENGLISH\picture.wav,IMG_07_E_ACT,exp_images/images/artiste_drew_picture.jpg,IMG_07,exp_images/sentences/active_artist_picture.jpg,STIM_61,stimuli_list_subj_12_a.csv,ACT,active,agent_first,agent_overt,0.0,,5813.0,4253.0,327.15384615384613,13.0,854.2615384615384,361.4846153846154,4460.0,4460,5,821.0,1.0,5813.0,2.6223076923076927,13.0,121.46615384615387,40.92307692307692,2.236366764149321,participant_image,5095.0,11.0,0.846153846153868,0.0,63.23846153846159,-34.76153846153835,-36.0,-606,0,5095.0,-0.12884267631103075,5095.0,0.08307692307692172,0.0,-22.884615384615387,2.7692307692307736,-1.0445809188981292,-0.08307692307692172,-0.040515914326223534,0.23600219322857424,0.20980300757161088,-0.6588708617472022,-0.08882721957801737,-0.0684817589702516
edf12,32,English,sentence_audio,active,10840.0,3858.0,321.5,12.0,907.75,548.2916666666667,4221.0,2934,6,6236.0,0.6950959488272921,10840.0,2.160769230769231,13.0,108.12461538461538,60.769230769230774,1.1992619926199262,exp_images/audio\ENGLISH\cake.wav,IMG_15_E_ACT,exp_images/images/girl_baked_cake.jpg,IMG_15,exp_images/sentences/active_girl_cake.jpg,STIM_69,stimuli_list_subj_12_a.csv,ACT,active,agent_first,agent_overt,0.0,,5963.0,4410.0,735.0,6.0,909.75,532.6833333333334,4791.0,4591,5,973.0,0.9582550615737842,5963.0,3.306666666666666,6.0,96.02833333333336,33.0,1.0062049304041591,participant_image,4877.0,-552.0,-413.5,6.0,-2.0,15.608333333333348,-570.0,-1657,1,5263.0,-0.26315911274649206,4877.0,-1.1458974358974352,7.0,12.096282051282017,27.769230769230774,0.19305706221576702,1.1458974358974352,-0.8935407306895848,-0.9675300890956843,1.5784453756789887,-1.9805136600835085,0.751073648578908,-0.3024130911221762
edf12,33,English,sentence_audio,active,10591.0,4367.0,436.7,10.0,985.33,483.27,4544.0,4410,4,5599.0,0.9705105633802816,10591.0,2.63,10.0,115.20000000000002,44.8,0.9441979038806536,exp_images/audio\ENGLISH\window.wav,IMG_02_E_ACT,exp_images/images/girl_opened_window.jpg,IMG_02,exp_images/sentences/active_girl_window.jpg,STIM_56,stimuli_list_subj_12_a.csv,ACT,active,agent_first,agent_overt,0.0,,5793.0,4561.0,506.77777777777777,9.0,1070.522222222222,497.8777777777778,4713.0,4561,5,980.0,0.967748779970295,5793.0,3.17,9.0,87.81111111111109,31.11111111111111,1.5535991714137751,participant_image,4798.0,-194.0,-70.07777777777778,1.0,-85.19222222222186,-14.607777777777812,-169.0,-151,-1,4619.0,0.0027617834099866734,4798.0,-0.54,1.0,27.38888888888893,13.688888888888886,-0.6094012675331215,0.54,-0.18652879072843917,-0.202228922004948,0.4379100689228405,-0.086703903380866,0.33699358359772386,0.05988840728126223
edf12,34,English,sentence_audio,passive,10608.0,4146.0,318.92307692307685,13.0,844.3307692307692,607.6538461538461,4313.0,3419,5,5615.0,0.7927196846742407,10608.0,3.413076923076924,13.0,100.5153846153846,52.30769230769231,1.2254901960784312,exp_images/audio\ENGLISH\p_fed.wav,IMG_16_E_PWA,exp_images/images/girl_fed_dog.jpg,IMG_16,exp_images/sentences/passive_girl_dog.jpg,STIM_88,stimuli_list_subj_12_a.csv,PWA,passive_with_agent,non_agent_first,agent_overt,1.0,0.0,6075.0,4549.0,649.8571428571429,7.0,927.1,673.7428571428571,4786.0,3895,3,1083.0,0.813832010029252,6075.0,2.654285714285714,7.0,75.95142857142856,29.42857142857143,1.1522633744855966,participant_image,4533.0,-403.0,-330.93406593406604,6.0,-82.76923076923083,-66.08901098901106,-473.0,-476,2,4532.0,-0.021112325355011285,4533.0,0.7587912087912101,6.0,24.56395604395604,22.879120879120876,0.07322682159283467,-0.7587912087912101,-0.7235601719449425,-0.6490108882674169,1.5784453756789887,-0.495394587928249,-0.5506212440449748,-0.16802830330131888
edf12,35,English,sentence_audio,passive,10524.0,4274.0,610.5714285714286,7.0,921.7,614.2571428571429,4527.0,4527,4,5531.0,1.0,10524.0,3.74375,8.0,132.17624999999998,59.5,0.7601672367920943,exp_images/audio\ENGLISH\p_veg.wav,IMG_18_E_PWA,exp_images/images/boy_cut_vegetables.jpg,IMG_18,exp_images/sentences/passive_boy_vegetables.jpg,STIM_90,stimuli_list_subj_12_a.csv,PWA,passive_with_agent,non_agent_first,agent_overt,1.0,0.0,5932.0,4240.0,353.33333333333326,12.0,974.625,699.0000000000001,4414.0,4414,4,972.0,1.0,5932.0,3.5176923076923075,13.0,122.33230769230772,44.46153846153846,2.191503708698584,participant_image,4592.0,34.0,257.2380952380953,-5.0,-52.924999999999955,-84.74285714285725,113.0,113,0,4559.0,0.0,4592.0,0.22605769230769246,-5.0,9.84394230769226,15.03846153846154,-1.4313364719064894,-0.22605769230769246,0.4873246042661434,0.28516958664501824,-0.9307322991845375,0.24527868345146975,-0.18654257981294567,-0.019900400926970367
edf12,36,English,sentence_audio,passive,10564.0,3874.0,322.8333333333333,12.0,597.2666666666668,504.55,4128.0,3576,4,5572.0,0.8662790697674418,10564.0,8.998333333333333,12.0,145.49666666666667,72.0,1.1359333585762972,exp_images/audio\ENGLISH\p_vase.wav,IMG_08_E_PWA,exp_images/images/boy_broke_vase.jpg,IMG_08,exp_images/sentences/passive_boy_vase.jpg,STIM_80,stimuli_list_subj_12_a.csv,PWA,passive_with_agent,non_agent_first,agent_overt,1.0,0.0,5710.0,4372.0,437.2,10.0,939.76,503.0,4568.0,4568,3,718.0,1.0,5710.0,1.6060000000000003,10.0,81.73400000000002,42.4,1.7513134851138354,participant_image,4854.0,-498.0,-114.36666666666667,2.0,-342.4933333333332,1.5500000000000114,-440.0,-992,1,4854.0,-0.13372093023255816,4854.0,7.392333333333333,2.0,63.76266666666665,29.6,-0.6153801265375383,-7.392333333333333,-0.2777074367969368,-0.8520936002049029,0.6660171302740702,-1.1442696440096325,-5.0840907576060115,-1.3384288616686828
edf13,19,Punjabi,sentence_audio,active,10467.0,3837.0,239.8125,16.0,890.1625000000003,615.48125,4013.0,3216,5,5684.0,0.8013954647395963,10467.0,3.7425,16.0,139.794375,61.25,1.5286137384159741,exp_images/audio\PUNJABI\tabla.wav,IMG_11_P_ACT,exp_images/images/child_play_tabla.jpg,IMG_11,exp_images/sentences/Tabla.jpg,STIM_11,stimuli_list_subj_1_b.csv,ACT,active,agent_first,agent_overt,0.0,,6011.0,4169.0,189.5,22.0,969.5227272727273,651.6454545454546,4298.0,2604,5,1184.0,0.6058631921824105,6011.0,2.727727272727272,22.0,78.0177272727273,31.54545454545455,3.6599567459657294,participant_image,4456.0,-332.0,50.3125,-6.0,-79.360227272727,-36.164204545454595,-285.0,612,0,4500.0,0.19553227255718586,4456.0,1.014772727272728,-6.0,61.7766477272727,29.70454545454545,-2.1313430075497553,-1.014772727272728,0.0613216928347648,-0.4972332825036117,-1.1588393605357672,0.8727760729565286,-0.7255631360663697,-0.289507602662891
edf13,20,Punjabi,sentence_audio,active,10831.0,3951.0,263.4,15.0,867.2866666666665,520.9933333333332,4106.0,4106,8,5839.0,1.0,10831.0,3.1833333333333327,15.0,185.20333333333335,59.06666666666667,1.3849136737143386,exp_images/audio\PUNJABI\door.wav,IMG_10_P_ACT,exp_images/images/boy_opened_door.jpg,IMG_10,exp_images/sentences/Closed-door.jpg,STIM_10,stimuli_list_subj_1_b.csv,ACT,active,agent_first,agent_overt,0.0,,5965.0,4196.0,246.82352941176467,17.0,1000.3117647058824,511.12941176470594,4357.0,4357,6,973.0,1.0,5965.0,2.8405882352941174,17.0,127.10055555555556,36.0,2.8499580888516345,participant_image,4866.0,-245.0,16.57647058823531,-2.0,-133.0250980392159,9.86392156862729,-251.0,-251,2,4866.0,0.0,4866.0,0.34274509803921527,-2.0,58.10277777777779,23.06666666666667,-1.4650444151372959,-0.34274509803921527,-0.00813151682259969,-0.31125227262401933,-0.24641111513084843,-0.21245488324159922,-0.26628863200778263,-0.2089076839653699
edf13,21,Punjabi,sentence_audio,active,11070.0,4328.0,541.0,8.0,966.025,550.525,4518.0,4518,4,6078.0,1.0,11070.0,2.532222222222222,9.0,135.82555555555555,54.0,0.8130081300813008,exp_images/audio\PUNJABI\bucket.wav,IMG_09_P_ACT,exp_images/images/boy_filled_bucket.jpg,IMG_09,exp_images/sentences/Bucket.jpg,STIM_09,stimuli_list_subj_1_b.csv,ACT,active,agent_first,agent_overt,0.0,,6022.0,4324.0,1441.333333333333,3.0,926.5,489.83333333333326,4893.0,4893,3,1029.0,1.0,6022.0,3.35,3.0,98.99333333333334,33.333333333333336,0.4981733643307871,participant_image,5048.0,4.0,-900.333333333333,5.0,39.52499999999998,60.69166666666672,-375.0,-375,1,5049.0,0.0,5048.0,-0.8177777777777782,6.0,36.832222222222214,20.666666666666664,0.31483476575051367,0.8177777777777782,-1.895796721028577,0.22103820392791737,1.3503383143277592,-0.3683860982689084,0.5268313902261414,-0.033194982163133525
edf13,22,Punjabi,sentence_audio,passive,10676.0,3840.0,240.0,16.0,915.00625,675.4312499999999,4002.0,2882,8,5684.0,0.7201399300349826,10676.0,4.28375,16.0,156.90062500000005,61.875,1.4986886474334955,exp_images/audio\PUNJABI\p_fed.wav,IMG_16_P_PWA,exp_images/images/girl_fed_dog.jpg,IMG_16,exp_images/sentences/Fed-dog-passive.jpg,STIM_34,stimuli_list_subj_1_b.csv,PWA,passive_with_agent,non_agent_first,agent_overt,1.0,0.0,5694.0,3946.0,232.11764705882354,17.0,913.1176470588236,643.5294117647059,4088.0,3142,5,874.0,0.7685909980430529,5694.0,4.377222222222224,18.0,118.88722222222219,51.22222222222222,3.161222339304531,participant_image,4982.0,-106.0,7.882352941176464,-1.0,1.888602941176373,31.901838235294008,-86.0,-260,3,4810.0,-0.04845106800807031,4982.0,-0.09347222222222396,-2.0,38.013402777777856,10.652777777777779,-1.6625336918710356,0.09347222222222396,-0.02603031482152474,-0.014110199368118932,-0.018304053779618773,-0.22377247142906523,0.03182930944254425,-0.05007754599115668
edf13,23,Punjabi,sentence_audio,passive,10992.0,3914.0,260.93333333333334,15.0,773.3533333333331,551.1133333333332,4042.0,3702,6,6000.0,0.9158832261256804,10992.0,7.862000000000001,15.0,158.31,63.33333333333334,1.3646288209606985,exp_images/audio\PUNJABI\p_scooter.wav,IMG_14_P_PWA,exp_images/images/driver_wash_scooter.jpg,IMG_14,exp_images/sentences/Washed-scooter-passive.jpg,STIM_32,stimuli_list_subj_1_b.csv,PWA,passive_with_agent,non_agent_first,agent_overt,1.0,0.0,5687.0,4083.0,194.42857142857144,21.0,990.4190476190477,573.1190476190478,4292.0,3764,5,695.0,0.8769804287045666,5687.0,3.8428571428571434,21.0,98.37238095238096,33.333333333333336,3.692632319324776,participant_image,5305.0,-169.0,66.50476190476189,-6.0,-217.06571428571453,-22.00571428571459,-250.0,-62,1,5305.0,0.0389027974211138,5305.0,4.019142857142858,-6.0,59.93761904761904,30.000000000000007,-2.328003498364078,-4.019142857142858,0.09465710842775106,-0.14878610307403065,-1.1588393605357672,0.02521446869518658,-2.7787980647824924,-0.7933103902538705
edf13,24,Punjabi,sentence_audio,passive,10617.0,3715.0,265.35714285714283,14.0,850.9857142857143,518.0214285714285,3926.0,3926,9,5623.0,1.0,10617.0,4.512857142857143,14.0,162.98285714285714,76.28571428571429,1.318639917114062,exp_images/audio\PUNJABI\p_picture.wav,IMG_07_P_PWA,exp_images/images/artiste_drew_picture.jpg,IMG_07,exp_images/sentences/Painting-passive.jpg,STIM_25,stimuli_list_subj_1_b.csv,PWA,passive_with_agent,non_agent_first,agent_overt,1.0,0.0,5964.0,4224.0,301.7142857142857,14.0,827.5714285714283,483.08571428571435,4457.0,4457,5,971.0,1.0,5964.0,4.36,14.0,99.86857142857141,38.285714285714285,2.3474178403755865,participant_image,4653.0,-509.0,-36.35714285714289,0.0,23.41428571428594,34.93571428571414,-531.0,-531,4,4652.0,0.0,4653.0,0.15285714285714302,0.0,63.11428571428573,38.00000000000001,-1.0287779232615246,-0.15285714285714302,-0.11710727409596969,-0.8756084405345065,0.20980300757161088,-0.5645576268516522,-0.13651614550687138,-0.29679729588347775
edf13,25,Punjabi,sentence_audio,passive_dropped_agent,10808.0,4392.0,366.0,12.0,809.1750000000002,504.60833333333335,4576.0,4240,9,5816.0,0.9265734265734266,10808.0,3.453333333333333,12.0,95.59250000000002,34.666666666666664,1.1102886750555143,exp_images/audio\PUNJABI\p_woa_sapling.wav,IMG_03_P_PNA,exp_images/images/girl_plant_tree.jpg,IMG_03,exp_images/sentences/Sapling-woa.jpg,STIM_39,stimuli_list_subj_1_b.csv,PNA,passive_dropped_agent,non_agent_first,agent_dropped,1.0,1.0,5793.0,4171.0,208.55,20.0,843.95,588.43,4354.0,3080,5,801.0,0.707395498392283,5793.0,3.1985,20.0,86.012,31.9,3.4524426031417232,participant_image,5015.0,221.0,157.45,-8.0,-34.774999999999864,-83.8216666666666,222.0,1160,4,5015.0,0.21917792818114357,5015.0,0.254833333333333,-8.0,9.580500000000015,2.7666666666666657,-2.342153928086209,-0.254833333333333,0.2818883504827152,0.6849218722482799,-1.6150534832382264,1.5618914425933468,-0.20620831628882916,0.14148797315945727
edf13,26,Punjabi,sentence_audio,passive_dropped_agent,10697.0,4069.0,290.64285714285717,14.0,1003.7357142857144,462.59285714285716,4222.0,3861,6,5890.0,0.9144954997631456,10697.0,3.772142857142857,14.0,120.41,55.0,1.3087781621015242,exp_images/audio\PUNJABI\p_woa_frisbee.wav,IMG_12_P_PNA,exp_images/images/child_throw_frisbee.jpg,IMG_12,exp_images/sentences/Frisbee-woa.jpg,STIM_48,stimuli_list_subj_1_b.csv,PNA,passive_dropped_agent,non_agent_first,agent_dropped,1.0,1.0,5653.0,4121.0,242.41176470588238,17.0,1039.3470588235298,546.135294117647,4344.0,3221,7,922.0,0.7414825046040515,5653.0,4.293529411764705,17.0,98.38470588235296,38.117647058823536,3.007252786131258,participant_image,5044.0,-52.0,48.23109243697479,-3.0,-35.6113445378154,-83.5424369747899,-122.0,640,-1,4968.0,0.17301299515909407,5044.0,-0.5213865546218486,-3.0,22.025294117647036,16.882352941176464,-1.698474624029734,0.5213865546218486,0.05703664689492454,0.10132628952266254,-0.4745181764820781,0.9079863473175339,0.3242728552779338,0.18322079250619533
edf13,27,Punjabi,sentence_audio,passive_dropped_agent,11061.0,3791.0,252.7333333333333,15.0,820.64,445.9266666666666,4026.0,4026,6,6069.0,1.0,11061.0,2.28,15.0,142.79199999999997,64.4,1.3561160835367507,exp_images/audio\PUNJABI\p_woa_vase.wav,IMG_08_P_PNA,exp_images/images/boy_broke_vase.jpg,IMG_08,exp_images/sentences/Vase-woa.jpg,STIM_44,stimuli_list_subj_1_b.csv,PNA,passive_dropped_agent,non_agent_first,agent_dropped,1.0,1.0,5895.0,4363.0,207.76190476190484,21.0,887.0619047619049,512.5571428571427,4423.0,4081,5,902.0,0.9226769161202804,5895.0,2.0166666666666666,21.0,67.5352380952381,27.142857142857146,3.5623409669211203,participant_image,5166.0,-572.0,44.97142857142845,-6.0,-66.4219047619049,-66.63047619047609,-397.0,-55,1,5167.0,0.07732308387971965,5166.0,0.2633333333333332,-6.0,75.25676190476187,37.25714285714286,-2.20622488338437,-0.2633333333333332,0.050325895161130535,-1.0102843442404181,-1.1588393605357672,0.0340170372854379,-0.21201735317165885,-0.4593596251002552
edf13,28,English,sentence_audio,active,11192.0,3484.0,232.26666666666668,15.0,941.8333333333336,448.52,3831.0,3699,7,6199.0,0.9655442443226312,11192.0,4.160666666666667,15.0,174.9226666666667,77.46666666666667,1.34024303073624,exp_images/audio\ENGLISH\box.wav,IMG_05_E_ACT,exp_images/images/man_pushed_box.jpg,IMG_05,exp_images/sentences/active_man_box.jpg,STIM_59,stimuli_list_subj_1_b.csv,ACT,active,agent_first,agent_overt,0.0,,6021.0,3963.0,220.16666666666663,18.0,1039.4444444444443,456.14999999999986,4179.0,3755,7,1028.0,0.8985403206508734,6021.0,3.565555555555555,18.0,116.28388888888891,45.22222222222222,2.989536621823617,participant_image,5171.0,-479.0,12.100000000000051,-3.0,-97.61111111111074,-7.629999999999882,-348.0,-56,0,5171.0,0.06700392367175778,5171.0,0.5951111111111116,-3.0,58.638777777777776,32.24444444444445,-1.6492935910873767,-0.5951111111111116,-0.017347339066971692,-0.8114770578174056,-0.4745181764820781,0.03275952748683057,-0.4387596294086408,-0.34186853505765313
edf13,29,English,sentence_audio,active,10368.0,4690.0,1172.5,4.0,810.8,532.725,4868.0,3062,3,5376.0,0.6290057518488086,10368.0,2.825,4.0,87.82249999999998,31.0,0.3858024691358025,exp_images/audio\ENGLISH\shrub.wav,IMG_04_E_ACT,exp_images/images/man_cut_shrub.jpg,IMG_04,exp_images/sentences/active_man_shrub.jpg,STIM_58,stimuli_list_subj_1_b.csv,ACT,active,agent_first,agent_overt,0.0,,5997.0,3782.0,236.375,16.0,959.38125,538.74375,4043.0,4043,4,1005.0,1.0,5997.0,3.810000000000001,17.0,156.23294117647058,56.941176470588225,2.8347507086876766,participant_image,4371.0,908.0,936.125,-12.0,-148.58125000000007,-6.0187499999999545,825.0,-981,-1,4371.0,-0.3709942481511914,4371.0,-0.9850000000000008,-13.0,-68.4104411764706,-25.941176470588225,-2.448948239551874,0.9850000000000008,1.8849660977142428,2.1535305364698885,-2.5274817286431452,-1.1304370362249518,0.6411137498164489,0.20433832382649664
edf13,30,English,sentence_audio,active,10505.0,3273.0,204.5625,16.0,1089.4,470.84375000000006,4147.0,4147,4,5512.0,1.0,10505.0,2.47625,16.0,97.1025,52.875,1.5230842455973346,exp_images/audio\ENGLISH\window.wav,IMG_02_E_ACT,exp_images/images/girl_opened_window.jpg,IMG_02,exp_images/sentences/active_girl_window.jpg,STIM_56,stimuli_list_subj_1_b.csv,ACT,active,agent_first,agent_overt,0.0,,5668.0,4132.0,196.76190476190484,21.0,1081.9809523809522,495.23333333333335,4314.0,4070,5,880.0,0.9434399629114508,5668.0,3.0576190476190472,21.0,82.49380952380953,32.285714285714285,3.7050105857445312,participant_image,4837.0,-859.0,7.8005952380951555,-5.0,7.419047619047888,-24.38958333333329,-167.0,77,-1,4632.0,0.056560037088549175,4837.0,-0.5813690476190474,-5.0,14.608690476190475,20.589285714285715,-2.1819263401471964,0.5813690476190474,-0.026198631454875505,-1.6238079055673493,-0.9307322991845375,0.20000833070160579,0.3652658569420273,-0.40309292971262584
edf13,31,English,sentence_audio,passive,10597.0,4607.0,658.1428571428571,7.0,1082.3714285714286,722.0,4769.0,4769,4,5604.0,1.0,10597.0,3.028571428571428,7.0,89.79428571428572,32.0,0.6605643106539587,exp_images/audio\ENGLISH\p_dug.wav,IMG_13_E_PWA,exp_images/images/dog_dug_hole.jpg,IMG_13,exp_images/sentences/passive_dog_hole.jpg,STIM_85,stimuli_list_subj_1_b.csv,PWA,passive_with_agent,non_agent_first,agent_overt,1.0,0.0,5793.0,4278.0,213.9,20.0,938.555,711.9850000000001,4351.0,3375,6,801.0,0.7756837508618708,5793.0,3.0728571428571434,21.0,89.24428571428572,31.42857142857143,3.6250647332988084,participant_image,4804.0,329.0,444.24285714285713,-13.0,143.81642857142867,10.014999999999873,418.0,1394,-2,4803.0,0.2243162491381292,4804.0,-0.04428571428571537,-14.0,0.5499999999999972,0.5714285714285694,-2.96450042264485,0.04428571428571537,0.8723159966132121,0.9157948500298428,-2.7555887899943747,1.8561487354674624,-0.001785542174016648,0.17737704998842518
edf13,32,English,sentence_audio,passive,10267.0,4015.0,250.9375,16.0,965.4562499999997,621.88125,4185.0,3493,6,5484.0,0.8346475507765829,10267.0,2.4,16.0,84.101875,50.5,1.5583909613324245,exp_images/audio\ENGLISH\p_veg.wav,IMG_18_E_PWA,exp_images/images/boy_cut_vegetables.jpg,IMG_18,exp_images/sentences/passive_boy_vegetables.jpg,STIM_90,stimuli_list_subj_1_b.csv,PWA,passive_with_agent,non_agent_first,agent_overt,1.0,0.0,5764.0,4200.0,233.33333333333331,18.0,982.7722222222225,709.8833333333334,4479.0,4479,4,771.0,1.0,5764.0,2.612222222222222,18.0,74.35222222222222,28.555555555555557,3.1228313671061763,participant_image,4503.0,-185.0,17.604166666666686,-2.0,-17.31597222222274,-88.00208333333342,-294.0,-986,2,4713.0,-0.16535244922341708,4503.0,-0.2122222222222221,-2.0,9.749652777777783,21.944444444444443,-1.5644404057737518,0.2122222222222221,-0.0060157731371719494,-0.18298950718981774,-0.24641111513084843,-1.1367245852179884,0.11298497177619136,-0.29183120177992705
edf13,35,English,sentence_audio,passive_dropped_agent,11040.0,3740.0,311.6666666666667,12.0,961.7166666666667,469.6583333333333,3954.0,3954,3,6048.0,1.0,11040.0,2.3969230769230774,13.0,202.24461538461537,80.76923076923076,1.1775362318840579,exp_images/audio\ENGLISH\p_woa_letter.wav,IMG_17_E_PNA,exp_images/images/women_read_letter.jpg,IMG_17,exp_images/sentences/noagent_women_letter.jpg,STIM_107,stimuli_list_subj_1_b.csv,PNA,passive_dropped_agent,non_agent_first,agent_dropped,1.0,1.0,5856.0,3568.0,237.86666666666667,15.0,988.3533333333332,653.3266666666666,4016.0,3760,4,864.0,0.9362549800796812,5856.0,4.4575,16.0,146.51625,62.125,2.7322404371584703,participant_image,5184.0,172.0,73.80000000000001,-3.0,-26.636666666666542,-183.6683333333333,-62.0,194,-1,5184.0,0.06374501992031878,5184.0,-2.060576923076922,-3.0,55.72836538461536,18.64423076923076,-1.5547042052744124,2.060576923076922,0.10967599801741548,0.580173947143682,-0.4745181764820781,0.3471369771386637,1.3761803399898818,0.387729817161513
edf13,36,English,sentence_audio,passive_dropped_agent,10212.0,3902.0,216.77777777777774,18.0,960.7722222222225,455.10555555555567,4062.0,3884,7,5220.0,0.9561792220580996,10212.0,2.6766666666666663,18.0,141.21500000000003,51.66666666666666,1.7626321974148065,exp_images/audio\ENGLISH\p_woa_lamp.wav,IMG_01_E_PNA,exp_images/images/girl_lighted_lamp.jpg,IMG_01,exp_images/sentences/noagent_girl_lamp.jpg,STIM_91,stimuli_list_subj_1_b.csv,PNA,passive_dropped_agent,non_agent_first,agent_dropped,1.0,1.0,6102.0,4136.0,217.68421052631575,19.0,907.7631578947368,560.0684210526316,4332.0,3736,6,1110.0,0.8624192059095106,6102.0,3.4957894736842103,19.0,91.09736842105262,34.736842105263165,3.1137332022287767,participant_image,4110.0,-234.0,-0.906432748538009,-1.0,53.0090643274857,-104.96286549707594,-270.0,148,1,4110.0,0.09376001614858898,4110.0,-0.819122807017544,-1.0,50.11763157894741,16.929824561403493,-1.3511010048139702,0.819122807017544,-0.04412400829359995,-0.28773743229441573,-0.018304053779618773,0.2892915264027264,0.5277506048687631,0.093375327380771
edf14,19,Punjabi,sentence_audio,passive,10919.0,4213.0,324.07692307692315,13.0,878.1923076923074,540.1076923076922,4443.0,3697,3,6186.0,0.8320954310150799,10919.0,2.4284615384615384,13.0,96.39692307692309,42.307692307692314,1.1905852184265957,exp_images/audio\PUNJABI\p_tabla.wav,IMG_11_P_PWA,exp_images/images/child_play_tabla.jpg,IMG_11,exp_images/sentences/Tabla-passive.jpg,STIM_29,stimuli_list_subj_2_b.csv,PWA,passive_with_agent,non_agent_first,agent_overt,1.0,0.0,5681.0,4251.0,236.16666666666663,18.0,1013.9055555555556,655.3888888888891,4434.0,1817,4,908.0,0.40978800180424,5681.0,2.7244444444444436,18.0,82.81555555555556,31.0,3.168456257701109,participant_image,5238.0,-38.0,87.91025641025652,-5.0,-135.71324786324817,-115.28119658119692,9.0,1880,-1,5278.0,0.42230742921083986,5238.0,-0.2959829059829051,-5.0,13.581367521367525,11.307692307692314,-1.9778710392745131,0.2959829059829051,0.13872513669403055,0.13125426812397625,-0.9307322991845375,2.467298497590626,0.17022837192875975,0.395354795030571
edf14,20,Punjabi,sentence_audio,passive,11020.0,4292.0,306.57142857142856,14.0,876.9857142857144,598.8642857142856,4322.0,4322,6,6028.0,1.0,11020.0,2.8678571428571433,14.0,101.72785714285715,47.85714285714285,1.2704174228675136,exp_images/audio\PUNJABI\p_door.wav,IMG_10_P_PWA,exp_images/images/boy_opened_door.jpg,IMG_10,exp_images/sentences/Closed-door-passive.jpg,STIM_28,stimuli_list_subj_2_b.csv,PWA,passive_with_agent,non_agent_first,agent_overt,1.0,0.0,5907.0,4279.0,305.64285714285717,14.0,913.7357142857144,536.2785714285715,4423.0,4423,8,914.0,1.0,5907.0,2.4121428571428574,14.0,97.36142857142856,40.714285714285715,2.3700694091755543,participant_image,5113.0,13.0,0.928571428571388,0.0,-36.75,62.585714285714175,-101.0,-101,-2,5114.0,0.0,5113.0,0.45571428571428596,0.0,4.366428571428585,7.142857142857132,-1.0996519863080407,-0.45571428571428596,-0.0403462391827373,0.24027761874304762,0.20980300757161088,-0.023828413450499384,-0.3434935941051686,0.008482475915250642
edf14,21,Punjabi,sentence_audio,passive,10422.0,4376.0,312.57142857142856,14.0,906.4142857142856,534.1928571428572,4631.0,4631,4,5429.0,1.0,10422.0,1.7292857142857143,14.0,63.32785714285714,25.857142857142854,1.3433122241412396,exp_images/audio\PUNJABI\p_bucket.wav,IMG_09_P_PWA,exp_images/images/boy_filled_bucket.jpg,IMG_09,exp_images/sentences/Bucket-passive.jpg,STIM_27,stimuli_list_subj_2_b.csv,PWA,passive_with_agent,non_agent_first,agent_overt,1.0,0.0,5662.0,4418.0,315.57142857142856,14.0,975.3357142857144,545.2214285714286,4651.0,4651,2,669.0,1.0,5662.0,1.5764285714285715,14.0,61.79214285714285,24.42857142857143,2.472624514305899,participant_image,4760.0,-42.0,-3.0,0.0,-68.9214285714288,-11.028571428571468,-20.0,-20,2,4760.0,0.0,4760.0,0.1528571428571428,0.0,1.5357142857142918,1.4285714285714235,-1.1293122901646593,-0.1528571428571428,-0.048434087688920706,0.12270341709502947,0.20980300757161088,0.07802988023669453,-0.13651614550687122,0.04511721434150859
edf14,22,Punjabi,sentence_audio,passive_dropped_agent,11037.0,4193.0,381.1818181818182,11.0,1010.2,755.3272727272728,4404.0,2579,3,6286.0,0.5856039963669392,11037.0,2.7890909090909095,11.0,90.3190909090909,53.45454545454545,0.9966476397571804,exp_images/audio\PUNJABI\p_woa_fed.wav,IMG_16_P_PNA,exp_images/images/girl_fed_dog.jpg,IMG_16,exp_images/sentences/Fed-dog-woa.jpg,STIM_52,stimuli_list_subj_2_b.csv,PNA,passive_dropped_agent,non_agent_first,agent_dropped,1.0,1.0,5939.0,4185.0,279.0,15.0,921.4066666666668,698.4200000000002,4344.0,2726,7,947.0,0.6275322283609577,5939.0,3.2160000000000006,15.0,107.47866666666668,43.2,2.5256777235224783,participant_image,5098.0,8.0,102.18181818181819,-4.0,88.7933333333333,56.907272727272584,60.0,-147,-4,5339.0,-0.04192823199401852,5098.0,-0.4269090909090911,-4.0,-17.15957575757578,10.25454545454545,-1.529030083765298,0.4269090909090911,0.16810635876258376,0.22958905495686416,-0.7026252378333078,-0.08167386418643667,0.2597054351245691,-0.025379650635145478
edf14,23,Punjabi,sentence_audio,passive_dropped_agent,10334.0,4064.0,270.93333333333334,15.0,1053.313333333333,586.3666666666667,4350.0,4132,2,5342.0,0.9498850574712644,10334.0,3.068666666666666,15.0,106.552,42.8,1.451519256822141,exp_images/audio\PUNJABI\p_woa_scooter.wav,IMG_14_P_PNA,exp_images/images/driver_wash_scooter.jpg,IMG_14,exp_images/sentences/Washed-scooter-woa.jpg,STIM_50,stimuli_list_subj_2_b.csv,PNA,passive_dropped_agent,non_agent_first,agent_dropped,1.0,1.0,5666.0,4020.0,251.25,16.0,946.7999999999997,590.375,4066.0,3750,3,674.0,0.9222823413674373,5666.0,4.19,16.0,129.27125,57.875,2.823861630780092,participant_image,4668.0,44.0,19.683333333333337,-1.0,106.51333333333332,-4.008333333333326,284.0,382,-1,4668.0,0.02760271610382714,4668.0,-1.1213333333333342,-1.0,-22.719250000000002,-15.075000000000003,-1.3723423739579512,1.1213333333333342,-0.0017353405868539603,0.30654671421738516,-0.018304053779618773,0.5835488192768422,0.7342861453096762,0.32086845688748616
edf14,24,Punjabi,sentence_audio,passive_dropped_agent,10313.0,4306.0,358.83333333333326,12.0,922.2083333333335,499.0,4519.0,3895,3,5321.0,0.8619163531754813,10313.0,2.5933333333333333,12.0,95.33230769230772,37.384615384615394,1.1635799476389024,exp_images/audio\PUNJABI\p_woa_picture.wav,IMG_07_P_PNA,exp_images/images/artiste_drew_picture.jpg,IMG_07,exp_images/sentences/Painting-woa.jpg,STIM_43,stimuli_list_subj_2_b.csv,PNA,passive_dropped_agent,non_agent_first,agent_dropped,1.0,1.0,5879.0,4236.0,353.0,12.0,966.7166666666666,488.78333333333336,4448.0,3962,3,886.0,0.8907374100719424,5879.0,2.7123076923076925,13.0,106.76230769230772,43.230769230769226,2.2112604184385103,participant_image,4434.0,70.0,5.8333333333332575,0.0,-44.5083333333331,10.21666666666664,71.0,-67,0,4435.0,-0.028821056896461084,4434.0,-0.11897435897435926,-1.0,-11.429999999999993,-5.8461538461538325,-1.047680470799608,0.11897435897435926,-0.03024868286592647,0.3621272459055392,0.20980300757161088,0.018926919702149915,0.049257880381852186,0.12197327413904513
edf14,25,English,sentence_audio,active,10953.0,4171.0,347.58333333333326,12.0,804.1666666666665,603.5916666666667,4443.0,4169,4,5960.0,0.9383299572361016,10953.0,2.9525,12.0,92.45916666666666,45.83333333333334,1.0955902492467815,exp_images/audio\ENGLISH\sapling.wav,IMG_03_E_ACT,exp_images/images/girl_plant_tree.jpg,IMG_03,exp_images/sentences/active_girl_sapling.jpg,STIM_57,stimuli_list_subj_2_b.csv,ACT,active,agent_first,agent_overt,0.0,,5851.0,4329.0,309.2142857142857,14.0,896.3785714285713,676.9142857142857,4562.0,2526,5,859.0,0.5537045155633494,5851.0,2.938571428571428,14.0,87.4492857142857,30.714285714285715,2.392753375491369,participant_image,5102.0,-158.0,38.369047619047535,-2.0,-92.21190476190475,-73.32261904761901,-119.0,1643,-1,5101.0,0.38462544167275214,5102.0,0.013928571428571956,-2.0,5.009880952380968,15.119047619047628,-1.2971631262445875,-0.013928571428571956,0.03673340794437497,-0.12527126274442701,-0.24641111513084843,2.1692686753206885,-0.041570122506001776,0.3585499165767573
edf14,26,English,sentence_audio,active,10395.0,4477.0,407.0,11.0,975.5545454545453,378.19090909090914,4672.0,4313,4,5628.0,0.9231592465753424,10395.0,2.6236363636363635,11.0,80.54909090909089,29.09090909090909,1.058201058201058,exp_images/audio\ENGLISH\frisbee.wav,IMG_12_E_ACT,exp_images/images/child_throw_frisbee.jpg,IMG_12,exp_images/sentences/active_child_frisbee.jpg,STIM_66,stimuli_list_subj_2_b.csv,ACT,active,agent_first,agent_overt,0.0,,5948.0,4274.0,284.93333333333334,15.0,1051.0533333333335,549.2600000000001,4470.0,2638,3,1216.0,0.5901565995525727,5948.0,3.361333333333333,15.0,93.076,34.8,2.5218560860793544,participant_image,4447.0,203.0,122.06666666666666,-4.0,-75.49878787878822,-171.06909090909096,202.0,1675,1,4412.0,0.3330026470227697,4447.0,-0.7376969696969695,-4.0,-12.5269090909091,-5.709090909090907,-1.4636550278782965,0.7376969696969695,0.20904379493702258,0.6464430426180194,-0.7026252378333078,2.209508988876123,0.4721028763734104,0.5668946929942534
edf14,27,English,sentence_audio,active,10267.0,4194.0,233.0,18.0,869.7055555555555,548.561111111111,4373.0,3777,6,5275.0,0.8637091241710496,10267.0,2.205263157894737,19.0,83.18473684210528,33.57894736842105,1.8505892665822536,exp_images/audio\ENGLISH\vase.wav,IMG_08_E_ACT,exp_images/images/boy_broke_vase.jpg,IMG_08,exp_images/sentences/active_boy_vase.jpg,STIM_62,stimuli_list_subj_2_b.csv,ACT,active,agent_first,agent_overt,0.0,,6001.0,4443.0,317.35714285714283,14.0,926.9214285714287,554.2642857142856,4644.0,4644,3,1009.0,1.0,6001.0,1.6200000000000003,14.0,61.25142857142857,24.857142857142854,2.3329445092484584,participant_image,4266.0,-249.0,-84.35714285714283,4.0,-57.21587301587317,-5.7031746031746025,-271.0,-867,3,4266.0,-0.1362908758289504,4266.0,0.5852631578947365,5.0,21.93330827067671,8.721804511278194,-0.4823552426662048,-0.5852631578947365,-0.2159260776624297,-0.3198031236529661,1.1222312529765295,-0.9870809191837159,-0.43202937959048754,-0.16652164942261397
edf14,28,English,sentence_audio,passive,10589.0,4125.0,275.0,15.0,964.2666666666668,548.8333333333334,4334.0,2965,5,5597.0,0.6841255191508998,10589.0,3.532,15.0,106.884,43.86666666666667,1.4165643592407215,exp_images/audio\ENGLISH\p_box.wav,IMG_05_E_PWA,exp_images/images/man_pushed_box.jpg,IMG_05,exp_images/sentences/passive_man_box.jpg,STIM_77,stimuli_list_subj_2_b.csv,PWA,passive_with_agent,non_agent_first,agent_overt,1.0,0.0,6066.0,4126.0,275.06666666666666,15.0,1009.6666666666667,446.31333333333333,4286.0,4286,6,1074.0,1.0,6066.0,3.265333333333333,15.0,111.714,47.06666666666667,2.4727992087042527,participant_image,4523.0,-1.0,-0.06666666666666288,0.0,-45.39999999999998,102.52000000000004,48.0,-1321,-1,4523.0,-0.3158744808491002,4523.0,0.26666666666666705,0.0,-4.829999999999998,-3.200000000000003,-1.0562348494635312,-0.26666666666666705,-0.042395160804303694,0.2103496401417339,0.20980300757161088,-1.5579903677514448,-0.21429540685120022,-0.27890565753872076
edf14,29,English,sentence_audio,passive,10504.0,4502.0,409.27272727272725,11.0,836.1909090909091,575.2363636363636,4654.0,3710,5,5512.0,0.7971637301246239,10504.0,2.8536363636363635,11.0,86.11636363636362,30.72727272727273,1.0472201066260474,exp_images/audio\ENGLISH\p_shrub.wav,IMG_04_E_PWA,exp_images/images/man_cut_shrub.jpg,IMG_04,exp_images/sentences/passive_man_shrub.jpg,STIM_76,stimuli_list_subj_2_b.csv,PWA,passive_with_agent,non_agent_first,agent_overt,1.0,0.0,6024.0,4402.0,366.83333333333326,12.0,897.0083333333333,586.0333333333333,4621.0,4621,3,1031.0,1.0,6024.0,2.664166666666666,12.0,82.79166666666667,31.0,1.99203187250996,participant_image,4480.0,100.0,42.439393939393995,-1.0,-60.81742424242418,-10.796969696969654,33.0,-911,2,4481.0,-0.20283626987537606,4480.0,0.1894696969696974,-1.0,3.3246969696969444,-0.2727272727272698,-0.9448117658839126,-0.1894696969696974,0.04511313197516206,0.42625862862264,-0.018304053779618773,-1.0424113503224386,-0.16153775459092098,-0.15017627961903526
edf14,30,English,sentence_audio,passive,10253.0,4511.0,375.91666666666674,12.0,919.4833333333332,460.54166666666663,4663.0,4663,3,5260.0,1.0,10253.0,2.3800000000000003,12.0,79.36333333333334,27.5,1.1703891543938358,exp_images/audio\ENGLISH\p_window.wav,IMG_02_E_PWA,exp_images/images/girl_opened_window.jpg,IMG_02,exp_images/sentences/passive_girl_window.jpg,STIM_74,stimuli_list_subj_2_b.csv,PWA,passive_with_agent,non_agent_first,agent_overt,1.0,0.0,6112.0,4136.0,258.5,16.0,1001.15625,500.24375,4266.0,3928,5,1556.0,0.9207688701359588,6112.0,4.144705882352942,17.0,109.97058823529413,43.88235294117647,2.7814136125654447,participant_image,4141.0,375.0,117.41666666666674,-4.0,-81.67291666666677,-39.70208333333335,397.0,735,-2,3704.0,0.07923112986404124,4141.0,-1.7647058823529416,-5.0,-30.607254901960786,-16.38235294117647,-1.6110244581716089,1.7647058823529416,0.1994707233415219,1.0141296368627308,-0.7026252378333078,1.0274497781852305,1.1739773060926142,0.5424804413297579
edf14,31,English,sentence_audio,passive_dropped_agent,10341.0,3989.0,265.93333333333334,15.0,958.8533333333335,705.5533333333334,4350.0,3615,6,5349.0,0.8310344827586207,10341.0,2.72,15.0,97.51866666666666,42.8,1.4505366985784742,exp_images/audio\ENGLISH\p_woa_dug.wav,IMG_13_E_PNA,exp_images/images/dog_dug_hole.jpg,IMG_13,exp_images/sentences/noagent_dog_hole.jpg,STIM_103,stimuli_list_subj_2_b.csv,PNA,passive_dropped_agent,non_agent_first,agent_dropped,1.0,1.0,5781.0,4103.0,227.94444444444446,18.0,900.811111111111,735.0166666666668,4259.0,3119,6,788.0,0.7323315332237614,5781.0,3.3272222222222223,18.0,107.24388888888892,40.77777777777778,3.1136481577581736,participant_image,4560.0,-114.0,37.98888888888888,-3.0,58.04222222222245,-29.463333333333367,91.0,496,0,4561.0,0.09870294953485925,4560.0,-0.6072222222222221,-3.0,-9.725222222222257,2.0222222222222186,-1.6631114591796994,0.6072222222222221,0.03595076563438283,-0.031211901426012482,-0.4745181764820781,0.7269049363180781,0.3829343328018008,0.12801199136923422
edf14,32,English,sentence_audio,passive_dropped_agent,10222.0,4276.0,475.11111111111114,9.0,942.8777777777775,742.9555555555555,4529.0,4285,3,5229.0,0.9461249724000884,10222.0,2.683333333333333,9.0,84.84111111111113,51.555555555555564,0.8804539229113677,exp_images/audio\ENGLISH\p_woa_veg.wav,IMG_18_E_PNA,exp_images/images/boy_cut_vegetables.jpg,IMG_18,exp_images/sentences/noagent_boy_vegetables.jpg,STIM_108,stimuli_list_subj_2_b.csv,PNA,passive_dropped_agent,non_agent_first,agent_dropped,1.0,1.0,5889.0,4161.0,260.0625,16.0,956.2375,754.41875,4302.0,4048,5,897.0,0.9409576940957696,5889.0,2.51375,16.0,92.0175,43.125,2.71692986924775,participant_image,4333.0,115.0,215.04861111111114,-7.0,-13.359722222222445,-11.463194444444525,227.0,237,-2,4332.0,0.005167278304318845,4333.0,0.1695833333333332,-7.0,-7.176388888888866,8.430555555555564,-1.8364759463363824,-0.1695833333333332,0.4004680554220864,0.45832431998119044,-1.3869464218869967,0.40120989847877897,-0.147947093434568,-0.054978248287901765
edf14,33,English,sentence_audio,passive_dropped_agent,10566.0,4316.0,431.6,10.0,888.7700000000002,454.98,4540.0,3892,2,5830.0,0.8572687224669604,10566.0,2.048,10.0,83.885,45.2,0.9464319515426841,exp_images/audio\ENGLISH\p_woa_cake.wav,IMG_15_E_PNA,exp_images/images/girl_baked_cake.jpg,IMG_15,exp_images/sentences/noagent_girl_cake.jpg,STIM_105,stimuli_list_subj_2_b.csv,PNA,passive_dropped_agent,non_agent_first,agent_dropped,1.0,1.0,5655.0,4507.0,346.6923076923077,13.0,927.3076923076923,531.9076923076923,4645.0,3847,5,662.0,0.8282023681377826,5655.0,1.93,13.0,68.21846153846153,26.76923076923077,2.2988505747126435,participant_image,4911.0,-191.0,84.90769230769234,-3.0,-38.537692307692055,-76.92769230769227,-105.0,45,-3,5168.0,0.029066354329177813,4911.0,0.1180000000000001,-3.0,15.66653846153848,18.430769230769233,-1.3524186231699593,-0.1180000000000001,0.13254368268888483,-0.1958157837332379,-0.4745181764820781,0.15976801714617114,-0.11269421274367108,-0.09814329462478621
edf14,34,Punjabi,sentence_audio,active,10606.0,4206.0,300.42857142857144,14.0,945.2857142857144,566.3,4275.0,4275,5,5613.0,1.0,10606.0,2.176428571428571,14.0,94.93785714285715,51.28571428571429,1.3200075429002451,exp_images/audio\PUNJABI\clothes.wav,IMG_06_P_ACT,exp_images/images/women_fold_clothes.jpg,IMG_06,exp_images/sentences/Folded-clothes.jpg,STIM_06,stimuli_list_subj_2_b.csv,ACT,active,agent_first,agent_overt,0.0,,5672.0,3966.0,283.2857142857143,14.0,982.9071428571428,451.4,4237.0,4237,4,679.0,1.0,5672.0,2.261428571428572,14.0,108.76142857142857,54.0,2.4682651622002822,participant_image,4934.0,240.0,17.142857142857167,0.0,-37.621428571428396,114.89999999999998,38.0,38,1,4934.0,0.0,4934.0,-0.08500000000000085,0.0,-13.823571428571412,-2.714285714285708,-1.1482576193000371,0.08500000000000085,-0.006965482620852575,0.7255384146357772,0.20980300757161088,0.1509654485559198,0.026039256340376925,0.22107612889656642
edf14,35,Punjabi,sentence_audio,active,10197.0,4217.0,351.41666666666674,12.0,976.5333333333334,532.95,4580.0,4000,8,5205.0,0.8733624454148472,10197.0,3.1766666666666663,12.0,88.62333333333332,34.333333333333336,1.176816710797293,exp_images/audio\PUNJABI\letter.wav,IMG_17_P_ACT,exp_images/images/women_read_letter.jpg,IMG_17,exp_images/sentences/Letter.jpg,STIM_17,stimuli_list_subj_2_b.csv,ACT,active,agent_first,agent_overt,0.0,,5860.0,4194.0,349.5,12.0,982.3166666666666,623.6166666666667,4430.0,3942,3,1134.0,0.8898419864559819,5860.0,3.771666666666667,12.0,113.35833333333336,46.83333333333334,2.04778156996587,participant_image,4337.0,23.0,1.9166666666667425,0.0,-5.783333333333189,-90.66666666666663,150.0,58,5,4071.0,-0.016479541041134693,4337.0,-0.5950000000000006,0.0,-24.735000000000042,-12.500000000000007,-0.870964859168577,0.5950000000000006,-0.038312022740272726,0.2616547463154146,0.20980300757161088,0.17611564452806647,0.37458146931015096,0.19676856899699402
edf14,36,Punjabi,sentence_audio,active,10254.0,4112.0,241.88235294117646,17.0,984.1470588235294,534.0,4296.0,3982,7,5262.0,0.9269087523277468,10254.0,3.3677777777777766,18.0,90.41666666666669,39.66666666666666,1.7554125219426566,exp_images/audio\PUNJABI\lamp.wav,IMG_01_P_ACT,exp_images/images/girl_lighted_lamp.jpg,IMG_01,exp_images/sentences/Lamp.jpg,STIM_01,stimuli_list_subj_2_b.csv,ACT,active,agent_first,agent_overt,0.0,,5720.0,4180.0,232.22222222222226,18.0,936.6333333333334,563.5111111111112,4396.0,4396,4,728.0,1.0,5720.0,3.2216666666666662,18.0,89.55777777777777,33.111111111111114,3.146853146853147,participant_image,4534.0,-68.0,9.660130718954207,-1.0,47.51372549019595,-29.511111111111177,-100.0,-414,3,4534.0,-0.07309124767225317,4534.0,0.14611111111111041,0.0,0.858888888888913,6.555555555555543,-1.3914406249104905,-0.14611111111111041,-0.02237035913387814,0.06712288540687543,-0.018304053779618773,-0.41742898041459436,-0.13190579877446637,-0.10457726133913645
edf15,19,Punjabi,sentence_audio,passive_dropped_agent,11052.0,4272.0,251.29411764705884,17.0,915.6529411764707,508.67058823529413,4438.0,3496,8,6256.0,0.7877422262280307,11052.0,3.0147058823529416,17.0,86.78941176470586,32.588235294117645,1.5381831342743395,exp_images/audio\PUNJABI\p_woa_tabla.wav,IMG_11_P_PNA,exp_images/images/child_play_tabla.jpg,IMG_11,exp_images/sentences/Tabla-woa.jpg,STIM_47,stimuli_list_subj_3_b.csv,PNA,passive_dropped_agent,non_agent_first,agent_dropped,1.0,1.0,5697.0,4015.0,191.19047619047618,21.0,999.0904761904762,529.2666666666668,4236.0,2267,4,954.0,0.5351746931067044,5697.0,2.8790476190476197,21.0,87.71571428571428,36.0,3.686150605581885,participant_image,5355.0,257.0,60.103641456582665,-4.0,-83.43753501400556,-20.596078431372632,202.0,1229,4,5302.0,0.2525675331213263,5355.0,0.13565826330532182,-4.0,-0.9263025210084237,-3.411764705882355,-2.1479674713075454,-0.13565826330532182,0.08147896125746203,0.761879531508801,-0.7026252378333078,1.6486596186972526,-0.12476215425276871,0.33292614387548786
edf15,20,Punjabi,sentence_audio,passive_dropped_agent,10473.0,4409.0,400.8181818181818,11.0,941.2909090909088,434.19090909090914,4650.0,4650,9,5481.0,1.0,10473.0,1.81,11.0,80.23727272727272,31.09090909090909,1.0503198701422705,exp_images/audio\PUNJABI\p_woa_door.wav,IMG_10_P_PNA,exp_images/images/boy_opened_door.jpg,IMG_10,exp_images/sentences/Closed-door-woa.jpg,STIM_46,stimuli_list_subj_3_b.csv,PNA,passive_dropped_agent,non_agent_first,agent_dropped,1.0,1.0,5790.0,4116.0,242.11764705882354,17.0,950.9647058823531,357.6058823529412,4279.0,4279,12,797.0,1.0,5790.0,1.95,18.0,121.92166666666668,40.333333333333336,3.1088082901554404,participant_image,4683.0,293.0,158.70053475935828,-6.0,-9.67379679144426,76.58502673796795,371.0,371,-3,4684.0,0.0,4683.0,-0.1399999999999999,-7.0,-41.684393939393956,-9.242424242424246,-2.0584884200131697,0.1399999999999999,0.2844628577480914,0.838837190769322,-1.1588393605357672,0.5697162114921616,0.0636271420528029,0.11956080830532212
edf15,21,Punjabi,sentence_audio,passive_dropped_agent,11112.0,4112.0,228.44444444444446,18.0,966.9888888888887,464.22777777777776,4522.0,4390,8,6120.0,0.9708093763821318,11112.0,1.7988888888888892,18.0,61.25277777777779,26.11111111111111,1.6198704103671706,exp_images/audio\PUNJABI\p_woa_tub.wav,IMG_09_P_PNA,exp_images/images/boy_filled_bucket.jpg,IMG_09,exp_images/sentences/Bucket-woa.jpg,STIM_45,stimuli_list_subj_3_b.csv,PNA,passive_dropped_agent,non_agent_first,agent_dropped,1.0,1.0,5786.0,4258.0,354.83333333333326,12.0,954.6916666666667,418.14999999999986,4546.0,4546,7,794.0,1.0,5786.0,2.099166666666666,12.0,104.2675,37.16666666666666,2.073971655720705,participant_image,5326.0,-146.0,-126.3888888888888,6.0,12.29722222222199,46.0777777777779,-24.0,-156,1,5326.0,-0.029190623617868172,5326.0,-0.300277777777777,6.0,-43.01472222222221,-11.055555555555546,-0.45410124535353447,0.300277777777777,-0.3024578871346473,-0.09961870965758668,1.5784453756789887,-0.09299145237390266,0.17316355647739917,0.25130817659805027
edf15,22,English,sentence_audio,active,10627.0,4125.0,206.25,20.0,918.515,604.185,4320.0,3557,10,5866.0,0.8233796296296296,10627.0,3.5165,20.0,91.4375,33.6,1.881998682600922,exp_images/audio\ENGLISH\fed.wav,IMG_16_E_ACT,exp_images/images/girl_fed_dog.jpg,IMG_16,exp_images/sentences/active_girl_dog.jpg,STIM_70,stimuli_list_subj_3_b.csv,ACT,active,agent_first,agent_overt,0.0,,5915.0,4158.0,218.84210526315792,19.0,820.9105263157893,566.0789473684208,4359.0,3804,5,1156.0,0.8726772195457674,5915.0,3.0210000000000004,20.0,84.9595,32.6,3.38123415046492,participant_image,4712.0,-33.0,-12.592105263157919,1.0,97.60447368421069,38.10605263157913,-39.0,-247,5,4710.0,-0.04929758991613775,4712.0,0.49549999999999983,0.0,6.477999999999994,1.0,-1.499235467863998,-0.49549999999999983,-0.06818159530952092,0.14194283191015972,0.4379100689228405,-0.2074248440471699,-0.37068379195168993,-0.013287466095076106
edf15,23,English,sentence_audio,active,10897.0,4073.0,214.36842105263162,19.0,953.9105263157896,486.7947368421054,4338.0,4338,5,5905.0,1.0,10897.0,3.7584210526315784,19.0,97.48894736842108,34.421052631578945,1.7435991557309352,exp_images/audio\ENGLISH\scooter.wav,IMG_14_E_ACT,exp_images/images/driver_wash_scooter.jpg,IMG_14,exp_images/sentences/active_driver_scooter.jpg,STIM_68,stimuli_list_subj_3_b.csv,ACT,active,agent_first,agent_overt,0.0,,5783.0,4005.0,190.7142857142857,21.0,971.7238095238097,491.08571428571435,4303.0,4303,7,790.0,1.0,5783.0,3.183333333333333,21.0,86.48238095238095,32.857142857142854,3.6313332180529136,participant_image,5114.0,68.0,23.654135338345924,-2.0,-17.81328320802004,-4.290977443608938,35.0,35,-2,5115.0,0.0,5114.0,0.5750877192982453,-2.0,11.00656641604013,1.563909774436091,-1.8877340623219785,-0.5750877192982453,0.0064394490659511385,0.35785182039106583,-0.24641111513084843,0.1471929191600978,-0.42507532098978346,-0.03200044950070343
edf15,24,English,sentence_audio,active,10182.0,3616.0,172.19047619047618,21.0,873.6095238095238,395.1952380952381,3849.0,3717,10,5189.0,0.9657053780202649,10182.0,3.325714285714285,21.0,120.3804761904762,54.47619047619048,2.0624631703005303,exp_images/audio\ENGLISH\picture.wav,IMG_07_E_ACT,exp_images/images/artiste_drew_picture.jpg,IMG_07,exp_images/sentences/active_artist_picture.jpg,STIM_61,stimuli_list_subj_3_b.csv,ACT,active,agent_first,agent_overt,0.0,,5639.0,4091.0,240.64705882352942,17.0,909.8411764705883,367.18823529411765,4149.0,4149,5,734.0,1.0,5639.0,3.176111111111111,18.0,124.21666666666664,50.33333333333334,3.1920553289590354,participant_image,4543.0,-475.0,-68.45658263305324,4.0,-36.23165266106446,28.00700280112045,-300.0,-432,5,4455.0,-0.034294621979735096,4543.0,0.14960317460317407,3.0,-3.8361904761904384,4.142857142857139,-1.1295921586585052,-0.14960317460317407,-0.1831911956336593,-0.8029262067884589,1.1222312529765295,-0.4400641567895264,-0.1342923312006523,-0.08764852748715349
edf15,25,English,sentence_audio,passive,10286.0,4254.0,327.23076923076917,13.0,788.5307692307694,631.323076923077,4421.0,4421,6,5293.0,1.0,10286.0,3.0730769230769237,13.0,91.2846153846154,44.0,1.2638537818393931,exp_images/audio\ENGLISH\p_sapling.wav,IMG_03_E_PWA,exp_images/images/girl_plant_tree.jpg,IMG_03,exp_images/sentences/passive_girl_sapling.jpg,STIM_75,stimuli_list_subj_3_b.csv,PWA,passive_with_agent,non_agent_first,agent_overt,1.0,0.0,6031.0,4126.0,217.15789473684208,19.0,844.7947368421053,525.5842105263158,4387.0,3995,7,1039.0,0.9106450877592888,6031.0,3.0205,20.0,83.08849999999998,31.2,3.3161996352180405,participant_image,4255.0,128.0,110.07287449392709,-6.0,-56.26396761133594,105.73886639676118,34.0,426,-1,4254.0,0.08935491224071124,4255.0,0.05257692307692352,-7.0,8.196115384615425,12.8,-2.0523458533786476,-0.05257692307692352,0.1843518742550455,0.48611458582526745,-1.1588393605357672,0.6388792504155648,-0.06798302841021839,0.01650466430997844
edf15,26,English,sentence_audio,passive,10322.0,4120.0,316.92307692307685,13.0,1019.1076923076924,359.1384615384616,4344.0,3830,5,5588.0,0.8816758747697975,10322.0,3.197692307692308,13.0,116.62769230769229,49.846153846153854,1.2594458438287155,exp_images/audio\ENGLISH\p_frisbee.wav,IMG_12_E_PWA,exp_images/images/child_throw_frisbee.jpg,IMG_12,exp_images/sentences/passive_child_frisbee.jpg,STIM_84,stimuli_list_subj_3_b.csv,PWA,passive_with_agent,non_agent_first,agent_overt,1.0,0.0,6024.0,4138.0,229.88888888888889,18.0,1037.0111111111114,418.81666666666666,4339.0,3944,6,1272.0,0.90896519935469,6024.0,3.81,18.0,98.15888888888887,36.333333333333336,2.98804780876494,participant_image,4298.0,-18.0,87.03418803418796,-5.0,-17.90341880341896,-59.678205128205036,5.0,-114,-1,4316.0,-0.027289324584892527,4298.0,-0.612307692307692,-5.0,18.468803418803418,13.512820512820518,-1.7286019649362243,0.612307692307692,0.13692155276141582,0.1740085232687101,-0.9307322991845375,-0.040176040832394705,0.3864098249539209,-0.05471368780657707
edf15,27,English,sentence_audio,passive,10865.0,4273.0,305.2142857142857,14.0,859.9857142857144,392.27142857142877,4442.0,4442,8,5873.0,1.0,10865.0,2.5042857142857144,14.0,88.89714285714285,39.285714285714285,1.2885411872986654,exp_images/audio\ENGLISH\p_vase.wav,IMG_08_E_PWA,exp_images/images/boy_broke_vase.jpg,IMG_08,exp_images/sentences/passive_boy_vase.jpg,STIM_80,stimuli_list_subj_3_b.csv,PWA,passive_with_agent,non_agent_first,agent_overt,1.0,0.0,5743.0,4147.0,243.94117647058826,17.0,845.8529411764705,396.61176470588236,4367.0,4367,10,750.0,1.0,5743.0,2.5905882352941174,17.0,90.05705882352943,36.8235294117647,2.960125370015671,participant_image,5122.0,126.0,61.27310924369746,-3.0,14.132773109243885,-4.340336134453594,75.0,75,-2,5123.0,0.0,5122.0,-0.08630252100840297,-3.0,-1.1599159663865777,2.4621848739495817,-1.6715841827170057,0.08630252100840297,0.08388657391438285,0.48183916031079405,-0.4745181764820781,0.1974933111043911,0.026929420173137895,0.06312605780412556
edf15,28,English,sentence_audio,passive_dropped_agent,10554.0,3916.0,195.8,20.0,997.68,345.64,4084.0,4084,9,5664.0,1.0,10554.0,2.6552380952380954,21.0,116.58190476190478,44.85714285714285,1.9897669130187603,exp_images/audio\ENGLISH\p_woa_box.wav,IMG_05_E_PNA,exp_images/images/man_pushed_box.jpg,IMG_05,exp_images/sentences/noagent_man_box.jpg,STIM_95,stimuli_list_subj_3_b.csv,PNA,passive_dropped_agent,non_agent_first,agent_dropped,1.0,1.0,5766.0,4176.0,208.8,20.0,1064.73,362.57,4378.0,4378,8,774.0,1.0,5766.0,2.6545,20.0,77.8035,30.7,3.46860908775581,participant_image,4788.0,-260.0,-13.0,0.0,-67.05000000000007,-16.930000000000007,-294.0,-294,1,4890.0,0.0,4788.0,0.0007380952380953154,1.0,38.77840476190478,14.157142857142848,-1.4788421747370497,-0.0007380952380953154,-0.06902133843193323,-0.34331796398256975,0.20980300757161088,-0.26652780458171454,-0.032555538659817765,-0.10032392761688488
edf15,29,English,sentence_audio,passive_dropped_agent,10405.0,4259.0,250.52941176470588,17.0,868.3941176470587,424.72352941176473,4461.0,4461,6,5412.0,1.0,10405.0,3.0052941176470584,17.0,84.20941176470588,31.294117647058826,1.6338298894762135,exp_images/audio\ENGLISH\p_woa_shrub.wav,IMG_04_E_PNA,exp_images/images/man_cut_shrub.jpg,IMG_04,exp_images/sentences/noagent_man_shrub.jpg,STIM_94,stimuli_list_subj_3_b.csv,PNA,passive_dropped_agent,non_agent_first,agent_dropped,1.0,1.0,5791.0,4069.0,239.35294117647058,17.0,920.8647058823527,490.57647058823517,4298.0,4298,5,799.0,1.0,5791.0,3.5823529411764703,17.0,108.00941176470587,40.8235294117647,2.9355897081678464,participant_image,4614.0,190.0,11.176470588235304,0.0,-52.47058823529403,-65.85294117647044,163.0,163,1,4613.0,0.0,4614.0,-0.5770588235294118,0.0,-23.799999999999997,-9.529411764705877,-1.3017598186916328,0.5770588235294118,-0.019248632223826462,0.6186527767739425,0.20980300757161088,0.30815417338183637,0.36232018038791514,0.29593630117829567
edf15,30,English,sentence_audio,passive_dropped_agent,10720.0,3646.0,227.875,16.0,944.46875,418.05,3890.0,3646,7,5998.0,0.9372750642673522,10720.0,3.73,16.0,131.92687500000002,68.875,1.4925373134328357,exp_images/audio\ENGLISH\p_woa_window.wav,IMG_02_E_PNA,exp_images/images/girl_opened_window.jpg,IMG_02,exp_images/sentences/noagent_girl_window.jpg,STIM_92,stimuli_list_subj_3_b.csv,PNA,passive_dropped_agent,non_agent_first,agent_dropped,1.0,1.0,6120.0,4004.0,235.52941176470588,17.0,952.5411764705881,433.17058823529413,4234.0,4196,3,1128.0,0.9910250354274918,6120.0,2.8776470588235297,17.0,128.3476470588235,44.58823529411765,2.7777777777777777,participant_image,4600.0,-358.0,-7.654411764705884,-1.0,-8.072426470588084,-15.120588235294122,-344.0,-550,4,4870.0,-0.053749971160139576,4600.0,0.8523529411764703,-1.0,3.5792279411765264,24.286764705882348,-1.285240464344942,-0.8523529411764703,-0.05801624189504345,-0.5528138141917658,-0.018304053779618773,-0.5884503130251916,-0.6145628386623168,-0.3664294523107873
edf15,31,Punjabi,sentence_audio,active,10591.0,3901.0,205.31578947368425,19.0,960.521052631579,619.615789473684,4091.0,3683,8,5598.0,0.900268882913713,10591.0,2.7510526315789465,19.0,129.5457894736842,47.47368421052632,1.7939760173732415,exp_images/audio\PUNJABI\dug.wav,IMG_13_P_ACT,exp_images/images/dog_dug_hole.jpg,IMG_13,exp_images/sentences/Dog-dug.jpg,STIM_13,stimuli_list_subj_3_b.csv,ACT,active,agent_first,agent_overt,0.0,,6033.0,4129.0,206.45,20.0,1047.45,708.12,4375.0,4312,5,1040.0,0.9856,6033.0,2.6460000000000004,20.0,79.053,30.9,3.3151002817835242,participant_image,4558.0,-228.0,-1.1342105263157407,-1.0,-86.92894736842106,-88.504210526316,-284.0,-629,3,4558.0,-0.08533111708628704,4558.0,0.10505263157894618,-1.0,50.49278947368421,16.573684210526324,-1.5211242644102827,-0.10505263157894618,-0.04459294011607959,-0.27491115575099556,-0.018304053779618773,-0.6877935871151708,-0.1038457726620846,-0.22588950188478987
edf15,32,Punjabi,sentence_audio,active,10420.0,3882.0,242.625,16.0,983.35,663.525,4079.0,4033,6,5427.0,0.9887227261583722,10420.0,2.96125,16.0,99.88124999999998,57.125,1.5355086372360844,exp_images/audio\PUNJABI\veg.wav,IMG_18_P_ACT,exp_images/images/boy_cut_vegetables.jpg,IMG_18,exp_images/sentences/Veg.jpg,STIM_18,stimuli_list_subj_3_b.csv,ACT,active,agent_first,agent_overt,0.0,,5933.0,4253.0,283.53333333333336,15.0,981.3066666666667,776.4400000000003,4453.0,4453,4,940.0,1.0,5933.0,2.526666666666666,15.0,88.91133333333332,36.0,2.5282319231417496,participant_image,4487.0,-371.0,-40.90833333333336,1.0,2.043333333333294,-112.9150000000003,-374.0,-420,2,4487.0,-0.0112772738416278,4487.0,0.4345833333333342,1.0,10.969916666666663,21.125,-0.9927232859056652,-0.4345833333333342,-0.12647692404722408,-0.5806040800358427,0.4379100689228405,-0.4249740392062384,-0.32905236095807877,-0.20463946706490868
edf15,33,Punjabi,sentence_audio,active,10713.0,4224.0,234.66666666666663,18.0,900.4944444444443,444.38333333333327,4392.0,3948,8,5922.0,0.8989071038251366,10713.0,2.733157894736842,19.0,79.40157894736842,32.631578947368425,1.7735461588723982,exp_images/audio\PUNJABI\cake.wav,IMG_15_P_ACT,exp_images/images/girl_baked_cake.jpg,IMG_15,exp_images/sentences/Cake.jpg,STIM_15,stimuli_list_subj_3_b.csv,ACT,active,agent_first,agent_overt,0.0,,5987.0,4239.0,302.7857142857143,14.0,941.1357142857142,469.55,4527.0,3935,10,1306.0,0.8692290700242986,5987.0,3.2478571428571423,14.0,89.28642857142857,33.142857142857146,2.3383998663771504,participant_image,4726.0,-15.0,-68.11904761904765,4.0,-40.641269841269946,-25.166666666666742,-135.0,13,-2,4616.0,0.029678033800838,4726.0,-0.5146992481203005,5.0,-9.884849624060152,-0.5112781954887211,-0.5648537075047522,0.5146992481203005,-0.18249630383687135,0.1804216615404202,1.1222312529765295,0.1195277035907365,0.3197026423233128,0.31187739131882547
edf15,34,Punjabi,sentence_audio,passive,10564.0,3910.0,230.0,17.0,958.9705882352944,521.835294117647,4115.0,4115,8,5571.0,1.0,10564.0,2.63,17.0,112.04411764705885,51.647058823529406,1.6092389246497538,exp_images/audio\PUNJABI\p_clothes.wav,IMG_06_P_PWA,exp_images/images/women_fold_clothes.jpg,IMG_06,exp_images/sentences/Folded-clothes-passive.jpg,STIM_24,stimuli_list_subj_3_b.csv,PWA,passive_with_agent,non_agent_first,agent_overt,1.0,0.0,5790.0,3834.0,273.85714285714283,14.0,939.1642857142857,571.65,4082.0,4040,7,798.0,0.9897109260166586,5790.0,2.305333333333333,15.0,147.21333333333334,61.46666666666667,2.5906735751295336,participant_image,4774.0,76.0,-43.85714285714283,3.0,19.80630252100866,-49.814705882352996,33.0,75,1,4773.0,0.010289073983341446,4774.0,0.3246666666666669,2.0,-35.169215686274484,-9.819607843137263,-0.9814346504797797,-0.3246666666666669,-0.13254771215322897,0.37495352244895935,0.8941241916252998,0.1974933111043911,-0.25393354087521364,0.2160179544300415
edf15,35,Punjabi,sentence_audio,passive,10834.0,4368.0,291.2,15.0,1014.98,500.66,4561.0,4561,5,5841.0,1.0,10834.0,2.2100000000000004,15.0,71.11933333333332,28.8,1.384530182757984,exp_images/audio\PUNJABI\p_letter.wav,IMG_17_P_PWA,exp_images/images/women_read_letter.jpg,IMG_17,exp_images/sentences/Letter-passive.jpg,STIM_35,stimuli_list_subj_3_b.csv,PWA,passive_with_agent,non_agent_first,agent_overt,1.0,0.0,5660.0,4374.0,312.42857142857144,14.0,987.4142857142856,457.8928571428572,4608.0,4608,3,668.0,1.0,5660.0,2.092857142857143,14.0,66.16214285714287,27.42857142857143,2.4734982332155475,participant_image,5174.0,-6.0,-21.228571428571456,1.0,27.56571428571442,42.7671428571428,-47.0,-47,2,5173.0,0.0,5174.0,0.11714285714285744,1.0,4.957190476190448,1.37142857142857,-1.0889680504575636,-0.11714285714285744,-0.08596170475761217,0.19966107635555044,0.4379100689228405,0.04407711567429656,-0.11210842751178925,0.09671562573665721
edf15,36,Punjabi,sentence_audio,passive,10799.0,4117.0,216.68421052631575,19.0,852.9684210526317,443.0631578947368,4280.0,4117,5,6002.0,0.9619158878504672,10799.0,2.816842105263158,19.0,86.27842105263159,37.473684210526315,1.759422168719326,exp_images/audio\PUNJABI\p_lamp.wav,IMG_01_P_PWA,exp_images/images/girl_lighted_lamp.jpg,IMG_01,exp_images/sentences/Lamp-passive.jpg,STIM_19,stimuli_list_subj_3_b.csv,PWA,passive_with_agent,non_agent_first,agent_overt,1.0,0.0,5689.0,4231.0,211.55,20.0,949.015,448.455,4426.0,4236,7,697.0,0.9570718481699052,5689.0,2.3145,20.0,73.85499999999998,28.3,3.515556336790297,participant_image,5110.0,-114.0,5.134210526315741,-1.0,-96.04657894736829,-5.391842105263208,-146.0,-119,-2,5305.0,0.004844039680562018,5110.0,0.5023421052631583,-1.0,12.42342105263161,9.173684210526314,-1.756134168070971,-0.5023421052631583,-0.0316879845187493,-0.031211901426012482,-0.018304053779618773,-0.04646358982543136,-0.3753597968728534,-0.10060546528453307
edf16,19,English,sentence_audio,active,10205.0,4219.0,421.9,10.0,935.28,497.69,4471.0,3599,6,5490.0,0.8049653321404607,10205.0,4.0139999999999985,10.0,129.078,52.4,0.9799118079372856,exp_images/audio\ENGLISH\tabla.wav,IMG_11_E_ACT,exp_images/images/child_play_tabla.jpg,IMG_11,exp_images/sentences/active_child_tabla.jpg,STIM_65,stimuli_list_subj_4_b.csv,ACT,active,agent_first,agent_overt,0.0,,5779.0,4343.0,434.3,10.0,923.04,485.37000000000006,4362.0,3665,6,1118.0,0.8402109124254928,5779.0,3.872,10.0,165.304,63.0,1.7304031839418583,participant_image,4426.0,-124.0,-12.400000000000034,0.0,12.240000000000009,12.319999999999936,109.0,-66,0,4372.0,-0.03524558028503211,4426.0,0.14199999999999857,0.0,-36.226,-10.600000000000001,-0.7504913760045727,-0.14199999999999857,-0.06778610338735255,-0.05258902899837942,0.20980300757161088,0.02018442950075725,-0.12909619923636528,-0.003896778909945825
edf16,20,English,sentence_audio,active,10476.0,4494.0,642.0,7.0,933.0285714285714,455.24285714285713,4656.0,4406,5,5484.0,0.9463058419243986,10476.0,1.2285714285714284,7.0,177.93,48.0,0.6681939671630392,exp_images/audio\ENGLISH\door.wav,IMG_10_E_ACT,exp_images/images/boy_opened_door.jpg,IMG_10,exp_images/sentences/active_boy_door.jpg,STIM_64,stimuli_list_subj_4_b.csv,ACT,active,agent_first,agent_overt,0.0,,6055.0,4585.0,1146.25,4.0,963.6,455.57499999999993,4789.0,4789,3,1062.0,1.0,6055.0,1.99,4.0,152.64749999999995,51.0,0.6606110652353427,participant_image,4421.0,-91.0,-504.25,3.0,-30.57142857142867,-0.3321428571427987,-133.0,-383,2,4422.0,-0.053694158075601406,4421.0,-0.7614285714285716,3.0,25.282500000000056,-3.0,0.007582901927696506,0.7614285714285716,-1.0803700311824234,0.017955491990431477,0.8941241916252998,-0.3784461766577671,0.48832143516723375,-0.011683017811445106
edf16,21,English,sentence_audio,active,10750.0,106.0,106.0,1.0,964.7,546.9,4846.0,4846,1,5758.0,1.0,10750.0,1.28,1.0,368.67,146.0,0.09302325581395347,exp_images/audio\ENGLISH\bucket.wav,IMG_09_E_ACT,exp_images/images/boy_filled_bucket.jpg,IMG_09,exp_images/sentences/active_boy_bucket.jpg,STIM_63,stimuli_list_subj_4_b.csv,ACT,active,agent_first,agent_overt,0.0,,6108.0,4266.0,387.8181818181818,11.0,1013.8363636363637,424.90909090909105,4545.0,4189,6,1115.0,0.9216721672167216,6108.0,2.5818181818181816,11.0,134.04363636363635,40.72727272727273,1.8009168303863787,participant_image,4642.0,-4160.0,-281.8181818181818,-10.0,-49.136363636363626,121.99090909090893,301.0,657,-5,4643.0,0.07832783278327837,4642.0,-1.3018181818181815,-10.0,234.62636363636366,105.27272727272728,-1.7078935745724253,1.3018181818181815,-0.622444069769097,-8.680397717205675,-2.071267605940686,0.9293640138938586,0.8576323972673685,-1.9174225963508462
edf16,22,English,sentence_audio,passive,10825.0,4434.0,554.25,8.0,914.2625,536.725,4634.0,4634,5,5832.0,1.0,10825.0,2.5144444444444445,9.0,121.3188888888889,41.77777777777778,0.8314087759815243,exp_images/audio\ENGLISH\p_fed.wav,IMG_16_E_PWA,exp_images/images/girl_fed_dog.jpg,IMG_16,exp_images/sentences/passive_girl_dog.jpg,STIM_88,stimuli_list_subj_4_b.csv,PWA,passive_with_agent,non_agent_first,agent_overt,1.0,0.0,5689.0,4303.0,391.1818181818182,11.0,912.2727272727273,578.8909090909091,4536.0,4244,9,697.0,0.9356261022927691,5689.0,4.379090909090909,11.0,99.9372727272727,41.45454545454545,1.9335559852346635,participant_image,5136.0,131.0,163.0681818181818,-3.0,1.9897727272727934,-42.165909090909054,98.0,390,-4,5135.0,0.0643738977072309,5136.0,-1.8646464646464644,-2.0,21.381616161616208,0.3232323232323253,-1.1021472092531392,1.8646464646464644,0.29345464226378953,0.49252772409697754,-0.4745181764820781,0.5936088976657008,1.2422783094613834,0.4294702794011546
edf16,23,English,sentence_audio,passive,10485.0,4463.0,557.875,8.0,932.725,495.76249999999993,4704.0,4704,5,5493.0,1.0,10485.0,4.135,8.0,110.18875,36.0,0.7629947544110635,exp_images/audio\ENGLISH\p_scooter.wav,IMG_14_E_PWA,exp_images/images/driver_wash_scooter.jpg,IMG_14,exp_images/sentences/passive_driver_scooter.jpg,STIM_86,stimuli_list_subj_4_b.csv,PWA,passive_with_agent,non_agent_first,agent_overt,1.0,0.0,5918.0,4072.0,271.46666666666664,15.0,912.4,379.9133333333333,4281.0,4281,8,925.0,1.0,5918.0,4.4113333333333316,15.0,124.06933333333332,47.46666666666667,2.5346400811084826,participant_image,4567.0,391.0,286.40833333333336,-7.0,20.325000000000045,115.84916666666663,423.0,423,-3,4568.0,0.0,4567.0,-0.27633333333333177,-7.0,-13.88058333333332,-11.466666666666669,-1.7716453266974193,0.27633333333333177,0.5473781048561477,1.0483330409785179,-1.3869464218869967,0.6351067210197427,0.1567995375460291,0.20013419650268816
edf16,24,English,sentence_audio,passive,10956.0,4444.0,888.8,5.0,986.64,443.52000000000015,4738.0,4738,3,5964.0,1.0,10956.0,1.8019999999999998,5.0,161.21800000000005,50.8,0.4563709382986492,exp_images/audio\ENGLISH\p_artist.wav,IMG_07_E_PWA,exp_images/images/artiste_drew_picture.jpg,IMG_07,exp_images/sentences/passive_artist_picture.jpg,STIM_79,stimuli_list_subj_4_b.csv,PWA,passive_with_agent,non_agent_first,agent_overt,1.0,0.0,6117.0,4179.0,245.82352941176467,17.0,941.4294117647058,374.1058823529412,4412.0,4128,7,1125.0,0.9356300997280144,6117.0,3.4958823529411767,17.0,86.84411764705885,34.117647058823536,2.7791401013568744,participant_image,4839.0,265.0,642.9764705882353,-12.0,45.21058823529415,69.41411764705896,326.0,610,-4,4839.0,0.06436990027198564,4839.0,-1.6938823529411768,-12.0,74.3738823529412,16.68235294117646,-2.3227691630582252,1.6938823529411768,1.2814538697197047,0.7789812335666945,-2.5274817286431452,0.8702610533593139,1.125575365560249,0.3057579587125633
edf16,25,English,sentence_audio,passive_dropped_agent,11118.0,4394.0,627.7142857142858,7.0,869.4714285714286,497.44285714285724,4670.0,4236,4,6126.0,0.9070663811563168,11118.0,2.8471428571428565,7.0,127.66714285714286,46.0,0.6296096420219464,exp_images/audio\ENGLISH\p_woa_sapling.wav,IMG_03_E_PNA,exp_images/images/girl_plant_tree.jpg,IMG_03,exp_images/sentences/noagent_girl_sapling.jpg,STIM_93,stimuli_list_subj_4_b.csv,PNA,passive_dropped_agent,non_agent_first,agent_dropped,1.0,1.0,5812.0,4258.0,425.8,10.0,836.47,540.5600000000002,4496.0,4496,5,820.0,1.0,5812.0,3.325,10.0,139.11399999999998,49.6,1.7205781142463867,participant_image,5306.0,136.0,201.91428571428577,-3.0,33.00142857142862,-43.11714285714294,174.0,-260,-1,5306.0,-0.09293361884368323,5306.0,-0.47785714285714365,-3.0,-11.446857142857112,-3.6000000000000014,-1.0909684722244404,0.47785714285714365,0.3734280903936103,0.503216287883161,-0.4745181764820781,-0.22377247142906523,0.2945241542862813,0.09457557693038184
edf16,26,English,sentence_audio,passive_dropped_agent,10227.0,3233.0,359.22222222222223,9.0,979.9333333333333,322.12222222222215,4554.0,3233,5,6586.0,0.7099253403601229,10227.0,3.2222222222222223,9.0,116.95444444444445,48.66666666666666,0.8800234672924611,exp_images/audio\ENGLISH\p_woa_frisbee.wav,IMG_12_E_PNA,exp_images/images/child_throw_frisbee.jpg,IMG_12,exp_images/sentences/noagent_child_frisbee.jpg,STIM_102,stimuli_list_subj_4_b.csv,PNA,passive_dropped_agent,non_agent_first,agent_dropped,1.0,1.0,5697.0,4563.0,760.5,6.0,987.3166666666666,313.0,4758.0,4563,5,934.0,0.9590163934426228,5697.0,3.783333333333333,6.0,90.46666666666664,39.0,1.05318588730911,participant_image,4530.0,-1330.0,-401.27777777777777,3.0,-7.383333333333326,9.122222222222149,-204.0,-1330,0,5652.0,-0.2490910530824999,4530.0,-0.5611111111111109,3.0,26.487777777777808,9.666666666666657,-0.17316242001664894,0.5611111111111109,-0.8683785353370138,-2.6306706142258323,0.8941241916252998,-1.5693079559389107,0.35142125690148346,-0.7645623313949947
edf16,27,English,sentence_audio,passive_dropped_agent,10857.0,3129.0,625.8,5.0,869.32,433.94000000000005,4618.0,4618,2,5865.0,1.0,10857.0,1.538,5.0,233.012,74.8,0.4605323754259925,exp_images/audio\ENGLISH\p_woa_vase.wav,IMG_08_E_PNA,exp_images/images/boy_broke_vase.jpg,IMG_08,exp_images/sentences/noagent_boy_vase.jpg,STIM_98,stimuli_list_subj_4_b.csv,PNA,passive_dropped_agent,non_agent_first,agent_dropped,1.0,1.0,6059.0,4483.0,560.375,8.0,873.4875000000002,418.6375000000001,4742.0,4742,6,1067.0,1.0,6059.0,2.89125,8.0,88.61375,31.25,1.320349892721571,participant_image,4798.0,-1354.0,65.42499999999995,-3.0,-4.167500000000132,15.302499999999952,-124.0,-124,-4,4798.0,0.0,4798.0,-1.3532499999999998,-3.0,144.39825000000002,43.55,-0.8598175172955786,1.3532499999999998,0.09243417552014238,-2.681975720399513,-0.4745181764820781,-0.052751138818468025,0.8927817300637411,-0.4448058260232351
edf16,28,Punjabi,sentence_audio,active,10995.0,4089.0,454.33333333333326,9.0,1012.9333333333333,377.8777777777778,4467.0,4467,7,6002.0,1.0,10995.0,2.585555555555556,9.0,163.07333333333338,58.444444444444436,0.8185538881309686,exp_images/audio\PUNJABI\box.wav,IMG_05_P_ACT,exp_images/images/man_pushed_box.jpg,IMG_05,exp_images/sentences/Pushed-box.jpg,STIM_05,stimuli_list_subj_4_b.csv,ACT,active,agent_first,agent_overt,0.0,,6054.0,4412.0,441.2,10.0,1034.9299999999996,391.27,4597.0,4597,8,1061.0,1.0,6054.0,3.132000000000001,10.0,112.228,39.6,1.6518004625041294,participant_image,4941.0,-323.0,13.133333333333269,-1.0,-21.99666666666633,-13.392222222222188,-130.0,-130,-1,4941.0,0.0,4941.0,-0.546444444444445,-1.0,50.845333333333386,18.844444444444434,-0.8332465743731607,0.546444444444445,-0.015219989823527303,-0.47799386768848146,-0.018304053779618773,-0.06029619761011202,0.3413978207115035,-0.046083257638047215
edf16,29,Punjabi,sentence_audio,active,10186.0,4406.0,629.4285714285714,7.0,927.6999999999997,414.1714285714286,4644.0,4294,5,5194.0,0.9246339362618432,10186.0,2.412857142857143,7.0,129.2042857142857,49.714285714285715,0.6872177498527391,exp_images/audio\PUNJABI\shrub.wav,IMG_04_P_ACT,exp_images/images/man_cut_shrub.jpg,IMG_04,exp_images/sentences/Shrub.jpg,STIM_04,stimuli_list_subj_4_b.csv,ACT,active,agent_first,agent_overt,0.0,,5718.0,4372.0,437.2,10.0,828.0099999999999,443.07,4593.0,4593,4,725.0,1.0,5718.0,4.158,10.0,97.76100000000001,40.0,1.7488632388947185,participant_image,4468.0,34.0,192.22857142857146,-3.0,99.68999999999983,-28.898571428571415,51.0,-299,1,4469.0,-0.0753660637381568,4468.0,-1.7451428571428576,-3.0,31.443285714285693,9.714285714285715,-1.0616454890419793,1.7451428571428576,0.3534878675310924,0.28516958664501824,-0.4745181764820781,-0.2728153535747512,1.1606076196237787,0.21038630874861203
edf16,30,Punjabi,sentence_audio,active,11048.0,4302.0,478.0,9.0,1006.0666666666667,386.8777777777778,4534.0,4302,6,6314.0,0.9488310542567271,11048.0,2.6300000000000003,9.0,220.6888888888889,50.88888888888889,0.8146270818247646,exp_images/audio\PUNJABI\window.wav,IMG_02_P_ACT,exp_images/images/girl_opened_window.jpg,IMG_02,exp_images/sentences/Window.jpg,STIM_02,stimuli_list_subj_4_b.csv,ACT,active,agent_first,agent_overt,0.0,,6029.0,4519.0,903.8,5.0,1040.48,404.86,4806.0,4519,4,1358.0,0.9402829796088223,6029.0,4.022,5.0,103.91,37.2,0.829324929507381,participant_image,5019.0,-217.0,-425.79999999999995,4.0,-34.4133333333333,-17.98222222222222,-272.0,-217,2,4956.0,0.008548074647904746,5019.0,-1.392,4.0,116.7788888888889,13.68888888888889,-0.014697847682616394,1.392,-0.9188630491034901,-0.25139631542139196,1.1222312529765295,-0.16969955008894994,0.9192641040884053,0.14030728849022056
edf16,31,Punjabi,sentence_audio,passive,10255.0,4353.0,725.5,6.0,971.6666666666664,610.8000000000002,4532.0,4532,3,5263.0,1.0,10255.0,1.9899999999999995,6.0,197.42166666666665,76.66666666666667,0.5850804485616772,exp_images/audio\PUNJABI\p_dug.wav,IMG_13_P_PWA,exp_images/images/dog_dug_hole.jpg,IMG_13,exp_images/sentences/Dog-dug-passive.jpg,STIM_31,stimuli_list_subj_4_b.csv,PWA,passive_with_agent,non_agent_first,agent_overt,1.0,0.0,5991.0,4647.0,1161.75,4.0,987.95,656.475,4860.0,4860,4,999.0,1.0,5991.0,3.515,4.0,102.2775,33.0,0.6676681689200468,participant_image,4264.0,-294.0,-436.25,2.0,-16.283333333333644,-45.67499999999984,-328.0,-328,-1,4264.0,0.0,4264.0,-1.5250000000000006,2.0,95.14416666666665,43.66666666666667,-0.08258772035836959,1.5250000000000006,-0.9403767261299383,-0.41600019772861735,0.6660171302740702,-0.30928313773436383,1.010158445902092,0.002103102916648547
edf16,32,Punjabi,sentence_audio,passive,10800.0,4476.0,1119.0,4.0,961.55,539.15,4705.0,4705,3,5807.0,1.0,10800.0,5.1675,4.0,189.3125,72.0,0.3703703703703704,exp_images/audio\PUNJABI\p_veg.wav,IMG_18_P_PWA,exp_images/images/boy_cut_vegetables.jpg,IMG_18,exp_images/sentences/Veg-passive.jpg,STIM_36,stimuli_list_subj_4_b.csv,PWA,passive_with_agent,non_agent_first,agent_overt,1.0,0.0,6115.0,4375.0,546.875,8.0,981.825,633.1,4579.0,4579,4,1122.0,1.0,6115.0,3.635,8.0,122.87,51.75,1.3082583810302535,participant_image,4685.0,101.0,572.125,-4.0,-20.27500000000009,-93.95000000000005,126.0,126,-1,4685.0,0.0,4685.0,1.5325000000000006,-4.0,66.4425,20.25,-0.937888010659883,-1.5325000000000006,1.135590170668587,0.4283963413798767,-0.7026252378333078,0.26162631083336507,-1.079386291656898,0.0087202586783246
edf16,33,Punjabi,sentence_audio,passive,10735.0,4435.0,739.1666666666665,6.0,946.5333333333333,446.01666666666665,4683.0,4435,5,6018.0,0.947042494127696,10735.0,2.115,6.0,163.69666666666666,51.66666666666666,0.5589194224499302,exp_images/audio\PUNJABI\p_cake.wav,IMG_15_P_PWA,exp_images/images/girl_baked_cake.jpg,IMG_15,exp_images/sentences/Cake-passive.jpg,STIM_33,stimuli_list_subj_4_b.csv,PWA,passive_with_agent,non_agent_first,agent_overt,1.0,0.0,6074.0,4436.0,1109.0,4.0,937.675,461.625,4790.0,4790,4,1154.0,1.0,6074.0,2.69,5.0,169.252,62.8,0.8231807704972012,participant_image,4661.0,-1.0,-369.8333333333335,2.0,8.858333333333348,-15.608333333333348,-107.0,-355,1,4864.0,-0.05295750587230397,4661.0,-0.5749999999999997,1.0,-5.555333333333351,-11.13333333333334,-0.26426134804727097,0.5749999999999997,-0.8036430691117638,0.2103496401417339,0.6660171302740702,-0.34323590229676176,0.3609131472329043,0.01808018924803658
edf16,34,Punjabi,sentence_audio,passive_dropped_agent,10627.0,4429.0,885.8,5.0,960.82,417.7,4683.0,4429,5,5920.0,0.9457612641469144,10627.0,3.378,5.0,206.96,62.0,0.4704996706502305,exp_images/audio\PUNJABI\p_woa_clothes.wav,IMG_06_P_PNA,exp_images/images/women_fold_clothes.jpg,IMG_06,exp_images/sentences/Folded-clothes-woa.jpg,STIM_42,stimuli_list_subj_4_b.csv,PNA,passive_dropped_agent,non_agent_first,agent_dropped,1.0,1.0,5645.0,4477.0,895.4,5.0,947.2,482.48,4695.0,4695,4,788.0,1.0,5645.0,2.838333333333333,6.0,158.25666666666666,52.0,1.062887511071745,participant_image,4982.0,-48.0,-9.600000000000023,0.0,13.620000000000005,-64.78000000000003,-12.0,-266,1,5132.0,-0.054238735853085585,4982.0,0.5396666666666672,-1.0,48.70333333333335,10.0,-0.5923878404215146,-0.5396666666666672,-0.06202167317930902,0.10987714055160931,0.20980300757161088,-0.23131753022070922,-0.4008680032056088,-0.07490541169648136
edf16,35,Punjabi,sentence_audio,passive_dropped_agent,10878.0,4416.0,1104.0,4.0,1004.675,436.1,4635.0,4635,3,5885.0,1.0,10878.0,3.2325,4.0,151.475,89.5,0.3677146534289392,exp_images/audio\PUNJABI\p_woa_letter.wav,IMG_17_P_PNA,exp_images/images/women_read_letter.jpg,IMG_17,exp_images/sentences/Letter-woa.jpg,STIM_53,stimuli_list_subj_4_b.csv,PNA,passive_dropped_agent,non_agent_first,agent_dropped,1.0,1.0,6100.0,4260.0,387.27272727272725,11.0,1017.1454545454548,498.51818181818186,4529.0,4529,7,1105.0,1.0,6100.0,3.1872727272727275,11.0,139.86,42.36363636363637,1.8032786885245904,participant_image,4778.0,156.0,716.7272727272727,-7.0,-12.4704545454548,-62.418181818181836,106.0,106,-4,4780.0,0.0,4778.0,0.04522727272727245,-7.0,11.61499999999998,47.13636363636363,-1.4355640350956511,-0.04522727272727245,1.4332864953331714,0.5459705430278948,-1.3869464218869967,0.23647611486121842,-0.06296015900350965,0.1531653144663557
edf16,36,Punjabi,sentence_audio,passive_dropped_agent,10877.0,4433.0,554.125,8.0,916.3625,441.6375,4645.0,3941,6,5884.0,0.8484391819160387,10877.0,1.99875,8.0,134.64624999999998,43.5,0.735496920106647,exp_images/audio\PUNJABI\p_woa_lamp.wav,IMG_01_P_PNA,exp_images/images/girl_lighted_lamp.jpg,IMG_01,exp_images/sentences/Lamp-woa.jpg,STIM_37,stimuli_list_subj_4_b.csv,PNA,passive_dropped_agent,non_agent_first,agent_dropped,1.0,1.0,6133.0,4079.0,291.35714285714283,14.0,952.6571428571433,466.68571428571437,4255.0,4111,7,1140.0,0.9661574618096356,6133.0,4.345714285714286,14.0,199.9157142857144,52.714285714285715,2.282732757215066,participant_image,4744.0,354.0,262.76785714285717,-6.0,-36.294642857143344,-25.04821428571438,390.0,-170,-1,4744.0,-0.11771827989359684,4744.0,-2.346964285714286,-6.0,-65.2694642857144,-9.214285714285715,-1.547235837108419,2.346964285714286,0.4987088637543925,0.9692376689607602,-1.1588393605357672,-0.11059658955440531,1.571902075558909,0.3540825316367779
edf17,19,English,sentence_audio,passive,10420.0,4114.0,257.125,16.0,934.95625,566.64375,4271.0,2092,6,5616.0,0.4898150316085226,10420.0,3.983125,16.0,129.56294117647056,43.647058823529406,1.5355086372360844,exp_images/audio\ENGLISH\p_tabla.wav,IMG_11_E_PWA,exp_images/images/child_play_tabla.jpg,IMG_11,exp_images/sentences/passive_child_tabla.jpg,STIM_83,stimuli_list_subj_5_b.csv,PWA,passive_with_agent,non_agent_first,agent_overt,1.0,0.0,6070.0,4326.0,288.4,15.0,973.24,629.6933333333333,4503.0,1998,5,1286.0,0.44370419720186544,6070.0,3.1980000000000004,15.0,89.85200000000002,32.666666666666664,2.4711696869851734,participant_image,4350.0,-212.0,-31.274999999999977,1.0,-38.283750000000055,-63.04958333333332,-232.0,94,1,4330.0,0.04611083440665714,4350.0,0.7851249999999994,1.0,39.71094117647054,10.980392156862742,-0.9356610497490889,-0.7851249999999994,-0.10664453916478857,-0.24070775163520847,0.4379100689228405,0.22138599727793043,-0.5686181810328089,-0.05133488112640701
edf17,20,English,sentence_audio,passive,10850.0,3928.0,436.4444444444445,9.0,956.5888888888887,427.45555555555563,4312.0,4038,8,5858.0,0.9364564007421149,10850.0,2.4655555555555555,9.0,114.79888888888891,75.55555555555556,0.8294930875576038,exp_images/audio\ENGLISH\p_door.wav,IMG_10_E_PWA,exp_images/images/boy_opened_door.jpg,IMG_10,exp_images/sentences/passive_boy_door.jpg,STIM_82,stimuli_list_subj_5_b.csv,PWA,passive_with_agent,non_agent_first,agent_overt,1.0,0.0,6054.0,4532.0,1510.666666666667,3.0,889.3333333333335,411.73333333333335,4906.0,4906,3,1062.0,1.0,6054.0,2.5766666666666667,3.0,84.23333333333333,28.66666666666667,0.4955401387512388,participant_image,4796.0,-604.0,-1074.2222222222224,6.0,67.25555555555525,15.722222222222285,-594.0,-868,5,4796.0,-0.06354359925788511,4796.0,-0.11111111111111116,6.0,30.565555555555576,46.888888888888886,0.33395294880636495,0.11111111111111116,-2.253786136726518,-1.0786911524719924,1.5784453756789887,-0.9883384289823233,0.0438840101634476,-0.5396972664676795
edf17,21,English,sentence_audio,passive,10527.0,4119.0,374.45454545454544,11.0,957.7636363636364,443.35454545454536,4543.0,4543,5,5534.0,1.0,10527.0,1.9009090909090909,11.0,79.16545454545455,40.90909090909091,1.044932079414838,exp_images/audio\ENGLISH\p_bucket.wav,IMG_09_E_PWA,exp_images/images/boy_filled_bucket.jpg,IMG_09,exp_images/sentences/passive_boy_bucket.jpg,STIM_81,stimuli_list_subj_5_b.csv,PWA,passive_with_agent,non_agent_first,agent_overt,1.0,0.0,6105.0,4125.0,317.3076923076923,13.0,1008.3,503.49230769230775,4374.0,3962,4,1113.0,0.9058070416095108,6105.0,2.32,13.0,83.07846153846154,47.53846153846154,2.1294021294021293,participant_image,4422.0,-6.0,57.14685314685312,-2.0,-50.5363636363636,-60.13776223776239,169.0,581,1,4421.0,0.09419295839048925,4422.0,-0.41909090909090896,-2.0,-3.913006993006988,-6.629370629370634,-1.0844700499872912,0.41909090909090896,0.07539174702482099,0.19966107635555044,-0.24641111513084843,0.8337932691997013,0.2543623637670999,0.22335946824326483
edf17,22,English,sentence_audio,passive_dropped_agent,10945.0,4056.0,312.0,13.0,907.6769230769231,699.6076923076922,4481.0,2446,5,6410.0,0.5458602990403928,10945.0,3.9957142857142856,14.0,104.67857142857143,37.857142857142854,1.2791228871630882,exp_images/audio\ENGLISH\p_woa_fed.wav,IMG_16_E_PNA,exp_images/images/girl_fed_dog.jpg,IMG_16,exp_images/sentences/noagent_girl_dog.jpg,STIM_106,stimuli_list_subj_5_b.csv,PNA,passive_dropped_agent,non_agent_first,agent_dropped,1.0,1.0,5770.0,4212.0,280.8,15.0,979.0266666666664,586.5066666666668,4493.0,2961,4,777.0,0.6590251502336969,5770.0,3.482,15.0,94.788,33.333333333333336,2.5996533795493937,participant_image,5175.0,-156.0,31.19999999999999,-2.0,-71.3497435897433,113.10102564102544,-12.0,-515,1,5633.0,-0.1131648511933041,5175.0,0.5137142857142853,-1.0,9.890571428571434,4.523809523809518,-1.3205304923863055,-0.5137142857142853,0.021974309852182097,-0.12099583722995362,-0.24641111513084843,-0.544437470073935,-0.3831317281291817,-0.2546003681423473
edf17,23,English,sentence_audio,passive_dropped_agent,10251.0,4207.0,280.46666666666664,15.0,1073.9,751.6066666666667,4445.0,4445,3,5258.0,1.0,10251.0,3.412666666666667,15.0,85.84200000000001,36.53333333333333,1.463271875914545,exp_images/audio\ENGLISH\p_woa_scooter.wav,IMG_14_E_PNA,exp_images/images/driver_wash_scooter.jpg,IMG_14,exp_images/sentences/noagent_driver_scooter.jpg,STIM_104,stimuli_list_subj_5_b.csv,PNA,passive_dropped_agent,non_agent_first,agent_dropped,1.0,1.0,6100.0,4310.0,307.85714285714283,14.0,1011.9571428571428,493.0142857142857,4497.0,4497,5,1107.0,1.0,6100.0,3.580714285714285,14.0,87.75,35.42857142857143,2.295081967213115,participant_image,4151.0,-103.0,-27.390476190476193,1.0,61.94285714285729,258.592380952381,-52.0,-52,-2,4151.0,0.0,4151.0,-0.1680476190476181,1.0,-1.907999999999987,1.1047619047619008,-0.83181009129857,0.1680476190476181,-0.09864737259640173,-0.0076970610964088495,0.4379100689228405,0.0377895666812599,0.08279533658494023,0.090430107699246
edf17,24,English,sentence_audio,passive_dropped_agent,10390.0,4346.0,310.42857142857144,14.0,959.35,428.36428571428564,4503.0,4503,5,5397.0,1.0,10390.0,3.6907142857142863,14.0,88.32285714285715,35.0,1.3474494706448508,exp_images/audio\ENGLISH\p_woa_draw.wav,IMG_07_E_PNA,exp_images/images/artiste_drew_picture.jpg,IMG_07,exp_images/sentences/noagent_artist_picture.jpg,STIM_97,stimuli_list_subj_5_b.csv,PNA,passive_dropped_agent,non_agent_first,agent_dropped,1.0,1.0,5737.0,4255.0,283.6666666666667,15.0,948.6666666666665,387.51333333333326,4426.0,4426,7,745.0,1.0,5737.0,4.421333333333333,15.0,102.76333333333332,37.73333333333333,2.6146069374237406,participant_image,4653.0,91.0,26.76190476190476,-1.0,10.683333333333508,40.85095238095238,77.0,77,-2,4652.0,0.0,4653.0,-0.7306190476190468,-1.0,-14.440476190476176,-2.733333333333327,-1.2671574667788899,0.7306190476190468,0.012837491903378462,0.40701921380750977,-0.018304053779618773,0.20000833070160579,0.46726571044347553,0.2137653386152701
edf17,25,Punjabi,sentence_audio,active,10614.0,3996.0,333.0,12.0,861.2333333333335,520.0916666666667,4375.0,4375,4,5623.0,1.0,10614.0,3.670833333333333,12.0,104.38666666666666,51.33333333333334,1.1305822498586768,exp_images/audio\PUNJABI\sapling.wav,IMG_03_P_ACT,exp_images/images/girl_plant_tree.jpg,IMG_03,exp_images/sentences/Sapling.jpg,STIM_03,stimuli_list_subj_5_b.csv,ACT,active,agent_first,agent_overt,0.0,,5773.0,4189.0,246.41176470588238,17.0,909.6352941176473,576.964705882353,4390.0,3626,6,781.0,0.8259681093394078,5773.0,3.367647058823529,17.0,88.32705882352941,35.411764705882355,2.9447427680582017,participant_image,4841.0,-193.0,86.58823529411762,-5.0,-48.401960784313815,-56.873039215686276,-15.0,749,-2,4842.0,0.17403189066059221,4841.0,0.30318627450980395,-5.0,16.059607843137243,15.921568627450988,-1.8141605181995248,-0.30318627450980395,0.13600345867347965,-0.2000912092477113,-0.9307322991845375,1.0450549153657331,-0.239253494957936,-0.0378037258701944
edf17,26,Punjabi,sentence_audio,active,10507.0,4248.0,354.0,12.0,964.1000000000003,396.50833333333327,4427.0,3896,4,5728.0,0.8800542127851818,10507.0,3.5824999999999987,12.0,111.24307692307691,44.46153846153846,1.1420957456933474,exp_images/audio\PUNJABI\frisbee.wav,IMG_12_P_ACT,exp_images/images/child_throw_frisbee.jpg,IMG_12,exp_images/sentences/Frisbee.jpg,STIM_12,stimuli_list_subj_5_b.csv,ACT,active,agent_first,agent_overt,0.0,,5934.0,4224.0,281.6,15.0,957.4400000000003,428.51999999999987,4401.0,3328,8,1150.0,0.7561917745966825,5934.0,4.542666666666666,15.0,108.92266666666664,39.46666666666667,2.527805864509605,participant_image,4573.0,24.0,72.39999999999998,-3.0,6.659999999999968,-32.0116666666666,26.0,568,-4,4578.0,0.12386243818849929,4573.0,-0.9601666666666677,-3.0,2.3204102564102698,4.994871794871791,-1.3857101188162577,0.9601666666666677,0.10679378291339367,0.26379245907265125,-0.4745181764820781,0.817445641817806,0.6241422499038686,0.26753119144512827
edf17,27,Punjabi,sentence_audio,active,10223.0,4355.0,544.375,8.0,867.8375000000002,425.1125,4578.0,4578,5,5231.0,1.0,10223.0,2.54,8.0,100.66875000000002,51.75,0.7825491538687274,exp_images/audio\PUNJABI\vase.wav,IMG_08_P_ACT,exp_images/images/boy_broke_vase.jpg,IMG_08,exp_images/sentences/Vase.jpg,STIM_08,stimuli_list_subj_5_b.csv,ACT,active,agent_first,agent_overt,0.0,,5654.0,4160.0,244.70588235294116,17.0,886.7529411764706,538.2058823529411,4381.0,3793,7,661.0,0.8657840675644828,5654.0,3.561764705882353,17.0,86.73294117647059,36.0,3.0067209055535904,participant_image,4569.0,195.0,299.66911764705884,-9.0,-18.91544117647038,-113.09338235294109,197.0,785,-2,4570.0,0.13421593243551722,4569.0,-1.0217647058823531,-9.0,13.935808823529428,15.75,-2.224171751684863,1.0217647058823531,0.574678414027715,0.6293413405601259,-1.843160544589456,1.090325268115597,0.6662393418702096,0.22348476399683825
edf17,28,Punjabi,sentence_audio,passive,10547.0,4413.0,551.625,8.0,897.6874999999999,357.4125,4655.0,4655,3,5554.0,1.0,10547.0,1.6225,8.0,83.01625,42.25,0.7585095287759552,exp_images/audio\PUNJABI\p_box.wav,IMG_05_P_PWA,exp_images/images/man_pushed_box.jpg,IMG_05,exp_images/sentences/Pushed-box-passive.jpg,STIM_23,stimuli_list_subj_5_b.csv,PWA,passive_with_agent,non_agent_first,agent_overt,1.0,0.0,5849.0,4485.0,373.75,12.0,1044.8916666666667,381.0083333333334,4614.0,4404,4,857.0,0.9544863459037712,5849.0,3.145833333333333,12.0,89.68666666666668,31.5,2.0516327577363653,participant_image,4698.0,-72.0,177.875,-4.0,-147.20416666666677,-23.59583333333336,41.0,251,-1,4697.0,0.04551365409622876,4698.0,-1.523333333333333,-4.0,-6.670416666666682,10.75,-1.2931232289604102,1.523333333333333,0.3239378101253183,0.058572034377928656,-0.7026252378333078,0.41881503565928163,1.0090194190623207,0.2215438122783083
edf17,29,Punjabi,sentence_audio,passive,10840.0,3972.0,209.05263157894737,19.0,880.7000000000003,499.0105263157895,4177.0,4105,8,5847.0,0.9827627483840076,10840.0,2.98,19.0,86.03684210526316,42.94736842105263,1.7527675276752768,exp_images/audio\PUNJABI\p_shrub.wav,IMG_04_P_PWA,exp_images/images/man_cut_shrub.jpg,IMG_04,exp_images/sentences/Shrub-passive.jpg,STIM_22,stimuli_list_subj_5_b.csv,PWA,passive_with_agent,non_agent_first,agent_overt,1.0,0.0,5710.0,4364.0,290.93333333333334,15.0,939.2533333333333,516.9133333333333,4424.0,4424,7,718.0,1.0,5710.0,4.574,15.0,113.11133333333336,37.86666666666667,2.626970227670753,participant_image,5130.0,-392.0,-81.88070175438597,4.0,-58.55333333333306,-17.902807017543807,-247.0,-319,1,5129.0,-0.017237251615992433,5130.0,-1.5939999999999999,4.0,-27.0744912280702,5.080701754385963,-0.8742026999954762,1.5939999999999999,-0.21082776626915387,-0.6254960479378133,1.1222312529765295,-0.29796554954689786,1.0573141570685902,0.2090512092582509
edf17,30,Punjabi,sentence_audio,passive,10206.0,4286.0,252.11764705882354,17.0,957.0470588235294,437.14705882352933,4488.0,4108,7,5442.0,0.9153297682709448,10206.0,2.59,17.0,78.07000000000002,29.64705882352941,1.6656868508720362,exp_images/audio\PUNJABI\p_window.wav,IMG_02_P_PWA,exp_images/images/girl_opened_window.jpg,IMG_02,exp_images/sentences/Window-passive.jpg,STIM_20,stimuli_list_subj_5_b.csv,PWA,passive_with_agent,non_agent_first,agent_overt,1.0,0.0,5688.0,4226.0,325.07692307692315,13.0,1046.5615384615382,441.9153846153846,4523.0,4022,7,1018.0,0.8892328100818041,5688.0,3.5746153846153836,13.0,93.17692307692306,36.153846153846146,2.2855133614627285,participant_image,4518.0,60.0,-72.95927601809962,4.0,-89.51447963800888,-4.768325791855261,-35.0,86,0,4424.0,0.026096958189140707,4518.0,-0.9846153846153838,4.0,-15.106923076923039,-6.506787330316737,-0.6198265105906924,0.9846153846153838,-0.19246100340734465,0.34075011833317226,1.1222312529765295,0.21132591888907176,0.6408508974688084,0.4245394368520475
edf17,31,Punjabi,sentence_audio,passive_dropped_agent,10776.0,4062.0,270.8,15.0,887.0933333333336,617.8066666666667,4196.0,3472,4,5784.0,0.8274547187797903,10776.0,3.007333333333334,15.0,88.58200000000002,53.06666666666667,1.3919821826280625,exp_images/audio\PUNJABI\p_woa_dug.wav,IMG_13_P_PNA,exp_images/images/dog_dug_hole.jpg,IMG_13,exp_images/sentences/Dog-dug-woa.jpg,STIM_49,stimuli_list_subj_5_b.csv,PNA,passive_dropped_agent,non_agent_first,agent_dropped,1.0,1.0,5774.0,4178.0,245.7647058823529,17.0,935.3117647058824,685.6705882352941,4404.0,2986,6,782.0,0.6780199818346957,5774.0,3.295,18.0,86.99555555555555,33.333333333333336,3.1174229303775545,participant_image,5002.0,-116.0,25.035294117647112,-2.0,-48.21843137254882,-67.86392156862735,-208.0,486,-2,5002.0,0.14943473694509457,5002.0,-0.28766666666666607,-3.0,1.5864444444444672,19.733333333333334,-1.725440747749492,0.28766666666666607,0.009282875276489804,-0.03548732694048587,-0.24641111513084843,0.7143298383320047,0.16454492005646917,0.12125183831872588
edf17,32,Punjabi,sentence_audio,passive_dropped_agent,10825.0,4605.0,767.5,6.0,956.05,620.8166666666667,4812.0,4698,3,5833.0,0.9763092269326684,10825.0,2.36,6.0,75.14,30.0,0.5542725173210162,exp_images/audio\PUNJABI\p_woa_veg.wav,IMG_18_P_PNA,exp_images/images/boy_cut_vegetables.jpg,IMG_18,exp_images/sentences/Veg-woa.jpg,STIM_54,stimuli_list_subj_5_b.csv,PNA,passive_dropped_agent,non_agent_first,agent_dropped,1.0,1.0,6026.0,4070.0,814.0,5.0,966.4400000000003,513.72,4807.0,4807,3,1033.0,1.0,6026.0,3.858,5.0,95.682,37.2,0.8297378028542981,participant_image,4799.0,535.0,-46.5,1.0,-10.390000000000327,107.09666666666669,5.0,-109,0,4800.0,-0.023690773067331583,4799.0,-1.4980000000000002,1.0,-20.542,-7.200000000000003,-0.27546528553328187,1.4980000000000002,-0.1379886284210252,1.3561636780206017,0.4379100689228405,-0.03388849183935804,0.9917062110978095,0.5227805675561737
edf17,33,Punjabi,sentence_audio,passive_dropped_agent,10710.0,4566.0,507.33333333333326,9.0,927.2111111111113,518.8111111111111,4745.0,4566,5,5926.0,0.9622760800842992,10710.0,2.197777777777778,9.0,77.82777777777777,27.555555555555557,0.8403361344537814,exp_images/audio\PUNJABI\p_woa_cake.wav,IMG_15_P_PNA,exp_images/images/girl_baked_cake.jpg,IMG_15,exp_images/sentences/Cake-woa.jpg,STIM_51,stimuli_list_subj_5_b.csv,PNA,passive_dropped_agent,non_agent_first,agent_dropped,1.0,1.0,5849.0,4565.0,2282.5,2.0,918.35,465.15,4936.0,4936,2,857.0,1.0,5849.0,2.145,2.0,74.115,28.0,0.34193879295606083,participant_image,4861.0,1.0,-1775.1666666666667,7.0,8.861111111111313,53.661111111111154,-191.0,-370,3,5069.0,-0.03772391991570079,4861.0,0.052777777777778034,7.0,3.7127777777777737,-0.44444444444444287,0.4983973414977206,-0.052777777777778034,-3.696838040196457,0.21462506565620731,1.8065524370302184,-0.36209854927587176,-0.06812029574731882,-0.42117587650664434
edf17,34,English,sentence_audio,active,10479.0,4209.0,420.9,10.0,959.97,513.96,4452.0,4209,4,5756.0,0.9454177897574124,10479.0,2.5980000000000003,10.0,85.06200000000003,54.0,0.95428953144384,exp_images/audio\ENGLISH\clothes.wav,IMG_06_E_ACT,exp_images/images/women_fold_clothes.jpg,IMG_06,exp_images/sentences/active_woman_clothes.jpg,STIM_60,stimuli_list_subj_5_b.csv,ACT,active,agent_first,agent_overt,0.0,,5775.0,3931.0,327.5833333333333,12.0,974.2000000000003,419.40833333333336,4167.0,3931,5,1048.0,0.943364530837533,5775.0,2.3766666666666665,12.0,116.37583333333336,68.83333333333333,2.0779220779220777,participant_image,4704.0,278.0,93.31666666666666,-2.0,-14.230000000000246,94.55166666666668,285.0,278,-1,4708.0,0.002053258919879397,4704.0,0.22133333333333383,-2.0,-31.313833333333335,-14.833333333333329,-1.1236325464782377,-0.22133333333333383,0.14985544905086157,0.8067714994107715,-0.24641111513084843,0.4527678002216796,-0.18331387680944258,0.19593395134860436
edf17,35,English,sentence_audio,active,10559.0,4421.0,340.07692307692315,13.0,979.3076923076923,517.546153846154,4626.0,4237,3,5567.0,0.915910073497622,10559.0,2.1115384615384616,13.0,68.72000000000001,28.153846153846153,1.231177194810115,exp_images/audio\ENGLISH\letter.wav,IMG_17_E_ACT,exp_images/images/women_read_letter.jpg,IMG_17,exp_images/sentences/active_women_letter.jpg,STIM_71,stimuli_list_subj_5_b.csv,ACT,active,agent_first,agent_overt,0.0,,5684.0,4436.0,403.27272727272725,11.0,1054.2545454545457,601.9090909090909,4682.0,4682,3,692.0,1.0,5684.0,2.2790909090909093,11.0,78.5218181818182,28.181818181818183,1.935256861365236,participant_image,4875.0,-15.0,-63.1958041958041,2.0,-74.94685314685341,-84.36293706293691,-56.0,-445,0,4875.0,-0.08408992650237801,4875.0,-0.1675524475524477,2.0,-9.801818181818192,-0.027972027972030133,-0.704079666555121,0.1675524475524477,-0.17236069915455113,0.1804216615404202,0.6660171302740702,-0.4564117841714217,0.08245692841096719,0.06002464737989695
edf17,36,English,sentence_audio,active,10199.0,4239.0,326.07692307692315,13.0,943.9461538461537,510.176923076923,4475.0,4475,6,5206.0,1.0,10199.0,4.1946153846153855,13.0,100.70692307692309,39.846153846153854,1.2746347681145211,exp_images/audio\ENGLISH\lamp.wav,IMG_01_E_ACT,exp_images/images/girl_lighted_lamp.jpg,IMG_01,exp_images/sentences/active_girl_lamp.jpg,STIM_55,stimuli_list_subj_5_b.csv,ACT,active,agent_first,agent_overt,0.0,,6106.0,4312.0,287.46666666666664,15.0,891.4066666666665,606.8133333333333,4501.0,4501,5,1115.0,1.0,6106.0,3.286666666666666,15.0,88.09733333333334,32.666666666666664,2.456600065509335,participant_image,4093.0,-73.0,38.61025641025651,-2.0,52.539487179487196,-96.63641025641027,-26.0,-26,1,4091.0,0.0,4093.0,0.9079487179487193,-2.0,12.609589743589751,7.1794871794871895,-1.181965297394814,-0.9079487179487193,0.037229990530978786,0.056434321620691966,-0.24641111513084843,0.07048482144505054,-0.6525578878152054,-0.1469639738698665
edf18,19,English,sentence_audio,passive_dropped_agent,11161.0,3975.0,265.0,15.0,835.5066666666668,512.08,4155.0,3189,5,6388.0,0.7675090252707581,11161.0,2.754666666666666,15.0,155.0146666666666,55.73333333333333,1.3439655944807811,exp_images/audio\ENGLISH\p_woa_tabla.wav,IMG_11_E_PNA,exp_images/images/child_play_tabla.jpg,IMG_11,exp_images/sentences/noagent_child_tabla.jpg,STIM_101,stimuli_list_subj_6_b.csv,PNA,passive_dropped_agent,non_agent_first,agent_dropped,1.0,1.0,6080.0,4328.0,309.14285714285717,14.0,769.2214285714286,526.7071428571428,4508.0,4172,6,1306.0,0.9254658385093169,6080.0,3.0978571428571433,14.0,81.56642857142856,34.57142857142857,2.3026315789473686,participant_image,5081.0,-353.0,-44.14285714285717,1.0,66.28523809523813,-14.627142857142758,-353.0,-983,-1,5082.0,-0.1579568132385587,5081.0,-0.34319047619047716,1.0,73.44823809523805,21.161904761904758,-0.9586659844665875,0.34319047619047716,-0.13313591931731514,-0.5421252504055822,0.4379100689228405,-1.1329520558221664,0.20249078563282474,-0.23356247419787968
edf18,20,English,sentence_audio,passive_dropped_agent,10374.0,3938.0,302.92307692307685,13.0,903.4307692307692,442.69999999999993,4138.0,4138,12,5382.0,1.0,10374.0,2.021428571428572,14.0,230.40285714285716,62.28571428571429,1.3495276653171389,exp_images/audio\ENGLISH\p_woa_door.wav,IMG_10_E_PNA,exp_images/images/boy_opened_door.jpg,IMG_10,exp_images/sentences/noagent_boy_door.jpg,STIM_100,stimuli_list_subj_6_b.csv,PNA,passive_dropped_agent,non_agent_first,agent_dropped,1.0,1.0,5708.0,4114.0,242.0,17.0,864.6352941176469,522.0529411764705,4275.0,4275,6,715.0,1.0,5708.0,2.8105882352941167,17.0,124.66705882352942,42.23529411764706,2.978276103714085,participant_image,4666.0,-176.0,60.92307692307685,-4.0,38.79547511312228,-79.35294117647061,-137.0,-137,6,4667.0,0.0,4666.0,-0.7891596638655449,-3.0,105.73579831932774,20.050420168067234,-1.6287484383969462,0.7891596638655449,0.08316595359910534,-0.1637500923746875,-0.7026252378333078,-0.06909876620036334,0.5072733103163555,-0.06900696649857956
edf18,21,English,sentence_audio,passive_dropped_agent,10618.0,3944.0,328.6666666666667,12.0,962.5333333333334,407.55,4235.0,3961,7,5625.0,0.93530106257379,10618.0,1.5041666666666669,12.0,232.36500000000004,63.16666666666666,1.1301563382934638,exp_images/audio\ENGLISH\p_woa_bucket.wav,IMG_09_E_PNA,exp_images/images/boy_filled_bucket.jpg,IMG_09,exp_images/sentences/noagent_boy_bucket.jpg,STIM_99,stimuli_list_subj_6_b.csv,PNA,passive_dropped_agent,non_agent_first,agent_dropped,1.0,1.0,6125.0,4407.0,400.6363636363636,11.0,981.6090909090907,481.0,4644.0,4396,6,1133.0,0.9465977605512488,6125.0,2.493636363636364,11.0,74.77545454545455,31.63636363636364,1.7959183673469388,participant_image,4493.0,-463.0,-71.96969696969694,1.0,-19.07575757575728,-73.44999999999999,-409.0,-435,1,4492.0,-0.011296697977458803,4493.0,-0.9894696969696972,1.0,157.5895454545455,31.530303030303017,-0.6657620290534749,0.9894696969696972,-0.1904237322073949,-0.7772736537016186,0.4379100689228405,-0.44383668618534833,0.644168412704924,-0.06589111809331945
edf18,22,Punjabi,sentence_audio,active,10483.0,3877.0,242.3125,16.0,837.93125,486.225,4085.0,3981,8,5490.0,0.9745410036719706,10483.0,2.3493749999999998,16.0,189.90062500000005,56.75,1.5262806448535724,exp_images/audio\PUNJABI\fed.wav,IMG_16_P_ACT,exp_images/images/girl_fed_dog.jpg,IMG_16,exp_images/sentences/Fed-dog.jpg,STIM_16,stimuli_list_subj_6_b.csv,ACT,active,agent_first,agent_overt,0.0,,6106.0,4138.0,295.57142857142856,14.0,912.6714285714284,701.8571428571429,4377.0,3341,10,1113.0,0.7633082019648161,6106.0,2.904285714285714,14.0,141.55785714285716,44.0,2.2928267278087127,participant_image,4377.0,-261.0,-53.258928571428555,2.0,-74.74017857142837,-215.63214285714287,-292.0,640,-2,4377.0,0.21123280170715453,4377.0,-0.5549107142857141,2.0,48.34276785714289,12.75,-0.7665460829551403,0.5549107142857141,-0.1519034041464363,-0.3454556767398064,0.6660171302740702,0.9079863473175339,0.3471838058606706,0.2847656405132064
edf18,23,Punjabi,sentence_audio,active,10220.0,3984.0,249.0,16.0,929.6187500000003,365.70625,4203.0,4203,5,5227.0,1.0,10220.0,2.328125,16.0,120.07125000000002,49.375,1.5655577299412915,exp_images/audio\PUNJABI\scooter.wav,IMG_14_P_ACT,exp_images/images/driver_wash_scooter.jpg,IMG_14,exp_images/sentences/Washed-scooter.jpg,STIM_14,stimuli_list_subj_6_b.csv,ACT,active,agent_first,agent_overt,0.0,,6008.0,4228.0,248.70588235294116,17.0,909.7294117647058,386.42352941176483,4438.0,4438,5,1016.0,1.0,6008.0,2.8017647058823525,17.0,79.80823529411767,32.588235294117645,2.8295605858854866,participant_image,4212.0,-244.0,0.29411764705884025,-1.0,19.88933823529453,-20.71727941176482,-235.0,-235,0,4211.0,0.0,4212.0,-0.4736397058823525,-1.0,40.263014705882355,16.786764705882355,-1.2640028559441951,0.4736397058823525,-0.04165240509122243,-0.30911455986678266,-0.018304053779618773,-0.19233472646388192,0.29164188994068474,-0.05395277105216421
edf18,24,Punjabi,sentence_audio,active,10398.0,3928.0,245.5,16.0,936.4187500000003,415.05,4143.0,4143,7,5405.0,1.0,10398.0,2.896875,16.0,141.335,53.125,1.5387574533564148,exp_images/audio\PUNJABI\picture.wav,IMG_07_P_ACT,exp_images/images/artiste_drew_picture.jpg,IMG_07,exp_images/sentences/Painting.jpg,STIM_07,stimuli_list_subj_6_b.csv,ACT,active,agent_first,agent_overt,0.0,,5653.0,4063.0,203.15,20.0,895.3199999999998,463.0100000000001,4229.0,4101,5,760.0,0.9697327973516198,5653.0,2.9709523809523817,21.0,105.10142857142857,40.857142857142854,3.7148416769856722,participant_image,4745.0,-135.0,42.349999999999994,-4.0,41.09875000000045,-47.96000000000009,-86.0,42,2,4645.0,0.03026720264838023,4745.0,-0.07407738095238159,-5.0,36.23357142857144,12.267857142857146,-2.1760842236292577,0.07407738095238159,0.044929094430641074,-0.07610386932798305,-0.7026252378333078,0.15599548775034913,0.018574562586880797,-0.11184599247868396
edf18,25,Punjabi,sentence_audio,passive,10512.0,3980.0,284.2857142857143,14.0,828.5357142857144,506.3071428571429,4200.0,4200,7,5520.0,1.0,10512.0,3.444285714285715,14.0,136.13714285714286,56.57142857142857,1.3318112633181125,exp_images/audio\PUNJABI\p_sapling.wav,IMG_03_P_PWA,exp_images/images/girl_plant_tree.jpg,IMG_03,exp_images/sentences/Sapling-passive.jpg,STIM_21,stimuli_list_subj_6_b.csv,PWA,passive_with_agent,non_agent_first,agent_overt,1.0,0.0,5893.0,4117.0,316.6923076923077,13.0,775.6999999999998,634.3692307692307,4184.0,4184,4,901.0,1.0,5893.0,3.1876923076923074,13.0,156.24307692307693,62.153846153846146,2.2060071270999493,participant_image,4619.0,-137.0,-32.4065934065934,1.0,52.83571428571463,-128.06208791208786,16.0,16,3,4619.0,0.0,4619.0,0.25659340659340746,1.0,-20.105934065934065,-5.582417582417577,-0.8741958637818368,-0.25659340659340746,-0.10897417888485642,-0.08037929484245644,0.4379100689228405,0.1233002329865585,-0.20741117869874146,0.03288912989666894
edf18,26,Punjabi,sentence_audio,passive,10308.0,4096.0,341.3333333333333,12.0,981.75,386.51666666666665,4118.0,3986,6,5486.0,0.9679456046624576,10308.0,3.693333333333333,12.0,162.32000000000005,72.83333333333333,1.1641443538998837,exp_images/audio\PUNJABI\p_frisbee.wav,IMG_12_P_PWA,exp_images/images/child_throw_frisbee.jpg,IMG_12,exp_images/sentences/Frisbee-passive.jpg,STIM_30,stimuli_list_subj_6_b.csv,PWA,passive_with_agent,non_agent_first,agent_overt,1.0,0.0,5751.0,3895.0,216.38888888888889,18.0,1008.4833333333332,520.0722222222222,3916.0,2583,6,958.0,0.6596016343207355,5751.0,4.049444444444445,18.0,168.02722222222226,59.77777777777778,3.129890453834116,participant_image,4557.0,201.0,124.94444444444443,-6.0,-26.733333333333235,-133.55555555555554,202.0,1403,0,4528.0,0.3083439703417221,4557.0,-0.35611111111111216,-6.0,-5.707222222222214,13.05555555555555,-1.9657460999342324,0.35611111111111216,0.2149683482064006,0.6421676171035461,-1.1588393605357672,1.8674663236549285,0.2113209556097123,0.355416776807764
edf18,27,Punjabi,sentence_audio,passive,10400.0,3838.0,213.22222222222226,18.0,861.7833333333334,436.3166666666667,4068.0,4068,6,5502.0,1.0,10400.0,2.0657894736842106,19.0,137.4021052631579,53.05263157894736,1.8269230769230769,exp_images/audio\PUNJABI\p_vase.wav,IMG_08_P_PWA,exp_images/images/boy_broke_vase.jpg,IMG_08,exp_images/sentences/Vase-passive.jpg,STIM_26,stimuli_list_subj_6_b.csv,PWA,passive_with_agent,non_agent_first,agent_overt,1.0,0.0,5751.0,4399.0,338.38461538461536,13.0,928.3846153846154,482.8384615384616,4631.0,4631,3,758.0,1.0,5751.0,1.9446153846153849,13.0,68.0076923076923,27.84615384615385,2.2604764388801946,participant_image,4649.0,-561.0,-125.1623931623931,5.0,-66.60128205128194,-46.521794871794896,-563.0,-563,3,4744.0,0.0,4649.0,0.12117408906882576,6.0,69.3944129554656,25.206477732793513,-0.4335533619571177,-0.12117408906882576,-0.29993286962898724,-0.9867695039108145,1.3503383143277592,-0.6047979404070869,-0.11486343632839983,-0.13120508718950585
edf18,28,Punjabi,sentence_audio,passive_dropped_agent,11140.0,4188.0,380.7272727272728,11.0,1012.5545454545453,366.71818181818185,4361.0,4199,6,6147.0,0.9628525567530384,11140.0,1.98,11.0,190.35272727272732,57.45454545454545,0.9874326750448832,exp_images/audio\PUNJABI\p_woa_box.wav,IMG_05_P_PNA,exp_images/images/man_pushed_box.jpg,IMG_05,exp_images/sentences/Pushed-box-woa.jpg,STIM_41,stimuli_list_subj_6_b.csv,PNA,passive_dropped_agent,non_agent_first,agent_dropped,1.0,1.0,5915.0,4098.0,273.2,15.0,986.9666666666667,515.4,4271.0,3133,4,923.0,0.733551861390775,5915.0,3.2837500000000004,16.0,97.7,45.75,2.704987320371936,participant_image,5225.0,90.0,107.52727272727282,-4.0,25.587878787878594,-148.68181818181813,90.0,1066,2,5224.0,0.22930069536226338,5225.0,-1.3037500000000004,-5.0,92.65272727272732,11.704545454545453,-1.717554645327053,1.3037500000000004,0.1791111800688488,0.4048815010502731,-0.7026252378333078,1.4436855215242574,0.8589526329225575,0.43680111954652584
edf18,29,Punjabi,sentence_audio,passive_dropped_agent,11055.0,4104.0,273.6,15.0,792.4266666666667,455.2600000000001,4277.0,4277,4,6063.0,1.0,11055.0,2.7306250000000003,16.0,100.853125,45.375,1.4473089099954772,exp_images/audio\PUNJABI\p_woa_shrub.wav,IMG_04_P_PNA,exp_images/images/man_cut_shrub.jpg,IMG_04,exp_images/sentences/Shrub-woa.jpg,STIM_40,stimuli_list_subj_6_b.csv,PNA,passive_dropped_agent,non_agent_first,agent_dropped,1.0,1.0,5800.0,4200.0,247.05882352941174,17.0,873.2941176470587,480.9,4444.0,4444,7,810.0,1.0,5800.0,2.765555555555556,18.0,79.7638888888889,30.555555555555557,3.103448275862069,participant_image,5255.0,-96.0,26.541176470588283,-2.0,-80.86745098039194,-25.639999999999873,-167.0,-167,-3,5253.0,0.0,5255.0,-0.03493055555555591,-2.0,21.089236111111106,14.819444444444443,-1.6561393658665917,0.03493055555555591,0.01238307303543756,0.007266928204248006,-0.24641111513084843,-0.10682406015858331,-0.008179008304395632,-0.06835283647082836
edf18,30,Punjabi,sentence_audio,passive_dropped_agent,10339.0,3985.0,332.0833333333333,12.0,934.2333333333332,366.39166666666665,4181.0,3985,7,5740.0,0.953121262855776,10339.0,2.252307692307693,13.0,173.96615384615384,63.384615384615394,1.257374987909856,exp_images/audio\PUNJABI\p_woa_window.wav,IMG_02_P_PNA,exp_images/images/girl_opened_window.jpg,IMG_02,exp_images/sentences/Window-woa.jpg,STIM_38,stimuli_list_subj_6_b.csv,PNA,passive_dropped_agent,non_agent_first,agent_dropped,1.0,1.0,5638.0,4046.0,224.77777777777774,18.0,1105.2833333333333,473.26666666666665,4284.0,4046,4,1042.0,0.9444444444444444,5638.0,2.9336842105263163,19.0,114.00578947368422,41.578947368421055,3.3699893579283438,participant_image,4701.0,-61.0,107.30555555555557,-6.0,-171.05000000000007,-106.875,-103.0,-61,3,4698.0,0.00867681841133161,4701.0,-0.6813765182186233,-6.0,59.96036437246963,21.80566801619434,-2.1126143700184876,0.6813765182186233,0.17865472536803134,0.08208687470753229,-1.1588393605357672,0.026471978493793912,0.4336125728563132,-0.0876026418220193
edf18,31,English,sentence_audio,active,10435.0,4075.0,339.5833333333333,12.0,1001.6333333333333,672.1583333333333,4260.0,4260,3,5443.0,1.0,10435.0,2.620833333333333,12.0,118.51333333333336,61.0,1.149976042165788,exp_images/audio\ENGLISH\dug.wav,IMG_13_E_ACT,exp_images/images/dog_dug_hole.jpg,IMG_13,exp_images/sentences/active_dog_hole.jpg,STIM_67,stimuli_list_subj_6_b.csv,ACT,active,agent_first,agent_overt,0.0,,5821.0,4263.0,236.83333333333331,18.0,918.8499999999997,703.9500000000003,4416.0,3814,5,829.0,0.863677536231884,5821.0,2.7677777777777783,18.0,78.10722222222222,32.0,3.092252190345301,participant_image,4614.0,-188.0,102.75,-6.0,82.78333333333364,-31.79166666666697,-156.0,446,-2,4614.0,0.13632246376811596,4614.0,-0.1469444444444452,-6.0,40.406111111111144,29.0,-1.942276148179513,0.1469444444444452,0.1692760889184367,-0.18940264546152782,-1.1588393605357672,0.6640294463877114,0.06837308721851391,-0.08931267669452657
edf18,32,English,sentence_audio,active,10961.0,4257.0,354.75,12.0,972.6583333333333,576.3583333333332,4439.0,4309,5,5968.0,0.9707141248028835,10961.0,3.075833333333333,12.0,108.86083333333336,46.16666666666666,1.0947906212936775,exp_images/audio\ENGLISH\veg.wav,IMG_18_E_ACT,exp_images/images/boy_cut_vegetables.jpg,IMG_18,exp_images/sentences/active_boy_vegetables.jpg,STIM_72,stimuli_list_subj_6_b.csv,ACT,active,agent_first,agent_overt,0.0,,5893.0,4226.0,264.125,16.0,972.9,570.83125,4407.0,4123,6,901.0,0.9355570683004312,5893.0,3.578125,16.0,88.788125,36.625,2.7150856948922453,participant_image,5068.0,31.0,90.625,-4.0,-0.24166666666667425,5.52708333333328,32.0,186,-1,5067.0,0.03515705650245238,5068.0,-0.5022916666666668,-4.0,20.072708333333367,9.541666666666657,-1.6202950735985677,0.5022916666666668,0.14431404739253403,0.27875644837330815,-0.7026252378333078,0.337076898749805,0.3112231013479163,0.07374905160605115
edf18,33,English,sentence_audio,active,10821.0,3947.0,328.9166666666667,12.0,923.55,505.475,4164.0,4010,5,5829.0,0.9630163304514888,10821.0,1.9316666666666664,12.0,151.77333333333334,69.0,1.1089548100914888,exp_images/audio\ENGLISH\cake.wav,IMG_15_E_ACT,exp_images/images/girl_baked_cake.jpg,IMG_15,exp_images/sentences/active_girl_cake.jpg,STIM_69,stimuli_list_subj_6_b.csv,ACT,active,agent_first,agent_overt,0.0,,5942.0,4224.0,264.0,16.0,915.6125,478.1,4232.0,4004,6,950.0,0.946124763705104,5942.0,1.83125,16.0,166.88875000000004,47.5,2.692696061932009,participant_image,4879.0,-277.0,64.91666666666669,-4.0,7.9375,27.375,-68.0,6,-1,4879.0,0.016891566746384812,4879.0,0.10041666666666638,-4.0,-15.115416666666704,21.5,-1.5837412518405203,-0.10041666666666638,0.09138765694070605,-0.3796590808555935,-0.7026252378333078,0.11072513500048518,-0.100677479584092,-0.1961698012663604
edf18,34,English,sentence_audio,passive,10252.0,4406.0,367.16666666666674,12.0,968.1916666666666,487.3083333333333,4679.0,4593,4,5259.0,0.9816200042744176,10252.0,1.66,12.0,62.52250000000001,26.16666666666667,1.1705033164260632,exp_images/audio\ENGLISH\p_clothes.wav,IMG_06_E_PWA,exp_images/images/women_fold_clothes.jpg,IMG_06,exp_images/sentences/passive_woman_clothes.jpg,STIM_78,stimuli_list_subj_6_b.csv,PWA,passive_with_agent,non_agent_first,agent_overt,1.0,0.0,5826.0,4310.0,287.3333333333333,15.0,954.1066666666666,494.3733333333332,4395.0,3926,4,1074.0,0.893287827076223,5826.0,2.4766666666666666,15.0,91.93333333333337,39.86666666666667,2.574665293511844,participant_image,4426.0,96.0,79.83333333333343,-3.0,14.085000000000036,-7.064999999999941,284.0,667,0,4185.0,0.08833217719819464,4426.0,-0.8166666666666667,-3.0,-29.410833333333358,-13.699999999999996,-1.404161977085781,0.8166666666666667,0.12209697263236655,0.41770777759369326,-0.4745181764820781,0.9419391118799318,0.5260720389996275,0.30665954492470815
edf18,35,English,sentence_audio,passive,10781.0,4099.0,315.3076923076923,13.0,963.9461538461541,481.4384615384615,4462.0,4462,5,5789.0,1.0,10781.0,1.9715384615384617,13.0,83.01769230769231,40.769230769230774,1.2058250626101474,exp_images/audio\ENGLISH\p_letter.wav,IMG_17_E_PWA,exp_images/images/women_read_letter.jpg,IMG_17,exp_images/sentences/passive_women_letter.jpg,STIM_89,stimuli_list_subj_6_b.csv,PWA,passive_with_agent,non_agent_first,agent_overt,1.0,0.0,5684.0,4034.0,310.3076923076923,13.0,973.7538461538464,447.97692307692313,4302.0,4302,7,692.0,1.0,5684.0,2.4961538461538457,13.0,148.43153846153848,53.07692307692307,2.287121745249824,participant_image,5097.0,65.0,5.0,0.0,-9.807692307692378,33.461538461538396,160.0,160,-2,5097.0,0.0,5097.0,-0.524615384615384,0.0,-65.41384615384617,-12.3076923076923,-1.0812966826396766,0.524615384615384,-0.03196428709451069,0.35143868211935575,0.20980300757161088,0.30438164398601436,0.32647948969214957,0.23202770725492394
edf18,36,English,sentence_audio,passive,10969.0,3969.0,283.5,14.0,889.9428571428572,472.7785714285714,4237.0,4237,7,5976.0,1.0,10969.0,3.5042857142857144,14.0,128.93928571428572,54.0,1.2763241863433312,exp_images/audio\ENGLISH\p_lamp.wav,IMG_01_E_PWA,exp_images/images/girl_lighted_lamp.jpg,IMG_01,exp_images/sentences/passive_girl_lamp.jpg,STIM_73,stimuli_list_subj_6_b.csv,PWA,passive_with_agent,non_agent_first,agent_overt,1.0,0.0,5809.0,4163.0,231.27777777777774,18.0,760.4388888888889,533.5944444444443,4342.0,4342,4,817.0,1.0,5809.0,2.365,18.0,98.16777777777777,36.111111111111114,3.0986400413152007,participant_image,5160.0,-194.0,52.22222222222226,-4.0,129.5039682539683,-60.81587301587291,-105.0,-105,3,5159.0,0.0,5160.0,1.1392857142857142,-4.0,30.771507936507945,17.888888888888886,-1.8223158549718694,-1.1392857142857142,0.06525328585860407,-0.202228922004948,-0.7026252378333078,-0.02885845264492871,-0.8106573165310421,-0.3358233286311245
edf19,19,Punjabi,sentence_audio,active,11054.0,4182.0,298.7142857142857,14.0,894.0357142857142,501.45000000000016,4329.0,3378,8,6240.0,0.7803187803187803,11054.0,3.4364285714285714,14.0,127.95500000000004,47.42857142857143,1.2665098606839154,exp_images/audio\PUNJABI\tabla.wav,IMG_11_P_ACT,exp_images/images/child_play_tabla.jpg,IMG_11,exp_images/sentences/Tabla.jpg,STIM_11,stimuli_list_subj_7_b.csv,ACT,active,agent_first,agent_overt,0.0,,6132.0,4204.0,300.2857142857143,14.0,852.2142857142858,616.4857142857143,4352.0,3200,6,1320.0,0.7352941176470589,6132.0,3.035,14.0,116.40285714285713,45.714285714285715,2.2831050228310503,participant_image,4922.0,-22.0,-1.5714285714285552,0.0,41.82142857142844,-115.0357142857141,-23.0,178,2,4920.0,0.04502466267172145,4922.0,0.40142857142857125,0.0,11.552142857142911,1.7142857142857153,-1.016595162147135,-0.40142857142857125,-0.045493051868490314,0.16545767223976335,0.20980300757161088,0.32701682036094637,-0.3063938627526434,0.07007811711023738
edf19,20,Punjabi,sentence_audio,active,10780.0,4482.0,498.0,9.0,880.6444444444444,470.68888888888887,4770.0,4770,4,5788.0,1.0,10780.0,1.5244444444444445,9.0,60.28777777777778,24.66666666666667,0.8348794063079777,exp_images/audio\PUNJABI\door.wav,IMG_10_P_ACT,exp_images/images/boy_opened_door.jpg,IMG_10,exp_images/sentences/Closed-door.jpg,STIM_10,stimuli_list_subj_7_b.csv,ACT,active,agent_first,agent_overt,0.0,,5928.0,4158.0,346.5,12.0,851.7333333333335,537.3583333333332,4313.0,4313,3,935.0,1.0,5928.0,2.624166666666667,12.0,188.4858333333333,56.66666666666666,2.0242914979757085,participant_image,4852.0,324.0,151.5,-3.0,28.911111111110927,-66.66944444444437,457.0,457,1,4853.0,0.0,4852.0,-1.0997222222222225,-3.0,-128.19805555555553,-31.999999999999986,-1.1894120916677307,1.0997222222222225,0.26963893629062274,0.9051062862436594,-0.4745181764820781,0.6778620541723921,0.7195167639539849,0.41952117283571627
edf19,21,Punjabi,sentence_audio,active,10598.0,4212.0,300.85714285714283,14.0,932.592857142857,557.2357142857144,4480.0,4480,7,5606.0,1.0,10598.0,1.6871428571428573,14.0,113.43857142857144,36.57142857142857,1.3210039630118893,exp_images/audio\PUNJABI\bucket.wav,IMG_09_P_ACT,exp_images/images/boy_filled_bucket.jpg,IMG_09,exp_images/sentences/Bucket.jpg,STIM_09,stimuli_list_subj_7_b.csv,ACT,active,agent_first,agent_overt,0.0,,5649.0,4573.0,762.1666666666665,6.0,909.4666666666666,479.7166666666667,4736.0,4231,2,657.0,0.8933699324324325,5649.0,1.6616666666666664,6.0,186.25666666666663,42.66666666666666,1.0621348911311737,participant_image,4949.0,-361.0,-461.3095238095237,8.0,23.12619047619046,77.51904761904768,-256.0,249,5,4949.0,0.10663006756756754,4949.0,0.025476190476190874,8.0,-72.8180952380952,-6.095238095238088,0.2588690718807156,-0.025476190476190874,-0.9919673961466539,-0.5592269524634758,2.034659498381448,0.41630001606206696,-0.049461951324411606,0.17006064290179476
edf19,22,Punjabi,sentence_audio,passive,11042.0,1732.0,157.45454545454547,11.0,1073.7636363636361,627.6272727272726,1893.0,1869,7,6049.0,0.9873217115689382,11042.0,2.905,10.0,476.032,312.4,0.9056330374932078,exp_images/audio\PUNJABI\p_fed.wav,IMG_16_P_PWA,exp_images/images/girl_fed_dog.jpg,IMG_16,exp_images/sentences/Fed-dog-passive.jpg,STIM_34,stimuli_list_subj_7_b.csv,PWA,passive_with_agent,non_agent_first,agent_overt,1.0,0.0,5944.0,4148.0,276.53333333333336,15.0,834.1866666666666,649.1333333333333,4285.0,2542,6,1126.0,0.5932322053675613,5944.0,4.054666666666667,15.0,137.99466666666666,47.2,2.5235531628532977,participant_image,5098.0,-2416.0,-119.07878787878789,-4.0,239.5769696969695,-21.506060606060714,-2392.0,-673,1,4923.0,0.39408950620137695,5098.0,-1.149666666666667,-5.0,338.0373333333333,265.2,-1.61792012536009,1.149666666666667,-0.2874083988894776,-4.952226668584881,-0.7026252378333078,-0.7431240182538934,0.7536496015857744,-1.1863469443951573
edf19,23,Punjabi,sentence_audio,passive,10261.0,3823.0,224.88235294117646,17.0,858.8941176470587,575.6764705882352,3924.0,3392,7,5269.0,0.8644240570846076,10261.0,3.397647058823529,17.0,216.4105882352941,62.82352941176471,1.656758600526265,exp_images/audio\PUNJABI\p_scooter.wav,IMG_14_P_PWA,exp_images/images/driver_wash_scooter.jpg,IMG_14,exp_images/sentences/Washed-scooter-passive.jpg,STIM_32,stimuli_list_subj_7_b.csv,PWA,passive_with_agent,non_agent_first,agent_overt,1.0,0.0,6072.0,4470.0,372.5,12.0,1017.7833333333334,660.1416666666668,4611.0,4611,3,1079.0,1.0,6072.0,2.535,12.0,74.27583333333331,31.83333333333333,1.9762845849802368,participant_image,4189.0,-647.0,-147.61764705882354,5.0,-158.88921568627472,-84.46519607843152,-687.0,-1219,4,4190.0,-0.13557594291539243,4189.0,0.8626470588235287,5.0,142.1347549019608,30.99019607843138,-0.31952598445397196,-0.8626470588235287,-0.34616206387536946,-1.1706128010331704,1.3503383143277592,-1.4297243682934968,-0.6215980044373695,-0.4435517846623294
edf19,24,Punjabi,sentence_audio,passive,10240.0,2896.0,241.33333333333331,12.0,837.7166666666667,453.08333333333326,2924.0,2792,6,5298.0,0.9548563611491108,10240.0,4.3753846153846165,13.0,376.14076923076937,160.30769230769232,1.26953125,exp_images/audio\PUNJABI\p_picture.wav,IMG_07_P_PWA,exp_images/images/artiste_drew_picture.jpg,IMG_07,exp_images/sentences/Painting-passive.jpg,STIM_25,stimuli_list_subj_7_b.csv,PWA,passive_with_agent,non_agent_first,agent_overt,1.0,0.0,5747.0,4469.0,343.76923076923083,13.0,776.8153846153847,463.96153846153845,4604.0,4469,2,932.0,0.9706776715899218,5747.0,2.64,13.0,73.33384615384615,29.84615384615385,2.2620497650948317,participant_image,4493.0,-1573.0,-102.43589743589752,-1.0,60.90128205128201,-10.878205128205195,-1680.0,-1677,4,4366.0,-0.01582131044081103,4493.0,1.7353846153846164,0.0,302.8069230769232,130.46153846153848,-0.9925185150948317,-1.7353846153846164,-0.2531452630258505,-3.150134814234349,-0.018304053779618773,-2.005663856055655,-1.2180409050366536,-1.3290577784264255
edf19,25,Punjabi,sentence_audio,passive_dropped_agent,10356.0,1614.0,201.75,8.0,865.7125,444.55,2010.0,1124,3,5658.0,0.5592039800995025,10356.0,8.32,10.0,643.3109999999998,316.4,0.9656237929702588,exp_images/audio\PUNJABI\p_woa_sapling.wav,IMG_03_P_PNA,exp_images/images/girl_plant_tree.jpg,IMG_03,exp_images/sentences/Sapling-woa.jpg,STIM_39,stimuli_list_subj_7_b.csv,PNA,passive_dropped_agent,non_agent_first,agent_dropped,1.0,1.0,5815.0,4071.0,271.4,15.0,808.12,560.9533333333334,4482.0,3815,6,1278.0,0.8511825078090138,5815.0,3.4306666666666668,15.0,85.21333333333334,34.0,2.5795356835769563,participant_image,4541.0,-2457.0,-69.64999999999998,-7.0,57.59249999999997,-116.40333333333336,-2472.0,-2691,-3,4380.0,-0.2919785277095114,4541.0,4.889333333333333,-5.0,558.0976666666664,282.4,-1.6139118906066976,-4.889333333333333,-0.18564811389109911,-5.039872891631586,-1.3869464218869967,-3.2807787918434905,-3.373500249638669,-2.6533492937783683
edf19,26,Punjabi,sentence_audio,passive_dropped_agent,10406.0,2564.0,256.4,10.0,978.39,501.85,2745.0,1870,4,5694.0,0.6812386156648452,10406.0,3.4170000000000003,10.0,445.426,224.8,0.9609840476648088,exp_images/audio\PUNJABI\p_woa_frisbee.wav,IMG_12_P_PNA,exp_images/images/child_throw_frisbee.jpg,IMG_12,exp_images/sentences/Frisbee-woa.jpg,STIM_48,stimuli_list_subj_7_b.csv,PNA,passive_dropped_agent,non_agent_first,agent_dropped,1.0,1.0,6039.0,3997.0,363.3636363636364,11.0,949.3545454545456,537.3181818181819,4248.0,1926,5,1328.0,0.4533898305084746,6039.0,4.448181818181818,11.0,233.63636363636363,67.63636363636364,1.8214936247723132,participant_image,4367.0,-1433.0,-106.9636363636364,-1.0,29.0354545454544,-35.46818181818185,-1503.0,-56,-1,4366.0,0.22784878515637064,4367.0,-1.031181818181818,-1.0,211.78963636363636,157.16363636363639,-0.8605095771075044,1.031181818181818,-0.2624666326862764,-2.8508550282212117,-0.018304053779618773,0.03275952748683057,0.6726751480675437,-0.4852382078265466
edf19,27,Punjabi,sentence_audio,passive_dropped_agent,10191.0,4309.0,359.08333333333326,12.0,851.3916666666665,699.1999999999997,4568.0,3566,7,5199.0,0.7806479859894921,10191.0,2.9725,12.0,75.75083333333335,35.333333333333336,1.177509567265234,exp_images/audio\PUNJABI\p_woa_vase.wav,IMG_08_P_PNA,exp_images/images/boy_broke_vase.jpg,IMG_08,exp_images/sentences/Vase-woa.jpg,STIM_44,stimuli_list_subj_7_b.csv,PNA,passive_dropped_agent,non_agent_first,agent_dropped,1.0,1.0,6107.0,4467.0,496.33333333333326,9.0,862.7333333333332,550.0333333333333,4668.0,4404,7,1115.0,0.9434447300771208,6107.0,3.4288888888888893,9.0,90.26333333333334,36.0,1.4737186834779756,participant_image,4084.0,-158.0,-137.25,3.0,-11.341666666666697,149.1666666666664,-100.0,-838,0,4084.0,-0.16279674408762868,4084.0,-0.4563888888888892,3.0,-14.512499999999989,-0.6666666666666643,-0.2962091162127416,0.4563888888888892,-0.3248179289138638,-0.12527126274442701,0.8941241916252998,-0.9506131350241033,0.2798524038025704,-0.045345146250904786
edf19,28,English,sentence_audio,active,11155.0,4137.0,376.09090909090907,11.0,972.5454545454544,460.60909090909104,4294.0,3471,4,6354.0,0.8083372147182114,11155.0,2.462727272727273,11.0,219.62,63.45454545454545,0.9861048857014793,exp_images/audio\ENGLISH\box.wav,IMG_05_E_ACT,exp_images/images/man_pushed_box.jpg,IMG_05,exp_images/sentences/active_man_box.jpg,STIM_59,stimuli_list_subj_7_b.csv,ACT,active,agent_first,agent_overt,0.0,,5916.0,3908.0,390.8,10.0,996.8000000000003,411.2600000000001,4059.0,4059,6,923.0,1.0,5916.0,3.236,10.0,107.95200000000001,93.4,1.690331304935767,participant_image,5239.0,229.0,-14.709090909090946,1.0,-24.254545454545905,49.34909090909093,235.0,-588,-2,5431.0,-0.1916627852817886,5239.0,-0.7732727272727273,1.0,111.66799999999999,-29.945454545454552,-0.7042264192342879,0.7732727272727273,-0.07253988674073908,0.7020235743061735,0.4379100689228405,-0.6362356853722702,0.4964159220077846,0.1855147986247579
edf19,29,English,sentence_audio,active,10548.0,4436.0,492.88888888888886,9.0,788.3444444444444,541.1111111111112,4669.0,4669,4,5555.0,1.0,10548.0,2.65,9.0,144.68888888888887,36.0,0.8532423208191127,exp_images/audio\ENGLISH\shrub.wav,IMG_04_E_ACT,exp_images/images/man_cut_shrub.jpg,IMG_04,exp_images/sentences/active_man_shrub.jpg,STIM_58,stimuli_list_subj_7_b.csv,ACT,active,agent_first,agent_overt,0.0,,5924.0,4050.0,810.0,5.0,490.94000000000005,579.6599999999999,4516.0,4448,1,932.0,0.9849424269264836,5924.0,4.6433333333333335,6.0,102.84333333333332,81.33333333333333,1.0128291694800808,participant_image,4624.0,386.0,-317.11111111111114,4.0,297.4044444444444,-38.548888888888655,153.0,221,3,4623.0,0.015057573073516406,4624.0,-1.9933333333333336,3.0,41.84555555555555,-45.33333333333333,-0.15958684866096817,1.9933333333333336,-0.6951025082499919,1.0376444771923343,1.1222312529765295,0.3810897417010617,1.3302249878776033,0.6352175902995073
edf19,30,English,sentence_audio,active,10804.0,4238.0,605.4285714285714,7.0,979.2428571428572,462.6428571428572,4538.0,3882,5,6142.0,0.8554429263992949,10804.0,2.81,8.0,192.68125,58.25,0.7404664938911514,exp_images/audio\ENGLISH\window.wav,IMG_02_E_ACT,exp_images/images/girl_opened_window.jpg,IMG_02,exp_images/sentences/active_girl_window.jpg,STIM_56,stimuli_list_subj_7_b.csv,ACT,active,agent_first,agent_overt,0.0,,5660.0,4448.0,494.22222222222223,9.0,950.522222222222,409.3777777777778,4729.0,4729,5,667.0,1.0,5660.0,2.2422222222222223,9.0,68.95555555555556,29.33333333333333,1.5901060070671378,participant_image,5144.0,-210.0,111.20634920634922,-2.0,28.720634920635234,53.26507936507943,-191.0,-847,0,5475.0,-0.14455707360070513,5144.0,0.5677777777777777,-1.0,123.72569444444444,28.91666666666667,-0.8496395131759864,-0.5677777777777777,0.18668538706659535,-0.2364323261207351,-0.24641111513084843,-0.9619307232115692,-0.4200795892364042,-0.33563367332659233
edf19,31,English,sentence_audio,passive,11003.0,4239.0,385.3636363636364,11.0,1080.2454545454543,727.7090909090907,4425.0,4199,5,6010.0,0.9489265536723164,11003.0,2.4081818181818186,11.0,172.63454545454545,51.63636363636363,0.9997273470871579,exp_images/audio\ENGLISH\p_dug.wav,IMG_13_E_PWA,exp_images/images/dog_dug_hole.jpg,IMG_13,exp_images/sentences/passive_dog_hole.jpg,STIM_85,stimuli_list_subj_7_b.csv,PWA,passive_with_agent,non_agent_first,agent_overt,1.0,0.0,5773.0,4221.0,324.6923076923077,13.0,786.3692307692309,730.0615384615387,4343.0,2529,6,966.0,0.582316371172001,5773.0,3.3207142857142857,14.0,124.43214285714285,47.14285714285714,2.4250822795773432,participant_image,5230.0,18.0,60.671328671328695,-2.0,293.87622377622347,-2.352447552447984,82.0,1670,-1,5044.0,0.3666101825003154,5230.0,-0.9125324675324671,-3.0,48.202402597402596,4.493506493506494,-1.4253549324901853,0.9125324675324671,0.08264767316081992,0.2509661825292311,-0.24641111513084843,2.203221439883086,0.5915882711209721,0.5764024903126521
edf19,32,English,sentence_audio,passive,10683.0,3541.0,393.4444444444445,9.0,850.5666666666666,528.9888888888888,3841.0,3513,4,6018.0,0.9146055714657642,10683.0,3.675555555555556,9.0,200.8988888888889,128.0,0.8424599831508004,exp_images/audio\ENGLISH\p_veg.wav,IMG_18_E_PWA,exp_images/images/boy_cut_vegetables.jpg,IMG_18,exp_images/sentences/passive_boy_vegetables.jpg,STIM_90,stimuli_list_subj_7_b.csv,PWA,passive_with_agent,non_agent_first,agent_overt,1.0,0.0,5760.0,4328.0,332.92307692307685,13.0,986.1692307692308,741.8230769230769,4534.0,4534,4,838.0,1.0,5760.0,1.9528571428571424,14.0,111.16785714285714,39.142857142857146,2.4305555555555562,participant_image,4923.0,-787.0,60.521367521367665,-4.0,-135.6025641025642,-212.83418803418806,-693.0,-1021,0,5180.0,-0.08539442853423584,4923.0,1.7226984126984135,-5.0,89.73103174603176,88.85714285714286,-1.5880955724047559,-1.7226984126984135,0.08233894438122409,-1.4698925870463075,-0.7026252378333078,-1.180737428169245,-1.2093709498240415,-0.8960574516983357
edf19,33,English,sentence_audio,passive,10277.0,4249.0,472.11111111111114,9.0,745.2111111111111,494.91111111111115,4437.0,1887,4,5844.0,0.4252873563218391,10277.0,3.4819999999999998,10.0,87.89200000000001,76.4,0.973046608932568,exp_images/audio\ENGLISH\p_cake.wav,IMG_15_E_PWA,exp_images/images/girl_baked_cake.jpg,IMG_15,exp_images/sentences/passive_girl_cake.jpg,STIM_87,stimuli_list_subj_7_b.csv,PWA,passive_with_agent,non_agent_first,agent_overt,1.0,0.0,5811.0,4501.0,500.11111111111114,9.0,835.3777777777779,491.33333333333326,4662.0,1610,4,819.0,0.3453453453453453,5811.0,1.2844444444444447,9.0,129.86111111111111,36.66666666666666,1.5487867836861129,participant_image,4466.0,-252.0,-28.0,0.0,-90.16666666666674,3.5777777777778965,-225.0,277,0,5025.0,0.07994201097649384,4466.0,2.197555555555555,1.0,-41.969111111111104,39.73333333333335,-0.5757401747535449,-2.197555555555555,-0.09990221454645201,-0.3262162619246762,0.20980300757161088,0.4515102904230723,-1.5338959682866535,-0.25974022935261976
edf19,34,English,sentence_audio,passive_dropped_agent,11072.0,3738.0,373.8,10.0,809.9100000000002,404.43,3895.0,3611,5,6079.0,0.9270860077021824,11072.0,4.842727272727274,11.0,122.67545454545456,100.72727272727272,0.9934971098265896,exp_images/audio\ENGLISH\p_woa_clothes.wav,IMG_06_E_PNA,exp_images/images/women_fold_clothes.jpg,IMG_06,exp_images/sentences/noagent_woman_clothes.jpg,STIM_96,stimuli_list_subj_7_b.csv,PNA,passive_dropped_agent,non_agent_first,agent_dropped,1.0,1.0,5784.0,4608.0,576.0,8.0,890.6374999999998,564.5875,4774.0,4774,5,792.0,1.0,5784.0,2.01625,8.0,65.65124999999999,27.25,1.3831258644536653,participant_image,5288.0,-870.0,-202.2,2.0,-80.72749999999962,-160.15749999999997,-879.0,-1163,0,5287.0,-0.07291399229781759,5288.0,2.826477272727274,3.0,57.024204545454566,73.47727272727272,-0.3896287546270757,-2.826477272727274,-0.45853212248973013,-1.647322745896953,0.6660171302740702,-1.3593038195714864,-1.9637111978705386,-0.9525705511109276
edf19,35,English,sentence_audio,passive_dropped_agent,10387.0,2869.0,220.6923076923077,13.0,852.7000000000003,408.40769230769234,3083.0,2701,4,6198.0,0.8760947129419396,10387.0,4.818461538461538,13.0,316.50384615384615,146.9230769230769,1.2515644555694618,exp_images/audio\ENGLISH\p_woa_letter.wav,IMG_17_E_PNA,exp_images/images/women_read_letter.jpg,IMG_17,exp_images/sentences/noagent_women_letter.jpg,STIM_107,stimuli_list_subj_7_b.csv,PNA,passive_dropped_agent,non_agent_first,agent_dropped,1.0,1.0,5804.0,4458.0,342.92307692307685,13.0,951.153846153846,560.1000000000001,4616.0,4458,7,1000.0,0.9657712305025996,5804.0,2.1792307692307693,13.0,64.11538461538464,28.923076923076927,2.2398345968297724,participant_image,4583.0,-1589.0,-122.23076923076914,0.0,-98.45384615384569,-151.6923076923078,-1533.0,-1757,-3,5198.0,-0.08967651756065997,4583.0,2.6392307692307684,0.0,252.3884615384615,117.99999999999997,-0.9882701412603105,-2.6392307692307684,-0.29389746193253136,-3.184338218350136,0.20980300757161088,-2.1062646399442415,-1.8357439219891178,-1.4420882469288832
edf19,36,English,sentence_audio,passive_dropped_agent,10638.0,4594.0,510.4444444444445,9.0,899.7555555555556,498.6444444444445,4712.0,4594,7,5794.0,0.9749575551782682,10638.0,1.7033333333333336,9.0,61.52555555555556,31.11111111111111,0.8460236886632826,exp_images/audio\ENGLISH\p_woa_lamp.wav,IMG_01_E_PNA,exp_images/images/girl_lighted_lamp.jpg,IMG_01,exp_images/sentences/noagent_girl_lamp.jpg,STIM_91,stimuli_list_subj_7_b.csv,PNA,passive_dropped_agent,non_agent_first,agent_dropped,1.0,1.0,5991.0,4429.0,442.9,10.0,844.5099999999999,532.5699999999998,4639.0,4273,3,1422.0,0.9211036861392542,5991.0,3.4650000000000007,10.0,87.54099999999998,35.4,1.669170422300117,participant_image,4647.0,165.0,67.54444444444454,-1.0,55.24555555555571,-33.92555555555532,73.0,321,4,4372.0,0.05385386903901401,4647.0,-1.7616666666666672,-1.0,-26.01544444444442,-4.288888888888888,-0.8231467336368343,1.7616666666666672,0.09679752894150893,0.5652099578430251,-0.018304053779618773,0.5068407215617949,1.1719002571495034,0.4644888823432427
edf20,19,Punjabi,sentence_audio,passive,10742.0,4376.0,437.6,10.0,813.1099999999999,537.4,4554.0,4038,4,5968.0,0.8866930171277997,10742.0,2.7289999999999996,10.0,144.40699999999995,43.8,0.9309253397877488,exp_images/audio\PUNJABI\p_tabla.wav,IMG_11_P_PWA,exp_images/images/child_play_tabla.jpg,IMG_11,exp_images/sentences/Tabla-passive.jpg,STIM_29,stimuli_list_subj_8_b.csv,PWA,passive_with_agent,non_agent_first,agent_overt,1.0,0.0,6126.0,4378.0,486.4444444444445,9.0,825.7,599.4555555555556,4674.0,4378,2,1468.0,0.936670945656825,6126.0,3.6222222222222222,9.0,96.29222222222221,35.333333333333336,1.4691478942213516,participant_image,4616.0,-2.0,-48.84444444444449,1.0,-12.590000000000146,-62.05555555555566,-120.0,-340,2,4500.0,-0.04997792852902527,4616.0,-0.8932222222222226,1.0,48.114777777777746,8.466666666666661,-0.5382225544336028,0.8932222222222226,-0.14281519498410933,0.20821192738449723,0.4379100689228405,-0.32437325531765177,0.5783913385064196,0.15146497690239924
edf20,20,Punjabi,sentence_audio,passive,10671.0,4521.0,452.1,10.0,962.48,424.65,4564.0,4564,5,5679.0,1.0,10671.0,1.921,10.0,137.597,42.8,0.93711929528629,exp_images/audio\PUNJABI\p_door.wav,IMG_10_P_PWA,exp_images/images/boy_opened_door.jpg,IMG_10,exp_images/sentences/Closed-door-passive.jpg,STIM_28,stimuli_list_subj_8_b.csv,PWA,passive_with_agent,non_agent_first,agent_overt,1.0,0.0,6132.0,4526.0,452.6,10.0,1033.21,495.0399999999999,4700.0,4700,2,1140.0,1.0,6132.0,2.494,10.0,74.05699999999999,29.2,1.6307893020221789,participant_image,4539.0,-5.0,-0.5,0.0,-70.73000000000002,-70.38999999999993,-136.0,-136,3,4539.0,0.0,4539.0,-0.5730000000000002,0.0,63.54000000000002,13.599999999999998,-0.6936700067358889,0.5730000000000002,-0.04328727500316758,0.20179878911278715,0.20980300757161088,-0.06784125640175602,0.35954631502518,0.1320039160609309
edf20,21,Punjabi,sentence_audio,passive,10647.0,4548.0,649.7142857142858,7.0,899.0428571428572,476.95714285714297,4776.0,4776,3,5654.0,1.0,10647.0,1.73875,8.0,59.185,28.5,0.7513853667699821,exp_images/audio\PUNJABI\p_bucket.wav,IMG_09_P_PWA,exp_images/images/boy_filled_bucket.jpg,IMG_09,exp_images/sentences/Bucket-passive.jpg,STIM_27,stimuli_list_subj_8_b.csv,PWA,passive_with_agent,non_agent_first,agent_overt,1.0,0.0,6000.0,3768.0,628.0,6.0,998.7166666666667,514.0333333333333,4771.0,4771,4,1007.0,1.0,6000.0,3.5133333333333336,6.0,94.65333333333336,37.0,1.0,participant_image,4647.0,780.0,21.71428571428578,1.0,-99.6738095238095,-37.076190476190334,5.0,5,-1,4647.0,0.0,4647.0,-1.7745833333333336,2.0,-35.46833333333336,-8.5,-0.24861463323001787,1.7745833333333336,0.0024458320045246612,1.8799033035435917,0.4379100689228405,0.10946762520187785,1.1807277151577247,0.7220909089661118
edf20,22,Punjabi,sentence_audio,passive_dropped_agent,10211.0,4359.0,484.33333333333326,9.0,995.7111111111113,677.5000000000001,4569.0,2913,4,5454.0,0.6375574523965857,10211.0,3.3855555555555563,9.0,100.89444444444445,47.111111111111114,0.8814024091665851,exp_images/audio\PUNJABI\p_woa_fed.wav,IMG_16_P_PNA,exp_images/images/girl_fed_dog.jpg,IMG_16,exp_images/sentences/Fed-dog-woa.jpg,STIM_52,stimuli_list_subj_8_b.csv,PNA,passive_dropped_agent,non_agent_first,agent_dropped,1.0,1.0,5643.0,4321.0,432.1,10.0,886.79,680.97,4562.0,2102,5,651.0,0.4607628233231039,5643.0,3.801,10.0,92.483,43.0,1.7721070352649297,participant_image,4568.0,38.0,52.233333333333235,-1.0,108.92111111111137,-3.4699999999999136,7.0,811,-1,4803.0,0.17679462907348176,4568.0,-0.41544444444444384,-1.0,8.411444444444442,4.111111111111114,-0.8907046260983447,0.41544444444444384,0.06527616058165159,0.293720437673965,-0.018304053779618773,1.1230205228793877,0.25187031110554114,0.34311667569218535
edf20,23,Punjabi,sentence_audio,passive_dropped_agent,10684.0,4088.0,408.8,10.0,1028.4900000000002,505.82999999999987,4440.0,4440,3,5692.0,1.0,10684.0,3.554,10.0,233.213,55.2,0.9359790340696368,exp_images/audio\PUNJABI\p_woa_scooter.wav,IMG_14_P_PNA,exp_images/images/driver_wash_scooter.jpg,IMG_14,exp_images/sentences/Washed-scooter-woa.jpg,STIM_50,stimuli_list_subj_8_b.csv,PNA,passive_dropped_agent,non_agent_first,agent_dropped,1.0,1.0,5844.0,4384.0,365.33333333333326,12.0,1004.6666666666665,533.8916666666668,4612.0,4612,3,852.0,1.0,5844.0,2.9425000000000003,12.0,81.91083333333334,31.66666666666667,2.053388090349076,participant_image,4840.0,-296.0,43.466666666666754,-2.0,23.82333333333372,-28.061666666666895,-172.0,-172,0,4840.0,0.0,4840.0,0.6114999999999995,-2.0,151.30216666666666,23.53333333333333,-1.1174090562794394,-0.6114999999999995,0.047228004096944325,-0.4202756232430907,-0.24641111513084843,-0.11311160915161998,-0.4499600599997168,-0.2365060806856663
edf20,24,Punjabi,sentence_audio,passive_dropped_agent,11052.0,4468.0,496.4444444444445,9.0,863.6222222222223,461.78888888888895,4722.0,4722,3,6060.0,1.0,11052.0,2.675555555555556,9.0,75.4388888888889,30.0,0.8143322475570033,exp_images/audio\PUNJABI\p_woa_picture.wav,IMG_07_P_PNA,exp_images/images/artiste_drew_picture.jpg,IMG_07,exp_images/sentences/Painting-woa.jpg,STIM_43,stimuli_list_subj_8_b.csv,PNA,passive_dropped_agent,non_agent_first,agent_dropped,1.0,1.0,5733.0,4268.0,304.85714285714283,14.0,970.5571428571428,563.3214285714286,4457.0,4457,6,741.0,1.0,5733.0,3.9619999999999997,15.0,96.19400000000005,36.93333333333333,2.6164311878597597,participant_image,5319.0,200.0,191.58730158730168,-5.0,-106.93492063492056,-101.5325396825396,265.0,265,-3,5319.0,0.0,5319.0,-1.2864444444444438,-6.0,-20.755111111111148,-6.93333333333333,-1.8020989403027565,1.2864444444444438,0.3521676692294771,0.6400299043463094,-0.9307322991845375,0.4364201728397843,0.8471257375696064,0.2690022369601279
edf20,25,English,sentence_audio,active,10635.0,4429.0,553.625,8.0,781.8374999999999,498.6,4616.0,4616,6,5643.0,1.0,10635.0,2.68375,8.0,152.4225,47.0,0.7522331922896098,exp_images/audio\ENGLISH\sapling.wav,IMG_03_E_ACT,exp_images/images/girl_plant_tree.jpg,IMG_03,exp_images/sentences/active_girl_sapling.jpg,STIM_57,stimuli_list_subj_8_b.csv,ACT,active,agent_first,agent_overt,0.0,,6126.0,4232.0,282.1333333333333,15.0,879.1466666666664,560.3999999999999,4433.0,3497,6,1133.0,0.7888563049853372,6126.0,4.000666666666667,15.0,97.154,37.333333333333336,2.4485798237022527,participant_image,4509.0,197.0,271.4916666666667,-7.0,-97.30916666666656,-61.79999999999984,183.0,1119,0,4510.0,0.2111436950146628,4509.0,-1.3169166666666667,-7.0,55.26850000000002,9.666666666666664,-1.6963466314126427,1.3169166666666667,0.5166687891644872,0.6336167660745993,-1.3869464218869967,1.5103335408504461,0.8679509449567442,0.42832472383185605
edf20,26,English,sentence_audio,active,10974.0,4324.0,360.33333333333326,12.0,1011.8083333333334,459.65833333333336,4526.0,3554,6,6222.0,0.7852408307556341,10974.0,4.321666666666666,12.0,101.90416666666664,38.833333333333336,1.0934937124111537,exp_images/audio\ENGLISH\frisbee.wav,IMG_12_E_ACT,exp_images/images/child_throw_frisbee.jpg,IMG_12,exp_images/sentences/active_child_frisbee.jpg,STIM_66,stimuli_list_subj_8_b.csv,ACT,active,agent_first,agent_overt,0.0,,5999.0,4587.0,764.5,6.0,1095.35,462.26666666666665,4756.0,4116,3,1216.0,0.8654331370899916,5999.0,4.5683333333333325,6.0,108.16333333333334,39.333333333333336,1.0001666944490748,participant_image,4975.0,-263.0,-404.16666666666674,6.0,-83.54166666666652,-2.6083333333332916,-230.0,-562,3,5006.0,-0.08019230633435748,4975.0,-0.24666666666666615,6.0,-6.259166666666701,-0.5,0.09332701796207887,0.24666666666666615,-0.8743259633294399,-0.34973110225427984,1.5784453756789887,-0.6035404306084795,0.13652485979811485,-0.022525452143019143
edf20,27,English,sentence_audio,active,10615.0,4669.0,778.1666666666665,6.0,923.3666666666667,480.61666666666673,4820.0,4820,3,5623.0,1.0,10615.0,2.223333333333333,6.0,75.73,28.66666666666667,0.5652378709373528,exp_images/audio\ENGLISH\vase.wav,IMG_08_E_ACT,exp_images/images/boy_broke_vase.jpg,IMG_08,exp_images/sentences/active_boy_vase.jpg,STIM_62,stimuli_list_subj_8_b.csv,ACT,active,agent_first,agent_overt,0.0,,6004.0,4394.0,488.22222222222223,9.0,913.2444444444444,455.6555555555556,4741.0,4543,3,1011.0,0.9582366589327146,6004.0,2.245555555555556,9.0,69.21777777777778,28.0,1.4990006662225184,participant_image,4611.0,275.0,289.9444444444443,-3.0,10.122222222222263,24.96111111111111,79.0,277,0,4612.0,0.04176334106728541,4611.0,-0.02222222222222303,-3.0,6.512222222222221,0.6666666666666714,-0.9337627952851656,0.02222222222222303,0.554657985466107,0.8003583611390614,-0.4745181764820781,0.4515102904230723,-0.01686408795764541,0.2630288745177035
edf20,28,English,sentence_audio,passive,10618.0,4456.0,371.33333333333326,12.0,1061.7333333333333,444.2,4626.0,4626,6,5626.0,1.0,10618.0,2.581666666666667,12.0,80.135,30.5,1.1301563382934638,exp_images/audio\ENGLISH\p_box.wav,IMG_05_E_PWA,exp_images/images/man_pushed_box.jpg,IMG_05,exp_images/sentences/passive_man_box.jpg,STIM_77,stimuli_list_subj_8_b.csv,PWA,passive_with_agent,non_agent_first,agent_overt,1.0,0.0,5851.0,4251.0,265.6875,16.0,1010.53125,462.28750000000014,4396.0,4222,5,859.0,0.9604185623293904,5851.0,3.133125,16.0,87.22312500000002,37.25,2.73457528627585,participant_image,4767.0,205.0,105.64583333333326,-4.0,51.20208333333335,-18.087500000000148,230.0,404,1,4767.0,0.03958143767060962,4767.0,-0.5514583333333332,-4.0,-7.088125000000019,-6.75,-1.6044189479823863,0.5514583333333332,0.17523781361276727,0.6507184681324929,-0.7026252378333078,0.6112140348462035,0.344824393121146,0.21587389437586038
edf20,29,English,sentence_audio,passive,10899.0,4567.0,652.4285714285714,7.0,826.842857142857,571.3714285714285,4742.0,4742,3,5907.0,1.0,10899.0,4.048571428571429,7.0,98.57142857142857,35.714285714285715,0.6422607578676943,exp_images/audio\ENGLISH\p_shrub.wav,IMG_04_E_PWA,exp_images/images/man_cut_shrub.jpg,IMG_04,exp_images/sentences/passive_man_shrub.jpg,STIM_76,stimuli_list_subj_8_b.csv,PWA,passive_with_agent,non_agent_first,agent_overt,1.0,0.0,6033.0,4213.0,263.3125,16.0,914.84375,609.2062500000002,4435.0,4273,4,1042.0,0.9634723788049604,6033.0,3.56375,16.0,88.05625,34.75,2.6520802254268188,participant_image,4866.0,354.0,389.11607142857144,-9.0,-88.00089285714296,-37.83482142857167,307.0,469,-1,4865.0,0.036527621195039606,4866.0,0.48482142857142874,-9.0,10.515178571428564,0.9642857142857153,-2.0098194675591246,-0.48482142857142874,0.7588251005975801,0.9692376689607602,-1.843160544589456,0.6929521717556801,-0.3633858842711606,0.042893702490680766
edf20,30,English,sentence_audio,passive,10935.0,4099.0,819.8,5.0,942.42,403.58,4744.0,4572,4,5941.0,0.9637436762225968,10935.0,2.7020000000000004,5.0,103.04,50.0,0.4572473708276178,exp_images/audio\ENGLISH\p_window.wav,IMG_02_E_PWA,exp_images/images/girl_opened_window.jpg,IMG_02,exp_images/sentences/passive_girl_window.jpg,STIM_74,stimuli_list_subj_8_b.csv,PWA,passive_with_agent,non_agent_first,agent_overt,1.0,0.0,6093.0,4469.0,496.5555555555555,9.0,1064.8444444444444,387.97777777777776,4706.0,4706,6,1101.0,1.0,6093.0,2.7544444444444447,9.0,81.54777777777777,31.777777777777782,1.4771048744460855,participant_image,4842.0,-370.0,323.24444444444447,-4.0,-122.42444444444448,15.602222222222224,38.0,-134,-2,4840.0,-0.03625632377740318,4842.0,-0.052444444444444294,-4.0,21.49222222222224,18.222222222222218,-1.0198575036184678,0.052444444444444294,0.623213530440339,-0.578466367278606,-0.7026252378333078,-0.06532623680454135,0.0037902654035257342,-0.14388280921451807
edf20,31,English,sentence_audio,passive_dropped_agent,10323.0,4563.0,912.6,5.0,1051.12,657.9399999999998,4715.0,4715,3,5330.0,1.0,10323.0,2.6699999999999995,5.0,202.302,55.6,0.4843553230650005,exp_images/audio\ENGLISH\p_woa_dug.wav,IMG_13_E_PNA,exp_images/images/dog_dug_hole.jpg,IMG_13,exp_images/sentences/noagent_dog_hole.jpg,STIM_103,stimuli_list_subj_8_b.csv,PNA,passive_dropped_agent,non_agent_first,agent_dropped,1.0,1.0,5831.0,4449.0,370.75,12.0,1108.4166666666665,708.1083333333335,4607.0,4323,4,838.0,0.9383546776644236,5831.0,3.2433333333333336,12.0,85.0225,32.166666666666664,2.057966043560281,participant_image,4492.0,114.0,541.85,-7.0,-57.296666666666624,-50.168333333333635,108.0,392,-1,4492.0,0.0616453223355764,4492.0,-0.5733333333333341,-7.0,117.2795,23.433333333333337,-1.5736107204952807,0.5733333333333341,1.0732622690441165,0.4561866072239537,-1.3869464218869967,0.5961239172629155,0.3597741203931345,0.2196800984074247
edf20,32,English,sentence_audio,passive_dropped_agent,10478.0,4572.0,914.4,5.0,1008.28,616.26,4757.0,4572,2,5712.0,0.9611099432415388,10478.0,3.45,5.0,154.156,47.2,0.477190303493033,exp_images/audio\ENGLISH\p_woa_veg.wav,IMG_18_E_PNA,exp_images/images/boy_cut_vegetables.jpg,IMG_18,exp_images/sentences/noagent_boy_vegetables.jpg,STIM_108,stimuli_list_subj_8_b.csv,PNA,passive_dropped_agent,non_agent_first,agent_dropped,1.0,1.0,5758.0,4168.0,320.61538461538464,13.0,968.7,776.1923076923077,4588.0,4314,4,766.0,0.9402789886660854,5758.0,2.9738461538461536,13.0,84.9007692307692,31.07692307692308,2.2577283779089963,participant_image,4720.0,404.0,593.7846153846153,-8.0,39.57999999999993,-159.93230769230775,169.0,258,-2,4946.0,0.020830954575453364,4720.0,0.4761538461538466,-8.0,69.2552307692308,16.123076923076923,-1.7805380744159633,-0.4761538461538466,1.1801813639606158,1.0761233068225948,-1.6150534832382264,0.42761760424953293,-0.35746231886543123,0.14228129458581715
edf20,33,English,sentence_audio,passive_dropped_agent,10695.0,4187.0,837.4,5.0,916.86,507.22,4753.0,4753,5,5702.0,1.0,10695.0,2.952,5.0,102.35,48.0,0.4675081813931744,exp_images/audio\ENGLISH\p_woa_cake.wav,IMG_15_E_PNA,exp_images/images/girl_baked_cake.jpg,IMG_15,exp_images/sentences/noagent_girl_cake.jpg,STIM_105,stimuli_list_subj_8_b.csv,PNA,passive_dropped_agent,non_agent_first,agent_dropped,1.0,1.0,5983.0,4423.0,552.875,8.0,952.2,502.275,4592.0,4592,5,991.0,1.0,5983.0,2.55625,8.0,172.17999999999995,50.0,1.3371218452281466,participant_image,4712.0,-236.0,284.525,-3.0,-35.34000000000003,4.94500000000005,161.0,161,0,4711.0,0.0,4712.0,0.39575000000000005,-3.0,-69.82999999999996,-2.0,-0.8696136638349722,-0.39575000000000005,0.5435008392995467,-0.2920128578088891,-0.4745181764820781,0.3056391537846217,-0.3025130355914255,-0.043980815359644855
edf20,34,Punjabi,sentence_audio,active,10663.0,4519.0,451.9,10.0,924.7000000000003,523.0200000000002,4685.0,4685,4,5670.0,1.0,10663.0,2.72,10.0,73.934,30.8,0.937822376441902,exp_images/audio\PUNJABI\clothes.wav,IMG_06_P_ACT,exp_images/images/women_fold_clothes.jpg,IMG_06,exp_images/sentences/Folded-clothes.jpg,UNDEFINEDnull,stimuli_list_subj_8_b.csv,ACT,active,agent_first,agent_overt,0.0,,5932.0,4170.0,463.33333333333326,9.0,948.8555555555556,582.411111111111,4538.0,4194,3,940.0,0.9241956809167032,5932.0,2.4111111111111105,9.0,127.52777777777777,50.444444444444436,1.5171948752528657,participant_image,4731.0,349.0,-11.43333333333328,1.0,-24.15555555555534,-59.39111111111083,147.0,491,1,4730.0,0.07580431908329677,4731.0,0.30888888888888966,1.0,-53.593777777777774,-19.644444444444435,-0.5793724988109636,-0.30888888888888966,-0.06579600248219448,0.9585491051745768,0.4379100689228405,0.7206173873250414,-0.2431507534587199,0.36162596109630885
edf20,35,Punjabi,sentence_audio,active,10699.0,4593.0,417.54545454545456,11.0,1007.5272727272729,517.1,4617.0,4617,5,5708.0,1.0,10699.0,2.2609090909090908,11.0,72.65,34.0,1.028133470417796,exp_images/audio\PUNJABI\letter.wav,IMG_17_P_ACT,exp_images/images/women_read_letter.jpg,IMG_17,exp_images/sentences/Letter.jpg,STIM_17,stimuli_list_subj_8_b.csv,ACT,active,agent_first,agent_overt,0.0,,5933.0,4593.0,1531.0,3.0,988.4666666666667,465.9,4809.0,3807,2,1032.0,0.7916406737367436,5933.0,2.405,4.0,229.9525,64.5,0.6741951795044666,participant_image,4766.0,0.0,-1113.4545454545455,8.0,19.060606060606233,51.200000000000045,-192.0,810,3,4676.0,0.20835932626325637,4766.0,-0.14409090909090905,7.0,-157.30249999999998,-30.5,0.3539382909133294,0.14409090909090905,-2.334554704287993,0.2124873528989706,2.034659498381448,1.1217630130807803,0.0664229352049669,0.22015561905563458
edf20,36,Punjabi,sentence_audio,active,10196.0,4290.0,357.5,12.0,743.5,633.7166666666667,4474.0,4402,4,5204.0,0.9839070183281179,10196.0,3.119230769230769,13.0,92.43153846153848,41.230769230769226,1.2750098077677519,exp_images/audio\PUNJABI\lamp.wav,IMG_01_P_ACT,exp_images/images/girl_lighted_lamp.jpg,IMG_01,exp_images/sentences/Lamp.jpg,STIM_01,stimuli_list_subj_8_b.csv,ACT,active,agent_first,agent_overt,0.0,,5974.0,4358.0,335.23076923076917,13.0,795.1923076923077,529.7384615384615,4552.0,4292,5,982.0,0.9428822495606328,5974.0,3.3207692307692303,13.0,86.18153846153845,33.846153846153854,2.1760964178105118,participant_image,4222.0,-68.0,22.26923076923083,-1.0,-51.692307692307736,103.97820512820522,-78.0,110,-1,4222.0,0.041024768767485065,4222.0,-0.20153846153846144,0.0,6.250000000000028,7.384615384615373,-0.9010866100427599,0.20153846153846144,0.003588311303999524,0.06712288540687543,-0.018304053779618773,0.24150615405564774,0.10568351767509841,0.07991936293240047
edf21,19,Punjabi,sentence_audio,passive_dropped_agent,11151.0,4041.0,269.4,15.0,820.8799999999999,556.3933333333332,4161.0,3459,8,6314.0,0.8312905551550108,11151.0,3.493333333333333,15.0,124.44866666666668,55.46666666666667,1.3451708366962605,exp_images/audio\PUNJABI\p_woa_tabla.wav,IMG_11_P_PNA,exp_images/images/child_play_tabla.jpg,IMG_11,exp_images/sentences/Tabla-woa.jpg,STIM_47,stimuli_list_subj_9_b.csv,PNA,passive_dropped_agent,non_agent_first,agent_dropped,1.0,1.0,5841.0,3950.0,303.84615384615387,13.0,849.0384615384613,447.72307692307686,4158.0,3676,7,1236.0,0.8840788840788841,5841.0,2.782142857142858,14.0,233.5914285714286,59.714285714285715,2.396849854476973,participant_image,5310.0,91.0,-34.44615384615389,2.0,-28.158461538461438,108.67025641025634,3.0,-217,1,5078.0,-0.05278832892387331,5310.0,0.7111904761904753,1.0,-109.14276190476191,-4.247619047619047,-1.0516790177807127,-0.7111904761904753,-0.11317307310233249,0.40701921380750977,0.6660171302740702,-0.16969955008894994,-0.5180901368299893,0.05441471681206163
edf21,20,Punjabi,sentence_audio,passive_dropped_agent,11152.0,4224.0,384.0,11.0,849.7636363636364,461.95454545454544,4390.0,4248,6,6160.0,0.9676537585421412,11152.0,3.6075,12.0,101.95166666666668,51.66666666666666,1.0760401721664277,exp_images/audio\PUNJABI\p_woa_door.wav,IMG_10_P_PNA,exp_images/images/boy_opened_door.jpg,IMG_10,exp_images/sentences/Closed-door-woa.jpg,STIM_46,stimuli_list_subj_9_b.csv,PNA,passive_dropped_agent,non_agent_first,agent_dropped,1.0,1.0,5709.0,4357.0,363.08333333333326,12.0,959.4,435.1833333333333,4402.0,4402,8,717.0,1.0,5709.0,2.24,12.0,144.19166666666663,49.16666666666666,2.1019442984760905,participant_image,5443.0,-133.0,20.916666666666742,-1.0,-109.63636363636363,26.77121212121216,-12.0,-154,-2,5443.0,-0.032346241457858804,5443.0,1.3674999999999997,0.0,-42.23999999999995,2.5,-1.0259041263096629,-1.3674999999999997,0.0008037536714510657,-0.07182844381350967,-0.018304053779618773,-0.090476432776688,-0.9666226345196174,-0.22928556224359653
edf21,21,Punjabi,sentence_audio,passive_dropped_agent,11166.0,3912.0,300.92307692307685,13.0,963.6,455.4692307692308,4154.0,4030,7,6174.0,0.9701492537313432,11166.0,2.2461538461538457,13.0,134.31999999999996,64.46153846153847,1.1642486118574242,exp_images/audio\PUNJABI\p_woa_tub.wav,IMG_09_P_PNA,exp_images/images/boy_filled_bucket.jpg,IMG_09,exp_images/sentences/Bucket-woa.jpg,STIM_45,stimuli_list_subj_9_b.csv,PNA,passive_dropped_agent,non_agent_first,agent_dropped,1.0,1.0,6050.0,4258.0,236.55555555555557,18.0,943.6777777777777,504.838888888889,4415.0,4415,9,1057.0,1.0,6050.0,1.8127777777777776,18.0,92.31388888888887,32.111111111111114,2.975206611570248,participant_image,5116.0,-346.0,64.36752136752128,-5.0,19.92222222222233,-49.3696581196582,-261.0,-385,-2,5117.0,-0.029850746268656803,5116.0,0.4333760683760681,-5.0,42.006111111111096,32.35042735042735,-1.8109579997128236,-0.4333760683760681,0.09025711774392073,-0.5271612611049254,-0.9307322991845375,-0.3809611962549817,-0.3282272966446545,-0.4153649870890357
edf21,22,English,sentence_audio,active,10371.0,4099.0,315.3076923076923,13.0,902.3538461538462,548.6153846153846,4270.0,4004,9,5379.0,0.9377049180327868,10371.0,2.5430769230769226,13.0,99.42230769230768,55.53846153846154,1.2534953234982158,exp_images/audio\ENGLISH\fed.wav,IMG_16_E_ACT,exp_images/images/girl_fed_dog.jpg,IMG_16,exp_images/sentences/active_girl_dog.jpg,STIM_70,stimuli_list_subj_9_b.csv,ACT,active,agent_first,agent_overt,0.0,,5713.0,4141.0,376.45454545454544,11.0,897.0727272727272,582.8181818181819,4201.0,3743,6,1088.0,0.8909783384908355,5713.0,2.791818181818182,11.0,146.54181818181817,72.0,1.9254332224750568,participant_image,4658.0,-42.0,-61.14685314685312,2.0,5.281118881119028,-34.20279720279723,69.0,261,3,4291.0,0.04672657954195125,4658.0,-0.2487412587412594,2.0,-47.11951048951049,-16.46153846153846,-0.671937898976841,0.2487412587412594,-0.1681424722540599,0.12270341709502947,0.6660171302740702,0.43139013364535495,0.13794266943083697,0.23798217563824636
edf21,23,English,sentence_audio,active,10580.0,4096.0,315.07692307692315,13.0,967.3692307692309,344.13846153846146,4313.0,4227,4,5587.0,0.9800602828657548,10580.0,2.349230769230769,13.0,128.93615384615384,52.30769230769231,1.2287334593572778,exp_images/audio\ENGLISH\scooter.wav,IMG_14_E_ACT,exp_images/images/driver_wash_scooter.jpg,IMG_14,exp_images/sentences/active_driver_scooter.jpg,STIM_68,stimuli_list_subj_9_b.csv,ACT,active,agent_first,agent_overt,0.0,,5677.0,3835.0,191.75,20.0,965.8,436.44500000000016,4002.0,4002,7,685.0,1.0,5677.0,2.725,20.0,132.34,49.5,3.5229874933943988,participant_image,4903.0,261.0,123.32692307692315,-7.0,1.5692307692308987,-92.30653846153871,311.0,225,-3,4902.0,-0.01993971713424525,4903.0,-0.3757692307692313,-7.0,-3.4038461538461604,2.8076923076923066,-2.294254034037121,0.3757692307692313,0.2116383164088665,0.7704303825377478,-1.3869464218869967,0.386119780895491,0.22475563115572303,0.04119953782216633
edf21,24,English,sentence_audio,active,10248.0,4108.0,293.42857142857144,14.0,947.3214285714287,389.05000000000007,4266.0,4266,5,5256.0,1.0,10248.0,2.6514285714285712,14.0,119.44285714285714,51.85714285714285,1.3661202185792352,exp_images/audio\ENGLISH\picture.wav,IMG_07_E_ACT,exp_images/images/artiste_drew_picture.jpg,IMG_07,exp_images/sentences/active_artist_picture.jpg,STIM_61,stimuli_list_subj_9_b.csv,ACT,active,agent_first,agent_overt,0.0,,5841.0,3895.0,229.11764705882354,17.0,879.7705882352942,346.55294117647065,4078.0,3655,8,849.0,0.8962726826875921,5841.0,3.603529411764706,17.0,128.0370588235294,53.764705882352935,2.9104605375791817,participant_image,4407.0,213.0,64.31092436974791,-3.0,67.55084033613446,42.497058823529414,188.0,611,-3,4407.0,0.10372731731240792,4407.0,-0.9521008403361346,-3.0,-8.59420168067227,-1.907563025210088,-1.5443403189999465,0.9521008403361346,0.09014060008547453,0.6678201701903864,-0.4745181764820781,0.8715185631579213,0.6186299342986257,0.354718218250066
edf21,25,English,sentence_audio,passive,11137.0,3909.0,325.75,12.0,789.6166666666667,634.5,4021.0,4021,4,6490.0,1.0,11137.0,2.5869230769230764,13.0,116.28307692307692,78.15384615384616,1.167280237047679,exp_images/audio\ENGLISH\p_sapling.wav,IMG_03_E_PWA,exp_images/images/girl_plant_tree.jpg,IMG_03,exp_images/sentences/passive_girl_sapling.jpg,STIM_75,stimuli_list_subj_9_b.csv,PWA,passive_with_agent,non_agent_first,agent_overt,1.0,0.0,5642.0,4276.0,427.6,10.0,904.57,512.0899999999998,4441.0,4145,4,649.0,0.9333483449673496,5642.0,2.7760000000000002,10.0,154.834,55.2,1.7724211272598367,participant_image,5495.0,-367.0,-101.85000000000002,2.0,-114.95333333333338,122.4100000000002,-420.0,-124,0,5841.0,0.06665165503265036,5495.0,-0.1890769230769238,3.0,-38.550923076923084,22.953846153846158,-0.6051408902121578,0.1890769230769238,-0.25193906128359955,-0.5720532290068959,0.6660171302740702,-0.052751138818468025,0.09716710161158414,-0.02271183944466184
edf21,26,English,sentence_audio,passive,10309.0,4333.0,619.0,7.0,1092.642857142857,349.9857142857142,4491.0,4333,1,5510.0,0.9648185259407704,10309.0,1.5157142857142856,7.0,171.25428571428571,71.71428571428571,0.6790183334950044,exp_images/audio\ENGLISH\p_frisbee.wav,IMG_12_E_PWA,exp_images/images/child_throw_frisbee.jpg,IMG_12,exp_images/sentences/passive_child_frisbee.jpg,STIM_84,stimuli_list_subj_9_b.csv,PWA,passive_with_agent,non_agent_first,agent_overt,1.0,0.0,5863.0,4077.0,239.82352941176467,17.0,966.3647058823531,401.8647058823529,4237.0,3263,10,1068.0,0.7701203681850366,5863.0,3.65764705882353,17.0,137.75705882352943,44.470588235294116,2.8995394849053384,participant_image,4446.0,256.0,379.17647058823536,-10.0,126.27815126050405,-51.878991596638684,254.0,1070,-9,4442.0,0.19469815775573385,4446.0,-2.1419327731092443,-10.0,33.49722689075628,27.243697478991592,-2.220521151410334,2.1419327731092443,0.7383621951190344,0.7597418187515642,-2.071267605940686,1.4487155607186868,1.431780238045377,0.4614664413387953
edf21,27,English,sentence_audio,passive,10372.0,3842.0,295.53846153846155,13.0,957.2,531.2692307692306,4186.0,3586,5,5380.0,0.8566650740563784,10372.0,4.91,13.0,134.18923076923076,62.0,1.2533744697261862,exp_images/audio\ENGLISH\p_vase.wav,IMG_08_E_PWA,exp_images/images/boy_broke_vase.jpg,IMG_08,exp_images/sentences/passive_boy_vase.jpg,STIM_80,stimuli_list_subj_9_b.csv,PWA,passive_with_agent,non_agent_first,agent_overt,1.0,0.0,5940.0,4084.0,255.25,16.0,905.775,467.01249999999993,4354.0,4230,7,952.0,0.9715204409738172,5940.0,2.708333333333333,18.0,108.63833333333332,46.22222222222222,3.0303030303030303,participant_image,4432.0,-242.0,40.28846153846155,-3.0,51.42500000000007,64.25673076923067,-168.0,-644,-2,4428.0,-0.1148553669174388,4432.0,2.201666666666667,-5.0,25.55089743589744,15.777777777777779,-1.7769285605768441,-2.201666666666667,0.04068495350823544,-0.30483913435230925,-0.4745181764820781,-0.7066562340942808,-1.536705567824755,-0.5964068318490375
edf21,28,English,sentence_audio,passive_dropped_agent,10224.0,4082.0,314.0,13.0,1090.576923076923,385.976923076923,4246.0,4120,8,5232.0,0.9703250117757891,10224.0,3.007692307692309,13.0,140.0223076923077,57.384615384615394,1.2715179968701096,exp_images/audio\ENGLISH\p_woa_box.wav,IMG_05_E_PNA,exp_images/images/man_pushed_box.jpg,IMG_05,exp_images/sentences/noagent_man_box.jpg,STIM_95,stimuli_list_subj_9_b.csv,PNA,passive_dropped_agent,non_agent_first,agent_dropped,1.0,1.0,5789.0,3957.0,247.3125,16.0,1027.04375,399.55625,4096.0,4096,9,797.0,1.0,5789.0,2.551875,16.0,140.823125,56.0,2.7638624978407327,participant_image,4435.0,125.0,66.6875,-3.0,63.53317307692305,-13.579326923076962,150.0,24,-1,4435.0,-0.029674988224210885,4435.0,0.4558173076923091,-3.0,-0.8008173076923129,1.384615384615394,-1.492344500970623,-0.4558173076923091,0.09503331592644781,0.47970144755355737,-0.4745181764820781,0.13336031137541715,-0.3435640009840014,-0.02199742052213144
edf21,29,English,sentence_audio,passive_dropped_agent,10911.0,4229.0,1409.666666666667,3.0,855.7999999999997,458.16666666666674,4538.0,4538,2,5919.0,1.0,10911.0,2.3166666666666664,3.0,234.28,151.33333333333334,0.27495188342040144,exp_images/audio\ENGLISH\p_woa_shrub.wav,IMG_04_E_PNA,exp_images/images/man_cut_shrub.jpg,IMG_04,exp_images/sentences/noagent_man_shrub.jpg,STIM_94,stimuli_list_subj_9_b.csv,PNA,passive_dropped_agent,non_agent_first,agent_dropped,1.0,1.0,6023.0,4033.0,288.07142857142856,14.0,964.1357142857145,554.8428571428572,4216.0,3206,5,1031.0,0.7604364326375711,6023.0,2.9592857142857145,14.0,120.41357142857143,55.42857142857143,2.3244230449941887,participant_image,4888.0,196.0,1121.5952380952385,-11.0,-108.33571428571474,-96.67619047619041,322.0,1332,-3,4888.0,0.2395635673624289,4888.0,-0.6426190476190481,-11.0,113.86642857142857,95.90476190476191,-2.0494711615737873,0.6426190476190481,2.2667983274175336,0.6314790533173626,-2.2993746672919153,1.7781831279538078,0.4071250933035938,0.5568421869400766
edf21,30,English,sentence_audio,passive_dropped_agent,11080.0,4252.0,531.5,8.0,1039.3874999999996,390.925,4412.0,4252,6,6282.0,0.9637352674524026,11080.0,2.99625,8.0,120.4,72.5,0.7220216606498195,exp_images/audio\ENGLISH\p_woa_window.wav,IMG_02_E_PNA,exp_images/images/girl_opened_window.jpg,IMG_02,exp_images/sentences/noagent_girl_window.jpg,STIM_92,stimuli_list_subj_9_b.csv,PNA,passive_dropped_agent,non_agent_first,agent_dropped,1.0,1.0,6103.0,4259.0,354.91666666666674,12.0,1005.3416666666666,410.75,4267.0,3935,9,1110.0,0.9221935786266698,6103.0,3.0,12.0,149.5608333333333,60.5,1.966246108471244,participant_image,4977.0,-7.0,176.58333333333326,-4.0,34.04583333333301,-19.82499999999999,145.0,317,-3,5172.0,0.041541688825732725,4977.0,-0.003750000000000142,-4.0,-29.1608333333333,12.0,-1.2442244478214244,0.003750000000000142,0.32127862357101233,0.19752336359831374,-0.7026252378333078,0.5018106823673656,-0.029488302098435615,0.05769982592098967
edf21,31,Punjabi,sentence_audio,active,10835.0,4199.0,599.8571428571429,7.0,986.8714285714284,641.1428571428571,4361.0,4361,4,5842.0,1.0,10835.0,2.907142857142857,7.0,134.81285714285715,90.28571428571428,0.6460544531610521,exp_images/audio\PUNJABI\dug.wav,IMG_13_P_ACT,exp_images/images/dog_dug_hole.jpg,IMG_13,exp_images/sentences/Dog-dug.jpg,STIM_13,stimuli_list_subj_9_b.csv,ACT,active,agent_first,agent_overt,0.0,,5958.0,4116.0,343.0,12.0,1040.2333333333333,674.4583333333334,4302.0,4184,5,966.0,0.9725708972570896,5958.0,2.9366666666666674,12.0,119.4166666666667,57.5,2.014098690835851,participant_image,4877.0,83.0,256.8571428571429,-5.0,-53.36190476190495,-33.31547619047626,59.0,177,-1,4876.0,0.02742910274291044,4877.0,-0.029523809523810396,-5.0,15.396190476190455,32.78571428571428,-1.3680442376747988,0.029523809523810396,0.4865403280473619,0.3899175117496162,-0.9307322991845375,0.32575931056233903,-0.011874065611984112,0.05192215711255911
edf21,32,Punjabi,sentence_audio,active,10566.0,4068.0,452.0,9.0,947.4444444444445,563.2222222222222,4179.0,4179,4,5573.0,1.0,10566.0,2.997,10.0,135.33100000000002,83.2,0.9464319515426841,exp_images/audio\PUNJABI\veg.wav,IMG_18_P_ACT,exp_images/images/boy_cut_vegetables.jpg,IMG_18,exp_images/sentences/Veg.jpg,STIM_18,stimuli_list_subj_9_b.csv,ACT,active,agent_first,agent_overt,0.0,,5878.0,4248.0,303.42857142857144,14.0,935.05,674.4928571428571,4500.0,4500,6,886.0,1.0,5878.0,3.502142857142857,14.0,85.11642857142857,35.142857142857146,2.3817625042531474,participant_image,4688.0,-180.0,148.57142857142856,-5.0,12.394444444444503,-111.27063492063496,-321.0,-321,-2,4687.0,0.0,4688.0,-0.5051428571428569,-4.0,50.214571428571446,48.05714285714286,-1.4353305527104632,0.5051428571428569,0.26360981285874047,-0.17230094340363428,-0.9307322991845375,-0.3004805691441125,0.3131716508345234,-0.16534646960780405
edf21,33,Punjabi,sentence_audio,active,10682.0,3014.0,502.33333333333326,6.0,951.6666666666665,390.51666666666665,3392.0,3232,4,5690.0,0.9528301886792452,10682.0,2.615,6.0,226.01,266.6666666666667,0.5616925669350309,exp_images/audio\PUNJABI\cake.wav,IMG_15_P_ACT,exp_images/images/girl_baked_cake.jpg,IMG_15,exp_images/sentences/Cake.jpg,STIM_15,stimuli_list_subj_9_b.csv,ACT,active,agent_first,agent_overt,0.0,,5888.0,4350.0,362.5,12.0,912.3583333333332,462.52499999999986,4511.0,3879,9,895.0,0.8598980270450011,5888.0,2.2816666666666667,12.0,108.52749999999996,40.16666666666666,2.0380434782608696,participant_image,4794.0,-1336.0,139.83333333333326,-6.0,39.30833333333328,-72.00833333333321,-1119.0,-647,-5,4795.0,0.09293216163424411,4794.0,0.3333333333333335,-6.0,117.48250000000003,226.50000000000003,-1.4763509113258388,-0.3333333333333335,0.24562047709044132,-2.6434968907692524,-1.1588393605357672,-0.7104287634901028,-0.2598564804420202,-0.9054002036293403
edf21,34,Punjabi,sentence_audio,passive,10362.0,4444.0,1481.333333333333,3.0,966.3333333333335,450.83333333333326,4599.0,4599,4,5369.0,1.0,10362.0,4.476666666666667,3.0,171.6,131.33333333333334,0.2895193977996526,exp_images/audio\PUNJABI\p_clothes.wav,IMG_06_P_PWA,exp_images/images/women_fold_clothes.jpg,IMG_06,exp_images/sentences/Folded-clothes-passive.jpg,STIM_24,stimuli_list_subj_9_b.csv,PWA,passive_with_agent,non_agent_first,agent_overt,1.0,0.0,5658.0,4178.0,379.8181818181818,11.0,961.2454545454544,411.9727272727272,4310.0,4310,6,666.0,1.0,5658.0,2.8363636363636364,11.0,140.4618181818182,62.0,1.9441498762813716,participant_image,4704.0,266.0,1101.5151515151513,-8.0,5.087878787879049,38.860606060606074,289.0,289,-2,4703.0,0.0,4704.0,1.6403030303030302,-8.0,31.138181818181806,69.33333333333334,-1.654630478481719,-1.6403030303030302,2.225458949680968,0.7811189463239312,-1.6150534832382264,0.46660040800636027,-1.153060618611144,0.14101284043237775
edf21,35,Punjabi,sentence_audio,passive,10381.0,4695.0,4695.0,1.0,988.1,454.0,4960.0,4960,1,5389.0,1.0,10381.0,2.7,1.0,82.92,32.0,0.0963298333493883,exp_images/audio\PUNJABI\p_letter.wav,IMG_17_P_PWA,exp_images/images/women_read_letter.jpg,IMG_17,exp_images/sentences/Letter-passive.jpg,STIM_35,stimuli_list_subj_9_b.csv,PWA,passive_with_agent,non_agent_first,agent_overt,1.0,0.0,5878.0,4302.0,330.92307692307685,13.0,999.2,444.72307692307703,4461.0,4302,5,1080.0,0.9643577673167452,5878.0,2.359230769230769,13.0,94.78923076923077,40.769230769230774,2.2116366110922083,participant_image,4503.0,393.0,4364.076923076923,-12.0,-11.100000000000023,9.27692307692297,499.0,658,-4,4309.0,0.03564223268325484,4503.0,0.34076923076923116,-12.0,-11.869230769230768,-8.769230769230774,-2.11530677774282,-0.34076923076923116,8.9421766752519,1.0526084664929913,-2.5274817286431452,0.9306215236924659,-0.26493829249638107,1.626597328859566
edf21,36,Punjabi,sentence_audio,passive,10899.0,4233.0,470.33333333333326,9.0,865.4666666666667,412.2000000000001,4405.0,4233,6,6110.0,0.9609534619750284,10899.0,2.7744444444444443,9.0,115.47111111111113,65.33333333333333,0.8257638315441784,exp_images/audio\PUNJABI\p_lamp.wav,IMG_01_P_PWA,exp_images/images/girl_lighted_lamp.jpg,IMG_01,exp_images/sentences/Lamp-passive.jpg,STIM_19,stimuli_list_subj_9_b.csv,PWA,passive_with_agent,non_agent_first,agent_overt,1.0,0.0,5948.0,4138.0,258.625,16.0,914.875,473.20625,4320.0,4218,6,956.0,0.9763888888888888,5948.0,3.025625,16.0,98.06624999999998,42.0,2.6899798251513114,participant_image,4951.0,95.0,211.70833333333326,-7.0,-49.4083333333333,-61.00624999999991,85.0,15,0,5154.0,-0.01543542691386035,4951.0,-0.2511805555555555,-7.0,17.404861111111146,23.33333333333333,-1.864215993607133,0.2511805555555555,0.3935913418058438,0.41557006483645653,-1.3869464218869967,0.12204272318795117,0.13960972415582695,-0.06322651358018365
edf22,19,English,sentence_audio,active,10653.0,4495.0,345.76923076923083,13.0,951.0384615384613,472.36923076923085,4803.0,6466,8,5846.0,1.3462419321257548,10653.0,1.8765,20.0,64.06550000000001,27.2,1.87740542570168,exp_images/audio\ENGLISH\tabla.wav,IMG_11_E_ACT,exp_images/images/child_play_tabla.jpg,IMG_11,exp_images/sentences/active_child_tabla.jpg,STIM_65,stimuli_list_subj_10_b.csv,ACT,active,agent_first,agent_overt,0.0,,6134.0,2818.0,140.9,20.0,302.44000000000005,828.3800000000001,4718.0,5176,3,856.0,1.0970750317931326,6134.0,1.433125,32.0,66.174375,76.8125,5.2168242582327995,participant_image,4519.0,1677.0,204.86923076923082,-7.0,648.5984615384613,-356.01076923076926,85.0,1290,5,4990.0,0.24916690033262223,4519.0,0.4433750000000001,-12.0,-2.1088749999999834,-49.6125,-3.33941883253112,-0.4433750000000001,0.3795115098714082,3.797431646784906,-1.3869464218869967,1.7253677164123,-0.33506072753786764,0.8360607447287501
edf22,20,English,sentence_audio,active,10511.0,4401.0,275.0625,16.0,860.275,558.69375,4835.0,9251,6,5519.0,1.9133402275077558,10617.0,1.4508695652173909,23.0,55.94347826086958,24.43478260869565,2.166337006687388,exp_images/audio\ENGLISH\door.wav,IMG_10_E_ACT,exp_images/images/boy_opened_door.jpg,IMG_10,exp_images/sentences/active_boy_door.jpg,STIM_64,stimuli_list_subj_10_b.csv,ACT,active,agent_first,agent_overt,0.0,,6138.0,3916.0,279.7142857142857,14.0,863.9142857142857,484.6285714285714,4695.0,8697,11,921.0,1.8523961661341848,6138.0,2.1930769230769243,26.0,68.67807692307693,42.384615384615394,4.235907461713913,participant_image,4373.0,485.0,-4.651785714285722,2.0,-3.6392857142857338,74.06517857142865,140.0,554,-5,4598.0,0.060944061373571,4479.0,-0.7422073578595334,-3.0,-12.734598662207347,-17.949832775919745,-2.0695704550265255,0.7422073578595334,-0.051834660356293326,1.249278040158767,0.6660171302740702,0.7998405046373034,0.4751853482783765,0.6276972725984449
edf22,21,English,sentence_audio,active,10790.0,4196.0,299.7142857142857,14.0,938.4571428571433,467.2357142857143,4807.0,7609,11,5798.0,1.5828999375910133,11010.0,1.6976190476190476,21.0,69.74809523809525,38.66666666666666,1.9073569482288828,exp_images/audio\ENGLISH\bucket.wav,IMG_09_E_ACT,exp_images/images/boy_filled_bucket.jpg,IMG_09,exp_images/sentences/active_boy_bucket.jpg,STIM_63,stimuli_list_subj_10_b.csv,ACT,active,agent_first,agent_overt,0.0,,6054.0,4672.0,1557.333333333333,3.0,951.5333333333333,477.33333333333326,4909.0,8637,11,917.0,1.7594214707679772,6054.0,2.3710526315789466,19.0,83.96631578947367,43.68421052631579,3.1384208787578465,participant_image,4736.0,-476.0,-1257.6190476190473,11.0,-13.07619047619005,-10.097619047618934,-102.0,-1028,0,4881.0,-0.17652153317696384,4956.0,-0.673433583959899,2.0,-14.218220551378423,-5.01754385964913,-1.2310639305289637,0.673433583959899,-2.63134977971821,-0.8050639195456956,2.718980682435137,-1.1895399967594964,0.4281842436719815,-0.29575775398325677
edf22,22,English,sentence_audio,passive,10673.0,3329.0,832.25,4.0,964.25,656.825,4725.0,8418,3,5680.0,1.7815873015873016,11115.0,2.1123076923076924,13.0,88.98769230769231,44.46153846153846,1.1695906432748535,exp_images/audio\ENGLISH\p_fed.wav,IMG_16_E_PWA,exp_images/images/girl_fed_dog.jpg,IMG_16,exp_images/sentences/passive_girl_dog.jpg,STIM_88,stimuli_list_subj_10_b.csv,PWA,passive_with_agent,non_agent_first,agent_overt,1.0,0.0,5710.0,4050.0,213.15789473684208,19.0,823.0526315789474,701.078947368421,4710.0,7244,11,874.0,1.5380042462845012,5795.0,1.6345161290322578,31.0,59.79903225806451,36.516129032258064,5.349439171699742,participant_image,4963.0,-721.0,619.0921052631579,-15.0,141.1973684210526,-44.253947368420995,15.0,1174,-8,4806.0,0.24358305530280044,5320.0,0.4777915632754346,-18.0,29.188660049627806,7.945409429280396,-4.1798485284248885,-0.4777915632754346,1.2322825279411964,-1.3288035450686857,-3.211802912696834,1.5794965797738494,-0.3585815611198955,-0.41748178223407384
edf22,23,English,sentence_audio,passive,10344.0,3970.0,283.57142857142856,14.0,1067.9857142857145,534.3928571428571,4607.0,7495,8,5352.0,1.6268721510744517,11023.0,2.6048,25.0,78.8512,44.56,2.2679851220175995,exp_images/audio\ENGLISH\p_scooter.wav,IMG_14_E_PWA,exp_images/images/driver_wash_scooter.jpg,IMG_14,exp_images/sentences/passive_driver_scooter.jpg,STIM_86,stimuli_list_subj_10_b.csv,PWA,passive_with_agent,non_agent_first,agent_overt,1.0,0.0,5963.0,4394.0,488.22222222222223,9.0,813.6444444444444,230.48888888888888,4765.0,8818,5,971.0,1.8505771248688352,5963.0,2.4029411764705886,17.0,74.71235294117648,28.588235294117645,2.85091396947845,participant_image,4381.0,-424.0,-204.65079365079367,5.0,254.3412698412701,303.90396825396823,-158.0,-1323,3,4381.0,-0.22370497379438348,5060.0,0.20185882352941142,8.0,4.138847058823529,15.971764705882357,-0.5829288474608507,-0.20185882352941142,-0.4635776328305574,-0.6939028561693875,1.3503383143277592,-1.5605053873486594,-0.17000468319461773,-0.3075304490430926
edf22,24,English,sentence_audio,passive,10525.0,4171.0,297.92857142857144,14.0,850.0428571428571,433.6785714285714,4197.0,8311,11,5518.0,1.9802239695020247,10525.0,3.242580645161291,31.0,105.86870967741936,54.0,2.9453681710213777,exp_images/audio\ENGLISH\p_artist.wav,IMG_07_E_PWA,exp_images/images/artiste_drew_picture.jpg,IMG_07,exp_images/sentences/passive_artist_picture.jpg,STIM_79,stimuli_list_subj_10_b.csv,PWA,passive_with_agent,non_agent_first,agent_overt,1.0,0.0,5715.0,4210.0,221.578947368421,19.0,876.2052631578946,452.50526315789483,4338.0,6028,16,814.0,1.3895804518211157,5715.0,2.7758536585365863,41.0,81.17926829268295,39.121951219512205,7.174103237095364,participant_image,4810.0,-39.0,76.34962406015043,-5.0,-26.162406015037504,-18.826691729323443,-141.0,2283,-5,4704.0,0.5906435176809091,4810.0,0.4667269866247046,-10.0,24.689441384736412,14.878048780487795,-4.228735066073987,-0.4667269866247046,0.11492497300008893,0.12911655536673955,-0.9307322991845375,2.9740749464293805,-0.35101985125436774,0.3872728648714607
edf22,25,English,sentence_audio,passive_dropped_agent,10556.0,4292.0,476.88888888888886,9.0,830.8222222222223,596.8666666666667,4445.0,7232,8,5740.0,1.6269966254218222,10735.0,2.527727272727272,22.0,84.61454545454545,62.45454545454545,2.049371215649744,exp_images/audio\ENGLISH\p_woa_sapling.wav,IMG_03_E_PNA,exp_images/images/girl_plant_tree.jpg,IMG_03,exp_images/sentences/noagent_girl_sapling.jpg,STIM_93,stimuli_list_subj_10_b.csv,PNA,passive_dropped_agent,non_agent_first,agent_dropped,1.0,1.0,5743.0,4109.0,241.70588235294116,17.0,865.0058823529413,553.135294117647,4656.0,8436,9,751.0,1.8118556701030928,6037.0,2.778888888888889,27.0,79.967037037037,30.962962962962962,4.472420076196786,participant_image,4813.0,183.0,235.1830065359477,-8.0,-34.18366013071898,43.731372549019625,-211.0,-1204,-1,4989.0,-0.18485904468127057,4698.0,-0.25116161616161703,-5.0,4.647508417508448,31.49158249158249,-2.423048860547042,0.25116161616161703,0.4419192401390939,0.6036887874732856,-1.6150534832382264,-1.4108617213143868,0.139596780669012,-0.36814207925424436
edf22,26,English,sentence_audio,passive_dropped_agent,10680.0,2310.0,210.0,11.0,940.1727272727272,503.43636363636375,4710.0,6264,6,5884.0,1.3299363057324842,11089.0,2.95695652173913,23.0,76.55086956521737,123.30434782608695,2.0741275137523667,exp_images/audio\ENGLISH\p_woa_frisbee.wav,IMG_12_E_PNA,exp_images/images/child_throw_frisbee.jpg,IMG_12,exp_images/sentences/noagent_child_frisbee.jpg,STIM_102,stimuli_list_subj_10_b.csv,PNA,passive_dropped_agent,non_agent_first,agent_dropped,1.0,1.0,6101.0,4309.0,269.3125,16.0,998.5437499999997,479.63125,4760.0,7254,7,661.0,1.523949579831933,6101.0,1.9385714285714288,28.0,66.62214285714285,25.214285714285715,4.5894115718734625,participant_image,4579.0,-1999.0,-59.3125,-5.0,-58.371022727272475,23.80511363636373,-50.0,-990,-1,5223.0,-0.19401327409944868,4988.0,1.0183850931677012,-5.0,9.928726708074521,98.09006211180125,-2.515284058121096,-1.0183850931677012,-0.16436604343550998,-4.06080044881718,-0.9307322991845375,-1.1417546244124177,-0.7280318850920373,-1.4051370601883364
edf22,27,English,sentence_audio,passive_dropped_agent,10737.0,3509.0,501.28571428571433,7.0,815.4428571428571,457.15714285714284,4878.0,8789,4,5242.0,1.801763017630176,10737.0,1.6741666666666666,12.0,89.3575,99.66666666666669,1.1176306230790725,exp_images/audio\ENGLISH\p_woa_vase.wav,IMG_08_E_PNA,exp_images/images/boy_broke_vase.jpg,IMG_08,exp_images/sentences/noagent_boy_vase.jpg,STIM_98,stimuli_list_subj_10_b.csv,PNA,passive_dropped_agent,non_agent_first,agent_dropped,1.0,1.0,5831.0,4153.0,244.29411764705884,17.0,904.2882352941174,534.3411764705882,4780.0,8481,12,838.0,1.7742677824267783,5883.0,1.5967999999999998,25.0,58.8316,29.04,4.249532551419344,participant_image,4906.0,-644.0,256.9915966386555,-10.0,-88.84537815126032,-77.18403361344531,98.0,308,-8,4404.0,0.027495235203397694,4854.0,0.0773666666666668,-13.0,30.5259,70.6266666666667,-3.131901928340272,-0.0773666666666668,0.48681713141869654,-1.1641996627614604,-2.071267605940686,0.49049309417989956,-0.08492473839006623,-0.4686163562987232
edf22,28,Punjabi,sentence_audio,active,10531.0,4067.0,239.2352941176471,17.0,806.6352941176473,475.59411764705885,4926.0,7529,6,6072.0,1.5284206252537555,10708.0,1.492,20.0,56.627,24.0,1.867762420620097,exp_images/audio\PUNJABI\box.wav,IMG_05_P_ACT,exp_images/images/man_pushed_box.jpg,IMG_05,exp_images/sentences/Pushed-box.jpg,STIM_05,stimuli_list_subj_10_b.csv,ACT,active,agent_first,agent_overt,0.0,,5831.0,4415.0,294.3333333333333,15.0,978.6866666666664,365.18666666666667,4708.0,8416,11,706.0,1.7875955819881053,5831.0,1.946521739130435,23.0,65.59956521739132,26.43478260869565,3.944434916823872,participant_image,4700.0,-348.0,-55.098039215686214,2.0,-172.0513725490191,110.40745098039218,218.0,-887,-5,5366.0,-0.25917495673434976,4877.0,-0.45452173913043503,-3.0,-8.972565217391313,-2.4347826086956488,-2.0766724962037753,0.45452173913043503,-0.15568962734418387,-0.5314366866193988,0.6660171302740702,-1.0122311151558625,0.27857636358932025,-0.15095278705121096
edf22,29,Punjabi,sentence_audio,active,11019.0,4117.0,316.6923076923077,13.0,840.6615384615384,445.89230769230767,4846.0,8257,8,5284.0,1.7038794882377215,11019.0,1.8842105263157891,19.0,76.40263157894736,38.0,1.7242944005808152,exp_images/audio\PUNJABI\shrub.wav,IMG_04_P_ACT,exp_images/images/man_cut_shrub.jpg,IMG_04,exp_images/sentences/Shrub.jpg,STIM_04,stimuli_list_subj_10_b.csv,ACT,active,agent_first,agent_overt,0.0,,5957.0,4229.0,528.625,8.0,758.4375,432.13749999999993,4506.0,8496,6,965.0,1.885486018641811,5957.0,1.9357894736842105,19.0,89.10263157894737,57.47368421052632,3.1895249286553637,participant_image,5062.0,-112.0,-211.93269230769232,5.0,82.22403846153838,13.754807692307736,340.0,-239,2,4319.0,-0.18160653040408947,5062.0,-0.05157894736842139,0.0,-12.700000000000003,-19.473684210526322,-1.4652305280745486,0.05157894736842139,-0.4785690601840353,-0.026936475911539092,1.3503383143277592,-0.19736476565831124,0.003198770763925947,0.13013335666755993
edf22,30,Punjabi,sentence_audio,active,10436.0,3618.0,278.3076923076923,13.0,964.6615384615384,449.72307692307703,4466.0,7970,12,5732.0,1.7845947156291984,10436.0,2.1134782608695653,23.0,95.31826086956521,96.34782608695652,2.2039095438865464,exp_images/audio\PUNJABI\window.wav,IMG_02_P_ACT,exp_images/images/girl_opened_window.jpg,IMG_02,exp_images/sentences/Window.jpg,STIM_02,stimuli_list_subj_10_b.csv,ACT,active,agent_first,agent_overt,0.0,,5739.0,3707.0,308.9166666666667,12.0,985.3166666666666,373.1,4544.0,7501,12,1063.0,1.6507482394366195,6055.0,3.123333333333333,24.0,91.125,58.91666666666666,3.963666391412057,participant_image,4697.0,-89.0,-30.608974358974365,1.0,-20.65512820512822,76.62307692307701,-78.0,469,0,4669.0,0.13384647619257883,4381.0,-1.0098550724637678,-1.0,4.193260869565208,37.43115942028986,-1.7597568475255105,1.0098550724637678,-0.10527337547748157,0.022230917504904864,0.4379100689228405,0.6929521717556801,0.6581001066008517,0.3411839778613591
edf22,31,Punjabi,sentence_audio,passive,10529.0,1322.0,220.33333333333331,6.0,683.0500000000002,576.6500000000002,4541.0,4393,7,5916.0,0.9674080598987008,11087.0,5.299047619047619,21.0,109.302,206.85714285714286,1.8941102191756112,exp_images/audio\PUNJABI\p_dug.wav,IMG_13_P_PWA,exp_images/images/dog_dug_hole.jpg,IMG_13,exp_images/sentences/Dog-dug-passive.jpg,STIM_31,stimuli_list_subj_10_b.csv,PWA,passive_with_agent,non_agent_first,agent_overt,1.0,0.0,5996.0,4344.0,394.9090909090909,11.0,889.1636363636363,652.6181818181818,4691.0,8156,6,738.0,1.7386484758047325,5996.0,2.571818181818182,22.0,83.42636363636362,40.54545454545455,3.669112741827885,participant_image,4533.0,-3022.0,-174.57575757575756,-5.0,-206.11363636363615,-75.96818181818162,-150.0,-3763,1,5178.0,-0.7712404159060317,5091.0,2.7272294372294374,-1.0,25.87563636363639,166.31168831168833,-1.7750025226522739,-2.7272294372294374,-0.4016614019523658,-6.247680599470318,-0.9307322991845375,-4.628829295950551,-1.8958836288178404,-2.8209574450751225
edf22,32,Punjabi,sentence_audio,passive,10665.0,4089.0,371.7272727272728,11.0,953.0909090909092,713.9454545454546,4863.0,8952,6,5870.0,1.8408389882788403,10863.0,2.39,15.0,95.35733333333332,45.33333333333334,1.3808340237503454,exp_images/audio\PUNJABI\p_veg.wav,IMG_18_P_PWA,exp_images/images/boy_cut_vegetables.jpg,IMG_18,exp_images/sentences/Veg-passive.jpg,STIM_36,stimuli_list_subj_10_b.csv,PWA,passive_with_agent,non_agent_first,agent_overt,1.0,0.0,6039.0,3417.0,227.8,15.0,915.36,518.96,4437.0,7447,9,1260.0,1.6783862970475547,6039.0,3.1927272727272733,22.0,96.30409090909092,95.36363636363636,3.642987249544627,participant_image,4626.0,672.0,143.9272727272728,-4.0,37.73090909090922,194.98545454545456,426.0,1505,-3,4610.0,0.16245269123128558,4824.0,-0.8027272727272732,-7.0,-0.9467575757576014,-50.03030303030302,-2.2621532257942816,0.8027272727272732,0.2540487727734143,1.6490303257620287,-0.7026252378333078,1.9957323231128763,0.5165456327033654,0.7425463633036753
edf22,33,Punjabi,sentence_audio,passive,11104.0,3328.0,302.54545454545456,11.0,909.2272727272727,499.35454545454553,4763.0,6647,9,5996.0,1.3955490237245434,11104.0,1.0850000000000002,22.0,74.36863636363638,72.18181818181819,1.9812680115273775,exp_images/audio\PUNJABI\p_cake.wav,IMG_15_P_PWA,exp_images/images/girl_baked_cake.jpg,IMG_15,exp_images/sentences/Cake-passive.jpg,STIM_33,stimuli_list_subj_10_b.csv,PWA,passive_with_agent,non_agent_first,agent_overt,1.0,0.0,5795.0,3845.0,1281.6666666666667,3.0,876.4666666666667,386.06666666666666,4934.0,6818,5,799.0,1.3818402918524524,5956.0,2.46,13.0,74.76846153846154,32.615384615384606,2.182672934855608,participant_image,5309.0,-517.0,-979.1212121212122,8.0,32.76060606060605,113.28787878787887,-171.0,-171,4,5197.0,0.013708731872090985,5148.0,-1.3749999999999998,9.0,-0.39982517482515334,39.56643356643358,-0.20140492332823068,1.3749999999999998,-2.0579993026401917,-0.8927101425924,2.034659498381448,-0.11185409935301265,0.907646030322746,-0.024051603176282077
edf22,34,Punjabi,sentence_audio,passive_dropped_agent,10715.0,2351.0,335.85714285714283,7.0,659.4428571428572,600.0285714285714,4842.0,6625,4,5384.0,1.3682362660057827,10715.0,3.268571428571428,14.0,68.05571428571429,251.57142857142856,1.306579561362576,exp_images/audio\PUNJABI\p_woa_clothes.wav,IMG_06_P_PNA,exp_images/images/women_fold_clothes.jpg,IMG_06,exp_images/sentences/Folded-clothes-woa.jpg,STIM_42,stimuli_list_subj_10_b.csv,PNA,passive_dropped_agent,non_agent_first,agent_dropped,1.0,1.0,5681.0,4109.0,273.93333333333334,15.0,927.9666666666666,346.0200000000001,4466.0,8697,8,689.0,1.947380206000896,6067.0,2.072758620689656,29.0,73.52931034482759,43.6551724137931,4.779957145211801,participant_image,5034.0,-1758.0,61.923809523809496,-8.0,-268.5238095238094,254.00857142857126,376.0,-2072,-4,4695.0,-0.5791439399951133,4648.0,1.1958128078817718,-15.0,-5.473596059113305,207.91625615763544,-3.473377583849225,-1.1958128078817718,0.08522618689690435,-3.545611674323137,-1.6150534832382264,-2.5023802265055513,-0.8492888425991195,-1.6854216079538258
edf22,35,Punjabi,sentence_audio,passive_dropped_agent,10421.0,2763.0,172.6875,16.0,872.325,451.7937500000001,4681.0,7587,5,5429.0,1.6208075197607348,10763.0,1.4965,20.0,66.94149999999999,115.0,1.8582179689677598,exp_images/audio\PUNJABI\p_woa_letter.wav,IMG_17_P_PNA,exp_images/images/women_read_letter.jpg,IMG_17,exp_images/sentences/Letter-woa.jpg,STIM_53,stimuli_list_subj_10_b.csv,PNA,passive_dropped_agent,non_agent_first,agent_dropped,1.0,1.0,5726.0,3770.0,377.0,10.0,845.2700000000002,380.73,4457.0,7307,7,1160.0,1.6394435719093559,5913.0,2.1592307692307697,26.0,87.74576923076923,79.30769230769229,4.3970911550820215,participant_image,4695.0,-1007.0,-204.3125,6.0,27.054999999999836,71.06375000000008,224.0,280,-2,4269.0,-0.018636052148621074,4850.0,-0.6627307692307698,-6.0,-20.804269230769236,35.69230769230771,-2.5388731861142615,0.6627307692307698,-0.46288117920919153,-1.94018939363838,1.5784453756789887,0.4552828198188943,0.4208697677294399,0.010305478075950248
edf22,36,Punjabi,sentence_audio,passive_dropped_agent,10502.0,4192.0,220.63157894736838,19.0,930.1210526315787,605.1157894736842,4857.0,8705,6,5513.0,1.7922585958410542,10506.0,2.784615384615385,26.0,82.12653846153846,53.46153846153846,2.474776318294308,exp_images/audio\PUNJABI\p_woa_lamp.wav,IMG_01_P_PNA,exp_images/images/girl_lighted_lamp.jpg,IMG_01,exp_images/sentences/Lamp-woa.jpg,STIM_37,stimuli_list_subj_10_b.csv,PNA,passive_dropped_agent,non_agent_first,agent_dropped,1.0,1.0,5840.0,3584.0,358.4,10.0,918.9400000000003,467.56,4910.0,5682,6,978.0,1.1572301425661915,5840.0,3.1426666666666665,15.0,110.32066666666668,68.8,2.568493150684932,participant_image,4662.0,608.0,-137.7684210526316,9.0,11.181052631578382,137.55578947368423,-53.0,3023,0,4535.0,0.6350284532748627,4666.0,-0.35805128205128156,11.0,-28.194128205128223,-15.338461538461537,-0.09371683239062367,0.35805128205128156,-0.32588521533396214,1.5122167092988803,2.2627665597326776,3.9046321973988065,0.21264689967446976,1.5132754301541744
edf23,19,English,sentence_audio,passive,11100.0,3836.0,255.7333333333333,15.0,954.5733333333333,553.6800000000002,3998.0,2778,7,6308.0,0.6948474237118559,11100.0,4.692500000000002,16.0,167.05937500000005,63.25,1.4414414414414416,exp_images/audio\ENGLISH\p_tabla.wav,IMG_11_E_PWA,exp_images/images/child_play_tabla.jpg,IMG_11,exp_images/sentences/passive_child_tabla.jpg,STIM_83,stimuli_list_subj_11_b.csv,PWA,passive_with_agent,non_agent_first,agent_overt,1.0,0.0,5865.0,4117.0,294.07142857142856,14.0,918.4,487.25,4390.0,3508,6,1340.0,0.7990888382687927,5865.0,3.261428571428571,14.0,82.20642857142856,43.0,2.387041773231032,participant_image,5235.0,-281.0,-38.33809523809526,1.0,36.17333333333329,66.43000000000018,-392.0,-730,1,4968.0,-0.1042414145569368,5235.0,1.4310714285714305,2.0,84.85294642857149,20.25,-0.9456003317895905,-1.4310714285714305,-0.12118551043363311,-0.38820993188454034,0.4379100689228405,-0.8148020767745114,-1.0100683725508652,-0.3792711645441419
edf23,20,English,sentence_audio,passive,10763.0,2868.0,260.72727272727275,11.0,832.0454545454545,492.77272727272725,3031.0,2791,4,5771.0,0.9208182118112834,10763.0,2.640909090909091,11.0,248.0375,165.0,1.022019882932268,exp_images/audio\ENGLISH\p_door.wav,IMG_10_E_PWA,exp_images/images/boy_opened_door.jpg,IMG_10,exp_images/sentences/passive_boy_door.jpg,STIM_82,stimuli_list_subj_11_b.csv,PWA,passive_with_agent,non_agent_first,agent_overt,1.0,0.0,6070.0,4558.0,455.8,10.0,812.63,562.6,4712.0,4712,4,1078.0,1.0,6070.0,1.998,10.0,65.74199999999999,28.0,1.6474464579901154,participant_image,4693.0,-1690.0,-195.07272727272726,1.0,19.41545454545451,-69.82727272727277,-1681.0,-1921,0,4693.0,-0.07918178818871657,4693.0,0.6429090909090911,1.0,182.2955,137.0,-0.6254265750578474,-0.6429090909090911,-0.4438590274147103,-3.400247206831042,0.4379100689228405,-2.312496246915844,-0.471425538534665,-1.238023590154684
edf23,21,English,sentence_audio,passive,10778.0,4478.0,1492.666666666667,3.0,948.7333333333332,448.66666666666674,4891.0,4891,3,5785.0,1.0,10778.0,3.0400000000000005,3.0,88.63333333333334,34.0,0.27834477639636296,exp_images/audio\ENGLISH\p_bucket.wav,IMG_09_E_PWA,exp_images/images/boy_filled_bucket.jpg,IMG_09,exp_images/sentences/passive_boy_bucket.jpg,STIM_81,stimuli_list_subj_11_b.csv,PWA,passive_with_agent,non_agent_first,agent_overt,1.0,0.0,5678.0,4040.0,404.0,10.0,913.93,434.94,4575.0,4433,4,685.0,0.9689617486338796,5678.0,1.338181818181818,11.0,52.23909090909091,39.63636363636363,1.9373018668545263,participant_image,5100.0,438.0,1088.666666666667,-7.0,34.803333333333285,13.726666666666745,316.0,458,-1,5100.0,0.031038251366120373,5100.0,1.7018181818181826,-8.0,36.39424242424243,-5.636363636363633,-1.6589570904581634,-1.7018181818181826,2.1990074517566134,1.1488055405686424,-1.3869464218869967,0.6791195639709994,-1.1951010637881287,0.288977014124226
edf23,22,English,sentence_audio,passive_dropped_agent,10643.0,2152.0,165.53846153846158,13.0,1415.930769230769,356.27692307692314,2671.0,1158,3,6210.0,0.4335454885810558,10643.0,6.730714285714285,14.0,118.73428571428578,167.14285714285714,1.3154185849854363,exp_images/audio\ENGLISH\p_woa_fed.wav,IMG_16_E_PNA,exp_images/images/girl_fed_dog.jpg,IMG_16,exp_images/sentences/noagent_girl_dog.jpg,STIM_106,stimuli_list_subj_11_b.csv,PNA,passive_dropped_agent,non_agent_first,agent_dropped,1.0,1.0,5854.0,4212.0,280.8,15.0,867.4333333333334,612.8133333333333,4434.0,3080,6,1110.0,0.6946323861073522,5854.0,3.4799999999999995,16.0,151.420625,35.75,2.7331738981892717,participant_image,4789.0,-2060.0,-115.26153846153844,-2.0,548.4974358974357,-256.53641025641014,-1763.0,-1922,-3,5100.0,-0.26108689752629644,4789.0,3.2507142857142854,-2.0,-32.686339285714226,131.39285714285714,-1.4177553132038354,-3.2507142857142854,-0.2795497317993243,-4.191200927008619,-0.24641111513084843,-2.3137537567144517,-2.253641604400303,-1.8569114270107092
edf23,23,English,sentence_audio,passive_dropped_agent,10489.0,4135.0,217.63157894736838,19.0,870.8052631578947,622.2315789473685,4342.0,3274,3,5497.0,0.7540304007369876,10489.0,3.3742105263157893,19.0,93.52315789473684,34.21052631578947,1.81142148917914,exp_images/audio\ENGLISH\p_woa_scooter.wav,IMG_14_E_PNA,exp_images/images/driver_wash_scooter.jpg,IMG_14,exp_images/sentences/noagent_driver_scooter.jpg,STIM_104,stimuli_list_subj_11_b.csv,PNA,passive_dropped_agent,non_agent_first,agent_dropped,1.0,1.0,5792.0,4390.0,399.09090909090907,11.0,971.5727272727272,512.9181818181819,4426.0,4210,4,800.0,0.9511974694984184,5792.0,2.999090909090909,11.0,107.5081818181818,51.45454545454545,1.8991712707182318,participant_image,4697.0,-255.0,-181.45933014354068,8.0,-100.76746411483248,109.31339712918657,-84.0,-936,-1,4697.0,-0.19716706876143086,4697.0,0.3751196172248803,8.0,-13.985023923444956,-17.24401913875598,-0.08774978153909174,-0.3751196172248803,-0.4158327853984332,-0.33262940019638626,2.034659498381448,-1.0738490952876218,-0.2884138997740652,-0.015213136455011678
edf23,24,English,sentence_audio,passive_dropped_agent,10507.0,4210.0,421.0,10.0,910.31,433.25,4627.0,2561,5,5515.0,0.5534903825372812,10507.0,2.46,11.0,87.66545454545454,34.90909090909091,1.0469211002189016,exp_images/audio\ENGLISH\p_woa_draw.wav,IMG_07_E_PNA,exp_images/images/artiste_drew_picture.jpg,IMG_07,exp_images/sentences/noagent_artist_picture.jpg,STIM_97,stimuli_list_subj_11_b.csv,PNA,passive_dropped_agent,non_agent_first,agent_dropped,1.0,1.0,5636.0,4172.0,231.77777777777774,18.0,950.2499999999997,466.5944444444445,4398.0,4398,7,644.0,1.0,5636.0,3.2605555555555554,18.0,85.32999999999998,33.0,3.1937544357700496,participant_image,4871.0,38.0,189.22222222222226,-8.0,-39.93999999999971,-33.34444444444449,229.0,-1837,-2,4871.0,-0.4465096174627188,4871.0,-0.8005555555555555,-7.0,2.335454545454553,1.9090909090909065,-2.1468333355511477,0.8005555555555555,0.3472986210378756,0.293720437673965,-1.6150534832382264,-2.2068654238328285,0.5150614462151792,-0.533167680428807
edf23,25,Punjabi,sentence_audio,active,10712.0,4170.0,278.0,15.0,784.9133333333334,572.3199999999998,4431.0,4431,10,5719.0,1.0,10712.0,3.474,15.0,88.30600000000003,37.46666666666667,1.400298730395818,exp_images/audio\PUNJABI\sapling.wav,IMG_03_P_ACT,exp_images/images/girl_plant_tree.jpg,IMG_03,exp_images/sentences/Sapling.jpg,STIM_03,stimuli_list_subj_11_b.csv,ACT,active,agent_first,agent_overt,0.0,,5953.0,4171.0,297.92857142857144,14.0,781.3000000000002,568.5642857142857,4469.0,3991,8,960.0,0.8930409487581115,5953.0,4.053571428571429,14.0,100.11142857142856,37.42857142857143,2.3517554174365864,participant_image,4759.0,-1.0,-19.928571428571445,1.0,3.6133333333332303,3.7557142857141343,-38.0,440,2,4759.0,0.10695905124188854,4759.0,-0.5795714285714286,1.0,-11.805428571428536,0.03809523809523796,-0.9514566870407684,0.5795714285714286,-0.0832853621610205,0.2103496401417339,0.4379100689228405,0.6564843875960674,0.364037335136275,0.3170992139271792
edf23,26,Punjabi,sentence_audio,active,10856.0,3730.0,339.09090909090907,11.0,983.5727272727272,398.60909090909087,3922.0,1974,4,6086.0,0.5033146353901071,10856.0,3.965,12.0,225.6233333333333,90.16666666666669,1.105379513633014,exp_images/audio\PUNJABI\frisbee.wav,IMG_12_P_ACT,exp_images/images/child_throw_frisbee.jpg,IMG_12,exp_images/sentences/Frisbee.jpg,STIM_12,stimuli_list_subj_11_b.csv,ACT,active,agent_first,agent_overt,0.0,,5971.0,3881.0,258.73333333333335,15.0,1069.7933333333335,541.1,4056.0,3520,4,979.0,0.8678500986193294,5971.0,3.103333333333333,15.0,144.13133333333334,62.4,2.512142019762184,participant_image,4885.0,-151.0,80.35757575757572,-4.0,-86.22060606060631,-142.49090909090916,-134.0,-1546,0,5107.0,-0.36453546322922226,4885.0,0.8616666666666668,-3.0,81.49199999999996,27.766666666666687,-1.4067625061291702,-0.8616666666666668,0.12317624365616663,-0.11030727344377016,-0.7026252378333078,-1.8409300724380946,-0.6209279886492698,-0.6303228657416552
edf23,27,Punjabi,sentence_audio,active,10268.0,4046.0,337.1666666666667,12.0,832.4583333333335,484.3083333333332,4315.0,3943,7,5275.0,0.9137891077636152,10268.0,2.501666666666667,12.0,126.51999999999997,56.5,1.1686793922867158,exp_images/audio\PUNJABI\vase.wav,IMG_08_P_ACT,exp_images/images/boy_broke_vase.jpg,IMG_08,exp_images/sentences/Vase.jpg,STIM_08,stimuli_list_subj_11_b.csv,ACT,active,agent_first,agent_overt,0.0,,6040.0,4474.0,447.4,10.0,786.48,458.08,4691.0,4339,6,1047.0,0.924962694521424,6040.0,2.51,10.0,77.74000000000002,30.2,1.6556291390728477,participant_image,4228.0,-428.0,-110.23333333333329,2.0,45.97833333333347,26.22833333333324,-376.0,-396,1,4228.0,-0.011173586757808773,4228.0,-0.00833333333333286,2.0,48.779999999999944,26.3,-0.4869497467861319,0.00833333333333286,-0.26919803982315826,-0.7024537071983343,0.6660171302740702,-0.3947938040396624,-0.02635597828906715,-0.14535687981523038
edf23,28,Punjabi,sentence_audio,passive,10400.0,3722.0,310.1666666666667,12.0,1170.6,373.475,4007.0,3275,7,5409.0,0.8173196905415523,10400.0,7.4783333333333335,12.0,125.18916666666664,82.0,1.1538461538461535,exp_images/audio\PUNJABI\p_box.wav,IMG_05_P_PWA,exp_images/images/man_pushed_box.jpg,IMG_05,exp_images/sentences/Pushed-box-passive.jpg,STIM_23,stimuli_list_subj_11_b.csv,PWA,passive_with_agent,non_agent_first,agent_overt,1.0,0.0,5697.0,3957.0,263.8,15.0,1226.0733333333333,426.9933333333333,4143.0,3221,7,930.0,0.7774559497948347,5697.0,3.32625,16.0,80.305,55.375,2.8084956994909605,participant_image,4703.0,-235.0,46.366666666666674,-3.0,-55.47333333333336,-53.51833333333326,-136.0,54,0,4479.0,0.03986374074671761,4703.0,4.152083333333334,-4.0,44.88416666666663,26.625,-1.654649545644807,-4.152083333333334,0.053198306812417794,-0.2898751450516524,-0.4745181764820781,0.17108560533363712,-2.869651727066187,-0.6819522272907725
edf23,29,Punjabi,sentence_audio,passive,10327.0,3751.0,197.421052631579,19.0,411.5,805.3421052631578,3963.0,3071,8,5334.0,0.7749179914206409,10327.0,6.577894736842105,19.0,133.93157894736842,54.21052631578947,1.839837319647526,exp_images/audio\PUNJABI\p_shrub.wav,IMG_04_P_PWA,exp_images/images/man_cut_shrub.jpg,IMG_04,exp_images/sentences/Shrub-passive.jpg,STIM_22,stimuli_list_subj_11_b.csv,PWA,passive_with_agent,non_agent_first,agent_overt,1.0,0.0,6029.0,4133.0,275.53333333333336,15.0,750.1733333333333,489.6066666666666,4191.0,3577,5,1036.0,0.8534955857790504,6029.0,3.1046666666666662,15.0,86.00466666666668,53.46666666666667,2.487974788522143,participant_image,4298.0,-382.0,-78.11228070175437,4.0,-338.6733333333333,315.7354385964912,-228.0,-506,3,4298.0,-0.0785775943584095,4298.0,3.473228070175439,4.0,47.92691228070174,0.743859649122804,-0.6481374688746171,-3.473228070175439,-0.2030696233575765,-0.6041189203654463,1.1222312529765295,-0.533119881886469,-2.4057111080324005,-0.5247576561330726
edf23,30,Punjabi,sentence_audio,passive,11101.0,4271.0,305.07142857142856,14.0,881.9857142857143,523.6571428571431,4458.0,4320,4,6109.0,0.9690444145356664,11101.0,3.829285714285714,14.0,92.56071428571428,38.142857142857146,1.2611476443563645,exp_images/audio\PUNJABI\p_window.wav,IMG_02_P_PWA,exp_images/images/girl_opened_window.jpg,IMG_02,exp_images/sentences/Window-passive.jpg,STIM_20,stimuli_list_subj_11_b.csv,PWA,passive_with_agent,non_agent_first,agent_overt,1.0,0.0,6100.0,4388.0,292.53333333333336,15.0,904.1733333333333,491.4066666666667,4549.0,4268,3,1294.0,0.938228182018026,6100.0,2.242666666666666,15.0,68.57533333333335,29.6,2.459016393442623,participant_image,5001.0,-117.0,12.538095238095195,-1.0,-22.187619047619023,32.25047619047638,-91.0,52,1,4815.0,0.03081623251764032,5001.0,1.586619047619048,-1.0,23.985380952380936,8.542857142857144,-1.1978687490862585,-1.586619047619048,-0.01644542141537324,-0.03762503969772256,-0.018304053779618773,0.16857058573642247,-1.1163721203254457,-0.20403520989634755
edf23,31,Punjabi,sentence_audio,passive_dropped_agent,10506.0,4408.0,339.07692307692315,13.0,865.3846153846154,686.9461538461541,4588.0,3408,7,5514.0,0.7428073234524848,10506.0,2.9176923076923083,13.0,85.91307692307691,31.07692307692308,1.237388159147154,exp_images/audio\PUNJABI\p_woa_dug.wav,IMG_13_P_PNA,exp_images/images/dog_dug_hole.jpg,IMG_13,exp_images/sentences/Dog-dug-woa.jpg,STIM_49,stimuli_list_subj_11_b.csv,PNA,passive_dropped_agent,non_agent_first,agent_dropped,1.0,1.0,5970.0,4406.0,314.7142857142857,14.0,909.3642857142858,675.7071428571429,4536.0,3476,6,978.0,0.7663139329805997,5970.0,3.050714285714286,14.0,83.23357142857144,32.57142857142857,2.3450586264656623,participant_image,4536.0,2.0,24.36263736263743,-1.0,-43.9796703296704,11.239010989011149,52.0,-68,1,4536.0,-0.023506609528114897,4536.0,-0.1330219780219779,-1.0,2.6795054945054773,-1.4945054945054892,-1.1076704673185083,0.1330219780219779,0.007898059948553256,0.216762778413444,-0.018304053779618773,0.017669409903542585,0.058858249459917585,0.05657688878916772
edf23,32,Punjabi,sentence_audio,passive_dropped_agent,10801.0,4147.0,460.77777777777777,9.0,973.1666666666664,707.3111111111111,4354.0,4354,5,5809.0,1.0,10801.0,3.961111111111112,9.0,128.2444444444444,70.8888888888889,0.8332561799833349,exp_images/audio\PUNJABI\p_woa_veg.wav,IMG_18_P_PNA,exp_images/images/boy_cut_vegetables.jpg,IMG_18,exp_images/sentences/Veg-woa.jpg,STIM_54,stimuli_list_subj_11_b.csv,PNA,passive_dropped_agent,non_agent_first,agent_dropped,1.0,1.0,5986.0,4526.0,502.88888888888886,9.0,947.6666666666665,689.4333333333333,4763.0,4763,4,993.0,1.0,5986.0,2.0022222222222217,9.0,67.29888888888888,25.555555555555557,1.5035081857667891,participant_image,4815.0,-379.0,-42.111111111111086,0.0,25.499999999999886,17.87777777777785,-409.0,-409,1,4816.0,0.0,4815.0,1.9588888888888905,0.0,60.94555555555553,45.33333333333334,-0.6702520057834542,-1.9588888888888905,-0.12895311281714741,-0.5977057820937363,0.20980300757161088,-0.4111414314215577,-1.370787324831519,-0.4597569287184699
edf23,33,Punjabi,sentence_audio,passive_dropped_agent,10932.0,4330.0,288.6666666666667,15.0,941.36,506.2,4378.0,2104,6,6778.0,0.4805847418912746,10932.0,3.4631250000000007,16.0,102.42875,45.375,1.4635931211123308,exp_images/audio\PUNJABI\p_woa_cake.wav,IMG_15_P_PNA,exp_images/images/girl_baked_cake.jpg,IMG_15,exp_images/sentences/Cake-woa.jpg,STIM_51,stimuli_list_subj_11_b.csv,PNA,passive_dropped_agent,non_agent_first,agent_dropped,1.0,1.0,5955.0,4365.0,311.7857142857143,14.0,902.7214285714284,468.9428571428571,4571.0,3877,8,1194.0,0.8481732662437104,5955.0,2.546428571428572,14.0,76.79214285714284,30.142857142857146,2.3509655751469354,participant_image,4977.0,-35.0,-23.119047619047592,1.0,38.638571428571595,37.25714285714287,-193.0,-1773,-2,5584.0,-0.3675885243524358,4977.0,0.9166964285714285,2.0,25.63660714285716,15.232142857142854,-0.8873724540346046,-0.9166964285714285,-0.0898536754933149,0.13766740639568634,0.4379100689228405,-2.126384796721959,-0.6585362141266922,-0.4598394422046878
edf23,34,English,sentence_audio,active,10205.0,3188.0,318.8,10.0,1087.23,544.9800000000001,3406.0,3356,5,5212.0,0.9853200234879624,10205.0,4.995454545454546,11.0,152.87545454545457,145.8181818181818,1.0779029887310143,exp_images/audio\ENGLISH\clothes.wav,IMG_06_E_ACT,exp_images/images/women_fold_clothes.jpg,IMG_06,exp_images/sentences/active_woman_clothes.jpg,STIM_60,stimuli_list_subj_11_b.csv,ACT,active,agent_first,agent_overt,0.0,,6081.0,4043.0,237.82352941176467,17.0,942.9176470588237,536.3294117647059,4294.0,4294,11,1089.0,1.0,6081.0,3.0147058823529416,17.0,81.39647058823529,41.058823529411775,2.7955928301266235,participant_image,4124.0,-855.0,80.97647058823534,-7.0,144.3123529411763,8.650588235294208,-888.0,-938,-6,4123.0,-0.014679976512037562,4124.0,1.9807486631016045,-6.0,71.47898395721928,104.75935828877004,-1.7176898413956092,-1.9807486631016045,0.12445037796240102,-1.6152570545384026,-1.3869464218869967,-1.0763641148848364,-1.3857266465552818,-1.0679687719806232
edf23,35,English,sentence_audio,active,10789.0,3152.0,225.14285714285717,14.0,1609.5142857142855,213.35714285714286,3365.0,2407,4,5797.0,0.7153046062407132,10789.0,12.309333333333335,15.0,206.05066666666664,109.73333333333332,1.3903049402168877,exp_images/audio\ENGLISH\letter.wav,IMG_17_E_ACT,exp_images/images/women_read_letter.jpg,IMG_17,exp_images/sentences/active_women_letter.jpg,STIM_71,stimuli_list_subj_11_b.csv,ACT,active,agent_first,agent_overt,0.0,,5719.0,4488.0,561.0,8.0,1008.55,615.3375,4685.0,4282,6,954.0,0.9139807897545358,5719.0,4.15,8.0,101.9825,38.5,1.3988459520895258,participant_image,5070.0,-1336.0,-335.85714285714283,6.0,600.9642857142856,-401.9803571428571,-1320.0,-1875,-2,4843.0,-0.19867618351382255,5070.0,8.159333333333334,7.0,104.06816666666664,71.23333333333332,-0.008541011872638116,-8.159333333333334,-0.7336954338491946,-2.6434968907692524,1.5784453756789887,-2.2546507961799067,-5.6082709092683976,-1.9323337308775526
edf23,36,English,sentence_audio,active,10215.0,4323.0,288.2,15.0,917.6533333333335,430.69333333333327,4383.0,4323,10,5398.0,0.9863107460643394,10215.0,4.601874999999998,16.0,122.14125,38.25,1.5663240332843855,exp_images/audio\ENGLISH\lamp.wav,IMG_01_E_ACT,exp_images/images/girl_lighted_lamp.jpg,IMG_01,exp_images/sentences/active_girl_lamp.jpg,STIM_55,stimuli_list_subj_11_b.csv,ACT,active,agent_first,agent_overt,0.0,,5734.0,3788.0,210.44444444444446,18.0,985.6888888888888,479.25555555555565,4046.0,3778,9,742.0,0.9337617399901136,5734.0,3.4794444444444435,18.0,126.335,52.555555555555564,3.1391698639693058,participant_image,4481.0,535.0,77.75555555555553,-3.0,-68.03555555555522,-48.562222222222374,337.0,545,1,4656.0,0.05254900607422586,4481.0,1.1224305555555545,-2.0,-4.193749999999994,-14.305555555555564,-1.5728458306849202,-1.1224305555555545,0.11781939942242926,1.3561636780206017,-0.4745181764820781,0.7885229164498373,-0.7991382296216957,0.1977699175578189
edf24,19,English,sentence_audio,passive_dropped_agent,10277.0,4611.0,1152.75,4.0,855.7249999999998,451.2,4872.0,4611,2,5582.0,0.9464285714285714,10277.0,2.7725,4.0,76.2875,30.0,0.3892186435730272,exp_images/audio\ENGLISH\p_woa_tabla.wav,IMG_11_E_PNA,exp_images/images/child_play_tabla.jpg,IMG_11,exp_images/sentences/noagent_child_tabla.jpg,STIM_101,stimuli_list_subj_12_b.csv,PNA,passive_dropped_agent,non_agent_first,agent_dropped,1.0,1.0,5639.0,4447.0,635.2857142857142,7.0,979.4285714285713,448.64285714285705,4731.0,4061,3,1038.0,0.8583808919890087,5639.0,3.844285714285714,7.0,94.04857142857144,37.142857142857146,1.241354850150736,participant_image,4638.0,164.0,517.4642857142858,-3.0,-123.70357142857154,2.557142857142935,141.0,550,-1,4544.0,0.08804767943956271,4638.0,-1.071785714285714,-3.0,-17.76107142857144,-7.142857142857146,-0.8521362065777089,1.071785714285714,1.0230587875893704,0.5630722450857885,-0.4745181764820781,0.794810465442874,0.7004245045444979,0.5213695652360906
edf24,20,English,sentence_audio,passive_dropped_agent,11085.0,3017.0,431.0,7.0,1009.5428571428572,448.1285714285714,4163.0,4163,1,6168.0,1.0,11085.0,1.2412500000000002,8.0,138.39875,110.0,0.7216959855660803,exp_images/audio\ENGLISH\p_woa_door.wav,IMG_10_E_PNA,exp_images/images/boy_opened_door.jpg,IMG_10,exp_images/sentences/noagent_boy_door.jpg,STIM_100,stimuli_list_subj_12_b.csv,PNA,passive_dropped_agent,non_agent_first,agent_dropped,1.0,1.0,5904.0,4700.0,940.0,5.0,1001.28,392.78,4856.0,4506,2,912.0,0.9279242174629324,5904.0,2.138,5.0,74.71600000000002,27.2,0.8468834688346883,participant_image,5181.0,-1683.0,-509.0,2.0,8.262857142857229,55.348571428571404,-693.0,-343,-1,5256.0,0.07207578253706759,5181.0,-0.8967499999999997,3.0,63.682749999999984,82.8,-0.12518748326860807,0.8967499999999997,-1.0901489752853544,-3.385283217530385,0.6660171302740702,-0.3281457847134738,0.5808022786506,-0.7113517137209087
edf24,21,English,sentence_audio,passive_dropped_agent,10783.0,4561.0,1520.333333333333,3.0,957.9666666666667,450.66666666666674,4834.0,2206,3,5791.0,0.4563508481588746,10783.0,1.68,3.0,75.61333333333333,52.66666666666666,0.2782157099137532,exp_images/audio\ENGLISH\p_woa_bucket.wav,IMG_09_E_PNA,exp_images/images/boy_filled_bucket.jpg,IMG_09,exp_images/sentences/noagent_boy_bucket.jpg,STIM_99,stimuli_list_subj_12_b.csv,PNA,passive_dropped_agent,non_agent_first,agent_dropped,1.0,1.0,5762.0,4322.0,617.4285714285714,7.0,1034.557142857143,449.75714285714287,4803.0,3158,4,1280.0,0.6575057255881741,5762.0,1.8928571428571428,7.0,68.86142857142858,27.142857142857146,1.2148559527941687,participant_image,5021.0,239.0,902.9047619047616,-4.0,-76.59047619047624,0.9095238095238756,31.0,-952,-1,4511.0,-0.2011548774292995,5021.0,-0.21285714285714286,-4.0,6.751904761904754,25.52380952380951,-0.9366402428804155,0.21285714285714286,1.8165747605733178,0.7234007018785404,-0.7026252378333078,-1.0939692520653392,0.11341888676277069,0.17135997186319638
edf24,22,Punjabi,sentence_audio,active,11145.0,4365.0,436.5,10.0,1007.96,653.84,4599.0,4189,3,6612.0,0.9108501848227876,11145.0,2.458,10.0,60.84400000000001,39.4,0.8972633467922836,exp_images/audio\PUNJABI\fed.wav,IMG_16_P_ACT,exp_images/images/girl_fed_dog.jpg,IMG_16,exp_images/sentences/Fed-dog.jpg,STIM_16,stimuli_list_subj_12_b.csv,ACT,active,agent_first,agent_overt,0.0,,5719.0,4637.0,1545.666666666667,3.0,938.3666666666667,674.8000000000002,4910.0,4449,2,1020.0,0.9061099796334012,5719.0,2.083333333333333,3.0,71.56,27.33333333333333,0.5245672320335723,participant_image,5426.0,-272.0,-1109.166666666667,7.0,69.59333333333336,-20.96000000000015,-311.0,-260,1,5592.0,0.004740205189386337,5426.0,0.37466666666666715,7.0,-10.715999999999994,12.06666666666667,0.37269611475871134,-0.37466666666666715,-2.325727140711823,-0.3689705170694101,1.8065524370302184,-0.22377247142906523,-0.2881043460683289,-0.28000440764968176
edf24,23,Punjabi,sentence_audio,active,11173.0,4325.0,360.41666666666674,12.0,1068.2833333333333,529.375,4566.0,4566,3,6181.0,1.0,11173.0,2.9675000000000007,12.0,78.34416666666667,35.5,1.0740177212924014,exp_images/audio\PUNJABI\scooter.wav,IMG_14_P_ACT,exp_images/images/driver_wash_scooter.jpg,IMG_14,exp_images/sentences/Washed-scooter.jpg,STIM_14,stimuli_list_subj_12_b.csv,ACT,active,agent_first,agent_overt,0.0,,6110.0,4476.0,406.9090909090909,11.0,968.1181818181816,343.92727272727274,4658.0,4510,4,1118.0,0.9682267067410906,6110.0,2.4781818181818185,11.0,75.78545454545456,30.363636363636363,1.8003273322422255,participant_image,5063.0,-151.0,-46.492424242424136,1.0,100.1651515151517,185.44772727272726,-92.0,56,-1,5063.0,0.03177329325890943,5063.0,0.4893181818181822,1.0,2.5587121212121104,5.136363636363637,-0.7263096109498242,-0.4893181818181822,-0.13797303201894692,-0.11030727344377016,0.4379100689228405,0.1736006249308518,-0.366459037855087,-0.0006457298928223554
edf24,24,Punjabi,sentence_audio,active,10939.0,4503.0,500.33333333333326,9.0,1063.7,339.33333333333337,4738.0,4244,2,5947.0,0.8957365977205572,10939.0,2.23,9.0,71.99666666666667,28.222222222222218,0.8227443093518603,exp_images/audio\PUNJABI\picture.wav,IMG_07_P_ACT,exp_images/images/artiste_drew_picture.jpg,IMG_07,exp_images/sentences/Painting.jpg,STIM_07,stimuli_list_subj_12_b.csv,ACT,active,agent_first,agent_overt,0.0,,5870.0,4228.0,302.0,14.0,1015.6857142857143,375.81428571428575,4467.0,4467,5,879.0,1.0,5870.0,3.721428571428572,14.0,95.345,37.42857142857143,2.385008517887564,participant_image,5069.0,275.0,198.33333333333326,-5.0,48.014285714285734,-36.480952380952374,271.0,-223,-3,5068.0,-0.10426340227944275,5069.0,-1.491428571428572,-5.0,-23.34833333333333,-9.206349206349213,-1.5622642085357037,1.491428571428572,0.3660558939370646,0.8003583611390614,-0.9307322991845375,-0.17724460888059393,0.9872151909867146,0.20913050759954185
edf24,25,Punjabi,sentence_audio,passive,11040.0,4620.0,770.0,6.0,939.0833333333335,446.55,4846.0,4348,2,6048.0,0.8972348328518366,11040.0,1.615,6.0,57.79166666666666,24.33333333333333,0.5434782608695653,exp_images/audio\PUNJABI\p_sapling.wav,IMG_03_P_PWA,exp_images/images/girl_plant_tree.jpg,IMG_03,exp_images/sentences/Sapling-passive.jpg,STIM_21,stimuli_list_subj_12_b.csv,PWA,passive_with_agent,non_agent_first,agent_overt,1.0,0.0,5901.0,4571.0,653.0,7.0,863.3142857142857,550.9714285714286,4788.0,4788,3,909.0,1.0,5901.0,2.3914285714285715,7.0,69.00857142857143,29.142857142857146,1.1862396204033214,participant_image,5139.0,49.0,117.0,-1.0,75.7690476190478,-104.42142857142863,58.0,-440,-1,5139.0,-0.10276516714816342,5139.0,-0.7764285714285715,-1.0,-11.216904761904772,-4.809523809523817,-0.6427613595337561,0.7764285714285715,0.19861292122722957,0.31723527800356865,-0.018304053779618773,-0.450124235178385,0.4985726767251682,0.10919851739959252
edf24,26,Punjabi,sentence_audio,passive,10611.0,4397.0,549.625,8.0,1071.4125,436.575,4729.0,4429,3,5620.0,0.9365616409388876,10611.0,2.26875,8.0,75.63,32.75,0.7539345961737819,exp_images/audio\PUNJABI\p_frisbee.wav,IMG_12_P_PWA,exp_images/images/child_throw_frisbee.jpg,IMG_12,exp_images/sentences/Frisbee-passive.jpg,STIM_30,stimuli_list_subj_12_b.csv,PWA,passive_with_agent,non_agent_first,agent_overt,1.0,0.0,6040.0,4628.0,771.3333333333335,6.0,1038.05,277.6666666666667,4814.0,4814,3,1048.0,1.0,6040.0,2.6933333333333334,6.0,73.65166666666667,29.66666666666667,0.9933774834437086,participant_image,4571.0,-231.0,-221.70833333333348,2.0,33.362499999999955,158.9083333333333,-85.0,-385,0,4572.0,-0.06343835906111239,4571.0,-0.42458333333333353,2.0,1.9783333333333246,3.0833333333333286,-0.23944288726992669,0.42458333333333353,-0.4986944174808907,-0.28132429402270565,0.6660171302740702,-0.3809611962549817,0.2581159749436166,-0.04736936050817826
edf24,27,Punjabi,sentence_audio,passive,10274.0,4630.0,1543.333333333333,3.0,918.3333333333335,370.8,4908.0,3958,1,5282.0,0.8064384678076609,10274.0,2.23,3.0,68.22666666666667,28.0,0.2919992213354098,exp_images/audio\PUNJABI\p_vase.wav,IMG_08_P_PWA,exp_images/images/boy_broke_vase.jpg,IMG_08,exp_images/sentences/Vase-passive.jpg,STIM_26,stimuli_list_subj_12_b.csv,PWA,passive_with_agent,non_agent_first,agent_overt,1.0,0.0,5891.0,4573.0,571.625,8.0,923.6625,417.35,4775.0,4775,5,898.0,1.0,5891.0,2.05875,8.0,71.535,27.25,1.35800373451027,participant_image,4383.0,57.0,971.708333333333,-5.0,-5.329166666666538,-46.55000000000001,133.0,-817,-4,4384.0,-0.19356153219233907,4383.0,0.17125000000000012,-5.0,-3.308333333333323,0.75,-1.0660045131748603,-0.17125000000000012,1.958222398274795,0.3343369800614622,-0.9307322991845375,-0.9242054292533493,-0.14908612027433868,0.057707105924806365
edf24,28,Punjabi,sentence_audio,passive_dropped_agent,10344.0,4444.0,555.5,8.0,1128.225,366.8,4787.0,3612,2,5724.0,0.7545435554627115,10344.0,1.895,8.0,61.51000000000001,25.75,0.7733952049497294,exp_images/audio\PUNJABI\p_woa_box.wav,IMG_05_P_PNA,exp_images/images/man_pushed_box.jpg,IMG_05,exp_images/sentences/Pushed-box-woa.jpg,STIM_41,stimuli_list_subj_12_b.csv,PNA,passive_dropped_agent,non_agent_first,agent_dropped,1.0,1.0,5985.0,4408.0,734.6666666666665,6.0,1032.1166666666666,354.18333333333334,4792.0,4336,5,994.0,0.9048414023372288,5985.0,2.467142857142857,7.0,80.65285714285712,28.285714285714285,1.1695906432748535,participant_image,4359.0,36.0,-179.16666666666652,2.0,96.10833333333335,12.616666666666674,-5.0,-724,-3,4730.0,-0.1502978468745173,4359.0,-0.5721428571428571,1.0,-19.142857142857103,-2.5357142857142847,-0.39619543832512416,0.5721428571428571,-0.4111128216116577,0.2894450121594916,0.6660171302740702,-0.8072570179828674,0.35896052979329784,0.01921056652646691
edf24,29,Punjabi,sentence_audio,passive_dropped_agent,10726.0,4586.0,1146.5,4.0,914.375,396.9,4913.0,4913,3,5733.0,1.0,10726.0,0.91,4.0,44.9825,20.0,0.3729256013425321,exp_images/audio\PUNJABI\p_woa_shrub.wav,IMG_04_P_PNA,exp_images/images/man_cut_shrub.jpg,IMG_04,exp_images/sentences/Shrub-woa.jpg,STIM_40,stimuli_list_subj_12_b.csv,PNA,passive_dropped_agent,non_agent_first,agent_dropped,1.0,1.0,5919.0,4623.0,924.6,5.0,982.1,356.2600000000001,4838.0,4838,3,927.0,1.0,5919.0,2.658,5.0,77.32600000000001,30.8,0.8447372867038352,participant_image,4807.0,-37.0,221.89999999999998,-1.0,-67.72500000000002,40.63999999999987,75.0,75,0,4806.0,0.0,4807.0,-1.7479999999999998,-1.0,-32.343500000000006,-10.8,-0.4718116853613031,1.7479999999999998,0.41457318152143086,0.13339198088121293,-0.018304053779618773,0.1974933111043911,1.1625602370633847,0.3779429313581602
edf24,30,Punjabi,sentence_audio,passive_dropped_agent,10579.0,4295.0,390.45454545454544,11.0,1067.9545454545455,416.01818181818186,4569.0,4227,7,5586.0,0.9251477347340776,10579.0,2.875454545454545,11.0,72.9218181818182,38.54545454545455,1.0397958219113337,exp_images/audio\PUNJABI\p_woa_window.wav,IMG_02_P_PNA,exp_images/images/girl_opened_window.jpg,IMG_02,exp_images/sentences/Window-woa.jpg,STIM_38,stimuli_list_subj_12_b.csv,PNA,passive_dropped_agent,non_agent_first,agent_dropped,1.0,1.0,5726.0,4506.0,409.6363636363636,11.0,1175.7272727272725,437.39090909090913,4664.0,4664,5,734.0,1.0,5726.0,2.421818181818181,11.0,75.60454545454544,29.818181818181817,1.921061823262312,participant_image,4853.0,-211.0,-19.181818181818187,0.0,-107.77272727272702,-21.372727272727275,-95.0,-437,2,4852.0,-0.07485226526592237,4853.0,0.45363636363636406,0.0,-2.6827272727272486,8.72727272727273,-0.8812660013509783,-0.45363636363636406,-0.0817480025276137,-0.2385700388779718,0.20980300757161088,-0.446351705782563,-0.3420735086945458,-0.17978804966221668
edf24,31,English,sentence_audio,active,11025.0,4561.0,570.125,8.0,1029.2875,676.0,4716.0,4329,4,6212.0,0.91793893129771,11025.0,1.875,8.0,55.15375,34.5,0.7256235827664399,exp_images/audio\ENGLISH\dug.wav,IMG_13_E_ACT,exp_images/images/dog_dug_hole.jpg,IMG_13,exp_images/sentences/active_dog_hole.jpg,STIM_67,stimuli_list_subj_12_b.csv,ACT,active,agent_first,agent_overt,0.0,,6114.0,4672.0,934.4,5.0,1000.02,601.62,4844.0,4844,3,1122.0,1.0,6114.0,2.43,5.0,68.71000000000001,29.6,0.8177952240758914,participant_image,4911.0,-111.0,-364.275,3.0,29.267499999999927,74.38,-128.0,-515,1,5090.0,-0.08206106870229002,4911.0,-0.5550000000000002,3.0,-13.556250000000006,4.899999999999999,-0.09217164130945155,0.5550000000000002,-0.7921999889071056,-0.0247987631543024,0.8941241916252998,-0.544437470073935,0.3472448251556585,-0.02401344107087694
edf24,32,English,sentence_audio,active,11052.0,4676.0,1169.0,4.0,980.25,760.175,4893.0,4749,2,6061.0,0.970570202329859,11052.0,1.1775000000000002,4.0,53.8975,24.5,0.3619254433586681,exp_images/audio\ENGLISH\veg.wav,IMG_18_E_ACT,exp_images/images/boy_cut_vegetables.jpg,IMG_18,exp_images/sentences/active_boy_vegetables.jpg,STIM_72,stimuli_list_subj_12_b.csv,ACT,active,agent_first,agent_overt,0.0,,5754.0,4498.0,749.6666666666665,6.0,1048.1333333333334,558.4833333333332,4764.0,4764,3,762.0,1.0,5754.0,4.14,6.0,101.65000000000002,38.0,1.042752867570386,participant_image,5298.0,178.0,419.3333333333335,-2.0,-67.88333333333344,201.69166666666672,129.0,-15,-1,5299.0,-0.029429797670140978,5298.0,-2.9624999999999995,-2.0,-47.75250000000002,-13.5,-0.680827424211718,2.9624999999999995,0.8210341353576417,0.5930002236871021,-0.24641111513084843,0.08431742922973119,1.9925690952041506,0.6489019536695555
edf24,33,English,sentence_audio,active,10818.0,2856.0,952.0,3.0,986.4,546.2666666666668,4937.0,4731,2,5825.0,0.9582742556208224,10818.0,0.7866666666666666,3.0,41.43,18.666666666666668,0.2773155851358847,exp_images/audio\ENGLISH\cake.wav,IMG_15_E_ACT,exp_images/images/girl_baked_cake.jpg,IMG_15,exp_images/sentences/active_girl_cake.jpg,STIM_69,stimuli_list_subj_12_b.csv,ACT,active,agent_first,agent_overt,0.0,,6130.0,4670.0,4670.0,1.0,903.1,339.0,4960.0,4960,2,1138.0,1.0,6130.0,2.98,1.0,95.11,32.0,0.1631321370309951,participant_image,4688.0,-1814.0,-3718.0,2.0,83.29999999999995,207.26666666666677,-23.0,-229,0,4687.0,-0.04172574437917764,4688.0,-2.1933333333333334,2.0,-53.68,-13.333333333333332,0.11418344810488962,2.1933333333333334,-7.696597738718073,-3.665323588728392,0.6660171302740702,-0.18478966767223792,1.4669082086500635,-1.882757131238914
edf24,34,English,sentence_audio,passive,11006.0,4522.0,565.25,8.0,956.2625,455.75,4779.0,4522,3,6300.0,0.9462230592174096,11006.0,1.91875,8.0,64.4975,26.75,0.7268762493185535,exp_images/audio\ENGLISH\p_clothes.wav,IMG_06_E_PWA,exp_images/images/women_fold_clothes.jpg,IMG_06,exp_images/sentences/passive_woman_clothes.jpg,STIM_78,stimuli_list_subj_12_b.csv,PWA,passive_with_agent,non_agent_first,agent_overt,1.0,0.0,5941.0,4403.0,489.22222222222223,9.0,974.9888888888887,555.4888888888888,4663.0,4403,4,1242.0,0.9442419043534206,5941.0,2.91,9.0,74.09777777777778,36.66666666666666,1.5148964820737252,participant_image,5065.0,119.0,76.02777777777777,-1.0,-18.726388888888664,-99.73888888888882,116.0,119,-1,5058.0,0.0019811548639889764,5065.0,-0.9912500000000002,-1.0,-9.600277777777777,-9.916666666666657,-0.7880202327551716,0.9912500000000002,0.11426237998849768,0.4668751710101372,-0.018304053779618773,0.2528237422431137,0.6453851004655878,0.2922084679855435
edf24,35,English,sentence_audio,passive,10746.0,4278.0,713.0,6.0,984.0833333333333,493.2,4755.0,3303,2,5755.0,0.6946372239747634,10746.0,2.5450000000000004,6.0,75.20666666666666,39.333333333333336,0.5583472920156337,exp_images/audio\ENGLISH\p_letter.wav,IMG_17_E_PWA,exp_images/images/women_read_letter.jpg,IMG_17,exp_images/sentences/passive_women_letter.jpg,STIM_89,stimuli_list_subj_12_b.csv,PWA,passive_with_agent,non_agent_first,agent_overt,1.0,0.0,5842.0,4366.0,545.75,8.0,1077.075,460.025,4726.0,3996,5,850.0,0.8455353364367328,5842.0,2.6375,8.0,74.97749999999998,33.25,1.3693940431359124,participant_image,4904.0,-88.0,167.25,-2.0,-92.99166666666679,33.17500000000001,29.0,-693,-3,4905.0,-0.1508981124619695,4904.0,-0.0924999999999998,-2.0,0.22916666666668561,6.083333333333336,-0.8110467511202787,0.0924999999999998,0.3020638562108675,0.024368630262141557,-0.24641111513084843,-0.7682742142260401,0.031164877119343477,-0.13141759315290721
edf24,36,English,sentence_audio,passive,10244.0,4358.0,435.8,10.0,820.5200000000002,403.93,4710.0,4434,4,5252.0,0.9414012738853504,10244.0,2.1719999999999997,10.0,72.30499999999998,28.2,0.9761811792268644,exp_images/audio\ENGLISH\p_lamp.wav,IMG_01_E_PWA,exp_images/images/girl_lighted_lamp.jpg,IMG_01,exp_images/sentences/passive_girl_lamp.jpg,STIM_73,stimuli_list_subj_12_b.csv,PWA,passive_with_agent,non_agent_first,agent_overt,1.0,0.0,5946.0,4408.0,551.0,8.0,985.7375,461.2875,4665.0,4665,3,955.0,1.0,5946.0,4.57125,8.0,102.495,40.75,1.3454423141607803,participant_image,4298.0,-50.0,-115.19999999999999,2.0,-165.21749999999975,-57.357500000000016,45.0,-231,1,4297.0,-0.05859872611464956,4298.0,-2.3992500000000003,2.0,-30.190000000000026,-12.55,-0.3692611349339159,2.3992500000000003,-0.2794230410255212,0.10560171503713592,0.6660171302740702,-0.1873046872694526,1.6076349747037095,0.3825052183439884
edf25,19,Punjabi,sentence_audio,active,10944.0,4030.0,287.85714285714283,14.0,996.4714285714284,590.4142857142857,4310.0,4072,11,5952.0,0.9447795823665892,10944.0,2.4878571428571425,14.0,100.54285714285713,48.714285714285715,1.2792397660818713,exp_images/audio\PUNJABI\letter.wav,IMG_17_P_ACT,exp_images/images/women_read_letter.jpg,IMG_17,exp_images/sentences/Letter.jpg,STIM_17,stimuli_list_subj_1_a.csv,ACT,active,agent_first,agent_overt,0.0,,5969.0,3445.0,246.07142857142856,14.0,889.1857142857143,547.5357142857142,3681.0,2791,6,1366.0,0.7582178755772888,5969.0,1.4226666666666663,15.0,175.98066666666665,89.86666666666666,2.5129837493717537,participant_image,4975.0,585.0,41.78571428571428,0.0,107.2857142857141,42.87857142857149,629.0,1281,5,4586.0,0.1865617067893004,4975.0,1.0651904761904762,-1.0,-75.43780952380952,-41.152380952380945,-1.2337439832898824,-1.0651904761904762,0.04376738528157107,1.4630493158824365,0.20980300757161088,1.714050128224834,-0.760019437597245,0.5341300798726414
edf25,20,Punjabi,sentence_audio,active,10820.0,3890.0,259.3333333333333,15.0,879.5133333333333,595.8599999999999,4043.0,3376,3,6008.0,0.8350234974029186,10820.0,2.1846666666666663,15.0,129.08800000000002,63.33333333333334,1.3863216266173752,exp_images/audio\PUNJABI\bucket.wav,IMG_09_P_ACT,exp_images/images/boy_filled_bucket.jpg,IMG_09,exp_images/sentences/Bucket.jpg,STIM_09,stimuli_list_subj_1_a.csv,ACT,active,agent_first,agent_overt,0.0,,5726.0,2894.0,206.7142857142857,14.0,1316.6785714285713,495.36428571428576,3134.0,1364,4,734.0,0.435226547543076,5726.0,7.411333333333332,15.0,206.39866666666663,125.06666666666666,2.619629758994062,participant_image,5094.0,996.0,52.61904761904762,1.0,-437.165238095238,100.49571428571414,909.0,2012,-1,5274.0,0.3997969498598426,5094.0,-5.226666666666667,0.0,-77.3106666666666,-61.73333333333332,-1.2333081323766868,5.226666666666667,0.06607024025316799,2.3416492591067177,0.4379100689228405,2.6332897910067934,3.5399370570323803,1.8037712832643797
edf25,21,Punjabi,sentence_audio,active,10731.0,3739.0,267.07142857142856,14.0,918.1785714285713,601.5857142857143,3887.0,3613,7,5918.0,0.9295086184718292,10731.0,2.982857142857143,14.0,163.15,78.85714285714286,1.304631441617743,exp_images/audio\PUNJABI\clothes.wav,IMG_06_P_ACT,exp_images/images/women_fold_clothes.jpg,IMG_06,exp_images/sentences/Folded-clothes.jpg,STIM_06,stimuli_list_subj_1_a.csv,ACT,active,agent_first,agent_overt,0.0,,6061.0,3448.0,287.3333333333333,12.0,980.6083333333332,652.9333333333333,3676.0,3176,6,1168.0,0.8639825897714908,6061.0,2.838571428571428,14.0,211.94714285714284,102.28571428571428,2.309849859759116,participant_image,4670.0,291.0,-20.26190476190476,2.0,-62.429761904761904,-51.34761904761899,211.0,437,1,4750.0,0.06552602870033841,4670.0,0.14428571428571502,0.0,-48.79714285714283,-23.428571428571416,-1.0052184181413732,-0.14428571428571502,-0.08397160385245422,0.8345617652548485,0.6660171302740702,0.6527118582002455,-0.13065829318805203,0.3877321713377316
edf25,22,Punjabi,sentence_audio,passive,10770.0,3904.0,325.3333333333333,12.0,878.0666666666666,545.8916666666668,4271.0,4271,9,5777.0,1.0,10770.0,4.313076923076924,13.0,116.52615384615385,57.07692307692307,1.2070566388115136,exp_images/audio\PUNJABI\p_door.wav,IMG_10_P_PWA,exp_images/images/boy_opened_door.jpg,IMG_10,exp_images/sentences/Closed-door-passive.jpg,STIM_28,stimuli_list_subj_1_a.csv,PWA,passive_with_agent,non_agent_first,agent_overt,1.0,0.0,5884.0,3892.0,243.25,16.0,877.2750000000002,532.33125,4020.0,3400,7,1190.0,0.8457711442786071,5884.0,2.4475,16.0,117.04624999999996,60.75,2.7192386131883066,participant_image,4886.0,12.0,82.08333333333331,-4.0,0.7916666666664014,13.56041666666681,251.0,871,2,4587.0,0.1542288557213929,4886.0,1.8655769230769241,-3.0,-0.5200961538461115,-3.673076923076927,-1.512181974376793,-1.8655769230769241,0.12672910404954413,0.23813990598581095,-0.7026252378333078,1.1984711107958277,-1.3070164247125726,-0.08926030834293952
edf25,23,Punjabi,sentence_audio,passive,10421.0,3676.0,229.75,16.0,890.525,553.16875,3871.0,3651,8,5429.0,0.9431671402738312,10421.0,3.039411764705882,17.0,168.05764705882353,66.58823529411765,1.6313213703099512,exp_images/audio\PUNJABI\p_lamp.wav,IMG_01_P_PWA,exp_images/images/girl_lighted_lamp.jpg,IMG_01,exp_images/sentences/Lamp-passive.jpg,STIM_19,stimuli_list_subj_1_a.csv,PWA,passive_with_agent,non_agent_first,agent_overt,1.0,0.0,6010.0,3776.0,269.7142857142857,14.0,772.742857142857,587.3642857142858,3966.0,3600,6,1116.0,0.907715582450832,6010.0,4.3362500000000015,16.0,167.79937500000003,72.125,2.6622296173044933,participant_image,4411.0,-100.0,-39.96428571428572,2.0,117.78214285714296,-34.19553571428571,-95.0,51,2,4313.0,0.03545155782299925,4411.0,-1.2968382352941195,1.0,0.2582720588235077,-5.536764705882348,-1.030908246994542,1.2968382352941195,-0.1245333895425563,-0.0012839228246987685,0.6660171302740702,0.16731307593781514,0.8542290216164513,0.31234838309221635
edf25,24,Punjabi,sentence_audio,passive,10656.0,3580.0,275.38461538461536,13.0,980.8,471.99230769230775,3781.0,3659,3,5665.0,0.9677334038614124,10656.0,2.3315384615384613,13.0,163.58692307692309,93.07692307692308,1.21996996996997,exp_images/audio\PUNJABI\p_scooter.wav,IMG_14_P_PWA,exp_images/images/driver_wash_scooter.jpg,IMG_14,exp_images/sentences/Washed-scooter-passive.jpg,STIM_32,stimuli_list_subj_1_a.csv,PWA,passive_with_agent,non_agent_first,agent_overt,1.0,0.0,5666.0,3780.0,252.0,15.0,962.7000000000003,506.2,3958.0,3958,5,674.0,1.0,5666.0,2.9066666666666667,15.0,176.33466666666664,68.93333333333334,2.647370278856336,participant_image,4990.0,-200.0,23.38461538461536,-2.0,18.09999999999968,-34.20769230769224,-177.0,-299,-2,4991.0,-0.03226659613858762,4990.0,-0.5751282051282054,-2.0,-12.74774358974355,24.143589743589743,-1.4274003088863658,0.5751282051282054,0.00588458157918151,-0.21505519854836816,-0.24641111513084843,-0.2728153535747512,0.3610007646821178,-0.07347926419853369
edf25,25,Punjabi,sentence_audio,passive_dropped_agent,10440.0,3766.0,313.8333333333333,12.0,1052.1333333333332,507.86666666666673,3995.0,3773,8,5447.0,0.944430538172716,10440.0,2.3091666666666666,12.0,146.21499999999997,83.16666666666667,1.149425287356322,exp_images/audio\PUNJABI\p_woa_box.wav,IMG_05_P_PNA,exp_images/images/man_pushed_box.jpg,IMG_05,exp_images/sentences/Pushed-box-woa.jpg,STIM_41,stimuli_list_subj_1_a.csv,PNA,passive_dropped_agent,non_agent_first,agent_dropped,1.0,1.0,6079.0,4049.0,269.93333333333334,15.0,1042.3533333333337,558.9266666666666,4194.0,3331,5,1087.0,0.7942298521697664,6079.0,2.2846666666666677,15.0,142.68333333333334,53.2,2.4675111037999677,participant_image,4361.0,-283.0,43.89999999999998,-3.0,9.779999999999518,-51.05999999999989,-199.0,442,3,4360.0,0.15020068600294967,4361.0,0.024499999999998856,-3.0,3.531666666666638,29.96666666666667,-1.3180858164436458,-0.024499999999998856,0.04812011829580798,-0.3924853573990137,-0.4745181764820781,0.6589994071932821,-0.048794807032544976,-0.041735763084909325
edf25,26,Punjabi,sentence_audio,passive_dropped_agent,10651.0,3685.0,263.2142857142857,14.0,907.8571428571428,566.1785714285714,3829.0,2715,9,5856.0,0.7090624183860016,10651.0,2.998666666666667,15.0,130.16266666666664,80.4,1.4083184677495069,exp_images/audio\PUNJABI\p_woa_sapling.wav,IMG_03_P_PNA,exp_images/images/girl_plant_tree.jpg,IMG_03,exp_images/sentences/Sapling-woa.jpg,STIM_39,stimuli_list_subj_1_a.csv,PNA,passive_dropped_agent,non_agent_first,agent_dropped,1.0,1.0,5713.0,3859.0,214.38888888888889,18.0,810.0666666666667,605.7722222222222,4115.0,2908,6,722.0,0.7066828675577157,5713.0,2.9183333333333343,18.0,128.02999999999997,48.66666666666666,3.1507089095046386,participant_image,4938.0,-174.0,48.82539682539684,-4.0,97.79047619047606,-39.593650793650795,-286.0,-193,3,5134.0,0.0023795508282858924,4938.0,0.08033333333333248,-3.0,2.1326666666666654,31.73333333333335,-1.7423904417551317,-0.08033333333333248,0.05826015624113628,-0.1594746668602141,-0.7026252378333078,-0.13951931492237396,-0.08695220616485705,-0.20606225390792332
edf25,27,Punjabi,sentence_audio,passive_dropped_agent,10568.0,3292.0,253.23076923076923,13.0,797.5692307692308,552.0692307692308,3634.0,3390,3,5578.0,0.9328563566318108,10568.0,3.6906666666666665,15.0,157.1266666666666,104.26666666666668,1.4193792581377744,exp_images/audio\PUNJABI\p_woa_shrub.wav,IMG_04_P_PNA,exp_images/images/man_cut_shrub.jpg,IMG_04,exp_images/sentences/Shrub-woa.jpg,STIM_40,stimuli_list_subj_1_a.csv,PNA,passive_dropped_agent,non_agent_first,agent_dropped,1.0,1.0,5905.0,3575.0,238.33333333333331,15.0,788.7600000000001,588.3333333333334,3898.0,3575,3,1268.0,0.9171369933299128,5905.0,2.3866666666666667,15.0,189.18666666666667,72.93333333333334,2.540220152413209,participant_image,4663.0,-283.0,14.897435897435912,-2.0,8.80923076923068,-36.264102564102586,-264.0,-185,0,4310.0,0.015719363301897937,4663.0,1.3039999999999998,0.0,-32.06000000000006,31.333333333333343,-1.1208408942754344,-1.3039999999999998,-0.01158818764117006,-0.3924853573990137,-0.24641111513084843,-0.1294592365335153,-0.9232257119243613,-0.3406339217257818
edf25,28,English,sentence_audio,active,10475.0,3194.0,199.625,16.0,1000.40625,666.6999999999998,3326.0,1188,5,5672.0,0.3571858087793145,10475.0,4.853529411764706,17.0,184.6233333333333,96.33333333333331,1.62291169451074,exp_images/audio\ENGLISH\dug.wav,IMG_13_E_ACT,exp_images/images/dog_dug_hole.jpg,IMG_13,exp_images/sentences/active_dog_hole.jpg,STIM_67,stimuli_list_subj_1_a.csv,ACT,active,agent_first,agent_overt,0.0,,6123.0,3388.0,211.75,16.0,969.975,812.6375,3555.0,1979,6,1131.0,0.5566807313642756,6123.0,3.7482352941176473,17.0,214.34176470588238,85.6470588235294,2.7764167891556424,participant_image,4352.0,-194.0,-12.125,0.0,30.431249999999977,-145.93750000000023,-229.0,-791,-1,4541.0,-0.19949492258496115,4352.0,1.1052941176470585,0.0,-29.718431372549077,10.686274509803908,-1.1535050946449024,-1.1052941176470585,-0.06721995399191963,-0.202228922004948,0.20980300757161088,-0.8915101744895586,-0.7874269119921932,-0.34771659098140173
edf25,29,English,sentence_audio,active,11114.0,3756.0,250.4,15.0,909.9400000000003,428.85333333333335,3950.0,3420,11,6378.0,0.8658227848101265,11114.0,4.0462500000000015,16.0,146.551875,66.75,1.4396256973186967,exp_images/audio\ENGLISH\frisbee.wav,IMG_12_E_ACT,exp_images/images/child_throw_frisbee.jpg,IMG_12,exp_images/sentences/active_child_frisbee.jpg,STIM_66,stimuli_list_subj_1_a.csv,ACT,active,agent_first,agent_overt,0.0,,5976.0,3920.0,280.0,14.0,1031.442857142857,472.16428571428565,3966.0,3056,8,984.0,0.7705496722138174,5976.0,4.126,15.0,154.618,69.6,2.5100401606425704,participant_image,5138.0,-164.0,-29.599999999999994,1.0,-121.50285714285678,-43.3109523809523,-16.0,364,3,5394.0,0.0952731125963091,5138.0,-0.07974999999999888,1.0,-8.066125,-2.8499999999999943,-1.0704144633238737,0.07974999999999888,-0.103196174665334,-0.13809753928784718,0.4379100689228405,0.5609136429019101,0.02245132179509849,0.1559962639333336
edf25,30,English,sentence_audio,active,10525.0,3807.0,237.9375,16.0,835.46875,568.5875,3862.0,1899,5,5533.0,0.4917141377524599,10525.0,2.711875,16.0,113.385625,70.625,1.5201900237529689,exp_images/audio\ENGLISH\tabla.wav,IMG_11_E_ACT,exp_images/images/child_play_tabla.jpg,IMG_11,exp_images/sentences/active_child_tabla.jpg,STIM_65,stimuli_list_subj_1_a.csv,ACT,active,agent_first,agent_overt,0.0,,5985.0,3813.0,224.29411764705884,17.0,814.0647058823531,657.3823529411766,3872.0,2808,5,993.0,0.7252066115702479,5985.0,2.377058823529412,17.0,142.71352941176468,65.88235294117646,2.840434419381788,participant_image,4540.0,-6.0,13.64338235294116,-1.0,21.40404411764689,-88.7948529411766,-10.0,-909,0,4540.0,-0.23349247381778798,4540.0,0.3348161764705879,-1.0,-29.327904411764678,4.742647058823536,-1.3202443956288192,-0.3348161764705879,-0.014169939117737767,0.19966107635555044,-0.018304053779618773,-1.0398963307252238,-0.26086987932152156,-0.2267158253177103
edf25,31,English,sentence_audio,passive,10498.0,3546.0,221.625,16.0,845.26875,488.55625,3666.0,3666,9,5632.0,1.0,10498.0,3.124705882352941,17.0,154.52411764705886,81.6470588235294,1.6193560678224426,exp_images/audio\ENGLISH\p_artist.wav,IMG_07_E_PWA,exp_images/images/artiste_drew_picture.jpg,IMG_07,exp_images/sentences/passive_artist_picture.jpg,STIM_79,stimuli_list_subj_1_a.csv,PWA,passive_with_agent,non_agent_first,agent_overt,1.0,0.0,5983.0,4212.0,324.0,13.0,895.5692307692308,504.3846153846155,4360.0,4360,11,990.0,1.0,5983.0,3.1942857142857144,14.0,116.92499999999998,46.57142857142857,2.3399632291492565,participant_image,4515.0,-666.0,-102.375,3.0,-50.30048076923083,-15.828365384615495,-694.0,-694,-2,4642.0,0.0,4515.0,-0.0695798319327734,3.0,37.599117647058875,35.07563025210084,-0.7206071613268139,0.0695798319327734,-0.25301989194760766,-1.2112293434206676,0.8941241916252998,-0.7695317240246474,0.015500865158970449,-0.2648311805217305
edf25,32,English,sentence_audio,passive,10697.0,3791.0,236.9375,16.0,895.2124999999999,592.4062499999999,3838.0,2071,7,6124.0,0.5396039603960396,10697.0,3.15125,16.0,117.179375,72.125,1.4957464709731705,exp_images/audio\ENGLISH\p_cake.wav,IMG_15_E_PWA,exp_images/images/girl_baked_cake.jpg,IMG_15,exp_images/sentences/passive_girl_cake.jpg,STIM_87,stimuli_list_subj_1_a.csv,PWA,passive_with_agent,non_agent_first,agent_overt,1.0,0.0,5687.0,3729.0,233.0625,16.0,856.4562500000002,531.6875,3960.0,3192,10,695.0,0.8060606060606059,5687.0,2.1225,16.0,110.97625,64.5,2.8134341480569716,participant_image,5010.0,62.0,3.875,0.0,38.75624999999968,60.718749999999886,-122.0,-1121,-3,5429.0,-0.2664566456645663,5010.0,1.02875,0.0,6.203125,7.625,-1.317687677083801,-1.02875,-0.0342803528030996,0.34502554384764567,0.20980300757161088,-1.3064884080299783,-0.7351154293362627,-0.3042111277500168
edf25,33,English,sentence_audio,passive,10749.0,3641.0,280.0769230769231,13.0,978.9230769230769,502.3230769230769,3859.0,3657,11,5838.0,0.9476548328582536,10749.0,3.1171428571428565,14.0,173.44928571428574,87.2857142857143,1.3024467392315564,exp_images/audio\ENGLISH\p_window.wav,IMG_02_E_PWA,exp_images/images/girl_opened_window.jpg,IMG_02,exp_images/sentences/passive_girl_window.jpg,STIM_74,stimuli_list_subj_1_a.csv,PWA,passive_with_agent,non_agent_first,agent_overt,1.0,0.0,5663.0,3193.0,187.82352941176467,17.0,923.8294117647059,522.035294117647,3425.0,3425,11,892.0,1.0,5663.0,3.210555555555555,18.0,206.66722222222225,88.22222222222223,3.1785272823591733,participant_image,5086.0,448.0,92.25339366515843,-4.0,55.09366515837098,-19.712217194570144,434.0,232,0,4946.0,-0.05234516714174642,5086.0,-0.09341269841269861,-4.0,-33.217936507936514,-0.9365079365079225,-1.8760805431276169,0.09341269841269861,0.147666462261829,1.1701826681410092,-0.7026252378333078,0.39492234948574234,0.0317886299125514,0.20838697439356482
edf25,34,English,sentence_audio,passive_dropped_agent,10523.0,3683.0,245.53333333333333,15.0,832.3333333333333,671.9000000000002,3900.0,1972,7,5531.0,0.5056410256410256,10523.0,3.952666666666667,15.0,134.68200000000002,72.8,1.4254490164401787,exp_images/audio\ENGLISH\p_woa_fed.wav,IMG_16_E_PNA,exp_images/images/girl_fed_dog.jpg,IMG_16,exp_images/sentences/noagent_girl_dog.jpg,STIM_106,stimuli_list_subj_1_a.csv,PNA,passive_dropped_agent,non_agent_first,agent_dropped,1.0,1.0,6020.0,3734.0,248.9333333333333,15.0,1356.3866666666665,650.2999999999997,3778.0,1308,5,1028.0,0.3462149285336157,6020.0,11.028666666666668,15.0,193.56,80.93333333333334,2.491694352159469,participant_image,4503.0,-51.0,-3.3999999999999773,0.0,-524.0533333333333,21.600000000000477,122.0,664,2,4503.0,0.15942609710740996,4503.0,-7.0760000000000005,0.0,-58.877999999999986,-8.13333333333334,-1.0662453357192903,7.0760000000000005,-0.04925757771864116,0.10346400227989923,0.20980300757161088,0.9381665824841099,4.803801238441731,1.201195450611742
edf25,35,English,sentence_audio,passive_dropped_agent,10581.0,3654.0,261.0,14.0,911.1285714285716,623.6642857142857,3850.0,3654,8,5922.0,0.9490909090909092,10581.0,3.18625,16.0,126.045625,82.875,1.5121444097911352,exp_images/audio\ENGLISH\p_woa_veg.wav,IMG_18_E_PNA,exp_images/images/boy_cut_vegetables.jpg,IMG_18,exp_images/sentences/noagent_boy_vegetables.jpg,STIM_108,stimuli_list_subj_1_a.csv,PNA,passive_dropped_agent,non_agent_first,agent_dropped,1.0,1.0,5644.0,3350.0,186.11111111111111,18.0,900.2666666666668,703.2777777777777,3572.0,3314,9,652.0,0.927771556550952,5644.0,3.37,18.0,230.9261111111111,78.8888888888889,3.1892274982282074,participant_image,4937.0,304.0,74.88888888888889,-4.0,10.861904761904839,-79.613492063492,278.0,340,-1,5270.0,0.021319352539957204,4937.0,-0.1837500000000003,-2.0,-104.88048611111111,3.9861111111111,-1.6770830884370722,0.1837500000000003,0.11191772087609904,0.8623520310989256,-0.7026252378333078,0.5307334077353342,0.0935265965967789,0.17918090369476597
edf25,36,English,sentence_audio,passive_dropped_agent,11094.0,3644.0,520.5714285714286,7.0,860.6428571428571,521.9571428571428,4081.0,4081,3,6101.0,1.0,11094.0,1.5485714285714285,7.0,185.12,130.28571428571428,0.6309716964124752,exp_images/audio\ENGLISH\p_woa_vase.wav,IMG_08_E_PNA,exp_images/images/boy_broke_vase.jpg,IMG_08,exp_images/sentences/noagent_boy_vase.jpg,STIM_98,stimuli_list_subj_1_a.csv,PNA,passive_dropped_agent,non_agent_first,agent_dropped,1.0,1.0,5997.0,3625.0,241.66666666666663,15.0,824.9400000000003,603.7133333333334,3737.0,1751,8,1004.0,0.4685576665774686,5997.0,2.298666666666667,15.0,197.2,83.73333333333333,2.5012506253126565,participant_image,5097.0,19.0,278.9047619047619,-8.0,35.70285714285683,-81.75619047619057,344.0,2330,-5,5097.0,0.5314423334225313,5097.0,-0.7500952380952386,-8.0,-12.079999999999984,46.55238095238094,-1.8702789289001813,0.7500952380952386,0.531930314209337,0.2531038952864678,-1.6150534832382264,3.033177906963925,0.4805760526567946,0.5367469371756596
edf26,19,Punjabi,sentence_audio,passive,10982.0,4448.0,494.22222222222223,9.0,1002.2666666666668,559.4222222222222,4692.0,4322,7,5990.0,0.9211423699914748,10982.0,2.9700000000000006,9.0,87.88555555555556,33.333333333333336,0.8195228555818613,exp_images/audio\PUNJABI\p_letter.wav,IMG_17_P_PWA,exp_images/images/women_read_letter.jpg,IMG_17,exp_images/sentences/Letter-passive.jpg,STIM_35,stimuli_list_subj_2_a.csv,PWA,passive_with_agent,non_agent_first,agent_overt,1.0,0.0,6089.0,4323.0,332.53846153846155,13.0,957.607692307692,521.8769230769229,4653.0,4085,7,1096.0,0.8779282183537502,6089.0,1.7007692307692308,13.0,63.67923076923078,26.153846153846153,2.134997536541304,participant_image,4893.0,125.0,161.68376068376068,-4.0,44.658974358974774,37.54529914529928,39.0,237,0,4894.0,0.043214151637724574,4893.0,1.2692307692307698,-4.0,24.206324786324778,7.179487179487182,-1.3154746809594426,-1.2692307692307698,0.29060449976096414,0.47970144755355737,-0.7026252378333078,0.40120989847877897,-0.8994638596977649,-0.08611465034755443
edf26,20,Punjabi,sentence_audio,passive,10401.0,4287.0,285.8,15.0,962.8733333333333,502.7533333333333,4498.0,4126,7,5407.0,0.9172965762561138,10401.0,2.5933333333333333,15.0,76.37133333333333,33.06666666666667,1.4421690222094032,exp_images/audio\PUNJABI\p_bucket.wav,IMG_09_P_PWA,exp_images/images/boy_filled_bucket.jpg,IMG_09,exp_images/sentences/Bucket-passive.jpg,STIM_27,stimuli_list_subj_2_a.csv,PWA,passive_with_agent,non_agent_first,agent_overt,1.0,0.0,5766.0,3872.0,242.0,16.0,948.2374999999997,459.94375,4429.0,4261,5,773.0,0.96206818694965,5766.0,1.9093750000000005,16.0,102.980625,35.25,2.7748872702046476,participant_image,4635.0,415.0,43.80000000000001,-1.0,14.635833333333608,42.80958333333325,69.0,-135,2,4634.0,-0.04477161069353619,4635.0,0.6839583333333328,-1.0,-26.609291666666678,-2.18333333333333,-1.3327182479952444,-0.6839583333333328,0.04791424578837792,1.0996381471521985,-0.018304053779618773,-0.06658374660314868,-0.49947925185873937,0.11263706813981389
edf26,21,Punjabi,sentence_audio,passive,10428.0,4326.0,309.0,14.0,944.1214285714287,535.6428571428572,4521.0,4381,4,5435.0,0.9690333996903341,10428.0,2.773571428571429,14.0,79.77428571428571,33.714285714285715,1.3425393172228617,exp_images/audio\PUNJABI\p_clothes.wav,IMG_06_P_PWA,exp_images/images/women_fold_clothes.jpg,IMG_06,exp_images/sentences/Folded-clothes-passive.jpg,STIM_24,stimuli_list_subj_2_a.csv,PWA,passive_with_agent,non_agent_first,agent_overt,1.0,0.0,5949.0,4447.0,444.7,10.0,972.35,504.25000000000017,4727.0,4727,4,958.0,1.0,5949.0,1.611,10.0,54.761,26.4,1.6809547823163558,participant_image,4479.0,-121.0,-135.7,4.0,-28.228571428571286,31.392857142857054,-206.0,-346,0,4477.0,-0.030966600309665915,4479.0,1.162571428571429,4.0,25.013285714285708,7.314285714285717,-0.33841546509349407,-1.162571428571429,-0.32162690504869684,-0.04617589072666934,1.1222312529765295,-0.3319183141092958,-0.8265711486638361,-0.08081220111439372
edf26,22,Punjabi,sentence_audio,passive_dropped_agent,10540.0,4560.0,570.0,8.0,906.8875,493.94999999999993,4777.0,4777,5,5547.0,1.0,10540.0,1.7625,8.0,61.14625,27.0,0.7590132827324478,exp_images/audio\PUNJABI\p_woa_door.wav,IMG_10_P_PNA,exp_images/images/boy_opened_door.jpg,IMG_10,exp_images/sentences/Closed-door-woa.jpg,STIM_46,stimuli_list_subj_2_a.csv,PNA,passive_dropped_agent,non_agent_first,agent_dropped,1.0,1.0,5820.0,4388.0,313.42857142857144,14.0,885.1357142857145,477.61428571428576,4647.0,4105,7,825.0,0.8833656122229395,5820.0,1.5714285714285712,14.0,60.01499999999999,24.857142857142854,2.405498281786941,participant_image,4720.0,172.0,256.57142857142856,-6.0,21.751785714285575,16.335714285714175,130.0,672,-2,4722.0,0.11663438777706048,4720.0,0.19107142857142878,-6.0,1.1312500000000085,2.142857142857146,-1.6464849990544932,-0.19107142857142878,0.4859521208832757,0.580173947143682,-1.1588393605357672,0.9482266608729686,-0.16263240376160937,0.13857619292050996
edf26,23,Punjabi,sentence_audio,passive_dropped_agent,10440.0,4340.0,289.3333333333333,15.0,742.7666666666668,490.5,4513.0,4513,6,5447.0,1.0,10440.0,3.0493333333333337,15.0,84.00666666666667,32.0,1.4367816091954024,exp_images/audio\PUNJABI\p_woa_lamp.wav,IMG_01_P_PNA,exp_images/images/girl_lighted_lamp.jpg,IMG_01,exp_images/sentences/Lamp-woa.jpg,STIM_37,stimuli_list_subj_2_a.csv,PNA,passive_dropped_agent,non_agent_first,agent_dropped,1.0,1.0,5935.0,4323.0,270.1875,16.0,824.575,552.3499999999998,4494.0,4494,4,943.0,1.0,5935.0,2.5249999999999995,16.0,77.38062500000002,31.125,2.695871946082561,participant_image,4505.0,17.0,19.145833333333314,-1.0,-81.80833333333328,-61.849999999999795,19.0,19,2,4504.0,0.0,4505.0,0.5243333333333342,-1.0,6.6260416666666515,0.875,-1.2590903368871587,-0.5243333333333342,-0.00284190531429093,0.2488284697719944,-0.018304053779618773,0.1270727623823805,-0.39038895627972037,-0.007126736643851039
edf26,24,Punjabi,sentence_audio,passive_dropped_agent,11175.0,4199.0,299.92857142857144,14.0,1036.9857142857145,485.83571428571435,4606.0,4564,3,6183.0,0.9908814589665652,11175.0,2.166428571428572,14.0,71.58428571428571,27.57142857142857,1.2527964205816553,exp_images/audio\PUNJABI\p_woa_scooter.wav,IMG_14_P_PNA,exp_images/images/driver_wash_scooter.jpg,IMG_14,exp_images/sentences/Washed-scooter-woa.jpg,STIM_50,stimuli_list_subj_2_a.csv,PNA,passive_dropped_agent,non_agent_first,agent_dropped,1.0,1.0,5645.0,4181.0,298.64285714285717,14.0,873.5571428571428,565.1857142857143,4474.0,3416,4,653.0,0.7635225748770675,5645.0,3.9042857142857135,14.0,93.33285714285715,37.0,2.4800708591674048,participant_image,5530.0,18.0,1.2857142857142776,0.0,163.42857142857167,-79.34999999999997,132.0,1148,-1,5530.0,0.22735888408949767,5530.0,-1.7378571428571417,0.0,-21.748571428571438,-9.42857142857143,-1.2272744385857495,1.7378571428571417,-0.03961098022762964,0.2509661825292311,0.20980300757161088,1.5468013250100587,1.1556284451527807,0.6247175960072104
edf26,25,English,sentence_audio,active,10208.0,4310.0,239.44444444444446,18.0,1047.9722222222224,405.65000000000015,4522.0,4358,7,5216.0,0.9637328615656788,10208.0,1.6366666666666667,18.0,54.40166666666667,26.11111111111111,1.7633228840125392,exp_images/audio\ENGLISH\box.wav,IMG_05_E_ACT,exp_images/images/man_pushed_box.jpg,IMG_05,exp_images/sentences/active_man_box.jpg,STIM_59,stimuli_list_subj_2_a.csv,ACT,active,agent_first,agent_overt,0.0,,5722.0,4278.0,237.66666666666663,18.0,1107.4833333333333,410.24444444444435,4435.0,4435,5,729.0,1.0,5722.0,1.8183333333333327,18.0,89.82833333333332,31.0,3.145753233135267,participant_image,4486.0,32.0,1.7777777777778283,0.0,-59.51111111111095,-4.594444444444207,87.0,-77,2,4487.0,-0.03626713843432117,4486.0,-0.18166666666666598,0.0,-35.42666666666665,-4.888888888888889,-1.3824303491227279,0.18166666666666598,-0.03859795677837018,0.28089416113054483,0.20980300757161088,0.0063518217160765935,0.09210281304706508,0.11011076933738544
edf26,26,English,sentence_audio,active,10675.0,2298.0,74.12903225806451,31.0,960.8,196.65806451612903,2354.0,60,1,8302.0,0.02548853016142736,10675.0,1.61,33.0,80.1530303030303,80.72727272727273,3.091334894613583,exp_images/audio\ENGLISH\sapling.wav,IMG_03_E_ACT,exp_images/images/girl_plant_tree.jpg,IMG_03,exp_images/sentences/active_girl_sapling.jpg,STIM_57,stimuli_list_subj_2_a.csv,ACT,active,agent_first,agent_overt,0.0,,5889.0,3994.0,249.625,16.0,831.13125,529.7375,4317.0,3539,7,897.0,0.8197822561964327,5889.0,3.4264705882352944,17.0,83.43882352941176,40.8235294117647,2.8867379860757345,participant_image,4786.0,-1696.0,-175.4959677419355,15.0,129.66874999999993,-333.07943548387095,-1963.0,-3479,-6,7405.0,-0.7942937260350054,4786.0,-1.8164705882352943,16.0,-3.2857932263814575,39.90374331550803,0.2045969085378485,1.8164705882352943,-0.40355586169510327,-3.413073483374462,3.631408927840056,-4.271696513146068,1.2093541397043097,-0.6495125581342535
edf26,27,English,sentence_audio,active,10435.0,3564.0,137.0769230769231,26.0,955.5538461538464,345.8115384615384,3614.0,2322,5,5444.0,0.6425013835085778,10435.0,1.3477777777777775,27.0,58.45037037037037,51.7037037037037,2.587446094873024,exp_images/audio\ENGLISH\shrub.wav,IMG_04_E_ACT,exp_images/images/man_cut_shrub.jpg,IMG_04,exp_images/sentences/active_man_shrub.jpg,STIM_58,stimuli_list_subj_2_a.csv,ACT,active,agent_first,agent_overt,0.0,,6087.0,4161.0,346.75,12.0,819.725,508.0333333333333,4488.0,4161,4,1446.0,0.9271390374331552,6087.0,3.020833333333333,12.0,142.46416666666667,42.0,1.971414489896501,participant_image,4348.0,-597.0,-209.6730769230769,14.0,135.82884615384637,-162.22179487179488,-874.0,-1839,1,3998.0,-0.2846376539245774,4348.0,-1.6730555555555555,15.0,-84.0137962962963,9.703703703703702,0.6160316049765231,1.6730555555555555,-0.47391713333345065,-1.0637271631713356,3.403301866488826,-2.209380443430043,1.111341996835038,0.15352382467780695
edf26,29,English,sentence_audio,passive,10741.0,3985.0,306.53846153846155,13.0,943.4692307692308,416.0461538461538,4200.0,3499,10,6006.0,0.8330952380952381,10741.0,5.74923076923077,13.0,160.98769230769233,60.92307692307693,1.2103156130714086,exp_images/audio\ENGLISH\p_frisbee.wav,IMG_12_E_PWA,exp_images/images/child_throw_frisbee.jpg,IMG_12,exp_images/sentences/passive_child_frisbee.jpg,STIM_84,stimuli_list_subj_2_a.csv,PWA,passive_with_agent,non_agent_first,agent_overt,1.0,0.0,5932.0,4330.0,309.2857142857143,14.0,960.7642857142856,501.19999999999993,4526.0,3084,4,1164.0,0.6813963764913831,5932.0,3.0085714285714285,14.0,80.26357142857144,33.285714285714285,2.360080917060013,participant_image,4809.0,-345.0,-2.7472527472527304,-1.0,-17.295054945054858,-85.15384615384613,-326.0,415,6,4842.0,0.15169886160385504,4809.0,2.740659340659341,-1.0,80.72412087912089,27.637362637362642,-1.1497653039886047,-2.740659340659341,-0.047913750582229145,-0.5250235483476887,-0.018304053779618773,0.6250466426308842,-1.9050618410951523,-0.37425131023476094
edf26,30,English,sentence_audio,passive,10550.0,4166.0,277.73333333333335,15.0,890.2666666666668,486.42,4354.0,3906,10,5786.0,0.8971061093247589,10550.0,5.132666666666667,15.0,115.832,42.53333333333333,1.4218009478672984,exp_images/audio\ENGLISH\p_tabla.wav,IMG_11_E_PWA,exp_images/images/child_play_tabla.jpg,IMG_11,exp_images/sentences/passive_child_tabla.jpg,STIM_83,stimuli_list_subj_2_a.csv,PWA,passive_with_agent,non_agent_first,agent_overt,1.0,0.0,5780.0,4370.0,336.15384615384613,13.0,853.7153846153847,481.6923076923077,4583.0,3874,7,1038.0,0.8452978398428976,5780.0,3.1623076923076923,13.0,88.51076923076923,31.384615384615387,2.2491349480968856,participant_image,4770.0,-204.0,-58.42051282051278,2.0,36.5512820512821,4.727692307692337,-229.0,32,3,4748.0,0.051808269481861235,4770.0,1.970358974358975,2.0,27.321230769230766,11.148717948717945,-0.8273340002295873,-1.970358974358975,-0.16252968706314438,-0.22360604957731492,0.6660171302740702,0.14342038976427582,-1.3786261659544519,-0.19106487651131304
edf26,31,English,sentence_audio,passive_dropped_agent,10918.0,4086.0,227.0,18.0,992.25,383.6277777777778,4338.0,4338,3,6014.0,1.0,10918.0,2.4189473684210525,19.0,110.78105263157896,42.21052631578947,1.7402454662026012,exp_images/audio\ENGLISH\p_woa_draw.wav,IMG_07_E_PNA,exp_images/images/artiste_drew_picture.jpg,IMG_07,exp_images/sentences/noagent_artist_picture.jpg,STIM_97,stimuli_list_subj_2_a.csv,PNA,passive_dropped_agent,non_agent_first,agent_dropped,1.0,1.0,6070.0,4236.0,282.4,15.0,951.44,358.7466666666666,4463.0,4463,3,1077.0,1.0,6070.0,2.1886666666666668,15.0,99.14333333333332,35.333333333333336,2.4711696869851734,participant_image,4848.0,-150.0,-55.39999999999998,3.0,40.809999999999945,24.88111111111118,-125.0,-125,0,4937.0,0.0,4848.0,0.23028070175438575,4.0,11.637719298245642,6.877192982456137,-0.7309242207825721,-0.23028070175438575,-0.15631128158230628,-0.10816956068653345,0.8941241916252998,-0.05400864861707536,-0.1894286524755785,0.07724120965276124
edf26,32,English,sentence_audio,passive_dropped_agent,10660.0,4554.0,325.2857142857143,14.0,906.0142857142856,563.4642857142858,4559.0,3861,8,5667.0,0.8468962491774512,10660.0,2.477857142857143,14.0,76.57857142857142,31.0,1.3133208255159474,exp_images/audio\ENGLISH\p_woa_cake.wav,IMG_15_E_PNA,exp_images/images/girl_baked_cake.jpg,IMG_15,exp_images/sentences/noagent_girl_cake.jpg,STIM_105,stimuli_list_subj_2_a.csv,PNA,passive_dropped_agent,non_agent_first,agent_dropped,1.0,1.0,5714.0,4722.0,1180.5,4.0,904.25,484.55,4874.0,4874,5,722.0,1.0,5714.0,1.96,4.0,63.895,29.5,0.7000350017500875,participant_image,4946.0,-168.0,-855.2142857142858,10.0,1.76428571428562,78.91428571428577,-315.0,-1013,3,4945.0,-0.1531037508225488,4946.0,0.5178571428571432,10.0,12.683571428571419,1.5,0.6132858237658599,-0.5178571428571432,-1.8029090063666524,-0.14664839031679394,2.4908736210839075,-1.1706773497803864,-0.3859630234166118,-0.2030648297593074
edf26,33,English,sentence_audio,passive_dropped_agent,11044.0,4242.0,282.8,15.0,1081.3666666666666,436.39333333333326,4504.0,4180,4,6052.0,0.928063943161634,11044.0,2.6806666666666663,15.0,69.86200000000001,32.53333333333333,1.358203549438609,exp_images/audio\ENGLISH\p_woa_window.wav,IMG_02_E_PNA,exp_images/images/girl_opened_window.jpg,IMG_02,exp_images/sentences/noagent_girl_window.jpg,STIM_92,stimuli_list_subj_2_a.csv,PNA,passive_dropped_agent,non_agent_first,agent_dropped,1.0,1.0,6102.0,4118.0,228.77777777777774,18.0,1155.6888888888886,554.0499999999998,4348.0,4050,4,1110.0,0.9314627414903404,6102.0,3.0927777777777767,18.0,84.43055555555556,35.77777777777778,2.949852507374631,participant_image,4942.0,124.0,54.02222222222227,-3.0,-74.32222222222208,-117.65666666666658,156.0,130,0,4942.0,-0.003398798328706376,4942.0,-0.41211111111111043,-3.0,-14.568555555555548,-3.244444444444447,-1.591648957936022,0.41211111111111043,0.06895899099234636,0.4775637347963207,-0.4745181764820781,0.26665635002779436,0.24959225742600005,0.11765063135207665
edf26,34,Punjabi,sentence_audio,active,10237.0,4311.0,287.4,15.0,927.8733333333333,661.7066666666667,4456.0,3217,7,5245.0,0.7219479353680431,10237.0,3.3446666666666665,15.0,87.24733333333334,35.73333333333333,1.4652730292077758,exp_images/audio\PUNJABI\fed.wav,IMG_16_P_ACT,exp_images/images/girl_fed_dog.jpg,IMG_16,exp_images/sentences/Fed-dog.jpg,STIM_16,stimuli_list_subj_2_a.csv,ACT,active,agent_first,agent_overt,0.0,,5713.0,4202.0,247.17647058823533,17.0,863.7764705882353,671.1882352941177,4346.0,2760,6,906.0,0.6350667280257708,5713.0,3.56,18.0,94.66944444444445,36.888888888888886,3.1507089095046386,participant_image,4524.0,109.0,40.223529411764645,-2.0,64.09686274509806,-9.481568627450997,110.0,457,1,4339.0,0.08688120734227234,4524.0,-0.2153333333333336,-3.0,-7.422111111111107,-1.1555555555555586,-1.6854358802968628,0.2153333333333336,0.040551276110876826,0.4454980434377703,-0.24641111513084843,0.6778620541723921,0.1151111552104299,0.20652228276012413
edf26,35,Punjabi,sentence_audio,active,10892.0,4468.0,558.5,8.0,979.1125,642.95,4641.0,4240,5,6112.0,0.9135962077138547,10892.0,4.175555555555556,9.0,93.86222222222223,40.22222222222222,0.826294528094014,exp_images/audio\PUNJABI\veg.wav,IMG_18_P_ACT,exp_images/images/boy_cut_vegetables.jpg,IMG_18,exp_images/sentences/Veg.jpg,STIM_18,stimuli_list_subj_2_a.csv,ACT,active,agent_first,agent_overt,0.0,,5862.0,4306.0,307.57142857142856,14.0,976.3642857142858,719.0214285714285,4537.0,4306,4,1132.0,0.9490852986554992,5862.0,3.157142857142857,14.0,89.60571428571428,32.57142857142857,2.388263391334016,participant_image,5030.0,162.0,250.92857142857144,-6.0,2.748214285714198,-76.07142857142844,104.0,-66,1,4980.0,-0.03548909094164443,5030.0,1.0184126984126993,-5.0,4.256507936507944,7.650793650793652,-1.561968863240002,-1.0184126984126993,0.4743350293925759,0.558796819571315,-1.1588393605357672,0.02018442950075725,-0.7280507509610201,-0.16671476660642787
edf26,36,Punjabi,sentence_audio,active,10653.0,4433.0,341.0,13.0,955.0692307692308,514.176923076923,4648.0,4648,3,5661.0,1.0,10653.0,1.8769230769230767,13.0,64.73692307692306,26.461538461538463,1.220313526706092,exp_images/audio\PUNJABI\vase.wav,IMG_08_P_ACT,exp_images/images/boy_broke_vase.jpg,IMG_08,exp_images/sentences/Vase.jpg,STIM_08,stimuli_list_subj_2_a.csv,ACT,active,agent_first,agent_overt,0.0,,5847.0,4099.0,341.5833333333333,12.0,832.125,460.66666666666674,4330.0,4330,5,855.0,1.0,5847.0,2.7100000000000004,12.0,85.59416666666667,55.16666666666666,2.052334530528476,participant_image,4806.0,334.0,-0.5833333333333144,1.0,122.94423076923078,53.51025641025626,318.0,318,-2,4806.0,0.0,4806.0,-0.8330769230769237,1.0,-20.857243589743604,-28.705128205128194,-0.8320210038223839,0.8330769230769237,-0.04345883542602597,0.9264834138160264,0.4379100689228405,0.5030681921659729,0.5372870724989067,0.47225798239554406
edf27,19,Punjabi,sentence_audio,passive_dropped_agent,10886.0,4358.0,335.23076923076917,13.0,973.2076923076925,518.3846153846154,4566.0,4566,7,5894.0,1.0,10886.0,3.2630769230769223,13.0,92.76307692307691,32.769230769230774,1.1941943781003124,exp_images/audio\PUNJABI\p_woa_letter.wav,IMG_17_P_PNA,exp_images/images/women_read_letter.jpg,IMG_17,exp_images/sentences/Letter-woa.jpg,STIM_53,stimuli_list_subj_3_a.csv,PNA,passive_dropped_agent,non_agent_first,agent_dropped,1.0,1.0,6060.0,4188.0,523.5,8.0,916.4625,493.42500000000007,4483.0,4483,5,1067.0,1.0,6060.0,3.0175,8.0,118.50375,63.75,1.32013201320132,participant_image,4826.0,170.0,-188.26923076923083,5.0,56.74519230769249,24.95961538461529,83.0,83,2,4827.0,0.0,4826.0,0.24557692307692225,5.0,-25.740673076923088,-30.980769230769226,-0.12593763510100753,-0.24557692307692225,-0.4298524985700413,0.5758985216292086,1.3503383143277592,0.20755338949324978,-0.19988233645564185,0.30081107808490687
edf27,20,Punjabi,sentence_audio,passive_dropped_agent,10344.0,4134.0,1033.5,4.0,918.975,443.4,4889.0,4889,3,5351.0,1.0,10344.0,1.9625,4.0,70.81,26.0,0.3866976024748647,exp_images/audio\PUNJABI\p_woa_tub.wav,IMG_09_P_PNA,exp_images/images/boy_filled_bucket.jpg,IMG_09,exp_images/sentences/Bucket-woa.jpg,STIM_45,stimuli_list_subj_3_a.csv,PNA,passive_dropped_agent,non_agent_first,agent_dropped,1.0,1.0,6014.0,4618.0,769.6666666666665,6.0,927.0333333333333,440.16666666666663,4838.0,4838,3,1022.0,1.0,6014.0,1.9733333333333332,6.0,69.56166666666665,25.66666666666667,0.9976720984369803,participant_image,4330.0,-484.0,263.8333333333335,-2.0,-8.05833333333328,3.2333333333333485,51.0,51,0,4329.0,0.0,4330.0,-0.01083333333333325,-2.0,1.248333333333349,0.3333333333333286,-0.6109744959621157,0.01083333333333325,0.5009023863037971,-0.8221656216035892,-0.24641111513084843,0.16731307593781514,-0.024647438029411127,-0.0850017425044473
edf27,21,Punjabi,sentence_audio,passive_dropped_agent,10630.0,4368.0,436.8,10.0,912.58,576.05,4633.0,4633,5,5637.0,1.0,10630.0,3.675,10.0,91.596,36.0,0.940733772342427,exp_images/audio\PUNJABI\p_woa_clothes.wav,IMG_06_P_PNA,exp_images/images/women_fold_clothes.jpg,IMG_06,exp_images/sentences/Folded-clothes-woa.jpg,STIM_42,stimuli_list_subj_3_a.csv,PNA,passive_dropped_agent,non_agent_first,agent_dropped,1.0,1.0,5839.0,4553.0,1517.666666666667,3.0,927.7666666666668,423.7,4902.0,4902,2,847.0,1.0,5839.0,2.8899999999999992,3.0,78.16333333333333,30.0,0.5137866072957697,participant_image,4791.0,-185.0,-1080.866666666667,7.0,-15.186666666666724,152.34999999999997,-269.0,-269,3,4790.0,0.0,4791.0,0.7850000000000006,7.0,13.432666666666677,6.0,0.4269471650466573,-0.7850000000000006,-2.2674652211090978,-0.18298950718981774,1.8065524370302184,-0.2350900596165312,-0.568532754019827,-0.28950502098101105
edf27,22,English,sentence_audio,active,10461.0,4601.0,657.2857142857142,7.0,917.9142857142857,445.0285714285714,4850.0,4850,3,5469.0,1.0,10461.0,1.0071428571428571,7.0,46.688571428571436,20.285714285714285,0.6691520887104483,exp_images/audio\ENGLISH\door.wav,IMG_10_E_ACT,exp_images/images/boy_opened_door.jpg,IMG_10,exp_images/sentences/active_boy_door.jpg,STIM_64,stimuli_list_subj_3_a.csv,ACT,active,agent_first,agent_overt,0.0,,5919.0,4519.0,564.875,8.0,945.5125,561.4,4761.0,4672,3,926.0,0.9813064482251628,5919.0,2.3775000000000004,8.0,78.57499999999997,29.0,1.3515796587261362,participant_image,4542.0,82.0,92.41071428571422,-1.0,-27.598214285714334,-116.37142857142857,89.0,178,0,4543.0,0.018693551774837225,4542.0,-1.3703571428571433,-1.0,-31.88642857142854,-8.714285714285715,-0.6824275700156879,1.3703571428571433,0.14799034216807186,0.3877797989923795,-0.018304053779618773,0.32701682036094637,0.9044730269833858,0.349791186945033
edf27,23,English,sentence_audio,active,10532.0,4564.0,760.6666666666665,6.0,829.3833333333333,403.83333333333326,4777.0,4777,6,5539.0,1.0,10532.0,4.36,6.0,116.95666666666666,36.0,0.5696923661222939,exp_images/audio\ENGLISH\lamp.wav,IMG_01_E_ACT,exp_images/images/girl_lighted_lamp.jpg,IMG_01,exp_images/sentences/active_girl_lamp.jpg,STIM_55,stimuli_list_subj_3_a.csv,ACT,active,agent_first,agent_overt,0.0,,5800.0,4540.0,648.5714285714286,7.0,736.1857142857143,521.2142857142857,4762.0,4762,4,808.0,1.0,5800.0,3.2099999999999995,7.0,83.16571428571429,32.857142857142854,1.206896551724138,participant_image,4732.0,24.0,112.09523809523796,-1.0,93.19761904761901,-117.38095238095241,15.0,15,2,4731.0,0.0,4732.0,1.1500000000000008,-1.0,33.790952380952376,3.142857142857146,-0.637204185601844,-1.1500000000000008,0.18851536491041837,0.26379245907265125,-0.018304053779618773,0.12204272318795117,-0.8179796319295675,-0.052386627707633096
edf27,24,English,sentence_audio,active,10615.0,4063.0,338.5833333333333,12.0,877.5666666666667,363.83333333333326,4335.0,4335,6,5650.0,1.0,10615.0,3.6730769230769234,13.0,147.19692307692307,50.46153846153846,1.2246820536975978,exp_images/audio\ENGLISH\scooter.wav,IMG_14_E_ACT,exp_images/images/driver_wash_scooter.jpg,IMG_14,exp_images/sentences/active_driver_scooter.jpg,STIM_68,stimuli_list_subj_3_a.csv,ACT,active,agent_first,agent_overt,0.0,,6090.0,4218.0,421.8,10.0,853.8099999999997,335.12,4472.0,4472,4,1098.0,1.0,6090.0,2.1870000000000003,10.0,94.62363636363638,49.09090909090909,1.6420361247947457,participant_image,4525.0,-155.0,-83.2166666666667,2.0,23.756666666667,28.713333333333253,-137.0,-137,2,4552.0,0.0,4525.0,1.486076923076923,3.0,52.57328671328669,1.3706293706293664,-0.41735407109714795,-1.486076923076923,-0.2135781507324529,-0.11885812447271693,0.6660171302740702,-0.06909876620036334,-1.0476600132968283,-0.15663558488565826
edf27,25,English,sentence_audio,passive,11113.0,4531.0,647.2857142857142,7.0,1034.5285714285717,414.2285714285714,4773.0,4773,6,6120.0,1.0,11113.0,2.7114285714285717,7.0,80.55285714285716,31.42857142857143,0.6298929182039054,exp_images/audio\ENGLISH\p_box.wav,IMG_05_E_PWA,exp_images/images/man_pushed_box.jpg,IMG_05,exp_images/sentences/passive_man_box.jpg,STIM_77,stimuli_list_subj_3_a.csv,PWA,passive_with_agent,non_agent_first,agent_overt,1.0,0.0,5752.0,4384.0,438.4,10.0,1007.12,454.17,4620.0,4620,7,760.0,1.0,5752.0,3.919,10.0,103.654,37.2,1.7385257301808068,participant_image,5361.0,147.0,208.88571428571424,-3.0,27.40857142857169,-39.94142857142862,153.0,153,-1,5360.0,0.0,5361.0,-1.2075714285714283,-3.0,-23.101142857142833,-5.771428571428572,-1.1086328119769013,1.2075714285714283,0.38778034519731025,0.5267311282127646,-0.4745181764820781,0.29557907539576306,0.7932226483618006,0.30575900413711204
edf27,26,English,sentence_audio,passive,10529.0,4097.0,341.4166666666667,12.0,788.2333333333332,623.3916666666668,4341.0,4341,4,5536.0,1.0,10529.0,2.9258333333333333,12.0,93.4175,54.33333333333334,1.139709374109602,exp_images/audio\ENGLISH\p_sapling.wav,IMG_03_E_PWA,exp_images/images/girl_plant_tree.jpg,IMG_03,exp_images/sentences/passive_girl_sapling.jpg,STIM_75,stimuli_list_subj_3_a.csv,PWA,passive_with_agent,non_agent_first,agent_overt,1.0,0.0,5799.0,4369.0,397.1818181818182,11.0,879.7363636363636,637.0363636363636,4587.0,4061,6,806.0,0.8853281011554393,5799.0,3.805454545454545,11.0,95.43818181818185,36.90909090909091,1.896878772202104,participant_image,4730.0,-272.0,-55.7651515151515,1.0,-91.50303030303041,-13.644696969696838,-246.0,280,-2,4730.0,0.11467189884456075,4730.0,-0.8796212121212119,1.0,-2.020681818181842,17.424242424242436,-0.757169398092502,0.8796212121212119,-0.1570630281624678,-0.3689705170694101,0.4379100689228405,0.4552828198188943,0.569096189174595,0.1872511065368904
edf27,27,English,sentence_audio,passive,10333.0,4049.0,578.4285714285714,7.0,899.5142857142856,316.5857142857143,4279.0,3843,4,5342.0,0.898107034353821,10333.0,8.654285714285715,7.0,314.2142857142857,101.71428571428572,0.6774412077808961,exp_images/audio\ENGLISH\p_shrub.wav,IMG_04_E_PWA,exp_images/images/man_cut_shrub.jpg,IMG_04,exp_images/sentences/passive_man_shrub.jpg,STIM_76,stimuli_list_subj_3_a.csv,PWA,passive_with_agent,non_agent_first,agent_overt,1.0,0.0,5901.0,4586.0,917.2,5.0,725.72,652.4200000000002,4807.0,4807,2,909.0,1.0,5901.0,3.405,6.0,86.31666666666666,34.0,1.0167768174885612,participant_image,4432.0,-537.0,-338.7714285714286,2.0,173.7942857142856,-335.8342857142859,-528.0,-964,2,4433.0,-0.101892965646179,4432.0,5.249285714285715,1.0,227.89761904761906,67.71428571428572,-0.3393356097076651,-5.249285714285715,-0.7396951469228727,-0.935464397737134,0.6660171302740702,-1.109059369648627,-3.619497503405105,-1.1475398574879336
edf27,28,English,sentence_audio,passive_dropped_agent,10799.0,4177.0,379.7272727272728,11.0,1000.3272727272728,721.3909090909091,4372.0,3999,3,6276.0,0.9146843549862764,10799.0,2.8290909090909087,11.0,97.42,56.36363636363637,1.018612834521715,exp_images/audio\ENGLISH\p_woa_dug.wav,IMG_13_E_PNA,exp_images/images/dog_dug_hole.jpg,IMG_13,exp_images/sentences/noagent_dog_hole.jpg,STIM_103,stimuli_list_subj_3_a.csv,PNA,passive_dropped_agent,non_agent_first,agent_dropped,1.0,1.0,5878.0,4542.0,567.75,8.0,942.725,682.325,4744.0,4744,5,886.0,1.0,5878.0,2.8125,8.0,85.86625000000002,31.0,1.3610071452875128,participant_image,4921.0,-365.0,-188.0227272727272,3.0,57.60227272727275,39.06590909090903,-372.0,-745,-2,5390.0,-0.08531564501372357,4921.0,0.016590909090908657,3.0,11.55374999999998,25.363636363636367,-0.34239431076579785,-0.016590909090908657,-0.42934501564088634,-0.5677778034924226,0.8941241916252998,-0.8336647237536213,-0.043389606938361795,-0.19601059163999845
edf27,29,English,sentence_audio,passive_dropped_agent,10642.0,4404.0,489.33333333333326,9.0,921.6111111111113,338.93333333333334,4679.0,3547,5,5649.0,0.7580679632400086,10642.0,3.1766666666666663,9.0,87.64777777777779,34.888888888888886,0.8457056944183424,exp_images/audio\ENGLISH\p_woa_frisbee.wav,IMG_12_E_PNA,exp_images/images/child_throw_frisbee.jpg,IMG_12,exp_images/sentences/noagent_child_frisbee.jpg,STIM_102,stimuli_list_subj_3_a.csv,PNA,passive_dropped_agent,non_agent_first,agent_dropped,1.0,1.0,5736.0,3954.0,494.25,8.0,934.2625,365.4875,4179.0,2150,4,998.0,0.5144771476429768,5736.0,3.39375,8.0,137.4475,101.75,1.3947001394700143,participant_image,4906.0,450.0,-4.9166666666667425,1.0,-12.651388888888732,-26.554166666666674,500.0,1397,1,4651.0,0.24359081559703177,4906.0,-0.21708333333333352,1.0,-49.7997222222222,-66.86111111111111,-0.5489944450516718,0.21708333333333352,-0.05237997741466493,1.1744580936554827,0.4379100689228405,1.8599212648632846,0.11630713339218889,0.7072433166838263
edf27,30,English,sentence_audio,passive_dropped_agent,10992.0,4358.0,396.1818181818182,11.0,849.3090909090909,488.59090909090907,4613.0,4358,5,6300.0,0.9447214394103621,10992.0,3.6790909090909087,11.0,92.93363636363637,34.36363636363637,1.0007278020378456,exp_images/audio\ENGLISH\p_woa_tabla.wav,IMG_11_E_PNA,exp_images/images/child_play_tabla.jpg,IMG_11,exp_images/sentences/noagent_child_tabla.jpg,STIM_101,stimuli_list_subj_3_a.csv,PNA,passive_dropped_agent,non_agent_first,agent_dropped,1.0,1.0,5813.0,4451.0,635.8571428571429,7.0,884.8714285714287,461.2285714285714,4684.0,4145,5,1086.0,0.8849274124679761,5813.0,5.207142857142856,7.0,111.66857142857144,44.0,1.2041974883880957,participant_image,5179.0,-93.0,-239.6753246753247,4.0,-35.56233766233788,27.362337662337666,-71.0,213,0,5214.0,0.059794026942386,5179.0,-1.5280519480519477,4.0,-18.734935064935073,-9.636363636363633,-0.2034696863502501,1.5280519480519477,-0.5356835130664015,0.013680066475958088,1.1222312529765295,0.371029663312203,1.0122441963489437,0.3967003332094466
edf27,31,Punjabi,sentence_audio,active,10859.0,4577.0,762.8333333333335,6.0,898.8666666666667,331.5833333333333,4759.0,4759,4,5890.0,1.0,10859.0,3.4614285714285717,7.0,85.46285714285716,38.57142857142857,0.644626577032876,exp_images/audio\PUNJABI\picture.wav,IMG_07_P_ACT,exp_images/images/artiste_drew_picture.jpg,IMG_07,exp_images/sentences/Painting.jpg,STIM_07,stimuli_list_subj_3_a.csv,ACT,active,agent_first,agent_overt,0.0,,6057.0,4455.0,405.0,11.0,888.6909090909088,310.46363636363634,4700.0,3916,7,1065.0,0.8331914893617022,6057.0,1.9545454545454544,11.0,66.79272727272728,26.54545454545455,1.816080567937923,participant_image,4802.0,122.0,357.8333333333335,-5.0,10.17575757575787,21.119696969696975,59.0,843,-3,4825.0,0.16680851063829782,4802.0,1.5068831168831174,-4.0,18.670129870129884,12.025974025974019,-1.171453990905047,-1.5068831168831174,0.6944225432881147,0.4732883092818473,-0.9307322991845375,1.1632608364348225,-1.0618793012040615,0.0676720177232371
edf27,32,Punjabi,sentence_audio,active,10697.0,4156.0,519.5,8.0,882.3375,362.75,4289.0,4191,2,5705.0,0.9771508510142224,10697.0,1.9211111111111108,9.0,78.88444444444445,80.44444444444444,0.8413573899224083,exp_images/audio\PUNJABI\cake.wav,IMG_15_P_ACT,exp_images/images/girl_baked_cake.jpg,IMG_15,exp_images/sentences/Cake.jpg,STIM_15,stimuli_list_subj_3_a.csv,ACT,active,agent_first,agent_overt,0.0,,5997.0,4191.0,598.7142857142858,7.0,875.0571428571429,463.8428571428572,4461.0,3130,3,1292.0,0.7016364043936337,5997.0,2.0357142857142856,7.0,157.74428571428572,76.0,1.167250291812573,participant_image,4700.0,-35.0,-79.21428571428578,1.0,7.280357142857042,-101.09285714285721,-172.0,1061,-1,4413.0,0.27551444662058866,4700.0,-0.11460317460317482,2.0,-78.85984126984127,4.444444444444443,-0.3258929018901646,0.11460317460317482,-0.20533834870888057,0.13766740639568634,0.4379100689228405,1.437397972531221,0.04627054258963353,0.3707815283461001
edf27,33,Punjabi,sentence_audio,active,10548.0,4102.0,372.9090909090909,11.0,1074.8090909090906,385.990909090909,4304.0,3914,4,5788.0,0.9093866171003716,10548.0,3.0508333333333333,12.0,92.67916666666667,58.83333333333334,1.1376564277588168,exp_images/audio\PUNJABI\window.wav,IMG_02_P_ACT,exp_images/images/girl_opened_window.jpg,IMG_02,exp_images/sentences/Window.jpg,STIM_02,stimuli_list_subj_3_a.csv,ACT,active,agent_first,agent_overt,0.0,,6133.0,4033.0,504.125,8.0,954.025,451.6625,4286.0,4033,4,1426.0,0.9409706019598694,6133.0,2.76,8.0,206.4375,88.25,1.3044187184086091,participant_image,4415.0,69.0,-131.21590909090912,3.0,120.78409090909065,-65.67159090909104,18.0,-119,0,4362.0,-0.03158398485949776,4415.0,0.2908333333333335,4.0,-113.75833333333333,-29.416666666666657,-0.1667622906497923,-0.2908333333333335,-0.3123953946587052,0.3599895331483025,0.8941241916252998,-0.04646358982543136,-0.23081129602787237,0.1328886888523187
edf27,34,Punjabi,sentence_audio,passive,10388.0,4372.0,624.5714285714286,7.0,917.3285714285713,651.6142857142858,4601.0,1392,5,5656.0,0.3025429254509889,10388.0,3.5071428571428567,7.0,107.34857142857143,56.0,0.6738544474393531,exp_images/audio\PUNJABI\p_fed.wav,IMG_16_P_PWA,exp_images/images/girl_fed_dog.jpg,IMG_16,exp_images/sentences/Fed-dog-passive.jpg,STIM_34,stimuli_list_subj_3_a.csv,PWA,passive_with_agent,non_agent_first,agent_overt,1.0,0.0,6124.0,4452.0,556.5,8.0,877.4375,617.6625,4668.0,3980,5,1376.0,0.8526135389888603,6124.0,3.6088888888888895,9.0,88.4922222222222,38.0,1.4696276943174396,participant_image,4264.0,-80.0,68.07142857142856,-1.0,39.89107142857131,33.951785714285734,-67.0,-2588,0,4280.0,-0.5500706135378715,4264.0,-0.1017460317460328,-2.0,18.856349206349236,18.0,-0.7957732468780865,0.1017460317460328,0.09788244437748969,0.04147033232003511,-0.018304053779618773,-3.151255282586935,0.037483764111404506,-0.5985445591115249
edf27,35,Punjabi,sentence_audio,passive,10823.0,3809.0,190.45,20.0,1008.81,713.4849999999999,4039.0,3971,5,5830.0,0.9831641495419658,10823.0,2.0035,20.0,70.1895,47.7,1.8479164741753675,exp_images/audio\PUNJABI\p_veg.wav,IMG_18_P_PWA,exp_images/images/boy_cut_vegetables.jpg,IMG_18,exp_images/sentences/Veg-passive.jpg,STIM_36,stimuli_list_subj_3_a.csv,PWA,passive_with_agent,non_agent_first,agent_overt,1.0,0.0,5741.0,4621.0,577.625,8.0,923.7875,723.9499999999998,4756.0,4756,4,749.0,1.0,5741.0,3.26375,8.0,86.195,29.5,1.3934854554955582,participant_image,5082.0,-812.0,-387.175,12.0,85.02249999999992,-10.464999999999918,-717.0,-785,1,5081.0,-0.01683585045803415,5082.0,-1.26025,12.0,-16.005499999999998,18.200000000000003,0.4544310186798093,1.26025,-0.8393447931086042,-1.5233354059772248,2.9470877437863665,-0.8839651156979147,0.8292240324045471,0.10593329228143403
edf27,36,Punjabi,sentence_audio,passive,10427.0,3421.0,488.71428571428567,7.0,877.257142857143,392.1714285714285,4300.0,4300,3,5435.0,1.0,10427.0,2.044285714285714,7.0,82.14857142857143,98.85714285714286,0.6713340366356575,exp_images/audio\PUNJABI\p_vase.wav,IMG_08_P_PWA,exp_images/images/boy_broke_vase.jpg,IMG_08,exp_images/sentences/Vase-passive.jpg,STIM_26,stimuli_list_subj_3_a.csv,PWA,passive_with_agent,non_agent_first,agent_overt,1.0,0.0,5801.0,4333.0,481.4444444444445,9.0,909.3555555555556,488.4444444444445,4741.0,4741,4,808.0,1.0,5801.0,2.1166666666666663,9.0,67.05000000000001,28.0,1.5514566454059644,participant_image,4626.0,-912.0,7.269841269841152,-2.0,-32.09841269841263,-96.27301587301599,-441.0,-441,-1,4627.0,0.0,4626.0,-0.07238095238095221,-2.0,15.098571428571418,70.85714285714286,-0.8801226087703069,0.07238095238095221,-0.027291307957604916,-1.7371066817008942,-0.24641111513084843,-0.45138174497699235,0.017415195982113843,-0.48895513075684516
edf28,19,English,sentence_audio,active,10931.0,3861.0,351.0,11.0,969.2272727272727,534.8909090909091,4312.0,3724,4,6656.0,0.8636363636363636,10931.0,2.2618181818181817,11.0,160.37727272727273,61.63636363636363,1.006312322751807,exp_images/audio\ENGLISH\letter.wav,IMG_17_E_ACT,exp_images/images/women_read_letter.jpg,IMG_17,exp_images/sentences/active_women_letter.jpg,STIM_71,stimuli_list_subj_4_a.csv,ACT,active,agent_first,agent_overt,0.0,,5747.0,3583.0,298.5833333333333,12.0,1023.6416666666668,439.23333333333335,4020.0,4020,1,755.0,1.0,5747.0,1.261666666666667,12.0,115.39083333333332,81.0,2.088045937010614,participant_image,5184.0,278.0,52.416666666666686,-1.0,-54.41439393939402,95.65757575757573,292.0,-296,3,5901.0,-0.13636363636363635,5184.0,1.0001515151515148,-1.0,44.986439393939406,-19.363636363636367,-1.0817336142588072,-1.0001515151515148,0.06565359351194039,0.8067714994107715,-0.018304053779618773,-0.26904282417892916,-0.7155707642447459,-0.02609850985611637
edf28,20,English,sentence_audio,active,10569.0,4163.0,346.91666666666674,12.0,958.3583333333336,564.6499999999999,4462.0,4462,4,5577.0,1.0,10569.0,1.6658333333333333,12.0,136.48,44.16666666666666,1.1353959693443088,exp_images/audio\ENGLISH\bucket.wav,IMG_09_E_ACT,exp_images/images/boy_filled_bucket.jpg,IMG_09,exp_images/sentences/active_boy_bucket.jpg,STIM_63,stimuli_list_subj_4_a.csv,ACT,active,agent_first,agent_overt,0.0,,5867.0,4490.0,561.25,8.0,928.3125,426.2625000000001,4529.0,4320,3,942.0,0.9538529476705676,5867.0,2.855555555555556,9.0,326.63666666666666,53.555555555555564,1.534003749786944,participant_image,4702.0,-327.0,-214.33333333333326,4.0,30.045833333333576,138.38749999999976,-67.0,142,1,4635.0,0.04614705232943239,4702.0,-1.1897222222222228,3.0,-190.15666666666667,-9.388888888888907,-0.39860778044263534,1.1897222222222228,-0.4835113200579185,-0.4865447187174282,1.1222312529765295,0.28174646761108235,0.7810242133015923,0.24298917902277148
edf28,21,English,sentence_audio,active,10286.0,4432.0,443.2,10.0,947.91,557.1200000000001,4687.0,4363,4,5293.0,0.930872626413484,10286.0,2.5740000000000003,10.0,74.73499999999999,30.6,0.9721952167995334,exp_images/audio\ENGLISH\clothes.wav,IMG_06_E_ACT,exp_images/images/women_fold_clothes.jpg,IMG_06,exp_images/sentences/active_woman_clothes.jpg,STIM_60,stimuli_list_subj_4_a.csv,ACT,active,agent_first,agent_overt,0.0,,5737.0,3818.0,347.09090909090907,11.0,961.118181818182,450.6363636363636,4305.0,2968,5,1254.0,0.6894308943089431,5737.0,3.8675,12.0,216.01166666666668,58.83333333333334,2.0916855499389926,participant_image,4549.0,614.0,96.10909090909092,-1.0,-13.208181818182084,106.48363636363649,382.0,1395,-1,4039.0,0.2414417321045409,4549.0,-1.2934999999999999,-2.0,-141.2766666666667,-28.23333333333334,-1.1194903331394592,1.2934999999999999,0.15560428285682706,1.5250429858423005,-0.018304053779618773,1.8574062452660698,0.8519476178579685,0.8743394156087094
edf28,22,English,sentence_audio,passive,10573.0,4343.0,620.4285714285714,7.0,999.1,491.58571428571435,4606.0,4606,1,5581.0,1.0,10573.0,1.1871428571428573,7.0,113.75142857142859,55.14285714285714,0.6620637472808096,exp_images/audio\ENGLISH\p_door.wav,IMG_10_E_PWA,exp_images/images/boy_opened_door.jpg,IMG_10,exp_images/sentences/passive_boy_door.jpg,STIM_82,stimuli_list_subj_4_a.csv,PWA,passive_with_agent,non_agent_first,agent_overt,1.0,0.0,5697.0,3739.0,311.5833333333333,12.0,961.5583333333333,403.31666666666666,3983.0,3247,6,704.0,0.8152146623148381,5697.0,1.3358333333333332,12.0,241.61166666666668,84.16666666666667,2.10637177461822,participant_image,4876.0,604.0,308.84523809523813,-5.0,37.54166666666674,88.26904761904768,623.0,1359,-5,4877.0,0.18478533768516192,4876.0,-0.14869047619047593,-5.0,-127.86023809523809,-29.023809523809533,-1.4443080273374105,0.14869047619047593,0.5935695232791902,1.5036658582699336,-0.9307322991845375,1.8121358925162059,0.06956635343160612,0.6096410656624797
edf28,23,English,sentence_audio,passive,10539.0,4580.0,572.5,8.0,700.8625,559.575,4785.0,4785,2,5547.0,1.0,10539.0,1.3655555555555556,9.0,54.97333333333333,24.222222222222218,0.8539709649871905,exp_images/audio\ENGLISH\p_lamp.wav,IMG_01_E_PWA,exp_images/images/girl_lighted_lamp.jpg,IMG_01,exp_images/sentences/passive_girl_lamp.jpg,STIM_73,stimuli_list_subj_4_a.csv,PWA,passive_with_agent,non_agent_first,agent_overt,1.0,0.0,5645.0,3831.0,225.35294117647058,17.0,889.0294117647059,431.92941176470595,3877.0,3877,5,652.0,1.0,5645.0,2.4670588235294115,17.0,153.92647058823528,65.64705882352939,3.0115146147032776,participant_image,4894.0,749.0,347.1470588235294,-9.0,-188.1669117647059,127.6455882352941,908.0,908,-3,4895.0,0.0,4894.0,-1.101503267973856,-8.0,-98.95313725490195,-41.42483660130718,-2.157543649716087,1.101503267973856,0.6724224420039148,1.8136342080692542,-1.843160544589456,1.244998973344299,0.7207339593023667,0.5217258076260757
edf28,24,English,sentence_audio,passive,10346.0,3932.0,280.85714285714283,14.0,1014.9214285714287,393.38571428571424,4124.0,4124,2,5354.0,1.0,10346.0,1.8457142857142856,14.0,102.67499999999998,62.0,1.3531799729364005,exp_images/audio\ENGLISH\p_scooter.wav,IMG_14_E_PWA,exp_images/images/driver_wash_scooter.jpg,IMG_14,exp_images/sentences/passive_driver_scooter.jpg,STIM_86,stimuli_list_subj_4_a.csv,PWA,passive_with_agent,non_agent_first,agent_overt,1.0,0.0,5911.0,3612.0,225.75,16.0,942.9,420.43750000000006,3856.0,3856,7,918.0,1.0,5911.0,2.6952941176470584,17.0,98.38411764705882,68.0,2.875993909659956,participant_image,4435.0,320.0,55.10714285714283,-2.0,72.02142857142871,-27.051785714285813,268.0,268,-5,4436.0,0.0,4435.0,-0.8495798319327728,-3.0,4.290882352941168,-6.0,-1.5228139367235556,0.8495798319327728,0.07119254430708415,0.8965554352147126,-0.24641111513084843,0.4401927022356063,0.5485654261715658,0.3420189985596241
edf28,25,English,sentence_audio,passive_dropped_agent,11141.0,4443.0,370.25,12.0,991.5333333333334,371.3833333333334,4662.0,4662,7,6149.0,1.0,11141.0,1.8125,12.0,64.42083333333333,27.5,1.0771025940220806,exp_images/audio\ENGLISH\p_woa_box.wav,IMG_05_E_PNA,exp_images/images/man_pushed_box.jpg,IMG_05,exp_images/sentences/noagent_man_box.jpg,STIM_95,stimuli_list_subj_4_a.csv,PNA,passive_dropped_agent,non_agent_first,agent_dropped,1.0,1.0,5657.0,4259.0,425.9,10.0,1052.6799999999996,373.99,4485.0,4051,6,664.0,0.9032329988851728,5657.0,2.365,10.0,144.94899999999998,50.8,1.7677214071062402,participant_image,5484.0,184.0,-55.64999999999998,2.0,-61.14666666666619,-2.6066666666666265,177.0,611,1,5485.0,0.09676700111482717,5484.0,-0.5525000000000002,2.0,-80.52816666666665,-23.299999999999997,-0.6906188130841595,0.5525000000000002,-0.1568259628508816,0.6058265002305223,0.6660171302740702,0.8715185631579213,0.3455362848960028,0.466414503141527
edf28,26,English,sentence_audio,passive_dropped_agent,10197.0,4434.0,443.4,10.0,668.6400000000001,697.2499999999999,4666.0,4666,2,5204.0,1.0,10197.0,2.4172727272727275,11.0,76.85909090909091,31.45454545454545,1.0787486515641855,exp_images/audio\ENGLISH\p_woa_sapling.wav,IMG_03_E_PNA,exp_images/images/girl_plant_tree.jpg,IMG_03,exp_images/sentences/noagent_girl_sapling.jpg,STIM_93,stimuli_list_subj_4_a.csv,PNA,passive_dropped_agent,non_agent_first,agent_dropped,1.0,1.0,5674.0,3866.0,297.38461538461536,13.0,864.1769230769229,517.4538461538461,4446.0,4446,7,682.0,1.0,5674.0,3.5815384615384613,13.0,85.09076923076921,42.0,2.2911526260133943,participant_image,4523.0,568.0,146.01538461538462,-3.0,-195.5369230769228,179.79615384615374,220.0,220,-5,4522.0,0.0,4523.0,-1.1642657342657339,-2.0,-8.231678321678302,-10.54545454545455,-1.2124039744492088,1.1642657342657339,0.2583476210754167,1.4267081990094126,-0.4745181764820781,0.37983223190245435,0.7636268394843511,0.4707993429979114
edf28,27,English,sentence_audio,passive_dropped_agent,10169.0,4369.0,364.08333333333326,12.0,976.3083333333333,436.10833333333335,4612.0,4612,4,5177.0,1.0,10169.0,2.6641666666666666,12.0,82.66,31.66666666666667,1.1800570360900775,exp_images/audio\ENGLISH\p_woa_shrub.wav,IMG_04_E_PNA,exp_images/images/man_cut_shrub.jpg,IMG_04,exp_images/sentences/noagent_man_shrub.jpg,STIM_94,stimuli_list_subj_4_a.csv,PNA,passive_dropped_agent,non_agent_first,agent_dropped,1.0,1.0,5816.0,4414.0,367.83333333333326,12.0,811.7083333333335,573.4833333333332,4687.0,4687,2,825.0,1.0,5816.0,1.5708333333333335,12.0,58.93416666666667,25.33333333333333,2.0632737276478683,participant_image,4353.0,-45.0,-3.75,0.0,164.5999999999998,-137.3749999999999,-75.0,-75,2,4352.0,0.0,4353.0,1.093333333333333,0.0,23.725833333333327,6.333333333333343,-0.8832166915577908,-1.093333333333333,-0.049978131494646645,0.1162902788233194,0.20980300757161088,0.008866841313291258,-0.7792527193773695,-0.09885414463275893
edf28,28,Punjabi,sentence_audio,active,11133.0,2968.0,156.21052631578948,19.0,938.1210526315787,615.742105263158,3119.0,1951,5,6141.0,0.6255210003206155,11133.0,2.3605,20.0,83.3835,94.6,1.7964609718853861,exp_images/audio\PUNJABI\dug.wav,IMG_13_P_ACT,exp_images/images/dog_dug_hole.jpg,IMG_13,exp_images/sentences/Dog-dug.jpg,STIM_13,stimuli_list_subj_4_a.csv,ACT,active,agent_first,agent_overt,0.0,,5814.0,3360.0,140.0,24.0,1036.445833333333,664.7291666666666,3551.0,847,4,821.0,0.2385243593353985,5814.0,2.297916666666667,24.0,131.07708333333332,60.08333333333334,4.12796697626419,participant_image,5319.0,-392.0,16.21052631578948,-5.0,-98.32478070175432,-48.98706140350862,-432.0,1104,1,5320.0,0.386996640985217,5319.0,0.06258333333333299,-4.0,-47.69358333333332,34.51666666666665,-2.331506004378804,-0.06258333333333299,-0.008884895472080849,-0.6254960479378133,-0.9307322991845375,1.4914708938713361,-0.07482157032130153,-0.02969278380887941
edf28,29,Punjabi,sentence_audio,active,10897.0,4162.0,260.125,16.0,952.79375,442.275,4179.0,3199,8,5905.0,0.7654941373534339,10897.0,3.962352941176471,17.0,98.51176470588234,48.941176470588225,1.5600624024960998,exp_images/audio\PUNJABI\frisbee.wav,IMG_12_P_ACT,exp_images/images/child_throw_frisbee.jpg,IMG_12,exp_images/sentences/Frisbee.jpg,STIM_12,stimuli_list_subj_4_a.csv,ACT,active,agent_first,agent_overt,0.0,,6013.0,4067.0,369.7272727272728,11.0,1020.6272727272728,364.20909090909083,4346.0,3735,3,1344.0,0.859410952600092,6013.0,3.4318181818181817,11.0,87.1490909090909,58.72727272727273,1.8293696989855317,participant_image,4884.0,95.0,-109.6022727272728,5.0,-67.8335227272728,78.06590909090914,-167.0,-536,5,4561.0,-0.09391681524665818,4884.0,0.5305347593582894,6.0,11.36267379679144,-9.786096256684502,-0.26930729648943186,-0.5305347593582894,-0.26789885953005776,0.41557006483645653,1.3503383143277592,-0.570845175844689,-0.39462711069208556,0.10650744661947671
edf28,30,Punjabi,sentence_audio,active,11172.0,4422.0,402.0,11.0,863.5454545454547,535.7727272727271,4644.0,3778,4,6432.0,0.8135228251507322,11172.0,2.411666666666666,12.0,75.5525,30.0,1.074113856068743,exp_images/audio\PUNJABI\tabla.wav,IMG_11_P_ACT,exp_images/images/child_play_tabla.jpg,IMG_11,exp_images/sentences/Tabla.jpg,STIM_11,stimuli_list_subj_4_a.csv,ACT,active,agent_first,agent_overt,0.0,,5850.0,3838.0,348.90909090909093,11.0,846.5272727272728,463.5,3926.0,2352,6,1404.0,0.5990830361691288,5850.0,3.5845454545454536,11.0,195.0018181818182,96.9090909090909,1.8803418803418803,participant_image,5322.0,584.0,53.090909090909065,0.0,17.018181818181915,72.27272727272714,718.0,1426,-2,5028.0,0.21443978898160332,5322.0,-1.1728787878787874,1.0,-119.44931818181821,-66.9090909090909,-0.8062280242731372,1.1728787878787874,0.06704167329688585,1.4609116031251996,0.20980300757161088,1.8963890490228972,0.7695131390269412,0.880731694408707
edf28,31,Punjabi,sentence_audio,passive,10175.0,3901.0,216.72222222222226,18.0,1004.422222222222,431.6555555555555,3995.0,3737,4,5516.0,0.9354192740926156,10175.0,2.5163157894736843,19.0,114.50526315789473,59.89473684210525,1.8673218673218672,exp_images/audio\PUNJABI\p_picture.wav,IMG_07_P_PWA,exp_images/images/artiste_drew_picture.jpg,IMG_07,exp_images/sentences/Painting-passive.jpg,STIM_25,stimuli_list_subj_4_a.csv,PWA,passive_with_agent,non_agent_first,agent_overt,1.0,0.0,5847.0,4281.0,285.4,15.0,987.0666666666667,370.7066666666667,4487.0,4305,5,852.0,0.9594383775351014,5847.0,3.277333333333333,15.0,89.75733333333332,33.86666666666667,2.5654181631605955,participant_image,4328.0,-380.0,-68.67777777777772,3.0,17.35555555555527,60.9488888888888,-492.0,-568,-1,4664.0,-0.024019103442485812,4328.0,-0.7610175438596487,4.0,24.74792982456141,26.028070175438586,-0.6980962958387282,0.7610175438596487,-0.18364657562441727,-0.599843494850973,0.8941241916252998,-0.6110854894001235,0.4880405323075005,-0.0024821671885426944
edf28,32,Punjabi,sentence_audio,passive,10571.0,4133.0,375.7272727272728,11.0,963.9636363636363,457.80909090909097,4406.0,4055,5,5876.0,0.9203359055832956,10571.0,1.8127272727272727,11.0,123.62454545454548,53.27272727272727,1.0405827263267429,exp_images/audio\PUNJABI\p_cake.wav,IMG_15_P_PWA,exp_images/images/girl_baked_cake.jpg,IMG_15,exp_images/sentences/Cake-passive.jpg,STIM_33,stimuli_list_subj_4_a.csv,PWA,passive_with_agent,non_agent_first,agent_overt,1.0,0.0,5675.0,4099.0,455.4444444444445,9.0,917.8777777777775,484.5666666666667,4632.0,4050,5,683.0,0.8743523316062176,5675.0,1.653333333333333,9.0,173.1266666666667,40.0,1.5859030837004406,participant_image,4896.0,34.0,-79.71717171717171,2.0,46.08585858585877,-26.75757575757575,-226.0,5,0,5193.0,0.045983573977077974,4896.0,0.15939393939393964,2.0,-49.50212121212121,13.272727272727273,-0.5453203573736978,-0.15939393939393964,-0.20637365273253697,0.28516958664501824,0.6660171302740702,0.10946762520187785,-0.14098349752778952,0.14265943837212797
edf28,33,Punjabi,sentence_audio,passive,11091.0,3816.0,272.57142857142856,14.0,1216.5714285714287,386.63571428571436,4224.0,2870,7,6532.0,0.6794507575757576,11091.0,2.8393333333333333,15.0,132.186,52.53333333333333,1.352447930754666,exp_images/audio\PUNJABI\p_window.wav,IMG_02_P_PWA,exp_images/images/girl_opened_window.jpg,IMG_02,exp_images/sentences/Window-passive.jpg,STIM_20,stimuli_list_subj_4_a.csv,PWA,passive_with_agent,non_agent_first,agent_overt,1.0,0.0,5889.0,3831.0,255.4,15.0,1030.0,357.41333333333336,4049.0,3775,11,896.0,0.932328970116078,5889.0,3.114,15.0,141.14399999999995,62.93333333333333,2.5471217524197654,participant_image,5202.0,-15.0,17.17142857142855,-1.0,186.57142857142867,29.222380952381002,175.0,-905,-4,5636.0,-0.2528782125403204,5202.0,-0.2746666666666666,0.0,-8.957999999999942,-10.399999999999999,-1.1946738216650994,0.2746666666666666,-0.006906661904444064,0.1804216615404202,-0.018304053779618773,-1.0348662915307945,0.15566051070625964,-0.1447989669936355
edf28,34,Punjabi,sentence_audio,passive_dropped_agent,10452.0,4536.0,504.0,9.0,931.3555555555556,691.2444444444444,4746.0,4268,2,5460.0,0.8992836072482091,10452.0,1.346666666666667,9.0,63.53555555555555,27.33333333333333,0.8610792192881745,exp_images/audio\PUNJABI\p_woa_fed.wav,IMG_16_P_PNA,exp_images/images/girl_fed_dog.jpg,IMG_16,exp_images/sentences/Fed-dog-woa.jpg,STIM_52,stimuli_list_subj_4_a.csv,PNA,passive_dropped_agent,non_agent_first,agent_dropped,1.0,1.0,6051.0,4355.0,362.91666666666674,12.0,926.4083333333333,681.3916666666668,4531.0,2923,5,1214.0,0.6451114544250717,6051.0,1.649230769230769,13.0,122.84846153846155,44.153846153846146,2.1484052222773093,participant_image,4401.0,181.0,141.08333333333326,-3.0,4.947222222222308,9.852777777777646,215.0,1345,-3,4246.0,0.25417215282313743,4401.0,-0.30256410256410216,-4.0,-59.312905982906,-16.820512820512818,-1.287326002989135,0.30256410256410216,0.24819388343331789,0.5994133619588122,-0.4745181764820781,1.7945307553357033,0.17472606765503335,0.4684691783801577
edf28,35,Punjabi,sentence_audio,passive_dropped_agent,10535.0,3425.0,137.0,25.0,842.4680000000003,582.9519999999999,3609.0,2335,4,5788.0,0.6469936270435024,10535.0,1.5352,25.0,73.2428,55.28,2.3730422401518747,exp_images/audio\PUNJABI\p_woa_veg.wav,IMG_18_P_PNA,exp_images/images/boy_cut_vegetables.jpg,IMG_18,exp_images/sentences/Veg-woa.jpg,STIM_54,stimuli_list_subj_4_a.csv,PNA,passive_dropped_agent,non_agent_first,agent_dropped,1.0,1.0,5787.0,3049.0,179.3529411764706,17.0,941.7352941176473,538.6235294117648,3313.0,2944,8,1182.0,0.8886205855719891,5787.0,2.998333333333333,18.0,117.67777777777776,97.66666666666669,3.1104199066874028,participant_image,4748.0,376.0,-42.35294117647061,8.0,-99.267294117647,44.328470588235064,296.0,-609,-4,4606.0,-0.2416269585284867,4748.0,-1.4631333333333332,7.0,-44.43497777777776,-42.386666666666684,-0.737377666535528,1.4631333333333332,-0.12945097443642298,1.0162673496199675,2.034659498381448,-0.6626433911430242,0.9678777696098103,0.6453420504063557
edf28,36,Punjabi,sentence_audio,passive_dropped_agent,10536.0,4312.0,253.64705882352942,17.0,847.6176470588236,531.9,4436.0,3902,5,5544.0,0.8796212804328224,10536.0,1.9516666666666664,18.0,71.21222222222222,31.88888888888889,1.7084282460136675,exp_images/audio\PUNJABI\p_woa_vase.wav,IMG_08_P_PNA,exp_images/images/boy_broke_vase.jpg,IMG_08,exp_images/sentences/Vase-woa.jpg,STIM_44,stimuli_list_subj_4_a.csv,PNA,passive_dropped_agent,non_agent_first,agent_dropped,1.0,1.0,5710.0,4106.0,342.1666666666667,12.0,967.3333333333335,509.275,4391.0,4391,3,717.0,1.0,5710.0,1.0725,12.0,113.08416666666666,50.16666666666666,2.1015761821366024,participant_image,4826.0,206.0,-88.51960784313727,5.0,-119.71568627450984,22.625,45.0,-489,2,4827.0,-0.1203787195671776,4826.0,0.8791666666666664,6.0,-41.87194444444444,-18.277777777777768,-0.39314793612293486,-0.8791666666666664,-0.22449544869999744,0.6528561808897295,1.3503383143277592,-0.5117422153101443,-0.6328877704668598,0.12681381214809742
edf29,19,English,sentence_audio,passive,10694.0,4244.0,424.4,10.0,1047.28,506.08,4425.0,4425,4,5701.0,1.0,10694.0,2.389,10.0,92.918,56.8,0.9351037965214138,exp_images/audio\ENGLISH\p_letter.wav,IMG_17_E_PWA,exp_images/images/women_read_letter.jpg,IMG_17,exp_images/sentences/passive_women_letter.jpg,STIM_89,stimuli_list_subj_5_a.csv,PWA,passive_with_agent,non_agent_first,agent_overt,1.0,0.0,5761.0,4365.0,436.5,10.0,1061.23,544.3999999999999,4573.0,4573,4,890.0,1.0,5761.0,2.4681818181818183,11.0,100.26818181818182,39.09090909090909,1.9093907307759068,participant_image,4933.0,-121.0,-12.100000000000023,0.0,-13.950000000000045,-38.31999999999988,-148.0,-148,0,4811.0,0.0,4933.0,-0.07918181818181846,-1.0,-7.3501818181818095,17.709090909090904,-0.974286934254493,0.07918181818181846,-0.06716848586506215,-0.04617589072666934,0.20980300757161088,-0.08293137398504401,0.022063017190632233,0.007118054837093523
edf29,20,English,sentence_audio,passive,10774.0,4456.0,342.76923076923083,13.0,1012.6461538461538,490.4846153846153,4647.0,4647,3,5781.0,1.0,10774.0,1.9730769230769232,13.0,67.60769230769232,26.615384615384613,1.2066085019491368,exp_images/audio\ENGLISH\p_bucket.wav,IMG_09_E_PWA,exp_images/images/boy_filled_bucket.jpg,IMG_09,exp_images/sentences/passive_boy_bucket.jpg,STIM_81,stimuli_list_subj_5_a.csv,PWA,passive_with_agent,non_agent_first,agent_overt,1.0,0.0,5768.0,4396.0,399.6363636363636,11.0,1012.9545454545456,516.6636363636363,4648.0,4648,3,776.0,1.0,5768.0,2.4654545454545453,11.0,74.04454545454547,31.272727272727273,1.9070735090152569,participant_image,5006.0,60.0,-56.867132867132796,2.0,-0.3083916083918439,-26.179020979021004,-1.0,-1,0,5005.0,0.0,5006.0,-0.49237762237762217,2.0,-6.436853146853153,-4.65734265734266,-0.70046500706612,0.49237762237762217,-0.1593317048032041,0.34075011833317226,0.6660171302740702,0.10192256641023385,0.3044476838263791,0.25076115880813027
edf29,21,English,sentence_audio,passive,10847.0,4600.0,1150.0,4.0,983.55,522.7,4802.0,4802,3,5854.0,1.0,10847.0,3.2920000000000003,5.0,78.21600000000002,40.4,0.4609569466211856,exp_images/audio\ENGLISH\p_clothes.wav,IMG_06_E_PWA,exp_images/images/women_fold_clothes.jpg,IMG_06,exp_images/sentences/passive_woman_clothes.jpg,STIM_78,stimuli_list_subj_5_a.csv,PWA,passive_with_agent,non_agent_first,agent_overt,1.0,0.0,5760.0,4410.0,441.0,10.0,985.49,536.72,4693.0,4281,3,767.0,0.9122096739825272,5760.0,2.1700000000000004,10.0,75.184,30.0,1.7361111111111112,participant_image,5087.0,190.0,709.0,-6.0,-1.9400000000000546,-14.019999999999982,109.0,521,0,5087.0,0.08779032601747283,5087.0,1.1219999999999999,-5.0,3.032000000000025,10.399999999999999,-1.2751541644899256,-1.1219999999999999,1.4173781652135709,0.6186527767739425,-1.1588393605357672,0.7583426812832613,-0.7988439810214223,0.167338056342717
edf29,22,English,sentence_audio,passive_dropped_agent,10652.0,4284.0,476.0,9.0,964.311111111111,412.6111111111112,4493.0,4493,4,5659.0,1.0,10652.0,1.85,9.0,97.59333333333332,55.555555555555564,0.8449117536612843,exp_images/audio\ENGLISH\p_woa_door.wav,IMG_10_E_PNA,exp_images/images/boy_opened_door.jpg,IMG_10,exp_images/sentences/noagent_boy_door.jpg,STIM_100,stimuli_list_subj_5_a.csv,PNA,passive_dropped_agent,non_agent_first,agent_dropped,1.0,1.0,5776.0,4354.0,483.77777777777777,9.0,920.5111111111113,485.4333333333333,4675.0,4675,5,785.0,1.0,5776.0,2.738888888888889,9.0,78.02888888888889,35.111111111111114,1.558171745152355,participant_image,4876.0,-70.0,-7.7777777777777715,0.0,43.79999999999973,-72.82222222222208,-182.0,-182,-1,4874.0,0.0,4876.0,-0.8888888888888888,0.0,19.564444444444433,20.44444444444445,-0.7132599914910706,0.8888888888888888,-0.058270218599471124,0.06284745989240205,0.20980300757161088,-0.1256867071376933,0.5754298687230159,0.1328246820899729
edf29,23,English,sentence_audio,passive_dropped_agent,10929.0,4493.0,408.45454545454544,11.0,935.6636363636363,383.3,4698.0,4493,2,6176.0,0.9563644103873988,10929.0,1.8545454545454547,11.0,62.79909090909091,26.72727272727273,1.0064964772623295,exp_images/audio\ENGLISH\p_woa_lamp.wav,IMG_01_E_PNA,exp_images/images/girl_lighted_lamp.jpg,IMG_01,exp_images/sentences/noagent_girl_lamp.jpg,STIM_91,stimuli_list_subj_5_a.csv,PNA,passive_dropped_agent,non_agent_first,agent_dropped,1.0,1.0,5916.0,4374.0,364.5,12.0,974.8666666666667,526.8583333333332,4597.0,4211,5,923.0,0.9160321949097238,5916.0,2.7783333333333333,12.0,82.2516666666667,33.0,2.028397565922921,participant_image,5013.0,119.0,43.95454545454544,-1.0,-39.203030303030346,-143.55833333333322,101.0,282,-3,5253.0,0.04033221547767507,5013.0,-0.9237878787878786,-1.0,-19.452575757575786,-6.27272727272727,-1.0219010886605915,0.9237878787878786,0.04823241239076988,0.4668751710101372,-0.018304053779618773,0.45779783941610896,0.5992804004285134,0.31077635389318214
edf29,24,English,sentence_audio,passive_dropped_agent,10241.0,4265.0,355.41666666666674,12.0,919.0499999999997,552.7583333333333,4482.0,3457,4,5249.0,0.7713074520303436,10241.0,5.0675,12.0,112.87916666666666,42.5,1.1717605702568108,exp_images/audio\ENGLISH\p_woa_scooter.wav,IMG_14_E_PNA,exp_images/images/driver_wash_scooter.jpg,IMG_14,exp_images/sentences/noagent_driver_scooter.jpg,STIM_104,stimuli_list_subj_5_a.csv,PNA,passive_dropped_agent,non_agent_first,agent_dropped,1.0,1.0,5781.0,4165.0,277.6666666666667,15.0,942.5600000000003,557.4599999999998,4366.0,3987,4,787.0,0.91319285387082,5781.0,4.882666666666667,15.0,106.86,41.86666666666667,2.5947067981318117,participant_image,4460.0,100.0,77.75000000000006,-3.0,-23.51000000000056,-4.701666666666483,116.0,-530,0,4462.0,-0.1418854018404765,4460.0,0.18483333333333274,-3.0,6.0191666666666634,0.6333333333333329,-1.422946227875001,-0.18483333333333274,0.11780796206090553,0.42625862862264,-0.4745181764820781,-0.563300117053045,-0.1583691890184678,-0.13042417837400905
edf29,25,Punjabi,sentence_audio,active,10379.0,4443.0,370.25,12.0,930.7083333333335,457.85,4629.0,3253,4,5386.0,0.7027435731259452,10379.0,2.3233333333333333,12.0,71.64833333333333,30.33333333333333,1.1561807495905194,exp_images/audio\PUNJABI\box.wav,IMG_05_P_ACT,exp_images/images/man_pushed_box.jpg,IMG_05,exp_images/sentences/Pushed-box.jpg,STIM_05,stimuli_list_subj_5_a.csv,ACT,active,agent_first,agent_overt,0.0,,5676.0,4340.0,310.0,14.0,939.3857142857142,486.03571428571416,4535.0,2987,5,683.0,0.6586549062844542,5676.0,2.9857142857142853,14.0,80.39928571428571,32.714285714285715,2.466525722339676,participant_image,4703.0,103.0,60.25,-2.0,-8.677380952380759,-28.18571428571414,94.0,266,-1,4703.0,0.04408866684149093,4703.0,-0.6623809523809521,-2.0,-8.750952380952384,-2.3809523809523867,-1.3103449727491565,0.6623809523809521,0.0817802732606335,0.4326717668943501,-0.24641111513084843,0.43767768263839163,0.4206306972608721,0.22526986098467977
edf29,26,Punjabi,sentence_audio,active,10322.0,4466.0,496.22222222222223,9.0,826.0,560.8111111111111,4700.0,4700,5,5330.0,1.0,10322.0,3.3088888888888888,9.0,97.06666666666666,32.44444444444444,0.8719240457275722,exp_images/audio\PUNJABI\sapling.wav,IMG_03_P_ACT,exp_images/images/girl_plant_tree.jpg,IMG_03,exp_images/sentences/Sapling.jpg,STIM_03,stimuli_list_subj_5_a.csv,ACT,active,agent_first,agent_overt,0.0,,5849.0,4539.0,567.375,8.0,889.8499999999998,543.9875000000002,4741.0,3421,3,858.0,0.7215777262180975,5849.0,2.7425,8.0,81.99125000000002,31.25,1.367755171824243,participant_image,4473.0,-73.0,-71.15277777777777,1.0,-63.849999999999795,16.82361111111095,-41.0,1279,2,4472.0,0.27842227378190254,4473.0,0.5663888888888886,1.0,15.07541666666664,1.1944444444444429,-0.4958311260966709,-0.5663888888888886,-0.18874192018331298,0.056434321620691966,0.4379100689228405,1.7115351086276194,-0.419130400203262,0.31960143575691535
edf29,27,Punjabi,sentence_audio,active,10836.0,4312.0,308.0,14.0,908.5285714285714,489.6214285714286,4543.0,4543,5,5843.0,1.0,10836.0,2.8285714285714287,14.0,85.26357142857141,32.142857142857146,1.2919896640826871,exp_images/audio\PUNJABI\shrub.wav,IMG_04_P_ACT,exp_images/images/man_cut_shrub.jpg,IMG_04,exp_images/sentences/Shrub.jpg,STIM_04,stimuli_list_subj_5_a.csv,ACT,active,agent_first,agent_overt,0.0,,6072.0,4476.0,639.4285714285714,7.0,986.9142857142856,515.8285714285714,4719.0,4719,3,1079.0,1.0,6072.0,3.5028571428571427,7.0,90.06999999999998,39.142857142857146,1.152832674571805,participant_image,4764.0,-164.0,-331.42857142857144,7.0,-78.38571428571424,-26.2071428571428,-176.0,-176,2,4764.0,0.0,4764.0,-0.6742857142857139,7.0,-4.806428571428569,-7.0,0.13915698951088218,0.6742857142857139,-0.7245782228058606,-0.13809753928784718,1.8065524370302184,-0.1181416483460493,0.4287666032592328,0.25090032596993883
edf29,28,Punjabi,sentence_audio,passive,10906.0,4514.0,376.16666666666674,12.0,940.7333333333332,711.0666666666666,4649.0,4215,3,5913.0,0.906646590664659,10906.0,2.3625,12.0,74.27416666666667,28.66666666666667,1.1003117549972492,exp_images/audio\PUNJABI\p_dug.wav,IMG_13_P_PWA,exp_images/images/dog_dug_hole.jpg,IMG_13,exp_images/sentences/Dog-dug-passive.jpg,STIM_31,stimuli_list_subj_5_a.csv,PWA,passive_with_agent,non_agent_first,agent_overt,1.0,0.0,5876.0,4446.0,404.1818181818182,11.0,1004.9181818181821,706.1727272727272,4637.0,4251,4,883.0,0.9167565236144058,5876.0,3.171818181818182,11.0,94.62818181818184,32.36363636363637,1.8720217835262083,participant_image,5030.0,68.0,-28.015151515151445,1.0,-64.18484848484889,4.893939393939377,12.0,-36,-1,5030.0,-0.010109932949746825,5030.0,-0.809318181818182,1.0,-20.35401515151517,-3.6969696969696955,-0.7717100285289591,0.809318181818182,-0.09993340735060795,0.35785182039106583,0.4379100689228405,0.05790972345897722,0.521049966115185,0.25495763430749213
edf29,29,Punjabi,sentence_audio,passive,10832.0,4444.0,404.0,11.0,977.3090909090907,449.0727272727272,4627.0,3455,4,5839.0,0.7467041279446726,10832.0,3.479090909090909,11.0,89.33909090909094,33.27272727272727,1.0155096011816838,exp_images/audio\PUNJABI\p_frisbee.wav,IMG_12_P_PWA,exp_images/images/child_throw_frisbee.jpg,IMG_12,exp_images/sentences/Frisbee-passive.jpg,STIM_30,stimuli_list_subj_5_a.csv,PWA,passive_with_agent,non_agent_first,agent_overt,1.0,0.0,5912.0,4328.0,288.53333333333336,15.0,1117.8133333333335,517.2066666666667,4507.0,3357,4,919.0,0.7448413578877302,5912.0,3.126666666666667,15.0,88.08066666666667,32.4,2.537212449255751,participant_image,4920.0,116.0,115.46666666666664,-4.0,-140.50424242424276,-68.1339393939395,120.0,98,0,4920.0,0.0018627700569423533,4920.0,0.3524242424242421,-4.0,1.2584242424242689,0.8727272727272748,-1.5217028480740673,-0.3524242424242421,0.19545620944663425,0.4604620327384271,-0.7026252378333078,0.22641603647235975,-0.27290351515211836,-0.018638894865601007
edf29,30,Punjabi,sentence_audio,passive,10432.0,4410.0,551.25,8.0,915.0875,599.725,4621.0,2508,2,5836.0,0.5427396667388011,10432.0,2.955,8.0,102.30666666666669,43.77777777777778,0.7668711656441718,exp_images/audio\PUNJABI\p_tabla.wav,IMG_11_P_PWA,exp_images/images/child_play_tabla.jpg,IMG_11,exp_images/sentences/Tabla-passive.jpg,STIM_29,stimuli_list_subj_5_a.csv,PWA,passive_with_agent,non_agent_first,agent_overt,1.0,0.0,5875.0,4359.0,363.25,12.0,942.6916666666666,622.2,4570.0,3135,3,1122.0,0.6859956236323851,5875.0,3.3491666666666657,12.0,83.22583333333333,35.333333333333336,2.042553191489361,participant_image,4557.0,51.0,188.0,-4.0,-27.60416666666663,-22.475000000000023,51.0,-627,-1,4714.0,-0.14325595689358395,4557.0,-0.39416666666666567,-4.0,19.08083333333336,8.444444444444443,-1.2756820258451893,0.39416666666666567,0.34478240150261846,0.321510703518042,-0.7026252378333078,-0.6852785675179561,0.23732873511780408,-0.09685639304255989
edf29,31,Punjabi,sentence_audio,passive_dropped_agent,10933.0,4113.0,274.2,15.0,928.3066666666667,455.58,4273.0,3743,3,6364.0,0.8759653639129418,10933.0,2.980625,16.0,118.63000000000002,48.375,1.4634592518064575,exp_images/audio\PUNJABI\p_woa_picture.wav,IMG_07_P_PNA,exp_images/images/artiste_drew_picture.jpg,IMG_07,exp_images/sentences/Painting-woa.jpg,STIM_43,stimuli_list_subj_5_a.csv,PNA,passive_dropped_agent,non_agent_first,agent_dropped,1.0,1.0,5734.0,4352.0,395.6363636363636,11.0,893.227272727273,489.14545454545464,4583.0,4373,5,761.0,0.9541784857080516,5734.0,3.8209090909090913,11.0,95.73727272727272,35.45454545454545,1.918381583536798,participant_image,5199.0,-239.0,-121.43636363636364,4.0,35.07939393939375,-33.56545454545466,-310.0,-630,-2,5603.0,-0.07821312179510986,5199.0,-0.8402840909090914,5.0,22.8927272727273,12.920454545454547,-0.4549223317303406,0.8402840909090914,-0.2922619992161636,-0.29842599608059917,1.1222312529765295,-0.6890510969137782,0.5422125670586485,0.07694094556492741
edf29,32,Punjabi,sentence_audio,passive_dropped_agent,10749.0,3680.0,368.0,10.0,936.59,493.27999999999986,3892.0,3392,4,6206.0,0.8715313463514902,10749.0,2.7550000000000003,12.0,163.8975,96.66666666666669,1.116382919341334,exp_images/audio\PUNJABI\p_woa_cake.wav,IMG_15_P_PNA,exp_images/images/girl_baked_cake.jpg,IMG_15,exp_images/sentences/Cake-woa.jpg,STIM_51,stimuli_list_subj_5_a.csv,PNA,passive_dropped_agent,non_agent_first,agent_dropped,1.0,1.0,5884.0,4458.0,445.8,10.0,934.7,530.43,4719.0,4719,3,891.0,1.0,5884.0,1.7790000000000004,10.0,63.86300000000002,27.4,1.6995241332426918,participant_image,4865.0,-778.0,-77.80000000000001,0.0,1.8899999999999864,-37.15000000000009,-827.0,-1327,1,5315.0,-0.1284686536485098,4865.0,0.976,2.0,100.03449999999998,69.26666666666668,-0.5831412139013579,-0.976,-0.2024267232466544,-1.4506531722311773,0.20980300757161088,-1.5655354265430887,-0.6990652298575263,-0.7415755088613671
edf29,33,Punjabi,sentence_audio,passive_dropped_agent,10557.0,4615.0,659.2857142857142,7.0,1098.3142857142857,390.31428571428575,4794.0,4794,4,5565.0,1.0,10557.0,2.3285714285714287,7.0,77.0214285714286,28.285714285714285,0.663067159230842,exp_images/audio\PUNJABI\p_woa_window.wav,IMG_02_P_PNA,exp_images/images/girl_opened_window.jpg,IMG_02,exp_images/sentences/Window-woa.jpg,STIM_38,stimuli_list_subj_5_a.csv,PNA,passive_dropped_agent,non_agent_first,agent_dropped,1.0,1.0,6092.0,4510.0,501.11111111111114,9.0,1055.8555555555556,428.13333333333327,4699.0,4510,4,1310.0,0.9597786763141094,6092.0,2.5133333333333336,9.0,78.0311111111111,32.666666666666664,1.4773473407747868,participant_image,4465.0,105.0,158.17460317460308,-2.0,42.45873015873008,-37.819047619047524,95.0,284,0,4255.0,0.0402213236858906,4465.0,-0.1847619047619049,-2.0,-1.009682539682501,-4.38095238095238,-0.8142801815439448,0.1847619047619049,0.28338010920718887,0.43694719240882346,-0.24641111513084843,0.4603128590133236,0.09421814860663945,0.20568943882102536
edf29,34,English,sentence_audio,active,10699.0,4483.0,560.375,8.0,908.1875,662.2,4720.0,3813,4,5974.0,0.8078389830508474,10699.0,2.4225000000000003,8.0,70.1,34.0,0.7477334330311244,exp_images/audio\ENGLISH\fed.wav,IMG_16_E_ACT,exp_images/images/girl_fed_dog.jpg,IMG_16,exp_images/sentences/active_girl_dog.jpg,STIM_70,stimuli_list_subj_5_a.csv,ACT,active,agent_first,agent_overt,0.0,,6083.0,4497.0,449.7,10.0,949.68,651.6300000000001,4659.0,2977,5,1286.0,0.638978321528225,6083.0,3.489,10.0,101.85600000000001,33.4,1.6439256945586058,participant_image,4616.0,-14.0,110.67500000000001,-2.0,-41.49249999999995,10.569999999999936,61.0,836,-1,4688.0,0.16886066152262247,4616.0,-1.0664999999999996,-2.0,-31.756000000000014,0.6000000000000014,-0.8961922615274814,1.0664999999999996,0.18559148513227416,0.1825593742976569,-0.24641111513084843,1.154458267844571,0.6968121622812257,0.39460203488497586
edf29,35,English,sentence_audio,active,10377.0,4427.0,442.7,10.0,968.59,588.3299999999998,4678.0,4284,4,5385.0,0.9157759726378796,10377.0,2.5650000000000004,10.0,72.78900000000002,31.4,0.963669654042594,exp_images/audio\ENGLISH\veg.wav,IMG_18_E_ACT,exp_images/images/boy_cut_vegetables.jpg,IMG_18,exp_images/sentences/active_boy_vegetables.jpg,STIM_72,stimuli_list_subj_5_a.csv,ACT,active,agent_first,agent_overt,0.0,,5679.0,4507.0,450.7,10.0,1008.1999999999997,597.13,4665.0,4665,3,686.0,1.0,5679.0,2.918,10.0,80.04499999999999,32.8,1.7608733932030287,participant_image,4698.0,-80.0,-8.0,0.0,-39.60999999999967,-8.800000000000182,13.0,-381,1,4699.0,-0.08422402736212042,4698.0,-0.35299999999999976,0.0,-7.255999999999972,-1.3999999999999986,-0.7972037391604347,0.35299999999999976,-0.05872771306042697,0.04147033232003511,0.20980300757161088,-0.3759311570605524,0.20919477217547316,0.005161848389227952
edf29,36,English,sentence_audio,active,10698.0,4308.0,359.0,12.0,879.5999999999998,419.93333333333334,4658.0,4418,6,5704.0,0.948475740661228,10698.0,2.0466666666666664,12.0,71.60666666666667,28.0,1.1217049915872126,exp_images/audio\ENGLISH\vase.wav,IMG_08_E_ACT,exp_images/images/boy_broke_vase.jpg,IMG_08,exp_images/sentences/active_boy_vase.jpg,STIM_62,stimuli_list_subj_5_a.csv,ACT,active,agent_first,agent_overt,0.0,,5994.0,4434.0,403.09090909090907,11.0,892.5363636363637,422.71818181818185,4662.0,4662,6,1002.0,1.0,5994.0,2.3227272727272728,11.0,77.29545454545456,30.0,1.8351685018351689,participant_image,4704.0,-126.0,-44.090909090909065,1.0,-12.936363636363922,-2.78484848484851,-4.0,-244,0,4702.0,-0.05152425933877203,4704.0,-0.27606060606060634,1.0,-5.688787878787892,-2.0,-0.7134635102479563,0.27606060606060634,-0.13302897256020849,-0.056864454512852804,0.4379100689228405,-0.20365231465134792,0.15661315133588607,0.040195495706863475
edf30,19,English,sentence_audio,passive_dropped_agent,10291.0,3933.0,327.75,12.0,986.2000000000003,460.40833333333336,4226.0,4226,2,5297.0,1.0,10291.0,1.2683333333333335,12.0,250.39,64.0,1.166067437566806,exp_images/audio\ENGLISH\p_woa_letter.wav,IMG_17_E_PNA,exp_images/images/women_read_letter.jpg,IMG_17,exp_images/sentences/noagent_women_letter.jpg,STIM_107,stimuli_list_subj_6_a.csv,PNA,passive_dropped_agent,non_agent_first,agent_dropped,1.0,1.0,6130.0,4136.0,827.2,5.0,970.2,388.62,4819.0,4819,1,1137.0,1.0,6130.0,0.922,5.0,58.742,34.8,0.8156606851549756,participant_image,4161.0,-203.0,-499.45000000000005,7.0,16.000000000000227,71.78833333333336,-593.0,-593,1,4160.0,0.0,4161.0,0.3463333333333335,7.0,191.648,29.200000000000003,0.3504067524118305,-0.3463333333333335,-1.0704881508257775,-0.22146833682007822,1.8065524370302184,-0.6425232343653069,-0.26874088979223015,-0.07933363495463489
edf30,20,English,sentence_audio,passive_dropped_agent,10685.0,4365.0,436.5,10.0,916.2899999999997,451.54,4633.0,4453,4,5692.0,0.9611482840492122,10685.0,1.2990000000000002,10.0,75.15299999999998,36.0,0.9358914365933552,exp_images/audio\ENGLISH\p_woa_bucket.wav,IMG_09_E_PNA,exp_images/images/boy_filled_bucket.jpg,IMG_09,exp_images/sentences/noagent_boy_bucket.jpg,STIM_99,stimuli_list_subj_6_a.csv,PNA,passive_dropped_agent,non_agent_first,agent_dropped,1.0,1.0,6046.0,3972.0,496.5,8.0,967.6375,415.925,4222.0,4222,4,1054.0,1.0,6046.0,1.4662499999999998,8.0,145.46499999999997,96.25,1.3231888852133642,participant_image,4639.0,393.0,-60.0,2.0,-51.34750000000031,35.61500000000001,411.0,231,0,4638.0,-0.038851715950787846,4639.0,-0.16724999999999968,2.0,-70.312,-60.25,-0.38729744862000903,0.16724999999999968,-0.1657814169240921,1.0526084664929913,0.6660171302740702,0.393664839687135,0.08225023088305047,0.4057518500826309
edf30,21,English,sentence_audio,passive_dropped_agent,10292.0,3802.0,271.57142857142856,14.0,931.5,594.8500000000001,4080.0,3802,3,5660.0,0.9318627450980392,10292.0,1.3833333333333333,15.0,137.45399999999998,71.6,1.4574426739214923,exp_images/audio\ENGLISH\p_woa_clothes.wav,IMG_06_E_PNA,exp_images/images/women_fold_clothes.jpg,IMG_06,exp_images/sentences/noagent_woman_clothes.jpg,STIM_96,stimuli_list_subj_6_a.csv,PNA,passive_dropped_agent,non_agent_first,agent_dropped,1.0,1.0,6130.0,4332.0,541.5,8.0,958.8,539.9875,4490.0,4332,3,1322.0,0.9648106904231626,6130.0,2.1611111111111105,9.0,168.19555555555556,57.77777777777778,1.4681892332789561,participant_image,4162.0,-530.0,-269.92857142857144,6.0,-27.299999999999955,54.86250000000018,-410.0,-530,0,4338.0,-0.03294794532512335,4162.0,-0.7777777777777772,6.0,-30.74155555555558,13.822222222222216,-0.010746559357463825,0.7777777777777772,-0.5979666307363336,-0.9205004084364771,1.5784453756789887,-0.563300117053045,0.49949474607164873,-0.0007654068950436188
edf30,22,Punjabi,sentence_audio,active,10464.0,4010.0,267.3333333333333,15.0,894.4333333333333,428.06666666666666,4156.0,4156,11,5472.0,1.0,10464.0,1.4686666666666668,15.0,183.64,55.73333333333333,1.43348623853211,exp_images/audio\PUNJABI\door.wav,IMG_10_P_ACT,exp_images/images/boy_opened_door.jpg,IMG_10,exp_images/sentences/Closed-door.jpg,STIM_10,stimuli_list_subj_6_a.csv,ACT,active,agent_first,agent_overt,0.0,,5952.0,4308.0,253.41176470588238,17.0,944.4941176470587,455.6941176470589,4458.0,4458,11,960.0,1.0,5952.0,1.9605882352941173,17.0,97.11470588235294,31.411764705882355,2.8561827956989245,participant_image,4512.0,-298.0,13.921568627450938,-2.0,-50.060784313725435,-27.62745098039221,-302.0,-302,0,4512.0,0.0,4512.0,-0.4919215686274505,-2.0,86.52529411764705,24.321568627450972,-1.4226965571668144,0.4919215686274505,-0.013597230059078036,-0.4245510487575641,-0.24641111513084843,-0.2765878829705732,0.304136009349285,-0.13140225351375576
edf30,23,Punjabi,sentence_audio,active,10234.0,3940.0,231.7647058823529,17.0,868.5235294117647,486.34117647058815,4150.0,4150,7,5242.0,1.0,10234.0,3.0611764705882347,17.0,132.57,49.529411764705884,1.6611295681063123,exp_images/audio\PUNJABI\lamp.wav,IMG_01_P_ACT,exp_images/images/girl_lighted_lamp.jpg,IMG_01,exp_images/sentences/Lamp.jpg,STIM_01,stimuli_list_subj_6_a.csv,ACT,active,agent_first,agent_overt,0.0,,5725.0,4255.0,327.3076923076923,13.0,814.5461538461539,504.41538461538477,4471.0,4471,6,734.0,1.0,5725.0,2.7469230769230766,13.0,85.35153846153845,40.0,2.2707423580786026,participant_image,4509.0,-315.0,-95.54298642533942,4.0,53.97737556561083,-18.074208144796614,-321.0,-321,1,4508.0,0.0,4509.0,0.31425339366515814,4.0,47.21846153846154,9.529411764705884,-0.6096127899722903,-0.31425339366515814,-0.2389546542934874,-0.4608921656305879,1.1222312529765295,-0.3004805691441125,-0.246816942412068,-0.024982615700745253
edf30,24,Punjabi,sentence_audio,active,10546.0,4090.0,255.625,16.0,896.9124999999998,510.54375,4324.0,4146,8,5554.0,0.9588344125809436,10546.0,3.163529411764705,17.0,114.10117647058827,40.352941176470594,1.6119855869523991,exp_images/audio\PUNJABI\scooter.wav,IMG_14_P_ACT,exp_images/images/driver_wash_scooter.jpg,IMG_14,exp_images/sentences/Washed-scooter.jpg,STIM_14,stimuli_list_subj_6_a.csv,ACT,active,agent_first,agent_overt,0.0,,5955.0,4031.0,237.11764705882354,17.0,908.3176470588237,511.05294117647065,4232.0,3892,6,963.0,0.9196597353497163,5955.0,4.275294117647058,17.0,112.15411764705885,44.70588235294117,2.8547439126784213,participant_image,4591.0,59.0,18.507352941176464,-1.0,-11.4051470588239,-0.5091911764706651,92.0,254,2,4591.0,0.03917467723122725,4591.0,-1.111764705882353,0.0,1.9470588235294173,-4.352941176470573,-1.2427583257260222,1.111764705882353,-0.004156360907073935,0.3386124055759356,-0.018304053779618773,0.42258756505510364,0.7277467912178167,0.2932972694324326
edf30,25,Punjabi,sentence_audio,passive,10870.0,4208.0,420.8,10.0,1037.0700000000004,379.61,4247.0,4031,5,5877.0,0.9491405698139864,10870.0,2.0620000000000003,10.0,302.636,74.6,0.9199632014719412,exp_images/audio\PUNJABI\p_box.wav,IMG_05_P_PWA,exp_images/images/man_pushed_box.jpg,IMG_05,exp_images/sentences/Pushed-box-passive.jpg,STIM_23,stimuli_list_subj_6_a.csv,PWA,passive_with_agent,non_agent_first,agent_overt,1.0,0.0,5778.0,4462.0,405.6363636363636,11.0,999.0363636363637,342.97272727272724,4707.0,4707,5,785.0,1.0,5778.0,1.6536363636363638,11.0,60.55818181818183,26.0,1.9037729318103151,participant_image,5092.0,-254.0,15.163636363636385,-1.0,38.033636363636674,36.63727272727277,-460.0,-676,0,5092.0,-0.05085943018601358,5092.0,0.4083636363636365,-1.0,242.0778181818182,48.599999999999994,-0.9838097303383739,-0.4083636363636365,-0.011040154066612462,-0.3304916874391496,-0.018304053779618773,-0.7468965476497155,-0.31113339781059773,-0.2835731681491388
edf30,26,Punjabi,sentence_audio,passive,10875.0,4043.0,237.82352941176467,17.0,764.5470588235294,545.1058823529411,4215.0,4095,7,5930.0,0.9715302491103204,10875.0,2.155555555555556,18.0,95.57388888888887,49.77777777777778,1.6551724137931034,exp_images/audio\PUNJABI\p_sapling.wav,IMG_03_P_PWA,exp_images/images/girl_plant_tree.jpg,IMG_03,exp_images/sentences/Sapling-passive.jpg,STIM_21,stimuli_list_subj_6_a.csv,PWA,passive_with_agent,non_agent_first,agent_overt,1.0,0.0,5822.0,4530.0,503.33333333333326,9.0,863.1333333333333,467.58888888888885,4741.0,4741,6,829.0,1.0,5822.0,1.7744444444444445,9.0,64.35,28.0,1.5458605290278256,participant_image,5053.0,-487.0,-265.5098039215686,8.0,-98.58627450980396,77.51699346405223,-526.0,-646,1,5101.0,-0.028469750889679624,5053.0,0.3811111111111114,9.0,31.22388888888888,21.77777777777778,0.10931188476527787,-0.3811111111111114,-0.5888696032721593,-0.8285787598752993,2.034659498381448,-0.7091712536914955,-0.29250858318210804,-0.0768937403279228
edf30,27,Punjabi,sentence_audio,passive,10649.0,4103.0,273.53333333333336,15.0,722.5799999999998,699.3533333333332,4335.0,4335,2,5656.0,1.0,10649.0,2.2373333333333334,15.0,115.10133333333334,43.86666666666667,1.4085829655366702,exp_images/audio\PUNJABI\p_shrub.wav,IMG_04_P_PWA,exp_images/images/man_cut_shrub.jpg,IMG_04,exp_images/sentences/Shrub-passive.jpg,STIM_22,stimuli_list_subj_6_a.csv,PWA,passive_with_agent,non_agent_first,agent_overt,1.0,0.0,5733.0,4059.0,193.28571428571428,21.0,865.1380952380953,452.99523809523805,4255.0,4099,9,740.0,0.9633372502937719,5733.0,2.376190476190476,21.0,87.50333333333334,35.142857142857146,3.6630036630036633,participant_image,4916.0,44.0,80.24761904761908,-6.0,-142.55809523809546,246.3580952380952,80.0,236,-7,4916.0,0.03666274970622807,4916.0,-0.1388571428571428,-6.0,27.598,8.723809523809521,-2.254420697466993,0.1388571428571428,0.12294987302029123,0.30654671421738516,-1.1588393605357672,0.39995238868017163,0.06284609507696029,-0.05330885790819177
edf30,28,Punjabi,sentence_audio,passive_dropped_agent,11088.0,4302.0,286.8,15.0,877.7199999999998,530.7266666666667,4471.0,3805,4,6095.0,0.8510400357861776,11088.0,1.62,15.0,88.99133333333334,34.8,1.3528138528138531,exp_images/audio\PUNJABI\p_woa_dug.wav,IMG_13_P_PNA,exp_images/images/dog_dug_hole.jpg,IMG_13,exp_images/sentences/Dog-dug-woa.jpg,STIM_49,stimuli_list_subj_6_a.csv,PNA,passive_dropped_agent,non_agent_first,agent_dropped,1.0,1.0,5683.0,3973.0,397.3,10.0,959.15,618.99,4140.0,3260,4,691.0,0.7874396135265701,5683.0,1.9519999999999995,10.0,151.84300000000005,85.2,1.7596339961288052,participant_image,5405.0,329.0,-110.5,5.0,-81.43000000000018,-88.26333333333332,331.0,545,0,5404.0,0.06360042225960749,5405.0,-0.3319999999999994,5.0,-62.8516666666667,-50.400000000000006,-0.4068201433149521,0.3319999999999994,-0.26974703317630533,0.9157948500298428,1.3503383143277592,0.7885229164498373,0.1948430339943646,0.5959504163250997
edf30,29,Punjabi,sentence_audio,passive_dropped_agent,10873.0,4284.0,357.0,12.0,929.6916666666667,317.68333333333334,4447.0,4284,8,6074.0,0.9633460760062964,10873.0,2.6792307692307693,13.0,125.06153846153845,43.384615384615394,1.1956221833900489,exp_images/audio\PUNJABI\p_woa_frisbee.wav,IMG_12_P_PNA,exp_images/images/child_throw_frisbee.jpg,IMG_12,exp_images/sentences/Frisbee-woa.jpg,STIM_48,stimuli_list_subj_6_a.csv,PNA,passive_dropped_agent,non_agent_first,agent_dropped,1.0,1.0,5892.0,4322.0,360.16666666666674,12.0,910.2166666666667,308.51666666666665,4572.0,4322,8,1178.0,0.9453193350831146,5892.0,3.1208333333333336,12.0,81.86583333333333,35.0,2.0366598778004072,participant_image,4981.0,-38.0,-3.1666666666667425,0.0,19.475000000000023,9.166666666666686,-125.0,-38,0,4896.0,0.018026740923181794,4981.0,-0.44160256410256427,1.0,43.19570512820512,8.384615384615394,-0.8410376944103584,0.44160256410256427,-0.04877720853463774,0.13125426812397625,0.20980300757161088,0.055394703861762554,0.2697471913266577,0.12348439246987393
edf30,30,Punjabi,sentence_audio,passive_dropped_agent,10522.0,3848.0,427.5555555555555,9.0,896.0,502.7888888888888,4136.0,2890,4,5848.0,0.6987427466150871,10522.0,1.913333333333333,9.0,195.64,95.11111111111113,0.8553506937844516,exp_images/audio\PUNJABI\p_woa_tabla.wav,IMG_11_P_PNA,exp_images/images/child_play_tabla.jpg,IMG_11,exp_images/sentences/Tabla-woa.jpg,STIM_47,stimuli_list_subj_6_a.csv,PNA,passive_dropped_agent,non_agent_first,agent_dropped,1.0,1.0,5868.0,4162.0,320.15384615384613,13.0,895.0923076923077,673.2230769230769,4326.0,2694,3,1140.0,0.6227461858529819,5868.0,2.018571428571428,14.0,86.60142857142857,48.714285714285715,2.385821404226312,participant_image,4654.0,-314.0,107.40170940170935,-4.0,0.9076923076922867,-170.43418803418808,-190.0,196,1,4708.0,0.07599656076210515,4654.0,-0.10523809523809469,-5.0,109.03857142857142,46.39682539682541,-1.5304707104418602,0.10523809523809469,0.17885267970209864,-0.4587544528733512,-0.7026252378333078,0.3496519967358784,0.03987029653758922,-0.11860094354621853
edf30,31,English,sentence_audio,active,11032.0,4096.0,315.07692307692315,13.0,945.353846153846,403.7846153846154,4378.0,4378,6,6040.0,1.0,11032.0,3.0650000000000004,14.0,98.26928571428572,44.714285714285715,1.269035532994924,exp_images/audio\ENGLISH\picture.wav,IMG_07_E_ACT,exp_images/images/artiste_drew_picture.jpg,IMG_07,exp_images/sentences/active_artist_picture.jpg,STIM_61,stimuli_list_subj_6_a.csv,ACT,active,agent_first,agent_overt,0.0,,5815.0,3959.0,263.93333333333334,15.0,988.1533333333333,463.4333333333333,4221.0,4221,3,822.0,1.0,5815.0,2.478,15.0,105.19133333333336,51.46666666666667,2.5795356835769563,participant_image,5217.0,137.0,51.143589743589814,-2.0,-42.7994871794873,-59.64871794871789,157.0,157,3,5218.0,0.0,5217.0,0.5870000000000002,-1.0,-6.922047619047646,-6.752380952380953,-1.3105001505820322,-0.5870000000000002,0.06303267812888776,0.5053540006403977,-0.24641111513084843,0.30060911459019235,-0.43321636545509085,0.03787366255470771
edf30,32,English,sentence_audio,active,10775.0,4045.0,337.0833333333333,12.0,960.5083333333333,558.3333333333334,4657.0,4657,5,5782.0,1.0,10775.0,1.731666666666667,12.0,69.53666666666668,28.0,1.1136890951276102,exp_images/audio\ENGLISH\cake.wav,IMG_15_E_ACT,exp_images/images/girl_baked_cake.jpg,IMG_15,exp_images/sentences/active_girl_cake.jpg,STIM_69,stimuli_list_subj_6_a.csv,ACT,active,agent_first,agent_overt,0.0,,6118.0,4382.0,486.88888888888886,9.0,906.4666666666667,428.31111111111113,4601.0,4299,5,1127.0,0.9343620951966964,6118.0,1.5922222222222218,9.0,130.85555555555553,43.33333333333334,1.4710689767898004,participant_image,4657.0,-337.0,-149.80555555555554,3.0,54.04166666666663,130.02222222222224,56.0,358,0,4655.0,0.06563790480330356,4657.0,0.13944444444444515,3.0,-61.31888888888885,-15.333333333333343,-0.35737988166219026,-0.13944444444444515,-0.35066636595786843,-0.5079218462897952,0.8941241916252998,0.5533685841102662,-0.1273496914153853,0.09231097441450342
edf30,33,English,sentence_audio,active,10835.0,4229.0,264.3125,16.0,973.125,455.9,4365.0,3673,6,6006.0,0.8414662084765178,10835.0,2.1387500000000004,16.0,84.185625,39.25,1.4766958929395475,exp_images/audio\ENGLISH\window.wav,IMG_02_E_ACT,exp_images/images/girl_opened_window.jpg,IMG_02,exp_images/sentences/active_girl_window.jpg,STIM_56,stimuli_list_subj_6_a.csv,ACT,active,agent_first,agent_overt,0.0,,5850.0,4456.0,495.11111111111114,9.0,933.3444444444444,412.7333333333333,4719.0,4719,5,859.0,1.0,5850.0,2.53,9.0,75.69222222222223,30.222222222222218,1.5384615384615383,participant_image,4985.0,-227.0,-230.79861111111114,7.0,39.780555555555566,43.166666666666686,-354.0,-1046,1,5147.0,-0.15853379152348224,4985.0,-0.39124999999999943,7.0,8.493402777777774,9.027777777777782,-0.06176564552199082,0.39124999999999943,-0.5174088002743651,-0.2727734429937589,1.8065524370302184,-1.2121751731344284,0.235335438148206,0.007906091755174404
edf30,34,English,sentence_audio,passive,10856.0,4214.0,301.0,14.0,818.6000000000001,643.1,4388.0,2776,5,5864.0,0.6326344576116681,10856.0,1.650714285714286,14.0,119.79857142857145,43.14285714285715,1.2896094325718497,exp_images/audio\ENGLISH\p_fed.wav,IMG_16_E_PWA,exp_images/images/girl_fed_dog.jpg,IMG_16,exp_images/sentences/passive_girl_dog.jpg,STIM_88,stimuli_list_subj_6_a.csv,PWA,passive_with_agent,non_agent_first,agent_overt,1.0,0.0,6040.0,4154.0,259.625,16.0,828.80625,550.73125,4382.0,2696,4,1306.0,0.6152441807393884,6040.0,2.166875,16.0,98.41625,38.125,2.6490066225165565,participant_image,4816.0,60.0,41.375,-2.0,-10.20624999999984,92.36874999999998,6.0,80,1,4558.0,0.017390276872279786,4816.0,-0.5161607142857141,-2.0,21.382321428571444,5.017857142857153,-1.3593971899447068,0.5161607142857141,0.04292183748319736,0.34075011833317226,-0.24641111513084843,0.20378086009742777,0.3207014318360063,0.13234862652379104
edf30,35,English,sentence_audio,passive,11101.0,4143.0,318.6923076923077,13.0,959.853846153846,639.2153846153846,4401.0,4261,3,6108.0,0.9681890479436492,11101.0,1.3976923076923078,13.0,100.39692307692309,45.53846153846154,1.171065669759481,exp_images/audio\ENGLISH\p_veg.wav,IMG_18_E_PWA,exp_images/images/boy_cut_vegetables.jpg,IMG_18,exp_images/sentences/passive_boy_vegetables.jpg,STIM_90,stimuli_list_subj_6_a.csv,PWA,passive_with_agent,non_agent_first,agent_overt,1.0,0.0,5787.0,4087.0,255.4375,16.0,943.2375,520.58125,4278.0,4278,9,795.0,1.0,5787.0,3.421875,16.0,113.5,44.625,2.7648176948332472,participant_image,5314.0,56.0,63.25480769230768,-3.0,16.616346153846052,118.6341346153846,123.0,-17,-6,5313.0,-0.03181095205635076,5314.0,-2.024182692307692,-3.0,-13.103076923076912,0.9134615384615401,-1.5937520250737662,2.024182692307692,0.0879663462002406,0.3321992673042255,-0.4745181764820781,0.08180240963251653,1.351307936594509,0.2757515566498827
edf30,36,English,sentence_audio,passive,10671.0,4411.0,441.1,10.0,945.0,541.9000000000002,4650.0,4650,3,5679.0,1.0,10671.0,1.56,10.0,108.40099999999998,34.2,0.93711929528629,exp_images/audio\ENGLISH\p_vase.wav,IMG_08_E_PWA,exp_images/images/boy_broke_vase.jpg,IMG_08,exp_images/sentences/passive_boy_vase.jpg,STIM_80,stimuli_list_subj_6_a.csv,PWA,passive_with_agent,non_agent_first,agent_overt,1.0,0.0,6020.0,3986.0,249.125,16.0,880.6125,492.46875,4290.0,4290,7,1028.0,1.0,6020.0,2.16,16.0,98.97125,43.875,2.6578073089701,participant_image,4651.0,425.0,191.97500000000002,-6.0,64.38750000000005,49.431250000000205,360.0,360,-4,4651.0,0.0,4651.0,-0.6000000000000001,-6.0,9.429749999999984,-9.674999999999997,-1.72068801368381,0.6000000000000001,0.352965833672966,1.1210152747245654,-1.1588393605357672,0.5558836037074809,0.37799854982946207,0.24980478027974146
edf31,19,Punjabi,sentence_audio,active,10581.0,4431.0,738.5,6.0,955.75,436.6833333333333,4744.0,4744,1,5589.0,1.0,10581.0,0.8566666666666666,6.0,152.46833333333333,41.333333333333336,0.5670541536716757,exp_images/audio\PUNJABI\letter.wav,IMG_17_P_ACT,exp_images/images/women_read_letter.jpg,IMG_17,exp_images/sentences/Letter.jpg,STIM_17,stimuli_list_subj_7_a.csv,ACT,active,agent_first,agent_overt,0.0,,6024.0,4166.0,297.57142857142856,14.0,952.1,615.0,4472.0,4076,4,1032.0,0.9114490161001788,6024.0,1.6935714285714287,14.0,105.59142857142857,37.142857142857146,2.3240371845949537,participant_image,4557.0,265.0,440.92857142857144,-8.0,3.6499999999999773,-178.31666666666672,272.0,668,-3,4557.0,0.08855098389982119,4557.0,-0.8369047619047622,-8.0,46.87690476190477,4.19047619047619,-1.7569830309232781,0.8369047619047622,0.8654927935098138,0.7789812335666945,-1.6150534832382264,0.9431966216785392,0.5399030791968409,0.3025040489427324
edf31,20,Punjabi,sentence_audio,active,10257.0,4057.0,312.07692307692315,13.0,935.7923076923078,500.33076923076936,4402.0,4402,3,5265.0,1.0,10257.0,1.3546153846153846,13.0,122.97461538461539,45.384615384615394,1.267427122940431,exp_images/audio\PUNJABI\bucket.wav,IMG_09_P_ACT,exp_images/images/boy_filled_bucket.jpg,IMG_09,exp_images/sentences/Bucket.jpg,STIM_09,stimuli_list_subj_7_a.csv,ACT,active,agent_first,agent_overt,0.0,,5678.0,4326.0,309.0,14.0,989.0142857142856,600.9357142857143,4484.0,4224,5,686.0,0.9420160570918824,5678.0,1.1071428571428572,14.0,79.405,36.285714285714285,2.4656569214512154,participant_image,4579.0,-269.0,3.0769230769231513,-1.0,-53.22197802197786,-100.60494505494495,-82.0,178,-2,4579.0,0.05798394290811759,4579.0,0.24747252747252735,-1.0,43.56961538461539,9.09890109890111,-1.1982297985107844,-0.24747252747252735,-0.0359233737758591,-0.3625573787977,-0.018304053779618773,0.32701682036094637,-0.20117782302615053,-0.05818916180367639
edf31,21,Punjabi,sentence_audio,active,10417.0,3503.0,318.45454545454544,11.0,925.4636363636363,544.3363636363637,3755.0,3755,5,5430.0,1.0,10417.0,2.3783333333333334,12.0,262.29833333333335,105.0,1.1519631371796102,exp_images/audio\PUNJABI\clothes.wav,IMG_06_P_ACT,exp_images/images/women_fold_clothes.jpg,IMG_06,exp_images/sentences/Folded-clothes.jpg,STIM_06,stimuli_list_subj_7_a.csv,ACT,active,agent_first,agent_overt,0.0,,5769.0,4011.0,364.6363636363636,11.0,928.5,698.490909090909,4368.0,4368,3,777.0,1.0,5769.0,1.8481818181818181,11.0,177.75272727272733,56.72727272727273,1.9067429363841217,participant_image,4648.0,-508.0,-46.18181818181819,0.0,-3.036363636363717,-154.1545454545453,-613.0,-613,2,4653.0,0.0,4648.0,0.5301515151515153,1.0,84.54560606060602,48.27272727272727,-0.7547797992045115,-0.5301515151515153,-0.13733357953374753,-0.8734707277772698,0.20980300757161088,-0.6676734303374535,-0.39436519542946413,-0.3726079851012648
edf31,22,Punjabi,sentence_audio,passive,10830.0,4404.0,1468.0,3.0,882.0,440.33333333333326,4614.0,4614,1,5838.0,1.0,10830.0,0.4033333333333333,3.0,339.97333333333336,126.0,0.2770083102493075,exp_images/audio\PUNJABI\p_door.wav,IMG_10_P_PWA,exp_images/images/boy_opened_door.jpg,IMG_10,exp_images/sentences/Closed-door-passive.jpg,STIM_28,stimuli_list_subj_7_a.csv,PWA,passive_with_agent,non_agent_first,agent_overt,1.0,0.0,6026.0,4194.0,299.57142857142856,14.0,940.05,493.70714285714274,4319.0,4319,3,1033.0,1.0,6026.0,2.188571428571428,14.0,123.03071428571428,48.14285714285714,2.3232658479920345,participant_image,4804.0,210.0,1168.4285714285716,-11.0,-58.049999999999955,-53.373809523809484,295.0,295,-2,4805.0,0.0,4804.0,-1.7852380952380948,-11.0,216.94261904761908,77.85714285714286,-2.046257537742727,1.7852380952380948,2.363215285063975,0.6614070319186763,-2.2993746672919153,0.47414546679800423,1.188009351026257,0.4774804935029994
edf31,23,Punjabi,sentence_audio,passive,10738.0,4056.0,213.4736842105264,19.0,788.9999999999999,455.07368421052627,4266.0,4196,7,5782.0,0.9835911861228316,10738.0,3.1854999999999998,20.0,77.29249999999998,39.8,1.8625442354255917,exp_images/audio\PUNJABI\p_lamp.wav,IMG_01_P_PWA,exp_images/images/girl_lighted_lamp.jpg,IMG_01,exp_images/sentences/Lamp-passive.jpg,STIM_19,stimuli_list_subj_7_a.csv,PWA,passive_with_agent,non_agent_first,agent_overt,1.0,0.0,6006.0,4120.0,242.35294117647058,17.0,814.1352941176469,533.5176470588236,4349.0,4349,4,1013.0,1.0,6006.0,1.8747058823529408,17.0,69.43823529411765,37.882352941176464,2.8305028305028306,participant_image,4732.0,-64.0,-28.879256965944194,2.0,-25.13529411764705,-78.44396284829736,-83.0,-153,3,4769.0,-0.016408813877168416,4732.0,1.310794117647059,3.0,7.854264705882329,1.9176470588235333,-0.9679585950772389,-1.310794117647059,-0.10171236290899537,0.0756737364358222,0.6660171302740702,-0.08921892297808066,-0.9278689213358966,-0.07542186810261604
edf31,24,Punjabi,sentence_audio,passive,10221.0,4213.0,702.1666666666665,6.0,915.0166666666668,473.4666666666667,4643.0,4643,5,5228.0,1.0,10221.0,2.015,6.0,75.55333333333333,58.33333333333334,0.587026709715292,exp_images/audio\PUNJABI\p_scooter.wav,IMG_14_P_PWA,exp_images/images/driver_wash_scooter.jpg,IMG_14,exp_images/sentences/Washed-scooter-passive.jpg,STIM_32,stimuli_list_subj_7_a.csv,PWA,passive_with_agent,non_agent_first,agent_overt,1.0,0.0,6070.0,4198.0,299.85714285714283,14.0,952.6142857142855,490.9714285714286,4408.0,4408,3,1078.0,1.0,6070.0,2.4219999999999997,15.0,87.34266666666666,40.13333333333333,2.4711696869851734,participant_image,4151.0,15.0,402.3095238095237,-8.0,-37.597619047618764,-17.504761904761892,235.0,235,2,4150.0,0.0,4151.0,-0.4069999999999996,-9.0,-11.789333333333332,18.20000000000001,-1.8841429772698812,0.4069999999999996,0.7859867918308462,0.244553044257521,-1.6150534832382264,0.3986948788815643,0.24609924178403736,0.012056094703148468
edf31,25,Punjabi,sentence_audio,passive_dropped_agent,11162.0,4476.0,497.33333333333326,9.0,1027.0555555555554,386.33333333333337,4637.0,4637,6,6169.0,1.0,11162.0,1.1922222222222223,9.0,106.87333333333332,39.555555555555564,0.8063071134205338,exp_images/audio\PUNJABI\p_woa_box.wav,IMG_05_P_PNA,exp_images/images/man_pushed_box.jpg,IMG_05,exp_images/sentences/Pushed-box-woa.jpg,STIM_41,stimuli_list_subj_7_a.csv,PNA,passive_dropped_agent,non_agent_first,agent_dropped,1.0,1.0,5955.0,4311.0,431.1,10.0,1025.56,376.49,4588.0,4588,3,963.0,1.0,5955.0,1.505,10.0,139.208,40.4,1.6792611251049538,participant_image,5207.0,165.0,66.23333333333323,-1.0,1.4955555555554838,9.843333333333362,49.0,49,3,5206.0,0.0,5207.0,-0.3127777777777776,-1.0,-32.33466666666668,-0.8444444444444343,-0.87295401168442,0.3127777777777776,0.09409831162186912,0.5652099578430251,-0.018304053779618773,0.16479805634060046,0.1817062577756784,0.19750170596031086
edf31,26,Punjabi,sentence_audio,passive_dropped_agent,10514.0,4302.0,268.875,16.0,1003.5875,646.8249999999998,4307.0,2886,2,5778.0,0.6700719758532622,10514.0,1.7399999999999998,16.0,96.03375,42.875,1.5217804831653037,exp_images/audio\PUNJABI\p_woa_sapling.wav,IMG_03_P_PNA,exp_images/images/girl_plant_tree.jpg,IMG_03,exp_images/sentences/Sapling-woa.jpg,STIM_39,stimuli_list_subj_7_a.csv,PNA,passive_dropped_agent,non_agent_first,agent_dropped,1.0,1.0,5807.0,4261.0,236.72222222222226,18.0,810.661111111111,674.5111111111112,4510.0,3341,4,815.0,0.7407982261640799,5807.0,1.8794444444444447,18.0,61.92777777777778,26.777777777777782,3.0997072498708453,participant_image,4707.0,41.0,32.15277777777774,-2.0,192.92638888888894,-27.68611111111136,-203.0,-455,-2,4963.0,-0.0707262503108177,4707.0,-0.13944444444444493,-2.0,34.10597222222222,16.097222222222218,-1.5779267667055417,0.13944444444444493,0.023935817353530186,0.3001335759456751,-0.24641111513084843,-0.468986882157495,0.06324746643954646,-0.06561622750991833
edf31,27,Punjabi,sentence_audio,passive_dropped_agent,10682.0,4148.0,377.09090909090907,11.0,828.6181818181817,405.24545454545466,4712.0,4712,3,5690.0,1.0,10682.0,1.568181818181818,11.0,58.55181818181818,25.45454545454545,1.0297697060475566,exp_images/audio\PUNJABI\p_woa_shrub.wav,IMG_04_P_PNA,exp_images/images/man_cut_shrub.jpg,IMG_04,exp_images/sentences/Shrub-woa.jpg,STIM_40,stimuli_list_subj_7_a.csv,PNA,passive_dropped_agent,non_agent_first,agent_dropped,1.0,1.0,6082.0,4238.0,223.05263157894737,19.0,833.0894736842107,586.4842105263158,4472.0,4472,7,1090.0,1.0,6082.0,2.0642105263157893,19.0,65.04684210526315,27.36842105263158,3.123972377507399,participant_image,4600.0,-90.0,154.0382775119617,-8.0,-4.4712918660289915,-181.23875598086113,240.0,240,-4,4600.0,0.0,4600.0,-0.4960287081339714,-8.0,-6.495023923444975,-1.913875598086129,-2.0942026714598425,0.4960287081339714,0.2748645518500333,0.02009320474766817,-1.6150534832382264,0.404982427874601,0.30694289462885044,-0.1216340808274147
edf31,28,English,sentence_audio,active,10526.0,4404.0,338.76923076923083,13.0,1011.6769230769231,708.2076923076925,4697.0,4123,3,5533.0,0.8777943368107303,10526.0,1.2715384615384615,13.0,51.28230769230768,22.76923076923077,1.2350370511115334,exp_images/audio\ENGLISH\dug.wav,IMG_13_E_ACT,exp_images/images/dog_dug_hole.jpg,IMG_13,exp_images/sentences/active_dog_hole.jpg,STIM_67,stimuli_list_subj_7_a.csv,ACT,active,agent_first,agent_overt,0.0,,5975.0,4373.0,312.35714285714283,14.0,1049.1142857142856,746.5571428571429,4612.0,3767,4,983.0,0.8167823070251518,5975.0,1.6449999999999998,14.0,62.45285714285715,27.142857142857146,2.343096234309624,participant_image,4551.0,31.0,26.412087912087998,-1.0,-37.437362637362526,-38.34945054945047,85.0,356,-1,4550.0,0.061012029785578514,4551.0,-0.3734615384615383,-1.0,-11.170549450549466,-4.373626373626376,-1.1080591831980908,0.3734615384615383,0.01211731518324762,0.27875644837330815,-0.018304053779618773,0.5508535645130516,0.22317851706988648,0.209320358271975
edf31,29,English,sentence_audio,active,10802.0,4148.0,592.5714285714286,7.0,972.1714285714287,333.15714285714284,4457.0,4148,2,6158.0,0.9306708548350908,10802.0,1.5557142857142858,7.0,174.4285714285714,76.57142857142857,0.6480281429364932,exp_images/audio\ENGLISH\frisbee.wav,IMG_12_E_ACT,exp_images/images/child_throw_frisbee.jpg,IMG_12,exp_images/sentences/active_child_frisbee.jpg,STIM_66,stimuli_list_subj_7_a.csv,ACT,active,agent_first,agent_overt,0.0,,5780.0,4116.0,294.0,14.0,908.2571428571428,489.9,4368.0,3138,4,1234.0,0.7184065934065934,5780.0,2.6871428571428564,14.0,111.38714285714285,44.57142857142857,2.4221453287197234,participant_image,5022.0,32.0,298.57142857142856,-7.0,63.91428571428594,-156.74285714285713,89.0,1010,-2,4924.0,0.2122642614284974,5022.0,-1.1314285714285706,-7.0,63.04142857142854,32.0,-1.77411718578323,1.1314285714285706,0.5724185740039283,0.28089416113054483,-1.3869464218869967,1.3732649728022468,0.7411853935962849,0.31616333592920165
edf31,30,English,sentence_audio,active,10463.0,3809.0,317.4166666666667,12.0,1029.2333333333333,513.1833333333333,4249.0,3739,6,5472.0,0.8799717580607201,10463.0,7.714166666666667,12.0,200.96666666666667,61.83333333333334,1.1468985950492212,exp_images/audio\ENGLISH\tabla.wav,IMG_11_E_ACT,exp_images/images/child_play_tabla.jpg,IMG_11,exp_images/sentences/active_child_tabla.jpg,STIM_65,stimuli_list_subj_7_a.csv,ACT,active,agent_first,agent_overt,0.0,,6117.0,4130.0,206.5,20.0,846.665,661.445,4301.0,3110,5,1490.0,0.7230876540339456,6117.0,1.8428571428571427,21.0,82.72142857142858,33.8095238095238,3.433055419323197,participant_image,4346.0,-321.0,110.91666666666669,-8.0,182.56833333333338,-148.26166666666677,-52.0,629,1,3982.0,0.15688410402677455,4346.0,5.871309523809525,-9.0,118.2452380952381,28.02380952380954,-2.286156824273976,-5.871309523809525,0.18608901035856365,-0.47371844217400805,-1.6150534832382264,0.8941537395328533,-4.044598591819454,-1.0106255534680542
edf31,31,English,sentence_audio,passive,10355.0,3823.0,1911.5,2.0,817.75,283.6,4951.0,4951,2,5362.0,1.0,10355.0,0.935,2.0,44.595,21.0,0.1931434089811685,exp_images/audio\ENGLISH\p_artist.wav,IMG_07_E_PWA,exp_images/images/artiste_drew_picture.jpg,IMG_07,exp_images/sentences/passive_artist_picture.jpg,STIM_79,stimuli_list_subj_7_a.csv,PWA,passive_with_agent,non_agent_first,agent_overt,1.0,0.0,5911.0,4229.0,302.07142857142856,14.0,1019.8071428571428,331.2357142857142,4371.0,4371,3,960.0,1.0,5911.0,1.2946666666666666,15.0,127.89466666666668,47.06666666666667,2.537641684994079,participant_image,4444.0,-406.0,1609.4285714285716,-12.0,-202.05714285714282,-47.63571428571419,580.0,580,-1,4402.0,0.0,4444.0,-0.3596666666666666,-13.0,-83.29966666666668,-26.06666666666667,-2.3444982760129105,0.3596666666666666,3.271113042830827,-0.655424026539127,-2.5274817286431452,0.8325357594010939,0.2137508795345553,0.2268987853168408
edf31,32,English,sentence_audio,passive,10344.0,4216.0,421.6,10.0,888.54,511.98,4475.0,3781,6,5353.0,0.8449162011173185,10344.0,2.2550000000000003,10.0,203.09599999999998,51.6,0.9667440061871616,exp_images/audio\ENGLISH\p_cake.wav,IMG_15_E_PWA,exp_images/images/girl_baked_cake.jpg,IMG_15,exp_images/sentences/passive_girl_cake.jpg,STIM_87,stimuli_list_subj_7_a.csv,PWA,passive_with_agent,non_agent_first,agent_overt,1.0,0.0,5940.0,4180.0,380.0,11.0,969.9636363636363,595.7818181818183,4456.0,4108,4,1030.0,0.9219030520646321,5940.0,1.6416666666666668,12.0,126.50083333333336,49.5,2.02020202020202,participant_image,4404.0,36.0,41.60000000000002,-1.0,-81.42363636363632,-83.80181818181825,19.0,-327,2,4323.0,-0.07698685094731361,4404.0,0.6133333333333335,-2.0,76.59516666666661,2.1000000000000014,-1.0534580140148582,-0.6133333333333335,0.04338505062491519,0.2894450121594916,-0.018304053779618773,-0.3080256279357565,-0.4512129895234648,-0.08894252169088665
edf31,33,English,sentence_audio,passive,10724.0,3852.0,385.2,10.0,1051.12,457.44,4169.0,4169,3,5733.0,1.0,10724.0,2.0780000000000003,10.0,195.638,82.2,0.9324878776575904,exp_images/audio\ENGLISH\p_window.wav,IMG_02_E_PWA,exp_images/images/girl_opened_window.jpg,IMG_02,exp_images/sentences/passive_girl_window.jpg,STIM_74,stimuli_list_subj_7_a.csv,PWA,passive_with_agent,non_agent_first,agent_overt,1.0,0.0,6007.0,3755.0,187.75,20.0,1063.665,500.95499999999987,3919.0,3919,3,1014.0,1.0,6007.0,2.016,20.0,112.061,53.7,3.32944897619444,participant_image,4717.0,97.0,197.45,-10.0,-12.545000000000073,-43.51499999999987,250.0,250,0,4719.0,0.0,4717.0,0.06200000000000028,-10.0,83.577,28.5,-2.39696109853685,-0.06200000000000028,0.36423735345476527,0.41984549035092994,-2.071267605940686,0.4175575258606743,-0.07442291092738228,-0.1888100294403397
edf31,34,English,sentence_audio,passive_dropped_agent,10712.0,3466.0,247.57142857142856,14.0,817.7785714285716,690.7285714285715,3741.0,1987,4,5719.0,0.5311414060411654,10712.0,4.217333333333333,15.0,133.50733333333335,84.4,1.400298730395818,exp_images/audio\ENGLISH\p_woa_fed.wav,IMG_16_E_PNA,exp_images/images/girl_fed_dog.jpg,IMG_16,exp_images/sentences/noagent_girl_dog.jpg,STIM_106,stimuli_list_subj_7_a.csv,PNA,passive_dropped_agent,non_agent_first,agent_dropped,1.0,1.0,5710.0,4282.0,329.38461538461536,13.0,893.0076923076923,666.6461538461538,4586.0,3262,4,754.0,0.7112952464020933,5710.0,1.945714285714286,14.0,75.74857142857142,34.285714285714285,2.4518388791593697,participant_image,5002.0,-816.0,-81.8131868131868,1.0,-75.22912087912073,24.082417582417747,-845.0,-1275,0,4965.0,-0.18015384036092785,5002.0,2.2716190476190476,1.0,57.758761904761926,50.11428571428572,-1.0515401487635516,-2.2716190476190476,-0.21068877156681717,-1.5318862570061715,0.4379100689228405,-1.5001449170155075,-1.5845121514711225,-0.8778644056273557
edf31,35,English,sentence_audio,passive_dropped_agent,10332.0,4150.0,319.23076923076917,13.0,925.9923076923076,703.8076923076923,4319.0,4150,5,5534.0,0.9608705718916416,10332.0,3.4107692307692314,13.0,103.97384615384615,51.846153846153854,1.2582268679829651,exp_images/audio\ENGLISH\p_woa_veg.wav,IMG_18_E_PNA,exp_images/images/boy_cut_vegetables.jpg,IMG_18,exp_images/sentences/noagent_boy_vegetables.jpg,STIM_108,stimuli_list_subj_7_a.csv,PNA,passive_dropped_agent,non_agent_first,agent_dropped,1.0,1.0,5897.0,4413.0,441.3,10.0,962.7000000000003,680.4599999999998,4657.0,4657,4,906.0,1.0,5897.0,2.761,10.0,74.95100000000001,33.4,1.6957775139901643,participant_image,4435.0,-263.0,-122.06923076923084,3.0,-36.707692307692696,23.347692307692455,-338.0,-507,1,4628.0,-0.0391294281083584,4435.0,0.6497692307692313,3.0,29.022846153846146,18.446153846153855,-0.4375506460071992,-0.6497692307692313,-0.2935648986512984,-0.34973110225427984,0.8941241916252998,-0.5343773916850763,-0.4761138685898325,-0.15193261391103746
edf31,36,English,sentence_audio,passive_dropped_agent,11055.0,4173.0,321.0,13.0,848.4615384615382,435.0153846153845,4316.0,4316,5,6063.0,1.0,11055.0,1.6423076923076922,13.0,122.0553846153846,52.0,1.1759384893713252,exp_images/audio\ENGLISH\p_woa_vase.wav,IMG_08_E_PNA,exp_images/images/boy_broke_vase.jpg,IMG_08,exp_images/sentences/noagent_boy_vase.jpg,STIM_98,stimuli_list_subj_7_a.csv,PNA,passive_dropped_agent,non_agent_first,agent_dropped,1.0,1.0,5720.0,4186.0,261.625,16.0,914.8375,515.90625,4313.0,4313,3,727.0,1.0,5720.0,1.703125,16.0,105.92125,42.5,2.797202797202797,participant_image,5335.0,-13.0,59.375,-3.0,-66.37596153846175,-80.8908653846155,3.0,3,2,5336.0,0.0,5335.0,-0.060817307692307754,-3.0,16.134134615384596,9.5,-1.621264307831472,0.060817307692307754,0.0799788888206199,0.1846970870548936,-0.4745181764820781,0.10695260560466319,0.009512414982552442,-0.018675436003869797
edf32,19,Punjabi,sentence_audio,passive,10850.0,4272.0,854.4,5.0,1017.48,495.28,4858.0,4858,3,5858.0,1.0,10850.0,2.0520000000000005,5.0,67.458,26.8,0.4608294930875576,exp_images/audio\PUNJABI\p_letter.wav,IMG_17_P_PWA,exp_images/images/women_read_letter.jpg,IMG_17,exp_images/sentences/Letter-passive.jpg,STIM_35,stimuli_list_subj_8_a.csv,PWA,passive_with_agent,non_agent_first,agent_overt,1.0,0.0,5706.0,4112.0,216.421052631579,19.0,988.0578947368421,653.9263157894737,4406.0,4152,7,714.0,0.9423513390830686,5706.0,2.755,20.0,83.06199999999998,30.2,3.5050823694356814,participant_image,5144.0,160.0,637.978947368421,-14.0,29.42210526315796,-158.64631578947376,452.0,706,-4,5144.0,0.05764866091693144,5144.0,-0.7029999999999994,-15.0,-15.603999999999985,-3.3999999999999986,-3.044252876348124,0.7029999999999994,1.2711653433576702,0.5545213940568416,-2.983695851345604,0.9909819940256178,0.44839040852727874,0.05627265772436083
edf32,20,Punjabi,sentence_audio,passive,10261.0,4563.0,570.375,8.0,967.125,459.6375000000001,4775.0,4775,5,5268.0,1.0,10261.0,1.97875,8.0,66.45625000000001,27.25,0.7796511061300069,exp_images/audio\PUNJABI\p_bucket.wav,IMG_09_P_PWA,exp_images/images/boy_filled_bucket.jpg,IMG_09,exp_images/sentences/Bucket-passive.jpg,STIM_27,stimuli_list_subj_8_a.csv,PWA,passive_with_agent,non_agent_first,agent_overt,1.0,0.0,5935.0,4321.0,270.0625,16.0,963.71875,496.94375,4551.0,4197,5,944.0,0.922214897824654,5935.0,2.138125,16.0,68.739375,27.5,2.695871946082561,participant_image,4326.0,242.0,300.3125,-8.0,3.40625,-37.30624999999992,224.0,578,0,4324.0,0.07778510217534595,4326.0,-0.15937500000000004,-8.0,-2.283124999999984,-0.25,-1.9162208399525542,0.15937500000000004,0.5760029614100778,0.7298138401502505,-1.6150534832382264,0.8300207398038794,0.07686832906513509,0.11953047743822329
edf32,21,Punjabi,sentence_audio,passive,10448.0,4476.0,406.9090909090909,11.0,937.1818181818179,652.8909090909093,4512.0,4512,3,5456.0,1.0,10448.0,2.1981818181818182,11.0,144.93727272727267,43.63636363636363,1.052833078101072,exp_images/audio\PUNJABI\p_clothes.wav,IMG_06_P_PWA,exp_images/images/women_fold_clothes.jpg,IMG_06,exp_images/sentences/Folded-clothes-passive.jpg,STIM_24,stimuli_list_subj_8_a.csv,PWA,passive_with_agent,non_agent_first,agent_overt,1.0,0.0,6050.0,4500.0,642.8571428571429,7.0,935.2714285714284,605.9285714285714,4769.0,4769,3,1057.0,1.0,6050.0,2.31625,8.0,70.37374999999999,29.5,1.3223140495867771,participant_image,4398.0,-24.0,-235.948051948052,4.0,1.9103896103895295,46.96233766233786,-257.0,-257,0,4399.0,0.0,4398.0,-0.1180681818181819,3.0,74.56352272727268,14.136363636363633,-0.26948097148570516,0.1180681818181819,-0.5280100832440061,0.16118224672528997,1.1222312529765295,-0.21999994203324322,0.04863858432036844,0.11680841174898773
edf32,22,Punjabi,sentence_audio,passive_dropped_agent,10434.0,4070.0,254.375,16.0,982.9375,500.125,4275.0,4275,5,5441.0,1.0,10434.0,3.0656250000000003,16.0,122.795,44.875,1.5334483419589804,exp_images/audio\PUNJABI\p_woa_door.wav,IMG_10_P_PNA,exp_images/images/boy_opened_door.jpg,IMG_10,exp_images/sentences/Closed-door-woa.jpg,STIM_46,stimuli_list_subj_8_a.csv,PNA,passive_dropped_agent,non_agent_first,agent_dropped,1.0,1.0,5677.0,4359.0,544.875,8.0,894.875,475.5625,4771.0,4771,6,686.0,1.0,5677.0,2.2225,8.0,77.1525,27.5,1.4091949973577595,participant_image,4757.0,-289.0,-290.5,8.0,88.0625,24.5625,-496.0,-496,-1,4755.0,0.0,4757.0,0.8431250000000001,8.0,45.6425,17.375,0.12425334460122084,-0.8431250000000001,-0.6403175465505307,-0.40531163394243386,2.034659498381448,-0.5205447839003956,-0.608256315056823,-0.027954156213746993
edf32,23,Punjabi,sentence_audio,passive_dropped_agent,10511.0,4159.0,259.9375,16.0,812.9375,635.2937499999998,4354.0,4354,4,5519.0,1.0,10511.0,2.9918750000000003,16.0,115.80875000000002,39.875,1.5222148225668348,exp_images/audio\PUNJABI\p_woa_lamp.wav,IMG_01_P_PNA,exp_images/images/girl_lighted_lamp.jpg,IMG_01,exp_images/sentences/Lamp-woa.jpg,STIM_37,stimuli_list_subj_8_a.csv,PNA,passive_dropped_agent,non_agent_first,agent_dropped,1.0,1.0,5910.0,4204.0,221.26315789473685,19.0,866.3894736842103,526.0631578947368,4430.0,4192,5,918.0,0.94627539503386,5910.0,2.5826315789473684,19.0,76.57368421052631,29.578947368421048,3.214890016920473,participant_image,4601.0,-45.0,38.67434210526315,-3.0,-53.451973684210316,109.23059210526299,-76.0,162,-1,4601.0,0.053724604966139955,4601.0,0.4092434210526319,-3.0,39.23506578947371,10.296052631578952,-1.6926751943536382,-0.4092434210526319,0.03736192535819298,0.1162902788233194,-0.4745181764820781,0.30689666358322903,-0.3117346568349887,-0.06514079311046508
edf32,24,Punjabi,sentence_audio,passive_dropped_agent,10516.0,4234.0,222.84210526315792,19.0,1046.1473684210523,663.7736842105263,4270.0,4116,3,5746.0,0.9639344262295082,10516.0,2.8715789473684215,19.0,103.79684210526315,38.0,1.806770635222518,exp_images/audio\PUNJABI\p_woa_scooter.wav,IMG_14_P_PNA,exp_images/images/driver_wash_scooter.jpg,IMG_14,exp_images/sentences/Washed-scooter-woa.jpg,STIM_50,stimuli_list_subj_8_a.csv,PNA,passive_dropped_agent,non_agent_first,agent_dropped,1.0,1.0,5930.0,4320.0,332.3076923076923,13.0,980.9692307692306,674.8000000000002,4566.0,4400,3,938.0,0.9636443276390714,5930.0,3.3669230769230767,13.0,87.33538461538461,32.769230769230774,2.1922428330522767,participant_image,4586.0,-86.0,-109.4655870445344,6.0,65.17813765182166,-11.02631578947387,-296.0,-284,0,4808.0,0.00029009859043682695,4586.0,-0.49534412955465523,6.0,16.46145748987854,5.230769230769226,-0.38547219782975883,0.49534412955465523,-0.26761746128770625,0.028644055776614944,1.5784453756789887,-0.2539527065956412,0.3064750426033866,0.2783988612351286
edf32,25,English,sentence_audio,active,10778.0,4096.0,273.06666666666666,15.0,1029.0466666666666,469.1933333333334,4546.0,4238,7,5786.0,0.9322481302243729,10778.0,2.582,15.0,78.07400000000001,29.73333333333333,1.3917238819818147,exp_images/audio\ENGLISH\box.wav,IMG_05_E_ACT,exp_images/images/man_pushed_box.jpg,IMG_05,exp_images/sentences/active_man_box.jpg,STIM_59,stimuli_list_subj_8_a.csv,ACT,active,agent_first,agent_overt,0.0,,6007.0,4361.0,363.41666666666674,12.0,972.5666666666666,458.10833333333335,4645.0,4327,3,1014.0,0.9315392895586652,6007.0,2.585833333333333,12.0,76.67083333333333,29.0,1.9976693857166643,participant_image,4771.0,-265.0,-90.35000000000008,3.0,56.48000000000002,11.085000000000036,-99.0,-89,4,4772.0,0.0007088406657077551,4771.0,-0.003833333333333133,3.0,1.403166666666678,0.7333333333333307,-0.6059455037348496,0.003833333333333133,-0.22826372292913524,-0.3540065277687532,0.8941241916252998,-0.008738295867211395,-0.029431350756447323,0.054736858860750526
edf32,26,English,sentence_audio,active,10499.0,4083.0,255.1875,16.0,827.19375,679.2062500000002,4265.0,3923,5,5506.0,0.9198124267291912,10499.0,2.9912499999999995,16.0,128.80875,45.5,1.523954662348795,exp_images/audio\ENGLISH\sapling.wav,IMG_03_E_ACT,exp_images/images/girl_plant_tree.jpg,IMG_03,exp_images/sentences/active_girl_sapling.jpg,STIM_57,stimuli_list_subj_8_a.csv,ACT,active,agent_first,agent_overt,0.0,,5765.0,4167.0,277.8,15.0,935.8333333333333,583.2666666666668,4367.0,3595,5,940.0,0.8232196015571329,5765.0,2.7700000000000005,16.0,126.27875,41.625,2.7753686036426712,participant_image,4734.0,-84.0,-22.61250000000001,1.0,-108.63958333333323,95.93958333333342,-102.0,328,0,4566.0,0.09659282517205825,4734.0,0.22124999999999906,0.0,2.530000000000001,3.875,-1.2514139412938763,-0.22124999999999906,-0.08881083320865404,0.032919481291088334,0.4379100689228405,0.5156432901520462,-0.18325692546745306,0.1428810163379736
edf32,27,English,sentence_audio,active,10718.0,4264.0,328.0,13.0,832.1461538461538,510.80000000000007,4493.0,4493,3,5725.0,1.0,10718.0,2.296153846153845,13.0,96.14307692307692,38.46153846153846,1.2129128568762828,exp_images/audio\ENGLISH\shrub.wav,IMG_04_E_ACT,exp_images/images/man_cut_shrub.jpg,IMG_04,exp_images/sentences/active_man_shrub.jpg,STIM_58,stimuli_list_subj_8_a.csv,ACT,active,agent_first,agent_overt,0.0,,5874.0,4268.0,284.53333333333336,15.0,919.3933333333333,589.2733333333333,4526.0,4526,6,882.0,1.0,5874.0,3.022,15.0,88.43400000000003,31.066666666666666,2.5536261491317678,participant_image,4844.0,-4.0,43.46666666666664,-2.0,-87.24717948717955,-78.47333333333324,-33.0,-33,-3,4843.0,0.0,4844.0,-0.7258461538461547,-2.0,7.709076923076893,7.3948717948717935,-1.340713292255485,0.7258461538461547,0.047228004096944096,0.20393650187002382,-0.24641111513084843,0.06168225285479922,0.46400383797705697,0.10608789633359514
edf32,28,English,sentence_audio,passive,10374.0,4298.0,286.53333333333336,15.0,939.14,718.76,4508.0,4014,4,5382.0,0.8904170363797693,10374.0,2.60625,16.0,78.761875,31.375,1.542317331791016,exp_images/audio\ENGLISH\p_dug.wav,IMG_13_E_PWA,exp_images/images/dog_dug_hole.jpg,IMG_13,exp_images/sentences/passive_dog_hole.jpg,STIM_85,stimuli_list_subj_8_a.csv,PWA,passive_with_agent,non_agent_first,agent_overt,1.0,0.0,6060.0,4216.0,301.14285714285717,14.0,914.1714285714287,681.6357142857142,4442.0,4176,4,1068.0,0.940117064385412,6060.0,2.07,14.0,125.9292857142857,39.285714285714285,2.31023102310231,participant_image,4314.0,82.0,-14.609523809523807,1.0,24.968571428571295,37.12428571428575,66.0,-162,0,4314.0,-0.04970002800564266,4314.0,0.5362500000000003,2.0,-47.167410714285694,-7.910714285714285,-0.7679136913112943,-0.5362500000000003,-0.07233490545628476,0.3877797989923795,0.4379100689228405,-0.10053651116554665,-0.3985329981840791,0.05085709062186191
edf32,29,English,sentence_audio,passive,10851.0,4299.0,537.375,8.0,913.475,479.9125,4528.0,3781,4,6260.0,0.8350265017667845,10851.0,4.23,8.0,105.5475,58.0,0.7372592387798359,exp_images/audio\ENGLISH\p_frisbee.wav,IMG_12_E_PWA,exp_images/images/child_throw_frisbee.jpg,IMG_12,exp_images/sentences/passive_child_frisbee.jpg,STIM_84,stimuli_list_subj_8_a.csv,PWA,passive_with_agent,non_agent_first,agent_overt,1.0,0.0,6042.0,4092.0,186.0,22.0,1041.4136363636362,487.4727272727272,4242.0,2906,8,1230.0,0.6850542197076851,6042.0,3.6640909090909086,22.0,98.38227272727272,34.09090909090909,3.6411784177424695,participant_image,4809.0,207.0,351.375,-14.0,-127.93863636363619,-7.560227272727161,286.0,875,-4,5030.0,0.1499722820590994,4809.0,0.5659090909090918,-14.0,7.165227272727279,23.909090909090907,-2.9039191789626337,-0.5659090909090918,0.6811266105165855,0.6549938936469663,-2.983695851345604,1.203501149990257,-0.4188024985372682,-0.17257533914581275
edf32,30,English,sentence_audio,passive,10758.0,4426.0,368.83333333333326,12.0,790.1250000000001,553.0083333333333,4646.0,4426,3,6020.0,0.9526474386569092,10758.0,2.2575,12.0,72.2575,28.83333333333333,1.1154489682097044,exp_images/audio\ENGLISH\p_tabla.wav,IMG_11_E_PWA,exp_images/images/child_play_tabla.jpg,IMG_11,exp_images/sentences/passive_child_tabla.jpg,STIM_83,stimuli_list_subj_8_a.csv,PWA,passive_with_agent,non_agent_first,agent_overt,1.0,0.0,5995.0,4421.0,368.41666666666674,12.0,882.0166666666668,546.7916666666666,4639.0,3579,4,1252.0,0.7715024789825393,5995.0,2.5391666666666666,12.0,76.02583333333331,29.5,2.001668056713928,participant_image,4763.0,5.0,0.4166666666665151,0.0,-91.89166666666665,6.216666666666697,7.0,847,-1,4768.0,0.18114495967436983,4763.0,-0.28166666666666673,0.0,-3.7683333333333167,-0.6666666666666714,-0.8862190885042234,0.28166666666666673,-0.041400110351725077,0.22317591668515407,0.20980300757161088,1.1682908756292516,0.16044442343329582,0.34406282259351745
edf32,31,English,sentence_audio,passive_dropped_agent,10375.0,4281.0,251.82352941176467,17.0,912.164705882353,425.6588235294117,4445.0,4139,5,5382.0,0.9311586051743532,10375.0,3.2352941176470584,17.0,83.18117647058824,32.23529411764706,1.6385542168674698,exp_images/audio\ENGLISH\p_woa_draw.wav,IMG_07_E_PNA,exp_images/images/artiste_drew_picture.jpg,IMG_07,exp_images/sentences/noagent_artist_picture.jpg,STIM_97,stimuli_list_subj_8_a.csv,PNA,passive_dropped_agent,non_agent_first,agent_dropped,1.0,1.0,5693.0,4441.0,403.7272727272728,11.0,871.5363636363637,372.46363636363634,4652.0,4199,5,701.0,0.90262252794497,5693.0,3.0272727272727282,11.0,85.29272727272728,30.90909090909091,1.9321974354470404,participant_image,4682.0,-160.0,-151.90374331550814,6.0,40.6283422459893,53.19518716577534,-207.0,-60,0,4681.0,0.028536077229383228,4682.0,0.2080213903743302,6.0,-2.1115508021390355,1.326203208556148,-0.29364321857957054,-0.2080213903743302,-0.3549859577098748,-0.1295466882589004,1.5784453756789887,0.027729488292401242,-0.1742162806175631,0.18948518747701035
edf32,32,English,sentence_audio,passive_dropped_agent,10265.0,4127.0,375.1818181818182,11.0,949.2909090909088,599.6363636363636,4401.0,3499,5,5272.0,0.7950465803226541,10265.0,2.7790909090909093,11.0,140.44545454545454,53.81818181818182,1.071602532878714,exp_images/audio\ENGLISH\p_woa_cake.wav,IMG_15_E_PNA,exp_images/images/girl_baked_cake.jpg,IMG_15,exp_images/sentences/noagent_girl_cake.jpg,STIM_105,stimuli_list_subj_8_a.csv,PNA,passive_dropped_agent,non_agent_first,agent_dropped,1.0,1.0,5799.0,4441.0,403.7272727272728,11.0,934.7,585.0909090909091,4684.0,4052,4,807.0,0.8650725875320239,5799.0,2.1372727272727268,11.0,71.3918181818182,28.0,1.896878772202104,participant_image,4466.0,-314.0,-28.545454545454618,0.0,14.59090909090878,14.545454545454504,-283.0,-553,1,4465.0,-0.0700260072093698,4466.0,0.6418181818181825,0.0,69.05363636363634,25.81818181818182,-0.8252762393233901,-0.6418181818181825,-0.10102515549607102,-0.4587544528733512,0.20980300757161088,-0.5922228424210135,-0.4706799936940883,-0.28257588738258266
edf32,33,English,sentence_audio,passive_dropped_agent,10642.0,4202.0,420.2,10.0,1107.07,406.14,4497.0,4074,4,5968.0,0.9059372915276852,10642.0,2.374,10.0,161.964,49.6,0.9396729937981584,exp_images/audio\ENGLISH\p_woa_window.wav,IMG_02_E_PNA,exp_images/images/girl_opened_window.jpg,IMG_02,exp_images/sentences/noagent_girl_window.jpg,STIM_92,stimuli_list_subj_8_a.csv,PNA,passive_dropped_agent,non_agent_first,agent_dropped,1.0,1.0,6067.0,4272.0,388.3636363636364,11.0,1114.7363636363634,529.3272727272728,4464.0,4272,2,1292.0,0.956989247311828,6067.0,2.8774999999999995,12.0,117.91250000000002,45.66666666666666,1.9779133014669523,participant_image,4575.0,-70.0,31.836363636363615,-1.0,-7.666363636363485,-123.18727272727278,33.0,-198,2,4676.0,-0.05105195578414279,4575.0,-0.5034999999999994,-2.0,44.051499999999976,3.9333333333333442,-1.038240307668794,0.5034999999999994,0.02328440762673742,0.06284745989240205,-0.018304053779618773,-0.14580686391541062,0.3120488958067494,0.046813969126171896
edf32,34,Punjabi,sentence_audio,active,10350.0,4052.0,368.3636363636364,11.0,833.9545454545455,692.0636363636363,4287.0,1997,3,5357.0,0.4658269185910893,10350.0,2.9799999999999995,11.0,154.6258333333334,60.0,1.0628019323671498,exp_images/audio\PUNJABI\fed.wav,IMG_16_P_ACT,exp_images/images/girl_fed_dog.jpg,IMG_16,exp_images/sentences/Fed-dog.jpg,STIM_16,stimuli_list_subj_8_a.csv,ACT,active,agent_first,agent_overt,0.0,,6048.0,4396.0,338.15384615384613,13.0,974.3923076923076,716.4846153846155,4623.0,2078,5,1310.0,0.44949167207441054,6048.0,2.2561538461538464,13.0,72.63384615384616,28.461538461538463,2.1494708994708995,participant_image,4302.0,-344.0,30.209790209790242,-2.0,-140.43776223776206,-24.42097902097919,-336.0,-81,-2,4047.0,0.01633524651667878,4302.0,0.7238461538461531,-2.0,81.99198717948723,31.538461538461537,-1.0866689671037497,-0.7238461538461531,0.01993574012825871,-0.522885835590452,-0.24641111513084843,0.0013217825216472639,-0.5267392307451699,-0.2549557317633129
edf32,35,Punjabi,sentence_audio,active,11090.0,3948.0,564.0,7.0,940.3857142857142,843.1285714285713,4815.0,4815,1,6097.0,1.0,11090.0,1.7357142857142855,7.0,63.59285714285714,25.42857142857143,0.6311992786293958,exp_images/audio\PUNJABI\veg.wav,IMG_18_P_ACT,exp_images/images/boy_cut_vegetables.jpg,IMG_18,exp_images/sentences/Veg.jpg,STIM_18,stimuli_list_subj_8_a.csv,ACT,active,agent_first,agent_overt,0.0,,5704.0,4444.0,404.0,11.0,966.3454545454547,758.4818181818181,4645.0,4645,4,711.0,1.0,5704.0,3.2381818181818183,11.0,86.16272727272727,31.63636363636364,1.9284712482468445,participant_image,5386.0,-496.0,160.0,-4.0,-25.959740259740443,84.64675324675318,170.0,170,-3,5386.0,0.0,5386.0,-1.5024675324675327,-4.0,-22.569870129870125,-6.20779220779221,-1.2972719696174486,1.5024675324675327,0.28713809942218343,-0.8478181746904294,-0.7026252378333078,0.3169567419720877,0.994759394730649,0.009682164720236596
edf32,36,Punjabi,sentence_audio,active,10979.0,4163.0,320.23076923076917,13.0,813.2846153846153,468.8615384615384,4482.0,4078,5,5987.0,0.9098616688978136,10979.0,2.470769230769231,13.0,96.26615384615386,39.230769230769226,1.1840786956917753,exp_images/audio\PUNJABI\vase.wav,IMG_08_P_ACT,exp_images/images/boy_broke_vase.jpg,IMG_08,exp_images/sentences/Vase.jpg,STIM_08,stimuli_list_subj_8_a.csv,ACT,active,agent_first,agent_overt,0.0,,5907.0,4359.0,272.4375,16.0,922.43125,488.9187500000001,4555.0,4555,5,914.0,1.0,5907.0,2.248125,16.0,72.6025,27.375,2.7086507533434907,participant_image,5072.0,-196.0,47.79326923076917,-3.0,-109.14663461538464,-20.05721153846173,-73.0,-477,0,5073.0,-0.09013833110218639,5072.0,0.22264423076923112,-3.0,23.66365384615385,11.855769230769226,-1.5245720576517154,-0.22264423076923112,0.05613528928219806,-0.20650434751942137,-0.4745181764820781,-0.4966520977268563,-0.1842097652276466,-0.2611498195347609
edf33,19,Punjabi,sentence_audio,passive_dropped_agent,10383.0,4242.0,471.33333333333326,9.0,1002.1555555555556,581.8555555555555,4531.0,4242,6,5842.0,0.936217170602516,10383.0,2.998,10.0,103.642,48.0,0.9631127805065974,exp_images/audio\PUNJABI\p_woa_letter.wav,IMG_17_P_PNA,exp_images/images/women_read_letter.jpg,IMG_17,exp_images/sentences/Letter-woa.jpg,STIM_53,stimuli_list_subj_9_a.csv,PNA,passive_dropped_agent,non_agent_first,agent_dropped,1.0,1.0,5719.0,4409.0,440.9,10.0,1037.75,533.1600000000002,4481.0,4481,5,726.0,1.0,5719.0,2.852,10.0,82.93700000000003,51.2,1.7485574401119075,participant_image,4664.0,-167.0,30.43333333333328,-1.0,-35.594444444444434,48.6955555555553,50.0,-239,1,5116.0,-0.06378282939748403,4664.0,0.14600000000000035,0.0,20.70499999999997,-3.200000000000003,-0.7854446596053101,-0.14600000000000035,0.020395953961884386,-0.14451067755955724,-0.018304053779618773,-0.19736476565831124,-0.1318298636518157,-0.09432268133748371
edf33,20,Punjabi,sentence_audio,passive_dropped_agent,10546.0,4434.0,739.0,6.0,958.9833333333336,504.55,4648.0,4446,3,5554.0,0.9565404475043028,10546.0,1.5816666666666668,6.0,88.77166666666666,57.33333333333334,0.5689360895126114,exp_images/audio\PUNJABI\p_woa_tub.wav,IMG_09_P_PNA,exp_images/images/boy_filled_bucket.jpg,IMG_09,exp_images/sentences/Bucket-woa.jpg,STIM_45,stimuli_list_subj_9_a.csv,PNA,passive_dropped_agent,non_agent_first,agent_dropped,1.0,1.0,5859.0,4212.0,351.0,12.0,1011.2833333333334,487.5083333333334,4426.0,4426,6,866.0,1.0,5859.0,2.433076923076923,13.0,78.66230769230769,45.07692307692307,2.218808670421573,participant_image,4687.0,222.0,388.0,-6.0,-52.29999999999984,17.04166666666663,222.0,20,-3,4688.0,-0.04345955249569722,4687.0,-0.8514102564102564,-7.0,10.109358974358969,12.25641025641027,-1.6498725809089616,0.8514102564102564,0.7565274163628689,0.6870595850055167,-1.1588393605357672,0.12833027218098783,0.5498163677363818,0.1925788561499976
edf33,21,Punjabi,sentence_audio,passive_dropped_agent,11128.0,4218.0,468.66666666666674,9.0,949.3666666666667,562.3444444444443,4502.0,4502,5,6136.0,1.0,11128.0,4.011111111111111,9.0,104.24555555555555,54.444444444444436,0.8087706685837527,exp_images/audio\PUNJABI\p_woa_clothes.wav,IMG_06_P_PNA,exp_images/images/women_fold_clothes.jpg,IMG_06,exp_images/sentences/Folded-clothes-woa.jpg,STIM_42,stimuli_list_subj_9_a.csv,PNA,passive_dropped_agent,non_agent_first,agent_dropped,1.0,1.0,5676.0,3918.0,391.8,10.0,981.08,504.12,4193.0,3068,4,1142.0,0.7316956832816599,5676.0,2.95,11.0,100.58636363636364,74.54545454545455,1.937984496124031,participant_image,5452.0,300.0,76.86666666666673,-1.0,-31.713333333333367,58.224444444444316,309.0,1434,1,4994.0,0.2683043167183401,5452.0,1.061111111111111,-2.0,3.659191919191912,-20.10101010101011,-1.129213827540278,-1.061111111111111,0.1159894215786061,0.8538011800699787,-0.018304053779618773,1.9064491274117559,-0.7572315338084732,0.4201408282944497
edf33,22,English,sentence_audio,active,10887.0,4361.0,484.5555555555555,9.0,935.6333333333334,452.3444444444446,4590.0,4590,5,5895.0,1.0,10887.0,1.5344444444444445,9.0,76.35555555555554,44.66666666666666,0.8266740148801323,exp_images/audio\ENGLISH\door.wav,IMG_10_E_ACT,exp_images/images/boy_opened_door.jpg,IMG_10,exp_images/sentences/active_boy_door.jpg,STIM_64,stimuli_list_subj_9_a.csv,ACT,active,agent_first,agent_overt,0.0,,5873.0,4297.0,429.7,10.0,906.75,524.73,4504.0,4504,5,881.0,1.0,5873.0,2.22,10.0,81.334,48.8,1.7027073046143368,participant_image,5014.0,64.0,54.8555555555555,-1.0,28.88333333333344,-72.38555555555541,86.0,86,0,5014.0,0.0,5014.0,-0.6855555555555557,-1.0,-4.978444444444463,-4.13333333333334,-0.8760332897342046,0.6855555555555557,0.07067459522093052,0.349300969362119,-0.018304053779618773,0.21132591888907176,0.43646859427101464,0.20989320479270343
edf33,23,English,sentence_audio,active,10708.0,4592.0,918.4,5.0,912.0,424.74,4828.0,2274,4,5716.0,0.4710024855012427,10708.0,2.822,5.0,84.88199999999998,32.8,0.4669406051550243,exp_images/audio\ENGLISH\lamp.wav,IMG_01_E_ACT,exp_images/images/girl_lighted_lamp.jpg,IMG_01,exp_images/sentences/active_girl_lamp.jpg,STIM_55,stimuli_list_subj_9_a.csv,ACT,active,agent_first,agent_overt,0.0,,6084.0,3806.0,292.76923076923083,13.0,903.0153846153846,540.6230769230771,4066.0,4066,7,1092.0,1.0,6084.0,4.266153846153847,13.0,110.3623076923077,71.23076923076924,2.1367521367521367,participant_image,4624.0,786.0,625.6307692307691,-8.0,8.984615384615381,-115.88307692307706,762.0,-1792,-3,4624.0,-0.5289975144987573,4624.0,-1.4441538461538466,-8.0,-25.48030769230772,-38.43076923076924,-1.6698115315971125,1.4441538461538466,1.2457438394037479,1.8927295800870119,-1.6150534832382264,-2.1502774828954982,0.9549068824283011,0.06560986715706725
edf33,24,English,sentence_audio,active,10273.0,4146.0,296.14285714285717,14.0,947.6142857142858,475.6785714285714,4207.0,4207,5,5281.0,1.0,10273.0,3.278666666666666,15.0,101.90799999999999,53.6,1.4601382264187677,exp_images/audio\ENGLISH\scooter.wav,IMG_14_E_ACT,exp_images/images/driver_wash_scooter.jpg,IMG_14,exp_images/sentences/active_driver_scooter.jpg,STIM_68,stimuli_list_subj_9_a.csv,ACT,active,agent_first,agent_overt,0.0,,6080.0,4210.0,382.7272727272728,11.0,935.8909090909093,446.77272727272725,4462.0,4462,5,1088.0,1.0,6080.0,3.079090909090909,11.0,92.48545454545454,48.18181818181818,1.8092105263157892,participant_image,4193.0,-64.0,-86.58441558441564,3.0,11.723376623376453,28.905844155844136,-255.0,-255,0,4193.0,0.0,4193.0,0.19957575757575707,4.0,9.422545454545443,5.4181818181818215,-0.3490722998970215,-0.19957575757575707,-0.22051141987337353,0.0756737364358222,0.8941241916252998,-0.21748492243602857,-0.1684443991557106,0.07267143731920185
edf33,25,English,sentence_audio,passive,10324.0,4214.0,301.0,14.0,973.3785714285716,425.55000000000007,4246.0,3572,7,5332.0,0.8412623645784267,10324.0,2.09,14.0,85.94285714285714,53.28571428571429,1.3560635412630764,exp_images/audio\ENGLISH\p_box.wav,IMG_05_E_PWA,exp_images/images/man_pushed_box.jpg,IMG_05,exp_images/sentences/passive_man_box.jpg,STIM_77,stimuli_list_subj_9_a.csv,PWA,passive_with_agent,non_agent_first,agent_overt,1.0,0.0,5665.0,4403.0,366.91666666666674,12.0,986.5416666666665,435.05,4602.0,4602,4,673.0,1.0,5665.0,2.845,12.0,82.44749999999998,32.5,2.118270079435128,participant_image,4659.0,-189.0,-65.91666666666674,2.0,-13.163095238094911,-9.499999999999943,-356.0,-1030,3,4659.0,-0.15873763542157326,4659.0,-0.7550000000000003,2.0,3.4953571428571593,20.785714285714292,-0.7622065381720518,0.7550000000000003,-0.17796220694704132,-0.1915403582187645,0.6660171302740702,-1.1920550163567112,0.4839280459281191,-0.08232248106406555
edf33,26,English,sentence_audio,passive,10566.0,4188.0,465.33333333333326,9.0,837.5555555555555,538.9555555555555,4452.0,4452,7,5574.0,1.0,10566.0,4.422222222222222,9.0,102.53777777777779,60.0,0.8517887563884157,exp_images/audio\ENGLISH\p_sapling.wav,IMG_03_E_PWA,exp_images/images/girl_plant_tree.jpg,IMG_03,exp_images/sentences/passive_girl_sapling.jpg,STIM_75,stimuli_list_subj_9_a.csv,PWA,passive_with_agent,non_agent_first,agent_overt,1.0,0.0,5797.0,4338.0,394.3636363636364,11.0,965.3090909090907,542.9,4607.0,3827,5,805.0,0.8306924245713045,5797.0,3.4627272727272724,11.0,95.65636363636364,35.09090909090909,1.89753320683112,participant_image,4769.0,-150.0,70.96969696969688,-2.0,-127.7535353535352,-3.944444444444457,-155.0,625,2,4769.0,0.16930757542869546,4769.0,0.9594949494949492,-2.0,6.8814141414141545,24.909090909090907,-1.0457444504427043,-0.9594949494949492,0.10384918220105963,-0.10816956068653345,-0.24641111513084843,0.8891237003384239,-0.687785412547314,-0.009878641165042445
edf33,27,English,sentence_audio,passive,10787.0,4047.0,269.8,15.0,838.9333333333333,415.54,4289.0,4289,4,5794.0,1.0,10787.0,1.920666666666667,15.0,78.27266666666667,46.93333333333333,1.3905627143784185,exp_images/audio\ENGLISH\p_shrub.wav,IMG_04_E_PWA,exp_images/images/man_cut_shrub.jpg,IMG_04,exp_images/sentences/passive_man_shrub.jpg,STIM_76,stimuli_list_subj_9_a.csv,PWA,passive_with_agent,non_agent_first,agent_overt,1.0,0.0,6125.0,3753.0,312.75,12.0,871.0083333333333,554.8166666666667,3999.0,3999,7,1132.0,1.0,6125.0,4.762499999999998,12.0,114.87416666666664,82.83333333333333,1.959183673469388,participant_image,4662.0,294.0,-42.94999999999999,3.0,-32.075000000000045,-139.2766666666667,290.0,290,-3,4662.0,0.0,4662.0,-2.8418333333333314,3.0,-36.60149999999997,-35.9,-0.5686209590909694,2.8418333333333314,-0.13068015440725572,0.8409749035265586,0.8941241916252998,0.4678579178049676,1.9101035520047653,0.7964760821108671
edf33,28,English,sentence_audio,passive_dropped_agent,11116.0,4338.0,271.125,16.0,978.6875,694.425,4507.0,4099,6,6123.0,0.9094741513201686,11116.0,2.29125,16.0,72.226875,30.375,1.439366678661389,exp_images/audio\ENGLISH\p_woa_dug.wav,IMG_13_E_PNA,exp_images/images/dog_dug_hole.jpg,IMG_13,exp_images/sentences/noagent_dog_hole.jpg,STIM_103,stimuli_list_subj_9_a.csv,PNA,passive_dropped_agent,non_agent_first,agent_dropped,1.0,1.0,5639.0,3753.0,312.75,12.0,947.4916666666667,637.975,3933.0,2789,5,646.0,0.7091278921942538,5639.0,2.5033333333333334,12.0,110.455,88.33333333333331,2.12803688597269,participant_image,5477.0,585.0,-41.625,4.0,31.195833333333326,56.44999999999993,574.0,1310,1,5477.0,0.20034625912591486,5477.0,-0.21208333333333362,4.0,-38.22812499999999,-57.958333333333314,-0.6886702073113011,0.21208333333333362,-0.12795234368380656,1.4630493158824365,1.1222312529765295,1.7505179123844465,0.11289005287287744,0.8641472380864968
edf33,29,English,sentence_audio,passive_dropped_agent,10694.0,4000.0,307.6923076923077,13.0,986.0615384615387,327.8384615384616,4207.0,3832,7,5940.0,0.9108628476348942,10694.0,3.5476923076923077,13.0,106.14461538461538,60.46153846153846,1.215634935477838,exp_images/audio\ENGLISH\p_woa_frisbee.wav,IMG_12_E_PNA,exp_images/images/child_throw_frisbee.jpg,IMG_12,exp_images/sentences/noagent_child_frisbee.jpg,STIM_102,stimuli_list_subj_9_a.csv,PNA,passive_dropped_agent,non_agent_first,agent_dropped,1.0,1.0,6025.0,4259.0,283.93333333333334,15.0,1004.26,441.92,4479.0,3547,4,1496.0,0.7919178388033044,6025.0,3.068,15.0,85.08600000000001,34.4,2.489626556016597,participant_image,4669.0,-259.0,23.758974358974342,-2.0,-18.198461538461288,-114.0815384615384,-272.0,285,3,4444.0,0.11894500883158987,4669.0,0.47969230769230764,-2.0,21.058615384615365,26.06153846153846,-1.2739916205387591,-0.47969230769230764,0.0066552837864840494,-0.341180251225333,-0.24641111513084843,0.4615703688119309,-0.35988056046371286,-0.09584925484429588
edf33,30,English,sentence_audio,passive_dropped_agent,10871.0,4595.0,919.0,5.0,894.1,446.16,4647.0,4595,3,5966.0,0.9888099849365182,10871.0,4.208,5.0,108.012,69.2,0.4599392880139822,exp_images/audio\ENGLISH\p_woa_tabla.wav,IMG_11_E_PNA,exp_images/images/child_play_tabla.jpg,IMG_11,exp_images/sentences/noagent_child_tabla.jpg,STIM_101,stimuli_list_subj_9_a.csv,PNA,passive_dropped_agent,non_agent_first,agent_dropped,1.0,1.0,5804.0,4196.0,466.22222222222223,9.0,904.6333333333333,426.6222222222222,4508.0,3758,4,1156.0,0.8336291038154392,5804.0,3.27,9.0,97.54888888888887,53.77777777777778,1.5506547208821502,participant_image,5067.0,399.0,452.77777777777777,-4.0,-10.533333333333303,19.53777777777782,139.0,837,-1,4810.0,0.15518088112107897,5067.0,0.9380000000000002,-4.0,10.463111111111132,15.422222222222224,-1.0907154328681679,-0.9380000000000002,0.8898870517314945,1.0654347430364115,-0.7026252378333078,1.1557157776431783,-0.6730954179107589,0.3470633833334035
edf33,31,Punjabi,sentence_audio,active,10628.0,4084.0,371.27272727272725,11.0,909.7,380.58181818181816,4312.0,4312,6,5636.0,1.0,10628.0,3.4909090909090907,11.0,105.54454545454546,61.81818181818182,1.0350018818216034,exp_images/audio\PUNJABI\picture.wav,IMG_07_P_ACT,exp_images/images/artiste_drew_picture.jpg,IMG_07,exp_images/sentences/Painting.jpg,STIM_07,stimuli_list_subj_9_a.csv,ACT,active,agent_first,agent_overt,0.0,,5943.0,4155.0,296.7857142857143,14.0,851.6428571428571,382.95714285714286,4385.0,4093,4,950.0,0.9334093500570124,5943.0,2.4914285714285715,14.0,78.9092857142857,43.42857142857143,2.3557126030624267,participant_image,4685.0,-71.0,74.48701298701297,-3.0,58.057142857142935,-2.3753246753246913,-73.0,219,2,4686.0,0.06659064994298758,4685.0,0.9994805194805192,-3.0,26.635259740259755,18.38961038961039,-1.3207107212408233,-0.9994805194805192,0.11109036888014967,0.06070974713516535,-0.4745181764820781,0.378574722103847,-0.7151121949975656,-0.12785110667209634
edf33,32,Punjabi,sentence_audio,active,11112.0,3914.0,326.1666666666667,12.0,909.0416666666667,480.7166666666666,4094.0,3216,6,6120.0,0.7855398143624817,11112.0,2.12,12.0,103.525,74.83333333333333,1.079913606911447,exp_images/audio\PUNJABI\cake.wav,IMG_15_P_ACT,exp_images/images/girl_baked_cake.jpg,IMG_15,exp_images/sentences/Cake.jpg,STIM_15,stimuli_list_subj_9_a.csv,ACT,active,agent_first,agent_overt,0.0,,5939.0,4393.0,366.08333333333326,12.0,919.875,499.52500000000015,4627.0,3033,5,946.0,0.6555003241841366,5939.0,2.4291666666666667,12.0,78.03833333333333,30.5,2.0205421788179834,participant_image,5173.0,-479.0,-39.91666666666657,0.0,-10.833333333333258,-18.808333333333564,-533.0,183,1,5174.0,0.13003949017834504,5173.0,-0.3091666666666666,0.0,25.48666666666668,44.33333333333333,-0.9406285719065364,0.3091666666666666,-0.1244353550152084,-0.8114770578174056,0.20980300757161088,0.33330436935398305,0.17923836628950904,-0.042713333923502225
edf33,33,Punjabi,sentence_audio,active,10919.0,3983.0,234.29411764705884,17.0,1063.2941176470588,449.57058823529417,4176.0,3779,6,6142.0,0.9049329501915708,10919.0,2.554117647058824,17.0,90.45294117647059,48.0,1.5569191317886253,exp_images/audio\PUNJABI\window.wav,IMG_02_P_ACT,exp_images/images/girl_opened_window.jpg,IMG_02,exp_images/sentences/Window.jpg,STIM_02,stimuli_list_subj_9_a.csv,ACT,active,agent_first,agent_overt,0.0,,5938.0,4400.0,366.66666666666674,12.0,1134.3916666666667,474.23333333333335,4648.0,4442,3,946.0,0.9556798623063684,5938.0,2.1966666666666668,12.0,69.625,28.66666666666667,2.020882452004042,participant_image,4981.0,-417.0,-132.3725490196079,5.0,-71.09754901960787,-24.66274509803918,-472.0,-663,3,5196.0,-0.05074691211479754,4981.0,0.3574509803921573,5.0,20.82794117647059,19.33333333333333,-0.46396332021541675,-0.3574509803921573,-0.3147765982818554,-0.6789388668687306,1.3503383143277592,-0.7305489202678201,-0.27633886882928765,-0.1300529879839869
edf33,34,Punjabi,sentence_audio,passive,10993.0,4521.0,502.33333333333326,9.0,880.8333333333333,616.9333333333334,4730.0,3708,4,6236.0,0.7839323467230443,10993.0,2.28,9.0,76.34333333333333,29.11111111111111,0.8187028108796507,exp_images/audio\PUNJABI\p_fed.wav,IMG_16_P_PWA,exp_images/images/girl_fed_dog.jpg,IMG_16,exp_images/sentences/Fed-dog-passive.jpg,STIM_34,stimuli_list_subj_9_a.csv,PWA,passive_with_agent,non_agent_first,agent_overt,1.0,0.0,5757.0,4049.0,368.09090909090907,11.0,872.8818181818183,687.9909090909091,4308.0,1876,4,1052.0,0.43546889507892295,5757.0,3.158181818181818,11.0,103.08363636363636,62.18181818181818,1.9107173875282264,participant_image,5236.0,472.0,134.2424242424242,-2.0,7.951515151514968,-71.0575757575757,422.0,1832,0,5184.0,0.3484634516441214,5236.0,-0.8781818181818184,-2.0,-26.740303030303025,-33.07070707070707,-1.0920145766485758,0.8781818181818184,0.23411033235684803,1.22148777431469,-0.24641111513084843,2.406938027257474,0.5681124841766116,0.836847500594955
edf33,35,Punjabi,sentence_audio,passive,10179.0,3965.0,305.0,13.0,957.7769230769233,634.4000000000002,4284.0,4284,4,5187.0,1.0,10179.0,2.2153846153846155,13.0,84.63153846153847,54.46153846153846,1.277139208173691,exp_images/audio\PUNJABI\p_veg.wav,IMG_18_P_PWA,exp_images/images/boy_cut_vegetables.jpg,IMG_18,exp_images/sentences/Veg-passive.jpg,STIM_36,stimuli_list_subj_9_a.csv,PWA,passive_with_agent,non_agent_first,agent_overt,1.0,0.0,5771.0,4377.0,364.75,12.0,978.0583333333333,564.6666666666666,4411.0,3965,4,778.0,0.8988891407844026,5771.0,2.8416666666666663,12.0,85.0975,48.5,2.0793623288858085,participant_image,4408.0,-412.0,-59.75,1.0,-20.281410256410027,69.73333333333358,-127.0,319,0,4409.0,0.10111085921559737,4408.0,-0.6262820512820508,1.0,-0.4659615384615279,5.96153846153846,-0.8022231207121175,0.6262820512820508,-0.16526673565551678,-0.6682503030825472,0.4379100689228405,0.5043257019645803,0.3959601269181504,0.10093577181350147
edf33,36,Punjabi,sentence_audio,passive,10853.0,3775.0,314.5833333333333,12.0,812.75,395.16666666666674,4537.0,4537,5,5860.0,1.0,10853.0,1.7891666666666666,12.0,74.86416666666666,38.0,1.1056850640375933,exp_images/audio\PUNJABI\p_vase.wav,IMG_08_P_PWA,exp_images/images/boy_broke_vase.jpg,IMG_08,exp_images/sentences/Vase-passive.jpg,STIM_26,stimuli_list_subj_9_a.csv,PWA,passive_with_agent,non_agent_first,agent_overt,1.0,0.0,5908.0,4100.0,512.5,8.0,877.1,434.4,4336.0,4336,3,916.0,1.0,5908.0,1.97,8.0,104.6725,82.0,1.3540961408259986,participant_image,4945.0,-325.0,-197.91666666666669,4.0,-64.35000000000002,-39.233333333333235,201.0,201,2,4944.0,0.0,4945.0,-0.1808333333333334,4.0,-29.808333333333337,-44.0,-0.24841107678840535,0.1808333333333334,-0.4497139167548065,-0.48226929320295486,1.1222312529765295,0.355939545728915,0.09153329962718035,0.12754417767497267
edf34,19,English,sentence_audio,active,10598.0,4288.0,389.8181818181818,11.0,1000.0363636363637,546.3909090909091,4498.0,4498,5,5608.0,1.0,10598.0,2.8345454545454545,11.0,114.50909090909092,44.72727272727273,1.037931685223627,exp_images/audio\ENGLISH\letter.wav,IMG_17_E_ACT,exp_images/images/women_read_letter.jpg,IMG_17,exp_images/sentences/active_women_letter.jpg,STIM_71,stimuli_list_subj_10_a.csv,ACT,active,agent_first,agent_overt,0.0,,5995.0,3403.0,261.76923076923083,13.0,994.8384615384616,509.66153846153844,3611.0,3611,5,1168.0,1.0,5995.0,3.170714285714286,14.0,165.08642857142857,105.28571428571428,2.335279399499583,participant_image,4603.0,885.0,128.04895104895098,-2.0,5.197902097902102,36.729370629370635,887.0,887,0,4440.0,0.0,4603.0,-0.33616883116883134,-3.0,-50.577337662337655,-60.55844155844155,-1.297347714275956,0.33616883116883134,0.22135967379643207,2.1043631430534444,-0.24641111513084843,1.218591267573545,0.19769208034942742,0.6991190099284001
edf34,20,English,sentence_audio,active,11148.0,4136.0,344.66666666666674,12.0,943.1083333333332,526.4499999999998,4348.0,4228,6,6156.0,0.9724011039558418,11148.0,2.2225,12.0,144.78923076923076,50.615384615384606,1.0764262648008611,exp_images/audio\ENGLISH\bucket.wav,IMG_09_E_ACT,exp_images/images/boy_filled_bucket.jpg,IMG_09,exp_images/sentences/active_boy_bucket.jpg,STIM_63,stimuli_list_subj_10_a.csv,ACT,active,agent_first,agent_overt,0.0,,5792.0,3606.0,225.375,16.0,975.5812500000003,456.11875,3770.0,3534,7,800.0,0.9374005305039788,5792.0,1.90125,16.0,134.10437499999998,76.375,2.7624309392265194,participant_image,5356.0,530.0,119.29166666666674,-4.0,-32.47291666666706,70.33124999999984,578.0,694,-1,5356.0,0.035000573451863026,5356.0,0.32125000000000004,-4.0,10.68485576923078,-25.759615384615394,-1.6860046744256583,-0.32125000000000004,0.20333083285583675,1.3454751142344181,-0.7026252378333078,0.9758918764423299,-0.25159853585368397,0.3140948099691186
edf34,21,English,sentence_audio,active,10879.0,3819.0,254.6,15.0,937.4066666666668,581.3199999999998,3833.0,3833,6,5886.0,1.0,10879.0,2.772,15.0,127.97666666666666,77.33333333333333,1.3788031988234213,exp_images/audio\ENGLISH\clothes.wav,IMG_06_E_ACT,exp_images/images/women_fold_clothes.jpg,IMG_06,exp_images/sentences/active_woman_clothes.jpg,STIM_60,stimuli_list_subj_10_a.csv,ACT,active,agent_first,agent_overt,0.0,,5879.0,3209.0,213.9333333333333,15.0,963.0133333333333,466.1333333333334,3519.0,3209,6,1316.0,0.911906791702188,5879.0,2.5681249999999998,16.0,206.254375,100.0,2.7215512842320124,participant_image,5000.0,610.0,40.666666666666686,0.0,-25.60666666666657,115.18666666666644,314.0,624,0,4570.0,0.08809320829781198,5000.0,0.20387500000000003,-1.0,-78.27770833333335,-22.66666666666667,-1.3427480854085911,-0.20387500000000003,0.04146357388890068,1.5164921348133538,0.20980300757161088,0.8878661905398166,-0.17138257066284623,0.4968484672301671
edf34,22,English,sentence_audio,passive,10469.0,4443.0,634.7142857142858,7.0,900.2999999999997,435.45714285714286,4599.0,4599,6,5476.0,1.0,10469.0,1.5514285714285714,7.0,118.26857142857143,56.28571428571429,0.6686407488776388,exp_images/audio\ENGLISH\p_door.wav,IMG_10_E_PWA,exp_images/images/boy_opened_door.jpg,IMG_10,exp_images/sentences/passive_boy_door.jpg,STIM_82,stimuli_list_subj_10_a.csv,PWA,passive_with_agent,non_agent_first,agent_overt,1.0,0.0,5659.0,3663.0,305.25,12.0,908.0583333333334,455.68333333333334,3809.0,3809,12,666.0,1.0,5659.0,1.9116666666666664,12.0,144.3783333333334,98.66666666666669,2.120515992224775,participant_image,4810.0,780.0,329.4642857142858,-5.0,-7.758333333333667,-20.22619047619048,790.0,790,-6,4810.0,0.0,4810.0,-0.360238095238095,-5.0,-26.109761904761953,-42.380952380952394,-1.451875243347136,0.360238095238095,0.6360184736207349,1.8799033035435917,-0.9307322991845375,1.0966128171086338,0.21414140302247653,0.57918873962218
edf34,23,English,sentence_audio,passive,10313.0,4029.0,309.92307692307685,13.0,984.7384615384616,457.16153846153844,4225.0,4225,5,5320.0,1.0,10313.0,3.4215384615384616,13.0,134.48461538461538,59.07692307692307,1.2605449432754774,exp_images/audio\ENGLISH\p_lamp.wav,IMG_01_E_PWA,exp_images/images/girl_lighted_lamp.jpg,IMG_01,exp_images/sentences/passive_girl_lamp.jpg,STIM_73,stimuli_list_subj_10_a.csv,PWA,passive_with_agent,non_agent_first,agent_overt,1.0,0.0,6092.0,3940.0,246.25,16.0,969.3125,515.01875,4117.0,3953,4,1099.0,0.960165168812242,6092.0,3.69375,16.0,131.44125,54.75,2.6263952724885096,participant_image,4221.0,89.0,63.67307692307685,-3.0,15.425961538461593,-57.85721153846151,108.0,272,1,4221.0,0.03983483118775799,4221.0,-0.27221153846153845,-3.0,3.0433653846153845,4.326923076923073,-1.3658503292130322,0.27221153846153845,0.08882744755343379,0.40274378829303636,-0.4745181764820781,0.4452227414300356,0.1539826365538285,0.12325168746965123
edf34,24,English,sentence_audio,passive,10322.0,3760.0,250.66666666666663,15.0,731.6399999999999,430.96,4000.0,3610,5,5598.0,0.9025,10322.0,4.128235294117647,17.0,139.7476470588235,64.23529411764707,1.646967641929859,exp_images/audio\ENGLISH\p_scooter.wav,IMG_14_E_PWA,exp_images/images/driver_wash_scooter.jpg,IMG_14,exp_images/sentences/passive_driver_scooter.jpg,STIM_86,stimuli_list_subj_10_a.csv,PWA,passive_with_agent,non_agent_first,agent_overt,1.0,0.0,6079.0,4032.0,237.17647058823533,17.0,850.9294117647058,559.4411764705883,4214.0,3856,3,1086.0,0.9150450878025628,6079.0,3.78,17.0,157.40888888888892,44.33333333333334,2.7965125843066296,participant_image,4243.0,-272.0,13.490196078431296,-2.0,-119.28941176470596,-128.4811764705883,-214.0,-246,2,4512.0,-0.012545087802562804,4243.0,0.348235294117647,0.0,-17.66124183006542,19.90196078431373,-1.1495449423767707,-0.348235294117647,-0.014485307542110018,-0.3689705170694101,-0.24641111513084843,-0.20616733424856257,-0.2700407204211445,-0.2212149988824151
edf34,25,English,sentence_audio,passive_dropped_agent,10475.0,3907.0,260.46666666666664,15.0,990.1933333333333,383.83333333333326,4081.0,4081,6,5654.0,1.0,10475.0,3.389375,16.0,113.918125,58.875,1.5274463007159904,exp_images/audio\ENGLISH\p_woa_box.wav,IMG_05_E_PNA,exp_images/images/man_pushed_box.jpg,IMG_05,exp_images/sentences/noagent_man_box.jpg,STIM_95,stimuli_list_subj_10_a.csv,PNA,passive_dropped_agent,non_agent_first,agent_dropped,1.0,1.0,5868.0,4112.0,257.0,16.0,920.16875,461.86875,4250.0,3766,7,876.0,0.8861176470588236,5868.0,3.758125,16.0,119.865,46.375,2.7266530334015,participant_image,4607.0,-205.0,3.46666666666664,-1.0,70.02458333333323,-78.03541666666672,-169.0,315,-1,4778.0,0.11388235294117643,4607.0,-0.36875000000000036,0.0,-5.9468749999999915,12.5,-1.1992067326855096,0.36875000000000036,-0.035120998875105995,-0.22574376233455162,-0.018304053779618773,0.4992956627701509,0.21995857581130485,0.08801708471843588
edf34,26,English,sentence_audio,passive_dropped_agent,10453.0,3933.0,207.0,19.0,845.9315789473683,534.3368421052631,4139.0,3986,9,5460.0,0.9630345494080697,10453.0,3.3710526315789466,19.0,107.29210526315788,44.94736842105264,1.8176600019133264,exp_images/audio\ENGLISH\p_woa_sapling.wav,IMG_03_E_PNA,exp_images/images/girl_plant_tree.jpg,IMG_03,exp_images/sentences/noagent_girl_sapling.jpg,STIM_93,stimuli_list_subj_10_a.csv,PNA,passive_dropped_agent,non_agent_first,agent_dropped,1.0,1.0,5740.0,4002.0,210.63157894736838,19.0,913.8947368421054,595.4684210526316,4222.0,3128,6,748.0,0.7408810990052108,5740.0,2.9625000000000004,20.0,102.124,39.4,3.484320557491289,participant_image,4713.0,-69.0,-3.631578947368382,0.0,-67.96315789473715,-61.13157894736844,-83.0,858,3,4712.0,0.22215345040285883,4713.0,0.4085526315789463,-1.0,5.168105263157884,5.547368421052639,-1.6666605555779626,-0.4085526315789463,-0.049734335104268786,0.06498517264963874,0.20980300757161088,1.1821234834139325,-0.3112625601842934,0.219182953669324
edf34,27,English,sentence_audio,passive_dropped_agent,10984.0,4328.0,393.45454545454544,11.0,944.4727272727276,420.95454545454544,4580.0,4580,5,5998.0,1.0,10984.0,3.454166666666666,12.0,88.52833333333332,36.0,1.0924981791697017,exp_images/audio\ENGLISH\p_woa_shrub.wav,IMG_04_E_PNA,exp_images/images/man_cut_shrub.jpg,IMG_04,exp_images/sentences/noagent_man_shrub.jpg,STIM_94,stimuli_list_subj_10_a.csv,PNA,passive_dropped_agent,non_agent_first,agent_dropped,1.0,1.0,5648.0,3632.0,213.64705882352942,17.0,906.1117647058824,504.68235294117653,3812.0,3812,7,756.0,1.0,5648.0,4.287894736842105,19.0,130.27736842105259,73.47368421052632,3.3640226628895187,participant_image,5336.0,696.0,179.80748663101602,-6.0,38.360962566845274,-83.7278074866311,768.0,768,-2,5242.0,0.0,5336.0,-0.833728070175439,-7.0,-41.749035087719264,-37.473684210526315,-2.271524483719817,0.833728070175439,0.3279162688083429,1.7003354319357094,-1.1588393605357672,1.0689476015392725,0.5377320769120153,0.4952184037319146
edf34,28,Punjabi,sentence_audio,active,11003.0,3733.0,207.38888888888889,18.0,959.3722222222225,635.9000000000002,3868.0,3792,8,6011.0,0.9803516028955532,11003.0,2.9177777777777782,18.0,118.03666666666666,62.444444444444436,1.635917477051713,exp_images/audio\PUNJABI\dug.wav,IMG_13_P_ACT,exp_images/images/dog_dug_hole.jpg,IMG_13,exp_images/sentences/Dog-dug.jpg,STIM_13,stimuli_list_subj_10_a.csv,ACT,active,agent_first,agent_overt,0.0,,5731.0,3607.0,225.4375,16.0,869.01875,683.2,3801.0,2992,5,738.0,0.7871612733491187,5731.0,3.486875,16.0,128.16562499999998,74.5,2.7918338858837903,participant_image,5272.0,126.0,-18.048611111111114,2.0,90.35347222222254,-47.29999999999984,67.0,800,3,5273.0,0.19319032954643456,5272.0,-0.5690972222222217,2.0,-10.128958333333316,-12.055555555555564,-1.1559164088320772,0.5690972222222217,-0.07941504071677359,0.48183916031079405,0.6660171302740702,1.109187915094707,0.35687909384205024,0.5069016517609696
edf34,29,Punjabi,sentence_audio,active,10942.0,3992.0,332.6666666666667,12.0,899.0166666666668,291.64166666666665,4130.0,3852,9,6122.0,0.9326876513317192,10942.0,3.8184615384615386,13.0,126.86692307692309,67.23076923076923,1.1880826174373968,exp_images/audio\PUNJABI\frisbee.wav,IMG_12_P_ACT,exp_images/images/child_throw_frisbee.jpg,IMG_12,exp_images/sentences/Frisbee.jpg,STIM_12,stimuli_list_subj_10_a.csv,ACT,active,agent_first,agent_overt,0.0,,5990.0,3828.0,225.17647058823533,17.0,1053.8705882352942,487.02352941176486,3973.0,3358,7,1356.0,0.8452051346589479,5990.0,4.234705882352942,17.0,134.97117647058823,60.0,2.8380634390651083,participant_image,4952.0,164.0,107.49019607843135,-5.0,-154.85392156862747,-195.3818627450982,157.0,494,2,4766.0,0.0874825166727713,4952.0,-0.4162443438914032,-4.0,-8.104253393665147,7.230769230769226,-1.6499808216277114,0.4162443438914032,0.17903484944220782,0.5630722450857885,-0.9307322991845375,0.7243899167208634,0.2524169752690637,0.15763633746667718
edf34,30,Punjabi,sentence_audio,active,10978.0,3964.0,304.92307692307685,13.0,796.8153846153847,537.3153846153846,4111.0,2614,4,6168.0,0.6358550231087327,10978.0,3.059285714285714,14.0,112.53928571428571,63.85714285714285,1.2752778283840411,exp_images/audio\PUNJABI\tabla.wav,IMG_11_P_ACT,exp_images/images/child_play_tabla.jpg,IMG_11,exp_images/sentences/Tabla.jpg,STIM_11,stimuli_list_subj_10_a.csv,ACT,active,agent_first,agent_overt,0.0,,5780.0,3764.0,198.10526315789474,19.0,925.3631578947368,520.0473684210526,3953.0,2402,7,1008.0,0.6076397672653681,5780.0,3.172105263157895,19.0,115.41263157894736,54.73684210526316,3.2871972318339098,participant_image,5198.0,200.0,106.81781376518211,-6.0,-128.5477732793521,17.26801619433195,158.0,212,-3,5160.0,0.028215255843364595,5198.0,-0.11281954887218104,-5.0,-2.873345864661644,9.12030075187969,-2.011919403449869,0.11281954887218104,0.17765059911440492,0.6400299043463094,-1.1588393605357672,0.36977215351359566,0.04505158404180921,0.014732976096070393
edf34,31,Punjabi,sentence_audio,passive,10967.0,3860.0,257.3333333333333,15.0,1115.1066666666666,701.6933333333334,3968.0,1640,8,6080.0,0.4133064516129033,10967.0,4.998823529411763,17.0,139.17882352941177,67.88235294117646,1.5501048600346494,exp_images/audio\PUNJABI\p_picture.wav,IMG_07_P_PWA,exp_images/images/artiste_drew_picture.jpg,IMG_07,exp_images/sentences/Painting-passive.jpg,STIM_25,stimuli_list_subj_10_a.csv,PWA,passive_with_agent,non_agent_first,agent_overt,1.0,0.0,5819.0,3798.0,172.63636363636363,22.0,937.3954545454544,415.57727272727277,3925.0,3925,10,827.0,1.0,5819.0,4.478695652173913,23.0,120.5113043478261,47.21739130434783,3.9525691699604737,participant_image,5148.0,62.0,84.69696969696969,-7.0,177.71121212121216,286.1160606060606,43.0,-2285,-2,5253.0,-0.5866935483870968,5148.0,0.5201278772378499,-6.0,18.667519181585675,20.664961636828636,-2.4024643099258243,-0.5201278772378499,0.13210986276646788,0.34502554384764567,-1.3869464218869967,-2.7702298136089136,-0.3875148798599805,-0.8135111417483556
edf34,32,Punjabi,sentence_audio,passive,11011.0,3603.0,277.15384615384613,13.0,921.0,451.3538461538461,3738.0,3603,9,6188.0,0.9638844301765649,11011.0,3.1607692307692314,13.0,153.5169230769231,96.46153846153848,1.1806375442739079,exp_images/audio\PUNJABI\p_cake.wav,IMG_15_P_PWA,exp_images/images/girl_baked_cake.jpg,IMG_15,exp_images/sentences/Cake-passive.jpg,STIM_33,stimuli_list_subj_10_a.csv,PWA,passive_with_agent,non_agent_first,agent_overt,1.0,0.0,6027.0,4091.0,292.2142857142857,14.0,907.0714285714287,487.31428571428575,4221.0,4019,10,1036.0,0.9521440416962804,6027.0,2.6342857142857143,14.0,112.06714285714285,55.0,2.3228803716608595,participant_image,4984.0,-488.0,-15.06043956043959,-1.0,13.928571428571331,-35.960439560439625,-483.0,-416,-1,5152.0,0.01174038848028447,4984.0,0.5264835164835171,-1.0,41.44978021978024,41.46153846153848,-1.1422428273869516,-0.5264835164835171,-0.07326321701909247,-0.8307164726325359,-0.018304053779618773,-0.41994400001180904,-0.39185842607080873,-0.34681723390277297
edf34,33,Punjabi,sentence_audio,passive,10429.0,4231.0,302.2142857142857,14.0,1171.2285714285715,409.2214285714286,4362.0,4362,3,5437.0,1.0,10429.0,3.016428571428572,14.0,103.73714285714284,45.0,1.3424105858663342,exp_images/audio\PUNJABI\p_window.wav,IMG_02_P_PWA,exp_images/images/girl_opened_window.jpg,IMG_02,exp_images/sentences/Window-passive.jpg,STIM_20,stimuli_list_subj_10_a.csv,PWA,passive_with_agent,non_agent_first,agent_overt,1.0,0.0,6032.0,4008.0,286.2857142857143,14.0,935.2214285714286,479.54999999999984,4161.0,3678,5,1220.0,0.8839221341023792,6032.0,2.9085714285714284,14.0,117.04785714285715,59.42857142857143,2.3209549071618043,participant_image,4397.0,223.0,15.928571428571445,0.0,236.00714285714287,-70.32857142857125,201.0,684,-2,4217.0,0.11607786589762081,4397.0,0.10785714285714354,0.0,-13.310714285714312,-14.42857142857143,-0.9785443212954701,-0.10785714285714354,-0.009465363068218399,0.6891972977627534,0.20980300757161088,0.9633167784562565,-0.10576242083306812,0.3494178599778669
edf34,34,Punjabi,sentence_audio,passive_dropped_agent,10492.0,4010.0,401.0,10.0,896.7800000000002,706.1,4146.0,1296,5,5666.0,0.3125904486251809,10492.0,2.7680000000000002,10.0,143.701,84.6,0.9531071292413268,exp_images/audio\PUNJABI\p_woa_fed.wav,IMG_16_P_PNA,exp_images/images/girl_fed_dog.jpg,IMG_16,exp_images/sentences/Fed-dog-woa.jpg,STIM_52,stimuli_list_subj_10_a.csv,PNA,passive_dropped_agent,non_agent_first,agent_dropped,1.0,1.0,6033.0,3643.0,214.29411764705884,17.0,954.6294117647058,690.3176470588236,3815.0,3065,7,1252.0,0.8034076015727392,6033.0,3.272941176470588,17.0,130.74411764705886,69.17647058823529,2.8178352395159956,participant_image,4459.0,367.0,186.70588235294116,-7.0,-57.849411764705565,15.782352941176441,331.0,-1769,-2,4414.0,-0.4908171529475583,4459.0,-0.5049411764705876,-7.0,12.956882352941136,15.423529411764704,-1.864728110274669,0.5049411764705876,0.3421181690535227,0.9970279348048372,-1.3869464218869967,-2.1213547575275298,0.3130338190152568,-0.37122425130818193
edf34,35,Punjabi,sentence_audio,passive_dropped_agent,10642.0,3744.0,288.0,13.0,968.5769230769231,474.77692307692314,3902.0,3560,4,5846.0,0.9123526396719632,10642.0,4.473571428571428,14.0,149.23214285714286,79.14285714285714,1.3155421913174217,exp_images/audio\PUNJABI\p_woa_veg.wav,IMG_18_P_PNA,exp_images/images/boy_cut_vegetables.jpg,IMG_18,exp_images/sentences/Veg-woa.jpg,STIM_54,stimuli_list_subj_10_a.csv,PNA,passive_dropped_agent,non_agent_first,agent_dropped,1.0,1.0,6011.0,4002.0,307.84615384615387,13.0,980.1846153846153,615.1,4150.0,4150,5,1018.0,1.0,6011.0,3.3030769230769232,13.0,125.64785714285713,61.14285714285714,2.162701713525204,participant_image,4631.0,-258.0,-19.846153846153868,0.0,-11.607692307692218,-140.32307692307688,-248.0,-590,-1,4828.0,-0.08764736032803677,4631.0,1.1704945054945046,1.0,23.584285714285727,18.0,-0.8471595222077823,-1.1704945054945046,-0.08311568701753415,-0.33904253846809634,0.20980300757161088,-0.6387507049694848,-0.8319859070252058,-0.33661836598174205
edf34,36,Punjabi,sentence_audio,passive_dropped_agent,11147.0,3413.0,200.7647058823529,17.0,912.9764705882353,451.3352941176471,3548.0,3548,5,6155.0,1.0,11147.0,2.0888235294117647,17.0,208.01235294117646,84.94117647058823,1.5250740109446488,exp_images/audio\PUNJABI\p_woa_vase.wav,IMG_08_P_PNA,exp_images/images/boy_broke_vase.jpg,IMG_08,exp_images/sentences/Vase-woa.jpg,STIM_44,stimuli_list_subj_10_a.csv,PNA,passive_dropped_agent,non_agent_first,agent_dropped,1.0,1.0,5890.0,3834.0,273.85714285714283,14.0,874.2142857142858,457.65714285714284,3966.0,3966,5,898.0,1.0,5890.0,2.5364285714285715,14.0,139.00714285714284,73.28571428571429,2.3769100169779294,participant_image,5257.0,-421.0,-73.09243697478993,3.0,38.762184873949536,-6.321848739495749,-418.0,-418,0,5257.0,0.0,5257.0,-0.44760504201680673,3.0,69.00521008403362,11.65546218487394,-0.8518360060332806,0.44760504201680673,-0.19273514520780094,-0.6874897178976774,0.8941241916252998,-0.4224590196090237,0.2738493813963288,-0.02694206193857469
edf35,19,English,sentence_audio,passive,10655.0,3413.0,379.22222222222223,9.0,980.7888888888887,473.01111111111123,3775.0,3151,4,6140.0,0.8347019867549669,10655.0,2.3677777777777784,9.0,395.5644444444445,135.11111111111111,0.8446738620366026,exp_images/audio\ENGLISH\p_letter.wav,IMG_17_E_PWA,exp_images/images/women_read_letter.jpg,IMG_17,exp_images/sentences/passive_women_letter.jpg,STIM_89,stimuli_list_subj_11_a.csv,PWA,passive_with_agent,non_agent_first,agent_overt,1.0,0.0,5775.0,3827.0,382.7,10.0,1018.0,513.7900000000002,4232.0,4232,5,783.0,1.0,5775.0,2.894,10.0,179.051,76.0,1.7316017316017316,participant_image,4880.0,-414.0,-3.47777777777776,-1.0,-37.211111111111336,-40.77888888888896,-457.0,-1081,-1,5357.0,-0.16529801324503313,4880.0,-0.5262222222222217,-1.0,216.51344444444453,59.111111111111114,-0.886927869565129,0.5262222222222217,-0.04941770077997571,-0.6725257285970205,-0.018304053779618773,-1.256188016085685,0.327577628388954,-0.3337715741706692
edf35,20,English,sentence_audio,passive,10181.0,3439.0,491.28571428571433,7.0,905.9857142857144,497.8714285714285,3678.0,3678,1,5189.0,1.0,10181.0,0.5271428571428572,7.0,357.7285714285714,187.7142857142857,0.6875552499754445,exp_images/audio\ENGLISH\p_bucket.wav,IMG_09_E_PWA,exp_images/images/boy_filled_bucket.jpg,IMG_09,exp_images/sentences/passive_boy_bucket.jpg,STIM_81,stimuli_list_subj_11_a.csv,PWA,passive_with_agent,non_agent_first,agent_overt,1.0,0.0,5863.0,3599.0,359.9,10.0,922.99,478.46,3836.0,3836,3,871.0,1.0,5863.0,1.22,10.0,272.56499999999994,115.6,1.7056114617090226,participant_image,4318.0,-160.0,131.38571428571436,-3.0,-17.00428571428563,19.41142857142853,-158.0,-158,-2,4318.0,0.0,4318.0,-0.6928571428571427,-3.0,85.16357142857146,72.1142857142857,-1.018056211733578,0.6928571428571427,0.22822915193896343,-0.1295466882589004,-0.4745181764820781,-0.09550647197111732,0.4414586166166757,-0.005976713631291352
edf35,21,English,sentence_audio,passive,10502.0,3718.0,464.75,8.0,949.3375,497.5875,4017.0,3249,4,5509.0,0.8088125466766244,10502.0,2.62375,8.0,308.92777777777775,110.66666666666669,0.7617596648257474,exp_images/audio\ENGLISH\p_clothes.wav,IMG_06_E_PWA,exp_images/images/women_fold_clothes.jpg,IMG_06,exp_images/sentences/passive_woman_clothes.jpg,STIM_78,stimuli_list_subj_11_a.csv,PWA,passive_with_agent,non_agent_first,agent_overt,1.0,0.0,5788.0,4248.0,424.8,10.0,964.9,556.5699999999998,4395.0,4395,6,795.0,1.0,5788.0,3.2510000000000003,10.0,158.11899999999997,59.8,1.7277125086385623,participant_image,4714.0,-530.0,39.94999999999999,-2.0,-15.5625,-58.982499999999845,-378.0,-1146,-2,4714.0,-0.1911874533233756,4714.0,-0.6272500000000005,-2.0,150.80877777777778,50.86666666666669,-0.9659528438128149,0.6272500000000005,0.03998815425231805,-0.9205004084364771,-0.24641111513084843,-1.3379261529951616,0.3966216386597101,-0.4136455767300918
edf35,22,English,sentence_audio,passive_dropped_agent,10642.0,3130.0,313.0,10.0,933.74,474.42000000000013,3576.0,2714,6,5650.0,0.7589485458612976,10642.0,1.1450000000000002,10.0,230.439,141.6,0.9396729937981584,exp_images/audio\ENGLISH\p_woa_door.wav,IMG_10_E_PNA,exp_images/images/boy_opened_door.jpg,IMG_10,exp_images/sentences/noagent_boy_door.jpg,STIM_100,stimuli_list_subj_11_a.csv,PNA,passive_dropped_agent,non_agent_first,agent_dropped,1.0,1.0,5699.0,3660.0,406.66666666666674,9.0,945.7,477.76666666666665,3852.0,3852,5,706.0,1.0,5699.0,1.0739999999999998,10.0,288.072,116.0,1.7546938059308652,participant_image,4943.0,-530.0,-93.66666666666674,1.0,-11.960000000000036,-3.346666666666522,-276.0,-1138,1,4944.0,-0.24105145413870244,4943.0,0.0710000000000004,0.0,-57.63300000000001,25.599999999999994,-0.8150208121327068,-0.0710000000000004,-0.23509182775890106,-0.9205004084364771,0.4379100689228405,-1.327866074606303,-0.08057365586214307,-0.42522437954819675
edf35,23,English,sentence_audio,passive_dropped_agent,10276.0,3638.0,363.8,10.0,797.22,499.2,3848.0,3848,4,5284.0,1.0,10276.0,2.144,10.0,141.892,114.4,0.973141300116777,exp_images/audio\ENGLISH\p_woa_lamp.wav,IMG_01_E_PNA,exp_images/images/girl_lighted_lamp.jpg,IMG_01,exp_images/sentences/noagent_girl_lamp.jpg,STIM_91,stimuli_list_subj_11_a.csv,PNA,passive_dropped_agent,non_agent_first,agent_dropped,1.0,1.0,6063.0,3801.0,316.75,12.0,862.6750000000002,444.80833333333334,4017.0,4017,5,1070.0,1.0,6063.0,2.6333333333333333,12.0,190.43666666666664,81.33333333333333,1.9792182088075208,participant_image,4213.0,-163.0,47.05000000000001,-2.0,-65.45500000000015,54.39166666666665,-169.0,-169,-1,4214.0,0.0,4213.0,-0.4893333333333332,-2.0,-48.54466666666664,33.06666666666668,-1.0060769086907437,0.4893333333333332,0.054605102279856994,-0.13595982653061048,-0.24641111513084843,-0.10933907975579799,0.3023671676687004,-0.026947550293739898
edf35,24,English,sentence_audio,passive_dropped_agent,10625.0,3613.0,401.4444444444445,9.0,920.1777777777777,425.6,3916.0,3916,3,5633.0,1.0,10625.0,1.8088888888888892,9.0,324.0411111111111,119.55555555555556,0.8470588235294118,exp_images/audio\ENGLISH\p_woa_scooter.wav,IMG_14_E_PNA,exp_images/images/driver_wash_scooter.jpg,IMG_14,exp_images/sentences/noagent_driver_scooter.jpg,STIM_104,stimuli_list_subj_11_a.csv,PNA,passive_dropped_agent,non_agent_first,agent_dropped,1.0,1.0,6076.0,3742.0,311.8333333333333,12.0,974.75,423.85833333333335,3904.0,3666,6,1084.0,0.9390368852459016,6076.0,3.833333333333334,12.0,188.47916666666663,90.66666666666669,1.9749835418038184,participant_image,4549.0,-129.0,89.6111111111112,-3.0,-54.57222222222231,1.7416666666666742,12.0,250,-3,4549.0,0.060963114754098435,4549.0,-2.0244444444444447,-3.0,135.56194444444446,28.88888888888887,-1.1279247182744068,2.0244444444444447,0.14222672891442323,-0.0632775927845629,-0.4745181764820781,0.4175575258606743,1.351486822219986,0.2746950615456885
edf35,25,Punjabi,sentence_audio,active,10920.0,3626.0,329.6363636363636,11.0,970.1090909090907,374.71818181818185,3742.0,3742,5,5928.0,1.0,10920.0,2.352727272727273,11.0,227.41727272727275,113.63636363636364,1.0073260073260073,exp_images/audio\PUNJABI\box.wav,IMG_05_P_ACT,exp_images/images/man_pushed_box.jpg,IMG_05,exp_images/sentences/Pushed-box.jpg,STIM_05,stimuli_list_subj_11_a.csv,ACT,active,agent_first,agent_overt,0.0,,5966.0,3720.0,413.33333333333326,9.0,1026.3777777777775,366.73333333333335,3877.0,3657,4,973.0,0.9432550941449576,5966.0,2.5033333333333334,9.0,321.9611111111111,124.0,1.5085484411666108,participant_image,4954.0,-94.0,-83.69696969696963,2.0,-56.268686868686814,7.984848484848499,-135.0,85,1,4955.0,0.05674490585504244,4954.0,-0.1506060606060604,2.0,-94.54383838383836,-10.36363636363636,-0.5012224338406035,0.1506060606060604,-0.2145669626242004,0.011542353718721395,0.6660171302740702,0.21006840909046443,0.07087549466952421,0.14878728502571598
edf35,26,Punjabi,sentence_audio,active,10640.0,3594.0,399.33333333333326,9.0,888.2111111111113,523.5333333333333,3832.0,3590,5,5648.0,0.9368475991649268,10640.0,2.64,9.0,267.94666666666666,128.88888888888889,0.8458646616541353,exp_images/audio\PUNJABI\sapling.wav,IMG_03_P_ACT,exp_images/images/girl_plant_tree.jpg,IMG_03,exp_images/sentences/Sapling.jpg,STIM_03,stimuli_list_subj_11_a.csv,ACT,active,agent_first,agent_overt,0.0,,6100.0,3704.0,336.72727272727275,11.0,797.3636363636364,640.1727272727272,3950.0,3784,5,1108.0,0.9579746835443038,6100.0,2.9627272727272733,11.0,176.40454545454548,94.72727272727272,1.8032786885245904,participant_image,4540.0,-110.0,62.60606060606051,-2.0,90.84747474747496,-116.63939393939393,-118.0,-194,0,4540.0,-0.021127084379377048,4540.0,-0.3227272727272732,-2.0,91.54212121212117,34.161616161616166,-0.9574140268704551,0.3227272727272732,0.08663075430690367,-0.022661050397065705,-0.24641111513084843,-0.1407768247209813,0.1885059028494603,-0.026942466618506283
edf35,27,Punjabi,sentence_audio,active,10830.0,3308.0,413.5,8.0,847.0999999999998,430.85,3570.0,3570,2,5838.0,1.0,10830.0,1.195,8.0,269.0762500000001,177.75,0.7386888273314866,exp_images/audio\PUNJABI\shrub.wav,IMG_04_P_ACT,exp_images/images/man_cut_shrub.jpg,IMG_04,exp_images/sentences/Shrub.jpg,STIM_04,stimuli_list_subj_11_a.csv,ACT,active,agent_first,agent_overt,0.0,,5829.0,3662.0,523.1428571428571,7.0,780.742857142857,456.11428571428576,3923.0,3923,2,837.0,1.0,5829.0,1.61,8.0,172.18625,135.0,1.372448104306056,participant_image,5001.0,-354.0,-109.64285714285711,1.0,66.35714285714278,-25.264285714285734,-353.0,-353,0,5001.0,0.0,5001.0,-0.41500000000000004,0.0,96.89000000000007,42.75,-0.6337592769745694,0.41500000000000004,-0.267982411684047,-0.544262963162819,0.4379100689228405,-0.3407208826995471,0.2515665706149361,-0.0926979236017273
edf35,28,Punjabi,sentence_audio,passive,10775.0,3561.0,445.125,8.0,894.075,568.9125,3756.0,3756,1,5783.0,1.0,10775.0,0.705,8.0,403.32625,154.5,0.7424593967517401,exp_images/audio\PUNJABI\p_dug.wav,IMG_13_P_PWA,exp_images/images/dog_dug_hole.jpg,IMG_13,exp_images/sentences/Dog-dug-passive.jpg,STIM_31,stimuli_list_subj_11_a.csv,PWA,passive_with_agent,non_agent_first,agent_overt,1.0,0.0,6004.0,4076.0,452.88888888888886,9.0,955.5111111111113,616.0666666666666,4240.0,4240,3,1012.0,1.0,6004.0,2.2344444444444447,9.0,184.74222222222224,83.55555555555556,1.4990006662225184,participant_image,4771.0,-515.0,-7.763888888888857,-1.0,-61.436111111111245,-47.15416666666658,-484.0,-484,-2,4771.0,0.0,4771.0,-1.5294444444444446,-1.0,218.58402777777778,70.94444444444444,-0.7565412694707783,1.5294444444444446,-0.05824162519566133,-0.8884347170779267,-0.018304053779618773,-0.5054546663171077,1.0131958508081464,-0.0914478423124336
edf35,29,Punjabi,sentence_audio,passive,10903.0,3787.0,473.375,8.0,1041.7875,425.4500000000001,4058.0,3550,2,6218.0,0.8748151798915722,10903.0,3.49125,8.0,286.5975,116.75,0.7337430065119691,exp_images/audio\PUNJABI\p_frisbee.wav,IMG_12_P_PWA,exp_images/images/child_throw_frisbee.jpg,IMG_12,exp_images/sentences/Frisbee-passive.jpg,STIM_30,stimuli_list_subj_11_a.csv,PWA,passive_with_agent,non_agent_first,agent_overt,1.0,0.0,6060.0,3690.0,369.0,10.0,1036.67,348.4,3872.0,3690,3,1290.0,0.9529958677685949,6060.0,2.3409999999999997,10.0,252.99599999999998,112.0,1.6501650165016504,participant_image,4843.0,97.0,104.375,-2.0,5.117499999999836,77.05000000000013,186.0,-140,-1,4928.0,-0.0781806878770227,4843.0,1.1502500000000002,-2.0,33.601500000000044,4.75,-0.9164220099896813,-1.1502500000000002,0.17262151716417626,0.41984549035092994,-0.24641111513084843,-0.07287129559618534,-0.8181504859555326,-0.10899317783349205
edf35,30,Punjabi,sentence_audio,passive,11043.0,3283.0,298.45454545454544,11.0,859.0363636363637,491.9,3546.0,3127,9,6348.0,0.8818386914833616,11043.0,4.743636363636363,11.0,253.76181818181823,131.45454545454547,0.9961061305804584,exp_images/audio\PUNJABI\p_tabla.wav,IMG_11_P_PWA,exp_images/images/child_play_tabla.jpg,IMG_11,exp_images/sentences/Tabla-passive.jpg,STIM_29,stimuli_list_subj_11_a.csv,PWA,passive_with_agent,non_agent_first,agent_overt,1.0,0.0,5651.0,3833.0,319.4166666666667,12.0,829.7083333333335,528.1333333333333,4029.0,3833,6,882.0,0.9513526929759244,5651.0,3.186666666666667,12.0,153.61083333333332,80.33333333333333,2.123517961422757,participant_image,5392.0,-550.0,-20.962121212121247,-1.0,29.328030303030232,-36.23333333333335,-483.0,-706,3,5466.0,-0.06951400149256282,5392.0,1.5569696969696962,-1.0,100.15098484848491,51.12121212121214,-1.1274118308422987,-1.5569696969696962,-0.08541315701595312,-0.9632546635812109,-0.018304053779618773,-0.7846218416079355,-1.0961092766226184,-0.5895405985214673
edf35,31,Punjabi,sentence_audio,passive_dropped_agent,10549.0,3658.0,281.38461538461536,13.0,912.8230769230768,450.0384615384616,3856.0,3666,8,5556.0,0.950726141078838,10549.0,4.81153846153846,13.0,222.75785714285712,82.14285714285714,1.2323442980377288,exp_images/audio\PUNJABI\p_woa_picture.wav,IMG_07_P_PNA,exp_images/images/artiste_drew_picture.jpg,IMG_07,exp_images/sentences/Painting-woa.jpg,STIM_43,stimuli_list_subj_11_a.csv,PNA,passive_dropped_agent,non_agent_first,agent_dropped,1.0,1.0,5677.0,4105.0,293.2142857142857,14.0,970.8857142857145,427.84285714285693,4119.0,3905,5,684.0,0.948045642146152,5677.0,3.3321428571428564,14.0,155.57428571428568,62.42857142857143,2.466091245376079,participant_image,4872.0,-447.0,-11.829670329670364,-1.0,-58.0626373626377,22.195604395604676,-263.0,-239,3,4872.0,0.0026804989326860706,4872.0,1.479395604395604,-1.0,67.18357142857144,19.714285714285708,-1.2337469473383502,-1.479395604395604,-0.06661195139442688,-0.7430702495858315,-0.018304053779618773,-0.19736476565831124,-1.0430938925149789,-0.41368898258663345
edf35,32,Punjabi,sentence_audio,passive_dropped_agent,10305.0,3491.0,349.1,10.0,944.25,491.94000000000005,3831.0,3491,4,5768.0,0.9112503262855652,10305.0,1.9445454545454544,11.0,246.5381818181818,118.36363636363636,1.0674429888403687,exp_images/audio\PUNJABI\p_woa_cake.wav,IMG_15_P_PNA,exp_images/images/girl_baked_cake.jpg,IMG_15,exp_images/sentences/Cake-woa.jpg,STIM_51,stimuli_list_subj_11_a.csv,PNA,passive_dropped_agent,non_agent_first,agent_dropped,1.0,1.0,5848.0,3360.0,224.0,15.0,948.7333333333332,565.86,3401.0,2947,7,857.0,0.8665098500441046,5848.0,2.456666666666666,15.0,248.37133333333333,106.0,2.5649794801641588,participant_image,4457.0,131.0,125.10000000000002,-5.0,-4.483333333333235,-73.91999999999996,430.0,544,-3,4911.0,0.0447404762414606,4457.0,-0.5121212121212118,-4.0,-1.8331515151515134,12.36363636363636,-1.49753649132379,0.5121212121212118,0.21528859432906974,0.49252772409697754,-0.9307322991845375,0.78726540665123,0.3179407710051988,0.17645803937958773
edf35,33,Punjabi,sentence_audio,passive_dropped_agent,10542.0,3436.0,286.3333333333333,12.0,1051.475,455.25833333333327,3582.0,3436,6,5728.0,0.9592406476828588,10542.0,3.4507692307692306,13.0,188.04846153846157,110.0,1.2331625877442611,exp_images/audio\PUNJABI\p_woa_window.wav,IMG_02_P_PNA,exp_images/images/girl_opened_window.jpg,IMG_02,exp_images/sentences/Window-woa.jpg,STIM_38,stimuli_list_subj_11_a.csv,PNA,passive_dropped_agent,non_agent_first,agent_dropped,1.0,1.0,5963.0,4230.0,423.0,10.0,1071.15,509.04,4398.0,4036,4,970.0,0.9176898590268304,5963.0,3.3790909090909085,11.0,140.67454545454547,55.09090909090909,1.8447090390742915,participant_image,4579.0,-794.0,-136.66666666666669,2.0,-19.675000000000182,-53.78166666666675,-816.0,-600,2,4758.0,0.04155078865602835,4579.0,0.07167832167832211,2.0,47.3739160839161,54.90909090909091,-0.6115464513300304,-0.07167832167832211,-0.3236170059538548,-1.4848565763469643,0.6660171302740702,-0.6513258029555582,-0.08103723182070705,-0.37496389736060287
edf35,34,English,sentence_audio,active,10334.0,3540.0,354.0,10.0,874.74,552.45,3796.0,3028,4,5812.0,0.7976817702845099,10334.0,2.6109090909090917,11.0,223.80636363636367,112.0,1.0644474550029028,exp_images/audio\ENGLISH\fed.wav,IMG_16_E_ACT,exp_images/images/girl_fed_dog.jpg,IMG_16,exp_images/sentences/active_girl_dog.jpg,STIM_70,stimuli_list_subj_11_a.csv,ACT,active,agent_first,agent_overt,0.0,,6080.0,3938.0,393.8,10.0,886.1399999999996,611.0,4084.0,3374,6,1274.0,0.82615083251714,6080.0,3.8990000000000014,10.0,188.107,90.8,1.6447368421052633,participant_image,4254.0,-398.0,-39.80000000000001,0.0,-11.399999999999636,-58.549999999999955,-288.0,-346,-2,4538.0,-0.028469062232630127,4254.0,-1.2880909090909096,1.0,35.69936363636367,21.200000000000003,-0.5802893871023604,1.2880909090909096,-0.12419517042320681,-0.6383223244812335,0.20980300757161088,-0.3319183141092958,0.8482509580234411,-0.0072763686837368224
edf35,35,English,sentence_audio,active,10604.0,3460.0,384.4444444444445,9.0,953.7555555555556,434.2555555555557,3734.0,3460,2,5926.0,0.9266202463845742,10604.0,2.313333333333333,9.0,245.08777777777775,139.77777777777777,0.8487363259147492,exp_images/audio\ENGLISH\veg.wav,IMG_18_E_ACT,exp_images/images/boy_cut_vegetables.jpg,IMG_18,exp_images/sentences/active_boy_vegetables.jpg,STIM_72,stimuli_list_subj_11_a.csv,ACT,active,agent_first,agent_overt,0.0,,6053.0,3817.0,381.7,10.0,962.63,472.2,3978.0,3817,6,1258.0,0.9595274007038712,6053.0,4.2200000000000015,10.0,231.47099999999998,101.4,1.6520733520568314,participant_image,4551.0,-357.0,2.7444444444445253,-1.0,-8.874444444444407,-37.94444444444429,-244.0,-357,-4,4668.0,-0.03290715431929703,4551.0,-1.9066666666666685,-1.0,13.61677777777777,38.377777777777766,-0.8033370261420821,1.9066666666666685,-0.03660785587321223,-0.550676101434529,-0.018304053779618773,-0.34575092189397644,1.2709955922095382,0.06393133184564034
edf35,36,English,sentence_audio,active,10306.0,3356.0,419.5,8.0,844.125,424.6375000000001,3778.0,3614,5,5314.0,0.9565907887771308,10306.0,2.18625,8.0,344.30999999999995,151.75,0.7762468464971861,exp_images/audio\ENGLISH\vase.wav,IMG_08_E_ACT,exp_images/images/boy_broke_vase.jpg,IMG_08,exp_images/sentences/active_boy_vase.jpg,STIM_62,stimuli_list_subj_11_a.csv,ACT,active,agent_first,agent_overt,0.0,,5739.0,4019.0,365.3636363636364,11.0,913.3545454545456,488.8454545454546,4170.0,4170,5,747.0,1.0,5739.0,1.8236363636363635,11.0,175.6518181818182,74.72727272727273,1.9167102282627635,participant_image,4567.0,-663.0,54.136363636363626,-3.0,-69.22954545454559,-64.20795454545447,-392.0,-556,0,4567.0,-0.043409211222869226,4567.0,0.3626136363636363,-3.0,168.65818181818176,77.02272727272727,-1.1404633817655774,-0.3626136363636363,0.06919397678365537,-1.2048162051489575,-0.4745181764820781,-0.5959953718168356,-0.27986711105889733,-0.49720057754462266
edf36,19,English,sentence_audio,passive_dropped_agent,10685.0,4339.0,867.8,5.0,956.86,467.5,4830.0,4830,3,5693.0,1.0,10685.0,2.5180000000000002,5.0,75.686,32.4,0.4679457182966776,exp_images/audio\ENGLISH\p_woa_letter.wav,IMG_17_E_PNA,exp_images/images/women_read_letter.jpg,IMG_17,exp_images/sentences/noagent_women_letter.jpg,STIM_107,stimuli_list_subj_12_a.csv,PNA,passive_dropped_agent,non_agent_first,agent_dropped,1.0,1.0,5905.0,4373.0,728.8333333333335,6.0,1010.4166666666665,599.65,4700.0,4700,4,913.0,1.0,5905.0,2.983333333333333,6.0,114.01999999999998,48.66666666666666,1.0160880609652836,participant_image,4780.0,-34.0,138.96666666666647,-1.0,-53.5566666666665,-132.14999999999998,130.0,130,-1,4780.0,0.0,4780.0,-0.4653333333333327,-1.0,-38.333999999999975,-16.26666666666666,-0.5481423426686061,0.4653333333333327,0.24383624869271334,0.139805119152923,-0.018304053779618773,0.26665635002779436,0.28596518117600483,0.18359176905396338
edf36,20,English,sentence_audio,passive_dropped_agent,10865.0,4411.0,367.58333333333326,12.0,944.3583333333332,532.8583333333332,4657.0,4352,5,5872.0,0.9345071934721924,10865.0,2.0258333333333334,12.0,70.63666666666667,28.0,1.1044638748274276,exp_images/audio\ENGLISH\p_woa_bucket.wav,IMG_09_E_PNA,exp_images/images/boy_filled_bucket.jpg,IMG_09,exp_images/sentences/noagent_boy_bucket.jpg,STIM_99,stimuli_list_subj_12_a.csv,PNA,passive_dropped_agent,non_agent_first,agent_dropped,1.0,1.0,5952.0,4272.0,534.0,8.0,941.9125,513.3625,4500.0,4500,3,960.0,1.0,5952.0,2.2555555555555555,9.0,113.43111111111112,56.22222222222222,1.5120967741935485,participant_image,4913.0,139.0,-166.41666666666674,4.0,2.445833333333212,19.49583333333328,157.0,-148,2,4912.0,-0.06549280652780765,4913.0,-0.22972222222222216,3.0,-42.79444444444445,-28.22222222222222,-0.4076328993661209,0.22972222222222216,-0.3848640769143172,0.5096294261548711,1.1222312529765295,-0.08293137398504401,0.1249447535937817,0.2578019963651642
edf36,21,English,sentence_audio,passive_dropped_agent,10457.0,4357.0,622.4285714285714,7.0,942.1142857142858,573.3571428571427,4642.0,4642,4,5465.0,1.0,10457.0,2.3885714285714283,7.0,107.72714285714287,50.0,0.6694080520225686,exp_images/audio\ENGLISH\p_woa_clothes.wav,IMG_06_E_PNA,exp_images/images/women_fold_clothes.jpg,IMG_06,exp_images/sentences/noagent_woman_clothes.jpg,STIM_96,stimuli_list_subj_12_a.csv,PNA,passive_dropped_agent,non_agent_first,agent_dropped,1.0,1.0,6132.0,4496.0,562.0,8.0,959.3875,571.95,4751.0,4751,4,1139.0,1.0,6132.0,2.38625,8.0,73.51,30.25,1.3046314416177431,participant_image,4325.0,-139.0,60.428571428571445,-1.0,-17.27321428571429,1.4071428571426168,-109.0,-109,0,4326.0,0.0,4325.0,0.0023214285714283633,-1.0,34.21714285714286,19.75,-0.6352233895951745,-0.0023214285714283633,0.08214790273818733,-0.08465472035692982,-0.018304053779618773,-0.03388849183935804,-0.03363761415759955,-0.01766739547906377
edf36,22,Punjabi,sentence_audio,active,10228.0,4354.0,622.0,7.0,1274.7857142857142,637.6714285714288,4563.0,3907,5,5235.0,0.8562349331580101,10228.0,11.134285714285717,7.0,191.84714285714287,61.42857142857143,0.6843957763003521,exp_images/audio\PUNJABI\door.wav,IMG_10_P_ACT,exp_images/images/boy_opened_door.jpg,IMG_10,exp_images/sentences/Closed-door.jpg,STIM_10,stimuli_list_subj_12_a.csv,ACT,active,agent_first,agent_overt,0.0,,6107.0,4199.0,381.7272727272728,11.0,976.2909090909093,516.1999999999998,4521.0,4521,5,1114.0,1.0,6107.0,4.02090909090909,11.0,122.91818181818181,42.90909090909091,1.8012117242508596,participant_image,4121.0,155.0,240.2727272727272,-4.0,298.49480519480494,121.47142857142899,42.0,-614,0,4121.0,-0.14376506684198986,4121.0,7.113376623376627,-4.0,68.92896103896106,18.519480519480524,-1.1168159479505075,-7.113376623376627,0.45239757584109286,0.5438328302706582,-0.7026252378333078,-0.6689309401360608,-4.893447249741153,-1.053754604319754
edf36,23,Punjabi,sentence_audio,active,10533.0,4473.0,447.3,10.0,896.3800000000001,507.71,4676.0,4676,4,5541.0,1.0,10533.0,2.877,10.0,83.977,31.6,0.9493971328206592,exp_images/audio\PUNJABI\lamp.wav,IMG_01_P_ACT,exp_images/images/girl_lighted_lamp.jpg,IMG_01,exp_images/sentences/Lamp.jpg,STIM_01,stimuli_list_subj_12_a.csv,ACT,active,agent_first,agent_overt,0.0,,5705.0,4237.0,529.625,8.0,907.55,409.2,4513.0,4513,4,712.0,1.0,5705.0,3.29875,8.0,116.57125000000002,60.0,1.4022787028922001,participant_image,4828.0,236.0,-82.32499999999999,2.0,-11.169999999999845,98.50999999999999,163.0,163,0,4829.0,0.0,4828.0,-0.4217500000000003,2.0,-32.59425000000002,-28.4,-0.45288157007154095,0.4217500000000003,-0.21174245420786753,0.7169875636068304,0.6660171302740702,0.30815417338183637,0.2561796293160068,0.34711920847417527
edf36,24,Punjabi,sentence_audio,active,11134.0,4230.0,302.14285714285717,14.0,926.6214285714284,550.4428571428572,4428.0,3808,5,6142.0,0.8599819331526649,11134.0,3.3778571428571427,14.0,116.55133333333336,38.93333333333333,1.257409735943955,exp_images/audio\PUNJABI\scooter.wav,IMG_14_P_ACT,exp_images/images/driver_wash_scooter.jpg,IMG_14,exp_images/sentences/Washed-scooter.jpg,STIM_14,stimuli_list_subj_12_a.csv,ACT,active,agent_first,agent_overt,0.0,,5906.428571428572,4129.836734693878,342.8846992336148,14.244897959183673,935.0626865450463,504.4784767477912,4993.0,4993,1,1039.0,1.0,5906.428571428572,3.3676644476455895,14.551020408163266,107.09300839601117,44.896332821083035,2.468038715302621,image,5227.571428571428,100.16326530612241,-40.74184209075764,-0.24489795918367285,-8.441257973617894,45.96438039506597,-565.0,-1185,4,5103.0,-0.1400180668473351,5227.571428571428,0.010192695211553193,-0.5510204081632661,9.458324937322189,-5.9629994877497055,-1.210628979358666,-0.010192695211553193,-0.12613416435148186,0.42660764295035203,0.15394005377130987,-1.3869690351408477,-0.03901696453725497,-0.19431449346158453
edf36,25,Punjabi,sentence_audio,passive,10439.0,4267.0,355.58333333333326,12.0,915.9,485.76666666666665,4502.0,3998,5,5447.0,0.8880497556641492,10439.0,2.4925,12.0,92.41083333333331,40.833333333333336,1.1495353961107386,exp_images/audio\PUNJABI\p_box.wav,IMG_05_P_PWA,exp_images/images/man_pushed_box.jpg,IMG_05,exp_images/sentences/Pushed-box-passive.jpg,STIM_23,stimuli_list_subj_12_a.csv,PWA,passive_with_agent,non_agent_first,agent_overt,1.0,0.0,5936.0,4438.0,554.75,8.0,1034.0,405.2,4483.0,4438,4,1004.0,0.9899620789649788,5936.0,2.95375,8.0,191.87625,63.75,1.3477088948787062,participant_image,4503.0,-171.0,-199.16666666666674,4.0,-118.10000000000002,80.56666666666666,19.0,-440,1,4443.0,-0.10191232330082955,4503.0,-0.4612499999999997,4.0,-99.46541666666668,-22.916666666666664,-0.19817349876796753,0.4612499999999997,-0.45228732309768316,-0.15306152858850403,1.1222312529765295,-0.450124235178385,0.28317456541856734,0.06998654630610493
edf36,26,Punjabi,sentence_audio,passive,10882.0,4392.0,366.0,12.0,831.3833333333333,626.1083333333332,4624.0,4078,5,5890.0,0.8819204152249135,10882.0,2.6308333333333342,12.0,79.33083333333333,30.66666666666667,1.1027384671935303,exp_images/audio\PUNJABI\p_sapling.wav,IMG_03_P_PWA,exp_images/images/girl_plant_tree.jpg,IMG_03,exp_images/sentences/Sapling-passive.jpg,STIM_21,stimuli_list_subj_12_a.csv,PWA,passive_with_agent,non_agent_first,agent_overt,1.0,0.0,5736.0,4554.0,759.0,6.0,823.6666666666665,642.5500000000002,4786.0,4786,4,744.0,1.0,5736.0,3.388333333333333,6.0,95.52166666666666,34.333333333333336,1.0460251046025104,participant_image,5146.0,-162.0,-393.0,6.0,7.716666666666811,-16.441666666666947,-162.0,-708,1,5146.0,-0.11807958477508651,5146.0,-0.757499999999999,6.0,-16.19083333333333,-3.6666666666666643,0.05671336259101989,0.757499999999999,-0.8513368666664092,-0.13382211377337377,1.5784453756789887,-0.78713686120515,0.4856365861877739,0.05835722404436593
edf36,27,Punjabi,sentence_audio,passive,11147.0,4443.0,444.3,10.0,873.99,535.87,4676.0,4676,4,6155.0,1.0,11147.0,2.7290000000000005,10.0,80.65500000000002,31.6,0.8971023593792051,exp_images/audio\PUNJABI\p_shrub.wav,IMG_04_P_PWA,exp_images/images/man_cut_shrub.jpg,IMG_04,exp_images/sentences/Shrub-passive.jpg,STIM_22,stimuli_list_subj_12_a.csv,PWA,passive_with_agent,non_agent_first,agent_overt,1.0,0.0,5864.0,4182.0,380.1818181818182,11.0,856.3727272727272,537.6545454545455,4418.0,3670,6,872.0,0.8306926210955183,5864.0,3.1354545454545457,11.0,117.26454545454544,52.18181818181818,1.8758526603001364,participant_image,5283.0,261.0,64.11818181818182,-1.0,17.617272727272848,-1.7845454545455368,258.0,1006,-2,5283.0,0.16930737890448166,5283.0,-0.4064545454545452,-1.0,-36.609545454545426,-20.58181818181818,-0.9787503009209313,0.4064545454545452,0.08974379616168063,0.7704303825377478,-0.018304053779618773,1.3682349336078174,0.24572646936374892,0.49116630557827523
edf36,28,Punjabi,sentence_audio,passive_dropped_agent,10287.0,4503.0,409.3636363636364,11.0,876.4545454545455,717.5454545454545,4662.0,4135,3,5295.0,0.8869583869583869,10287.0,2.6045454545454545,11.0,80.91818181818181,30.0,1.0693107805968698,exp_images/audio\PUNJABI\p_woa_dug.wav,IMG_13_P_PNA,exp_images/images/dog_dug_hole.jpg,IMG_13,exp_images/sentences/Dog-dug-woa.jpg,STIM_49,stimuli_list_subj_12_a.csv,PNA,passive_dropped_agent,non_agent_first,agent_dropped,1.0,1.0,5738.0,4416.0,441.6,10.0,913.43,717.44,4680.0,3864,3,746.0,0.8256410256410256,5738.0,2.503,10.0,77.223,31.2,1.7427675148135238,participant_image,4549.0,87.0,-32.23636363636365,1.0,-36.975454545454454,0.10545454545444954,-18.0,271,0,4549.0,0.06131736131736132,4549.0,0.10154545454545438,1.0,3.6951818181818084,-1.1999999999999993,-0.673456734216654,-0.10154545454545438,-0.10862372258849189,0.398468362778563,0.4379100689228405,0.44396523163142826,-0.1014489113983003,0.21405420586920793
edf36,29,Punjabi,sentence_audio,passive_dropped_agent,10394.0,4262.0,355.16666666666674,12.0,953.8916666666668,454.5,4452.0,3516,4,5630.0,0.7897574123989218,10394.0,3.0825,12.0,117.4191666666667,45.0,1.1545122185876466,exp_images/audio\PUNJABI\p_woa_frisbee.wav,IMG_12_P_PNA,exp_images/images/child_throw_frisbee.jpg,IMG_12,exp_images/sentences/Frisbee-woa.jpg,STIM_48,stimuli_list_subj_12_a.csv,PNA,passive_dropped_agent,non_agent_first,agent_dropped,1.0,1.0,5768.0,4414.0,490.4444444444445,9.0,995.577777777778,421.1555555555556,4681.0,4414,5,1082.0,0.9429609057893612,5768.0,3.661111111111112,9.0,99.1822222222222,34.666666666666664,1.5603328710124826,participant_image,4626.0,-152.0,-135.27777777777777,3.0,-41.686111111111245,33.34444444444438,-229.0,-898,-1,4548.0,-0.15320349339043937,4626.0,-0.5786111111111119,3.0,18.236944444444504,10.333333333333336,-0.405820652424836,0.5786111111111119,-0.32075766557288077,-0.11244498620100685,0.8941241916252998,-1.0260637229405432,0.3633810387190744,-0.04035222887401132
edf36,30,Punjabi,sentence_audio,passive_dropped_agent,10620.0,4524.0,646.2857142857142,7.0,853.8142857142857,570.7285714285714,4757.0,3548,3,5898.0,0.7458482236703805,10620.0,2.8457142857142856,7.0,83.0642857142857,33.714285714285715,0.6591337099811676,exp_images/audio\PUNJABI\p_woa_tabla.wav,IMG_11_P_PNA,exp_images/images/child_play_tabla.jpg,IMG_11,exp_images/sentences/Tabla-woa.jpg,STIM_47,stimuli_list_subj_12_a.csv,PNA,passive_dropped_agent,non_agent_first,agent_dropped,1.0,1.0,6074.0,4246.0,424.6,10.0,878.4200000000002,545.2900000000002,4499.0,3766,4,1368.0,0.8370749055345632,6074.0,3.178,10.0,105.92,49.4,1.6463615409944024,participant_image,4546.0,278.0,221.6857142857142,-3.0,-24.605714285714498,25.43857142857121,258.0,-218,-1,4530.0,-0.0912266818641827,4546.0,-0.3322857142857143,-3.0,-22.8557142857143,-15.685714285714283,-0.9872278310132347,0.3322857142857143,0.4141320261483662,0.8067714994107715,-0.4745181764820781,-0.17095705988755727,0.19503829573832565,0.15409331698556564
edf36,31,English,sentence_audio,active,10931.0,4165.0,320.38461538461536,13.0,900.0692307692308,342.0153846153847,4392.0,4008,5,5939.0,0.9125683060109291,10931.0,2.53,13.0,93.2753846153846,46.153846153846146,1.1892781996157715,exp_images/audio\ENGLISH\picture.wav,IMG_07_E_ACT,exp_images/images/artiste_drew_picture.jpg,IMG_07,exp_images/sentences/active_artist_picture.jpg,STIM_61,stimuli_list_subj_12_a.csv,ACT,active,agent_first,agent_overt,0.0,,5813.0,4495.0,408.6363636363636,11.0,898.0909090909092,535.9181818181819,4547.0,4547,5,820.0,1.0,5813.0,3.6709090909090905,11.0,113.36454545454544,40.54545454545455,1.8923103388955789,participant_image,5118.0,-330.0,-88.25174825174827,2.0,1.9783216783215494,-193.90279720279722,-155.0,-539,0,5119.0,-0.08743169398907091,5118.0,-1.1409090909090907,2.0,-20.08916083916084,5.6083916083915994,-0.7030321392798073,1.1409090909090907,-0.22394399944281282,-0.4929578569891383,0.6660171302740702,-0.5746177052405109,0.7476645332822526,0.024432420376772134
edf36,32,English,sentence_audio,active,11162.0,4072.0,407.2,10.0,890.21,486.22999999999985,4358.0,3762,4,6170.0,0.8632400183570446,11162.0,3.1072727272727265,11.0,115.53545454545456,58.72727272727273,0.9854864719584304,exp_images/audio\ENGLISH\cake.wav,IMG_15_E_ACT,exp_images/images/girl_baked_cake.jpg,IMG_15,exp_images/sentences/active_girl_cake.jpg,STIM_69,stimuli_list_subj_12_a.csv,ACT,active,agent_first,agent_overt,0.0,,5882.0,4200.0,525.0,8.0,910.025,533.0,4597.0,3615,4,889.0,0.7863824233195562,5882.0,2.5625,8.0,96.75,49.5,1.3600816048962938,participant_image,5280.0,-128.0,-117.80000000000001,2.0,-19.81499999999994,-46.77000000000015,-239.0,147,0,5281.0,0.07685759503748835,5280.0,0.5447727272727265,3.0,18.785454545454556,9.227272727272727,-0.3745951329378634,-0.5447727272727265,-0.2847757262187045,-0.0611398800273262,0.6660171302740702,0.28803401660411904,-0.4043575672510866,0.04075559467621437
edf36,33,English,sentence_audio,active,10510.0,4230.0,384.54545454545456,11.0,1036.5545454545454,477.8,4459.0,4230,4,5782.0,0.9486431935411528,10510.0,3.0181818181818185,11.0,108.34636363636363,48.54545454545455,1.0466222645099903,exp_images/audio\ENGLISH\window.wav,IMG_02_E_ACT,exp_images/images/girl_opened_window.jpg,IMG_02,exp_images/sentences/active_girl_window.jpg,STIM_56,stimuli_list_subj_12_a.csv,ACT,active,agent_first,agent_overt,0.0,,5936.0,4262.0,426.2,10.0,1066.6799999999996,462.17,4506.0,4262,3,1224.0,0.945849977807368,5936.0,2.7439999999999998,10.0,116.73899999999999,48.6,1.6846361185983827,participant_image,4574.0,-32.0,-41.65454545454543,1.0,-30.125454545454204,15.629999999999995,-47.0,-32,1,4558.0,0.0027932157337847707,4574.0,0.27418181818181875,1.0,-8.392636363636356,-0.054545454545454675,-0.6380138540883924,-0.27418181818181875,-0.12801316965191087,0.14408054466739642,0.4379100689228405,0.06293976265340655,-0.21943138241962004,0.05949716483442251
edf36,34,English,sentence_audio,passive,10642.0,4120.0,316.92307692307685,13.0,873.8923076923076,664.5923076923077,4364.0,3216,6,5926.0,0.7369385884509624,10642.0,4.236923076923077,13.0,114.02846153846156,48.30769230769231,1.2215748919376055,exp_images/audio\ENGLISH\p_fed.wav,IMG_16_E_PWA,exp_images/images/girl_fed_dog.jpg,IMG_16,exp_images/sentences/passive_girl_dog.jpg,STIM_88,stimuli_list_subj_12_a.csv,PWA,passive_with_agent,non_agent_first,agent_overt,1.0,0.0,5781.0,4311.0,479.0,9.0,969.9666666666667,683.7555555555557,4697.0,4193,4,788.0,0.8926974664679582,5781.0,3.015555555555556,9.0,86.36777777777776,32.888888888888886,1.5568240788790868,participant_image,4861.0,-191.0,-162.07692307692315,4.0,-96.07435897435914,-19.16324786324799,-333.0,-977,2,5138.0,-0.15575887801699584,4861.0,1.2213675213675206,4.0,27.660683760683796,15.41880341880342,-0.3352491869414813,-1.2213675213675206,-0.3759297379700739,-0.1958157837332379,1.1222312529765295,-1.1254069970305225,-0.8667533453248674,-0.2883349222164345
edf36,35,English,sentence_audio,passive,10855.0,4503.0,750.5,6.0,979.8833333333333,701.8166666666666,4779.0,4503,3,6176.0,0.9422473320778404,10855.0,3.84,6.0,101.275,35.666666666666664,0.5527406725011516,exp_images/audio\ENGLISH\p_veg.wav,IMG_18_E_PWA,exp_images/images/boy_cut_vegetables.jpg,IMG_18,exp_images/sentences/passive_boy_vegetables.jpg,STIM_90,stimuli_list_subj_12_a.csv,PWA,passive_with_agent,non_agent_first,agent_overt,1.0,0.0,5710.0,4524.0,1131.0,4.0,988.55,617.125,4827.0,4524,3,1056.0,0.937228091982598,5710.0,5.7475,4.0,137.29500000000002,41.5,0.7005253940455342,participant_image,5145.0,-21.0,-380.5,2.0,-8.666666666666629,84.6916666666666,-48.0,-21,0,5120.0,0.00501924009524235,5145.0,-1.9074999999999998,2.0,-36.02000000000001,-5.833333333333336,-0.1477847215443826,1.9074999999999998,-0.8256028032376435,0.16759538499700005,0.6660171302740702,0.0767723704380872,1.271565105629422,0.2712694376201872
edf36,36,English,sentence_audio,passive,10593.0,4553.0,650.4285714285714,7.0,854.9285714285713,451.31428571428563,4782.0,4782,3,5601.0,1.0,10593.0,2.4742857142857138,7.0,75.9814285714286,30.0,0.6608137449258945,exp_images/audio\ENGLISH\p_vase.wav,IMG_08_E_PWA,exp_images/images/boy_broke_vase.jpg,IMG_08,exp_images/sentences/passive_boy_vase.jpg,STIM_80,stimuli_list_subj_12_a.csv,PWA,passive_with_agent,non_agent_first,agent_overt,1.0,0.0,5952.0,4346.0,543.25,8.0,913.1375,521.7249999999998,4624.0,4624,2,960.0,1.0,5952.0,1.8875,8.0,94.36374999999998,46.0,1.3440860215053765,participant_image,4641.0,207.0,107.17857142857144,-1.0,-58.208928571428714,-70.41071428571416,158.0,158,1,4641.0,0.0,4641.0,0.5867857142857138,-1.0,-18.382321428571387,-16.0,-0.683272276579482,-0.5867857142857138,0.17839329996177086,0.6549938936469663,-0.018304053779618773,0.3018666243887997,-0.4330699191471199,0.13677596901415962
edf37,19,Punjabi,sentence_audio,active,10838.0,4314.0,253.7647058823529,17.0,875.6235294117647,630.4058823529411,4382.0,3522,5,6142.0,0.8037425832952989,10838.0,4.233529411764706,17.0,102.01058823529414,35.882352941176464,1.5685550839638311,exp_images/audio\PUNJABI\tabla.wav,IMG_11_P_ACT,exp_images/images/child_play_tabla.jpg,IMG_11,exp_images/sentences/Tabla.jpg,STIM_11,stimuli_list_subj_1_b.csv,ACT,active,agent_first,agent_overt,0.0,,5641.0,4319.0,431.9,10.0,861.4900000000001,544.6,4331.0,3463,5,648.0,0.7995843915954745,5641.0,4.008,10.0,218.99400000000003,66.2,1.7727353306151392,participant_image,5197.0,-5.0,-178.13529411764708,7.0,14.133529411764584,85.80588235294113,51.0,59,0,5494.0,0.004158191699824454,5197.0,0.22552941176470576,7.0,-116.98341176470589,-30.31764705882354,-0.20418024665130807,-0.22552941176470576,-0.40898950908404536,0.20179878911278715,1.8065524370302184,0.1773731543266738,-0.18618154438251142,0.31811066540062455
edf37,20,Punjabi,sentence_audio,active,11070.0,4160.0,378.1818181818182,11.0,879.7545454545456,433.7363636363636,4300.0,4300,8,6078.0,1.0,11070.0,2.17,11.0,214.75181818181815,62.90909090909091,0.9936766034327008,exp_images/audio\PUNJABI\door.wav,IMG_10_P_ACT,exp_images/images/boy_opened_door.jpg,IMG_10,exp_images/sentences/Closed-door.jpg,STIM_10,stimuli_list_subj_1_b.csv,ACT,active,agent_first,agent_overt,0.0,,5772.0,4258.0,212.9,20.0,950.7900000000003,519.0600000000002,4404.0,4092,7,780.0,0.9291553133514986,5772.0,2.6325000000000003,20.0,78.46349999999998,29.4,3.465003465003465,participant_image,5298.0,-98.0,165.28181818181818,-9.0,-71.03545454545474,-85.32363636363658,-104.0,208,1,5298.0,0.07084468664850141,5298.0,-0.46250000000000036,-9.0,136.28831818181817,33.50909090909091,-2.471326861570764,0.46250000000000036,0.2980119109509928,0.002991502689774619,-1.843160544589456,0.36474211431916637,0.28402883554839564,-0.1786772362162254
edf37,21,Punjabi,sentence_audio,active,10977.0,4364.0,311.7142857142857,14.0,948.4714285714284,415.1214285714285,4581.0,4397,8,5985.0,0.9598340973586552,10977.0,1.8806666666666665,15.0,62.45399999999999,28.66666666666667,1.366493577480186,exp_images/audio\PUNJABI\bucket.wav,IMG_09_P_ACT,exp_images/images/boy_filled_bucket.jpg,IMG_09,exp_images/sentences/Bucket.jpg,STIM_09,stimuli_list_subj_1_b.csv,ACT,active,agent_first,agent_overt,0.0,,5906.0,4264.0,304.57142857142856,14.0,977.8928571428571,389.41428571428565,4416.0,3880,7,1118.0,0.8786231884057971,5906.0,2.076,15.0,78.03266666666669,39.06666666666667,2.5397900440230274,participant_image,5071.0,100.0,7.142857142857167,0.0,-29.42142857142869,25.707142857142856,165.0,517,1,4867.0,0.0812109089528581,5071.0,-0.19533333333333358,0.0,-15.578666666666692,-10.399999999999999,-1.1732964665428414,0.19533333333333358,-0.027552733363865097,0.42625862862264,0.20980300757161088,0.7533126420888321,0.10144283313318385,0.29265287561048037
edf37,22,Punjabi,sentence_audio,passive,10905.0,4372.0,336.3076923076923,13.0,836.2538461538463,615.6461538461538,4513.0,3637,6,5913.0,0.8058940837580324,10905.0,3.155,14.0,86.69214285714285,35.0,1.2838147638697843,exp_images/audio\PUNJABI\p_fed.wav,IMG_16_P_PWA,exp_images/images/girl_fed_dog.jpg,IMG_16,exp_images/sentences/Fed-dog-passive.jpg,STIM_34,stimuli_list_subj_1_b.csv,PWA,passive_with_agent,non_agent_first,agent_overt,1.0,0.0,5736.0,4252.0,327.07692307692315,13.0,862.0307692307692,527.2538461538462,4384.0,3674,6,912.0,0.8380474452554745,5736.0,3.5961538461538463,13.0,140.0253846153846,46.769230769230774,2.2663877266387726,participant_image,5169.0,120.0,9.23076923076917,0.0,-25.776923076922913,88.39230769230755,129.0,-37,0,5001.0,-0.03215336149744208,5169.0,-0.44115384615384645,1.0,-53.333241758241755,-11.769230769230774,-0.9825729627689883,0.44115384615384645,-0.023254296395543977,0.4690128837673739,0.20980300757161088,0.056652213660369884,0.2694405302544119,0.19633086777164452
edf37,23,Punjabi,sentence_audio,passive,11141.0,4307.0,307.64285714285717,14.0,904.4428571428572,456.7428571428572,4458.0,4458,5,6149.0,1.0,11141.0,3.9278571428571434,14.0,92.15214285714286,38.142857142857146,1.2566196930257607,exp_images/audio\PUNJABI\p_scooter.wav,IMG_14_P_PWA,exp_images/images/driver_wash_scooter.jpg,IMG_14,exp_images/sentences/Washed-scooter-passive.jpg,STIM_32,stimuli_list_subj_1_b.csv,PWA,passive_with_agent,non_agent_first,agent_overt,1.0,0.0,5773.0,3791.0,223.0,17.0,847.0823529411763,534.1823529411765,4052.0,3782,5,781.0,0.9333662388943732,5773.0,4.0699999999999985,17.0,159.32705882352943,55.29411764705882,2.9447427680582017,participant_image,5368.0,516.0,84.64285714285717,-3.0,57.3605042016809,-77.43949579831934,406.0,676,0,5368.0,0.0666337611056268,5368.0,-0.14214285714285513,-3.0,-67.17491596638656,-17.151260504201673,-1.688123075032441,0.14214285714285513,0.13199845989448195,1.3155471356331045,-0.4745181764820781,0.9532567000673979,0.06509160513250652,0.39827514484908255
edf37,24,Punjabi,sentence_audio,passive,10578.0,4066.0,254.125,16.0,829.4875000000002,395.975,4198.0,4198,6,5586.0,1.0,10578.0,3.6024999999999987,16.0,103.9625,49.625,1.5125732652675363,exp_images/audio\PUNJABI\p_picture.wav,IMG_07_P_PWA,exp_images/images/artiste_drew_picture.jpg,IMG_07,exp_images/sentences/Painting-passive.jpg,STIM_25,stimuli_list_subj_1_b.csv,PWA,passive_with_agent,non_agent_first,agent_overt,1.0,0.0,5765.0,4267.0,304.7857142857143,14.0,935.5642857142856,343.7571428571428,4475.0,4475,5,802.0,1.0,5765.0,3.8164285714285713,14.0,97.41357142857142,34.857142857142854,2.4284475281873377,participant_image,4813.0,-201.0,-50.66071428571428,2.0,-106.07678571428539,52.21785714285721,-277.0,-277,1,4784.0,0.0,4813.0,-0.21392857142857258,2.0,6.54892857142859,14.767857142857146,-0.9158742629198013,0.21392857142857258,-0.14655439524802857,-0.21719291130560484,0.6660171302740702,-0.24515013800538987,0.11415111830262395,0.03425416080353417
edf37,25,Punjabi,sentence_audio,passive_dropped_agent,11140.0,4096.0,315.07692307692315,13.0,855.2615384615383,500.1,4300.0,3830,8,6148.0,0.8906976744186047,11140.0,4.2046153846153835,13.0,98.82538461538459,53.230769230769226,1.1669658886894074,exp_images/audio\PUNJABI\p_woa_sapling.wav,IMG_03_P_PNA,exp_images/images/girl_plant_tree.jpg,IMG_03,exp_images/sentences/Sapling-woa.jpg,STIM_39,stimuli_list_subj_1_b.csv,PNA,passive_dropped_agent,non_agent_first,agent_dropped,1.0,1.0,5937.0,3971.0,220.61111111111111,18.0,823.9722222222223,584.1055555555556,4158.0,3764,7,945.0,0.9052429052429052,5937.0,3.4600000000000004,18.0,90.87833333333332,46.33333333333334,3.031834259727135,participant_image,5203.0,125.0,94.46581196581204,-5.0,31.28931623931601,-84.00555555555559,142.0,66,1,5203.0,-0.014545230824300481,5203.0,0.7446153846153831,-5.0,7.947051282051277,6.897435897435884,-1.8648683710377274,-0.7446153846153831,0.15222122329222756,0.47970144755355737,-0.9307322991845375,0.1861757229169251,-0.540933257517694,-0.1307134325879043
edf37,26,Punjabi,sentence_audio,passive_dropped_agent,10872.0,4112.0,216.421052631579,19.0,967.3,445.0315789473684,4267.0,3398,8,6070.0,0.796344035622217,10872.0,3.7289999999999996,20.0,92.66550000000002,36.8,1.839587932303164,exp_images/audio\PUNJABI\p_woa_frisbee.wav,IMG_12_P_PNA,exp_images/images/child_throw_frisbee.jpg,IMG_12,exp_images/sentences/Frisbee-woa.jpg,STIM_48,stimuli_list_subj_1_b.csv,PNA,passive_dropped_agent,non_agent_first,agent_dropped,1.0,1.0,5941.0,4131.0,344.25,12.0,987.9583333333336,480.62500000000006,4271.0,3833,5,1126.0,0.8974479044720206,5941.0,4.448333333333333,12.0,131.76083333333335,60.16666666666666,2.0198619760983,participant_image,4931.0,-19.0,-127.82894736842101,7.0,-20.658333333333644,-35.59342105263164,-4.0,-435,3,4944.0,-0.1011038688498036,4931.0,-0.7193333333333336,8.0,-39.09533333333333,-23.36666666666666,-0.180274043795136,0.7193333333333336,-0.30542257163492037,0.17187081051147343,1.8065524370302184,-0.44383668618534833,0.4595528715570303,0.33774337225569073
edf37,27,Punjabi,sentence_audio,passive_dropped_agent,10633.0,4281.0,356.75,12.0,863.0666666666667,431.775,4431.0,4431,9,5640.0,1.0,10633.0,2.898333333333333,12.0,93.82166666666667,46.83333333333334,1.1285620238878962,exp_images/audio\PUNJABI\p_woa_vase.wav,IMG_08_P_PNA,exp_images/images/boy_broke_vase.jpg,IMG_08,exp_images/sentences/Vase-woa.jpg,STIM_44,stimuli_list_subj_1_b.csv,PNA,passive_dropped_agent,non_agent_first,agent_dropped,1.0,1.0,5927.0,4279.0,329.15384615384613,13.0,858.8230769230769,397.84615384615387,4413.0,4413,10,934.0,1.0,5927.0,3.074615384615385,13.0,94.42384615384616,44.615384615384606,2.193352454867556,participant_image,4706.0,2.0,27.596153846153868,-1.0,4.243589743589837,33.92884615384611,18.0,18,-1,4706.0,0.0,4706.0,-0.176282051282052,-1.0,-0.6021794871794839,2.2179487179487367,-1.0647904309796599,0.176282051282052,0.01455498141133496,0.216762778413444,-0.018304053779618773,0.12581525258377316,0.08842288018011518,0.08545036776180971
edf37,28,English,sentence_audio,active,10533.0,4227.0,301.92857142857144,14.0,915.8071428571428,484.05714285714276,4298.0,4275,5,5541.0,0.9946486738017682,10533.0,3.3628571428571425,14.0,115.05428571428571,49.57142857142857,1.3291559859489226,exp_images/audio\ENGLISH\box.wav,IMG_05_E_ACT,exp_images/images/man_pushed_box.jpg,IMG_05,exp_images/sentences/active_man_box.jpg,STIM_59,stimuli_list_subj_1_b.csv,ACT,active,agent_first,agent_overt,0.0,,5741.0,4273.0,267.0625,16.0,1005.35,384.85625,4474.0,4166,7,749.0,0.9311578006258382,5741.0,3.0,16.0,83.87312499999999,32.375,2.7869709109911165,participant_image,4792.0,-46.0,34.866071428571445,-2.0,-89.5428571428572,99.20089285714278,-176.0,109,-2,4792.0,0.06349087317593005,4792.0,0.36285714285714255,-2.0,31.181160714285724,17.19642857142857,-1.457814925042194,-0.36285714285714255,0.029521743026361565,0.11415256606608269,-0.24641111513084843,0.2402486442570404,-0.2800335273179545,-0.028504337819863657
edf37,29,English,sentence_audio,active,10564.0,4378.0,312.7142857142857,14.0,889.9714285714286,553.1,4571.0,4571,6,5571.0,1.0,10564.0,2.5264285714285712,14.0,75.92642857142856,30.142857142857146,1.3252555850056795,exp_images/audio\ENGLISH\shrub.wav,IMG_04_E_ACT,exp_images/images/man_cut_shrub.jpg,IMG_04,exp_images/sentences/active_man_shrub.jpg,STIM_58,stimuli_list_subj_1_b.csv,ACT,active,agent_first,agent_overt,0.0,,6119.0,4419.0,339.92307692307685,13.0,873.7692307692306,468.0615384615384,4582.0,4446,4,1127.0,0.9703186381492798,6119.0,3.1369230769230767,13.0,84.08384615384615,31.538461538461537,2.1245301519856192,participant_image,4445.0,-41.0,-27.208791208791126,1.0,16.202197802198043,85.0384615384616,-11.0,125,2,4444.0,0.029681361850720234,4445.0,-0.6104945054945055,1.0,-8.157417582417594,-1.3956043956043906,-0.7992745669799397,0.6104945054945055,-0.09827333316898272,0.12484112985226617,0.4379100689228405,0.26036880103475774,0.38517066388647847,0.22200346610547203
edf37,30,English,sentence_audio,active,10415.0,4585.0,573.125,8.0,954.5375,408.0,4740.0,4610,3,5423.0,0.9725738396624471,10415.0,2.79,8.0,79.28875,31.5,0.7681228996639463,exp_images/audio\ENGLISH\window.wav,IMG_02_E_ACT,exp_images/images/girl_opened_window.jpg,IMG_02,exp_images/sentences/active_girl_window.jpg,STIM_56,stimuli_list_subj_1_b.csv,ACT,active,agent_first,agent_overt,0.0,,5933.0,4183.0,418.3,10.0,987.18,418.29,4432.0,4432,5,941.0,1.0,5933.0,3.694,10.0,93.185,56.0,1.6854879487611665,participant_image,4482.0,402.0,154.825,-2.0,-32.64249999999993,-10.29000000000002,308.0,178,-2,4482.0,-0.027426160337552852,4482.0,-0.9039999999999999,-2.0,-13.896250000000009,-24.5,-0.9173650490972202,0.9039999999999999,0.2764841971626744,1.0718478813081216,-0.24641111513084843,0.32701682036094637,0.5857570454036019,0.40293896582089916
edf37,31,English,sentence_audio,passive,10465.0,4107.0,241.58823529411762,17.0,953.4,688.4235294117647,4263.0,3781,5,5472.0,0.886934083978419,10465.0,2.5088235294117647,17.0,88.67882352941177,42.941176470588225,1.6244624940277117,exp_images/audio\ENGLISH\p_dug.wav,IMG_13_E_PWA,exp_images/images/dog_dug_hole.jpg,IMG_13,exp_images/sentences/passive_dog_hole.jpg,STIM_85,stimuli_list_subj_1_b.csv,PWA,passive_with_agent,non_agent_first,agent_overt,1.0,0.0,5850.0,4282.0,251.88235294117646,17.0,930.9352941176469,724.8176470588236,4434.0,3446,6,858.0,0.7771763644564728,5850.0,3.1335294117647066,17.0,87.97941176470589,32.823529411764696,2.9059829059829063,participant_image,4615.0,-175.0,-10.29411764705884,0.0,22.464705882353087,-36.39411764705892,-171.0,335,-1,4614.0,0.10975771952194624,4615.0,-0.6247058823529419,0.0,0.6994117647058857,10.117647058823529,-1.2815204119551946,0.6247058823529419,-0.06345067058382399,-0.1616123796174508,0.20980300757161088,0.5244458587422975,0.39488294768959,0.1808137527604447
edf37,32,English,sentence_audio,passive,10529.0,4359.0,335.3076923076923,13.0,960.6923076923077,731.3846153846154,4524.0,4524,4,5537.0,1.0,10529.0,2.984615384615384,13.0,69.48307692307691,36.0,1.234685155285402,exp_images/audio\ENGLISH\p_veg.wav,IMG_18_E_PWA,exp_images/images/boy_cut_vegetables.jpg,IMG_18,exp_images/sentences/passive_boy_vegetables.jpg,STIM_90,stimuli_list_subj_1_b.csv,PWA,passive_with_agent,non_agent_first,agent_overt,1.0,0.0,5760.0,4158.0,244.58823529411762,17.0,990.0529411764708,711.1470588235292,4319.0,4015,4,769.0,0.9296133364204676,5760.0,2.5123529411764705,17.0,97.28647058823529,39.52941176470589,2.951388888888889,participant_image,4769.0,201.0,90.7194570135747,-4.0,-29.36063348416303,20.237556561086194,205.0,509,0,4768.0,0.07038666357953238,4769.0,0.4722624434389133,-4.0,-27.80339366515838,-3.529411764705891,-1.716703733603487,-0.4722624434389133,0.14450850841482388,0.6421676171035461,-0.7026252378333078,0.7432525636999734,-0.3548028715834323,0.09450011596032065
edf37,33,English,sentence_audio,passive,10621.0,4591.0,353.15384615384613,13.0,907.8076923076924,527.3076923076922,4669.0,4079,6,5628.0,0.8736346112657957,10621.0,1.7946153846153845,13.0,63.699230769230745,24.923076923076927,1.2239902080783354,exp_images/audio\ENGLISH\p_cake.wav,IMG_15_E_PWA,exp_images/images/girl_baked_cake.jpg,IMG_15,exp_images/sentences/passive_girl_cake.jpg,STIM_87,stimuli_list_subj_1_b.csv,PWA,passive_with_agent,non_agent_first,agent_overt,1.0,0.0,5782.0,4132.0,344.33333333333326,12.0,906.8333333333336,493.66666666666674,4278.0,4036,8,790.0,0.943431510051426,5782.0,2.405,12.0,179.68666666666667,59.5,2.0754064337599445,participant_image,4839.0,459.0,8.820512820512874,1.0,0.974358974358779,33.64102564102541,391.0,43,-2,4838.0,-0.06979689878563033,4839.0,-0.6103846153846153,1.0,-115.98743589743592,-34.57692307692307,-0.8514162256816091,0.6103846153846153,-0.024098901554231434,1.193697508470613,0.4379100689228405,0.15725299754895647,0.38509556321572436,0.42997144732078063
edf37,34,English,sentence_audio,passive_dropped_agent,10748.0,4412.0,294.1333333333333,15.0,941.7733333333333,548.1666666666666,4605.0,4412,4,5972.0,0.9580890336590664,10748.0,1.848666666666667,15.0,60.027333333333324,25.86666666666667,1.3956084852995907,exp_images/audio\ENGLISH\p_woa_clothes.wav,IMG_06_E_PNA,exp_images/images/women_fold_clothes.jpg,IMG_06,exp_images/sentences/noagent_woman_clothes.jpg,STIM_96,stimuli_list_subj_1_b.csv,PNA,passive_dropped_agent,non_agent_first,agent_dropped,1.0,1.0,5760.0,4442.0,341.6923076923077,13.0,898.4846153846155,531.2846153846153,4576.0,4538,7,768.0,0.9916958041958042,5760.0,2.9923076923076923,13.0,81.82384615384616,32.0,2.2569444444444446,participant_image,4988.0,-30.0,-47.55897435897435,2.0,43.28871794871782,16.882051282051293,29.0,-126,-3,5204.0,-0.03360677053673777,4988.0,-1.1436410256410254,2.0,-21.796512820512838,-6.133333333333329,-0.861335959144854,1.1436410256410254,-0.14016876548688778,0.1483559701818698,0.6660171302740702,-0.05526615841568269,0.7495315814727576,0.27369395160522536
edf37,35,English,sentence_audio,passive_dropped_agent,10933.0,3205.0,320.5,10.0,987.11,454.02,3388.0,2410,4,5941.0,0.7113341204250295,10933.0,2.177,10.0,171.79000000000005,160.4,0.914662032379036,exp_images/audio\ENGLISH\p_woa_letter.wav,IMG_17_E_PNA,exp_images/images/women_read_letter.jpg,IMG_17,exp_images/sentences/noagent_women_letter.jpg,STIM_107,stimuli_list_subj_1_b.csv,PNA,passive_dropped_agent,non_agent_first,agent_dropped,1.0,1.0,6036.0,4210.0,421.0,10.0,894.8299999999998,446.74,4368.0,4368,3,1044.0,1.0,6036.0,2.093,10.0,99.456,62.4,1.656726308813784,participant_image,4897.0,-1005.0,-100.5,0.0,92.2800000000002,7.279999999999973,-980.0,-1958,1,4897.0,-0.2886658795749705,4897.0,0.08400000000000007,0.0,72.33400000000005,98.0,-0.742064276434748,-0.08400000000000007,-0.2491597824332928,-1.9359139681239068,0.20980300757161088,-2.3590241094643156,-0.08945806521235279,-0.8847505835324514
edf37,36,English,sentence_audio,passive_dropped_agent,10651.0,3889.0,194.45,20.0,818.0699999999998,531.8399999999998,4099.0,3889,3,5894.0,0.9487679921932178,10651.0,2.0295,20.0,73.202,44.7,1.8777579569993428,exp_images/audio\ENGLISH\p_woa_lamp.wav,IMG_01_E_PNA,exp_images/images/girl_lighted_lamp.jpg,IMG_01,exp_images/sentences/noagent_girl_lamp.jpg,STIM_91,stimuli_list_subj_1_b.csv,PNA,passive_dropped_agent,non_agent_first,agent_dropped,1.0,1.0,5786.0,4200.0,280.0,15.0,926.3466666666667,591.78,4378.0,4378,6,794.0,1.0,5786.0,4.4137499999999985,16.0,102.01625,39.0,2.7652955409609405,participant_image,4865.0,-311.0,-85.55000000000001,5.0,-108.27666666666687,-59.94000000000017,-279.0,-489,-3,5100.0,-0.051232007806782165,4865.0,-2.3842499999999984,4.0,-28.81425,5.700000000000003,-0.8875375839615978,2.3842499999999984,-0.2183818425724891,-0.4523413146016411,1.3503383143277592,-0.5117422153101443,1.5973837331457736,0.35305133499785163
edf38,19,Punjabi,sentence_audio,passive,10445.0,4293.0,268.3125,16.0,972.90625,463.19999999999993,4541.0,3093,5,5730.0,0.6811275049548557,10445.0,3.04375,16.0,93.139375,28.25,1.5318334131163236,exp_images/audio\PUNJABI\p_tabla.wav,IMG_11_P_PWA,exp_images/images/child_play_tabla.jpg,IMG_11,exp_images/sentences/Tabla-passive.jpg,STIM_29,stimuli_list_subj_2_b.csv,PWA,passive_with_agent,non_agent_first,agent_overt,1.0,0.0,5831.0,4391.0,337.76923076923083,13.0,908.2076923076925,533.6923076923076,4615.0,3756,5,1090.0,0.8138678223185265,5831.0,3.2361538461538464,13.0,100.43461538461537,29.07692307692308,2.2294632138569708,participant_image,4614.0,-98.0,-69.45673076923083,3.0,64.69855769230753,-70.49230769230769,-74.0,-663,0,4640.0,-0.13274031736367076,4614.0,-0.1924038461538462,3.0,-7.295240384615369,-0.8269230769230802,-0.6976298007406472,0.1924038461538462,-0.18525022567962376,0.002991502689774619,0.8941241916252998,-0.7305489202678201,0.09944077441866403,0.016151464557258903
edf38,20,Punjabi,sentence_audio,passive,10630.0,4400.0,733.3333333333335,6.0,980.4166666666665,481.7833333333333,4663.0,4663,4,5639.0,1.0,10630.0,3.2371428571428567,7.0,139.50714285714284,49.42857142857143,0.658513640639699,exp_images/audio\PUNJABI\p_door.wav,IMG_10_P_PWA,exp_images/images/boy_opened_door.jpg,IMG_10,exp_images/sentences/Closed-door-passive.jpg,STIM_28,stimuli_list_subj_2_b.csv,PWA,passive_with_agent,non_agent_first,agent_overt,1.0,0.0,5807.0,4525.0,377.08333333333326,12.0,991.9416666666664,438.0333333333333,4673.0,4673,7,820.0,1.0,5807.0,2.4453846153846155,13.0,90.17692307692309,26.0,2.2386774582400553,participant_image,4823.0,-125.0,356.2500000000002,-6.0,-11.524999999999864,43.75,-10.0,-10,-3,4819.0,0.0,4823.0,0.7917582417582412,-6.0,49.33021978021975,23.42857142857143,-1.5801638176003563,-0.7917582417582412,0.6911628952538046,-0.054726741755616114,-1.1588393605357672,0.09060497822276786,-0.5731514452712032,-0.2009899348172028
edf38,21,Punjabi,sentence_audio,passive,10577.0,4164.0,260.25,16.0,986.79375,482.81875000000014,4412.0,4130,7,5584.0,0.9360834088848596,10577.0,2.7568749999999995,16.0,97.1441176470588,35.411764705882355,1.5127162711543916,exp_images/audio\PUNJABI\p_bucket.wav,IMG_09_P_PWA,exp_images/images/boy_filled_bucket.jpg,IMG_09,exp_images/sentences/Bucket-passive.jpg,STIM_27,stimuli_list_subj_2_b.csv,PWA,passive_with_agent,non_agent_first,agent_overt,1.0,0.0,5670.0,4322.0,270.125,16.0,1001.65625,439.70625,4573.0,4573,6,677.0,1.0,5670.0,2.26625,16.0,82.42937500000002,26.25,2.8218694885361546,participant_image,4907.0,-158.0,-9.875,0.0,-14.862499999999955,43.112500000000125,-161.0,-443,1,4907.0,-0.06391659111514036,4907.0,0.49062499999999964,0.0,14.714742647058785,9.161764705882355,-1.309153217381763,-0.49062499999999964,-0.06258782257474181,-0.12527126274442701,0.20980300757161088,-0.453896764574207,-0.3673521384453611,-0.15986099615342522
edf38,22,Punjabi,sentence_audio,passive_dropped_agent,10842.0,4410.0,367.5,12.0,947.7083333333335,735.3666666666667,4692.0,1706,4,6158.0,0.3635976129582268,10842.0,2.0483333333333333,12.0,78.89666666666666,25.0,1.1068068622025455,exp_images/audio\PUNJABI\p_woa_fed.wav,IMG_16_P_PNA,exp_images/images/girl_fed_dog.jpg,IMG_16,exp_images/sentences/Fed-dog-woa.jpg,STIM_52,stimuli_list_subj_2_b.csv,PNA,passive_dropped_agent,non_agent_first,agent_dropped,1.0,1.0,5955.0,4312.0,287.46666666666664,15.0,902.1733333333334,611.4599999999998,4557.0,3959,6,963.0,0.868773315777924,5955.0,3.350625,16.0,105.96375,28.375,2.686817800167926,participant_image,4887.0,98.0,80.03333333333336,-3.0,45.53500000000008,123.90666666666687,135.0,-2253,-2,5195.0,-0.5051757028196973,4887.0,-1.3022916666666666,-4.0,-27.067083333333343,-3.375,-1.5800109379653806,1.3022916666666666,0.12250871764722666,0.4219832031081666,-0.4745181764820781,-2.729989500053479,0.857955984437758,-0.36041195426848116
edf38,23,Punjabi,sentence_audio,passive_dropped_agent,10711.0,4076.0,271.73333333333335,15.0,914.0133333333333,413.7466666666666,4299.0,4279,7,5719.0,0.9953477552919284,10711.0,3.495625,16.0,120.5875,44.0,1.493791429371674,exp_images/audio\PUNJABI\p_woa_scooter.wav,IMG_14_P_PNA,exp_images/images/driver_wash_scooter.jpg,IMG_14,exp_images/sentences/Washed-scooter-woa.jpg,STIM_50,stimuli_list_subj_2_b.csv,PNA,passive_dropped_agent,non_agent_first,agent_dropped,1.0,1.0,5719.0,4167.0,231.5,18.0,936.6111111111113,459.7611111111111,4462.0,4462,5,727.0,1.0,5719.0,3.2944444444444434,18.0,105.88111111111108,29.444444444444446,3.1474033922014337,participant_image,4992.0,-91.0,40.23333333333335,-3.0,-22.597777777777992,-46.01444444444451,-163.0,-183,2,4992.0,-0.004652244708071573,4992.0,0.20118055555555658,-2.0,14.706388888888924,14.555555555555554,-1.6536119628297596,-0.20118055555555658,0.040571459690036796,0.017955491990431477,-0.4745181764820781,-0.12694421693630065,-0.16954114393855127,-0.14249531713529234
edf38,24,Punjabi,sentence_audio,passive_dropped_agent,10399.0,4269.0,304.92857142857144,14.0,920.0142857142856,398.5214285714286,4497.0,4453,6,5406.0,0.9902156993551255,10399.0,4.286428571428572,14.0,119.2507142857143,35.42857142857143,1.346283296470815,exp_images/audio\PUNJABI\p_woa_picture.wav,IMG_07_P_PNA,exp_images/images/artiste_drew_picture.jpg,IMG_07,exp_images/sentences/Painting-woa.jpg,STIM_43,stimuli_list_subj_2_b.csv,PNA,passive_dropped_agent,non_agent_first,agent_dropped,1.0,1.0,5659.0,4276.0,285.06666666666666,15.0,908.8133333333333,485.2,4517.0,4345,6,667.0,0.9619216294000444,5659.0,3.41,16.0,104.865,30.875,2.8273546562997,participant_image,4740.0,-7.0,19.861904761904782,-1.0,11.200952380952344,-86.67857142857139,-20.0,108,0,4739.0,0.028294069955081103,4740.0,0.8764285714285718,-2.0,14.3857142857143,4.553571428571431,-1.4810713598288852,-0.8764285714285718,-0.0013677111093001318,0.19752336359831374,-0.018304053779618773,0.23899113445843306,-0.6310165120872373,-0.04283475578388187
edf38,25,English,sentence_audio,active,10948.0,4110.0,256.875,16.0,901.0375,555.48125,4340.0,3960,6,5956.0,0.912442396313364,10948.0,3.358125,16.0,109.395,40.75,1.4614541468761415,exp_images/audio\ENGLISH\sapling.wav,IMG_03_E_ACT,exp_images/images/girl_plant_tree.jpg,IMG_03,exp_images/sentences/active_girl_sapling.jpg,STIM_57,stimuli_list_subj_2_b.csv,ACT,active,agent_first,agent_overt,0.0,,5726.0,4426.0,402.3636363636364,11.0,880.8090909090909,537.5545454545454,4674.0,4320,3,734.0,0.9242618741976892,5726.0,3.127272727272727,11.0,100.1590909090909,28.90909090909091,1.921061823262312,participant_image,5222.0,-316.0,-145.48863636363637,5.0,20.228409090909167,17.92670454545464,-334.0,-360,3,5222.0,-0.011819477884325247,5222.0,0.23085227272727282,5.0,9.23590909090909,11.84090909090909,-0.4596076763861705,-0.23085227272727282,-0.34177901617373213,-0.4630298783878246,1.3503383143277592,-0.34952345128979845,-0.18981927328294976,0.001237339038690838
edf38,26,English,sentence_audio,active,10978.0,4050.0,238.2352941176471,17.0,953.3117647058824,406.6941176470588,4295.0,3462,8,6258.0,0.8060535506402794,10978.0,4.1905882352941175,17.0,104.91470588235296,41.058823529411775,1.5485516487520496,exp_images/audio\ENGLISH\frisbee.wav,IMG_12_E_ACT,exp_images/images/child_throw_frisbee.jpg,IMG_12,exp_images/sentences/active_child_frisbee.jpg,STIM_66,stimuli_list_subj_2_b.csv,ACT,active,agent_first,agent_overt,0.0,,6105.0,4291.0,357.58333333333326,12.0,995.2166666666667,502.4083333333333,4515.0,3232,5,1368.0,0.7158361018826135,6105.0,4.565833333333333,12.0,122.71333333333335,39.833333333333336,1.9656019656019652,participant_image,4873.0,-241.0,-119.34803921568616,5.0,-41.90490196078429,-95.71421568627449,-220.0,230,3,4890.0,0.09021744875766591,4873.0,-0.37524509803921546,5.0,-17.79862745098039,1.2254901960784395,-0.41705031684991556,0.37524509803921546,-0.2879627133680392,-0.3027014215950726,1.3503383143277592,0.39240732988852767,0.2243974304074689,0.27529578793212883
edf38,27,English,sentence_audio,active,11002.0,4158.0,415.8,10.0,879.0,431.79000000000013,4402.0,4402,6,6010.0,1.0,11002.0,2.1945454545454544,11.0,85.85454545454544,54.72727272727273,0.9998182148700236,exp_images/audio\ENGLISH\vase.wav,IMG_08_E_ACT,exp_images/images/boy_broke_vase.jpg,IMG_08,exp_images/sentences/active_boy_vase.jpg,STIM_62,stimuli_list_subj_2_b.csv,ACT,active,agent_first,agent_overt,0.0,,6052.0,4404.0,367.0,12.0,926.5750000000003,524.9416666666667,4656.0,4422,7,1060.0,0.9497422680412372,6052.0,3.435833333333333,12.0,110.33083333333332,28.0,1.982815598149372,participant_image,4950.0,-246.0,48.80000000000001,-2.0,-47.57500000000027,-93.15166666666659,-254.0,-20,-1,4950.0,0.05025773195876282,4950.0,-1.2412878787878787,-1.0,-24.476287878787872,26.727272727272727,-0.9829973832793484,1.2412878787878787,0.058207871159884184,-0.313389985381256,-0.24641111513084843,0.07802988023669453,0.8162650134047944,0.07854033285785374
edf38,28,English,sentence_audio,passive,10317.0,4027.0,366.09090909090907,11.0,1127.4272727272728,413.60909090909087,4229.0,4057,6,5324.0,0.9593284464412389,10317.0,3.785454545454546,11.0,137.4590909090909,69.45454545454545,1.06620141514006,exp_images/audio\ENGLISH\p_box.wav,IMG_05_E_PWA,exp_images/images/man_pushed_box.jpg,IMG_05,exp_images/sentences/passive_man_box.jpg,STIM_77,stimuli_list_subj_2_b.csv,PWA,passive_with_agent,non_agent_first,agent_overt,1.0,0.0,5902.0,4262.0,304.42857142857144,14.0,1069.7285714285715,479.7785714285714,4495.0,4059,5,909.0,0.9030033370411568,5902.0,4.009285714285714,14.0,102.53142857142859,35.57142857142857,2.372077261945104,participant_image,4415.0,-235.0,61.66233766233762,-3.0,57.69870129870128,-66.16948051948054,-266.0,-2,1,4415.0,0.056325109400082174,4415.0,-0.22383116883116827,-3.0,34.9276623376623,33.883116883116884,-1.3058758468050438,0.22383116883116827,0.08468788821946797,-0.2898751450516524,-0.4745181764820781,0.10066505661162652,0.12091871283762284,-0.09162433277300262
edf38,29,English,sentence_audio,passive,10572.0,4206.0,323.53846153846155,13.0,957.6,447.20769230769235,4442.0,4176,7,5580.0,0.940117064385412,10572.0,2.8238461538461537,13.0,111.50692307692309,42.307692307692314,1.2296632614453271,exp_images/audio\ENGLISH\p_shrub.wav,IMG_04_E_PWA,exp_images/images/man_cut_shrub.jpg,IMG_04,exp_images/sentences/passive_man_shrub.jpg,STIM_76,stimuli_list_subj_2_b.csv,PWA,passive_with_agent,non_agent_first,agent_overt,1.0,0.0,5883.0,4315.0,269.6875,16.0,690.9937500000002,500.66875,4364.0,3830,9,891.0,0.8776351970669111,5883.0,7.025625,16.0,152.396875,39.25,2.71970083290838,participant_image,4689.0,-109.0,53.85096153846155,-3.0,266.6062499999998,-53.461057692307634,78.0,346,-2,4689.0,0.06248186731850092,4689.0,-4.201778846153847,-3.0,-40.88995192307691,3.0576923076923137,-1.490037571463053,4.201778846153847,0.06860641232844618,-0.020523337639829012,-0.4745181764820781,0.5382784665269782,2.8395122158415824,0.5902711161150199
edf38,30,English,sentence_audio,passive,10413.0,4163.0,416.3,10.0,964.43,423.68,4500.0,4500,5,5421.0,1.0,10413.0,3.458,10.0,110.271,49.2,0.9603380389897244,exp_images/audio\ENGLISH\p_window.wav,IMG_02_E_PWA,exp_images/images/girl_opened_window.jpg,IMG_02,exp_images/sentences/passive_girl_window.jpg,STIM_74,stimuli_list_subj_2_b.csv,PWA,passive_with_agent,non_agent_first,agent_overt,1.0,0.0,5894.0,4300.0,390.9090909090909,11.0,1056.527272727273,487.9363636363637,4576.0,4126,4,1206.0,0.9016608391608392,5894.0,3.158333333333333,12.0,116.63166666666667,36.16666666666666,2.035968781812012,participant_image,4519.0,-137.0,25.390909090909133,-1.0,-92.09727272727298,-64.25636363636369,-76.0,374,1,4215.0,0.09833916083916083,4519.0,0.29966666666666697,-2.0,-6.360666666666674,13.033333333333346,-1.0756307428222875,-0.29966666666666697,0.010014988738741296,-0.08037929484245644,-0.018304053779618773,0.5734887408879835,-0.2368481382786561,0.04959444854519869
edf38,31,English,sentence_audio,passive_dropped_agent,10328.0,4630.0,356.15384615384613,13.0,967.7230769230767,672.1076923076923,4647.0,4647,5,5335.0,1.0,10328.0,2.4057142857142857,14.0,82.97142857142856,26.0,1.3555383423702556,exp_images/audio\ENGLISH\p_woa_dug.wav,IMG_13_E_PNA,exp_images/images/dog_dug_hole.jpg,IMG_13,exp_images/sentences/noagent_dog_hole.jpg,STIM_103,stimuli_list_subj_2_b.csv,PNA,passive_dropped_agent,non_agent_first,agent_dropped,1.0,1.0,5985.0,4245.0,326.53846153846155,13.0,896.0153846153845,624.4384615384615,4473.0,4057,3,992.0,0.9069975408003575,5985.0,3.474615384615385,13.0,207.6192307692308,40.0,2.172096908939014,participant_image,4343.0,385.0,29.615384615384585,0.0,71.70769230769224,47.66923076923081,174.0,590,2,4343.0,0.09300245919964245,4343.0,-1.0689010989010992,1.0,-124.64780219780224,-14.0,-0.8165585665687585,1.0689010989010992,0.01871202242675084,1.0355067644350977,0.20980300757161088,0.8451108573871673,0.6984531119372033,0.561517152751566
edf38,32,English,sentence_audio,passive_dropped_agent,10419.0,4389.0,399.0,11.0,945.8727272727272,610.0818181818182,4609.0,4609,7,5426.0,1.0,10419.0,4.1054545454545455,11.0,102.28909090909092,34.90909090909091,1.05576350897399,exp_images/audio\ENGLISH\p_woa_veg.wav,IMG_18_E_PNA,exp_images/images/boy_cut_vegetables.jpg,IMG_18,exp_images/sentences/noagent_boy_vegetables.jpg,STIM_108,stimuli_list_subj_2_b.csv,PNA,passive_dropped_agent,non_agent_first,agent_dropped,1.0,1.0,6092.0,3890.0,389.0,10.0,984.17,555.33,4210.0,3890,3,1450.0,0.9239904988123516,6092.0,2.693,10.0,96.82600000000001,78.2,1.6414970453053186,participant_image,4327.0,499.0,10.0,1.0,-38.2972727272728,54.75181818181818,399.0,719,4,3976.0,0.07600950118764838,4327.0,1.4124545454545454,1.0,5.4630909090909086,-43.290909090909096,-0.5857335363313285,-1.4124545454545454,-0.021670661723004428,1.2792060187600807,0.4379100689228405,1.0073296214075131,-0.9973452948250637,0.34108595050847323
edf38,33,English,sentence_audio,passive_dropped_agent,10327.0,4179.0,278.6,15.0,908.48,462.7466666666666,4399.0,4027,5,5334.0,0.9154353262105024,10327.0,2.1546666666666665,15.0,90.44933333333334,39.6,1.452503147090152,exp_images/audio\ENGLISH\p_woa_cake.wav,IMG_15_E_PNA,exp_images/images/girl_baked_cake.jpg,IMG_15,exp_images/sentences/noagent_girl_cake.jpg,STIM_105,stimuli_list_subj_2_b.csv,PNA,passive_dropped_agent,non_agent_first,agent_dropped,1.0,1.0,5969.0,4489.0,498.77777777777777,9.0,934.5888888888887,471.77777777777777,4754.0,4754,5,977.0,1.0,5969.0,2.536666666666667,9.0,88.75,26.444444444444446,1.5077902496230524,participant_image,4358.0,-310.0,-220.17777777777775,6.0,-26.108888888888714,-9.031111111111159,-355.0,-727,0,4357.0,-0.08456467378949761,4358.0,-0.38200000000000056,6.0,1.6993333333333425,13.155555555555555,-0.05528710253290048,0.38200000000000056,-0.49554342438105703,-0.45020360184440444,1.5784453756789887,-0.8110295473786894,0.22901383918748047,0.010136528252463662
edf38,34,Punjabi,sentence_audio,active,11174.0,4472.0,298.1333333333333,15.0,955.6533333333334,487.06666666666666,4516.0,4188,6,6182.0,0.9273693534100974,11174.0,3.2324999999999995,16.0,87.923125,30.5,1.4318954716305712,exp_images/audio\PUNJABI\clothes.wav,IMG_06_P_ACT,exp_images/images/women_fold_clothes.jpg,IMG_06,exp_images/sentences/Folded-clothes.jpg,STIM_06,stimuli_list_subj_2_b.csv,ACT,active,agent_first,agent_overt,0.0,,5843.0,4135.0,459.4444444444445,9.0,1060.8444444444444,564.0555555555553,4435.0,4393,6,850.0,0.9905298759864712,5843.0,5.8277777777777775,9.0,130.44666666666663,62.0,1.5403046380284098,participant_image,5331.0,337.0,-161.3111111111112,6.0,-105.19111111111101,-76.98888888888865,81.0,-205,0,5332.0,-0.06316052257637383,5331.0,-2.595277777777778,7.0,-42.52354166666663,-31.5,-0.1084091663978386,2.595277777777778,-0.3743531416738569,0.9328965520877365,1.5784453756789887,-0.15460943250566195,1.7416035148413835,0.7447965736857179
edf38,35,Punjabi,sentence_audio,active,10208.0,4508.0,346.76923076923083,13.0,1023.8153846153847,488.77692307692314,4510.0,4510,5,5216.0,1.0,10208.0,2.0900000000000003,13.0,86.5876923076923,37.07692307692308,1.2735109717868338,exp_images/audio\PUNJABI\letter.wav,IMG_17_P_ACT,exp_images/images/women_read_letter.jpg,IMG_17,exp_images/sentences/Letter.jpg,STIM_17,stimuli_list_subj_2_b.csv,ACT,active,agent_first,agent_overt,0.0,,6133.0,4407.0,489.66666666666674,9.0,1008.0333333333334,582.3888888888888,4697.0,4697,4,1140.0,1.0,6133.0,3.82,9.0,106.40555555555555,32.888888888888886,1.4674710582096853,participant_image,4075.0,101.0,-142.8974358974359,4.0,15.78205128205127,-93.61196581196566,-187.0,-187,1,4076.0,0.0,4075.0,-1.7299999999999995,4.0,-19.817863247863258,4.1880341880341945,-0.19396008642285145,1.7299999999999995,-0.3364444468014241,0.4283963413798767,1.1222312529765295,-0.13197425613072997,1.1502587471938632,0.4464935277236231
edf38,36,Punjabi,sentence_audio,active,10478.0,4142.0,295.85714285714283,14.0,864.3285714285713,572.8142857142857,4326.0,3970,6,5498.0,0.917706888580675,10478.0,3.818125,16.0,112.08249999999998,43.375,1.5270089711777055,exp_images/audio\PUNJABI\lamp.wav,IMG_01_P_ACT,exp_images/images/girl_lighted_lamp.jpg,IMG_01,exp_images/sentences/Lamp.jpg,STIM_01,stimuli_list_subj_2_b.csv,ACT,active,agent_first,agent_overt,0.0,,5907.0,4363.0,290.8666666666667,15.0,895.0333333333334,442.62666666666667,4601.0,4601,4,914.0,1.0,5907.0,2.530666666666667,15.0,90.04799999999999,26.13333333333333,2.5393600812595225,participant_image,4571.0,-221.0,4.9904761904761585,-1.0,-30.70476190476211,130.18761904761902,-275.0,-631,2,4584.0,-0.08229311141932505,4571.0,1.2874583333333334,1.0,22.034499999999994,17.24166666666667,-1.012351110081817,-1.2874583333333334,-0.03198389399998029,-0.2599471664503387,-0.018304053779618773,-0.6903086067123855,-0.9119208705396392,-0.3824929182963925
edf39,19,Punjabi,sentence_audio,passive_dropped_agent,10623.0,4213.0,300.92857142857144,14.0,911.3357142857144,635.85,4406.0,2775,5,6170.0,0.629822968679074,10623.0,4.7664285714285715,14.0,105.96,41.714285714285715,1.3178951332015438,exp_images/audio\PUNJABI\p_woa_tabla.wav,IMG_11_P_PNA,exp_images/images/child_play_tabla.jpg,IMG_11,exp_images/sentences/Tabla-woa.jpg,STIM_47,stimuli_list_subj_3_b.csv,PNA,passive_dropped_agent,non_agent_first,agent_dropped,1.0,1.0,5671.0,4181.0,418.1,10.0,901.43,601.3800000000001,4383.0,3555,7,916.0,0.811088295687885,5671.0,5.272,10.0,130.575,61.0,1.7633574325515782,participant_image,4952.0,32.0,-117.17142857142858,4.0,9.905714285714453,34.469999999999914,23.0,-780,-2,5254.0,-0.18126532700881104,4952.0,-0.5055714285714288,4.0,-24.614999999999995,-19.285714285714285,-0.44546229935003434,0.5055714285714288,-0.2834816704577151,0.28089416113054483,1.1222312529765295,-0.877677566704878,0.3134645434504647,0.11108614407898917
edf39,20,Punjabi,sentence_audio,passive_dropped_agent,10327.0,4285.0,357.08333333333326,12.0,921.3916666666664,471.60000000000014,4553.0,4553,12,5334.0,1.0,10327.0,2.1325000000000003,12.0,76.74416666666667,36.66666666666666,1.1620025176721216,exp_images/audio\PUNJABI\p_woa_door.wav,IMG_10_P_PNA,exp_images/images/boy_opened_door.jpg,IMG_10,exp_images/sentences/Closed-door-woa.jpg,STIM_46,stimuli_list_subj_3_b.csv,PNA,passive_dropped_agent,non_agent_first,agent_dropped,1.0,1.0,6137.0,4373.0,336.38461538461536,13.0,942.1846153846153,458.576923076923,4653.0,4223,7,1146.0,0.9075865033311842,6137.0,1.7784615384615383,13.0,64.49153846153847,26.0,2.11829884308294,participant_image,4190.0,-88.0,20.6987179487179,-1.0,-20.79294871794889,13.023076923077156,-100.0,330,5,4188.0,0.09241349666881582,4190.0,0.35403846153846197,-1.0,12.252628205128204,10.666666666666657,-0.9562963254108185,-0.35403846153846197,0.00035505718089797063,0.024368630262141557,-0.018304053779618773,0.5181583097492609,-0.2740066984899386,0.05011424898454862
edf39,21,Punjabi,sentence_audio,passive_dropped_agent,10173.0,4306.0,331.23076923076917,13.0,960.6384615384616,481.52307692307687,4527.0,4267,9,5181.0,0.9425668212944556,10173.0,2.148571428571429,14.0,75.07714285714287,34.57142857142857,1.3761918804679052,exp_images/audio\PUNJABI\p_woa_tub.wav,IMG_09_P_PNA,exp_images/images/boy_filled_bucket.jpg,IMG_09,exp_images/sentences/Bucket-woa.jpg,STIM_45,stimuli_list_subj_3_b.csv,PNA,passive_dropped_agent,non_agent_first,agent_dropped,1.0,1.0,6052.0,3878.0,352.54545454545456,11.0,1018.481818181818,518.6999999999998,4329.0,4329,7,1059.0,1.0,6052.0,2.791818181818182,11.0,155.03636363636363,60.36363636363637,1.8175809649702581,participant_image,4121.0,428.0,-21.31468531468539,2.0,-57.8433566433564,-37.17692307692295,198.0,-62,2,4122.0,-0.05743317870554443,4121.0,-0.643246753246753,3.0,-79.95922077922076,-25.792207792207797,-0.4413890845023529,0.643246753246753,-0.08613898957420044,1.1274284129962755,0.6660171302740702,0.02521446869518658,0.4075540774380523,0.4280150199658769
edf39,22,English,sentence_audio,active,10251.0,4107.0,273.8,15.0,882.1733333333334,576.92,4303.0,3851,7,5258.0,0.8949570067394841,10251.0,2.6573333333333338,15.0,119.11733333333332,46.0,1.463271875914545,exp_images/audio\ENGLISH\fed.wav,IMG_16_E_ACT,exp_images/images/girl_fed_dog.jpg,IMG_16,exp_images/sentences/active_girl_dog.jpg,STIM_70,stimuli_list_subj_3_b.csv,ACT,active,agent_first,agent_overt,0.0,,5841.0,4087.0,314.38461538461536,13.0,895.5538461538464,658.6538461538463,4286.0,3019,7,849.0,0.7043863742417172,5841.0,3.234615384615384,13.0,129.31615384615387,54.30769230769231,2.2256462934429035,participant_image,4410.0,20.0,-40.58461538461535,2.0,-13.38051282051299,-81.73384615384634,17.0,832,0,4409.0,0.19057063249776685,4410.0,-0.57728205128205,2.0,-10.198820512820546,-8.307692307692307,-0.7623744175283584,0.57728205128205,-0.12581047778919693,0.2552416080437045,0.6660171302740702,1.1494282286501418,0.36247273782889705,0.4614698454015233
edf39,23,English,sentence_audio,active,10673.0,3861.0,321.75,12.0,1014.5833333333333,544.1083333333332,4389.0,4389,3,5680.0,1.0,10673.0,3.182500000000001,12.0,125.17,50.33333333333334,1.1243324276211002,exp_images/audio\ENGLISH\scooter.wav,IMG_14_E_ACT,exp_images/images/driver_wash_scooter.jpg,IMG_14,exp_images/sentences/active_driver_scooter.jpg,STIM_68,stimuli_list_subj_3_b.csv,ACT,active,agent_first,agent_overt,0.0,,5999.0,3933.0,437.0,9.0,845.4333333333334,502.91111111111115,4396.0,3928,7,1007.0,0.8935395814376706,5999.0,4.348888888888889,9.0,151.06333333333333,66.22222222222223,1.5002500416736124,participant_image,4674.0,-72.0,-115.25,3.0,169.14999999999986,41.19722222222208,-7.0,461,-4,4673.0,0.10646041856232935,4674.0,-1.1663888888888883,3.0,-25.89333333333333,-15.888888888888886,-0.37591761405251223,1.1663888888888883,-0.2795259772792363,0.058572034377928656,0.8941241916252998,0.6828920933668214,0.7650778375448044,0.4242280359271236
edf39,24,English,sentence_audio,active,10803.0,4069.0,290.64285714285717,14.0,971.9000000000003,378.2714285714286,4271.0,4115,5,5810.0,0.9634745961133224,10803.0,2.442142857142857,14.0,82.43285714285716,51.57142857142857,1.2959363139868554,exp_images/audio\ENGLISH\picture.wav,IMG_07_E_ACT,exp_images/images/artiste_drew_picture.jpg,IMG_07,exp_images/sentences/active_artist_picture.jpg,STIM_61,stimuli_list_subj_3_b.csv,ACT,active,agent_first,agent_overt,0.0,,6025.0,4379.0,364.91666666666674,12.0,995.9416666666667,427.075,4648.0,4248,6,1033.0,0.9139414802065404,6025.0,2.7550000000000003,12.0,73.19166666666666,28.66666666666667,1.9917012448132776,participant_image,4778.0,-310.0,-74.27380952380958,2.0,-24.0416666666664,-48.80357142857139,-377.0,-133,-1,4777.0,0.049533115906782,4778.0,-0.31285714285714317,2.0,9.241190476190496,22.904761904761898,-0.6957649308264222,0.31285714285714317,-0.19516726649655888,-0.45020360184440444,0.6660171302740702,-0.06406872700593402,0.18176049714900114,0.027667606415234785
edf39,25,English,sentence_audio,passive,10241.0,3821.0,272.92857142857144,14.0,999.3714285714284,593.9857142857144,4030.0,3083,7,5249.0,0.7650124069478909,10241.0,4.44,14.0,128.64142857142858,68.71428571428571,1.367053998632946,exp_images/audio\ENGLISH\p_sapling.wav,IMG_03_E_PWA,exp_images/images/girl_plant_tree.jpg,IMG_03,exp_images/sentences/passive_girl_sapling.jpg,STIM_75,stimuli_list_subj_3_b.csv,PWA,passive_with_agent,non_agent_first,agent_overt,1.0,0.0,6052.0,4228.0,384.3636363636364,11.0,944.9090909090908,614.5272727272727,4559.0,4031,7,1059.0,0.8841851283176135,6052.0,4.117272727272727,11.0,96.80636363636364,39.45454545454545,1.8175809649702581,participant_image,4189.0,-407.0,-111.43506493506493,3.0,54.46233766233763,-20.541558441558323,-529.0,-948,0,4190.0,-0.11917272136972268,4189.0,0.3227272727272732,3.0,31.835064935064935,29.259740259740255,-0.45052696633731215,-0.3227272727272732,-0.27167207480422334,-0.6575617392963637,0.8941241916252998,-1.08893921287091,-0.252608127825299,-0.27533139263429923
edf39,26,English,sentence_audio,passive,10335.0,4175.0,298.2142857142857,14.0,1094.4714285714283,464.3428571428572,4394.0,3604,4,5343.0,0.8202093764223942,10335.0,2.68,14.0,82.45714285714284,42.714285714285715,1.3546202225447508,exp_images/audio\ENGLISH\p_frisbee.wav,IMG_12_E_PWA,exp_images/images/child_throw_frisbee.jpg,IMG_12,exp_images/sentences/passive_child_frisbee.jpg,STIM_84,stimuli_list_subj_3_b.csv,PWA,passive_with_agent,non_agent_first,agent_overt,1.0,0.0,5988.0,4064.0,312.61538461538464,13.0,1121.0923076923075,444.8846153846153,4341.0,3354,4,1576.0,0.7726330338631652,5988.0,3.822307692307692,13.0,110.3453846153846,50.153846153846146,2.171008684034736,participant_image,4347.0,111.0,-14.40109890109892,1.0,-26.62087912087918,19.45824175824191,53.0,250,0,3767.0,0.047576342559229046,4347.0,-1.1423076923076918,1.0,-27.88824175824176,-7.439560439560431,-0.8163884614899852,1.1423076923076918,-0.0719058158712015,0.4497734689522436,0.4379100689228405,0.4175575258606743,0.7486203600009409,0.3963911215730996
edf39,27,English,sentence_audio,passive,11132.0,3892.0,324.3333333333333,12.0,933.225,591.65,4246.0,3554,6,6140.0,0.8370230805463966,11132.0,4.0441666666666665,12.0,102.02846153846156,58.92307692307693,1.0779734099892202,exp_images/audio\ENGLISH\p_vase.wav,IMG_08_E_PWA,exp_images/images/boy_broke_vase.jpg,IMG_08,exp_images/sentences/passive_boy_vase.jpg,STIM_80,stimuli_list_subj_3_b.csv,PWA,passive_with_agent,non_agent_first,agent_overt,1.0,0.0,5693.0,3773.0,471.625,8.0,875.8875,484.0125,4587.0,4587,6,700.0,1.0,5693.0,3.50625,8.0,131.24375,50.75,1.4052344985069385,participant_image,5439.0,119.0,-147.29166666666669,4.0,57.33749999999998,107.63749999999999,-341.0,-1033,0,5440.0,-0.16297691945360337,5439.0,0.5379166666666664,4.0,-29.21528846153845,8.173076923076927,-0.3272610885177183,-0.5379166666666664,-0.3454909598683056,0.4668751710101372,1.1222312529765295,-1.1958275457525331,-0.3996720250238492,-0.07037682133160422
edf39,28,English,sentence_audio,passive_dropped_agent,10993.0,3953.0,329.4166666666667,12.0,1213.2833333333335,582.0833333333333,4148.0,3600,8,6001.0,0.8678881388621023,10993.0,6.111666666666667,12.0,118.80166666666666,70.33333333333333,1.0916037478395342,exp_images/audio\ENGLISH\p_woa_box.wav,IMG_05_E_PNA,exp_images/images/man_pushed_box.jpg,IMG_05,exp_images/sentences/noagent_man_box.jpg,STIM_95,stimuli_list_subj_3_b.csv,PNA,passive_dropped_agent,non_agent_first,agent_dropped,1.0,1.0,6063.0,4035.0,310.38461538461536,13.0,975.6076923076924,501.23846153846154,4318.0,4010,8,1071.0,0.9286706808707736,6063.0,3.791538461538461,13.0,105.67692307692309,51.846153846153854,2.1441530595414813,participant_image,4930.0,-82.0,19.032051282051327,-1.0,237.67564102564108,80.84487179487172,-170.0,-410,0,4930.0,-0.06078254200867139,4930.0,2.3201282051282064,-1.0,13.124743589743574,18.487179487179475,-1.052549311701947,-2.3201282051282064,-0.003076151276270588,0.03719490680556172,-0.018304053779618773,-0.412398941220165,-1.6176640908976745,-0.4028496660736335
edf39,29,English,sentence_audio,passive_dropped_agent,10752.0,4544.0,908.8,5.0,956.52,501.44000000000005,4814.0,4814,4,5760.0,1.0,10752.0,3.5580000000000003,5.0,89.78799999999998,35.6,0.4650297619047618,exp_images/audio\ENGLISH\p_woa_shrub.wav,IMG_04_E_PNA,exp_images/images/man_cut_shrub.jpg,IMG_04,exp_images/sentences/noagent_man_shrub.jpg,STIM_94,stimuli_list_subj_3_b.csv,PNA,passive_dropped_agent,non_agent_first,agent_dropped,1.0,1.0,5767.0,4396.0,488.4444444444445,9.0,913.4666666666667,470.0222222222221,4669.0,4669,9,775.0,1.0,5767.0,5.225,10.0,139.332,34.2,1.7340038148083925,participant_image,4985.0,148.0,420.35555555555544,-4.0,43.053333333333285,31.41777777777793,145.0,145,-5,4985.0,0.0,4985.0,-1.6669999999999994,-5.0,-49.54400000000001,1.3999999999999986,-1.2689740529036306,1.6669999999999994,0.8231386098780381,0.5288688409700013,-0.7026252378333078,0.28551899700690436,1.107203532650538,0.4084209485344347
edf39,30,English,sentence_audio,passive_dropped_agent,10635.0,4531.0,906.2,5.0,1084.8200000000004,499.44,4758.0,4335,4,5912.0,0.9110970996216898,10635.0,5.65,5.0,115.958,46.8,0.4701457451810061,exp_images/audio\ENGLISH\p_woa_window.wav,IMG_02_E_PNA,exp_images/images/girl_opened_window.jpg,IMG_02,exp_images/sentences/noagent_girl_window.jpg,STIM_92,stimuli_list_subj_3_b.csv,PNA,passive_dropped_agent,non_agent_first,agent_dropped,1.0,1.0,6081.0,4173.0,298.07142857142856,14.0,1013.1857142857144,485.29285714285714,4230.0,4173,7,1184.0,0.9865248226950356,6081.0,2.577142857142857,14.0,149.97785714285715,54.42857142857143,2.3022529189278083,participant_image,4554.0,358.0,608.1285714285715,-9.0,71.63428571428597,14.147142857142853,528.0,162,-3,4728.0,-0.07542772307334578,4554.0,3.0728571428571434,-9.0,-34.01985714285715,-7.628571428571433,-1.8321071737468022,-3.0728571428571434,1.2097116259329832,0.9777885199897071,-1.843160544589456,0.30689666358322903,-2.132091168784794,-0.29617098077366616
edf39,31,Punjabi,sentence_audio,active,10299.0,3993.0,285.2142857142857,14.0,935.5571428571428,610.1999999999998,4161.0,2853,5,5314.0,0.6856524873828407,10299.0,2.536,15.0,98.99533333333332,56.0,1.4564520827264784,exp_images/audio\PUNJABI\dug.wav,IMG_13_P_ACT,exp_images/images/dog_dug_hole.jpg,IMG_13,exp_images/sentences/Dog-dug.jpg,STIM_13,stimuli_list_subj_3_b.csv,ACT,active,agent_first,agent_overt,0.0,,5781.0,4512.0,752.0,6.0,868.9499999999998,711.7666666666668,4665.0,2495,4,789.0,0.5348338692390139,5781.0,4.138333333333333,6.0,144.20142857142858,49.714285714285715,1.0378827192527245,participant_image,4518.0,-519.0,-466.7857142857143,8.0,66.607142857143,-101.56666666666695,-504.0,358,1,4525.0,0.1508186181438268,4518.0,-1.6023333333333327,9.0,-45.20609523809526,6.285714285714285,0.41856936347375395,1.6023333333333327,-1.0032413667916371,-0.8969855681068735,2.034659498381448,0.5533685841102662,1.0630092912674425,0.35016208777212926
edf39,32,Punjabi,sentence_audio,active,10636.0,4188.0,322.15384615384613,13.0,990.853846153846,445.73076923076917,4402.0,3940,4,5644.0,0.8950477055883689,10636.0,2.5153846153846153,13.0,96.3946153846154,45.384615384615394,1.2222640090259498,exp_images/audio\PUNJABI\veg.wav,IMG_18_P_ACT,exp_images/images/boy_cut_vegetables.jpg,IMG_18,exp_images/sentences/Veg.jpg,STIM_18,stimuli_list_subj_3_b.csv,ACT,active,agent_first,agent_overt,0.0,,5857.0,4035.0,366.8181818181818,11.0,994.1,661.2363636363635,4358.0,4358,9,865.0,1.0,5857.0,5.512727272727274,11.0,152.93,57.63636363636363,1.87809458767287,participant_image,4779.0,153.0,-44.66433566433568,2.0,-3.246153846154016,-215.50559440559437,44.0,-418,-5,4779.0,-0.10495229441163112,4779.0,-2.9973426573426583,2.0,-56.5353846153846,-12.25174825174824,-0.6558305786469203,2.9973426573426583,-0.13420950022519249,0.5395574047561847,0.6660171302740702,-0.4224590196090237,2.01638112833348,0.5330574287059038
edf39,33,Punjabi,sentence_audio,active,10406.0,4342.0,394.7272727272728,11.0,885.1090909090907,459.98181818181814,4649.0,3348,5,5746.0,0.7201548720154872,10406.0,4.451666666666667,12.0,130.05916666666667,30.16666666666667,1.1531808571977704,exp_images/audio\PUNJABI\cake.wav,IMG_15_P_ACT,exp_images/images/girl_baked_cake.jpg,IMG_15,exp_images/sentences/Cake.jpg,STIM_15,stimuli_list_subj_3_b.csv,ACT,active,agent_first,agent_overt,0.0,,5757.0,4203.0,323.3076923076923,13.0,925.5384615384617,534.576923076923,4484.0,3891,6,765.0,0.8677520071364853,5757.0,2.145384615384616,13.0,134.9584615384615,39.07692307692308,2.2581205488969953,participant_image,4649.0,139.0,71.41958041958048,-2.0,-40.429370629370965,-74.59510489510484,165.0,-543,-1,4981.0,-0.14759713512099804,4649.0,2.306282051282051,-1.0,-4.899294871794837,-8.910256410256409,-1.104939691699225,-2.306282051282051,0.10477536853984815,0.5096294261548711,-0.24641111513084843,-0.5796477444349403,-1.6082014063826569,-0.36397109425074525
edf39,34,Punjabi,sentence_audio,passive,11092.0,4092.0,341.0,12.0,998.3416666666667,450.425,4355.0,3961,6,6099.0,0.9095292766934558,11092.0,2.370833333333333,12.0,95.99333333333334,53.16666666666666,1.0818608005769923,exp_images/audio\PUNJABI\p_clothes.wav,IMG_06_P_PWA,exp_images/images/women_fold_clothes.jpg,IMG_06,exp_images/sentences/Folded-clothes-passive.jpg,STIM_24,stimuli_list_subj_3_b.csv,PWA,passive_with_agent,non_agent_first,agent_overt,1.0,0.0,5934.0,4152.0,346.0,12.0,1010.15,529.2416666666667,4362.0,3750,5,1282.0,0.859697386519945,5934.0,2.5592307692307696,13.0,178.9023076923077,51.69230769230769,2.190765082574992,participant_image,5158.0,-60.0,-5.0,0.0,-11.80833333333328,-78.81666666666666,-7.0,211,1,4817.0,0.04983189017351086,5158.0,-0.18839743589743652,-1.0,-82.90897435897435,1.4743589743589638,-1.1089042819979997,0.18839743589743652,-0.05255153783752321,0.08422458746476898,0.20980300757161088,0.3685146437149883,0.09670272913075455,0.1413386860089199
edf39,35,Punjabi,sentence_audio,passive,10425.0,4241.0,706.8333333333335,6.0,1005.55,464.2000000000001,4447.0,4447,3,5432.0,1.0,10425.0,3.105,6.0,179.3083333333333,91.0,0.5755395683453237,exp_images/audio\PUNJABI\p_letter.wav,IMG_17_P_PWA,exp_images/images/women_read_letter.jpg,IMG_17,exp_images/sentences/Letter-passive.jpg,STIM_35,stimuli_list_subj_3_b.csv,PWA,passive_with_agent,non_agent_first,agent_overt,1.0,0.0,5835.0,4223.0,527.875,8.0,1011.25,479.7000000000001,4752.0,4752,5,843.0,1.0,5835.0,2.2349999999999994,8.0,72.39749999999998,30.0,1.3710368466152527,participant_image,4590.0,18.0,178.95833333333348,-2.0,-5.7000000000000455,-15.5,-305.0,-305,-2,4589.0,0.0,4590.0,0.8700000000000006,-2.0,106.91083333333333,61.0,-0.795497278269929,-0.8700000000000006,0.3261680956224783,0.2509661825292311,-0.24641111513084843,-0.2803604123663952,-0.6266231228481226,-0.11525207443873138
edf39,36,Punjabi,sentence_audio,passive,10469.0,4127.0,294.7857142857143,14.0,988.9428571428572,531.2428571428571,4324.0,3746,7,5477.0,0.866327474560592,10469.0,3.526428571428572,14.0,117.72857142857143,47.714285714285715,1.3372814977552776,exp_images/audio\PUNJABI\p_lamp.wav,IMG_01_P_PWA,exp_images/images/girl_lighted_lamp.jpg,IMG_01,exp_images/sentences/Lamp-passive.jpg,STIM_19,stimuli_list_subj_3_b.csv,PWA,passive_with_agent,non_agent_first,agent_overt,1.0,0.0,5903.0,3864.0,276.0,14.0,926.2642857142856,556.3142857142857,4075.0,3537,8,911.0,0.8679754601226994,5903.0,3.1460000000000004,15.0,137.71200000000002,61.86666666666667,2.5410808063696426,participant_image,4566.0,263.0,18.785714285714278,0.0,62.67857142857156,-25.071428571428555,249.0,209,-1,4566.0,-0.0016479855621074346,4566.0,0.3804285714285718,-1.0,-19.98342857142859,-14.152380952380952,-1.203799308614365,-0.3804285714285718,-0.003583291427357728,0.7747058080522211,0.20980300757161088,0.3659996241177737,-0.29204212457153544,0.2109766047485425
edf40,19,English,sentence_audio,active,10433.0,4261.0,284.06666666666666,15.0,959.3266666666666,466.39333333333326,4440.0,3005,9,5648.0,0.6768018018018018,10433.0,3.522666666666667,15.0,92.05133333333332,36.8,1.4377456148758747,exp_images/audio\ENGLISH\tabla.wav,IMG_11_E_ACT,exp_images/images/child_play_tabla.jpg,IMG_11,exp_images/sentences/active_child_tabla.jpg,STIM_65,stimuli_list_subj_4_b.csv,ACT,active,agent_first,agent_overt,0.0,,5781.0,4435.0,369.58333333333326,12.0,918.6916666666666,458.7583333333334,4623.0,4291,4,1006.0,0.928185161150768,5781.0,2.6591666666666662,12.0,74.91833333333334,30.83333333333333,2.075765438505449,participant_image,4652.0,-174.0,-85.5166666666666,3.0,40.63499999999999,7.634999999999877,-183.0,-1286,5,4642.0,-0.25138335934896616,4652.0,0.8635000000000006,3.0,17.13299999999998,5.966666666666669,-0.6380198236295742,-0.8635000000000006,-0.21831321840334555,-0.1594746668602141,0.8941241916252998,-1.513977524800188,-0.6221809181730177,-0.32396442732229314
edf40,20,English,sentence_audio,active,10989.0,3705.0,247.0,15.0,961.6533333333334,435.53333333333336,3921.0,3775,11,5996.0,0.9627646008671258,10989.0,2.147333333333333,15.0,128.9946666666667,71.46666666666667,1.3650013650013648,exp_images/audio\ENGLISH\door.wav,IMG_10_E_ACT,exp_images/images/boy_opened_door.jpg,IMG_10,exp_images/sentences/active_boy_door.jpg,STIM_64,stimuli_list_subj_4_b.csv,ACT,active,agent_first,agent_overt,0.0,,5979.0,4394.0,488.22222222222223,9.0,990.3888888888887,371.88888888888886,4722.0,4722,5,986.0,1.0,5979.0,2.2769999999999997,10.0,74.725,28.2,1.6725204883759826,participant_image,5010.0,-689.0,-241.22222222222223,6.0,-28.735555555555266,63.6444444444445,-801.0,-947,6,5010.0,-0.037235399132874214,5010.0,-0.1296666666666666,5.0,54.269666666666694,43.266666666666666,-0.30751912337461773,0.1296666666666666,-0.5388681498335746,-1.2603967368371114,1.5784453756789887,-1.0876817030723025,0.05656517564622579,-0.2503872076835548
edf40,21,English,sentence_audio,active,10560.0,4400.0,366.66666666666674,12.0,991.525,471.7416666666666,4548.0,4302,8,5568.0,0.945910290237467,10560.0,2.4275,12.0,130.895,37.0,1.1363636363636362,exp_images/audio\ENGLISH\bucket.wav,IMG_09_E_ACT,exp_images/images/boy_filled_bucket.jpg,IMG_09,exp_images/sentences/active_boy_bucket.jpg,STIM_63,stimuli_list_subj_4_b.csv,ACT,active,agent_first,agent_overt,0.0,,5890.0,4420.0,884.0,5.0,979.22,379.92,4783.0,4783,4,897.0,1.0,5890.0,2.804,5.0,91.0,42.0,0.8488964346349746,participant_image,4670.0,-20.0,-517.3333333333333,7.0,12.30499999999995,91.8216666666666,-235.0,-481,4,4671.0,-0.05408970976253302,4670.0,-0.3764999999999996,7.0,39.89500000000001,-5.0,0.2874672017286617,0.3764999999999996,-1.107305017571198,0.16973309775423673,1.8065524370302184,-0.5016821369212856,0.22525505061623716,0.11851068618164173
edf40,22,English,sentence_audio,passive,10908.0,3740.0,340.0,11.0,926.3727272727272,540.3727272727273,3920.0,3136,7,5978.0,0.8,10908.0,3.703333333333333,12.0,242.63083333333333,98.33333333333331,1.1001100110011002,exp_images/audio\ENGLISH\p_fed.wav,IMG_16_E_PWA,exp_images/images/girl_fed_dog.jpg,IMG_16,exp_images/sentences/passive_girl_dog.jpg,STIM_88,stimuli_list_subj_4_b.csv,PWA,passive_with_agent,non_agent_first,agent_overt,1.0,0.0,6105.0,4545.0,505.0,9.0,958.8222222222224,642.5666666666667,4727.0,4025,4,1318.0,0.8514914321980114,6105.0,2.415555555555556,9.0,72.24000000000002,29.555555555555557,1.4742014742014742,participant_image,4803.0,-805.0,-165.0,2.0,-32.44949494949526,-102.19393939393944,-807.0,-889,3,4660.0,-0.05149143219801133,4803.0,1.287777777777777,3.0,170.39083333333332,68.77777777777776,-0.374091463200374,-1.287777777777777,-0.3819475497257236,-1.508371416676568,0.6660171302740702,-1.0147461347530773,-0.9121391840172614,-0.630237430979712
edf40,23,English,sentence_audio,passive,10792.0,4318.0,308.42857142857144,14.0,1021.4,402.45714285714286,4525.0,4525,5,5799.0,1.0,10792.0,3.2742857142857145,14.0,86.56500000000003,33.42857142857143,1.2972572275759822,exp_images/audio\ENGLISH\p_scooter.wav,IMG_14_E_PWA,exp_images/images/driver_wash_scooter.jpg,IMG_14,exp_images/sentences/passive_driver_scooter.jpg,STIM_86,stimuli_list_subj_4_b.csv,PWA,passive_with_agent,non_agent_first,agent_overt,1.0,0.0,5952.0,4232.0,248.94117647058826,17.0,1024.935294117647,519.9588235294117,4413.0,4413,3,959.0,1.0,5952.0,3.2247058823529406,17.0,87.50117647058825,34.117647058823536,2.8561827956989245,participant_image,4840.0,86.0,59.487394957983184,-3.0,-3.535294117646913,-117.50168067226883,112.0,112,2,4840.0,0.0,4840.0,0.04957983193277382,-3.0,-0.9361764705882223,-0.6890756302521055,-1.5589255681229424,-0.04957983193277382,0.08021027913884492,0.3963306500213263,-0.4745181764820781,0.2440211736528624,-0.06593476805756339,0.03602183165467843
edf40,24,English,sentence_audio,passive,10781.0,4123.0,317.15384615384613,13.0,1029.7230769230769,365.0615384615385,4286.0,4286,3,5789.0,1.0,10781.0,2.4069230769230767,13.0,165.09923076923073,54.30769230769231,1.2058250626101474,exp_images/audio\ENGLISH\p_artist.wav,IMG_07_E_PWA,exp_images/images/artiste_drew_picture.jpg,IMG_07,exp_images/sentences/passive_artist_picture.jpg,STIM_79,stimuli_list_subj_4_b.csv,PWA,passive_with_agent,non_agent_first,agent_overt,1.0,0.0,5820.0,4212.0,234.0,18.0,1017.2333333333332,384.9888888888889,4391.0,4141,5,827.0,0.9430653609656114,5820.0,2.9522222222222223,18.0,79.85333333333334,33.44444444444444,3.092783505154639,participant_image,4961.0,-89.0,83.15384615384613,-5.0,12.489743589743625,-19.927350427350405,-105.0,145,-2,4962.0,0.05693463903438856,4961.0,-0.5452991452991456,-5.0,85.24589743589739,20.863247863247864,-1.8869584425444914,0.5452991452991456,0.12893299563549482,0.022230917504904864,-0.9307322991845375,0.28551899700690436,0.34061510483186613,-0.030686856841073463
edf40,25,English,sentence_audio,passive_dropped_agent,10456.0,4152.0,461.33333333333326,9.0,911.0222222222225,472.36666666666673,4322.0,4322,5,5464.0,1.0,10456.0,3.016666666666667,9.0,211.45222222222225,74.44444444444444,0.8607498087222648,exp_images/audio\ENGLISH\p_woa_sapling.wav,IMG_03_E_PNA,exp_images/images/girl_plant_tree.jpg,IMG_03,exp_images/sentences/noagent_girl_sapling.jpg,STIM_93,stimuli_list_subj_4_b.csv,PNA,passive_dropped_agent,non_agent_first,agent_dropped,1.0,1.0,5838.0,4270.0,474.4444444444445,9.0,939.2111111111113,518.6888888888889,4514.0,4514,3,846.0,1.0,5838.0,2.7566666666666664,9.0,132.76333333333332,53.111111111111114,1.5416238437821173,participant_image,4618.0,-118.0,-13.111111111111256,0.0,-28.18888888888887,-46.32222222222214,-192.0,-192,2,4618.0,0.0,4618.0,0.2600000000000007,0.0,78.68888888888893,21.33333333333333,-0.6808740350598524,-0.2600000000000007,-0.06925008566241145,-0.039762752454959256,0.20980300757161088,-0.13826180512376662,-0.2097392994921184,-0.049442187032328964
edf40,26,English,sentence_audio,passive_dropped_agent,10533.0,4359.0,544.875,8.0,1026.5875,347.4874999999999,4568.0,4225,2,5782.0,0.9249124343257444,10533.0,3.3875,8.0,143.74750000000003,53.0,0.7595177062565271,exp_images/audio\ENGLISH\p_woa_frisbee.wav,IMG_12_E_PNA,exp_images/images/child_throw_frisbee.jpg,IMG_12,exp_images/sentences/noagent_child_frisbee.jpg,STIM_102,stimuli_list_subj_4_b.csv,PNA,passive_dropped_agent,non_agent_first,agent_dropped,1.0,1.0,5999.0,4213.0,234.05555555555557,18.0,1051.072222222222,399.4277777777778,4216.0,3770,7,1007.0,0.894212523719165,5999.0,3.1277777777777787,18.0,116.88611111111109,43.111111111111114,3.0005000833472253,participant_image,4534.0,146.0,310.81944444444446,-10.0,-24.48472222222199,-51.94027777777791,352.0,455,-5,4775.0,0.030699910606579395,4534.0,0.2597222222222215,-10.0,26.86138888888894,9.888888888888886,-2.240982377090698,-0.2597222222222215,0.5976338713921459,0.524593415455528,-2.071267605940686,0.6753470345751774,-0.20954946168548902,-0.09664854924066475
edf40,27,English,sentence_audio,passive_dropped_agent,10913.0,4014.0,334.5,12.0,918.8583333333336,464.58333333333337,4251.0,4251,5,5921.0,1.0,10913.0,2.397692307692308,13.0,92.61384615384615,58.46153846153846,1.191239805736278,exp_images/audio\ENGLISH\p_woa_vase.wav,IMG_08_E_PNA,exp_images/images/boy_broke_vase.jpg,IMG_08,exp_images/sentences/noagent_boy_vase.jpg,STIM_98,stimuli_list_subj_4_b.csv,PNA,passive_dropped_agent,non_agent_first,agent_dropped,1.0,1.0,6011.0,4255.0,265.9375,16.0,908.15,440.3875000000001,4510.0,4406,7,1019.0,0.9769401330376941,6011.0,2.4375,16.0,71.053125,30.125,2.6617867243387123,participant_image,4902.0,-241.0,68.5625,-4.0,10.708333333333599,24.19583333333327,-259.0,-155,-2,4902.0,0.023059866962305886,4902.0,-0.03980769230769221,-3.0,21.56072115384616,28.33653846153846,-1.4705469186024342,0.03980769230769221,0.09889342544076266,-0.3027014215950726,-0.7026252378333078,-0.09173394257529532,-0.004845894507246997,-0.20060261421403197
edf40,28,Punjabi,sentence_audio,active,11046.0,4192.0,322.46153846153845,13.0,1030.4230769230767,388.24615384615385,4250.0,3354,9,6216.0,0.7891764705882353,11046.0,2.716153846153846,13.0,166.00230769230768,57.07692307692307,1.1768966141589716,exp_images/audio\PUNJABI\box.wav,IMG_05_P_ACT,exp_images/images/man_pushed_box.jpg,IMG_05,exp_images/sentences/Pushed-box.jpg,STIM_05,stimuli_list_subj_4_b.csv,ACT,active,agent_first,agent_overt,0.0,,6015.0,4440.0,444.0,10.0,1104.1600000000003,402.62,4651.0,4651,6,1023.0,1.0,6015.0,2.839090909090909,11.0,80.00909090909092,32.0,1.828761429758936,participant_image,5031.0,-248.0,-121.53846153846155,3.0,-73.73692307692363,-14.37384615384616,-401.0,-1297,3,5193.0,-0.21082352941176474,5031.0,-0.12293706293706297,2.0,85.99321678321677,25.076923076923073,-0.6518648155999645,0.12293706293706297,-0.29247219072724606,-0.3176654108957294,0.8941241916252998,-1.5278101325848688,0.05196605608480286,-0.23837149729954837
edf40,29,Punjabi,sentence_audio,active,10703.0,4005.0,210.78947368421046,19.0,939.578947368421,421.0526315789474,4173.0,4145,8,5710.0,0.9932901988976756,10703.0,3.2536842105263157,19.0,96.92473684210523,43.157894736842096,1.775203214052135,exp_images/audio\PUNJABI\shrub.wav,IMG_04_P_ACT,exp_images/images/man_cut_shrub.jpg,IMG_04,exp_images/sentences/Shrub.jpg,STIM_04,stimuli_list_subj_4_b.csv,ACT,active,agent_first,agent_overt,0.0,,5860.0,4266.0,328.15384615384613,13.0,963.123076923077,394.4153846153846,4508.0,4508,5,868.0,1.0,5860.0,3.16,13.0,91.35461538461536,37.230769230769226,2.2184300341296925,participant_image,4843.0,-261.0,-117.36437246963567,6.0,-23.54412955465591,26.637246963562802,-335.0,-363,3,4842.0,-0.006709801102324442,4843.0,0.09368421052631559,6.0,5.570121457489876,5.927125506072869,-0.44322682007755754,-0.09368421052631559,-0.28387888889888746,-0.3454556767398064,1.5784453756789887,-0.3532959806856204,-0.09607641063922963,0.09994768374308895
edf40,30,Punjabi,sentence_audio,active,10981.0,3816.0,224.4705882352941,17.0,969.1705882352942,470.2294117647059,3987.0,3765,8,5989.0,0.9443190368698271,10981.0,3.3505555555555566,18.0,154.25722222222225,56.444444444444436,1.6391949731354158,exp_images/audio\PUNJABI\window.wav,IMG_02_P_ACT,exp_images/images/girl_opened_window.jpg,IMG_02,exp_images/sentences/Window.jpg,STIM_02,stimuli_list_subj_4_b.csv,ACT,active,agent_first,agent_overt,0.0,,6021.0,4342.0,482.4444444444445,9.0,1021.6666666666665,418.13333333333327,4689.0,4342,3,1416.0,0.9259970142887608,6021.0,2.6120000000000005,10.0,75.137,31.4,1.6608536787908983,participant_image,4960.0,-526.0,-257.9738562091504,8.0,-52.496078431372325,52.09607843137263,-702.0,-577,5,4573.0,0.0183220225810663,4960.0,0.7385555555555561,8.0,79.12022222222225,25.044444444444437,-0.021658705655482446,-0.7385555555555561,-0.5733551587579808,-0.9119495574075303,2.034659498381448,-0.6224030775875895,-0.5367918727515555,-0.12196803362464159
edf40,31,Punjabi,sentence_audio,passive,10930.0,4032.0,252.0,16.0,958.65625,703.975,4177.0,3347,10,5937.0,0.8012927938711994,10930.0,3.865,16.0,128.556875,51.0,1.463860933211345,exp_images/audio\PUNJABI\p_dug.wav,IMG_13_P_PWA,exp_images/images/dog_dug_hole.jpg,IMG_13,exp_images/sentences/Dog-dug-passive.jpg,STIM_31,stimuli_list_subj_4_b.csv,PWA,passive_with_agent,non_agent_first,agent_overt,1.0,0.0,5820.0,4414.0,401.27272727272725,11.0,963.3272727272728,639.8909090909091,4606.0,4202,3,828.0,0.9122883195831524,5820.0,3.600909090909091,11.0,89.71636363636364,35.09090909090909,1.8900343642611683,participant_image,5110.0,-382.0,-149.27272727272725,5.0,-4.671022727272771,64.08409090909095,-429.0,-855,7,5109.0,-0.11099552571195292,5110.0,0.26409090909090915,5.0,38.84051136363635,15.909090909090907,-0.4261734310498233,-0.26409090909090915,-0.3495694190117129,-0.6041189203654463,1.3503383143277592,-0.971990801600428,-0.21253509264428194,-0.157575183858822
edf40,32,Punjabi,sentence_audio,passive,11167.0,4191.0,419.1,10.0,996.78,576.1599999999999,4346.0,4191,2,6368.0,0.9643350207086976,11167.0,2.456,10.0,188.233,64.6,0.8954956568460644,exp_images/audio\PUNJABI\p_veg.wav,IMG_18_P_PWA,exp_images/images/boy_cut_vegetables.jpg,IMG_18,exp_images/sentences/Veg-passive.jpg,STIM_36,stimuli_list_subj_4_b.csv,PWA,passive_with_agent,non_agent_first,agent_overt,1.0,0.0,6065.0,4345.0,310.35714285714283,14.0,1001.25,690.7142857142858,4575.0,4345,3,1334.0,0.9497267759562842,6065.0,2.6342857142857143,14.0,76.61214285714286,29.857142857142854,2.3083264633140965,participant_image,5102.0,-154.0,108.74285714285719,-4.0,-4.470000000000027,-114.55428571428592,-229.0,-154,-1,5034.0,0.014608244752413402,5102.0,-0.17828571428571438,-4.0,111.62085714285715,34.74285714285714,-1.4128308064680322,0.17828571428571438,0.18161373418514218,-0.11672041171548023,-0.7026252378333078,-0.090476432776688,0.08979221574353116,-0.12768322647936053
edf40,33,Punjabi,sentence_audio,passive,10195.0,4433.0,554.125,8.0,988.4875,456.775,4514.0,3818,6,5203.0,0.845813026140895,10195.0,2.865,8.0,156.98,59.75,0.784698381559588,exp_images/audio\PUNJABI\p_cake.wav,IMG_15_P_PWA,exp_images/images/girl_baked_cake.jpg,IMG_15,exp_images/sentences/Cake-passive.jpg,STIM_33,stimuli_list_subj_4_b.csv,PWA,passive_with_agent,non_agent_first,agent_overt,1.0,0.0,5729.0,4441.0,444.1,10.0,905.01,474.66,4715.0,4007,4,736.0,0.8498409331919407,5729.0,2.07,10.0,65.852,27.8,1.7455053237912377,participant_image,4466.0,-8.0,110.02499999999998,-2.0,83.47749999999996,-17.885000000000048,-201.0,-189,2,4467.0,-0.004027907051045609,4466.0,0.7950000000000004,-2.0,91.12799999999999,31.95,-0.9608069422316496,-0.7950000000000004,0.18425331383397828,0.19538565084107706,-0.24641111513084843,-0.13448927572794464,-0.5753669150584498,-0.11532566824843751
edf40,34,Punjabi,sentence_audio,passive_dropped_agent,10951.0,4271.0,427.1,10.0,934.51,559.22,4503.0,4271,5,6226.0,0.9484787919165,10951.0,2.752727272727273,11.0,150.51363636363638,67.45454545454545,1.0044744772166925,exp_images/audio\PUNJABI\p_woa_clothes.wav,IMG_06_P_PNA,exp_images/images/women_fold_clothes.jpg,IMG_06,exp_images/sentences/Folded-clothes-woa.jpg,STIM_42,stimuli_list_subj_4_b.csv,PNA,passive_dropped_agent,non_agent_first,agent_dropped,1.0,1.0,5869.0,4435.0,554.375,8.0,975.7375,505.15,4632.0,4632,4,877.0,1.0,5869.0,2.535,8.0,85.95624999999998,45.0,1.3630942238882264,participant_image,5082.0,-164.0,-127.27499999999998,2.0,-41.227499999999964,54.07000000000005,-129.0,-361,1,5349.0,-0.051521208083500025,5082.0,0.21772727272727277,3.0,64.5573863636364,22.454545454545453,-0.35861974667153396,-0.21772727272727277,-0.3042821462977088,-0.13809753928784718,0.6660171302740702,-0.35078096108840573,-0.180849436919757,-0.0615985906639297
edf40,35,Punjabi,sentence_audio,passive_dropped_agent,10434.0,4154.0,377.6363636363636,11.0,1030.8,482.69090909090914,4398.0,4154,3,5764.0,0.9445202364711232,10434.0,2.439090909090909,11.0,135.73454545454547,54.0,1.054245735096799,exp_images/audio\PUNJABI\p_woa_letter.wav,IMG_17_P_PNA,exp_images/images/women_read_letter.jpg,IMG_17,exp_images/sentences/Letter-woa.jpg,STIM_53,stimuli_list_subj_4_b.csv,PNA,passive_dropped_agent,non_agent_first,agent_dropped,1.0,1.0,5713.0,4473.0,559.125,8.0,988.5250000000003,489.9125,4726.0,4574,3,721.0,0.9678374947101144,5713.0,3.1275000000000004,8.0,85.73,33.25,1.4003150708909504,participant_image,4721.0,-319.0,-181.48863636363637,3.0,42.274999999999636,-7.221590909090878,-328.0,-420,0,5043.0,-0.023317258238991223,4721.0,-0.6884090909090914,3.0,50.004545454545465,20.75,-0.34606933579415133,0.6884090909090914,-0.4158931188485772,-0.4694430166595347,0.8941241916252998,-0.4249740392062384,0.43841874628456134,0.004446552639102153
edf40,36,Punjabi,sentence_audio,passive_dropped_agent,10344.0,3966.0,264.4,15.0,918.2,430.24,4183.0,4049,6,5351.0,0.9679655749462108,10344.0,2.1866666666666665,15.0,153.20466666666667,54.0,1.4501160092807426,exp_images/audio\PUNJABI\p_woa_lamp.wav,IMG_01_P_PNA,exp_images/images/girl_lighted_lamp.jpg,IMG_01,exp_images/sentences/Lamp-woa.jpg,STIM_37,stimuli_list_subj_4_b.csv,PNA,passive_dropped_agent,non_agent_first,agent_dropped,1.0,1.0,5809.0,4203.0,280.2,15.0,906.52,459.56,4512.0,4512,9,813.0,1.0,5809.0,2.8166666666666678,15.0,81.02933333333334,32.266666666666666,2.5822000344293343,participant_image,4535.0,-237.0,-15.800000000000011,0.0,11.680000000000064,-29.319999999999993,-329.0,-463,-3,4538.0,-0.03203442505378917,4535.0,-0.6300000000000012,0.0,72.17533333333333,21.733333333333334,-1.1320840251485917,0.6300000000000012,-0.07478576863997675,-0.29415057056612576,0.20980300757161088,-0.47904696054635365,0.3985010329453319,-0.047935851847102674
edf41,19,English,sentence_audio,passive,10615.0,4023.0,287.35714285714283,14.0,868.1999999999998,422.8785714285714,4234.0,4023,7,5870.0,0.9501653282947568,10615.0,2.772142857142857,14.0,105.525,54.0,1.31888836552049,exp_images/audio\ENGLISH\p_tabla.wav,IMG_11_E_PWA,exp_images/images/child_play_tabla.jpg,IMG_11,exp_images/sentences/passive_child_tabla.jpg,STIM_83,stimuli_list_subj_5_b.csv,PWA,passive_with_agent,non_agent_first,agent_overt,1.0,0.0,5669.0,4007.0,267.1333333333333,15.0,911.1533333333333,449.8733333333333,4168.0,3626,6,864.0,0.8699616122840691,5669.0,3.341333333333334,15.0,110.33800000000004,54.93333333333333,2.645969306756042,participant_image,4946.0,16.0,20.223809523809507,-1.0,-42.95333333333349,-26.9947619047619,66.0,397,1,5006.0,0.08020371601068765,4946.0,-0.5691904761904771,-1.0,-4.813000000000031,-0.93333333333333,-1.327080941235552,0.5691904761904771,-0.0006226487014578497,0.2466907570147577,-0.018304053779618773,0.6024114662559522,0.3569428251057051,0.2374236691790677
edf41,20,English,sentence_audio,passive,10844.0,4616.0,769.3333333333335,6.0,896.5499999999997,433.8,4628.0,4628,2,5852.0,1.0,10844.0,1.2033333333333334,6.0,108.97833333333334,60.66666666666666,0.5533013648100332,exp_images/audio\ENGLISH\p_door.wav,IMG_10_E_PWA,exp_images/images/boy_opened_door.jpg,IMG_10,exp_images/sentences/passive_boy_door.jpg,STIM_82,stimuli_list_subj_5_b.csv,PWA,passive_with_agent,non_agent_first,agent_overt,1.0,0.0,5796.0,4158.0,415.8,10.0,850.01,465.38,4310.0,4310,2,802.0,1.0,5796.0,2.136,10.0,117.786,68.4,1.725327812284334,participant_image,5048.0,458.0,353.5333333333335,-4.0,46.539999999999736,-31.579999999999984,318.0,318,0,5050.0,0.0,5048.0,-0.9326666666666668,-4.0,-8.807666666666663,-7.7333333333333485,-1.172026447474301,0.9326666666666668,0.6855700254686194,1.1915597957133763,-0.7026252378333078,0.5030681921659729,0.6053483070476546,0.4565842165124631
edf41,21,English,sentence_audio,passive,10982.0,4426.0,491.77777777777777,9.0,872.9666666666667,465.8777777777778,4450.0,4172,2,6164.0,0.9375280898876404,10982.0,1.419,10.0,104.631,62.8,0.9105809506465126,exp_images/audio\ENGLISH\p_bucket.wav,IMG_09_E_PWA,exp_images/images/boy_filled_bucket.jpg,IMG_09,exp_images/sentences/passive_boy_bucket.jpg,STIM_81,stimuli_list_subj_5_b.csv,PWA,passive_with_agent,non_agent_first,agent_overt,1.0,0.0,5765.0,4353.0,621.8571428571429,7.0,966.0571428571428,362.2714285714286,4630.0,4630,5,773.0,1.0,5765.0,1.887142857142857,7.0,118.93142857142857,51.714285714285715,1.2142237640936688,participant_image,5217.0,73.0,-130.07936507936512,2.0,-93.09047619047612,103.6063492063492,-180.0,-458,-3,5391.0,-0.06247191011235964,5217.0,-0.46814285714285697,3.0,-14.300428571428569,11.085714285714282,-0.30364281344715627,0.46814285714285697,-0.3100555630040926,0.36854038417724927,0.6660171302740702,-0.47275941155331697,0.2878852549916183,0.10792555897710562
edf41,22,English,sentence_audio,passive_dropped_agent,10280.0,3320.0,301.8181818181818,11.0,811.3909090909091,565.6090909090909,3504.0,2562,3,5502.0,0.7311643835616438,10280.0,3.2018181818181817,11.0,263.91,135.27272727272728,1.0700389105058363,exp_images/audio\ENGLISH\p_woa_fed.wav,IMG_16_E_PNA,exp_images/images/girl_fed_dog.jpg,IMG_16,exp_images/sentences/noagent_girl_dog.jpg,STIM_106,stimuli_list_subj_5_b.csv,PNA,passive_dropped_agent,non_agent_first,agent_dropped,1.0,1.0,5980.0,4242.0,353.5,12.0,862.4833333333335,470.58333333333326,4479.0,4242,6,1250.0,0.9470864032150034,5980.0,2.773333333333333,12.0,117.06666666666666,42.833333333333336,2.0066889632107023,participant_image,4300.0,-922.0,-51.68181818181819,-1.0,-51.092424242424386,95.02575757575767,-975.0,-1680,-3,4252.0,-0.21592201965335955,4300.0,0.4284848484848487,-1.0,146.84333333333336,92.43939393939394,-0.936650052704866,-0.4284848484848487,-0.1486565674424044,-1.758483809273261,-0.018304053779618773,-2.009436385451477,-0.3248845582034635,-0.851953074830045
edf41,23,English,sentence_audio,passive_dropped_agent,10360.0,3852.0,350.1818181818182,11.0,970.0636363636363,561.4818181818182,4228.0,4228,3,5368.0,1.0,10360.0,2.585454545454545,11.0,105.45454545454544,69.45454545454545,1.061776061776062,exp_images/audio\ENGLISH\p_woa_scooter.wav,IMG_14_E_PNA,exp_images/images/driver_wash_scooter.jpg,IMG_14,exp_images/sentences/noagent_driver_scooter.jpg,STIM_104,stimuli_list_subj_5_b.csv,PNA,passive_dropped_agent,non_agent_first,agent_dropped,1.0,1.0,5694.0,4006.0,235.64705882352942,17.0,888.7529411764706,543.9117647058823,4156.0,3916,6,702.0,0.942252165543792,5694.0,3.885882352941177,17.0,97.53470588235292,49.17647058823529,2.985598876009835,participant_image,4666.0,-154.0,114.53475935828877,-6.0,81.31069518716572,17.57005347593588,72.0,312,-3,4666.0,0.057747834456208014,4666.0,-1.3004278074866318,-6.0,7.919839572192515,20.278074866310163,-1.9238228142337728,1.3004278074866318,0.19353766850395213,-0.11672041171548023,-1.1588393605357672,0.4955231333743289,0.8566821930587906,0.054036644537164835
edf41,24,English,sentence_audio,passive_dropped_agent,10621.0,3950.0,282.14285714285717,14.0,968.5999999999997,399.15,4129.0,4033,3,5629.0,0.976749818357956,10621.0,2.544666666666666,15.0,111.85066666666668,58.8,1.4122963939365407,exp_images/audio\ENGLISH\p_woa_draw.wav,IMG_07_E_PNA,exp_images/images/artiste_drew_picture.jpg,IMG_07,exp_images/sentences/noagent_artist_picture.jpg,STIM_97,stimuli_list_subj_5_b.csv,PNA,passive_dropped_agent,non_agent_first,agent_dropped,1.0,1.0,5654.0,3998.0,210.421052631579,19.0,931.9789473684214,425.66842105263163,4214.0,3494,9,664.0,0.8291409587090649,5654.0,3.9015789473684217,19.0,111.7136842105263,40.8421052631579,3.360452776795189,participant_image,4967.0,-48.0,71.72180451127818,-5.0,36.62105263157832,-26.518421052631652,-85.0,539,-6,4965.0,0.14760885964889114,4967.0,-1.3569122807017555,-4.0,0.1369824561403874,17.9578947368421,-1.9481563828586483,1.3569122807017555,0.10539756485548411,0.10987714055160931,-0.9307322991845375,0.7809778576581934,0.895284591672185,0.19216097111058686
edf41,25,Punjabi,sentence_audio,active,10815.0,3567.0,209.82352941176467,17.0,812.770588235294,577.9470588235295,3811.0,3577,9,5822.0,0.938598792967725,10815.0,2.848235294117647,17.0,130.51176470588234,69.52941176470588,1.5718908922792418,exp_images/audio\PUNJABI\sapling.wav,IMG_03_P_ACT,exp_images/images/girl_plant_tree.jpg,IMG_03,exp_images/sentences/Sapling.jpg,STIM_03,stimuli_list_subj_5_b.csv,ACT,active,agent_first,agent_overt,0.0,,6016.0,4390.0,731.6666666666665,6.0,860.35,481.3833333333334,4665.0,4499,4,1023.0,0.9644158628081456,6016.0,2.373333333333333,6.0,119.87833333333332,54.66666666666666,0.9973404255319148,participant_image,4799.0,-823.0,-521.8431372549019,11.0,-47.57941176470604,96.56372549019608,-854.0,-922,5,4799.0,-0.025817069840420648,4799.0,0.4749019607843139,11.0,10.633431372549026,14.862745098039227,0.574550466747327,-0.4749019607843139,-1.1165894639847134,-1.5468502463068285,2.718980682435137,-1.0562439581071192,-0.35660676024370297,-0.2714619492414454
edf41,26,Punjabi,sentence_audio,active,10922.0,3680.0,230.0,16.0,839.71875,402.26875,3839.0,962,2,6194.0,0.2505860901276374,10922.0,1.96375,16.0,153.578125,72.125,1.4649331624244644,exp_images/audio\PUNJABI\frisbee.wav,IMG_12_P_ACT,exp_images/images/child_throw_frisbee.jpg,IMG_12,exp_images/sentences/Frisbee.jpg,STIM_12,stimuli_list_subj_5_b.csv,ACT,active,agent_first,agent_overt,0.0,,6135.0,3509.0,194.94444444444446,18.0,1050.622222222222,382.43888888888887,3735.0,3509,5,1452.0,0.9394912985274432,6135.0,2.146842105263158,19.0,147.13578947368418,76.42105263157895,3.0969845150774247,participant_image,4787.0,171.0,35.05555555555554,-2.0,-210.90347222222204,19.829861111111143,104.0,-2547,-3,4742.0,-0.6889052083998057,4787.0,-0.183092105263158,-3.0,6.442335526315816,-4.296052631578945,-1.6320513526529603,0.183092105263158,0.02991183874976581,0.5780362343864452,-0.24641111513084843,-3.0996973808440345,0.09307698073897461,-0.5290166884199394
edf41,27,Punjabi,sentence_audio,active,10667.0,3407.0,262.0769230769231,13.0,861.3846153846154,491.6846153846153,3871.0,3871,3,5676.0,1.0,10667.0,1.4984615384615383,13.0,136.5830769230769,86.15384615384615,1.2187119152526484,exp_images/audio\PUNJABI\vase.wav,IMG_08_P_ACT,exp_images/images/boy_broke_vase.jpg,IMG_08,exp_images/sentences/Vase.jpg,STIM_08,stimuli_list_subj_5_b.csv,ACT,active,agent_first,agent_overt,0.0,,5663.0,4089.0,371.7272727272728,11.0,797.1363636363636,351.65454545454554,4367.0,4155,7,670.0,0.9514540874742388,5663.0,2.5000000000000004,11.0,134.4009090909091,56.90909090909091,1.9424333392194948,participant_image,5004.0,-682.0,-109.65034965034971,2.0,64.24825174825173,140.03006993006977,-496.0,-284,-4,5006.0,0.04854591252576124,5004.0,-1.0015384615384622,2.0,2.1821678321678064,29.24475524475524,-0.7237214239668464,1.0015384615384622,-0.26799783669709143,-1.2454327475364546,0.6660171302740702,-0.2539527065956412,0.6524164007649407,-0.08978995195803527
edf41,28,Punjabi,sentence_audio,passive,10227.0,3402.0,261.6923076923077,13.0,958.2846153846153,387.8153846153846,3578.0,3382,6,5242.0,0.9452207937395192,10227.0,1.8228571428571427,14.0,238.83,96.4,1.3689253935660506,exp_images/audio\PUNJABI\p_box.wav,IMG_05_P_PWA,exp_images/images/man_pushed_box.jpg,IMG_05,exp_images/sentences/Pushed-box-passive.jpg,STIM_23,stimuli_list_subj_5_b.csv,PWA,passive_with_agent,non_agent_first,agent_overt,1.0,0.0,5782.0,4160.0,277.3333333333333,15.0,893.2,447.77333333333337,4316.0,3720,7,790.0,0.8619091751621872,5782.0,2.531333333333333,15.0,95.60200000000002,45.06666666666667,2.5942580421999306,participant_image,4445.0,-758.0,-15.641025641025635,-2.0,65.08461538461529,-59.957948717948796,-738.0,-338,-1,4452.0,0.08331161857733194,4445.0,-0.7084761904761903,-1.0,143.228,51.333333333333336,-1.22533264863388,0.7084761904761903,-0.07445848414098524,-1.4078989170864433,-0.24641111513084843,-0.32185823572043715,0.45213292528652493,-0.3196987653584379
edf41,29,Punjabi,sentence_audio,passive,10618.0,3944.0,657.3333333333334,6.0,779.7833333333333,458.93333333333334,3968.0,3944,1,5712.0,0.9939516129032258,10618.0,2.1325,8.0,335.43250000000006,148.75,0.7534375588623092,exp_images/audio\PUNJABI\p_shrub.wav,IMG_04_P_PWA,exp_images/images/man_cut_shrub.jpg,IMG_04,exp_images/sentences/Shrub-passive.jpg,STIM_22,stimuli_list_subj_5_b.csv,PWA,passive_with_agent,non_agent_first,agent_overt,1.0,0.0,6100.0,4158.0,297.0,14.0,922.092857142857,511.3571428571428,4313.0,4313,4,1107.0,1.0,6100.0,2.2785714285714285,14.0,122.65999999999998,48.57142857142857,2.295081967213115,participant_image,4518.0,-214.0,360.33333333333337,-8.0,-142.30952380952374,-52.42380952380944,-345.0,-369,-3,4605.0,-0.006048387096774244,4518.0,-0.14607142857142863,-6.0,212.7725000000001,100.17857142857143,-1.5416444083508059,0.14607142857142863,0.6995693559738676,-0.24498317714968185,-1.6150534832382264,-0.3608410394772644,0.06777645411196698,-0.2907063779558676
edf41,30,Punjabi,sentence_audio,passive,10566.0,3528.0,320.72727272727275,11.0,953.4363636363637,358.90909090909093,3762.0,3624,3,5574.0,0.963317384370016,10566.0,1.45,11.0,284.71363636363634,111.8181818181818,1.0410751466969523,exp_images/audio\PUNJABI\p_window.wav,IMG_02_P_PWA,exp_images/images/girl_opened_window.jpg,IMG_02,exp_images/sentences/Window-passive.jpg,STIM_20,stimuli_list_subj_5_b.csv,PWA,passive_with_agent,non_agent_first,agent_overt,1.0,0.0,5691.0,4547.0,1515.666666666667,3.0,911.4,368.2,4836.0,4363,1,1232.0,0.9021918941273779,5691.0,1.7866666666666668,3.0,105.66666666666669,52.0,0.5271481286241434,participant_image,4875.0,-1019.0,-1194.9393939393942,8.0,42.03636363636372,-9.290909090909054,-1074.0,-739,2,4342.0,0.061125490242638136,4875.0,-0.3366666666666669,8.0,179.04696969696965,59.8181818181818,0.5139270180728089,0.3366666666666669,-2.5023096050393896,-1.9658419467252204,2.034659498381448,-0.8261196649619774,0.19803230914572256,-0.6123158818398833
edf41,31,Punjabi,sentence_audio,passive_dropped_agent,10517.0,4034.0,448.22222222222223,9.0,899.6777777777777,622.8444444444443,4204.0,4204,5,5524.0,1.0,10517.0,2.0940000000000003,10.0,167.696,80.0,0.9508414947228296,exp_images/audio\PUNJABI\p_woa_dug.wav,IMG_13_P_PNA,exp_images/images/dog_dug_hole.jpg,IMG_13,exp_images/sentences/Dog-dug-woa.jpg,STIM_49,stimuli_list_subj_5_b.csv,PNA,passive_dropped_agent,non_agent_first,agent_dropped,1.0,1.0,5999.0,4017.0,251.0625,16.0,984.15,631.9875,4067.0,3207,5,1008.0,0.7885419227932137,5999.0,2.531875,16.0,111.23937500000004,57.75,2.667111185197533,participant_image,4518.0,17.0,197.15972222222223,-7.0,-84.47222222222229,-9.143055555555634,137.0,997,0,4516.0,0.21145807720678633,4518.0,-0.43787499999999957,-6.0,56.45662499999996,22.25,-1.7162696904747035,0.43787499999999957,0.36363975131514176,0.2488284697719944,-1.3869464218869967,1.3569173454203516,0.26719971399078596,0.16992777172225543
edf41,32,Punjabi,sentence_audio,passive_dropped_agent,10748.0,3784.0,315.3333333333333,12.0,890.5583333333334,572.1583333333333,3970.0,3552,6,5756.0,0.8947103274559194,10748.0,3.1958333333333333,12.0,125.73333333333332,85.16666666666667,1.1164867882396723,exp_images/audio\PUNJABI\p_woa_veg.wav,IMG_18_P_PNA,exp_images/images/boy_cut_vegetables.jpg,IMG_18,exp_images/sentences/Veg-woa.jpg,STIM_54,stimuli_list_subj_5_b.csv,PNA,passive_dropped_agent,non_agent_first,agent_dropped,1.0,1.0,5899.0,4223.0,351.91666666666674,12.0,947.075,500.91666666666674,4358.0,4236,3,907.0,0.9720055071133548,5899.0,2.504166666666667,12.0,106.35166666666667,52.83333333333334,2.0342430920495,participant_image,4849.0,-439.0,-36.58333333333343,0.0,-56.51666666666665,71.24166666666656,-388.0,-684,3,4849.0,-0.07729517965743538,4849.0,0.6916666666666664,0.0,19.381666666666646,32.33333333333333,-0.9177563038098278,-0.6916666666666664,-0.11757293810087129,-0.7259685475279379,0.20980300757161088,-0.756956626038574,-0.5047472509926781,-0.37908847101769017
edf41,33,Punjabi,sentence_audio,passive_dropped_agent,10759.0,3115.0,283.1818181818182,11.0,892.8818181818184,507.50909090909096,3366.0,3086,6,5767.0,0.9168152109328579,10759.0,1.7290909090909088,11.0,283.8754545454545,147.8181818181818,1.0223998512872945,exp_images/audio\PUNJABI\p_woa_cake.wav,IMG_15_P_PNA,exp_images/images/girl_baked_cake.jpg,IMG_15,exp_images/sentences/Cake-woa.jpg,STIM_51,stimuli_list_subj_5_b.csv,PNA,passive_dropped_agent,non_agent_first,agent_dropped,1.0,1.0,5953.0,4275.0,534.375,8.0,864.9625000000002,296.0875,4591.0,4275,1,1398.0,0.9311696798083208,5953.0,1.255,8.0,134.1925,50.25,1.3438602385351923,participant_image,4806.0,-1160.0,-251.1931818181818,3.0,27.9193181818182,211.42159090909098,-1225.0,-1189,5,4369.0,-0.014354468875462878,4806.0,0.4740909090909089,3.0,149.6829545454545,97.56818181818181,-0.3214603872478978,-0.4740909090909089,-0.5593956143686212,-2.2672594454955943,0.8941241916252998,-1.391999074335277,-0.3560524744553652,-0.7361164834059116
edf41,34,English,sentence_audio,active,10883.0,3759.0,313.25,12.0,901.2333333333336,498.81666666666666,3978.0,2497,6,6132.0,0.6277023629964806,10883.0,1.7458333333333331,12.0,160.08249999999995,84.5,1.1026371404943491,exp_images/audio\ENGLISH\clothes.wav,IMG_06_E_ACT,exp_images/images/women_fold_clothes.jpg,IMG_06,exp_images/sentences/active_woman_clothes.jpg,STIM_60,stimuli_list_subj_5_b.csv,ACT,active,agent_first,agent_overt,0.0,,5805.0,4177.0,596.7142857142858,7.0,921.7,423.68571428571437,4421.0,4421,3,812.0,1.0,5805.0,2.0671428571428567,7.0,156.17142857142858,81.71428571428571,1.2058570198105083,participant_image,5078.0,-418.0,-283.4642857142858,5.0,-20.46666666666647,75.1309523809523,-443.0,-1924,3,5320.0,-0.37229763700351937,5078.0,-0.3213095238095236,5.0,3.9110714285713755,2.785714285714292,-0.10321987931615917,0.3213095238095236,-0.6258329451349114,-0.6810765796259673,1.3503383143277592,-2.316268776311666,0.1875369904078369,-0.4170605992673898
edf41,35,English,sentence_audio,active,10299.0,3599.0,327.1818181818182,11.0,928.0545454545456,377.91818181818184,3874.0,3874,3,5307.0,1.0,10299.0,1.8736363636363635,11.0,201.14181818181817,101.63636363636364,1.068064860666084,exp_images/audio\ENGLISH\letter.wav,IMG_17_E_ACT,exp_images/images/women_read_letter.jpg,IMG_17,exp_images/sentences/active_women_letter.jpg,STIM_71,stimuli_list_subj_5_b.csv,ACT,active,agent_first,agent_overt,0.0,,5862.0,3804.0,271.7142857142857,14.0,937.7714285714287,398.59285714285716,4086.0,4086,3,870.0,1.0,5862.0,1.9484615384615387,13.0,150.60230769230768,94.30769230769229,2.217673149095872,participant_image,4437.0,-205.0,55.467532467532465,-3.0,-9.716883116883082,-20.67467532467532,-212.0,-212,0,4437.0,0.0,4437.0,-0.07482517482517514,-2.0,50.53951048951049,7.328671328671348,-1.149608288429788,0.07482517482517514,0.07193448743451095,-0.22574376233455162,-0.4745181764820781,-0.16341200109591328,0.019085616961917472,-0.15453076710322292
edf41,36,English,sentence_audio,active,11063.0,3915.0,489.375,8.0,763.3875,465.2,4108.0,3915,3,6294.0,0.9530185004868548,11063.0,2.33625,8.0,257.6825,110.5,0.7231311579137666,exp_images/audio\ENGLISH\lamp.wav,IMG_01_E_ACT,exp_images/images/girl_lighted_lamp.jpg,IMG_01,exp_images/sentences/active_girl_lamp.jpg,STIM_55,stimuli_list_subj_5_b.csv,ACT,active,agent_first,agent_overt,0.0,,6085.0,3711.0,218.29411764705884,17.0,874.1294117647058,381.3235294117647,3747.0,3625,10,1250.0,0.9674406191619964,6085.0,2.488333333333334,18.0,147.53388888888892,69.33333333333333,2.9580936729663105,participant_image,4978.0,204.0,271.08088235294116,-9.0,-110.74191176470572,83.87647058823529,361.0,290,-7,5044.0,-0.014422118675141649,4978.0,-0.15208333333333401,-10.0,110.14861111111108,41.16666666666667,-2.234962515052544,0.15208333333333401,0.5158230971976908,0.6485807553752562,-1.843160544589456,0.4678579178049676,0.07188508664113957,-0.02780273751408039
edf42,19,English,sentence_audio,passive_dropped_agent,10810.0,4478.0,407.09090909090907,11.0,944.8090909090907,486.94545454545454,4624.0,3486,4,6000.0,0.7538927335640139,10810.0,3.390000000000001,11.0,90.59,33.45454545454545,1.0175763182238668,exp_images/audio\ENGLISH\p_woa_tabla.wav,IMG_11_E_PNA,exp_images/images/child_play_tabla.jpg,IMG_11,exp_images/sentences/noagent_child_tabla.jpg,STIM_101,stimuli_list_subj_6_b.csv,PNA,passive_dropped_agent,non_agent_first,agent_dropped,1.0,1.0,6083.0,4293.0,429.3,10.0,829.65,504.90000000000015,4467.0,3933,4,1300.0,0.8804566823371391,6083.0,3.7319999999999998,10.0,108.208,52.6,1.6439256945586058,participant_image,4727.0,185.0,-22.209090909090946,1.0,115.15909090909076,-17.95454545454561,157.0,-447,0,4700.0,-0.12656394877312527,4727.0,-0.34199999999999875,1.0,-17.617999999999995,-19.145454545454548,-0.626349376334739,0.34199999999999875,-0.08798032479799847,0.6079642129877589,0.4379100689228405,-0.4589268037686363,0.20167719503298714,0.14012886967539037
edf42,20,English,sentence_audio,passive_dropped_agent,10990.0,4322.0,360.16666666666674,12.0,935.7416666666667,488.10833333333335,4481.0,4481,8,5997.0,1.0,10990.0,2.8400000000000003,12.0,127.15916666666668,42.66666666666666,1.0919017288444042,exp_images/audio\ENGLISH\p_woa_door.wav,IMG_10_E_PNA,exp_images/images/boy_opened_door.jpg,IMG_10,exp_images/sentences/noagent_boy_door.jpg,STIM_100,stimuli_list_subj_6_b.csv,PNA,passive_dropped_agent,non_agent_first,agent_dropped,1.0,1.0,6129.0,4317.0,359.75,12.0,941.4250000000003,417.56666666666666,4585.0,4585,6,1136.0,1.0,6129.0,3.3116666666666674,12.0,89.27749999999997,34.0,1.9579050416054824,participant_image,4861.0,5.0,0.41666666666674246,0.0,-5.683333333333621,70.54166666666669,-104.0,-104,2,4861.0,0.0,4861.0,-0.4716666666666671,0.0,37.8816666666667,8.666666666666657,-0.8660033127610782,0.4716666666666671,-0.041400110351724605,0.22317591668515407,0.20980300757161088,-0.02760094284632138,0.2902934831671335,0.13085427084517048
edf42,21,English,sentence_audio,passive_dropped_agent,10241.0,4331.0,481.22222222222223,9.0,974.0333333333333,525.5,4553.0,4553,3,5248.0,1.0,10241.0,2.4000000000000004,9.0,112.47666666666667,48.88888888888889,0.8788204276926082,exp_images/audio\ENGLISH\p_woa_bucket.wav,IMG_09_E_PNA,exp_images/images/boy_filled_bucket.jpg,IMG_09,exp_images/sentences/noagent_boy_bucket.jpg,STIM_99,stimuli_list_subj_6_b.csv,PNA,passive_dropped_agent,non_agent_first,agent_dropped,1.0,1.0,6128.0,4284.0,306.0,14.0,979.3071428571428,470.04285714285714,4555.0,4555,5,1135.0,1.0,6128.0,3.061428571428572,14.0,84.67857142857143,31.285714285714285,2.2845953002610964,participant_image,4113.0,47.0,175.22222222222223,-5.0,-5.273809523809518,55.457142857142856,-2.0,-2,-2,4113.0,0.0,4113.0,-0.6614285714285715,-5.0,27.798095238095243,17.603174603174608,-1.4057748725684882,0.6614285714285715,0.31847646999765805,0.31295985248909525,-0.9307322991845375,0.10066505661162652,0.4199798247810035,0.04426978093896916
edf42,22,Punjabi,sentence_audio,active,11079.0,4533.0,566.625,8.0,872.9125,567.4999999999999,4720.0,3954,6,6087.0,0.8377118644067797,11079.0,3.5975,8.0,92.89375,34.0,0.7220868309414207,exp_images/audio\PUNJABI\fed.wav,IMG_16_P_ACT,exp_images/images/girl_fed_dog.jpg,IMG_16,exp_images/sentences/Fed-dog.jpg,STIM_16,stimuli_list_subj_6_b.csv,ACT,active,agent_first,agent_overt,0.0,,5788.0,4200.0,280.0,15.0,885.4466666666667,613.0066666666668,4434.0,2094,4,1500.0,0.4722598105548038,5788.0,4.52,16.0,107.039375,36.0,2.7643400138217,participant_image,5291.0,333.0,286.625,-7.0,-12.534166666666692,-45.50666666666689,286.0,1860,2,4587.0,0.3654520538519759,5291.0,-0.9224999999999994,-8.0,-14.14562500000001,-2.0,-2.0422531828802795,0.9224999999999994,0.5478241619555794,0.9243457010587897,-1.3869464218869967,2.4421483016184795,0.5984002433250541,0.6251543972141812
edf42,23,Punjabi,sentence_audio,active,10707.0,4455.0,445.5,10.0,992.81,500.11,4598.0,4158,4,5715.0,0.9043062200956936,10707.0,4.949,10.0,119.656,39.4,0.9339684318670028,exp_images/audio\PUNJABI\scooter.wav,IMG_14_P_ACT,exp_images/images/driver_wash_scooter.jpg,IMG_14,exp_images/sentences/Washed-scooter.jpg,STIM_14,stimuli_list_subj_6_b.csv,ACT,active,agent_first,agent_overt,0.0,,6091.0,4228.0,325.23076923076917,13.0,899.9692307692308,563.5230769230768,4471.0,4231,6,1099.0,0.9463207336166406,6091.0,4.598571428571428,14.0,111.39,38.0,2.298473157117058,participant_image,4616.0,227.0,120.26923076923083,-3.0,92.84076923076918,-63.4130769230768,127.0,-73,-2,4616.0,-0.04201451352094698,4616.0,0.350428571428572,-4.0,8.266000000000005,1.3999999999999986,-1.3645047252500553,-0.350428571428572,0.20534336858552224,0.6977481487917001,-0.4745181764820781,0.011381860910505923,-0.2715396414556665,0.03368311206999673
edf42,24,Punjabi,sentence_audio,active,10515.0,4333.0,481.4444444444445,9.0,887.9999999999999,372.48888888888894,4516.0,4516,5,5523.0,1.0,10515.0,3.266666666666667,9.0,124.95555555555555,52.88888888888889,0.8559201141226819,exp_images/audio\PUNJABI\picture.wav,IMG_07_P_ACT,exp_images/images/artiste_drew_picture.jpg,IMG_07,exp_images/sentences/Painting.jpg,STIM_07,stimuli_list_subj_6_b.csv,ACT,active,agent_first,agent_overt,0.0,,5662.0,4446.0,444.6,10.0,910.29,385.61,4648.0,4198,5,670.0,0.903184165232358,5662.0,3.298,10.0,89.01299999999999,34.4,1.7661603673613564,participant_image,4853.0,-113.0,36.84444444444449,-1.0,-22.290000000000077,-13.121111111111077,-132.0,318,0,4853.0,0.096815834767642,4853.0,-0.03133333333333299,-1.0,35.94255555555556,18.488888888888894,-0.9102402532386745,0.03133333333333299,0.033594669160460396,-0.02907418866877579,-0.018304053779618773,0.5030681921659729,-0.01063740790023411,0.09572944219556093
edf42,25,Punjabi,sentence_audio,passive,11117.0,4413.0,367.75,12.0,808.25,479.3916666666667,4613.0,4613,5,6124.0,1.0,11117.0,3.154166666666667,12.0,88.72500000000002,31.66666666666667,1.079427903211298,exp_images/audio\PUNJABI\p_sapling.wav,IMG_03_P_PWA,exp_images/images/girl_plant_tree.jpg,IMG_03,exp_images/sentences/Sapling-passive.jpg,STIM_21,stimuli_list_subj_6_b.csv,PWA,passive_with_agent,non_agent_first,agent_overt,1.0,0.0,5951.0,4341.0,361.75,12.0,807.9,596.6583333333333,4561.0,3039,5,958.0,0.6663012497259373,5951.0,4.0025,12.0,97.1225,36.0,2.016467820534364,participant_image,5166.0,72.0,6.0,0.0,0.35000000000002274,-117.2666666666666,52.0,1574,0,5166.0,0.3336987502740627,5166.0,-0.8483333333333336,0.0,-8.39749999999998,-4.333333333333329,-0.9370399173230661,0.8483333333333336,-0.029905562020209435,0.3664026714200126,0.20980300757161088,2.082500499216782,0.5477135489552672,0.6353028330286927
edf42,26,Punjabi,sentence_audio,passive,10546.0,4294.0,429.4,10.0,975.82,431.0,4496.0,3922,5,5796.0,0.8723309608540926,10546.0,4.068181818181818,11.0,161.42181818181817,46.72727272727273,1.0430494974397877,exp_images/audio\PUNJABI\p_frisbee.wav,IMG_12_P_PWA,exp_images/images/child_throw_frisbee.jpg,IMG_12,exp_images/sentences/Frisbee-passive.jpg,STIM_30,stimuli_list_subj_6_b.csv,PWA,passive_with_agent,non_agent_first,agent_overt,1.0,0.0,5677.0,4075.0,226.38888888888889,18.0,983.6666666666665,521.3944444444445,4326.0,2520,6,970.0,0.5825242718446602,5677.0,4.094444444444443,18.0,100.48111111111113,37.0,3.1706887440549587,participant_image,4869.0,219.0,203.0111111111111,-8.0,-7.846666666666465,-90.3944444444445,170.0,1402,-1,4826.0,0.2898066890094324,4869.0,-0.026262626262624877,-7.0,60.940707070707035,9.727272727272727,-2.1276392466151712,0.026262626262624877,0.375686152340185,0.6806464467338066,-1.6150534832382264,1.866208813856321,-0.014102810770324476,0.25867702378435237
edf42,27,Punjabi,sentence_audio,passive,10825.0,4399.0,439.9,10.0,838.54,465.86,4542.0,3812,6,5833.0,0.8392778511668868,10825.0,2.4019999999999997,10.0,95.59799999999998,45.0,0.9237875288683604,exp_images/audio\PUNJABI\p_vase.wav,IMG_08_P_PWA,exp_images/images/boy_broke_vase.jpg,IMG_08,exp_images/sentences/Vase-passive.jpg,STIM_26,stimuli_list_subj_6_b.csv,PWA,passive_with_agent,non_agent_first,agent_overt,1.0,0.0,5985.0,4235.0,470.5555555555555,9.0,889.2111111111113,457.9444444444445,4378.0,4378,4,993.0,1.0,5985.0,2.4288888888888893,9.0,122.84333333333332,68.22222222222223,1.5037593984962403,participant_image,4840.0,164.0,-30.65555555555551,1.0,-50.67111111111137,7.9155555555555,164.0,-566,2,4840.0,-0.1607221488331132,4840.0,-0.026888888888889628,1.0,-27.245333333333335,-23.22222222222223,-0.5799718696278799,0.026888888888889628,-0.10536927335487413,0.5630722450857885,0.4379100689228405,-0.6085704698029089,-0.013674812806288048,0.054673551608911575
edf42,28,Punjabi,sentence_audio,passive_dropped_agent,10315.0,4459.0,445.9,10.0,971.23,426.14,4633.0,4633,3,5322.0,1.0,10315.0,4.430999999999999,10.0,110.766,36.0,0.9694619486185168,exp_images/audio\PUNJABI\p_woa_box.wav,IMG_05_P_PNA,exp_images/images/man_pushed_box.jpg,IMG_05,exp_images/sentences/Pushed-box-woa.jpg,STIM_41,stimuli_list_subj_6_b.csv,PNA,passive_dropped_agent,non_agent_first,agent_dropped,1.0,1.0,5788.0,4328.0,332.92307692307685,13.0,951.7692307692306,460.5076923076922,4542.0,3888,5,796.0,0.8560105680317041,5788.0,3.674615384615385,13.0,99.24307692307694,34.615384615384606,2.2460262612301314,participant_image,4527.0,131.0,112.97692307692313,-3.0,19.460769230769415,-34.36769230769221,91.0,745,-2,4526.0,0.14398943196829594,4527.0,0.7563846153846141,-3.0,11.522923076923064,1.384615384615394,-1.2765643126116146,-0.7563846153846141,0.19033051188984848,0.49252772409697754,-0.4745181764820781,1.0400248761713038,-0.5489765393554582,0.1398776792641187
edf42,29,Punjabi,sentence_audio,passive_dropped_agent,10658.0,4700.0,2350.0,2.0,774.1,454.6,4948.0,4948,2,5666.0,1.0,10658.0,1.505,2.0,60.925,22.0,0.18765246762994933,exp_images/audio\PUNJABI\p_woa_shrub.wav,IMG_04_P_PNA,exp_images/images/man_cut_shrub.jpg,IMG_04,exp_images/sentences/Shrub-woa.jpg,STIM_40,stimuli_list_subj_6_b.csv,PNA,passive_dropped_agent,non_agent_first,agent_dropped,1.0,1.0,6021.0,4375.0,397.7272727272728,11.0,785.5090909090909,517.7909090909092,4600.0,4600,4,1029.0,1.0,6021.0,4.034545454545455,11.0,99.52363636363636,35.63636363636363,1.8269390466699884,participant_image,4637.0,325.0,1952.2727272727273,-9.0,-11.409090909090878,-63.190909090909145,348.0,348,-2,4637.0,0.0,4637.0,-2.529545454545455,-9.0,-38.59863636363636,-13.636363636363633,-1.639286579040039,2.529545454545455,3.9769349030448367,0.9072439990008961,-1.843160544589456,0.5407934861241929,1.696680986600132,1.0556985660361202
edf42,30,Punjabi,sentence_audio,passive_dropped_agent,10588.0,4408.0,400.7272727272728,11.0,1125.1272727272726,550.0909090909091,4570.0,3400,5,5596.0,0.7439824945295405,10588.0,4.74,11.0,116.98181818181816,38.36363636363637,1.0389119758216852,exp_images/audio\PUNJABI\p_woa_window.wav,IMG_02_P_PNA,exp_images/images/girl_opened_window.jpg,IMG_02,exp_images/sentences/Window-woa.jpg,STIM_38,stimuli_list_subj_6_b.csv,PNA,passive_dropped_agent,non_agent_first,agent_dropped,1.0,1.0,5815.0,4387.0,337.46153846153845,13.0,1028.9461538461535,471.0076923076923,4539.0,4179,5,1002.0,0.9206873760740252,5815.0,4.159230769230769,13.0,101.03769230769232,34.92307692307692,2.2355975924333618,participant_image,4773.0,21.0,63.26573426573435,-2.0,96.18111888111912,79.08321678321681,31.0,-779,0,4594.0,-0.17670488154448472,4773.0,0.5807692307692314,-2.0,15.944125874125831,3.440559440559447,-1.1966856166116766,-0.5807692307692314,0.08798884101093028,0.25737932080094117,-0.24641111513084843,-0.8764200569062707,-0.4289581574233337,-0.24128423352971629
edf42,31,English,sentence_audio,active,10728.0,4548.0,505.33333333333326,9.0,914.8666666666666,654.0888888888887,4706.0,4428,4,5736.0,0.9409264768380792,10728.0,3.1077777777777778,9.0,91.22555555555556,31.777777777777782,0.8389261744966443,exp_images/audio\ENGLISH\dug.wav,IMG_13_E_ACT,exp_images/images/dog_dug_hole.jpg,IMG_13,exp_images/sentences/active_dog_hole.jpg,STIM_67,stimuli_list_subj_6_b.csv,ACT,active,agent_first,agent_overt,0.0,,5692.0,4278.0,285.2,15.0,950.22,683.6466666666666,4450.0,3296,6,700.0,0.7406741573033708,5692.0,4.31,15.0,104.60733333333334,36.13333333333333,2.635277582572031,participant_image,5036.0,270.0,220.13333333333327,-6.0,-35.35333333333347,-29.557777777777915,256.0,1132,-2,5036.0,0.20025231953470835,5036.0,-1.2022222222222219,-6.0,-13.381777777777785,-4.355555555555551,-1.7963514080753866,1.2022222222222219,0.4109361005568319,0.789669797352878,-1.1588393605357672,1.5266811682323413,0.7895669145998704,0.47160292404123083
edf42,32,English,sentence_audio,active,10692.0,4550.0,758.3333333333335,6.0,936.35,516.0833333333334,4802.0,4656,3,5700.0,0.9695960016659724,10692.0,2.7916666666666674,6.0,76.82666666666667,31.66666666666667,0.5611672278338945,exp_images/audio\ENGLISH\veg.wav,IMG_18_E_ACT,exp_images/images/boy_cut_vegetables.jpg,IMG_18,exp_images/sentences/active_boy_vegetables.jpg,STIM_72,stimuli_list_subj_6_b.csv,ACT,active,agent_first,agent_overt,0.0,,5948.0,4362.0,436.2,10.0,932.9,617.77,4612.0,4404,5,956.0,0.9549002601908064,5948.0,4.32,10.0,104.23000000000002,38.0,1.6812373907195697,participant_image,4744.0,188.0,322.1333333333335,-4.0,3.4500000000000455,-101.68666666666661,190.0,252,-2,4744.0,0.014695741475165947,4744.0,-1.5283333333333329,-4.0,-27.40333333333335,-6.333333333333329,-1.1200701628856753,1.5283333333333329,0.6209260581355601,0.614377351259469,-0.7026252378333078,0.42007254545788897,1.0124364995816322,0.3930374433202485
edf42,33,English,sentence_audio,active,11030.0,4458.0,743.0,6.0,918.25,461.1,4770.0,4600,5,6038.0,0.9643605870020964,11030.0,3.7116666666666656,6.0,96.255,37.0,0.5439709882139621,exp_images/audio\ENGLISH\cake.wav,IMG_15_E_ACT,exp_images/images/girl_baked_cake.jpg,IMG_15,exp_images/sentences/active_girl_cake.jpg,STIM_69,stimuli_list_subj_6_b.csv,ACT,active,agent_first,agent_overt,0.0,,6035.0,4605.0,767.5,6.0,905.45,506.85000000000014,4782.0,4374,5,1043.0,0.9146800501882058,6035.0,3.49,6.0,96.52333333333333,35.0,0.9942004971002484,participant_image,4995.0,-147.0,-24.5,0.0,12.799999999999955,-45.750000000000114,-12.0,226,0,4995.0,0.04968053681389062,4995.0,0.22166666666666535,0.0,-0.26833333333333087,2.0,-0.4502295088862863,-0.22166666666666535,-0.09269667678639763,-0.10175642241482337,0.20980300757161088,0.3873772906940983,-0.18354168217739544,0.04383710337741854
edf42,34,English,sentence_audio,passive,10738.0,4470.0,406.3636363636364,11.0,907.6727272727272,655.0272727272727,4666.0,4666,3,5746.0,1.0,10738.0,2.7054545454545456,11.0,76.86363636363636,29.63636363636364,1.0243993294840752,exp_images/audio\ENGLISH\p_clothes.wav,IMG_06_E_PWA,exp_images/images/women_fold_clothes.jpg,IMG_06,exp_images/sentences/passive_woman_clothes.jpg,STIM_78,stimuli_list_subj_6_b.csv,PWA,passive_with_agent,non_agent_first,agent_overt,1.0,0.0,5886.0,4524.0,646.2857142857142,7.0,931.0,565.7714285714285,4772.0,4772,5,894.0,1.0,5886.0,3.375714285714285,7.0,91.58571428571429,31.42857142857143,1.1892626571525653,participant_image,4852.0,-54.0,-239.92207792207785,4.0,-23.32727272727277,89.25584415584422,-106.0,-106,-2,4852.0,0.0,4852.0,-0.6702597402597394,4.0,-14.72207792207793,-1.7922077922077904,-0.1648633276684901,0.6702597402597394,-0.5361915101626575,0.09705086400818914,1.1222312529765295,-0.030115962443536044,0.4260151877761505,0.21579796643093507
edf42,35,English,sentence_audio,passive,10238.0,4418.0,490.88888888888886,9.0,1006.4111111111113,579.0999999999998,4674.0,4674,5,5246.0,1.0,10238.0,3.6022222222222213,9.0,93.31222222222223,35.333333333333336,0.8790779449111155,exp_images/audio\ENGLISH\p_letter.wav,IMG_17_E_PWA,exp_images/images/women_read_letter.jpg,IMG_17,exp_images/sentences/passive_women_letter.jpg,STIM_89,stimuli_list_subj_6_b.csv,PWA,passive_with_agent,non_agent_first,agent_overt,1.0,0.0,5644.0,4342.0,334.0,13.0,958.4769230769232,583.323076923077,4558.0,4558,5,652.0,1.0,5644.0,3.49076923076923,13.0,96.09769230769231,33.384615384615394,2.3033309709425938,participant_image,4594.0,76.0,156.88888888888886,-4.0,47.93418803418808,-4.223076923077201,116.0,116,0,4594.0,0.0,4594.0,0.11145299145299115,-4.0,-2.785470085470081,1.9487179487179418,-1.4242530260314783,-0.11145299145299115,0.2807331769688017,0.37495352244895935,-0.7026252378333078,0.24905121284729173,-0.10821988167052103,0.018778558552244792
edf42,36,English,sentence_audio,passive,10778.0,4438.0,369.83333333333326,12.0,861.9166666666665,511.68333333333334,4599.0,4361,4,5785.0,0.9482496194824962,10778.0,3.12,12.0,84.805,32.833333333333336,1.1133791055854518,exp_images/audio\ENGLISH\p_lamp.wav,IMG_01_E_PWA,exp_images/images/girl_lighted_lamp.jpg,IMG_01,exp_images/sentences/passive_girl_lamp.jpg,STIM_73,stimuli_list_subj_6_b.csv,PWA,passive_with_agent,non_agent_first,agent_overt,1.0,0.0,5785.0,4351.0,362.58333333333326,12.0,813.2083333333335,560.3166666666666,4557.0,4557,5,792.0,1.0,5785.0,3.829166666666667,12.0,96.72416666666668,36.333333333333336,2.0743301642178045,participant_image,4993.0,87.0,7.25,0.0,48.70833333333303,-48.63333333333327,42.0,-196,-1,4993.0,-0.0517503805175038,4993.0,-0.709166666666667,0.0,-11.91916666666667,-3.5,-0.9609510586323526,0.709166666666667,-0.02733215567733287,0.398468362778563,0.20980300757161088,-0.14329184431819594,0.4526048078344302,0.17805043563781506
edf43,19,Punjabi,sentence_audio,active,10289.0,4295.0,252.64705882352942,17.0,863.0823529411763,523.2235294117647,4482.0,3977,6,5516.0,0.8873270861222669,10289.0,2.618823529411765,17.0,77.21588235294116,30.0,1.6522499757022062,exp_images/audio\PUNJABI\tabla.wav,IMG_11_P_ACT,exp_images/images/child_play_tabla.jpg,IMG_11,exp_images/sentences/Tabla.jpg,STIM_11,stimuli_list_subj_7_b.csv,ACT,active,agent_first,agent_overt,0.0,,5737.0,4061.0,253.8125,16.0,885.3374999999999,609.00625,4249.0,2929,5,962.0,0.6893386679218639,5737.0,3.3018750000000003,16.0,110.135,46.5,2.788914066585323,participant_image,4552.0,234.0,-1.1654411764705799,1.0,-22.25514705882358,-85.78272058823529,233.0,1048,1,4554.0,0.19798841820040292,4552.0,-0.6830514705882353,1.0,-32.91911764705884,-16.5,-1.136664090883117,0.6830514705882353,-0.044657235438640086,0.712712138092357,0.4379100689228405,1.4210503451493255,0.4347572622789084,0.5923545158009582
edf43,20,Punjabi,sentence_audio,active,11156.0,4142.0,295.85714285714283,14.0,920.0,493.55,4440.0,4242,12,6164.0,0.9554054054054054,11156.0,1.8314285714285716,14.0,96.4242857142857,39.42857142857143,1.2549300824668341,exp_images/audio\PUNJABI\door.wav,IMG_10_P_ACT,exp_images/images/boy_opened_door.jpg,IMG_10,exp_images/sentences/Closed-door.jpg,STIM_10,stimuli_list_subj_7_b.csv,ACT,active,agent_first,agent_overt,0.0,,5962.0,3940.0,246.25,16.0,890.3124999999999,605.2125,4235.0,4019,8,969.0,0.9489964580873672,5962.0,3.656875,16.0,130.96375,47.375,2.6836632002683665,participant_image,5194.0,202.0,49.60714285714283,-2.0,29.687500000000114,-111.66249999999997,205.0,223,4,5195.0,0.006408947318038205,5194.0,-1.8254464285714282,-2.0,-34.5394642857143,-7.946428571428569,-1.4287331178015323,1.8254464285714282,0.05986955639842726,0.6443053298607828,-0.24641111513084843,0.3836047612982763,1.2154883735357205,0.41137138119247163
edf43,21,Punjabi,sentence_audio,active,10209.0,4197.0,381.54545454545456,11.0,933.0636363636363,517.6999999999998,4385.0,4385,5,5340.0,1.0,10209.0,1.7250000000000003,12.0,124.4525,62.66666666666666,1.1754334410813991,exp_images/audio\PUNJABI\bucket.wav,IMG_09_P_ACT,exp_images/images/boy_filled_bucket.jpg,IMG_09,exp_images/sentences/Bucket.jpg,STIM_09,stimuli_list_subj_7_b.csv,ACT,active,agent_first,agent_overt,0.0,,5907.0,4333.0,309.5,14.0,934.7000000000003,500.7785714285714,4596.0,4596,7,917.0,1.0,5907.0,2.345,14.0,75.27071428571429,28.142857142857146,2.3700694091755543,participant_image,4302.0,-136.0,72.04545454545456,-3.0,-1.636363636363967,16.921428571428407,-211.0,-211,-2,4423.0,0.0,4302.0,-0.6199999999999999,-2.0,49.18178571428571,34.52380952380951,-1.1946359680941552,0.6199999999999999,0.10606387129614148,-0.07824158208521974,-0.4745181764820781,-0.16215449129730594,0.39166687190670796,-0.04343670133235088
edf43,22,Punjabi,sentence_audio,passive,10710.0,4438.0,369.83333333333326,12.0,882.4250000000002,705.1666666666665,4620.0,3068,6,5718.0,0.664069264069264,10710.0,2.845,12.0,85.58749999999998,31.0,1.1204481792717087,exp_images/audio\PUNJABI\p_fed.wav,IMG_16_P_PWA,exp_images/images/girl_fed_dog.jpg,IMG_16,exp_images/sentences/Fed-dog-passive.jpg,STIM_34,stimuli_list_subj_7_b.csv,PWA,passive_with_agent,non_agent_first,agent_overt,1.0,0.0,5966.0,4482.0,560.25,8.0,875.6750000000002,645.8375,4714.0,2966,5,974.0,0.6291896478574459,5966.0,3.6375,8.0,94.8025,34.75,1.340931947703654,participant_image,4744.0,-44.0,-190.41666666666674,4.0,6.75,59.32916666666654,-94.0,102,1,4744.0,0.03487961621181812,4744.0,-0.7925,4.0,-9.215000000000018,-3.75,-0.2204837684319454,0.7925,-0.43427347869754723,0.11842799158055609,1.1222312529765295,0.23144607566678907,0.5095561498229552,0.30947759826985655
edf43,23,Punjabi,sentence_audio,passive,10331.0,4491.0,374.25,12.0,827.9583333333335,599.35,4560.0,3490,6,5339.0,0.7653508771929824,10331.0,4.104166666666667,12.0,99.35333333333332,36.0,1.1615526086535672,exp_images/audio\PUNJABI\p_scooter.wav,IMG_14_P_PWA,exp_images/images/driver_wash_scooter.jpg,IMG_14,exp_images/sentences/Washed-scooter-passive.jpg,STIM_32,stimuli_list_subj_7_b.csv,PWA,passive_with_agent,non_agent_first,agent_overt,1.0,0.0,6045.0,4215.0,247.94117647058826,17.0,1026.1117647058825,700.4823529411763,4452.0,4452,3,1053.0,1.0,6045.0,3.0476470588235287,17.0,81.97235294117648,31.764705882352942,2.812241521918941,participant_image,4286.0,276.0,126.30882352941174,-5.0,-198.153431372549,-101.13235294117624,108.0,-962,3,4286.0,-0.23464912280701755,4286.0,1.0565196078431383,-5.0,17.380980392156843,4.235294117647058,-1.650688913265374,-1.0565196078431383,0.217777229639475,0.8024960738962981,-0.9307322991845375,-1.1065443500514125,-0.7540936265342043,-0.3542193944468763
edf43,24,Punjabi,sentence_audio,passive,11114.0,4144.0,414.4,10.0,875.8100000000002,546.4999999999999,4391.0,4391,5,6121.0,1.0,11114.0,3.825,10.0,123.024,60.2,0.8997660608241856,exp_images/audio\PUNJABI\p_picture.wav,IMG_07_P_PWA,exp_images/images/artiste_drew_picture.jpg,IMG_07,exp_images/sentences/Painting-passive.jpg,STIM_25,stimuli_list_subj_7_b.csv,PWA,passive_with_agent,non_agent_first,agent_overt,1.0,0.0,5824.0,4460.0,405.45454545454544,11.0,988.1,409.50909090909096,4704.0,4538,3,832.0,0.9647108843537416,5824.0,2.0072727272727278,11.0,62.62272727272727,26.181818181818183,1.888736263736264,participant_image,5290.0,-316.0,8.945454545454538,-1.0,-112.28999999999985,136.99090909090893,-313.0,-147,2,5289.0,0.03528911564625836,5290.0,1.8177272727272724,-1.0,60.40127272727273,34.018181818181816,-0.9889702029120783,-1.8177272727272724,-0.02384168089226758,-0.4630298783878246,-0.018304053779618773,-0.08167386418643667,-1.2743152030994402,-0.37223293606911756
edf43,25,Punjabi,sentence_audio,passive_dropped_agent,10239.0,4683.0,1561.0,3.0,765.3000000000002,714.0666666666666,4906.0,4683,1,5502.0,0.9545454545454546,10239.0,2.0966666666666667,3.0,73.08,28.66666666666667,0.29299736302373275,exp_images/audio\PUNJABI\p_woa_sapling.wav,IMG_03_P_PNA,exp_images/images/girl_plant_tree.jpg,IMG_03,exp_images/sentences/Sapling-woa.jpg,STIM_39,stimuli_list_subj_7_b.csv,PNA,passive_dropped_agent,non_agent_first,agent_dropped,1.0,1.0,5738.0,4246.0,386.0,11.0,856.2545454545456,650.0363636363637,4408.0,3476,4,1152.0,0.7885662431941923,5738.0,3.2709090909090914,11.0,114.91727272727276,53.09090909090909,1.917044266294876,participant_image,4501.0,437.0,1175.0,-8.0,-90.95454545454538,64.03030303030289,498.0,1207,-3,4350.0,0.16597921135126226,4501.0,-1.1742424242424248,-8.0,-41.83727272727276,-24.424242424242422,-1.624046903271143,1.1742424242424248,2.376744049837954,1.1466678278114057,-1.6150534832382264,1.6209944031278913,0.7704450700776632,0.8599595735233375
edf43,26,Punjabi,sentence_audio,passive_dropped_agent,10290.0,4172.0,219.578947368421,19.0,1069.0210526315786,520.2105263157895,4383.0,2574,6,5540.0,0.5872689938398358,10290.0,2.6870000000000003,20.0,79.048,31.4,1.9436345966958213,exp_images/audio\PUNJABI\p_woa_frisbee.wav,IMG_12_P_PNA,exp_images/images/child_throw_frisbee.jpg,IMG_12,exp_images/sentences/Frisbee-woa.jpg,STIM_48,stimuli_list_subj_7_b.csv,PNA,passive_dropped_agent,non_agent_first,agent_dropped,1.0,1.0,5646.0,3994.0,210.21052631578945,19.0,1024.4473684210525,518.8421052631579,4247.0,3190,10,934.0,0.7511184365434425,5646.0,4.251052631578949,19.0,100.75368421052632,39.26315789473684,3.365214311016649,participant_image,4644.0,178.0,9.368421052631561,0.0,44.57368421052615,1.368421052631561,136.0,-616,-4,4606.0,-0.16384944270360668,4644.0,-1.5640526315789485,1.0,-21.705684210526314,-7.863157894736844,-1.4215797143208275,1.5640526315789485,-0.022970909138352622,0.5930002236871021,0.20980300757161088,-0.6714459597332755,1.0368476432213465,0.22904680112168627
edf43,27,Punjabi,sentence_audio,passive_dropped_agent,10248.0,4418.0,1472.666666666667,3.0,878.7666666666668,485.83333333333326,4904.0,4904,3,5256.0,1.0,10248.0,2.623333333333333,3.0,81.34333333333333,29.33333333333333,0.2927400468384075,exp_images/audio\PUNJABI\p_woa_vase.wav,IMG_08_P_PNA,exp_images/images/boy_broke_vase.jpg,IMG_08,exp_images/sentences/Vase-woa.jpg,STIM_44,stimuli_list_subj_7_b.csv,PNA,passive_dropped_agent,non_agent_first,agent_dropped,1.0,1.0,6089.0,4195.0,246.7647058823529,17.0,878.3941176470589,488.75882352941176,4464.0,4152,5,1097.0,0.9301075268817204,6089.0,2.8176470588235287,17.0,80.90294117647059,31.058823529411764,2.7919198554770897,participant_image,4159.0,223.0,1225.901960784314,-14.0,0.37254901960784537,-2.925490196078499,440.0,752,-2,4159.0,0.06989247311827962,4159.0,-0.19431372549019565,-14.0,0.44039215686274247,-1.725490196078436,-2.499179808638682,0.19431372549019565,2.4815371928357206,0.6891972977627534,-2.983695851345604,1.048827444761555,0.10074601671355908,0.2673224201455968
edf43,28,English,sentence_audio,active,10758.0,4390.0,487.77777777777777,9.0,1000.3222222222224,494.6555555555555,4616.0,4422,8,5766.0,0.9579722703639516,10758.0,3.503333333333333,9.0,83.84555555555556,41.77777777777778,0.8365867261572784,exp_images/audio\ENGLISH\box.wav,IMG_05_E_ACT,exp_images/images/man_pushed_box.jpg,IMG_05,exp_images/sentences/active_man_box.jpg,STIM_59,stimuli_list_subj_7_b.csv,ACT,active,agent_first,agent_overt,0.0,,5903.0,4221.0,248.29411764705884,17.0,887.6117647058826,493.1,4455.0,3377,7,910.0,0.7580246913580246,5903.0,2.802941176470588,17.0,78.83647058823531,31.64705882352941,2.8798915805522616,participant_image,4855.0,169.0,239.48366013071893,-8.0,112.71045751633983,1.555555555555486,161.0,1045,1,4856.0,0.19994757900592697,4855.0,0.7003921568627449,-8.0,5.009084967320248,10.130718954248369,-2.043304854394983,-0.7003921568627449,0.45077310353053324,0.5737608088719719,-1.6150534832382264,1.4172778157535035,-0.5107103915067709,0.06320957068220226
edf43,29,English,sentence_audio,active,10258.0,4434.0,295.6,15.0,895.2466666666667,598.64,4500.0,4290,8,5266.0,0.9533333333333334,10258.0,3.4033333333333338,15.0,90.28933333333332,32.8,1.4622733476311174,exp_images/audio\ENGLISH\shrub.wav,IMG_04_E_ACT,exp_images/images/man_cut_shrub.jpg,IMG_04,exp_images/sentences/active_man_shrub.jpg,STIM_58,stimuli_list_subj_7_b.csv,ACT,active,agent_first,agent_overt,0.0,,6041.0,4425.0,442.5,10.0,823.5899999999998,529.5699999999998,4691.0,4691,6,1048.0,1.0,6041.0,2.7410000000000005,10.0,83.65100000000001,30.2,1.6553550736633007,participant_image,4217.0,9.0,-146.89999999999998,5.0,71.65666666666687,69.07000000000016,-191.0,-401,2,4218.0,-0.046666666666666634,4217.0,0.6623333333333332,5.0,6.638333333333307,2.599999999999998,-0.19308172603218332,-0.6623333333333332,-0.34468462588087084,0.23172676771410086,1.3503383143277592,-0.40108135303269904,-0.4847003786127174,0.07031974490311452
edf43,30,English,sentence_audio,active,10349.0,4265.0,284.3333333333333,15.0,1104.533333333333,457.42666666666673,4469.0,3562,3,5588.0,0.797046319087044,10349.0,3.3966666666666665,15.0,90.33066666666667,34.93333333333333,1.4494154024543433,exp_images/audio\ENGLISH\window.wav,IMG_02_E_ACT,exp_images/images/girl_opened_window.jpg,IMG_02,exp_images/sentences/active_girl_window.jpg,STIM_56,stimuli_list_subj_7_b.csv,ACT,active,agent_first,agent_overt,0.0,,6057.0,3970.0,283.57142857142856,14.0,1052.1785714285713,499.04999999999984,4250.0,3820,4,1372.0,0.8988235294117647,6057.0,4.566000000000002,15.0,124.19533333333334,50.66666666666666,2.4764735017335306,participant_image,4292.0,295.0,0.7619047619047592,1.0,52.354761904761745,-41.62333333333311,219.0,-258,-1,4216.0,-0.10177721032472065,4292.0,-1.1693333333333351,0.0,-33.864666666666665,-15.733333333333327,-1.0270580992791873,1.1693333333333351,-0.040689360028454094,0.8431126162837953,0.4379100689228405,-0.22125745183185055,0.7670901182950673,0.35723319832827966
edf43,31,English,sentence_audio,passive,10684.0,4268.0,1067.0,4.0,860.625,776.8,4645.0,1433,2,5691.0,0.3085037674919268,10684.0,3.0500000000000003,4.0,158.09250000000003,87.0,0.3743916136278548,exp_images/audio\ENGLISH\p_dug.wav,IMG_13_E_PWA,exp_images/images/dog_dug_hole.jpg,IMG_13,exp_images/sentences/passive_dog_hole.jpg,STIM_85,stimuli_list_subj_7_b.csv,PWA,passive_with_agent,non_agent_first,agent_overt,1.0,0.0,5983.0,4217.0,263.5625,16.0,939.31875,728.0125,4383.0,3228,6,990.0,0.7364818617385352,5983.0,4.478125,16.0,98.70000000000002,38.125,2.6742436904562927,participant_image,4701.0,51.0,803.4375,-12.0,-78.69375000000002,48.78749999999991,262.0,-1795,-4,4701.0,-0.42797809424660843,4701.0,-1.428125,-12.0,59.39250000000001,48.875,-2.299852076828438,1.428125,1.6117990144178953,0.321510703518042,-2.5274817286431452,-2.15405001229132,0.9439525108404311,-0.3608539024316194
edf43,32,English,sentence_audio,passive,11001.0,4231.0,325.46153846153845,13.0,919.9692307692308,694.5615384615384,4402.0,3941,5,6218.0,0.8952748750567924,11001.0,2.5576923076923075,13.0,100.83692307692309,45.384615384615394,1.1817107535678577,exp_images/audio\ENGLISH\p_veg.wav,IMG_18_E_PWA,exp_images/images/boy_cut_vegetables.jpg,IMG_18,exp_images/sentences/passive_boy_vegetables.jpg,STIM_90,stimuli_list_subj_7_b.csv,PWA,passive_with_agent,non_agent_first,agent_overt,1.0,0.0,5904.0,4136.0,295.42857142857144,14.0,966.9285714285717,723.4357142857143,4309.0,4136,4,1116.0,0.959851473659782,5904.0,3.4857142857142858,14.0,107.61642857142859,48.85714285714285,2.3712737127371275,participant_image,5097.0,95.0,30.032967032967008,-1.0,-46.95934065934091,-28.87417582417595,93.0,-195,1,5102.0,-0.06457659860298959,5097.0,-0.9280219780219783,-1.0,-6.7795054945055,-3.472527472527453,-1.1895629591692698,0.9280219780219783,0.019571709820415114,0.41557006483645653,-0.018304053779618773,-0.14203433451958863,0.6021740520304482,0.17539548767762247
edf43,33,English,sentence_audio,passive,10894.0,4774.0,4774.0,1.0,933.6,614.4,4968.0,4968,1,5902.0,1.0,10894.0,1.31,1.0,53.48,24.0,0.09179364787956673,exp_images/audio\ENGLISH\p_cake.wav,IMG_15_E_PWA,exp_images/images/girl_baked_cake.jpg,IMG_15,exp_images/sentences/passive_girl_cake.jpg,STIM_87,stimuli_list_subj_7_b.csv,PWA,passive_with_agent,non_agent_first,agent_overt,1.0,0.0,5830.0,4234.0,352.83333333333326,12.0,936.05,555.0916666666667,4494.0,4092,5,838.0,0.9105473965287049,5830.0,2.6425,12.0,112.19416666666666,41.5,2.0583190394511153,participant_image,5064.0,540.0,4421.166666666667,-11.0,-2.449999999999932,59.30833333333328,474.0,876,-4,5064.0,0.08945260347129513,5064.0,-1.3325,-11.0,-58.714166666666664,-17.5,-1.9665253915715486,1.3325,9.059708761865537,1.3668522418067852,-2.2993746672919153,1.2047586597888644,0.8786008459085984,2.0421091684155743
edf43,34,English,sentence_audio,passive_dropped_agent,10717.0,1773.0,443.25,4.0,940.1,637.7,4875.0,1773,1,8872.0,0.3636923076923077,10717.0,2.475,4.0,71.6775,29.5,0.37323877950919104,exp_images/audio\ENGLISH\p_woa_clothes.wav,IMG_06_E_PNA,exp_images/images/women_fold_clothes.jpg,IMG_06,exp_images/sentences/noagent_woman_clothes.jpg,STIM_96,stimuli_list_subj_7_b.csv,PNA,passive_dropped_agent,non_agent_first,agent_dropped,1.0,1.0,5941.0,4403.0,366.91666666666674,12.0,962.8916666666664,513.1166666666667,4592.0,4438,6,949.0,0.9664634146341464,5941.0,3.316666666666667,12.0,89.80499999999998,33.333333333333336,2.0198619760983,participant_image,4776.0,-2630.0,76.33333333333326,-8.0,-22.7916666666664,124.58333333333337,283.0,-2665,-5,7923.0,-0.6027711069418387,4776.0,-0.8416666666666668,-8.0,-18.127499999999984,-3.8333333333333357,-1.646623196589109,0.8416666666666668,0.11489143487231182,-5.409697198633534,-1.6150534832382264,-3.2480835370796997,0.5431574415961852,-1.9229570684965929
edf43,35,English,sentence_audio,passive_dropped_agent,10815.0,4413.0,315.2142857142857,14.0,1001.1857142857143,531.1999999999998,4591.0,4457,7,5822.0,0.9708124591592244,10815.0,2.293571428571429,14.0,73.875,28.714285714285715,1.2944983818770228,exp_images/audio\ENGLISH\p_woa_letter.wav,IMG_17_E_PNA,exp_images/images/women_read_letter.jpg,IMG_17,exp_images/sentences/noagent_women_letter.jpg,STIM_107,stimuli_list_subj_7_b.csv,PNA,passive_dropped_agent,non_agent_first,agent_dropped,1.0,1.0,6041.0,4207.0,300.5,14.0,963.7285714285716,561.4714285714286,4532.0,4532,5,1049.0,1.0,6041.0,3.0892857142857144,14.0,85.80142857142856,32.857142857142854,2.317497103128621,participant_image,4774.0,206.0,14.714285714285722,0.0,37.457142857142685,-30.271428571428828,59.0,-75,2,4773.0,-0.029187540840775572,4774.0,-0.7957142857142854,0.0,-11.92642857142856,-4.142857142857139,-1.0229987212515983,0.7957142857142854,-0.011965243515584222,0.6528561808897295,0.20980300757161088,0.008866841313291258,0.5117528444425123,0.27426272614031194
edf43,36,English,sentence_audio,passive_dropped_agent,11130.0,4344.0,310.2857142857143,14.0,847.0785714285714,507.0214285714286,4558.0,4114,8,6138.0,0.90258885476086,11130.0,2.510714285714286,14.0,72.59857142857143,31.0,1.2578616352201255,exp_images/audio\ENGLISH\p_woa_lamp.wav,IMG_01_E_PNA,exp_images/images/girl_lighted_lamp.jpg,IMG_01,exp_images/sentences/noagent_girl_lamp.jpg,STIM_91,stimuli_list_subj_7_b.csv,PNA,passive_dropped_agent,non_agent_first,agent_dropped,1.0,1.0,5676.0,4218.0,234.33333333333331,18.0,853.7888888888889,556.9499999999998,4394.0,3946,7,684.0,0.8980427856167501,5676.0,3.2872222222222214,18.0,88.30944444444445,33.22222222222222,3.171247357293869,participant_image,5454.0,126.0,75.95238095238096,-4.0,-6.710317460317469,-49.92857142857122,164.0,168,1,5454.0,0.004546069144109932,5454.0,-0.7765079365079353,-4.0,-15.71087301587302,-2.2222222222222214,-1.9133857220737434,0.7765079365079353,0.11410715865353056,0.48183916031079405,-0.7026252378333078,0.314441722374873,0.49862691609848975,0.14127794392087592
edf44,19,Punjabi,sentence_audio,passive,11080.0,4234.0,235.22222222222226,18.0,859.638888888889,528.5333333333333,4386.0,3978,6,6282.0,0.9069767441860463,11080.0,2.78,18.0,78.23555555555555,33.666666666666664,1.624548736462094,exp_images/audio\PUNJABI\p_tabla.wav,IMG_11_P_PWA,exp_images/images/child_play_tabla.jpg,IMG_11,exp_images/sentences/Tabla-passive.jpg,STIM_29,stimuli_list_subj_8_b.csv,PWA,passive_with_agent,non_agent_first,agent_overt,1.0,0.0,5945.0,4281.0,225.31578947368425,19.0,937.2105263157896,571.2263157894737,4434.0,3039,3,1148.0,0.6853856562922869,5945.0,2.5278947368421054,19.0,73.39789473684213,29.36842105263158,3.1959629941126995,participant_image,5135.0,-47.0,9.906432748538009,-1.0,-77.57163742690057,-42.692982456140385,-48.0,939,3,5134.0,0.22159108789375948,5135.0,0.2521052631578944,-1.0,4.837660818713417,4.2982456140350855,-1.5714142576506054,-0.2521052631578944,-0.021863290969722678,0.112014853308846,-0.018304053779618773,1.2839817771011264,-0.20434390919846793,0.23029707529243257
edf44,20,Punjabi,sentence_audio,passive,10801.0,4425.0,368.75,12.0,849.5083333333333,474.81666666666666,4588.0,4588,4,5809.0,1.0,10801.0,2.131666666666667,12.0,97.94916666666666,33.666666666666664,1.11100823997778,exp_images/audio\PUNJABI\p_door.wav,IMG_10_P_PWA,exp_images/images/boy_opened_door.jpg,IMG_10,exp_images/sentences/Closed-door-passive.jpg,STIM_28,stimuli_list_subj_8_b.csv,PWA,passive_with_agent,non_agent_first,agent_overt,1.0,0.0,5798.0,4324.0,270.25,16.0,899.1750000000002,522.1375,4499.0,4499,4,805.0,1.0,5798.0,2.69125,16.0,79.16250000000002,30.875,2.7595722662987243,participant_image,5003.0,101.0,98.5,-4.0,-49.666666666666856,-47.32083333333338,89.0,89,0,5004.0,0.0,5003.0,-0.5595833333333333,-4.0,18.786666666666633,2.7916666666666643,-1.6485640263209442,0.5595833333333333,0.1605265073526564,0.4283963413798767,-0.7026252378333078,0.21509844828489377,0.3503771489650273,0.09035464162982929
edf44,21,Punjabi,sentence_audio,passive,10560.0,4444.0,493.77777777777777,9.0,925.3888888888887,546.611111111111,4656.0,4656,3,5568.0,1.0,10560.0,2.308888888888889,9.0,90.48555555555555,37.333333333333336,0.8522727272727272,exp_images/audio\PUNJABI\p_bucket.wav,IMG_09_P_PWA,exp_images/images/boy_filled_bucket.jpg,IMG_09,exp_images/sentences/Bucket-passive.jpg,STIM_27,stimuli_list_subj_8_b.csv,PWA,passive_with_agent,non_agent_first,agent_overt,1.0,0.0,6103.0,4273.0,267.0625,16.0,944.3625,560.1937499999998,4523.0,4523,3,1110.0,1.0,6103.0,1.7375,16.0,64.069375,29.375,2.6216614779616583,participant_image,4457.0,171.0,226.71527777777777,-7.0,-18.973611111111268,-13.582638888888823,133.0,133,0,4458.0,0.0,4457.0,0.5713888888888892,-7.0,26.416180555555556,7.958333333333336,-1.7693887506889312,-0.5713888888888892,0.4244865146222676,0.5780362343864452,-1.3869464218869967,0.2704288794236164,-0.42254748072257386,-0.10730845483544829
edf44,22,Punjabi,sentence_audio,passive_dropped_agent,11035.0,4329.0,254.64705882352942,17.0,938.3411764705883,706.7470588235294,4485.0,1823,5,6042.0,0.4064659977703456,11035.0,2.6264705882352937,17.0,76.90411764705884,29.882352941176467,1.5405527865881286,exp_images/audio\PUNJABI\p_woa_fed.wav,IMG_16_P_PNA,exp_images/images/girl_fed_dog.jpg,IMG_16,exp_images/sentences/Fed-dog-woa.jpg,STIM_52,stimuli_list_subj_8_b.csv,PNA,passive_dropped_agent,non_agent_first,agent_dropped,1.0,1.0,6088.0,4452.0,342.46153846153845,13.0,906.2153846153847,674.0461538461537,4665.0,3491,5,1095.0,0.7483386923901393,6088.0,1.7946153846153847,13.0,63.151538461538465,25.23076923076923,2.135348226018397,participant_image,4947.0,-123.0,-87.81447963800903,4.0,32.1257918552036,32.70090497737567,-180.0,-1668,0,4947.0,-0.3418726946197937,4947.0,0.831855203619909,4.0,13.752579185520375,4.6515837104072375,-0.5947954394302684,-0.831855203619909,-0.2230437835835029,-0.05045131624114273,1.1222312529765295,-1.9943462678681891,-0.6005543547234196,-0.349232893887945
edf44,23,Punjabi,sentence_audio,passive_dropped_agent,10662.0,4114.0,187.0,22.0,963.3909090909093,785.4636363636363,4253.0,3723,4,5669.0,0.8753820832353633,10662.0,3.1104545454545462,22.0,84.65545454545455,33.63636363636363,2.0634027386981804,exp_images/audio\PUNJABI\p_woa_scooter.wav,IMG_14_P_PNA,exp_images/images/driver_wash_scooter.jpg,IMG_14,exp_images/sentences/Washed-scooter-woa.jpg,STIM_50,stimuli_list_subj_8_b.csv,PNA,passive_dropped_agent,non_agent_first,agent_dropped,1.0,1.0,6054.0,3974.0,172.7826086956522,23.0,958.2695652173912,587.2347826086956,4134.0,3766,9,1062.0,0.9109820996613448,6054.0,4.184782608695654,23.0,101.73652173913042,37.30434782608695,3.799141063759498,participant_image,4608.0,140.0,14.217391304347814,-1.0,5.121343873518072,198.2288537549407,119.0,-43,-5,4607.0,-0.03560001642598154,4608.0,-1.0743280632411079,-1.0,-17.081067193675878,-3.6679841897233203,-1.7357383250613174,1.0743280632411079,-0.01298821249660352,0.5117671389121078,-0.018304053779618773,0.04910715486872589,0.7021619867622516,0.2463488028533726
edf44,24,Punjabi,sentence_audio,passive_dropped_agent,11089.0,4423.0,276.4375,16.0,944.5875,499.55,4450.0,3420,5,6097.0,0.7685393258426966,11089.0,3.075,16.0,85.341875,33.875,1.4428713139146905,exp_images/audio\PUNJABI\p_woa_picture.wav,IMG_07_P_PNA,exp_images/images/artiste_drew_picture.jpg,IMG_07,exp_images/sentences/Painting-woa.jpg,STIM_43,stimuli_list_subj_8_b.csv,PNA,passive_dropped_agent,non_agent_first,agent_dropped,1.0,1.0,5962.0,4148.0,207.4,20.0,907.655,513.7250000000001,4312.0,4080,3,970.0,0.9461966604823748,5962.0,3.4715000000000003,20.0,93.197,34.0,3.354579000335458,participant_image,5127.0,275.0,69.0375,-4.0,36.932500000000005,-14.175000000000125,138.0,-660,2,5127.0,-0.17765733463967825,5127.0,-0.3965000000000001,-4.0,-7.855125000000001,-0.125,-1.9117076864207676,0.3965000000000001,0.09987131985105574,0.8003583611390614,-0.7026252378333078,-0.7267763908719981,0.23892337269348354,-0.05804971500434104
edf44,25,English,sentence_audio,active,10997.0,3997.0,181.6818181818182,22.0,869.1681818181821,599.4090909090911,4230.0,2981,7,6005.0,0.7047281323877068,10997.0,3.648636363636364,22.0,93.5118181818182,34.63636363636363,2.0005456033463678,exp_images/audio\ENGLISH\sapling.wav,IMG_03_E_ACT,exp_images/images/girl_plant_tree.jpg,IMG_03,exp_images/sentences/active_girl_sapling.jpg,STIM_57,stimuli_list_subj_8_b.csv,ACT,active,agent_first,agent_overt,0.0,,5901.0,4091.0,215.31578947368425,19.0,875.9736842105265,576.4947368421052,4339.0,3353,5,908.0,0.7727587001613275,5901.0,3.4431578947368418,19.0,91.80157894736841,34.421052631578945,3.219793255380444,participant_image,5096.0,-94.0,-33.63397129186606,3.0,-6.805502392344351,22.91435406698588,-109.0,-372,2,5097.0,-0.06803056777362071,5096.0,0.20547846889952215,3.0,1.7102392344497872,0.215311004784688,-1.2192476520340763,-0.20547846889952215,-0.11150101251291009,0.011542353718721395,0.8941241916252998,-0.36461356887308644,-0.17247840713082202,0.05141471136544051
edf44,26,English,sentence_audio,active,10422.0,4060.0,203.0,20.0,1013.6,580.7,4274.0,3078,5,5682.0,0.7201684604585868,10422.0,3.612,20.0,92.94250000000002,35.9,1.9190174630589136,exp_images/audio\ENGLISH\frisbee.wav,IMG_12_E_ACT,exp_images/images/child_throw_frisbee.jpg,IMG_12,exp_images/sentences/active_child_frisbee.jpg,STIM_66,stimuli_list_subj_8_b.csv,ACT,active,agent_first,agent_overt,0.0,,5695.0,4173.0,278.2,15.0,982.7933333333334,556.2933333333333,4394.0,2603,7,964.0,0.5923987255348202,5695.0,4.5120000000000005,15.0,105.20266666666666,39.73333333333333,2.633889376646181,participant_image,4727.0,-113.0,-75.19999999999999,5.0,30.806666666666615,24.40666666666675,-120.0,475,-2,4718.0,0.12776973492376664,4727.0,-0.9000000000000004,5.0,-12.260166666666635,-3.8333333333333286,-0.7148719135872672,0.9000000000000004,-0.1970740380534711,-0.02907418866877579,1.3503383143277592,0.700497230547324,0.5830233809881529,0.4815421398281979
edf44,27,English,sentence_audio,active,10620.0,4230.0,264.375,16.0,782.9812499999998,471.8375,4490.0,4210,4,5628.0,0.9376391982182628,10620.0,2.215625,16.0,71.68624999999999,31.375,1.506591337099812,exp_images/audio\ENGLISH\vase.wav,IMG_08_E_ACT,exp_images/images/boy_broke_vase.jpg,IMG_08,exp_images/sentences/active_boy_vase.jpg,STIM_62,stimuli_list_subj_8_b.csv,ACT,active,agent_first,agent_overt,0.0,,5704.0,4188.0,380.7272727272728,11.0,927.8181818181821,457.9363636363636,4379.0,4237,4,711.0,0.9675725051381594,5704.0,1.9181818181818182,11.0,210.14090909090908,55.81818181818182,1.9284712482468445,participant_image,4916.0,42.0,-116.3522727272728,5.0,-144.83693181818228,13.901136363636397,111.0,-27,0,4917.0,-0.029933306919896596,4916.0,0.29744318181818197,5.0,-138.4546590909091,-24.44318181818182,-0.4218799111470324,-0.29744318181818197,-0.2817952537815912,0.30227128870291176,1.3503383143277592,0.0692273116464432,-0.23532857292650763,0.24094261759380306
edf44,28,English,sentence_audio,passive,10808.0,4054.0,337.8333333333333,12.0,917.2916666666664,456.0166666666667,4575.0,4575,3,5815.0,1.0,10808.0,2.56,12.0,114.05333333333333,34.833333333333336,1.1102886750555143,exp_images/audio\ENGLISH\p_box.wav,IMG_05_E_PWA,exp_images/images/man_pushed_box.jpg,IMG_05,exp_images/sentences/passive_man_box.jpg,STIM_77,stimuli_list_subj_8_b.csv,PWA,passive_with_agent,non_agent_first,agent_overt,1.0,0.0,5667.0,4251.0,265.6875,16.0,977.3624999999997,489.5625,4461.0,3973,7,674.0,0.8906074871105133,5667.0,3.039375,16.0,83.83437500000002,33.25,2.8233633315687316,participant_image,5141.0,-197.0,72.14583333333331,-4.0,-60.070833333333326,-33.54583333333329,114.0,602,-4,5141.0,0.1093925128894867,5141.0,-0.4793750000000001,-4.0,30.218958333333305,1.5833333333333357,-1.7130746565132173,0.4793750000000001,0.10627052362367544,-0.20864206027665808,-0.7026252378333078,0.8602009749704553,0.2955614823010718,0.07015313655704736
edf44,29,English,sentence_audio,passive,10368.0,3934.0,218.55555555555557,18.0,890.2222222222223,647.1555555555555,4193.0,3747,7,5375.0,0.8936322442165514,10368.0,4.597894736842107,19.0,128.5542105263158,43.05263157894736,1.8325617283950617,exp_images/audio\ENGLISH\p_shrub.wav,IMG_04_E_PWA,exp_images/images/man_cut_shrub.jpg,IMG_04,exp_images/sentences/passive_man_shrub.jpg,STIM_76,stimuli_list_subj_8_b.csv,PWA,passive_with_agent,non_agent_first,agent_overt,1.0,0.0,5783.0,4175.0,278.3333333333333,15.0,970.4533333333333,553.4600000000002,4411.0,4411,4,792.0,1.0,5783.0,3.8513333333333337,15.0,97.166,38.66666666666666,2.593809441466367,participant_image,4585.0,-241.0,-59.77777777777774,3.0,-80.23111111111098,93.6955555555553,-218.0,-664,3,4583.0,-0.10636775578344859,4585.0,0.7465614035087729,4.0,31.388210526315817,4.385964912280706,-0.7612477130713051,-0.7465614035087729,-0.16532392246313618,-0.3027014215950726,0.8941241916252998,-0.7318064300664274,-0.542263198167857,-0.16959415613343867
edf44,30,English,sentence_audio,passive,11149.0,4485.0,407.7272727272728,11.0,960.4090909090908,485.21818181818185,4654.0,4485,4,6358.0,0.9636871508379888,11149.0,2.6218181818181816,11.0,74.05545454545455,30.72727272727273,0.986635572697103,exp_images/audio\ENGLISH\p_window.wav,IMG_02_E_PWA,exp_images/images/girl_opened_window.jpg,IMG_02,exp_images/sentences/passive_girl_window.jpg,STIM_74,stimuli_list_subj_8_b.csv,PWA,passive_with_agent,non_agent_first,agent_overt,1.0,0.0,6112.0,4106.0,186.63636363636363,22.0,930.7045454545456,543.6181818181817,4274.0,3746,7,1318.0,0.8764623303696771,6112.0,3.019565217391305,23.0,83.36,32.0,3.763089005235602,participant_image,5037.0,379.0,221.09090909090918,-11.0,29.704545454545155,-58.399999999999864,380.0,739,-3,5040.0,0.0872248204683117,5037.0,-0.3977470355731234,-12.0,-9.304545454545448,-1.2727272727272698,-2.7764534325384993,0.3977470355731234,0.41290748577949643,1.0226804878916775,-2.2993746672919153,1.0324798173796599,0.23977561688624519,0.08169374812903271
edf44,31,English,sentence_audio,passive_dropped_agent,10419.0,4349.0,395.3636363636364,11.0,940.7818181818184,735.9727272727272,4519.0,4489,4,5426.0,0.9933613631334366,10419.0,2.499090909090909,11.0,169.64,43.09090909090909,1.05576350897399,exp_images/audio\ENGLISH\p_woa_dug.wav,IMG_13_E_PNA,exp_images/images/dog_dug_hole.jpg,IMG_13,exp_images/sentences/noagent_dog_hole.jpg,STIM_103,stimuli_list_subj_8_b.csv,PNA,passive_dropped_agent,non_agent_first,agent_dropped,1.0,1.0,6064.0,4182.0,232.33333333333331,18.0,830.7055555555555,697.55,4328.0,2954,6,1072.0,0.6825323475046211,6064.0,3.8772222222222217,18.0,96.65111111111109,36.888888888888886,2.9683377308707124,participant_image,4355.0,167.0,163.03030303030306,-7.0,110.07626262626286,38.42272727272723,191.0,1535,-2,4354.0,0.3108290156288155,4355.0,-1.3781313131313127,-7.0,72.9888888888889,6.202020202020208,-1.9125742218967223,1.3781313131313127,0.29337666025339937,0.5694853833574985,-1.3869464218869967,2.0334576170710963,0.9097860201429208,0.48383185178758364
edf44,32,English,sentence_audio,passive_dropped_agent,10910.0,4350.0,255.88235294117646,17.0,929.1764705882354,615.6941176470588,4505.0,3590,5,6114.0,0.7968923418423973,10910.0,2.2088235294117644,17.0,68.83705882352942,28.705882352941174,1.5582034830430798,exp_images/audio\ENGLISH\p_woa_veg.wav,IMG_18_E_PNA,exp_images/images/boy_cut_vegetables.jpg,IMG_18,exp_images/sentences/noagent_boy_vegetables.jpg,STIM_108,stimuli_list_subj_8_b.csv,PNA,passive_dropped_agent,non_agent_first,agent_dropped,1.0,1.0,5762.0,4296.0,358.0,12.0,953.6833333333333,761.9749999999998,4572.0,4154,4,1098.0,0.9085739282589675,5762.0,3.68,12.0,93.195,35.0,2.0826102047900035,participant_image,5148.0,54.0,-102.11764705882354,5.0,-24.50686274509792,-146.28088235294103,-67.0,-564,1,5016.0,-0.11168158641657022,5148.0,-1.4711764705882358,5.0,-24.357941176470575,-6.294117647058826,-0.5244067217469237,1.4711764705882358,-0.2524900729946625,0.3279238417897521,1.3503383143277592,-0.6060554502056942,0.9733745791353856,0.3586182424105081
edf44,33,English,sentence_audio,passive_dropped_agent,10532.0,4402.0,440.2,10.0,904.7099999999997,554.08,4639.0,4425,4,5539.0,0.9538693683983616,10532.0,2.8545454545454545,11.0,81.40909090909092,33.81818181818182,1.0444360045575392,exp_images/audio\ENGLISH\p_woa_cake.wav,IMG_15_E_PNA,exp_images/images/girl_baked_cake.jpg,IMG_15,exp_images/sentences/noagent_girl_cake.jpg,STIM_105,stimuli_list_subj_8_b.csv,PNA,passive_dropped_agent,non_agent_first,agent_dropped,1.0,1.0,5887.0,4161.0,208.05,20.0,912.98,572.03,4401.0,2847,7,894.0,0.6468984321745058,5887.0,2.3755,20.0,73.74900000000002,29.6,3.397316120264991,participant_image,4645.0,241.0,232.14999999999998,-10.0,-8.270000000000323,-17.949999999999932,238.0,1578,-3,4645.0,0.30697093622385574,4645.0,0.47904545454545433,-9.0,7.660090909090897,4.218181818181819,-2.3528801157074515,-0.47904545454545433,0.4356751135330187,0.7276761273930138,-2.071267605940686,2.0875305384112117,-0.3594384906063193,0.16403513655804783
edf44,34,Punjabi,sentence_audio,active,10923.0,4490.0,449.0,10.0,944.58,547.28,4676.0,4676,4,5932.0,1.0,10923.0,2.7245454545454546,11.0,80.73818181818181,30.363636363636363,1.0070493454179257,exp_images/audio\PUNJABI\clothes.wav,IMG_06_P_ACT,exp_images/images/women_fold_clothes.jpg,IMG_06,exp_images/sentences/Folded-clothes.jpg,STIM_06,stimuli_list_subj_8_b.csv,ACT,active,agent_first,agent_overt,0.0,,5641.0,4429.0,402.6363636363636,11.0,928.1272727272728,569.1818181818181,4663.0,4233,6,648.0,0.9077846879691186,5641.0,2.567272727272728,11.0,74.8918181818182,30.0,1.9500088636766533,participant_image,5282.0,61.0,46.363636363636374,-1.0,16.452727272727202,-21.901818181818157,13.0,443,-2,5284.0,0.0922153120308814,5282.0,0.1572727272727268,0.0,5.84636363636362,0.3636363636363633,-0.9429595182587276,-0.1572727272727268,0.05319206825158659,0.34288783109040893,-0.018304053779618773,0.6602569169918895,-0.13953382700444472,0.17969978710996432
edf44,35,Punjabi,sentence_audio,active,10689.0,4313.0,431.3,10.0,927.9,503.34,4549.0,4313,4,5968.0,0.9481204660364916,10689.0,2.9389999999999996,10.0,86.91900000000003,44.4,0.9355412105903264,exp_images/audio\PUNJABI\letter.wav,IMG_17_P_ACT,exp_images/images/women_read_letter.jpg,IMG_17,exp_images/sentences/Letter.jpg,STIM_17,stimuli_list_subj_8_b.csv,ACT,active,agent_first,agent_overt,0.0,,6055.0,4384.0,548.0,8.0,963.25,546.875,4774.0,4384,4,1478.0,0.9183074989526604,6055.0,1.923333333333333,9.0,65.64888888888888,26.444444444444446,1.4863748967795212,participant_image,4634.0,-71.0,-116.69999999999999,2.0,-35.35000000000002,-43.535000000000025,-225.0,-71,0,4490.0,0.029812967083831188,4634.0,1.0156666666666667,1.0,21.27011111111115,17.955555555555552,-0.5508336861891948,-1.0156666666666667,-0.2825111286369731,0.06070974713516535,0.6660171302740702,0.013896880507720586,-0.7261740686440643,-0.05361228787281626
edf44,36,Punjabi,sentence_audio,active,10738.0,4134.0,217.578947368421,19.0,871.0105263157894,495.6315789473685,4283.0,4283,7,5745.0,1.0,10738.0,3.798,20.0,93.8875,36.1,1.8625442354255917,exp_images/audio\PUNJABI\lamp.wav,IMG_01_P_ACT,exp_images/images/girl_lighted_lamp.jpg,IMG_01,exp_images/sentences/Lamp.jpg,STIM_01,stimuli_list_subj_8_b.csv,ACT,active,agent_first,agent_overt,0.0,,5838.0,4390.0,399.09090909090907,11.0,831.8727272727272,506.4545454545454,4591.0,4591,7,845.0,1.0,5838.0,4.094545454545455,11.0,97.21636363636364,36.54545454545455,1.8842069201781435,participant_image,4900.0,-256.0,-181.51196172248805,8.0,39.13779904306227,-10.822966507176886,-308.0,-308,0,4900.0,0.0,4900.0,-0.29654545454545467,9.0,-3.3288636363636357,-0.4454545454545453,-0.021662684752551842,0.29654545454545467,-0.4159411393497122,-0.334767112953623,2.034659498381448,-0.28413294176221715,0.17061282667561073,0.23408622619830127
edf45,19,Punjabi,sentence_audio,passive_dropped_agent,10237.0,4211.0,350.91666666666674,12.0,895.9249999999997,509.44166666666666,4418.0,2615,7,5488.0,0.591896785875962,10237.0,3.0850000000000004,12.0,99.325,47.83333333333334,1.1722184233662205,exp_images/audio\PUNJABI\p_woa_tabla.wav,IMG_11_P_PNA,exp_images/images/child_play_tabla.jpg,IMG_11,exp_images/sentences/Tabla-woa.jpg,STIM_47,stimuli_list_subj_9_b.csv,PNA,passive_dropped_agent,non_agent_first,agent_dropped,1.0,1.0,5773.0,4181.0,220.05263157894737,19.0,976.542105263158,617.1315789473684,4401.0,2389,4,1036.0,0.5428311747330152,5773.0,2.5152631578947373,19.0,75.25315789473684,31.157894736842106,3.2911830937121085,participant_image,4464.0,30.0,130.86403508771937,-7.0,-80.61710526315824,-107.68991228070178,17.0,226,3,4452.0,0.04906561114294672,4464.0,0.5697368421052631,-7.0,24.07184210526316,16.675438596491237,-2.118964670345888,-0.5697368421052631,0.22715515789330978,0.2766187356160715,-1.3869464218869967,0.3873772906940983,-0.4214184453463099,-0.18344273660596538
edf45,20,Punjabi,sentence_audio,passive_dropped_agent,11028.0,4048.0,224.88888888888889,18.0,923.8777777777775,507.23888888888894,4334.0,4148,9,6036.0,0.9570835256114444,11028.0,2.489444444444444,18.0,102.54166666666664,36.555555555555564,1.6322089227421108,exp_images/audio\PUNJABI\p_woa_door.wav,IMG_10_P_PNA,exp_images/images/boy_opened_door.jpg,IMG_10,exp_images/sentences/Closed-door-woa.jpg,STIM_46,stimuli_list_subj_9_b.csv,PNA,passive_dropped_agent,non_agent_first,agent_dropped,1.0,1.0,5726.0,4086.0,240.35294117647058,17.0,914.7529411764706,518.8941176470589,4341.0,4341,9,733.0,1.0,5726.0,3.4870588235294124,17.0,110.115,37.0,2.9689137268599373,participant_image,5302.0,-38.0,-15.464052287581694,1.0,9.124836601306924,-11.655228758169983,-7.0,-193,0,5303.0,-0.042916474388555614,5302.0,-0.9976143790849683,1.0,-7.573333333333352,-0.44444444444443576,-1.3367048041178264,0.9976143790849683,-0.07409414466076703,0.13125426812397625,0.4379100689228405,-0.13951931492237396,0.6497346196233396,0.20105709941740307
edf45,21,Punjabi,sentence_audio,passive_dropped_agent,10330.0,4478.0,639.7142857142858,7.0,939.2571428571428,595.0142857142857,4678.0,4678,1,5338.0,1.0,10330.0,1.135714285714286,7.0,74.89857142857143,44.85714285714285,0.6776379477250726,exp_images/audio\PUNJABI\p_woa_tub.wav,IMG_09_P_PNA,exp_images/images/boy_filled_bucket.jpg,IMG_09,exp_images/sentences/Bucket-woa.jpg,STIM_45,stimuli_list_subj_9_b.csv,PNA,passive_dropped_agent,non_agent_first,agent_dropped,1.0,1.0,6040.0,4344.0,310.2857142857143,14.0,1004.7214285714284,513.6714285714286,4572.0,4572,5,1048.0,1.0,6040.0,2.5,14.0,72.82857142857142,30.0,2.3178807947019866,participant_image,4290.0,134.0,329.4285714285715,-7.0,-65.46428571428567,81.34285714285716,106.0,106,-4,4290.0,0.0,4290.0,-1.364285714285714,-7.0,2.0700000000000074,14.857142857142847,-1.6402428469769141,1.364285714285714,0.6359449477252244,0.4989408623686876,-1.3869464218869967,0.23647611486121842,0.9003237149242215,0.17694784359847107
edf45,22,English,sentence_audio,active,10192.0,4326.0,360.5,12.0,929.2833333333334,664.925,4491.0,3533,5,5199.0,0.7866844800712536,10192.0,2.303333333333333,12.0,95.09583333333336,41.833333333333336,1.1773940345368916,exp_images/audio\ENGLISH\fed.wav,IMG_16_E_ACT,exp_images/images/girl_fed_dog.jpg,IMG_16,exp_images/sentences/active_girl_dog.jpg,STIM_70,stimuli_list_subj_9_b.csv,ACT,active,agent_first,agent_overt,0.0,,6032.0,4216.0,263.5,16.0,954.44375,710.8374999999999,4430.0,2144,3,1038.0,0.4839729119638826,6032.0,3.4117647058823524,17.0,89.17882352941177,34.23529411764706,2.8183023872679045,participant_image,4160.0,110.0,97.0,-4.0,-25.160416666666606,-45.91249999999991,61.0,1389,2,4161.0,0.302711568107371,4160.0,-1.1084313725490196,-5.0,5.917009803921587,7.598039215686278,-1.6409083527310129,1.1084313725490196,0.1574384197412045,0.44763575619500695,-0.7026252378333078,1.8498611864744259,0.7254687375382757,0.4955557724231211
edf45,23,English,sentence_audio,active,11038.0,4276.0,267.25,16.0,1030.05,625.1249999999999,4467.0,4249,4,6045.0,0.9511976718155362,11038.0,2.95625,16.0,82.635625,32.875,1.4495379597753215,exp_images/audio\ENGLISH\scooter.wav,IMG_14_E_ACT,exp_images/images/driver_wash_scooter.jpg,IMG_14,exp_images/sentences/active_driver_scooter.jpg,STIM_68,stimuli_list_subj_9_b.csv,ACT,active,agent_first,agent_overt,0.0,,5762.0,4074.0,271.6,15.0,1009.4066666666665,598.9399999999998,4370.0,4242,3,880.0,0.9707093821510298,5762.0,2.988125,16.0,122.19,41.25,2.7768136063866717,participant_image,5276.0,202.0,-4.350000000000023,1.0,20.64333333333343,26.18500000000006,97.0,7,1,5165.0,-0.019511710335493593,5276.0,-0.03187500000000032,0.0,-39.55437499999999,-8.375,-1.3272756466113502,0.03187500000000032,-0.051213366539227444,0.6443053298607828,0.4379100689228405,0.1119826447990925,-0.010267224177308245,0.22654349057323603
edf45,24,English,sentence_audio,active,10913.0,3863.0,227.2352941176471,17.0,960.0,452.17058823529413,4068.0,4068,6,5921.0,1.0,10913.0,3.6711764705882346,17.0,166.60882352941175,54.352941176470594,1.5577751305782097,exp_images/audio\ENGLISH\picture.wav,IMG_07_E_ACT,exp_images/images/artiste_drew_picture.jpg,IMG_07,exp_images/sentences/active_artist_picture.jpg,STIM_61,stimuli_list_subj_9_b.csv,ACT,active,agent_first,agent_overt,0.0,,5753.0,4184.0,278.93333333333334,15.0,925.5,571.3733333333333,4446.0,4118,3,762.0,0.926225820962663,5753.0,3.274375,16.0,84.56625,35.25,2.781157656874674,participant_image,5160.0,-321.0,-51.69803921568624,2.0,34.5,-119.2027450980392,-378.0,-50,3,5159.0,0.07377417903733696,5160.0,0.39680147058823456,1.0,82.04257352941175,19.102941176470594,-1.2233825262964644,-0.39680147058823456,-0.14868996209155966,-0.47371844217400805,0.6660171302740702,0.040304586278474566,-0.3032316275241625,-0.04386366304743711
edf45,25,English,sentence_audio,passive,10861.0,4382.0,313.0,14.0,853.342857142857,635.5642857142857,4396.0,3644,3,6136.0,0.8289353958143767,10861.0,2.667333333333333,15.0,118.39466666666664,41.06666666666667,1.3810882975784915,exp_images/audio\ENGLISH\p_sapling.wav,IMG_03_E_PWA,exp_images/images/girl_plant_tree.jpg,IMG_03,exp_images/sentences/passive_girl_sapling.jpg,STIM_75,stimuli_list_subj_9_b.csv,PWA,passive_with_agent,non_agent_first,agent_overt,1.0,0.0,5848.0,3950.0,197.5,20.0,909.525,609.3500000000001,4224.0,2984,5,928.0,0.7064393939393939,5848.0,3.1566666666666667,21.0,114.06238095238098,39.80952380952381,3.5909712722298224,participant_image,5013.0,432.0,115.5,-6.0,-56.182142857142935,26.214285714285552,172.0,660,-2,5208.0,0.12249600187498277,5013.0,-0.4893333333333336,-6.0,4.332285714285661,1.2571428571428598,-2.2098829746513307,0.4893333333333336,0.1955248336157777,1.1359792640252222,-1.1588393605357672,0.9331365432896805,0.30236716766870075,0.28163368961272284
edf45,26,English,sentence_audio,passive,10284.0,4038.0,269.2,15.0,992.44,470.80666666666673,4255.0,3708,4,5532.0,0.8714453584018801,10284.0,2.85,16.0,130.66062499999998,46.875,1.555814858031894,exp_images/audio\ENGLISH\p_frisbee.wav,IMG_12_E_PWA,exp_images/images/child_throw_frisbee.jpg,IMG_12,exp_images/sentences/passive_child_frisbee.jpg,STIM_84,stimuli_list_subj_9_b.csv,PWA,passive_with_agent,non_agent_first,agent_overt,1.0,0.0,5870.0,4266.0,250.94117647058826,17.0,1075.5,528.3823529411766,4436.0,3618,4,1076.0,0.8155996393146979,5870.0,2.9376470588235293,17.0,82.89823529411765,32.70588235294117,2.8960817717206133,participant_image,4414.0,-228.0,18.25882352941173,-2.0,-83.05999999999995,-57.57568627450985,-181.0,90,0,4456.0,0.055845719087182166,4414.0,-0.08764705882352919,-1.0,47.76238970588233,14.169117647058833,-1.3402669136887193,0.08764705882352919,-0.004668014638775337,-0.27491115575099556,-0.24641111513084843,0.21635595808350108,0.02784829896824699,-0.05635720569377426
edf45,27,English,sentence_audio,passive,11052.0,4412.0,401.09090909090907,11.0,926.3636363636364,514.8454545454545,4685.0,4685,4,6061.0,1.0,11052.0,2.002727272727273,11.0,64.1709090909091,27.818181818181817,0.9952949692363372,exp_images/audio\ENGLISH\p_vase.wav,IMG_08_E_PWA,exp_images/images/boy_broke_vase.jpg,IMG_08,exp_images/sentences/passive_boy_vase.jpg,STIM_80,stimuli_list_subj_9_b.csv,PWA,passive_with_agent,non_agent_first,agent_overt,1.0,0.0,5683.0,4145.0,207.25,20.0,930.87,551.9649999999998,4388.0,3534,5,691.0,0.8053783044667274,5683.0,2.264,20.0,71.56200000000003,30.2,3.5192679922576104,participant_image,5369.0,267.0,193.84090909090907,-9.0,-4.506363636363631,-37.119545454545346,297.0,1151,-1,5370.0,0.19462169553327258,5369.0,-0.2612727272727269,-9.0,-7.39109090909092,-2.3818181818181827,-2.523973023021273,0.2612727272727269,0.3568072275047871,0.7832566590811679,-1.843160544589456,1.5505738544058807,0.14650687683028552,0.198796814646533
edf45,28,English,sentence_audio,passive_dropped_agent,10723.0,4115.0,274.3333333333333,15.0,992.5333333333333,445.44,4331.0,3965,7,5730.0,0.9154929577464788,10723.0,3.1326666666666663,15.0,106.03466666666668,44.13333333333333,1.3988622586962602,exp_images/audio\ENGLISH\p_woa_box.wav,IMG_05_E_PNA,exp_images/images/man_pushed_box.jpg,IMG_05,exp_images/sentences/noagent_man_box.jpg,STIM_95,stimuli_list_subj_9_b.csv,PNA,passive_dropped_agent,non_agent_first,agent_dropped,1.0,1.0,6047.0,4178.0,261.125,16.0,993.38125,453.70625,4428.0,3816,9,1056.0,0.8617886178861789,6047.0,2.926470588235295,17.0,82.15588235294119,33.05882352941177,2.811311394079709,participant_image,4676.0,-63.0,13.208333333333314,-1.0,-0.8479166666667197,-8.266250000000014,-97.0,149,-2,4674.0,0.05370433986029988,4676.0,0.20619607843137144,-2.0,23.87878431372549,11.074509803921565,-1.412449135383449,-0.20619607843137144,-0.015065585442954615,0.07781144919305891,-0.018304053779618773,0.2905490362013337,-0.17296883304117291,0.032404402626129265
edf45,29,English,sentence_audio,passive_dropped_agent,10783.0,4150.0,319.23076923076917,13.0,839.2538461538463,541.8307692307691,4371.0,3763,6,5791.0,0.8609013955616563,10783.0,3.3228571428571425,14.0,106.92142857142859,45.714285714285715,1.2983399795975146,exp_images/audio\ENGLISH\p_woa_shrub.wav,IMG_04_E_PNA,exp_images/images/man_cut_shrub.jpg,IMG_04,exp_images/sentences/noagent_man_shrub.jpg,STIM_94,stimuli_list_subj_9_b.csv,PNA,passive_dropped_agent,non_agent_first,agent_dropped,1.0,1.0,5819.0,4311.0,331.61538461538464,13.0,1005.2538461538463,609.223076923077,4556.0,4556,4,827.0,1.0,5819.0,3.301538461538461,13.0,89.3546153846154,33.53846153846154,2.234060835195051,participant_image,4964.0,-161.0,-12.384615384615472,0.0,-166.0,-67.3923076923079,-185.0,-793,2,4964.0,-0.13909860443834365,4964.0,0.02131868131868142,1.0,17.566813186813192,12.175824175824175,-0.9357208555975363,-0.02131868131868142,-0.06775443069390187,-0.1316844010161371,0.20980300757161088,-0.8940251940867733,-0.046620642614214655,-0.1860563321678832
edf45,30,English,sentence_audio,passive_dropped_agent,10178.0,4180.0,298.57142857142856,14.0,1105.357142857143,491.60714285714295,4373.0,4180,4,5422.0,0.9558655385319004,10178.0,3.0585714285714287,14.0,95.01714285714287,44.14285714285715,1.3755158184319118,exp_images/audio\ENGLISH\p_woa_window.wav,IMG_02_E_PNA,exp_images/images/girl_opened_window.jpg,IMG_02,exp_images/sentences/noagent_girl_window.jpg,STIM_92,stimuli_list_subj_9_b.csv,PNA,passive_dropped_agent,non_agent_first,agent_dropped,1.0,1.0,6099.0,4387.0,438.7,10.0,1113.75,590.89,4611.0,3947,4,1360.0,0.8559965300368684,6099.0,3.6289999999999996,10.0,92.102,38.2,1.6396130513198883,participant_image,4079.0,-207.0,-140.12857142857143,4.0,-8.39285714285711,-99.28285714285704,-238.0,233,0,4062.0,0.099869008495032,4079.0,-0.5704285714285708,4.0,2.915142857142868,5.94285714285715,-0.2640972328879765,0.5704285714285708,-0.330744116092031,-0.230019187849025,1.1222312529765295,0.3961798592843497,0.35778895932953353,0.26308735352987134
edf45,31,Punjabi,sentence_audio,active,10311.0,4537.0,453.7,10.0,951.25,686.96,4687.0,3789,5,5318.0,0.8084062299978665,10311.0,2.52,10.0,78.26,30.6,0.9698380370478129,exp_images/audio\PUNJABI\dug.wav,IMG_13_P_ACT,exp_images/images/dog_dug_hole.jpg,IMG_13,exp_images/sentences/Dog-dug.jpg,STIM_13,stimuli_list_subj_9_b.csv,ACT,active,agent_first,agent_overt,0.0,,6066.0,4260.0,355.0,12.0,1011.2583333333333,700.125,4414.0,3588,5,1074.0,0.8128681468056185,6066.0,3.3975000000000013,12.0,139.32416666666666,48.16666666666666,1.9782393669634024,participant_image,4245.0,277.0,98.69999999999999,-2.0,-60.008333333333326,-13.164999999999964,273.0,201,0,4244.0,-0.004461916807751987,4245.0,-0.8775000000000013,-2.0,-61.06416666666665,-17.566666666666656,-1.0084013299155896,0.8775000000000013,0.16093825236751663,0.8046337866535348,-0.24641111513084843,0.355939545728915,0.5676465186512517,0.328549397654074
edf45,32,Punjabi,sentence_audio,active,10438.0,4186.0,279.06666666666666,15.0,983.9,678.4133333333333,4368.0,4180,6,5446.0,0.956959706959707,10438.0,2.814,15.0,103.72,41.6,1.4370569074535349,exp_images/audio\PUNJABI\veg.wav,IMG_18_P_ACT,exp_images/images/boy_cut_vegetables.jpg,IMG_18,exp_images/sentences/Veg.jpg,STIM_18,stimuli_list_subj_9_b.csv,ACT,active,agent_first,agent_overt,0.0,,5977.0,4203.0,280.2,15.0,962.74,672.9733333333334,4515.0,4515,5,984.0,1.0,5977.0,2.7526666666666677,15.0,82.14066666666666,31.86666666666667,2.5096202108080976,participant_image,4461.0,-17.0,-1.1333333333333258,0.0,21.159999999999968,5.439999999999941,-147.0,-335,1,4462.0,-0.043040293040293,4461.0,0.06133333333333235,0.0,21.579333333333338,9.73333333333333,-1.0725633033545627,-0.06133333333333235,-0.04459113421689169,0.1761462360259468,0.20980300757161088,-0.31808570632461514,-0.07396730019147321,-0.010138979427084466
edf45,33,Punjabi,sentence_audio,active,10968.0,4300.0,358.33333333333326,12.0,924.4666666666666,524.9833333333332,4474.0,4276,7,5976.0,0.9557443004023244,10968.0,2.6141666666666667,12.0,113.24500000000002,43.16666666666666,1.0940919037199124,exp_images/audio\PUNJABI\cake.wav,IMG_15_P_ACT,exp_images/images/girl_baked_cake.jpg,IMG_15,exp_images/sentences/Cake.jpg,STIM_15,stimuli_list_subj_9_b.csv,ACT,active,agent_first,agent_overt,0.0,,5914.0,4390.0,399.09090909090907,11.0,948.8999999999997,542.1999999999998,4610.0,4264,5,922.0,0.924945770065076,5914.0,2.973636363636364,11.0,80.03818181818181,34.72727272727273,1.8599932363882317,participant_image,5054.0,-90.0,-40.75757575757581,1.0,-24.433333333333167,-17.216666666666583,-136.0,12,2,5054.0,0.030798530337248442,5054.0,-0.3594696969696973,1.0,33.20681818181821,8.43939393939393,-0.7659013326683193,0.3594696969696973,-0.12616655564587112,0.02009320474766817,0.4379100689228405,0.11827019379212918,0.21361626727167363,0.13274463581768808
edf45,34,Punjabi,sentence_audio,passive,11112.0,4042.0,269.46666666666664,15.0,962.9666666666666,585.8133333333334,4252.0,4200,4,6120.0,0.9877704609595483,11112.0,2.484,15.0,92.18266666666665,49.33333333333334,1.3498920086393091,exp_images/audio\PUNJABI\p_clothes.wav,IMG_06_P_PWA,exp_images/images/women_fold_clothes.jpg,IMG_06,exp_images/sentences/Folded-clothes-passive.jpg,STIM_24,stimuli_list_subj_9_b.csv,PWA,passive_with_agent,non_agent_first,agent_overt,1.0,0.0,5810.0,4254.0,303.85714285714283,14.0,980.8,555.2071428571428,4561.0,4561,3,817.0,1.0,5810.0,2.3671428571428565,14.0,72.2357142857143,30.857142857142854,2.409638554216868,participant_image,5302.0,-212.0,-34.39047619047619,1.0,-17.83333333333337,30.60619047619059,-309.0,-361,1,5303.0,-0.012229539040451654,5302.0,0.11685714285714344,1.0,19.946952380952354,18.47619047619049,-1.059746545577559,-0.11685714285714344,-0.1130584481165105,-0.24070775163520847,0.4379100689228405,-0.35078096108840573,-0.11191316576782878,-0.0757100515370226
edf45,35,Punjabi,sentence_audio,passive,10236.0,4258.0,354.83333333333326,12.0,1031.2916666666667,616.85,4437.0,3850,6,5464.0,0.8677034032003607,10236.0,3.0583333333333336,12.0,91.51583333333332,46.33333333333334,1.1723329425556857,exp_images/audio\PUNJABI\p_letter.wav,IMG_17_P_PWA,exp_images/images/women_read_letter.jpg,IMG_17,exp_images/sentences/Letter-passive.jpg,STIM_35,stimuli_list_subj_9_b.csv,PWA,passive_with_agent,non_agent_first,agent_overt,1.0,0.0,6048.0,4036.0,212.421052631579,19.0,1004.473684210526,530.9578947368421,4331.0,4331,6,1055.0,1.0,6048.0,3.0847368421052628,19.0,83.88052631578948,34.8421052631579,3.141534391534392,participant_image,4188.0,222.0,142.41228070175427,-7.0,26.817982456140726,85.89210526315787,106.0,-481,0,4409.0,-0.13229659679963934,4188.0,-0.026403508771929207,-7.0,7.635307017543838,11.491228070175445,-1.9692014489787064,0.026403508771929207,0.2509298207031129,0.6870595850055167,-1.3869464218869967,-0.5016821369212856,-0.014006529394713366,-0.19292913649887322
edf45,36,Punjabi,sentence_audio,passive,10834.0,4240.0,201.90476190476193,21.0,930.9809523809523,556.7952380952382,4260.0,3912,9,5884.0,0.9183098591549296,10834.0,3.4890476190476187,21.0,90.76142857142857,34.857142857142854,1.9383422558611776,exp_images/audio\PUNJABI\p_lamp.wav,IMG_01_P_PWA,exp_images/images/girl_lighted_lamp.jpg,IMG_01,exp_images/sentences/Lamp-passive.jpg,STIM_19,stimuli_list_subj_9_b.csv,PWA,passive_with_agent,non_agent_first,agent_overt,1.0,0.0,5937.0,4193.0,279.53333333333336,15.0,1003.1733333333333,532.0733333333333,4424.0,3622,7,945.0,0.8187160940325497,5937.0,3.9093333333333335,15.0,97.68666666666668,37.86666666666667,2.5265285497726118,participant_image,4897.0,47.0,-77.62857142857143,6.0,-72.19238095238097,24.721904761904966,-164.0,290,2,4939.0,0.09959376512237983,4897.0,-0.4202857142857148,6.0,-6.9252380952381145,-3.009523809523813,-0.5881862939114342,0.4202857142857148,-0.20207379894820274,0.31295985248909525,1.5784453756789887,0.4678579178049676,0.2551789128782086,0.48247365198061143
edf46,19,English,sentence_audio,active,10620.0,3856.0,192.8,20.0,875.4400000000003,549.805,3919.0,2750,8,5992.0,0.7017096198009697,10620.0,3.5215000000000005,20.0,132.39899999999997,53.7,1.8832391713747647,exp_images/audio\ENGLISH\tabla.wav,IMG_11_E_ACT,exp_images/images/child_play_tabla.jpg,IMG_11,exp_images/sentences/active_child_tabla.jpg,STIM_65,stimuli_list_subj_10_b.csv,ACT,active,agent_first,agent_overt,0.0,,5980.0,3786.0,189.3,20.0,969.91,526.6600000000002,4029.0,2138,7,1276.0,0.5306527674360884,5980.0,3.5955,20.0,123.6405,48.2,3.3444816053511697,participant_image,4640.0,70.0,3.5,0.0,-94.46999999999969,23.144999999999754,-110.0,612,1,4716.0,0.17105685236488133,4640.0,-0.0739999999999994,0.0,8.75849999999997,5.5,-1.461242433976405,0.0739999999999994,-0.03505237470596257,0.3621272459055392,0.20980300757161088,0.8727760729565286,0.01852167919789061,0.2856351261851214
edf46,20,English,sentence_audio,active,10970.0,4180.0,298.57142857142856,14.0,923.2642857142856,543.7928571428571,4360.0,3946,11,5982.0,0.9050458715596329,10970.0,3.244666666666667,15.0,125.22933333333334,51.46666666666667,1.3673655423883315,exp_images/audio\ENGLISH\door.wav,IMG_10_E_ACT,exp_images/images/boy_opened_door.jpg,IMG_10,exp_images/sentences/active_boy_door.jpg,STIM_64,stimuli_list_subj_10_b.csv,ACT,active,agent_first,agent_overt,0.0,,5860.0,4298.0,268.625,16.0,862.0125,557.2687500000002,4366.0,3852,7,964.0,0.8822721026110857,5860.0,2.6674999999999995,16.0,95.354375,39.125,2.7303754266211597,participant_image,5110.0,-118.0,29.946428571428555,-2.0,61.251785714285575,-13.475892857143094,-6.0,94,4,5018.0,0.022773768948547213,5110.0,0.5771666666666673,-1.0,29.87495833333334,12.341666666666669,-1.3630098842328282,-0.5771666666666673,0.019393550919754445,-0.039762752454959256,-0.24641111513084843,0.22138599727793043,-0.42649610710044517,-0.09437808529771359
edf46,21,English,sentence_audio,active,10622.0,4110.0,274.0,15.0,962.3666666666667,517.82,4146.0,4146,7,5630.0,1.0,10622.0,2.4268750000000003,16.0,146.73375,54.0,1.5063076633402372,exp_images/audio\ENGLISH\bucket.wav,IMG_09_E_ACT,exp_images/images/boy_filled_bucket.jpg,IMG_09,exp_images/sentences/active_boy_bucket.jpg,STIM_63,stimuli_list_subj_10_b.csv,ACT,active,agent_first,agent_overt,0.0,,5957.0,4207.0,247.4705882352941,17.0,965.8176470588237,436.48235294117654,4255.0,4083,10,1038.0,0.9595769682726204,5957.0,2.1288235294117643,17.0,112.69882352941177,43.411764705882355,2.8537854624811145,participant_image,4665.0,-97.0,26.529411764705912,-2.0,-3.450980392157021,81.3376470588235,-109.0,63,-3,4592.0,0.0404230317273796,4665.0,0.298051470588236,-1.0,34.03492647058822,10.588235294117645,-1.3474777991408773,-0.298051470588236,0.012358852740445745,0.005129215447011313,-0.24641111513084843,0.18240319352110312,-0.23574428726776117,-0.05645282813800989
edf46,22,English,sentence_audio,passive,11090.0,4174.0,245.52941176470588,17.0,923.5235294117647,650.8235294117649,4187.0,2827,6,6097.0,0.6751850967279676,11090.0,4.138823529411764,17.0,114.90058823529414,47.411764705882355,1.5329125338142469,exp_images/audio\ENGLISH\p_fed.wav,IMG_16_E_PWA,exp_images/images/girl_fed_dog.jpg,IMG_16,exp_images/sentences/passive_girl_dog.jpg,STIM_88,stimuli_list_subj_10_b.csv,PWA,passive_with_agent,non_agent_first,agent_overt,1.0,0.0,6050.0,3978.0,209.36842105263162,19.0,976.0210526315786,677.3315789473685,4140.0,1958,6,1142.0,0.4729468599033816,6050.0,4.63,20.0,112.9095,47.0,3.3057851239669422,participant_image,5040.0,196.0,36.160990712074266,-2.0,-52.49752321981396,-26.508049535603618,47.0,869,0,4955.0,0.20223823682458597,5040.0,-0.4911764705882362,-3.0,1.9910882352941428,0.41176470588235503,-1.7728725901526954,0.4911764705882362,0.03218762582450504,0.6314790533173626,-0.24641111513084843,1.1959560911986131,0.3036267973503297,0.38336769051199243
edf46,23,English,sentence_audio,passive,10972.0,3928.0,280.57142857142856,14.0,1023.2785714285714,739.992857142857,4227.0,3857,3,5979.0,0.9124674710196355,10972.0,3.7428571428571433,14.0,112.47642857142857,54.714285714285715,1.2759752096244987,exp_images/audio\ENGLISH\p_scooter.wav,IMG_14_E_PWA,exp_images/images/driver_wash_scooter.jpg,IMG_14,exp_images/sentences/passive_driver_scooter.jpg,STIM_86,stimuli_list_subj_10_b.csv,PWA,passive_with_agent,non_agent_first,agent_overt,1.0,0.0,6133.0,3518.0,234.53333333333333,15.0,914.74,469.1066666666666,3772.0,3558,7,1138.0,0.9432661717921528,6133.0,4.75,16.0,152.475625,76.375,2.6088374368172182,participant_image,4839.0,410.0,46.038095238095224,-1.0,108.53857142857134,270.8861904761904,455.0,299,-4,4841.0,-0.03079870077251723,4839.0,-1.0071428571428567,-2.0,-39.99919642857144,-21.660714285714285,-1.3328622271927195,1.0071428571428567,0.052521868573718766,1.088949583366015,-0.018304053779618773,0.4791755059924336,0.656246534973399,0.45171788782518957
edf46,24,English,sentence_audio,passive,10251.0,3578.0,238.53333333333333,15.0,828.7066666666666,483.52,3791.0,3791,8,5259.0,1.0,10251.0,4.7,16.0,138.76125,76.25,1.560823334308848,exp_images/audio\ENGLISH\p_artist.wav,IMG_07_E_PWA,exp_images/images/artiste_drew_picture.jpg,IMG_07,exp_images/sentences/passive_artist_picture.jpg,STIM_79,stimuli_list_subj_10_b.csv,PWA,passive_with_agent,non_agent_first,agent_overt,1.0,0.0,5913.0,4375.0,243.05555555555557,18.0,911.1,372.22777777777776,4426.0,4426,4,921.0,1.0,5913.0,2.87,18.0,82.45888888888891,31.444444444444446,3.0441400304413997,participant_image,4338.0,-797.0,-4.52222222222224,-3.0,-82.39333333333343,111.29222222222222,-635.0,-635,4,4338.0,0.0,4338.0,1.83,-2.0,56.30236111111108,44.80555555555556,-1.4833166961325517,-1.83,-0.05156792474646821,-1.4912697146186744,-0.4745181764820781,-0.6953386459068148,-1.2827025825559324,-0.7990794088619936
edf46,25,English,sentence_audio,passive_dropped_agent,10305.0,3760.0,221.17647058823533,17.0,859.1058823529413,557.2117647058824,4089.0,3681,9,5313.0,0.9002201027146002,10305.0,3.3261111111111115,18.0,120.22111111111107,51.111111111111114,1.7467248908296944,exp_images/audio\ENGLISH\p_woa_sapling.wav,IMG_03_E_PNA,exp_images/images/girl_plant_tree.jpg,IMG_03,exp_images/sentences/noagent_girl_sapling.jpg,STIM_93,stimuli_list_subj_10_b.csv,PNA,passive_dropped_agent,non_agent_first,agent_dropped,1.0,1.0,5750.0,4056.0,289.7142857142857,14.0,852.8642857142859,514.5714285714286,4114.0,3502,5,964.0,0.8512396694214877,5750.0,3.823571428571429,14.0,135.64357142857142,62.714285714285715,2.4347826086956523,participant_image,4555.0,-296.0,-68.53781512605039,3.0,6.241596638655437,42.64033613445383,-25.0,179,4,4349.0,0.048980433293112524,4555.0,-0.4974603174603174,4.0,-15.422460317460349,-11.603174603174601,-0.6880577178659579,0.4974603174603174,-0.18335843100384053,-0.4202756232430907,0.8941241916252998,0.3282743301595537,0.3079212794969147,0.18533714940696738
edf46,26,English,sentence_audio,passive_dropped_agent,10970.0,3956.0,247.25,16.0,1087.6062499999996,480.00625,4224.0,3510,5,6288.0,0.8309659090909091,10970.0,4.471875000000002,16.0,131.9975,48.0,1.4585232452142205,exp_images/audio\ENGLISH\p_woa_frisbee.wav,IMG_12_E_PNA,exp_images/images/child_throw_frisbee.jpg,IMG_12,exp_images/sentences/noagent_child_frisbee.jpg,STIM_102,stimuli_list_subj_10_b.csv,PNA,passive_dropped_agent,non_agent_first,agent_dropped,1.0,1.0,5944.0,4088.0,272.53333333333336,15.0,1040.5933333333335,487.5666666666667,4264.0,3460,7,1176.0,0.8114446529080676,5944.0,4.263999999999999,15.0,117.95199999999998,48.53333333333333,2.5235531628532977,participant_image,5026.0,-132.0,-25.28333333333336,1.0,47.012916666666115,-7.560416666666697,-40.0,50,-2,5112.0,0.019521256182841507,5026.0,0.20787500000000225,1.0,14.045500000000018,-0.5333333333333314,-1.0650299176390772,-0.20787500000000225,-0.094309344761267,-0.06969073105627296,0.4379100689228405,0.1660555661392078,-0.17411623507829696,0.053169864833242285
edf46,27,English,sentence_audio,passive_dropped_agent,11062.0,3948.0,246.75,16.0,800.2812499999999,515.8625000000002,4162.0,3394,7,6070.0,0.8154733301297453,11062.0,3.57125,16.0,123.844375,51.875,1.4463930573133248,exp_images/audio\ENGLISH\p_woa_vase.wav,IMG_08_E_PNA,exp_images/images/boy_broke_vase.jpg,IMG_08,exp_images/sentences/noagent_boy_vase.jpg,STIM_98,stimuli_list_subj_10_b.csv,PNA,passive_dropped_agent,non_agent_first,agent_dropped,1.0,1.0,5890.0,3548.0,221.75,16.0,849.10625,454.03125,3784.0,3784,13,898.0,1.0,5890.0,2.819375,16.0,128.674375,75.5,2.716468590831919,participant_image,5172.0,400.0,25.0,0.0,-48.82500000000016,61.83125000000018,378.0,-390,-6,5172.0,-0.18452666987025468,5172.0,0.7518750000000001,0.0,-4.829999999999998,-23.625,-1.270075533518594,-0.7518750000000001,0.009210214391514357,1.0675724557936481,0.20980300757161088,-0.3872487452480184,-0.5458945955793878,0.0706884673858734
edf46,28,Punjabi,sentence_audio,active,11049.0,3692.0,230.75,16.0,1053.45625,416.70625,3888.0,3580,7,6428.0,0.9207818930041152,11049.0,4.7676470588235285,17.0,128.19823529411764,66.11764705882354,1.538600778350982,exp_images/audio\PUNJABI\box.wav,IMG_05_P_ACT,exp_images/images/man_pushed_box.jpg,IMG_05,exp_images/sentences/Pushed-box.jpg,STIM_05,stimuli_list_subj_10_b.csv,ACT,active,agent_first,agent_overt,0.0,,5784.0,3948.0,232.2352941176471,17.0,962.6823529411763,425.0,4160.0,4160,10,792.0,1.0,5784.0,4.305294117647058,17.0,115.38,48.941176470588225,2.9391424619640385,participant_image,5265.0,-256.0,-1.4852941176471006,-1.0,90.77389705882365,-8.293749999999989,-272.0,-580,-3,5636.0,-0.07921810699588483,5265.0,0.4623529411764702,0.0,12.818235294117642,17.17647058823531,-1.4005416836130564,-0.4623529411764702,-0.04531572470872919,-0.334767112953623,-0.018304053779618773,-0.6261756069834116,-0.34803055815601874,-0.27451861131628025
edf46,29,Punjabi,sentence_audio,active,10888.0,3982.0,234.2352941176471,17.0,880.3882352941174,489.60588235294114,4037.0,4037,9,5895.0,1.0,10888.0,3.6094117647058814,17.0,146.78941176470587,56.235294117647065,1.5613519470977222,exp_images/audio\PUNJABI\shrub.wav,IMG_04_P_ACT,exp_images/images/man_cut_shrub.jpg,IMG_04,exp_images/sentences/Shrub.jpg,STIM_04,stimuli_list_subj_10_b.csv,ACT,active,agent_first,agent_overt,0.0,,6063.0,4095.0,255.9375,16.0,1016.9187499999997,555.9875000000002,4146.0,4146,5,1071.0,1.0,6063.0,4.093125,16.0,114.458125,52.875,2.6389576117433613,participant_image,4825.0,-113.0,-21.7022058823529,1.0,-136.5305147058823,-66.38161764705904,-109.0,-109,4,4824.0,0.0,4825.0,-0.48371323529411825,1.0,32.33128676470588,3.360294117647065,-1.0776056646456391,0.48371323529411825,-0.08693678788366499,-0.02907418866877579,0.4379100689228405,-0.03388849183935804,0.298526302163416,0.11730738053889153
edf46,30,Punjabi,sentence_audio,active,10934.0,4126.0,257.875,16.0,1040.95625,468.03750000000014,4298.0,4298,5,5942.0,1.0,10934.0,3.875,16.0,113.57,43.375,1.4633254069873791,exp_images/audio\PUNJABI\window.wav,IMG_02_P_ACT,exp_images/images/girl_opened_window.jpg,IMG_02,exp_images/sentences/Window.jpg,STIM_02,stimuli_list_subj_10_b.csv,ACT,active,agent_first,agent_overt,0.0,,5927.0,3195.0,187.94117647058826,17.0,1015.7411764705884,463.07058823529417,3456.0,3195,10,1222.0,0.9244791666666666,5927.0,3.027058823529412,17.0,184.56117647058818,90.35294117647058,2.8682301332883418,participant_image,5007.0,931.0,69.93382352941174,-1.0,25.215073529411598,4.966911764705969,842.0,1103,-5,4720.0,0.07552083333333337,5007.0,0.847941176470588,-1.0,-70.99117647058819,-46.97794117647058,-1.4049047263009626,-0.847941176470588,0.1017166035757419,2.2026979298863325,-0.018304053779618773,1.4902133840727287,-0.6115477676158654,0.6329552192278638
edf46,31,Punjabi,sentence_audio,passive,10538.0,4046.0,252.875,16.0,931.5125,669.5875,4196.0,3164,8,5780.0,0.7540514775977121,10538.0,3.146666666666667,18.0,115.36277777777781,50.77777777777778,1.708104004554944,exp_images/audio\PUNJABI\p_dug.wav,IMG_13_P_PWA,exp_images/images/dog_dug_hole.jpg,IMG_13,exp_images/sentences/Dog-dug-passive.jpg,STIM_31,stimuli_list_subj_10_b.csv,PWA,passive_with_agent,non_agent_first,agent_overt,1.0,0.0,5746.0,4196.0,233.11111111111111,18.0,964.477777777778,719.7666666666665,4261.0,3839,6,753.0,0.9009622154423844,5746.0,2.983888888888889,18.0,92.61666666666667,40.66666666666666,3.1326139923424985,participant_image,4792.0,-150.0,19.763888888888886,-2.0,-32.96527777777794,-50.17916666666656,-65.0,-675,2,5027.0,-0.14691073784467235,4792.0,0.1627777777777779,0.0,22.746111111111134,10.111111111111121,-1.4245099877875544,-0.1627777777777779,-0.0015694988447574848,-0.10816956068653345,-0.24641111513084843,-0.7456390378511081,-0.14329606717217197,-0.2490170559370839
edf46,32,Punjabi,sentence_audio,passive,10892.0,4260.0,304.2857142857143,14.0,982.8928571428571,588.6,4300.0,4260,7,5976.0,0.9906976744186048,10892.0,4.922142857142857,14.0,134.92214285714286,49.42857142857143,1.2853470437017995,exp_images/audio\PUNJABI\p_veg.wav,IMG_18_P_PWA,exp_images/images/boy_cut_vegetables.jpg,IMG_18,exp_images/sentences/Veg-passive.jpg,STIM_36,stimuli_list_subj_10_b.csv,PWA,passive_with_agent,non_agent_first,agent_overt,1.0,0.0,5834.0,4542.0,504.66666666666674,9.0,936.7888888888887,784.6333333333333,4579.0,4579,2,841.0,1.0,5834.0,2.6355555555555563,9.0,108.3677777777778,46.0,1.5426808364758315,participant_image,5058.0,-282.0,-200.38095238095246,5.0,46.103968253968446,-196.0333333333333,-279.0,-319,5,5135.0,-0.00930232558139521,5058.0,2.286587301587301,5.0,26.554365079365056,3.4285714285714306,-0.257333792774032,-2.286587301587301,-0.454787203545049,-0.390347644641777,1.3503383143277592,-0.29796554954689786,-1.5947416972797275,-0.2775007561371384
edf46,33,Punjabi,sentence_audio,passive,11039.0,4085.0,291.7857142857143,14.0,954.1857142857144,566.1857142857143,4123.0,3257,7,6046.0,0.7899587678874606,11039.0,2.5942857142857143,14.0,139.64357142857145,62.14285714285714,1.2682308180088775,exp_images/audio\PUNJABI\p_cake.wav,IMG_15_P_PWA,exp_images/images/girl_baked_cake.jpg,IMG_15,exp_images/sentences/Cake-passive.jpg,STIM_33,stimuli_list_subj_10_b.csv,PWA,passive_with_agent,non_agent_first,agent_overt,1.0,0.0,5789.0,4059.0,253.6875,16.0,891.2437499999999,587.3249999999998,4222.0,2831,7,797.0,0.6705352913311227,5789.0,2.925625,16.0,124.16375,48.125,2.7638624978407327,participant_image,5250.0,26.0,38.09821428571428,-2.0,62.94196428571456,-21.139285714285506,-99.0,426,0,5249.0,0.11942347655633789,5250.0,-0.33133928571428584,-2.0,15.479821428571455,14.017857142857139,-1.4956316798318552,0.33133928571428584,0.036175836570085204,0.26806788458712466,-0.24641111513084843,0.6388792504155648,0.19439149121145605,0.17822066953067645
edf46,34,Punjabi,sentence_audio,passive_dropped_agent,10518.0,3704.0,231.5,16.0,966.7,559.05,3951.0,3951,7,5525.0,1.0,10518.0,2.889375,16.0,172.63125,65.125,1.5212017493820116,exp_images/audio\PUNJABI\p_woa_clothes.wav,IMG_06_P_PNA,exp_images/images/women_fold_clothes.jpg,IMG_06,exp_images/sentences/Folded-clothes-woa.jpg,STIM_42,stimuli_list_subj_10_b.csv,PNA,passive_dropped_agent,non_agent_first,agent_dropped,1.0,1.0,5949.0,3775.0,251.66666666666663,15.0,959.7933333333333,509.52,3983.0,3983,6,1244.0,1.0,5949.0,2.7225,16.0,142.74187500000005,73.125,2.6895276517061686,participant_image,4569.0,-71.0,-20.16666666666663,1.0,6.9066666666667516,49.52999999999997,-32.0,-32,1,4281.0,0.0,4569.0,0.16687499999999966,0.0,29.889374999999944,-8.0,-1.168325902324157,-0.16687499999999966,-0.08377553479775879,0.06070974713516535,0.4379100689228405,0.06293976265340655,-0.1460961748199408,0.06633757381874257
edf46,35,Punjabi,sentence_audio,passive_dropped_agent,10403.0,3704.0,284.92307692307685,13.0,993.6692307692308,477.33846153846156,3962.0,3962,7,5410.0,1.0,10403.0,2.78,13.0,124.58071428571428,75.0,1.249639527059502,exp_images/audio\PUNJABI\p_woa_letter.wav,IMG_17_P_PNA,exp_images/images/women_read_letter.jpg,IMG_17,exp_images/sentences/Letter-woa.jpg,STIM_53,stimuli_list_subj_10_b.csv,PNA,passive_dropped_agent,non_agent_first,agent_dropped,1.0,1.0,6025.0,4317.0,269.8125,16.0,979.2625000000003,476.29374999999993,4436.0,4317,5,1206.0,0.9731740306582508,6025.0,3.369375,16.0,85.53625000000002,34.75,2.655601659751037,participant_image,4378.0,-613.0,15.110576923076849,-3.0,14.406730769230535,1.0447115384616268,-474.0,-355,2,4204.0,0.02682596934174919,4378.0,-0.589375,-3.0,39.044464285714255,40.25,-1.4059621326915348,0.589375,-0.011149388867320777,-1.0979305672871227,-0.4745181764820781,-0.34323590229676176,0.37073725372592503,-0.3112193562414717
edf46,36,Punjabi,sentence_audio,passive_dropped_agent,10938.0,4098.0,256.125,16.0,962.93125,457.86875,4176.0,4176,5,5946.0,1.0,10938.0,3.3731250000000004,16.0,110.21705882352941,49.17647058823529,1.4627902724446882,exp_images/audio\PUNJABI\p_woa_lamp.wav,IMG_01_P_PNA,exp_images/images/girl_lighted_lamp.jpg,IMG_01,exp_images/sentences/Lamp-woa.jpg,STIM_37,stimuli_list_subj_10_b.csv,PNA,passive_dropped_agent,non_agent_first,agent_dropped,1.0,1.0,5978.0,4148.0,230.44444444444446,18.0,908.9388888888888,543.2388888888888,4338.0,4338,7,986.0,1.0,5978.0,3.6444444444444435,18.0,91.27888888888887,36.333333333333336,3.0110404817664773,participant_image,4960.0,-50.0,25.680555555555543,-2.0,53.99236111111122,-85.37013888888885,-162.0,-162,-2,4960.0,0.0,4960.0,-0.2713194444444431,-2.0,18.93816993464054,12.843137254901954,-1.5482502093217891,0.2713194444444431,0.010611291178191571,0.10560171503713592,-0.24641111513084843,-0.10053651116554665,0.15337296513638632,-0.015472330988936255
edf47,19,English,sentence_audio,passive,10602.0,4262.0,355.16666666666674,12.0,936.725,374.975,4562.0,4262,6,5956.0,0.9342393686979396,10602.0,3.8325,12.0,93.49,35.666666666666664,1.1318619128466327,exp_images/audio\ENGLISH\p_tabla.wav,IMG_11_E_PWA,exp_images/images/child_play_tabla.jpg,IMG_11,exp_images/sentences/passive_child_tabla.jpg,STIM_83,stimuli_list_subj_11_b.csv,PWA,passive_with_agent,non_agent_first,agent_overt,1.0,0.0,6008.0,4380.0,486.66666666666674,9.0,916.0,470.28888888888895,4659.0,3364,4,1338.0,0.7220433569435502,6008.0,3.6566666666666667,9.0,91.78777777777776,37.111111111111114,1.4980026631158456,participant_image,4594.0,-118.0,-131.5,3.0,20.725000000000023,-95.31388888888893,-97.0,898,2,4618.0,0.2121960117543894,4594.0,0.17583333333333329,3.0,1.7022222222222325,-1.44444444444445,-0.3661407502692129,-0.17583333333333329,-0.3129802597366316,-0.039762752454959256,0.8941241916252998,1.2324238753582257,-0.15221844408370747,0.32431732214164544
edf47,20,English,sentence_audio,passive,10182.0,4342.0,542.75,8.0,953.825,356.7999999999999,4786.0,3326,2,5190.0,0.6949435854575846,10182.0,1.62625,8.0,60.33374999999999,25.75,0.7857002553525829,exp_images/audio\ENGLISH\p_door.wav,IMG_10_E_PWA,exp_images/images/boy_opened_door.jpg,IMG_10,exp_images/sentences/passive_boy_door.jpg,STIM_82,stimuli_list_subj_11_b.csv,PWA,passive_with_agent,non_agent_first,agent_overt,1.0,0.0,6067.0,4371.0,624.4285714285714,7.0,951.9,408.9428571428571,4815.0,4815,5,1074.0,1.0,6067.0,1.657142857142857,7.0,65.95,25.42857142857143,1.1537827591890557,participant_image,4115.0,-29.0,-81.67857142857144,1.0,1.9250000000000682,-52.142857142857224,-29.0,-1489,-3,4116.0,-0.3050564145424154,4115.0,-0.030892857142857055,1.0,-5.616250000000015,0.3214285714285694,-0.3680825038364728,0.030892857142857055,-0.21041163549912284,0.15049368293910648,0.4379100689228405,-1.7692520139174766,-0.010938436422173283,-0.28043966679536514
edf47,21,English,sentence_audio,passive,10342.0,4332.0,481.33333333333326,9.0,992.6333333333333,408.62222222222226,4759.0,3486,5,5804.0,0.7325068291657911,10342.0,1.6733333333333331,9.0,60.39555555555553,26.0,0.8702378650164377,exp_images/audio\ENGLISH\p_bucket.wav,IMG_09_E_PWA,exp_images/images/boy_filled_bucket.jpg,IMG_09,exp_images/sentences/passive_boy_bucket.jpg,STIM_81,stimuli_list_subj_11_b.csv,PWA,passive_with_agent,non_agent_first,agent_overt,1.0,0.0,6099.0,4294.0,390.3636363636364,11.0,941.2181818181816,454.19090909090914,4657.0,4445,5,1107.0,0.9544771312003436,6099.0,2.3045454545454542,11.0,70.73,30.363636363636363,1.8035743564518771,participant_image,4243.0,38.0,90.96969696969688,-2.0,51.415151515151706,-45.56868686868688,102.0,-959,0,4697.0,-0.22197030203455248,4243.0,-0.6312121212121211,-2.0,-10.334444444444472,-4.363636363636363,-0.9333364914354394,0.6312121212121211,0.14502368368708468,0.293720437673965,-0.24641111513084843,-1.1027718206555905,0.3993294161015277,-0.10222187966477232
edf47,22,English,sentence_audio,passive_dropped_agent,10720.0,4484.0,498.22222222222223,9.0,962.6555555555556,633.4444444444445,4689.0,3770,4,5962.0,0.8040093836638942,10720.0,2.798888888888889,9.0,77.78888888888888,33.77777777777778,0.8395522388059701,exp_images/audio\ENGLISH\p_woa_fed.wav,IMG_16_E_PNA,exp_images/images/girl_fed_dog.jpg,IMG_16,exp_images/sentences/noagent_girl_dog.jpg,STIM_106,stimuli_list_subj_11_b.csv,PNA,passive_dropped_agent,non_agent_first,agent_dropped,1.0,1.0,6019.0,4475.0,559.375,8.0,873.6999999999998,529.6,4703.0,3987,3,1292.0,0.8477567510099936,6019.0,3.3175000000000003,8.0,86.2175,36.25,1.3291244392756272,participant_image,4701.0,9.0,-61.15277777777777,1.0,88.95555555555575,103.84444444444443,-14.0,-217,1,4670.0,-0.04374736734609941,4701.0,-0.5186111111111114,1.0,-8.428611111111124,-2.4722222222222214,-0.4895722004696571,0.5186111111111114,-0.16815466944030047,0.23172676771410086,0.4379100689228405,-0.16969955008894994,0.3223760724873359,0.13083173791900538
edf47,23,English,sentence_audio,passive_dropped_agent,10617.0,4143.0,460.33333333333326,9.0,1050.3000000000004,380.31111111111125,4511.0,3885,3,5624.0,0.8612281090667258,10617.0,3.963333333333333,9.0,107.8077777777778,53.555555555555564,0.8476970895733257,exp_images/audio\ENGLISH\p_woa_scooter.wav,IMG_14_E_PNA,exp_images/images/driver_wash_scooter.jpg,IMG_14,exp_images/sentences/noagent_driver_scooter.jpg,STIM_104,stimuli_list_subj_11_b.csv,PNA,passive_dropped_agent,non_agent_first,agent_dropped,1.0,1.0,5719.0,4199.0,349.91666666666674,12.0,1009.275,507.28333333333336,4507.0,4507,3,726.0,1.0,5719.0,4.048333333333333,12.0,100.19916666666666,40.5,2.098268928134289,participant_image,4898.0,-56.0,110.41666666666652,-3.0,41.02500000000043,-126.97222222222211,4.0,-622,0,4898.0,-0.13877189093327424,4898.0,-0.08499999999999996,-3.0,7.608611111111145,13.055555555555564,-1.2505718385609632,0.08499999999999996,0.18505964782141268,0.09277543849371575,-0.4745181764820781,-0.6789910185249195,0.026039256340376318,-0.16992697047029856
edf47,24,English,sentence_audio,passive_dropped_agent,11025.0,4343.0,334.07692307692315,13.0,1008.7769230769233,250.9538461538461,4563.0,3881,5,6046.0,0.8505369274600044,11025.0,2.532142857142857,14.0,74.75857142857143,30.857142857142854,1.2698412698412698,exp_images/audio\ENGLISH\p_woa_draw.wav,IMG_07_E_PNA,exp_images/images/artiste_drew_picture.jpg,IMG_07,exp_images/sentences/noagent_artist_picture.jpg,STIM_97,stimuli_list_subj_11_b.csv,PNA,passive_dropped_agent,non_agent_first,agent_dropped,1.0,1.0,5816.0,4282.0,389.27272727272725,11.0,924.6727272727272,268.47272727272724,4517.0,3449,7,823.0,0.7635598848793447,5816.0,4.844545454545455,11.0,113.45545454545451,43.27272727272727,1.8913342503438793,participant_image,5209.0,61.0,-55.1958041958041,2.0,84.10419580419602,-17.518881118881154,46.0,432,-2,5223.0,0.08697704258065975,5209.0,-2.3124025974025977,3.0,-38.696883116883086,-12.41558441558442,-0.6214929805026095,2.3124025974025977,-0.15589089856014113,0.34288783109040893,0.6660171302740702,0.6464243092072088,1.5482820611900319,0.6095440866403157
edf47,25,Punjabi,sentence_audio,active,10865.0,4427.0,442.7,10.0,831.4799999999998,593.39,4659.0,4659,3,5872.0,1.0,10865.0,3.03,10.0,85.178,33.4,0.9203865623561897,exp_images/audio\PUNJABI\sapling.wav,IMG_03_P_ACT,exp_images/images/girl_plant_tree.jpg,IMG_03,exp_images/sentences/Sapling.jpg,STIM_03,stimuli_list_subj_11_b.csv,ACT,active,agent_first,agent_overt,0.0,,6016.0,4396.0,366.33333333333326,12.0,867.7333333333332,579.6083333333332,4438.0,3982,5,1024.0,0.8972510139702569,6016.0,3.635,12.0,123.78416666666668,46.16666666666666,1.9946808510638296,participant_image,4849.0,31.0,76.36666666666673,-2.0,-36.253333333333444,13.781666666666752,221.0,677,-2,4848.0,0.10274898602974314,4849.0,-0.605,-2.0,-38.60616666666668,-12.766666666666659,-1.07429428870764,0.605,0.11496005904145548,0.27875644837330815,-0.24641111513084843,0.9545142098660052,0.3814156303487735,0.2966470464997388
edf47,26,Punjabi,sentence_audio,active,10371.0,4514.0,644.8571428571429,7.0,1119.0285714285717,278.5857142857143,4745.0,4745,1,5379.0,1.0,10371.0,1.9671428571428573,7.0,101.715,32.5,0.6749590203451933,exp_images/audio\PUNJABI\frisbee.wav,IMG_12_P_ACT,exp_images/images/child_throw_frisbee.jpg,IMG_12,exp_images/sentences/Frisbee.jpg,STIM_12,stimuli_list_subj_11_b.csv,ACT,active,agent_first,agent_overt,0.0,,6014.0,4286.0,476.22222222222223,9.0,1115.3000000000004,357.48888888888877,4562.0,4562,3,1030.0,1.0,6014.0,4.265454545454545,11.0,96.77727272727272,41.45454545454545,1.8290655138011307,participant_image,4357.0,228.0,168.63492063492066,-2.0,3.7285714285712857,-78.90317460317448,183.0,183,-2,4349.0,0.0,4357.0,-2.2983116883116876,-4.0,4.937727272727287,-8.954545454545453,-1.1541064934559375,2.2983116883116876,0.30491502704789586,0.6998858615489368,-0.24641111513084843,0.33330436935398305,1.5386521069992443,0.5260692499638424
edf47,27,Punjabi,sentence_audio,active,10308.0,4276.0,610.8571428571429,7.0,1006.257142857143,458.80000000000007,4748.0,4748,3,5316.0,1.0,10308.0,2.5375,8.0,75.60125,32.0,0.7760962359332557,exp_images/audio\PUNJABI\vase.wav,IMG_08_P_ACT,exp_images/images/boy_broke_vase.jpg,IMG_08,exp_images/sentences/Vase.jpg,STIM_08,stimuli_list_subj_11_b.csv,ACT,active,agent_first,agent_overt,0.0,,5856.0,4412.0,441.2,10.0,936.44,484.14,4684.0,4684,1,864.0,1.0,5856.0,1.4720000000000002,10.0,74.712,30.8,1.7076502732240435,participant_image,4452.0,-136.0,169.6571428571429,-3.0,69.81714285714293,-25.339999999999918,64.0,64,2,4452.0,0.0,4452.0,1.0655,-2.0,0.8892499999999899,1.1999999999999993,-0.9315540372907878,-1.0655,0.3070195015682927,-0.07824158208521974,-0.4745181764820781,0.18366070331971046,-0.7602309711532023,-0.16446210496649938
edf47,28,Punjabi,sentence_audio,passive,10849.0,4459.0,445.9,10.0,1195.0,434.72,4654.0,4654,3,5857.0,1.0,10849.0,3.1039999999999996,10.0,87.13300000000002,33.8,0.9217439395335976,exp_images/audio\PUNJABI\p_box.wav,IMG_05_P_PWA,exp_images/images/man_pushed_box.jpg,IMG_05,exp_images/sentences/Pushed-box-passive.jpg,STIM_23,stimuli_list_subj_11_b.csv,PWA,passive_with_agent,non_agent_first,agent_overt,1.0,0.0,5749.0,4451.0,1112.75,4.0,1111.475,353.0499999999999,4826.0,4826,4,757.0,1.0,5749.0,4.6675,4.0,105.1425,41.5,0.6957731779439903,participant_image,5100.0,8.0,-666.85,6.0,83.52500000000009,81.67000000000013,-172.0,-172,-1,5100.0,0.0,5100.0,-1.5635000000000008,6.0,-18.009499999999974,-7.700000000000003,0.22597076158960727,1.5635000000000008,-1.4151187282638071,0.22958905495686416,1.5784453756789887,-0.11311160915161998,1.0364699659007908,0.2632548118242433
edf47,29,Punjabi,sentence_audio,passive,10494.0,4308.0,391.6363636363636,11.0,942.0727272727272,411.3181818181818,4556.0,4556,5,5502.0,1.0,10494.0,3.4545454545454546,11.0,85.26,39.63636363636363,1.0482180293501049,exp_images/audio\PUNJABI\p_shrub.wav,IMG_04_P_PWA,exp_images/images/man_cut_shrub.jpg,IMG_04,exp_images/sentences/Shrub-passive.jpg,STIM_22,stimuli_list_subj_11_b.csv,PWA,passive_with_agent,non_agent_first,agent_overt,1.0,0.0,6098.0,4420.0,631.4285714285714,7.0,823.3714285714285,410.3714285714285,4703.0,4703,4,1105.0,1.0,6098.0,4.421428571428573,7.0,97.48714285714287,41.42857142857143,1.1479173499508035,participant_image,4396.0,-112.0,-239.79220779220782,4.0,118.7012987012987,0.9467532467533033,-147.0,-147,1,4397.0,0.0,4396.0,-0.966883116883118,4.0,-12.227142857142866,-1.7922077922077975,-0.09969932060069864,0.966883116883118,-0.5359241432698914,-0.026936475911539092,1.1222312529765295,-0.08167386418643667,0.6287323801425801,0.22128582995024848
edf47,30,Punjabi,sentence_audio,passive,10327.0,4319.0,359.91666666666674,12.0,1141.8583333333333,288.26666666666665,4600.0,3618,7,5335.0,0.7865217391304348,10327.0,2.7383333333333333,12.0,80.44,32.666666666666664,1.1620025176721216,exp_images/audio\PUNJABI\p_window.wav,IMG_02_P_PWA,exp_images/images/girl_opened_window.jpg,IMG_02,exp_images/sentences/Window-passive.jpg,STIM_20,stimuli_list_subj_11_b.csv,PWA,passive_with_agent,non_agent_first,agent_overt,1.0,0.0,6115.0,4275.0,328.84615384615387,13.0,1002.9923076923077,385.73076923076917,4548.0,4275,9,1424.0,0.9399736147757256,6115.0,3.1261538461538465,13.0,84.46384615384616,34.153846153846146,2.1259198691741616,participant_image,4212.0,44.0,31.070512820512874,-1.0,138.86602564102566,-97.46410256410252,52.0,-657,-2,3911.0,-0.15345187564529084,4212.0,-0.3878205128205132,-1.0,-4.023846153846165,-1.487179487179482,-0.96391735150204,0.3878205128205132,0.02170773134897143,0.30654671421738516,-0.018304053779618773,-0.7230038614761761,0.23299167138175583,-0.0360123596615365
edf47,31,Punjabi,sentence_audio,passive_dropped_agent,10651.0,4235.0,470.5555555555555,9.0,1040.4888888888886,584.1999999999998,4568.0,3453,3,6034.0,0.7559106830122592,10651.0,2.7677777777777783,9.0,98.85111111111112,47.111111111111114,0.8449910806497043,exp_images/audio\PUNJABI\p_woa_dug.wav,IMG_13_P_PNA,exp_images/images/dog_dug_hole.jpg,IMG_13,exp_images/sentences/Dog-dug-woa.jpg,STIM_49,stimuli_list_subj_11_b.csv,PNA,passive_dropped_agent,non_agent_first,agent_dropped,1.0,1.0,5751.0,4309.0,331.46153846153845,13.0,996.2153846153847,652.153846153846,4539.0,4539,7,758.0,1.0,5751.0,3.2492307692307687,13.0,84.18846153846154,34.92307692307692,2.2604764388801946,participant_image,4900.0,-74.0,139.09401709401703,-4.0,44.27350427350393,-67.95384615384614,29.0,-1086,-4,5276.0,-0.24408931698774083,4900.0,-0.48145299145299036,-4.0,14.662649572649585,12.188034188034194,-1.4154853582304903,0.48145299145299036,0.24409842821072292,0.05429660886345527,-0.7026252378333078,-1.2624755650787216,0.2969816151237336,-0.2739448301428235
edf47,32,Punjabi,sentence_audio,passive_dropped_agent,10765.0,4551.0,379.25,12.0,1052.25,566.0666666666666,4566.0,4566,5,5773.0,1.0,10765.0,2.9325,12.0,72.83833333333334,35.5,1.114723641430562,exp_images/audio\PUNJABI\p_woa_veg.wav,IMG_18_P_PNA,exp_images/images/boy_cut_vegetables.jpg,IMG_18,exp_images/sentences/Veg-woa.jpg,STIM_54,stimuli_list_subj_11_b.csv,PNA,passive_dropped_agent,non_agent_first,agent_dropped,1.0,1.0,5739.0,4217.0,351.41666666666674,12.0,979.0083333333333,681.85,4525.0,4525,5,760.0,1.0,5739.0,3.9769230769230766,13.0,91.64,36.769230769230774,2.265202997037812,participant_image,5026.0,334.0,27.833333333333258,0.0,73.24166666666667,-115.78333333333342,41.0,41,0,5013.0,0.0,5026.0,-1.0444230769230765,-1.0,-18.801666666666662,-1.2692307692307736,-1.15047935560725,1.0444230769230765,0.015043268768701082,0.9264834138160264,0.20980300757161088,0.1547379779517418,0.6817244375267272,0.3975584211269615
edf47,33,Punjabi,sentence_audio,passive_dropped_agent,10447.0,4271.0,533.875,8.0,955.25,349.93750000000006,4681.0,3154,1,5900.0,0.6737876522110661,10447.0,1.84375,8.0,100.275,39.0,0.7657700775342204,exp_images/audio\PUNJABI\p_woa_cake.wav,IMG_15_P_PNA,exp_images/images/girl_baked_cake.jpg,IMG_15,exp_images/sentences/Cake-woa.jpg,STIM_51,stimuli_list_subj_11_b.csv,PNA,passive_dropped_agent,non_agent_first,agent_dropped,1.0,1.0,6107.0,4465.0,558.125,8.0,933.425,426.7125,4794.0,3552,2,1462.0,0.7409261576971214,6107.0,1.625,8.0,58.83875,24.75,1.3099721630915342,participant_image,4340.0,-194.0,-24.25,0.0,21.825000000000045,-76.77499999999992,-113.0,-398,-1,4438.0,-0.06713850548605538,4340.0,0.21875,0.0,41.43625000000001,14.25,-0.5442020855573138,-0.21875,-0.09218199551782232,-0.202228922004948,0.20980300757161088,-0.39730882363687703,-0.18154838520779795,-0.13269302375916686
edf47,34,English,sentence_audio,active,10571.0,4449.0,556.125,8.0,1010.275,370.35,4696.0,4449,4,5856.0,0.9474020442930152,10571.0,3.6025000000000014,8.0,77.91624999999998,37.0,0.7567874373285404,exp_images/audio\ENGLISH\clothes.wav,IMG_06_E_ACT,exp_images/images/women_fold_clothes.jpg,IMG_06,exp_images/sentences/active_woman_clothes.jpg,STIM_60,stimuli_list_subj_11_b.csv,ACT,active,agent_first,agent_overt,0.0,,6045.0,4317.0,479.66666666666674,9.0,948.8222222222223,486.85555555555567,4620.0,3841,6,1398.0,0.8313852813852813,6045.0,4.118888888888888,9.0,97.19222222222223,41.333333333333336,1.488833746898263,participant_image,4526.0,132.0,76.45833333333326,-1.0,61.45277777777767,-116.50555555555565,76.0,608,-2,4458.0,0.11601676290773388,4526.0,-0.5163888888888866,-1.0,-19.27597222222225,-4.333333333333336,-0.7320463095697227,0.5163888888888866,0.11514877550659947,0.4946654368542142,-0.018304053779618773,0.8677460337620992,0.3208573700343068,0.3560227124755202
edf47,35,English,sentence_audio,active,10918.0,4592.0,765.3333333333335,6.0,1007.1166666666667,348.41666666666674,4836.0,4836,1,5926.0,1.0,10918.0,1.0985714285714283,7.0,46.34857142857143,24.857142857142854,0.6411430664956952,exp_images/audio\ENGLISH\letter.wav,IMG_17_E_ACT,exp_images/images/women_read_letter.jpg,IMG_17,exp_images/sentences/active_women_letter.jpg,STIM_71,stimuli_list_subj_11_b.csv,ACT,active,agent_first,agent_overt,0.0,,6050.0,4568.0,351.3846153846154,13.0,990.7615384615384,397.4307692307692,4592.0,4592,3,1058.0,1.0,6050.0,2.279230769230769,13.0,69.96846153846154,30.76923076923077,2.1487603305785123,participant_image,4868.0,24.0,413.94871794871807,-7.0,16.355128205128267,-49.01410256410247,244.0,244,-2,4868.0,0.0,4868.0,-1.1806593406593406,-6.0,-23.619890109890108,-5.912087912087916,-1.5076172640828172,1.1806593406593406,0.8099486926498658,0.26379245907265125,-1.3869464218869967,0.41001246706903033,0.7748304940941219,0.1743275381997345
edf47,36,English,sentence_audio,active,11131.0,4287.0,428.7,10.0,943.9,349.16,4560.0,4560,5,6139.0,1.0,11131.0,3.309,10.0,117.329,43.2,0.898391878537418,exp_images/audio\ENGLISH\lamp.wav,IMG_01_E_ACT,exp_images/images/girl_lighted_lamp.jpg,IMG_01,exp_images/sentences/active_girl_lamp.jpg,STIM_55,stimuli_list_subj_11_b.csv,ACT,active,agent_first,agent_overt,0.0,,6115.0,4171.0,379.1818181818182,11.0,977.1909090909093,369.5,4524.0,4524,5,1123.0,1.0,6115.0,4.727272727272728,11.0,107.87909090909088,42.54545454545455,1.7988552739165984,participant_image,5016.0,116.0,49.5181818181818,-1.0,-33.29090909090928,-20.339999999999975,36.0,36,0,5016.0,0.0,5016.0,-1.4182727272727282,-1.0,9.449909090909117,0.6545454545454561,-0.9004633953791804,1.4182727272727282,0.059686410076882294,0.4604620327384271,-0.018304053779618773,0.14845042895870514,0.9372193089989701,0.31750282539867314
edf48,19,English,sentence_audio,passive_dropped_agent,11101.0,3507.0,269.76923076923083,13.0,759.7153846153847,546.4076923076923,3702.0,3507,7,6344.0,0.9473257698541327,11101.0,3.2930769230769235,13.0,201.4353846153846,98.76923076923076,1.171065669759481,exp_images/audio\ENGLISH\p_woa_tabla.wav,IMG_11_E_PNA,exp_images/images/child_play_tabla.jpg,IMG_11,exp_images/sentences/noagent_child_tabla.jpg,STIM_101,stimuli_list_subj_12_b.csv,PNA,passive_dropped_agent,non_agent_first,agent_dropped,1.0,1.0,6107.0,3755.0,288.84615384615387,13.0,764.969230769231,618.4307692307692,3975.0,3395,3,1372.0,0.8540880503144654,6107.0,3.088461538461538,13.0,126.44076923076919,78.0,2.1287047650237434,participant_image,4994.0,-248.0,-19.076923076923038,0.0,-5.253846153846325,-72.02307692307693,-273.0,112,4,4972.0,0.09323771953966731,4994.0,0.2046153846153853,0.0,74.99461538461541,20.76923076923076,-0.9576390952642624,-0.2046153846153853,-0.08153205234499461,-0.3176654108957294,0.20980300757161088,0.2440211736528624,-0.17188856143205244,-0.023452368689660635
edf48,20,English,sentence_audio,passive_dropped_agent,11124.0,3366.0,336.6,10.0,833.9400000000003,502.25,3606.0,3366,3,6400.0,0.9334442595673876,11124.0,2.158,10.0,172.25400000000005,138.4,0.8989572096368212,exp_images/audio\ENGLISH\p_woa_door.wav,IMG_10_E_PNA,exp_images/images/boy_opened_door.jpg,IMG_10,exp_images/sentences/noagent_boy_door.jpg,STIM_100,stimuli_list_subj_12_b.csv,PNA,passive_dropped_agent,non_agent_first,agent_dropped,1.0,1.0,5979.0,3824.0,347.6363636363636,11.0,870.4090909090909,487.0272727272728,4027.0,3654,6,1220.0,0.9073752172833376,5979.0,3.648333333333333,12.0,142.42,81.66666666666667,2.007024586051179,participant_image,5145.0,-458.0,-11.036363636363603,-1.0,-36.469090909090596,15.222727272727184,-421.0,-288,-3,5180.0,0.026069042284050048,5145.0,-1.490333333333333,-2.0,29.83400000000006,56.733333333333334,-1.1080673764143578,1.490333333333333,-0.06497875101330525,-0.7665850899154351,-0.018304053779618773,-0.2589827457900705,0.9864666876348649,-0.024476790572712924
edf48,21,English,sentence_audio,passive_dropped_agent,10925.0,3535.0,392.77777777777777,9.0,894.0111111111113,510.91111111111115,3801.0,3801,5,5972.0,1.0,10925.0,2.1450000000000005,10.0,166.93400000000003,145.0,0.9153318077803204,exp_images/audio\ENGLISH\p_woa_bucket.wav,IMG_09_E_PNA,exp_images/images/boy_filled_bucket.jpg,IMG_09,exp_images/sentences/noagent_boy_bucket.jpg,STIM_99,stimuli_list_subj_12_b.csv,PNA,passive_dropped_agent,non_agent_first,agent_dropped,1.0,1.0,5801.0,3755.0,341.3636363636364,11.0,890.2363636363636,468.39090909090913,3969.0,3357,4,908.0,0.8458049886621315,5801.0,1.7125,12.0,194.995,98.83333333333331,2.068608860541286,participant_image,5124.0,-220.0,51.4141414141414,-2.0,3.7747474747476417,42.52020202020202,-168.0,444,1,5064.0,0.1541950113378685,5124.0,0.43250000000000055,-2.0,-28.06099999999998,46.166666666666686,-1.1532770527609655,-0.43250000000000055,0.06358966963694639,-0.25780945369310204,-0.24641111513084843,0.6615144267904968,-0.32762857740836543,-0.02134900996097454
edf48,22,Punjabi,sentence_audio,active,10997.0,3283.0,298.45454545454544,11.0,822.2363636363639,654.9545454545455,3500.0,1286,4,6488.0,0.3674285714285713,10997.0,1.951818181818182,11.0,224.05818181818185,135.27272727272728,1.0002728016731837,exp_images/audio\PUNJABI\fed.wav,IMG_16_P_ACT,exp_images/images/girl_fed_dog.jpg,IMG_16,exp_images/sentences/Fed-dog.jpg,STIM_16,stimuli_list_subj_12_b.csv,ACT,active,agent_first,agent_overt,0.0,,6059.0,3603.0,300.25,12.0,887.7083333333335,713.2916666666665,3854.0,2107,6,1344.0,0.5467047223663726,6059.0,2.520833333333333,12.0,199.22916666666663,94.66666666666669,1.9805248390823569,participant_image,4938.0,-320.0,-1.795454545454561,-1.0,-65.47196969696961,-58.33712121212102,-354.0,-821,-2,5144.0,-0.17927615093780125,4938.0,-0.5690151515151511,-1.0,24.82901515151522,40.606060606060595,-0.9802520374091732,0.5690151515151511,-0.04595425975851241,-0.47158072941677137,-0.018304053779618773,-0.9292354684477786,0.3568230053991829,-0.22165030120069967
edf48,23,Punjabi,sentence_audio,active,10568.0,3284.0,298.54545454545456,11.0,826.1090909090909,402.75454545454534,3574.0,2852,5,5620.0,0.7979854504756575,10568.0,2.711666666666668,12.0,246.85666666666665,136.33333333333334,1.1355034065102196,exp_images/audio\PUNJABI\scooter.wav,IMG_14_P_ACT,exp_images/images/driver_wash_scooter.jpg,IMG_14,exp_images/sentences/Washed-scooter.jpg,STIM_14,stimuli_list_subj_12_b.csv,ACT,active,agent_first,agent_overt,0.0,,6056.0,3724.0,266.0,14.0,922.2142857142856,530.8071428571428,3892.0,3892,3,1186.0,1.0,6056.0,1.848,15.0,207.06133333333332,79.73333333333333,2.4768824306472923,participant_image,4512.0,-440.0,32.54545454545456,-3.0,-96.10519480519463,-128.05259740259748,-318.0,-1040,2,4434.0,-0.2020145495243425,4512.0,0.8636666666666677,-3.0,39.79533333333333,56.60000000000001,-1.3413790241370727,-0.8636666666666677,0.024744230861242018,-0.7281062602851747,-0.4745181764820781,-1.2046301143427844,-0.6222948208569951,-0.600961028221158
edf48,24,Punjabi,sentence_audio,active,10953.0,3621.0,241.4,15.0,847.3599999999999,376.6,3681.0,3018,6,5964.0,0.8198859005704972,10953.0,3.154666666666667,15.0,174.38866666666667,87.2,1.3694878115584772,exp_images/audio\PUNJABI\picture.wav,IMG_07_P_ACT,exp_images/images/artiste_drew_picture.jpg,IMG_07,exp_images/sentences/Painting.jpg,STIM_07,stimuli_list_subj_12_b.csv,ACT,active,agent_first,agent_overt,0.0,,5825.0,3715.0,232.1875,16.0,965.3125,436.15,3901.0,3577,3,1112.0,0.9169443732376312,5825.0,2.1852941176470586,17.0,132.53411764705882,77.05882352941177,2.918454935622317,participant_image,5128.0,-94.0,9.212500000000006,-1.0,-117.9525000000001,-59.549999999999955,-220.0,-559,3,4852.0,-0.09705847266713408,5128.0,0.9693725490196083,-2.0,41.854549019607845,10.141176470588235,-1.5489671240638399,-0.9693725490196083,-0.023291907719016652,0.011542353718721395,-0.018304053779618773,-0.5997679012126576,-0.6945359231299686,-0.26487148642450803
edf48,25,Punjabi,sentence_audio,passive,10902.0,3520.0,234.66666666666663,15.0,841.2600000000003,605.1399999999999,3748.0,2790,3,6184.0,0.7443970117395945,10902.0,3.2546666666666666,15.0,185.26466666666667,82.53333333333333,1.375894331315355,exp_images/audio\PUNJABI\p_sapling.wav,IMG_03_P_PWA,exp_images/images/girl_plant_tree.jpg,IMG_03,exp_images/sentences/Sapling-passive.jpg,STIM_21,stimuli_list_subj_12_b.csv,PWA,passive_with_agent,non_agent_first,agent_overt,1.0,0.0,5874.0,3674.0,244.9333333333333,15.0,865.1733333333333,454.30666666666673,3961.0,3652,4,1210.0,0.9219893966170161,5874.0,4.3375,16.0,254.14625,65.375,2.7238678924072186,participant_image,5028.0,-154.0,-10.26666666666668,0.0,-23.913333333332957,150.83333333333314,-213.0,-862,-1,4974.0,-0.17759238487742157,5028.0,-1.0828333333333338,-1.0,-68.88158333333334,17.15833333333333,-1.3479735610918635,1.0828333333333338,-0.0633941565621765,-0.11672041171548023,0.20980300757161088,-0.9807933701906792,0.7079746253109772,-0.04862606111714958
edf48,26,Punjabi,sentence_audio,passive,10548.0,3458.0,384.22222222222223,9.0,958.8888888888887,354.4666666666667,3536.0,3450,5,5886.0,0.9756787330316742,10548.0,2.7636363636363632,11.0,243.37818181818184,148.0,1.042851725445582,exp_images/audio\PUNJABI\p_frisbee.wav,IMG_12_P_PWA,exp_images/images/child_throw_frisbee.jpg,IMG_12,exp_images/sentences/Frisbee-passive.jpg,STIM_30,stimuli_list_subj_12_b.csv,PWA,passive_with_agent,non_agent_first,agent_overt,1.0,0.0,6032.0,3648.0,260.57142857142856,14.0,851.1642857142857,415.0214285714286,3717.0,3104,6,1308.0,0.8350820554210385,6032.0,3.9842857142857144,14.0,178.47214285714287,90.85714285714286,2.3209549071618043,participant_image,4516.0,-190.0,123.65079365079367,-5.0,107.72460317460298,-60.554761904761904,-181.0,346,-1,4578.0,0.14059667761063566,4516.0,-1.2206493506493512,-3.0,64.90603896103897,57.14285714285714,-1.2781031817162223,1.2206493506493512,0.21230507688012207,-0.1936780709760012,-0.9307322991845375,0.5382784665269782,0.8021603109149095,0.08566669683229422
edf48,27,Punjabi,sentence_audio,passive,11060.0,3350.0,304.54545454545456,11.0,846.4818181818181,480.08181818181816,3568.0,3568,4,6134.0,1.0,11060.0,2.22,12.0,151.43999999999997,137.33333333333334,1.08499095840868,exp_images/audio\PUNJABI\p_vase.wav,IMG_08_P_PWA,exp_images/images/boy_broke_vase.jpg,IMG_08,exp_images/sentences/Vase-passive.jpg,STIM_26,stimuli_list_subj_12_b.csv,PWA,passive_with_agent,non_agent_first,agent_overt,1.0,0.0,5715.0,3807.0,317.25,12.0,841.4416666666666,473.4083333333333,4017.0,4017,5,726.0,1.0,5715.0,2.4525,12.0,127.3225,81.0,2.0997375328083994,participant_image,5345.0,-457.0,-12.704545454545439,-1.0,5.040151515151479,6.673484848484861,-449.0,-449,-1,5408.0,0.0,5345.0,-0.23249999999999993,0.0,24.117499999999964,56.33333333333334,-1.0147465743997193,0.23249999999999993,-0.06841307875088964,-0.7644473771581984,-0.018304053779618773,-0.461441823365851,0.12684313166006586,-0.23715264027889843
edf48,28,Punjabi,sentence_audio,passive_dropped_agent,10529.0,3351.0,257.76923076923083,13.0,841.7307692307692,432.2153846153846,3483.0,3483,3,5632.0,1.0,10529.0,2.571428571428572,14.0,188.6357142857143,121.14285714285714,1.3296609364612024,exp_images/audio\PUNJABI\p_woa_box.wav,IMG_05_P_PNA,exp_images/images/man_pushed_box.jpg,IMG_05,exp_images/sentences/Pushed-box-woa.jpg,STIM_41,stimuli_list_subj_12_b.csv,PNA,passive_dropped_agent,non_agent_first,agent_dropped,1.0,1.0,6084.0,3648.0,304.0,12.0,1056.0166666666667,501.2833333333333,3820.0,3198,3,1094.0,0.8371727748691099,6084.0,2.7807692307692307,13.0,187.10461538461536,91.23076923076924,2.1367521367521367,participant_image,4445.0,-297.0,-46.23076923076917,1.0,-214.28589743589748,-69.0679487179487,-337.0,285,0,4538.0,0.1628272251308901,4445.0,-0.2093406593406586,1.0,1.531098901098943,29.912087912087898,-0.8070912002909343,0.2093406593406586,-0.13743435628563624,-0.42241333600032743,0.4379100689228405,0.4615703688119309,0.11101566529863902,0.09012968214948935
edf48,29,Punjabi,sentence_audio,passive_dropped_agent,10620.0,3598.0,359.8,10.0,749.97,494.39000000000016,3854.0,3598,3,5910.0,0.9335755059678256,10620.0,2.772,10.0,176.46200000000005,113.6,0.9416195856873824,exp_images/audio\PUNJABI\p_woa_shrub.wav,IMG_04_P_PNA,exp_images/images/man_cut_shrub.jpg,IMG_04,exp_images/sentences/Shrub-woa.jpg,STIM_40,stimuli_list_subj_12_b.csv,PNA,passive_dropped_agent,non_agent_first,agent_dropped,1.0,1.0,6148.0,3726.0,232.875,16.0,844.8562499999998,449.425,3915.0,3012,6,1386.0,0.7693486590038314,6148.0,2.450625,16.0,157.2625,67.125,2.602472348731295,participant_image,4472.0,-128.0,126.92500000000001,-6.0,-94.88624999999979,44.965000000000146,-61.0,586,-3,4524.0,0.16422684696399414,4472.0,0.32137499999999974,-6.0,19.199500000000057,46.474999999999994,-1.6608527630439127,-0.32137499999999974,0.2190457675896695,-0.0611398800273262,-1.1588393605357672,0.8400808181927379,-0.25168396286666656,-0.08250732352947049
edf48,30,Punjabi,sentence_audio,passive_dropped_agent,10528.0,3348.0,304.3636363636364,11.0,796.3727272727272,483.21818181818185,3570.0,3570,1,5540.0,1.0,10528.0,1.9418181818181817,11.0,172.47,128.9090909090909,1.0448328267477205,exp_images/audio\PUNJABI\p_woa_window.wav,IMG_02_P_PNA,exp_images/images/girl_opened_window.jpg,IMG_02,exp_images/sentences/Window-woa.jpg,STIM_38,stimuli_list_subj_12_b.csv,PNA,passive_dropped_agent,non_agent_first,agent_dropped,1.0,1.0,6148.0,3594.0,359.4,10.0,1004.77,440.44,3850.0,3850,3,1142.0,1.0,6148.0,2.7769999999999997,10.0,196.475,115.6,1.6265452179570592,participant_image,4380.0,-246.0,-55.0363636363636,1.0,-208.39727272727282,42.77818181818185,-280.0,-280,-2,4398.0,0.0,4380.0,-0.835181818181818,1.0,-24.004999999999995,13.309090909090912,-0.5817123912093387,0.835181818181818,-0.15556265428256036,-0.313389985381256,0.4379100689228405,-0.24892266740121188,0.5387255917105325,0.05175207071366894
edf48,31,English,sentence_audio,active,10338.0,3486.0,290.5,12.0,952.3833333333333,726.8583333333332,3594.0,2852,4,5520.0,0.7935447968836951,10338.0,2.4369230769230765,13.0,118.31769230769231,113.23076923076924,1.2574966144321922,exp_images/audio\ENGLISH\dug.wav,IMG_13_E_ACT,exp_images/images/dog_dug_hole.jpg,IMG_13,exp_images/sentences/active_dog_hole.jpg,STIM_67,stimuli_list_subj_12_b.csv,ACT,active,agent_first,agent_overt,0.0,,5807.0,3543.0,236.2,15.0,901.4666666666667,720.2266666666667,3641.0,2997,5,1012.0,0.8231255149684152,5807.0,2.14625,16.0,208.441875,91.125,2.755295333218529,participant_image,4531.0,-57.0,54.30000000000001,-3.0,50.91666666666663,6.631666666666547,-47.0,-145,-1,4508.0,-0.02958071808472018,4531.0,0.2906730769230763,-3.0,-90.1241826923077,22.10576923076924,-1.4977987187863369,-0.2906730769230763,0.06953085906854108,0.09063772573647906,-0.4745181764820781,-0.07915884458922201,-0.23070177421635543,-0.12484204209652709
edf48,32,English,sentence_audio,active,10800.0,3116.0,222.57142857142856,14.0,952.3071428571428,822.0857142857145,3360.0,3116,1,6092.0,0.9273809523809524,10800.0,2.2393333333333336,15.0,144.056,109.86666666666666,1.3888888888888888,exp_images/audio\ENGLISH\veg.wav,IMG_18_E_ACT,exp_images/images/boy_cut_vegetables.jpg,IMG_18,exp_images/sentences/active_boy_vegetables.jpg,STIM_72,stimuli_list_subj_12_b.csv,ACT,active,agent_first,agent_overt,0.0,,5726.0,3762.0,470.25,8.0,943.5875,733.55,3878.0,3762,4,1026.0,0.9700876740587931,5726.0,4.04,9.0,226.5888888888889,140.88888888888889,1.5717778553964372,participant_image,5074.0,-646.0,-247.67857142857144,6.0,8.719642857142844,88.53571428571456,-518.0,-646,-3,5066.0,-0.04270672167784073,5074.0,-1.8006666666666664,6.0,-82.53288888888889,-31.022222222222226,-0.18288896650754838,1.8006666666666664,-0.5521599978331307,-1.1684750882759336,1.5784453756789887,-0.7091712536914955,1.1985534852001327,0.0694385042157123
edf48,33,English,sentence_audio,active,10781.0,3507.0,389.66666666666674,9.0,856.0777777777777,434.3444444444444,3740.0,3468,4,5791.0,0.9272727272727272,10781.0,2.2288888888888887,9.0,176.72333333333333,138.88888888888889,0.8348019664224098,exp_images/audio\ENGLISH\cake.wav,IMG_15_E_ACT,exp_images/images/girl_baked_cake.jpg,IMG_15,exp_images/sentences/active_girl_cake.jpg,STIM_69,stimuli_list_subj_12_b.csv,ACT,active,agent_first,agent_overt,0.0,,5673.0,3633.0,302.75,12.0,883.4083333333333,586.9416666666667,3747.0,2624,6,866.0,0.7002935681878837,5673.0,2.2638461538461536,13.0,175.9815384615385,99.84615384615385,2.2915564956812973,participant_image,5108.0,-126.0,86.91666666666674,-3.0,-27.330555555555634,-152.59722222222234,-7.0,844,-2,4925.0,0.22697915908484356,5108.0,-0.03495726495726492,-4.0,0.7417948717948377,39.04273504273503,-1.4567545292588875,0.03495726495726492,0.1366796085753337,-0.056864454512852804,-0.4745181764820781,1.1645183462334296,-0.008160754669143164,0.15233091382893788
edf48,34,English,sentence_audio,passive,11114.0,3184.0,289.45454545454544,11.0,912.5818181818183,559.3181818181819,3428.0,3428,4,6344.0,1.0,11114.0,2.8841666666666668,12.0,127.98833333333334,131.83333333333334,1.0797192729890228,exp_images/audio\ENGLISH\p_clothes.wav,IMG_06_E_PWA,exp_images/images/women_fold_clothes.jpg,IMG_06,exp_images/sentences/passive_woman_clothes.jpg,STIM_78,stimuli_list_subj_12_b.csv,PWA,passive_with_agent,non_agent_first,agent_overt,1.0,0.0,6122.0,3758.0,417.5555555555555,9.0,915.7333333333332,510.6555555555555,3968.0,3968,5,1420.0,1.0,6122.0,2.648,10.0,215.551,101.4,1.6334531198954592,participant_image,4992.0,-574.0,-128.10101010101005,2.0,-3.1515151515149,48.66262626262636,-540.0,-540,-1,4924.0,0.0,4992.0,0.23616666666666664,2.0,-87.56266666666664,30.433333333333337,-0.5537338469064363,-0.23616666666666664,-0.3059826740042843,-1.0145597697548916,0.6660171302740702,-0.5758752150391182,-0.1934512156833997,-0.2847703488415247
edf48,35,English,sentence_audio,passive,10592.0,3338.0,222.53333333333333,15.0,959.0666666666667,573.1,3382.0,3264,5,5602.0,0.965109402720284,10592.0,4.564375,16.0,147.059375,101.5,1.5105740181268883,exp_images/audio\ENGLISH\p_letter.wav,IMG_17_E_PWA,exp_images/images/women_read_letter.jpg,IMG_17,exp_images/sentences/passive_women_letter.jpg,STIM_89,stimuli_list_subj_12_b.csv,PWA,passive_with_agent,non_agent_first,agent_overt,1.0,0.0,6081.0,3873.0,297.92307692307685,13.0,958.7769230769233,540.2692307692306,4109.0,3715,5,1092.0,0.9041129228522756,6081.0,2.5223076923076917,13.0,110.69307692307692,67.69230769230771,2.137806281861536,participant_image,4511.0,-535.0,-75.38974358974352,2.0,0.28974358974346615,32.83076923076942,-727.0,-451,0,4510.0,0.06099647986800838,4511.0,2.0420673076923084,3.0,36.36629807692307,33.80769230769229,-0.6272322637346479,-2.0420673076923084,-0.19746466793936404,-0.9311889722226605,0.6660171302740702,-0.46395684296306566,-1.4276327957355779,-0.47084522971731957
edf48,36,English,sentence_audio,passive,10851.0,3383.0,260.23076923076917,13.0,780.5538461538459,478.6153846153846,3635.0,3383,3,6146.0,0.9306740027510316,10851.0,2.2038461538461536,13.0,147.61923076923074,104.30769230769229,1.1980462630172333,exp_images/audio\ENGLISH\p_lamp.wav,IMG_01_E_PWA,exp_images/images/girl_lighted_lamp.jpg,IMG_01,exp_images/sentences/passive_girl_lamp.jpg,STIM_73,stimuli_list_subj_12_b.csv,PWA,passive_with_agent,non_agent_first,agent_overt,1.0,0.0,5762.0,3484.0,248.85714285714286,14.0,792.2357142857144,615.3357142857143,3606.0,3240,5,1058.0,0.8985024958402662,5762.0,3.2231250000000005,16.0,211.784375,97.25,2.7768136063866717,participant_image,5089.0,-101.0,11.373626373626308,-1.0,-11.681868131868441,-136.7203296703297,29.0,143,-2,5088.0,0.032171506910765424,5089.0,-1.019278846153847,-3.0,-64.16514423076927,7.057692307692292,-1.5787673433694385,1.019278846153847,-0.018842742664898444,-0.003421635581935462,-0.018304053779618773,0.2830039774096897,0.6645404652998057,0.18139520213660854
edf49,19,Punjabi,sentence_audio,active,10613.0,4211.0,350.91666666666674,12.0,984.7333333333336,454.95833333333337,4464.0,4464,5,5623.0,1.0,10613.0,3.271666666666666,12.0,109.26333333333332,43.83333333333334,1.1306887779138792,exp_images/audio\PUNJABI\letter.wav,IMG_17_P_ACT,exp_images/images/women_read_letter.jpg,IMG_17,exp_images/sentences/Letter.jpg,STIM_17,stimuli_list_subj_1_a.csv,ACT,active,agent_first,agent_overt,0.0,,6119.0,4240.0,265.0,16.0,960.4,461.31875,4504.0,4160,4,1114.0,0.9236234458259324,6119.0,2.3011764705882354,17.0,67.69470588235295,30.470588235294123,2.778231737211963,participant_image,4494.0,-29.0,85.91666666666674,-4.0,24.3333333333336,-6.3604166666666515,-40.0,304,1,4509.0,0.07637655417406763,4494.0,0.9704901960784307,-5.0,41.56862745098037,13.36274509803922,-1.6475429592980837,-0.9704901960784307,0.13462088350103246,0.15049368293910648,-0.7026252378333078,0.48546305498547027,-0.6952997411284021,-0.12546947150722013
edf49,20,Punjabi,sentence_audio,active,10922.0,3818.0,254.53333333333333,15.0,1021.4066666666668,459.77333333333337,4289.0,3713,7,5933.0,0.8657029610631849,10922.0,2.6060000000000003,15.0,134.4173333333333,46.66666666666666,1.3733748397729353,exp_images/audio\PUNJABI\bucket.wav,IMG_09_P_ACT,exp_images/images/boy_filled_bucket.jpg,IMG_09,exp_images/sentences/Bucket.jpg,STIM_09,stimuli_list_subj_1_a.csv,ACT,active,agent_first,agent_overt,0.0,,6087.0,4167.0,297.64285714285717,14.0,1016.7428571428572,468.38571428571436,4455.0,3933,8,1402.0,0.8828282828282829,6087.0,2.302142857142857,14.0,128.27928571428578,38.142857142857146,2.299983571545918,participant_image,4835.0,-349.0,-43.109523809523836,1.0,4.663809523809505,-8.612380952380988,-166.0,-220,-1,4531.0,-0.017125321765097956,4835.0,0.30385714285714327,1.0,6.138047619047512,8.523809523809511,-0.9266087317729825,-0.30385714285714327,-0.1310085700738705,-0.5335743993766355,0.4379100689228405,-0.17347207948477192,-0.23971197719007917,-0.12797139144050335
edf49,21,Punjabi,sentence_audio,active,10275.0,3961.0,330.0833333333333,12.0,1010.6333333333336,534.0166666666665,4191.0,3453,10,5410.0,0.8239083750894775,10275.0,5.553076923076923,13.0,173.7269230769231,62.615384615384606,1.265206812652068,exp_images/audio\PUNJABI\clothes.wav,IMG_06_P_ACT,exp_images/images/women_fold_clothes.jpg,IMG_06,exp_images/sentences/Folded-clothes.jpg,STIM_06,stimuli_list_subj_1_a.csv,ACT,active,agent_first,agent_overt,0.0,,6144.0,4360.0,396.3636363636364,11.0,981.381818181818,479.09090909090895,4664.0,3392,4,1490.0,0.7272727272727273,6144.0,2.4436363636363634,11.0,73.54636363636364,29.63636363636364,1.7903645833333333,participant_image,4131.0,-399.0,-66.28030303030306,1.0,29.251515151515605,54.925757575757586,-473.0,61,6,3920.0,0.09663564781675016,4131.0,3.10944055944056,2.0,100.18055944055946,32.979020979020966,-0.5251577706812653,-3.10944055944056,-0.17871083424678713,-0.6404600372384702,0.4379100689228405,0.17988817392388845,-2.157092864812204,-0.47169309869014653
edf49,22,Punjabi,sentence_audio,passive,10391.0,3835.0,239.6875,16.0,886.95,466.1,3999.0,3727,8,5426.0,0.9319829957489372,10391.0,2.5023529411764707,17.0,117.81176470588234,58.470588235294116,1.636031180829564,exp_images/audio\PUNJABI\p_door.wav,IMG_10_P_PWA,exp_images/images/boy_opened_door.jpg,IMG_10,exp_images/sentences/Closed-door-passive.jpg,STIM_28,stimuli_list_subj_1_a.csv,PWA,passive_with_agent,non_agent_first,agent_overt,1.0,0.0,6134.0,4276.0,237.55555555555557,18.0,941.7722222222225,434.05,4465.0,4197,11,1145.0,0.9399776035834266,6134.0,2.4683333333333333,18.0,77.07944444444443,29.11111111111111,2.9344636452559505,participant_image,4257.0,-441.0,2.1319444444444287,-2.0,-54.82222222222242,32.05000000000001,-466.0,-470,-3,4281.0,-0.007994607834489464,4257.0,0.0340196078431374,-1.0,40.732320261437906,29.359477124183005,-1.2984324644263865,-0.0340196078431374,-0.03786882498122195,-0.7302439730424113,-0.24641111513084843,-0.48784952913660495,-0.05530066033499973,-0.31153482052521725
edf49,23,Punjabi,sentence_audio,passive,10280.0,4100.0,273.3333333333333,15.0,854.8466666666666,464.8133333333333,4138.0,3996,10,5290.0,0.9656839052682455,10280.0,4.250000000000001,16.0,132.10125000000002,54.375,1.5564202334630348,exp_images/audio\PUNJABI\p_lamp.wav,IMG_01_P_PWA,exp_images/images/girl_lighted_lamp.jpg,IMG_01,exp_images/sentences/Lamp-passive.jpg,STIM_19,stimuli_list_subj_1_a.csv,PWA,passive_with_agent,non_agent_first,agent_overt,1.0,0.0,5776.0,3976.0,220.88888888888889,18.0,931.4333333333336,493.5,4199.0,4199,9,787.0,1.0,5776.0,3.287222222222223,18.0,96.92833333333334,43.88888888888889,3.1163434903047094,participant_image,4504.0,124.0,52.44444444444443,-3.0,-76.58666666666704,-28.686666666666724,-61.0,-203,1,4503.0,-0.034316094731754454,4504.0,0.9627777777777777,-2.0,35.17291666666668,10.486111111111107,-1.5599232568416745,-0.9627777777777777,0.0657107803195598,0.4775637347963207,-0.4745181764820781,-0.15209441290844727,-0.6900289502620136,-0.15467340490733167
edf49,24,Punjabi,sentence_audio,passive,11072.0,3608.0,212.2352941176471,17.0,950.5588235294119,525.6705882352941,3818.0,3818,8,6082.0,1.0,11072.0,3.721176470588236,17.0,124.59176470588233,68.94117647058823,1.5354046242774568,exp_images/audio\PUNJABI\p_scooter.wav,IMG_14_P_PWA,exp_images/images/driver_wash_scooter.jpg,IMG_14,exp_images/sentences/Washed-scooter-passive.jpg,STIM_32,stimuli_list_subj_1_a.csv,PWA,passive_with_agent,non_agent_first,agent_overt,1.0,0.0,5934.0,4096.0,273.06666666666666,15.0,926.8466666666666,566.4600000000003,4389.0,4047,6,943.0,0.9220779220779219,5934.0,4.983333333333333,15.0,103.45866666666667,40.13333333333333,2.527805864509605,participant_image,5138.0,-488.0,-60.83137254901956,2.0,23.71215686274536,-40.78941176470619,-571.0,-229,2,5139.0,0.07792207792207806,5138.0,-1.2621568627450972,2.0,21.133098039215653,28.8078431372549,-0.9924012402321483,1.2621568627450972,-0.1674929844368444,-0.8307164726325359,0.6660171302740702,-0.18478966767223792,0.8305272131124015,0.06270904372897071
edf49,25,Punjabi,sentence_audio,passive_dropped_agent,11098.0,4030.0,403.0,10.0,1015.63,416.0,4276.0,2740,6,6588.0,0.6407857811038353,11098.0,2.4360000000000004,10.0,113.335,71.4,0.9010632546404757,exp_images/audio\PUNJABI\p_woa_box.wav,IMG_05_P_PNA,exp_images/images/man_pushed_box.jpg,IMG_05,exp_images/sentences/Pushed-box-woa.jpg,STIM_41,stimuli_list_subj_1_a.csv,PNA,passive_dropped_agent,non_agent_first,agent_dropped,1.0,1.0,5819.0,3591.0,224.4375,16.0,909.7125,398.05,3762.0,3762,10,891.0,1.0,5819.0,3.954375,16.0,138.90375,72.875,2.7496133356246784,participant_image,5279.0,439.0,178.5625,-6.0,105.91750000000002,17.94999999999999,514.0,-1022,-4,5697.0,-0.35921421889616467,5279.0,-1.5183749999999998,-6.0,-25.56875000000001,-1.4749999999999943,-1.8485500809842028,1.5183749999999998,0.3253531836139004,1.150943253325879,-1.1588393605357672,-1.1819949379678525,1.0056308142140036,0.028218590530032683
edf49,26,Punjabi,sentence_audio,passive_dropped_agent,11080.0,4062.0,338.5,12.0,832.2166666666667,656.475,4324.0,3764,6,6092.0,0.8704902867715079,11080.0,3.0424999999999986,12.0,120.67166666666668,55.33333333333334,1.083032490974729,exp_images/audio\PUNJABI\p_woa_sapling.wav,IMG_03_P_PNA,exp_images/images/girl_plant_tree.jpg,IMG_03,exp_images/sentences/Sapling-woa.jpg,STIM_39,stimuli_list_subj_1_a.csv,PNA,passive_dropped_agent,non_agent_first,agent_dropped,1.0,1.0,6088.0,4132.0,243.05882352941174,17.0,926.5470588235297,478.54117647058814,4330.0,2956,8,1098.0,0.6826789838337183,6088.0,4.630000000000001,17.0,105.35588235294115,38.8235294117647,2.7923784494086727,participant_image,4992.0,-70.0,95.44117647058826,-5.0,-94.33039215686301,177.93382352941188,-6.0,808,-2,4994.0,0.18781130293778958,4992.0,-1.5875000000000021,-5.0,15.31578431372553,16.50980392156864,-1.7093459584339437,1.5875000000000021,0.1542292306547938,0.06284745989240205,-0.9307322991845375,1.1192479934835657,1.0528719523934869,0.2916928674479422
edf49,27,Punjabi,sentence_audio,passive_dropped_agent,11042.0,3940.0,303.07692307692315,13.0,868.7153846153847,369.4,4132.0,4132,6,6122.0,1.0,11042.0,1.7900000000000005,14.0,152.22142857142856,74.28571428571429,1.2678862524904908,exp_images/audio\PUNJABI\p_woa_shrub.wav,IMG_04_P_PNA,exp_images/images/man_cut_shrub.jpg,IMG_04,exp_images/sentences/Shrub-woa.jpg,STIM_40,stimuli_list_subj_1_a.csv,PNA,passive_dropped_agent,non_agent_first,agent_dropped,1.0,1.0,5885.0,4179.0,261.1875,16.0,919.76875,487.3875,4456.0,4456,6,895.0,1.0,5885.0,3.29625,16.0,85.40937500000003,33.375,2.7187765505522514,participant_image,5157.0,-239.0,41.88942307692315,-3.0,-51.05336538461529,-117.98750000000001,-324.0,-324,0,5227.0,0.0,5157.0,-1.5062499999999996,-2.0,66.81205357142854,40.91071428571429,-1.4508902980617606,1.5062499999999996,0.04398089317045826,-0.29842599608059917,-0.4745181764820781,-0.3042530985399345,0.9973443939546731,-0.007174396795496074
edf49,28,English,sentence_audio,active,10951.0,3869.0,257.93333333333334,15.0,893.8466666666666,689.3,4104.0,2292,7,5961.0,0.5584795321637427,10951.0,2.7426666666666666,15.0,121.67466666666668,59.06666666666667,1.369737923477308,exp_images/audio\ENGLISH\dug.wav,IMG_13_E_ACT,exp_images/images/dog_dug_hole.jpg,IMG_13,exp_images/sentences/active_dog_hole.jpg,STIM_67,stimuli_list_subj_1_a.csv,ACT,active,agent_first,agent_overt,0.0,,5726.0,3994.0,249.625,16.0,876.1250000000001,662.95,4236.0,2726,6,1000.0,0.6435316336166195,5726.0,3.332941176470588,17.0,128.76529411764707,45.88235294117647,2.9689137268599373,participant_image,5225.0,-125.0,8.308333333333337,-1.0,17.721666666666465,26.34999999999991,-132.0,-434,1,4961.0,-0.08505210145287678,5225.0,-0.5902745098039213,-2.0,-7.090627450980392,13.184313725490199,-1.5991758033826293,0.5902745098039213,-0.025153338307030704,-0.054726741755616114,-0.018304053779618773,-0.442579176386741,0.37135199321150686,-0.033882263403499945
edf49,29,English,sentence_audio,active,11042.0,4248.0,265.5,16.0,1032.95625,365.95,4280.0,3890,10,6052.0,0.9088785046728972,11042.0,3.965,16.0,108.146875,44.375,1.4490128599891323,exp_images/audio\ENGLISH\frisbee.wav,IMG_12_E_ACT,exp_images/images/child_throw_frisbee.jpg,IMG_12,exp_images/sentences/active_child_frisbee.jpg,STIM_66,stimuli_list_subj_1_a.csv,ACT,active,agent_first,agent_overt,0.0,,5930.0,3842.0,274.42857142857144,14.0,1051.3428571428572,436.9428571428571,4104.0,3754,4,940.0,0.9147173489278752,5930.0,3.232857142857143,14.0,144.56428571428572,63.28571428571429,2.360876897133221,participant_image,5112.0,406.0,-8.928571428571445,2.0,-18.3866071428572,-70.99285714285713,176.0,136,6,5112.0,-0.005838844254977937,5112.0,0.7321428571428568,2.0,-36.41741071428572,-18.910714285714292,-0.9118640371440885,-0.7321428571428568,-0.06063938634370673,1.0803987323370683,0.6660171302740702,0.2742014088194384,-0.5324093313871046,0.28551371073995313
edf49,30,English,sentence_audio,active,10227.0,3911.0,279.35714285714283,14.0,1002.65,465.8714285714285,4131.0,3036,6,5492.0,0.7349310094408134,10227.0,4.4264285714285725,14.0,186.21785714285718,61.28571428571429,1.3689253935660506,exp_images/audio\ENGLISH\tabla.wav,IMG_11_E_ACT,exp_images/images/child_play_tabla.jpg,IMG_11,exp_images/sentences/active_child_tabla.jpg,STIM_65,stimuli_list_subj_1_a.csv,ACT,active,agent_first,agent_overt,0.0,,6120.0,3976.0,233.88235294117646,17.0,975.3529411764708,492.4352941176471,4265.0,2660,7,1462.0,0.6236811254396248,6120.0,3.707647058823529,17.0,112.90117647058821,42.588235294117645,2.7777777777777777,participant_image,4107.0,-65.0,45.47478991596637,-3.0,27.29705882352914,-26.563865546218608,-134.0,376,-1,4030.0,0.11124988400118851,4107.0,0.7187815126050436,-3.0,73.31668067226897,18.697478991596647,-1.408852384211727,-0.7187815126050436,0.05136217778256475,0.07353602367858551,-0.4745181764820781,0.5760037604851982,-0.5232779733607105,-0.059378837579288024
edf49,31,English,sentence_audio,passive,11110.0,4160.0,297.14285714285717,14.0,920.6285714285713,301.86428571428576,4432.0,4174,8,6120.0,0.9417870036101084,11110.0,3.1433333333333326,15.0,111.788,38.266666666666666,1.35013501350135,exp_images/audio\ENGLISH\p_artist.wav,IMG_07_E_PWA,exp_images/images/artiste_drew_picture.jpg,IMG_07,exp_images/sentences/passive_artist_picture.jpg,STIM_79,stimuli_list_subj_1_a.csv,PWA,passive_with_agent,non_agent_first,agent_overt,1.0,0.0,5932.0,4114.0,228.55555555555557,18.0,925.6888888888888,340.2888888888889,4350.0,4350,9,942.0,1.0,5932.0,3.525555555555555,18.0,92.4277777777778,35.555555555555564,3.034389750505732,participant_image,5178.0,46.0,68.5873015873016,-4.0,-5.060317460317492,-38.424603174603135,82.0,-176,-1,5178.0,-0.058212996389891636,5178.0,-0.38222222222222246,-3.0,19.36022222222219,2.7111111111111015,-1.6842547370043819,0.38222222222222246,0.09894448509042292,0.31082213973185857,-0.7026252378333078,-0.1181416483460493,0.229165709432783,-0.036366910384858515
edf49,32,English,sentence_audio,passive,10992.0,4500.0,642.8571428571429,7.0,905.9428571428572,499.0,4754.0,4502,5,6004.0,0.9469920067311738,10992.0,3.04,7.0,83.2057142857143,33.42857142857143,0.6368267831149926,exp_images/audio\ENGLISH\p_cake.wav,IMG_15_E_PWA,exp_images/images/girl_baked_cake.jpg,IMG_15,exp_images/sentences/passive_girl_cake.jpg,STIM_87,stimuli_list_subj_1_a.csv,PWA,passive_with_agent,non_agent_first,agent_overt,1.0,0.0,5915.0,4011.0,286.5,14.0,923.6142857142858,417.4214285714287,4309.0,3721,4,1356.0,0.8635414249245764,5915.0,1.9866666666666668,15.0,132.632,49.2,2.53592561284869,participant_image,5077.0,489.0,356.3571428571429,-7.0,-17.671428571428578,81.57857142857131,445.0,781,1,4648.0,0.08345058180659737,5077.0,1.0533333333333332,-8.0,-49.42628571428571,-15.771428571428572,-1.8990988297336973,-1.0533333333333332,0.6913834729403364,1.2578288911877138,-1.3869464218869967,1.0852952289211677,-0.7519160752228776,0.1791290191878687
edf49,33,English,sentence_audio,passive,10674.0,3750.0,267.85714285714283,14.0,1009.2571428571428,395.3714285714285,4095.0,3591,7,5683.0,0.8769230769230769,10674.0,2.935714285714285,14.0,146.9207142857143,64.0,1.3115982761851228,exp_images/audio\ENGLISH\p_window.wav,IMG_02_E_PWA,exp_images/images/girl_opened_window.jpg,IMG_02,exp_images/sentences/passive_girl_window.jpg,STIM_74,stimuli_list_subj_1_a.csv,PWA,passive_with_agent,non_agent_first,agent_overt,1.0,0.0,5892.0,4312.0,359.33333333333326,12.0,979.7583333333333,399.775,4553.0,4312,5,1174.0,0.9470678673402152,5892.0,2.0725,12.0,76.81,36.16666666666666,2.0366598778004072,participant_image,4782.0,-562.0,-91.47619047619042,2.0,29.498809523809427,-4.4035714285714675,-458.0,-721,2,4509.0,-0.07014479041713828,4782.0,0.8632142857142853,2.0,70.1107142857143,27.833333333333343,-0.7250616016152844,-0.8632142857142853,-0.2305822395009076,-0.9889072166680513,0.6660171302740702,-0.8034844885870454,-0.6219856564290563,-0.39578849418219814
edf49,34,English,sentence_audio,passive_dropped_agent,10465.0,4083.0,272.2,15.0,917.0066666666668,693.14,4325.0,2251,6,5930.0,0.5204624277456648,10465.0,2.507333333333333,15.0,102.98266666666667,44.26666666666666,1.4333492594362158,exp_images/audio\ENGLISH\p_woa_fed.wav,IMG_16_E_PNA,exp_images/images/girl_fed_dog.jpg,IMG_16,exp_images/sentences/noagent_girl_dog.jpg,STIM_106,stimuli_list_subj_1_a.csv,PNA,passive_dropped_agent,non_agent_first,agent_dropped,1.0,1.0,5689.0,4287.0,329.76923076923083,13.0,957.3923076923076,585.4230769230769,4535.0,3859,6,972.0,0.8509371554575523,5689.0,3.2092307692307687,13.0,83.5623076923077,34.92307692307692,2.2851116189136933,participant_image,4776.0,-204.0,-57.56923076923084,2.0,-40.38564102564078,107.71692307692308,-210.0,-1608,0,4958.0,-0.3304747277118876,4776.0,-0.7018974358974357,2.0,19.420358974358976,9.343589743589739,-0.8517623594774775,0.7018974358974357,-0.16077713135886765,-0.22360604957731492,0.6660171302740702,-1.9188956799517491,0.4476368984640462,-0.23792496642996305
edf49,35,English,sentence_audio,passive_dropped_agent,10908.0,4180.0,321.53846153846155,13.0,995.4846153846154,756.9076923076923,4427.0,4275,4,5917.0,0.965665236051502,10908.0,2.3961538461538465,13.0,86.41538461538461,43.384615384615394,1.1917858452511918,exp_images/audio\ENGLISH\p_woa_veg.wav,IMG_18_E_PNA,exp_images/images/boy_cut_vegetables.jpg,IMG_18,exp_images/sentences/noagent_boy_vegetables.jpg,STIM_108,stimuli_list_subj_1_a.csv,PNA,passive_dropped_agent,non_agent_first,agent_dropped,1.0,1.0,6124.0,4246.0,386.0,11.0,975.3272727272728,550.4909090909091,4550.0,4550,7,1132.0,1.0,6124.0,4.6463636363636365,11.0,98.94363636363636,40.18181818181818,1.7962116263879817,participant_image,4784.0,-66.0,-64.46153846153845,2.0,20.15734265734261,206.4167832167832,-123.0,-275,-3,4785.0,-0.03433476394849799,4784.0,-2.25020979020979,2.0,-12.528251748251748,3.202797202797214,-0.6044257811367899,2.25020979020979,-0.17496649802482073,0.07139831092134882,0.6660171302740702,-0.2426351184081752,1.5057784952100637,0.3651184639944973
edf49,36,English,sentence_audio,passive_dropped_agent,10994.0,4170.0,278.0,15.0,898.4866666666666,428.2666666666667,4459.0,4459,9,6005.0,1.0,10994.0,2.051333333333333,15.0,94.30733333333332,35.333333333333336,1.3643805712206658,exp_images/audio\ENGLISH\p_woa_vase.wav,IMG_08_E_PNA,exp_images/images/boy_broke_vase.jpg,IMG_08,exp_images/sentences/noagent_boy_vase.jpg,STIM_98,stimuli_list_subj_1_a.csv,PNA,passive_dropped_agent,non_agent_first,agent_dropped,1.0,1.0,5958.0,4160.0,244.70588235294116,17.0,849.6235294117647,440.5941176470588,4472.0,4228,11,976.0,0.945438282647585,5958.0,2.31,18.0,113.62611111111113,39.111111111111114,3.0211480362537766,participant_image,5036.0,10.0,33.29411764705884,-2.0,48.86313725490186,-12.327450980392086,-13.0,231,-2,5029.0,0.054561717352414996,5036.0,-0.25866666666666704,-3.0,-19.31877777777781,-3.7777777777777786,-1.6567674650331108,0.25866666666666704,0.026285522360718894,0.23386448047133754,-0.24641111513084843,0.393664839687135,0.1447258530444631,0.1104259160865612
edf50,19,Punjabi,sentence_audio,passive,10402.0,2760.0,197.14285714285717,14.0,772.1642857142857,696.7714285714287,2932.0,2632,6,5410.0,0.8976807639836291,10402.0,5.707142857142856,14.0,208.06571428571425,147.14285714285714,1.3458950201884254,exp_images/audio\PUNJABI\p_letter.wav,IMG_17_P_PWA,exp_images/images/women_read_letter.jpg,IMG_17,exp_images/sentences/Letter-passive.jpg,STIM_35,stimuli_list_subj_2_a.csv,PWA,passive_with_agent,non_agent_first,agent_overt,1.0,0.0,5776.0,3022.0,215.85714285714286,14.0,901.5214285714287,652.7714285714286,3286.0,2576,3,1384.0,0.7839318320146075,5776.0,2.955625,16.0,218.813125,111.25,2.770083102493075,participant_image,4626.0,-262.0,-18.714285714285694,0.0,-129.357142857143,44.000000000000114,-354.0,56,3,4026.0,0.11374893196902158,4626.0,2.7515178571428565,-2.0,-10.747410714285763,35.89285714285714,-1.4241880823046495,-2.7515178571428565,-0.08078548171365463,-0.3475933894970431,0.20980300757161088,0.1736006249308518,-1.912482726124041,-0.3914915929664552
edf50,20,Punjabi,sentence_audio,passive,11108.0,3628.0,226.75,16.0,951.5375,594.7375000000002,3794.0,3462,6,6116.0,0.9124934106483922,11108.0,1.8500000000000003,17.0,123.58470588235296,71.52941176470588,1.5304285199855958,exp_images/audio\PUNJABI\p_bucket.wav,IMG_09_P_PWA,exp_images/images/boy_filled_bucket.jpg,IMG_09,exp_images/sentences/Bucket-passive.jpg,STIM_27,stimuli_list_subj_2_a.csv,PWA,passive_with_agent,non_agent_first,agent_overt,1.0,0.0,6111.0,3105.0,3105.0,1.0,942.9,598.1,4792.0,4792,1,1119.0,1.0,6111.0,1.59,1.0,393.49,200.0,0.16363933889707086,participant_image,4997.0,523.0,-2878.25,15.0,8.637500000000045,-3.362499999999841,-998.0,-1330,5,4997.0,-0.08750658935160782,4997.0,0.26000000000000023,16.0,-269.90529411764703,-128.47058823529412,1.3667891810885249,-0.26000000000000023,-5.967783357573596,1.3305111249337613,3.631408927840056,-1.5693079559389107,-0.2097392994921181,-0.5569821120461615
edf50,21,Punjabi,sentence_audio,passive,11048.0,3310.0,275.8333333333333,12.0,759.65,686.8916666666668,3513.0,3144,5,6610.0,0.8949615713065756,11048.0,8.332500000000001,12.0,187.11,123.33333333333331,1.0861694424330195,exp_images/audio\PUNJABI\p_clothes.wav,IMG_06_P_PWA,exp_images/images/women_fold_clothes.jpg,IMG_06,exp_images/sentences/Folded-clothes-passive.jpg,STIM_24,stimuli_list_subj_2_a.csv,PWA,passive_with_agent,non_agent_first,agent_overt,1.0,0.0,5738.0,4048.0,506.0,8.0,919.2125,536.0500000000002,4302.0,4302,3,944.0,1.0,5738.0,2.478888888888889,9.0,149.62111111111108,82.0,1.5684907633321714,participant_image,5310.0,-738.0,-230.16666666666669,4.0,-159.5625,150.84166666666658,-789.0,-1158,2,5666.0,-0.10503842869342439,5310.0,5.853611111111112,3.0,37.48888888888894,41.333333333333314,-0.4823213208991519,-5.853611111111112,-0.5161078004010219,-1.3651446619417096,1.1222312529765295,-1.3530162705784496,-4.0325032115685575,-1.228908138302642
edf50,22,Punjabi,sentence_audio,passive_dropped_agent,11152.0,4256.0,608.0,7.0,848.1,643.4,4411.0,4411,4,6159.0,1.0,11152.0,1.91,7.0,147.05571428571423,83.14285714285714,0.6276901004304161,exp_images/audio\PUNJABI\p_woa_door.wav,IMG_10_P_PNA,exp_images/images/boy_opened_door.jpg,IMG_10,exp_images/sentences/Closed-door-woa.jpg,STIM_46,stimuli_list_subj_2_a.csv,PNA,passive_dropped_agent,non_agent_first,agent_dropped,1.0,1.0,6044.0,3442.0,229.46666666666667,15.0,867.7066666666667,569.3133333333334,3582.0,3582,6,1086.0,1.0,6044.0,2.184705882352941,17.0,171.12823529411762,93.05882352941177,2.8127068166776965,participant_image,5108.0,814.0,378.5333333333333,-8.0,-19.606666666666683,74.08666666666659,829.0,829,-2,5073.0,0.0,5108.0,-0.27470588235294113,-10.0,-24.072521008403385,-9.91596638655463,-2.18501671624728,0.27470588235294113,0.7370381523261503,1.9525855372896392,-1.6150534832382264,1.1456556992543196,0.15568731133778363,0.4751826433939332
edf50,23,Punjabi,sentence_audio,passive_dropped_agent,10816.0,3282.0,172.73684210526315,19.0,704.5052631578948,771.3210526315789,3308.0,1760,6,6278.0,0.532043530834341,10816.0,6.240000000000001,20.0,180.492,88.0,1.8491124260355027,exp_images/audio\PUNJABI\p_woa_lamp.wav,IMG_01_P_PNA,exp_images/images/girl_lighted_lamp.jpg,IMG_01,exp_images/sentences/Lamp-woa.jpg,STIM_37,stimuli_list_subj_2_a.csv,PNA,passive_dropped_agent,non_agent_first,agent_dropped,1.0,1.0,5874.0,4094.0,511.75,8.0,934.8625,688.6625,4274.0,3240,3,882.0,0.7580720636406177,5874.0,3.535,8.0,155.185,89.75,1.3619339462036093,participant_image,4942.0,-812.0,-339.0131578947369,11.0,-230.35723684210518,82.65855263157891,-966.0,-1480,3,5396.0,-0.22602853280627677,4942.0,2.705000000000001,12.0,25.306999999999988,-1.75,0.48717847983189344,-2.705000000000001,-0.7401928011419614,-1.5233354059772248,2.718980682435137,-1.7579344257300107,-1.8806916734354475,-0.6366347247699015
edf50,24,Punjabi,sentence_audio,passive_dropped_agent,11040.0,3632.0,242.13333333333333,15.0,1042.8866666666663,771.3266666666666,3774.0,3774,2,6182.0,1.0,11040.0,2.165625,16.0,146.08687500000005,84.875,1.4492753623188408,exp_images/audio\PUNJABI\p_woa_scooter.wav,IMG_14_P_PNA,exp_images/images/driver_wash_scooter.jpg,IMG_14,exp_images/sentences/Washed-scooter-woa.jpg,STIM_50,stimuli_list_subj_2_a.csv,PNA,passive_dropped_agent,non_agent_first,agent_dropped,1.0,1.0,5901.0,3905.0,260.3333333333333,15.0,967.3266666666664,642.2733333333333,4072.0,3919,2,909.0,0.9624263261296658,5901.0,3.1993333333333336,15.0,125.27,61.33333333333334,2.541942043721403,participant_image,5139.0,-273.0,-18.19999999999999,0.0,75.55999999999995,129.05333333333328,-298.0,-145,0,5273.0,0.03757367387033417,5139.0,-1.0337083333333337,1.0,20.816875000000053,23.541666666666657,-1.0926666814025623,1.0337083333333337,-0.07972670881829971,-0.37110822982664676,0.20980300757161088,-0.07915884458922201,0.6744018092087416,0.0708422067092368
edf50,25,English,sentence_audio,active,10921.0,3217.0,189.2352941176471,17.0,828.1117647058824,606.7235294117646,3257.0,2013,7,5928.0,0.618053423395763,10921.0,5.157647058823528,17.0,139.36117647058822,102.11764705882355,1.5566340078747367,exp_images/audio\ENGLISH\box.wav,IMG_05_E_ACT,exp_images/images/man_pushed_box.jpg,IMG_05,exp_images/sentences/active_man_box.jpg,STIM_59,stimuli_list_subj_2_a.csv,ACT,active,agent_first,agent_overt,0.0,,5776.0,3812.0,238.25,16.0,887.30625,543.775,3875.0,2873,6,783.0,0.7414193548387097,5776.0,2.766875,16.0,145.8935294117647,66.94117647058823,2.770083102493075,participant_image,5145.0,-595.0,-49.0147058823529,1.0,-59.19448529411761,62.94852941176464,-618.0,-860,1,5145.0,-0.12336593144294672,5145.0,2.390772058823528,1.0,-6.53235294117647,35.17647058823532,-1.2134490946183383,-2.390772058823528,-0.14316571647551796,-1.0594517376568622,0.4379100689228405,-0.9782783505934646,-1.6659432381519497,-0.6817857947909908
edf50,26,English,sentence_audio,active,10187.0,3779.0,269.92857142857144,14.0,896.2071428571428,647.7285714285715,3967.0,3499,2,5194.0,0.8820267204436602,10187.0,2.033571428571429,14.0,106.975,73.28571428571429,1.37430057916953,exp_images/audio\ENGLISH\sapling.wav,IMG_03_E_ACT,exp_images/images/girl_plant_tree.jpg,IMG_03,exp_images/sentences/active_girl_sapling.jpg,STIM_57,stimuli_list_subj_2_a.csv,ACT,active,agent_first,agent_overt,0.0,,6022.0,3804.0,237.75,16.0,772.0749999999997,676.09375,4038.0,3800,3,1030.0,0.941059930658742,6022.0,1.9675,16.0,107.280625,59.625,2.6569246097641983,participant_image,4165.0,-25.0,32.178571428571445,-2.0,124.1321428571431,-28.365178571428487,-71.0,-301,-1,4164.0,-0.0590332102150819,4165.0,0.06607142857142878,-2.0,-0.30562500000000625,13.660714285714292,-1.2826240305946683,-0.06607142857142878,0.023988919389176952,0.15904453396805326,-0.24641111513084843,-0.27533037317196585,-0.0772053907788216,-0.08318268514488114
edf50,27,English,sentence_audio,active,10570.0,3184.0,289.45454545454544,11.0,912.9272727272728,554.9454545454545,3358.0,3358,4,5734.0,1.0,10570.0,2.9291666666666667,12.0,129.15416666666667,147.33333333333334,1.1352885525070957,exp_images/audio\ENGLISH\shrub.wav,IMG_04_E_ACT,exp_images/images/man_cut_shrub.jpg,IMG_04,exp_images/sentences/active_man_shrub.jpg,STIM_58,stimuli_list_subj_2_a.csv,ACT,active,agent_first,agent_overt,0.0,,5695.0,4615.0,4615.0,1.0,827.7,518.3,4966.0,4966,1,703.0,1.0,5695.0,2.01,1.0,76.55,26.0,0.17559262510974538,participant_image,4875.0,-1431.0,-4325.545454545455,10.0,85.22727272727275,36.64545454545453,-1608.0,-1608,3,5031.0,0.0,4875.0,0.9191666666666669,11.0,52.60416666666667,121.33333333333334,0.9596959273973503,-0.9191666666666669,-8.947366799768552,-2.8465796027067385,2.4908736210839075,-1.9188956799517491,-0.6602244146213523,-2.3764385751928967
edf50,28,English,sentence_audio,passive,10389.0,3771.0,221.82352941176467,17.0,823.2176470588234,713.3294117647059,3959.0,2873,4,5398.0,0.7256883051275574,10389.0,1.854117647058824,17.0,110.62117647058822,60.70588235294117,1.6363461353354511,exp_images/audio\ENGLISH\p_dug.wav,IMG_13_E_PWA,exp_images/images/dog_dug_hole.jpg,IMG_13,exp_images/sentences/passive_dog_hole.jpg,STIM_85,stimuli_list_subj_2_a.csv,PWA,passive_with_agent,non_agent_first,agent_overt,1.0,0.0,5797.0,3918.0,230.4705882352941,17.0,801.7823529411763,802.9235294117647,4084.0,1360,4,910.0,0.3330068560235064,5797.0,2.184444444444444,18.0,118.42736842105263,53.57894736842106,3.1050543384509237,participant_image,4592.0,-147.0,-8.64705882352942,0.0,21.435294117647118,-89.59411764705874,-125.0,1513,0,4488.0,0.39268144910405106,4592.0,-0.3303267973856199,-1.0,-7.8061919504644095,7.126934984520105,-1.4687082031154726,0.3303267973856199,-0.06005982928497485,-0.10175642241482337,0.20980300757161088,2.005792401501735,0.1936995403826731,0.4494957395512441
edf50,29,English,sentence_audio,passive,10359.0,2618.0,238.0,11.0,975.7454545454547,409.74545454545466,2887.0,1502,6,5936.0,0.5202632490474541,10359.0,2.748333333333333,12.0,161.20833333333334,176.33333333333337,1.1584129742253113,exp_images/audio\ENGLISH\p_frisbee.wav,IMG_12_E_PWA,exp_images/images/child_throw_frisbee.jpg,IMG_12,exp_images/sentences/passive_child_frisbee.jpg,STIM_84,stimuli_list_subj_2_a.csv,PWA,passive_with_agent,non_agent_first,agent_overt,1.0,0.0,5771.0,3681.0,193.73684210526315,19.0,930.9210526315793,472.89473684210526,3805.0,2537,7,1158.0,0.666754270696452,5771.0,3.4865000000000004,20.0,116.794,65.6,3.4656038814763472,participant_image,4588.0,-1063.0,44.26315789473685,-8.0,44.82440191387536,-63.1492822966506,-918.0,-1035,-1,4778.0,-0.14649102164899785,4588.0,-0.7381666666666673,-8.0,44.414333333333346,110.73333333333338,-2.307190907251036,0.7381666666666673,0.04886776055963323,-2.059901308043635,-1.6150534832382264,-1.1983425653497477,0.4724238748464372,-0.8704011442451078
edf50,30,English,sentence_audio,passive,10674.0,4206.0,350.5,12.0,816.5416666666665,533.5333333333333,4406.0,4026,4,5918.0,0.9137539718565592,10674.0,2.2525,12.0,118.26538461538463,46.615384615384606,1.1242270938729624,exp_images/audio\ENGLISH\p_tabla.wav,IMG_11_E_PWA,exp_images/images/child_play_tabla.jpg,IMG_11,exp_images/sentences/passive_child_tabla.jpg,STIM_83,stimuli_list_subj_2_a.csv,PWA,passive_with_agent,non_agent_first,agent_overt,1.0,0.0,6041.0,3901.0,278.64285714285717,14.0,811.4428571428572,680.7785714285714,3915.0,3057,4,1048.0,0.7808429118773946,6041.0,2.3821428571428576,14.0,168.15642857142856,77.0,2.317497103128621,participant_image,4633.0,305.0,71.85714285714283,-2.0,5.0988095238093365,-147.24523809523805,491.0,969,0,4870.0,0.13291105997916453,4633.0,-0.12964285714285761,-2.0,-49.89104395604393,-30.384615384615394,-1.1932700092556587,0.12964285714285761,0.10567618930163013,0.8644897438561623,-0.24641111513084843,1.3217070710593462,0.05654890383422944,0.42040215858410396
edf50,31,English,sentence_audio,passive_dropped_agent,11125.0,3839.0,319.9166666666667,12.0,930.0083333333333,425.325,4063.0,3801,4,6132.0,0.9355156288456804,11125.0,1.975833333333333,12.0,104.77416666666666,77.5,1.0786516853932584,exp_images/audio\ENGLISH\p_woa_draw.wav,IMG_07_E_PNA,exp_images/images/artiste_drew_picture.jpg,IMG_07,exp_images/sentences/noagent_artist_picture.jpg,STIM_97,stimuli_list_subj_2_a.csv,PNA,passive_dropped_agent,non_agent_first,agent_dropped,1.0,1.0,5707.0,3651.0,365.1,10.0,1005.71,386.02,4294.0,3651,3,1394.0,0.8502561714019562,5707.0,2.427,10.0,108.306,69.8,1.7522340984755564,participant_image,5418.0,188.0,-45.18333333333334,2.0,-75.70166666666671,39.30500000000001,-231.0,150,1,4738.0,0.08525945744372421,5418.0,-0.45116666666666694,2.0,-3.5318333333333385,7.700000000000003,-0.673582413082298,0.45116666666666694,-0.13527797373986186,0.614377351259469,0.6660171302740702,0.29180654599994105,0.2762834530379562,0.3426413013663149
edf50,32,English,sentence_audio,passive_dropped_agent,10461.0,2906.0,322.8888888888889,9.0,905.4444444444445,540.2111111111112,3073.0,2591,4,5469.0,0.8431500162707452,10461.0,2.26,10.0,142.60500000000005,193.2,0.9559315553006404,exp_images/audio\ENGLISH\p_woa_cake.wav,IMG_15_E_PNA,exp_images/images/girl_baked_cake.jpg,IMG_15,exp_images/sentences/noagent_girl_cake.jpg,STIM_105,stimuli_list_subj_2_a.csv,PNA,passive_dropped_agent,non_agent_first,agent_dropped,1.0,1.0,5738.0,3534.0,321.27272727272725,11.0,891.1727272727272,596.5818181818181,3817.0,2422,3,2076.0,0.6345297353942887,5738.0,2.118181818181818,11.0,170.67363636363638,106.9090909090909,1.917044266294876,participant_image,4723.0,-628.0,1.616161616161662,-2.0,14.271717171717228,-56.370707070706885,-744.0,169,1,3393.0,0.20862028087645645,4723.0,0.14181818181818162,-1.0,-28.06863636363633,86.29090909090908,-0.9611127109942355,-0.14181818181818162,-0.0389306800227017,-1.129996258645673,-0.24641111513084843,0.31569923217348034,-0.1289719417629366,-0.24572215267773587
edf50,33,English,sentence_audio,passive_dropped_agent,10530.0,3290.0,193.52941176470588,17.0,1133.8764705882354,563.0588235294118,3772.0,3642,4,5852.0,0.9655355249204666,10530.0,1.8811111111111112,18.0,96.76111111111112,69.66666666666667,1.7094017094017095,exp_images/audio\ENGLISH\p_woa_window.wav,IMG_02_E_PNA,exp_images/images/girl_opened_window.jpg,IMG_02,exp_images/sentences/noagent_girl_window.jpg,STIM_92,stimuli_list_subj_2_a.csv,PNA,passive_dropped_agent,non_agent_first,agent_dropped,1.0,1.0,5986.0,3388.0,242.0,14.0,899.8214285714287,543.4357142857142,3546.0,3546,5,994.0,1.0,5986.0,2.18,15.0,155.78466666666668,97.6,2.505846976277982,participant_image,4544.0,-98.0,-48.470588235294116,3.0,234.05504201680674,19.623109243697627,226.0,96,-1,4858.0,-0.03446447507953343,4544.0,-0.298888888888889,3.0,-59.02355555555556,-27.933333333333323,-0.7964452668762725,0.298888888888889,-0.14204552783214824,0.002991502689774619,0.8941241916252998,0.22390101687514508,0.17221436744425772,0.2302371101604658
edf50,34,Punjabi,sentence_audio,active,10622.0,3392.0,308.3636363636364,11.0,885.5272727272729,744.6818181818181,3559.0,1362,4,5832.0,0.3826917673503793,10622.0,2.71,11.0,195.50454545454548,130.36363636363637,1.035586518546413,exp_images/audio\PUNJABI\fed.wav,IMG_16_P_ACT,exp_images/images/girl_fed_dog.jpg,IMG_16,exp_images/sentences/Fed-dog.jpg,STIM_16,stimuli_list_subj_2_a.csv,ACT,active,agent_first,agent_overt,0.0,,5828.0,3928.0,357.09090909090907,11.0,875.9909090909091,748.1909090909091,4089.0,1663,4,835.0,0.4067009048667156,5828.0,2.9209090909090905,11.0,125.68454545454546,82.18181818181819,1.887439945092656,participant_image,4794.0,-536.0,-48.72727272727269,0.0,9.53636363636383,-3.5090909090910145,-530.0,-301,0,4997.0,-0.02400913751633632,4794.0,-0.2109090909090905,0.0,69.82000000000002,48.18181818181819,-0.851853426546243,0.2109090909090905,-0.1425739706319688,-0.9333266849798972,0.20980300757161088,-0.27533037317196585,0.11208755669031138,-0.2058680929043819
edf50,35,Punjabi,sentence_audio,active,11123.0,3459.0,266.0769230769231,13.0,801.3692307692309,908.9461538461541,3671.0,2701,2,6534.0,0.7357668210296922,11123.0,3.1830769230769227,13.0,191.63846153846157,101.69230769230771,1.1687494381012318,exp_images/audio\PUNJABI\veg.wav,IMG_18_P_ACT,exp_images/images/boy_cut_vegetables.jpg,IMG_18,exp_images/sentences/Veg.jpg,STIM_18,stimuli_list_subj_2_a.csv,ACT,active,agent_first,agent_overt,0.0,,5909.0,4409.0,2204.5,2.0,927.95,862.25,4754.0,4409,1,1302.0,0.9274295330248212,5909.0,2.9450000000000003,2.0,219.725,119.0,0.33846674564224066,participant_image,5214.0,-950.0,-1938.423076923077,11.0,-126.58076923076919,46.69615384615406,-1083.0,-1708,1,5232.0,-0.19166271199512908,5214.0,0.2380769230769224,11.0,-28.086538461538424,-17.307692307692292,0.8302826924589911,-0.2380769230769224,-4.03293810553174,-1.8183397664758885,2.718980682435137,-2.0446466598124826,-0.19475671567667469,-1.0743401130123298
edf50,36,Punjabi,sentence_audio,active,11028.0,3834.0,239.625,16.0,914.50625,529.33125,3998.0,3998,3,6036.0,1.0,11028.0,1.5562500000000004,16.0,86.965,62.125,1.4508523757707652,exp_images/audio\PUNJABI\vase.wav,IMG_08_P_ACT,exp_images/images/boy_broke_vase.jpg,IMG_08,exp_images/sentences/Vase.jpg,STIM_08,stimuli_list_subj_2_a.csv,ACT,active,agent_first,agent_overt,0.0,,5832.0,3678.0,204.33333333333331,18.0,882.338888888889,532.25,3946.0,3876,5,872.0,0.9822605169792196,5832.0,1.9873684210526317,19.0,127.67368421052629,68.84210526315789,3.2578875171467763,participant_image,5196.0,156.0,35.291666666666686,-2.0,32.16736111111106,-2.9187500000000455,52.0,122,-2,5164.0,0.017739483020780433,5196.0,-0.4311184210526313,-3.0,-40.708684210526286,-6.71710526315789,-1.807035141376011,0.4311184210526313,0.03039792661453145,0.5459705430278948,-0.24641111513084843,0.2565962716389357,0.26258215913113747,0.1698271570563302
edf11,33,Punjabi,sentence_audio,passive_dropped_agent,,,,,,,4992.0,4992,1,5978.0,1.0,,,,,,,exp_images/audio\PUNJABI\p_woa_window.wav,IMG_02_P_PNA,exp_images/images/girl_opened_window.jpg,IMG_02,exp_images/sentences/Window-woa.jpg,STIM_38,stimuli_list_subj_11_a.csv,PNA,passive_dropped_agent,non_agent_first,agent_dropped,1.0,1.0,5647.0,4401.0,4401.0,1.0,1174.8,490.2,4955.0,4955,2,654.0,1.0,5647.0,4.35,1.0,114.86,38.0,0.17708517797060386,participant_image,,,,,,,37.0,37,-1,5324.0,0.0,,,,,,,,,,,0.14970793875731248,,0.14970793875731248
edf13,33,English,sentence_audio,passive,,,,,,,4992.0,4992,1,5712.0,1.0,,,,,,,exp_images/audio\ENGLISH\p_cake.wav,IMG_15_E_PWA,exp_images/images/girl_baked_cake.jpg,IMG_15,exp_images/sentences/passive_girl_cake.jpg,STIM_87,stimuli_list_subj_1_b.csv,PWA,passive_with_agent,non_agent_first,agent_overt,1.0,0.0,5973.0,4221.0,234.5,18.0,954.9500000000003,516.7611111111112,4272.0,3912,8,981.0,0.9157303370786516,5973.0,2.597777777777777,18.0,110.61555555555556,40.0,3.0135610246107483,participant_image,,,,,,,720.0,1080,-7,4731.0,0.08426966292134841,,,,,,,,,,,1.46129065870476,,1.46129065870476
edf13,34,English,sentence_audio,passive_dropped_agent,,,,,,,4992.0,4992,1,5806.0,1.0,,,,,,,exp_images/audio\ENGLISH\p_woa_clothes.wav,IMG_06_E_PNA,exp_images/images/women_fold_clothes.jpg,IMG_06,exp_images/sentences/noagent_woman_clothes.jpg,STIM_96,stimuli_list_subj_1_b.csv,PNA,passive_dropped_agent,non_agent_first,agent_dropped,1.0,1.0,6057.0,3683.0,245.53333333333333,15.0,948.16,508.6533333333333,3881.0,3881,7,1064.0,1.0,6057.0,2.8960000000000004,15.0,193.74266666666665,74.13333333333334,2.4764735017335306,participant_image,,,,,,,1111.0,1111,-6,4742.0,0.0,,,,,,,,,,,1.5002734624615874,,1.5002734624615874
edf26,28,English,sentence_audio,passive,,,,,,,164.0,0,0,,0.0,10678.0,26.45,2.0,916.69,2613.0,0.18730099269526126,exp_images/audio\ENGLISH\p_dug.wav,IMG_13_E_PWA,exp_images/images/dog_dug_hole.jpg,IMG_13,exp_images/sentences/passive_dog_hole.jpg,STIM_85,stimuli_list_subj_2_a.csv,PWA,passive_with_agent,non_agent_first,agent_overt,1.0,0.0,5797.0,4371.0,291.4,15.0,946.8733333333334,718.6866666666667,4518.0,3116,4,805.0,0.6896857016378929,5797.0,3.1460000000000004,15.0,86.40333333333334,31.6,2.587545282042436,participant_image,,,,,,,-4354.0,-3116,-4,,-0.6896857016378929,4881.0,23.304,-13.0,830.2866666666667,2581.4,-2.400244289347175,-23.304,,,,-3.8152204562516068,-15.95837999689501,-9.886800226573309
