participant_id,trial_id,language,session_type,sentence_type,fixation_trial_length_ms,fixation_total_fixation_duration,fixation_mean_fixation_duration,fixation_fixation_count,fixation_mean_fixation_x,fixation_mean_fixation_y,interest_area_trial_length_ms,interest_area_total_interest_area_dwell_time,interest_area_total_interest_area_entry_count,interest_area_min_time_to_first_fixation,interest_area_interest_area_dwell_time_normalized,saccade_trial_length_ms,saccade_mean_saccade_amplitude,saccade_saccade_count,saccade_mean_saccade_velocity,saccade_mean_saccade_duration,saccade_saccade_rate,audio,exp_id,image,image_id,sentence,stim_id,stimulus_file,voice_id,grammatical_voice,agent_first_alignment,agent_overt,passive_cost_contrast,dropped_agent_contrast
edf01,1,,free_viewing,,6020.0,4282.0,356.83333333333326,12.0,851.5999999999998,566.4499999999998,4582.0,4582,6,1030.0,1.0,6020.0,3.376666666666667,12.0,91.265,34.0,1.9933554817275752,UNDEFINEDnull,UNDEFINEDnull,exp_images/images/girl_lighted_lamp.jpg,IMG_01,UNDEFINEDnull,UNDEFINEDnull,UNDEFINEDnull,UNDEFINEDnull,,,,,
edf01,10,,free_viewing,,6125.0,4327.0,309.07142857142856,14.0,910.9285714285713,593.9785714285715,4575.0,4575,5,1132.0,1.0,6125.0,2.7821428571428566,14.0,82.73357142857142,29.857142857142854,2.2857142857142856,UNDEFINEDnull,UNDEFINEDnull,exp_images/images/man_cut_shrub.jpg,IMG_04,UNDEFINEDnull,UNDEFINEDnull,UNDEFINEDnull,UNDEFINEDnull,,,,,
edf01,11,,free_viewing,,6095.0,4223.0,301.64285714285717,14.0,804.3214285714283,666.6999999999998,4475.0,3817,5,1102.0,0.8529608938547486,6095.0,2.7935714285714286,14.0,90.23285714285716,37.0,2.2969647251845777,UNDEFINEDnull,UNDEFINEDnull,exp_images/images/girl_plant_tree.jpg,IMG_03,UNDEFINEDnull,UNDEFINEDnull,UNDEFINEDnull,UNDEFINEDnull,,,,,
edf01,12,,free_viewing,,6045.0,4475.0,406.8181818181818,11.0,881.3181818181821,680.8818181818183,4657.0,3236,4,1052.0,0.6948679407343784,6045.0,3.3572727272727283,11.0,89.06181818181818,30.54545454545455,1.8196856906534329,UNDEFINEDnull,UNDEFINEDnull,exp_images/images/dog_dug_hole.jpg,IMG_13,UNDEFINEDnull,UNDEFINEDnull,UNDEFINEDnull,UNDEFINEDnull,,,,,
edf01,13,,free_viewing,,5812.0,4276.0,328.92307692307685,13.0,895.1769230769231,694.7384615384615,4512.0,2722,4,820.0,0.6032801418439716,5812.0,2.8453846153846163,13.0,89.03615384615385,36.92307692307692,2.2367515485203033,UNDEFINEDnull,UNDEFINEDnull,exp_images/images/girl_fed_dog.jpg,IMG_16,UNDEFINEDnull,UNDEFINEDnull,UNDEFINEDnull,UNDEFINEDnull,,,,,
edf01,14,,free_viewing,,5757.0,4649.0,387.41666666666674,12.0,932.2416666666667,534.5666666666666,4665.0,4229,3,764.0,0.9065380493033226,5757.0,2.0691666666666664,12.0,69.58166666666666,27.33333333333333,2.084418968212611,UNDEFINEDnull,UNDEFINEDnull,exp_images/images/boy_broke_vase.jpg,IMG_08,UNDEFINEDnull,UNDEFINEDnull,UNDEFINEDnull,UNDEFINEDnull,,,,,
edf01,15,,free_viewing,,5710.0,4446.0,494.0,9.0,1001.8666666666667,850.4666666666667,4714.0,4714,2,718.0,1.0,5710.0,2.6311111111111107,9.0,81.63555555555557,30.88888888888889,1.5761821366024518,UNDEFINEDnull,UNDEFINEDnull,exp_images/images/boy_cut_vegetables.jpg,IMG_18,UNDEFINEDnull,UNDEFINEDnull,UNDEFINEDnull,UNDEFINEDnull,,,,,
edf01,16,,free_viewing,,6040.0,4310.0,307.85714285714283,14.0,952.4642857142856,363.8571428571428,4534.0,4344,4,1048.0,0.9580943978826644,6040.0,3.031428571428571,14.0,81.04428571428572,32.714285714285715,2.3178807947019866,UNDEFINEDnull,UNDEFINEDnull,exp_images/images/artiste_drew_picture.jpg,IMG_07,UNDEFINEDnull,UNDEFINEDnull,UNDEFINEDnull,UNDEFINEDnull,,,,,
edf01,17,,free_viewing,,6136.0,4424.0,402.1818181818182,11.0,883.0454545454545,427.9,4673.0,4673,5,1143.0,1.0,6136.0,2.7572727272727278,11.0,79.91,29.09090909090909,1.7926988265971318,UNDEFINEDnull,UNDEFINEDnull,exp_images/images/man_pushed_box.jpg,IMG_05,UNDEFINEDnull,UNDEFINEDnull,UNDEFINEDnull,UNDEFINEDnull,,,,,
edf01,18,,free_viewing,,5757.0,4285.0,389.54545454545456,11.0,1017.8181818181816,550.5363636363637,4559.0,4317,5,764.0,0.9469181838122396,5757.0,2.2763636363636364,11.0,87.36636363636362,39.45454545454545,1.9107173875282264,UNDEFINEDnull,UNDEFINEDnull,exp_images/images/boy_filled_bucket.jpg,IMG_09,UNDEFINEDnull,UNDEFINEDnull,UNDEFINEDnull,UNDEFINEDnull,,,,,
edf01,19,Punjabi,sentence_audio,active,10523.0,4441.0,888.2,5.0,1035.74,559.2,4833.0,4833,3,5530.0,1.0,10523.0,2.8760000000000003,5.0,85.38199999999998,32.0,0.4751496721467262,exp_images/audio\PUNJABI\letter.wav,IMG_17_P_ACT,exp_images/images/women_read_letter.jpg,IMG_17,exp_images/sentences/Letter.jpg,STIM_17,stimuli_list_subj_1_a.csv,ACT,active,agent_first,agent_overt,0.0,
edf01,2,,free_viewing,,5833.0,4313.0,431.3,10.0,876.4399999999998,622.5,4705.0,4705,4,840.0,1.0,5833.0,2.367,10.0,75.407,28.8,1.7143836790673752,UNDEFINEDnull,UNDEFINEDnull,exp_images/images/boy_opened_door.jpg,IMG_10,UNDEFINEDnull,UNDEFINEDnull,UNDEFINEDnull,UNDEFINEDnull,,,,,
edf01,20,Punjabi,sentence_audio,active,11049.0,4515.0,564.375,8.0,943.75,462.15,4726.0,4726,5,6057.0,1.0,11049.0,1.88625,8.0,88.41874999999997,33.25,0.7240474251063445,exp_images/audio\PUNJABI\bucket.wav,IMG_09_P_ACT,exp_images/images/boy_filled_bucket.jpg,IMG_09,exp_images/sentences/Bucket.jpg,STIM_09,stimuli_list_subj_1_a.csv,ACT,active,agent_first,agent_overt,0.0,
edf01,21,Punjabi,sentence_audio,active,10744.0,4438.0,634.0,7.0,943.4571428571428,706.6714285714287,4616.0,4438,1,6162.0,0.9614384748700172,10744.0,2.795,8.0,135.28625,47.25,0.7446016381236039,exp_images/audio\PUNJABI\clothes.wav,IMG_06_P_ACT,exp_images/images/women_fold_clothes.jpg,IMG_06,exp_images/sentences/Folded-clothes.jpg,STIM_06,stimuli_list_subj_1_a.csv,ACT,active,agent_first,agent_overt,0.0,
edf01,22,Punjabi,sentence_audio,passive,10317.0,4155.0,461.66666666666674,9.0,940.1111111111113,423.89999999999986,4217.0,4217,5,5324.0,1.0,10317.0,1.9366666666666663,9.0,180.08444444444442,86.22222222222223,0.8723466123873219,exp_images/audio\PUNJABI\p_door.wav,IMG_10_P_PWA,exp_images/images/boy_opened_door.jpg,IMG_10,exp_images/sentences/Closed-door-passive.jpg,STIM_28,stimuli_list_subj_1_a.csv,PWA,passive_with_agent,non_agent_first,agent_overt,1.0,0.0
edf01,23,Punjabi,sentence_audio,passive,10772.0,4182.0,1045.5,4.0,930.45,461.07499999999993,4832.0,4832,3,5780.0,1.0,10772.0,3.925,4.0,94.4575,40.0,0.3713330857779428,exp_images/audio\PUNJABI\p_lamp.wav,IMG_01_P_PWA,exp_images/images/girl_lighted_lamp.jpg,IMG_01,exp_images/sentences/Lamp-passive.jpg,STIM_19,stimuli_list_subj_1_a.csv,PWA,passive_with_agent,non_agent_first,agent_overt,1.0,0.0
edf01,24,Punjabi,sentence_audio,passive,10554.0,4154.0,415.4,10.0,912.8,440.0199999999999,4452.0,4452,5,5562.0,1.0,10554.0,3.5510000000000006,10.0,131.74400000000003,54.0,0.9475080538184576,exp_images/audio\PUNJABI\p_scooter.wav,IMG_14_P_PWA,exp_images/images/driver_wash_scooter.jpg,IMG_14,exp_images/sentences/Washed-scooter-passive.jpg,STIM_32,stimuli_list_subj_1_a.csv,PWA,passive_with_agent,non_agent_first,agent_overt,1.0,0.0
edf01,25,Punjabi,sentence_audio,passive_dropped_agent,10864.0,4400.0,550.0,8.0,1087.85,390.17500000000007,4658.0,4658,6,5872.0,1.0,10864.0,2.6612499999999994,8.0,100.185,41.75,0.7363770250368188,exp_images/audio\PUNJABI\p_woa_box.wav,IMG_05_P_PNA,exp_images/images/man_pushed_box.jpg,IMG_05,exp_images/sentences/Pushed-box-woa.jpg,STIM_41,stimuli_list_subj_1_a.csv,PNA,passive_dropped_agent,non_agent_first,agent_dropped,1.0,1.0
edf01,26,Punjabi,sentence_audio,passive_dropped_agent,10411.0,4413.0,630.4285714285714,7.0,908.4857142857144,582.3,4669.0,4305,5,5418.0,0.9220389805097452,10411.0,3.6142857142857134,7.0,110.32428571428572,46.28571428571429,0.6723657669772356,exp_images/audio\PUNJABI\p_woa_sapling.wav,IMG_03_P_PNA,exp_images/images/girl_plant_tree.jpg,IMG_03,exp_images/sentences/Sapling-woa.jpg,STIM_39,stimuli_list_subj_1_a.csv,PNA,passive_dropped_agent,non_agent_first,agent_dropped,1.0,1.0
edf01,27,Punjabi,sentence_audio,passive_dropped_agent,11145.0,4247.0,353.91666666666674,12.0,848.6416666666668,403.01666666666665,4425.0,3761,6,6152.0,0.8499435028248588,11145.0,1.8858333333333333,12.0,174.32083333333333,47.33333333333334,1.0767160161507403,exp_images/audio\PUNJABI\p_woa_shrub.wav,IMG_04_P_PNA,exp_images/images/man_cut_shrub.jpg,IMG_04,exp_images/sentences/Shrub-woa.jpg,STIM_40,stimuli_list_subj_1_a.csv,PNA,passive_dropped_agent,non_agent_first,agent_dropped,1.0,1.0
edf01,28,English,sentence_audio,active,11082.0,4372.0,546.5,8.0,817.6625,615.15,4566.0,3998,3,6090.0,0.8756022777047744,11082.0,2.605,8.0,116.80375,53.25,0.7218913553510197,exp_images/audio\ENGLISH\dug.wav,IMG_13_E_ACT,exp_images/images/dog_dug_hole.jpg,IMG_13,exp_images/sentences/active_dog_hole.jpg,STIM_67,stimuli_list_subj_1_a.csv,ACT,active,agent_first,agent_overt,0.0,
edf01,29,English,sentence_audio,active,10430.0,4402.0,628.8571428571429,7.0,873.9285714285713,309.15714285714284,4691.0,4402,3,5762.0,0.9383926668087827,10430.0,2.5457142857142863,7.0,221.64000000000004,43.14285714285715,0.6711409395973155,exp_images/audio\ENGLISH\frisbee.wav,IMG_12_E_ACT,exp_images/images/child_throw_frisbee.jpg,IMG_12,exp_images/sentences/active_child_frisbee.jpg,STIM_66,stimuli_list_subj_1_a.csv,ACT,active,agent_first,agent_overt,0.0,
edf01,3,,free_viewing,,6032.0,4388.0,487.5555555555555,9.0,1047.0666666666666,630.8222222222222,4675.0,4675,2,1039.0,1.0,6032.0,2.1,9.0,75.93666666666667,35.333333333333336,1.4920424403183024,UNDEFINEDnull,UNDEFINEDnull,exp_images/images/women_read_letter.jpg,IMG_17,UNDEFINEDnull,UNDEFINEDnull,UNDEFINEDnull,UNDEFINEDnull,,,,,
edf01,30,English,sentence_audio,active,10254.0,4362.0,436.2,10.0,883.3800000000001,469.66,4578.0,4158,3,5514.0,0.908256880733945,10254.0,3.338,10.0,132.02000000000004,41.4,0.9752291788570314,exp_images/audio\ENGLISH\tabla.wav,IMG_11_E_ACT,exp_images/images/child_play_tabla.jpg,IMG_11,exp_images/sentences/active_child_tabla.jpg,STIM_65,stimuli_list_subj_1_a.csv,ACT,active,agent_first,agent_overt,0.0,
edf01,31,English,sentence_audio,passive,10196.0,4460.0,446.0,10.0,1005.71,321.69,4711.0,4711,3,5203.0,1.0,10196.0,2.281,10.0,72.544,28.2,0.9807767752059632,exp_images/audio\ENGLISH\p_artist.wav,IMG_07_E_PWA,exp_images/images/artiste_drew_picture.jpg,IMG_07,exp_images/sentences/passive_artist_picture.jpg,STIM_79,stimuli_list_subj_1_a.csv,PWA,passive_with_agent,non_agent_first,agent_overt,1.0,0.0
edf01,32,English,sentence_audio,passive,10912.0,4486.0,747.6666666666665,6.0,971.6,636.0333333333333,4784.0,4692,1,5920.0,0.9807692307692308,10912.0,1.18,6.0,68.71666666666665,34.666666666666664,0.5498533724340176,exp_images/audio\ENGLISH\p_cake.wav,IMG_15_E_PWA,exp_images/images/girl_baked_cake.jpg,IMG_15,exp_images/sentences/passive_girl_cake.jpg,STIM_87,stimuli_list_subj_1_a.csv,PWA,passive_with_agent,non_agent_first,agent_overt,1.0,0.0
edf01,33,English,sentence_audio,passive,10400.0,4422.0,442.2,10.0,1095.98,499.54,4653.0,4422,5,5674.0,0.950354609929078,10400.0,3.528,10.0,94.479,34.0,0.9615384615384616,exp_images/audio\ENGLISH\p_window.wav,IMG_02_E_PWA,exp_images/images/girl_opened_window.jpg,IMG_02,exp_images/sentences/passive_girl_window.jpg,STIM_74,stimuli_list_subj_1_a.csv,PWA,passive_with_agent,non_agent_first,agent_overt,1.0,0.0
edf01,34,English,sentence_audio,passive_dropped_agent,10936.0,4620.0,924.0,5.0,915.82,621.76,4800.0,3500,3,5944.0,0.7291666666666666,10936.0,2.5580000000000003,5.0,80.208,38.4,0.457205559619605,exp_images/audio\ENGLISH\p_woa_fed.wav,IMG_16_E_PNA,exp_images/images/girl_fed_dog.jpg,IMG_16,exp_images/sentences/noagent_girl_dog.jpg,STIM_106,stimuli_list_subj_1_a.csv,PNA,passive_dropped_agent,non_agent_first,agent_dropped,1.0,1.0
edf01,35,English,sentence_audio,passive_dropped_agent,10851.0,4336.0,361.33333333333326,12.0,1063.8083333333334,603.8333333333334,4514.0,3680,4,6074.0,0.8152414709791759,10851.0,4.505384615384615,13.0,99.97384615384615,38.153846153846146,1.1980462630172333,exp_images/audio\ENGLISH\p_woa_veg.wav,IMG_18_E_PNA,exp_images/images/boy_cut_vegetables.jpg,IMG_18,exp_images/sentences/noagent_boy_vegetables.jpg,STIM_108,stimuli_list_subj_1_a.csv,PNA,passive_dropped_agent,non_agent_first,agent_dropped,1.0,1.0
edf01,36,English,sentence_audio,passive_dropped_agent,10826.0,3818.0,763.6,5.0,973.06,506.94000000000005,3836.0,3836,1,5834.0,1.0,10826.0,2.7960000000000003,5.0,240.42,231.2,0.4618510992056161,exp_images/audio\ENGLISH\p_woa_vase.wav,IMG_08_E_PNA,exp_images/images/boy_broke_vase.jpg,IMG_08,exp_images/sentences/noagent_boy_vase.jpg,STIM_98,stimuli_list_subj_1_a.csv,PNA,passive_dropped_agent,non_agent_first,agent_dropped,1.0,1.0
edf01,4,,free_viewing,,5654.0,4344.0,334.15384615384613,13.0,1026.6076923076923,460.5846153846154,4585.0,3884,3,928.0,0.8471101417666304,5654.0,2.927692307692308,13.0,83.85384615384616,31.384615384615387,2.2992571630703926,UNDEFINEDnull,UNDEFINEDnull,exp_images/images/child_throw_frisbee.jpg,IMG_12,UNDEFINEDnull,UNDEFINEDnull,UNDEFINEDnull,UNDEFINEDnull,,,,,
edf01,5,,free_viewing,,5837.0,4203.0,280.2,15.0,1041.7066666666665,532.3533333333332,4540.0,4540,3,845.0,1.0,5837.0,2.936666666666666,15.0,85.16933333333334,30.13333333333333,2.5698132602364234,UNDEFINEDnull,UNDEFINEDnull,exp_images/images/driver_wash_scooter.jpg,IMG_14,UNDEFINEDnull,UNDEFINEDnull,UNDEFINEDnull,UNDEFINEDnull,,,,,
edf01,6,,free_viewing,,5800.0,4352.0,435.2,10.0,859.18,482.87,4725.0,3653,2,807.0,0.7731216931216931,5800.0,1.985,10.0,66.613,26.8,1.7241379310344829,UNDEFINEDnull,UNDEFINEDnull,exp_images/images/girl_baked_cake.jpg,IMG_15,UNDEFINEDnull,UNDEFINEDnull,UNDEFINEDnull,UNDEFINEDnull,,,,,
edf01,7,,free_viewing,,5816.0,4206.0,350.5,12.0,934.5833333333335,579.8083333333333,4495.0,4495,3,823.0,1.0,5816.0,2.431666666666666,12.0,116.9,41.5,2.0632737276478683,UNDEFINEDnull,UNDEFINEDnull,exp_images/images/women_fold_clothes.jpg,IMG_06,UNDEFINEDnull,UNDEFINEDnull,UNDEFINEDnull,UNDEFINEDnull,,,,,
edf01,8,,free_viewing,,5942.0,4304.0,307.42857142857144,14.0,1026.3,583.6071428571429,4574.0,4304,4,1252.0,0.9409707039790118,5942.0,2.7464285714285714,14.0,84.01000000000002,29.857142857142854,2.3561090541905085,UNDEFINEDnull,UNDEFINEDnull,exp_images/images/girl_opened_window.jpg,IMG_02,UNDEFINEDnull,UNDEFINEDnull,UNDEFINEDnull,UNDEFINEDnull,,,,,
edf01,9,,free_viewing,,5883.0,4445.0,444.5,10.0,807.0199999999999,614.1899999999998,4698.0,4445,3,1176.0,0.9461472967220094,5883.0,2.502,10.0,73.57,29.4,1.6998130205677375,UNDEFINEDnull,UNDEFINEDnull,exp_images/images/child_play_tabla.jpg,IMG_11,UNDEFINEDnull,UNDEFINEDnull,UNDEFINEDnull,UNDEFINEDnull,,,,,
edf02,1,,free_viewing,,5693.0,4230.0,282.0,15.0,923.5666666666664,713.5800000000003,4511.0,3597,6,699.0,0.7973841720239415,5693.0,2.9526666666666666,15.0,79.01,32.13333333333333,2.6348146847005096,UNDEFINEDnull,UNDEFINEDnull,exp_images/images/boy_cut_vegetables.jpg,IMG_18,UNDEFINEDnull,UNDEFINEDnull,UNDEFINEDnull,UNDEFINEDnull,,,,,
edf02,10,,free_viewing,,5962.0,4192.0,698.6666666666665,6.0,916.1833333333334,403.89999999999986,4492.0,4492,4,970.0,1.0,5962.0,3.731666666666667,6.0,246.6733333333333,83.33333333333333,1.0063737001006374,UNDEFINEDnull,UNDEFINEDnull,exp_images/images/man_pushed_box.jpg,IMG_05,UNDEFINEDnull,UNDEFINEDnull,UNDEFINEDnull,UNDEFINEDnull,,,,,
edf02,11,,free_viewing,,6045.0,2915.0,182.1875,16.0,936.15625,488.375,4198.0,4050,3,1053.0,0.9647451167222488,6045.0,1.2749999999999997,16.0,102.88375,49.625,2.6468155500413566,UNDEFINEDnull,UNDEFINEDnull,exp_images/images/women_read_letter.jpg,IMG_17,UNDEFINEDnull,UNDEFINEDnull,UNDEFINEDnull,UNDEFINEDnull,,,,,
edf02,12,,free_viewing,,5674.0,4104.0,228.0,18.0,892.7055555555555,602.9777777777776,4204.0,3742,5,1076.0,0.8901046622264509,5674.0,3.2221052631578933,19.0,84.63315789473684,47.05263157894736,3.3486076841734222,UNDEFINEDnull,UNDEFINEDnull,exp_images/images/driver_wash_scooter.jpg,IMG_14,UNDEFINEDnull,UNDEFINEDnull,UNDEFINEDnull,UNDEFINEDnull,,,,,
edf02,13,,free_viewing,,6091.0,4314.0,359.5,12.0,878.2750000000002,449.3666666666666,4565.0,4565,3,1099.0,1.0,6091.0,1.2338461538461536,13.0,71.05461538461539,34.30769230769231,2.134296503037268,UNDEFINEDnull,UNDEFINEDnull,exp_images/images/boy_broke_vase.jpg,IMG_08,UNDEFINEDnull,UNDEFINEDnull,UNDEFINEDnull,UNDEFINEDnull,,,,,
edf02,14,,free_viewing,,6086.0,4170.0,297.85714285714283,14.0,917.0285714285716,426.6928571428571,4399.0,4399,3,1095.0,1.0,6086.0,2.324,15.0,113.55,40.8,2.4646730200460065,UNDEFINEDnull,UNDEFINEDnull,exp_images/images/girl_lighted_lamp.jpg,IMG_01,UNDEFINEDnull,UNDEFINEDnull,UNDEFINEDnull,UNDEFINEDnull,,,,,
edf02,15,,free_viewing,,5676.0,3994.0,234.94117647058826,17.0,875.0882352941177,706.4411764705882,4204.0,2544,6,812.0,0.6051379638439581,5676.0,3.0322222222222215,18.0,94.86722222222221,47.22222222222222,3.171247357293869,UNDEFINEDnull,UNDEFINEDnull,exp_images/images/dog_dug_hole.jpg,IMG_13,UNDEFINEDnull,UNDEFINEDnull,UNDEFINEDnull,UNDEFINEDnull,,,,,
edf02,16,,free_viewing,,6021.0,4097.0,215.63157894736838,19.0,812.8210526315789,422.0631578947368,4247.0,4055,8,1028.0,0.9547916176124324,6021.0,2.5136842105263155,19.0,110.07263157894737,39.26315789473684,3.155621989702708,UNDEFINEDnull,UNDEFINEDnull,exp_images/images/artiste_drew_picture.jpg,IMG_07,UNDEFINEDnull,UNDEFINEDnull,UNDEFINEDnull,UNDEFINEDnull,,,,,
edf02,17,,free_viewing,,6043.0,4072.0,226.22222222222226,18.0,863.161111111111,479.4055555555555,4282.0,3480,5,1050.0,0.812704343764596,6043.0,2.0521052631578947,19.0,79.03631578947366,38.31578947368421,3.144133708422969,UNDEFINEDnull,UNDEFINEDnull,exp_images/images/girl_plant_tree.jpg,IMG_03,UNDEFINEDnull,UNDEFINEDnull,UNDEFINEDnull,UNDEFINEDnull,,,,,
edf02,18,,free_viewing,,5859.0,4145.0,592.1428571428571,7.0,933.2571428571428,683.9857142857143,4403.0,4145,3,1172.0,0.941403588462412,5859.0,2.152857142857143,7.0,214.34857142857143,84.0,1.1947431302270013,UNDEFINEDnull,UNDEFINEDnull,exp_images/images/girl_fed_dog.jpg,IMG_16,UNDEFINEDnull,UNDEFINEDnull,UNDEFINEDnull,UNDEFINEDnull,,,,,
edf02,19,Punjabi,sentence_audio,passive,11187.0,4148.0,460.88888888888886,9.0,961.6111111111113,474.52222222222224,4406.0,4406,3,6194.0,1.0,11187.0,1.5659999999999998,10.0,141.452,59.8,0.8938946992044338,exp_images/audio\PUNJABI\p_letter.wav,IMG_17_P_PWA,exp_images/images/women_read_letter.jpg,IMG_17,exp_images/sentences/Letter-passive.jpg,STIM_35,stimuli_list_subj_2_a.csv,PWA,passive_with_agent,non_agent_first,agent_overt,1.0,0.0
edf02,2,,free_viewing,,5790.0,4120.0,274.6666666666667,15.0,931.0666666666667,564.4399999999998,4405.0,4120,3,1110.0,0.9353007945516458,5790.0,1.586,15.0,77.92533333333333,39.06666666666667,2.5906735751295336,UNDEFINEDnull,UNDEFINEDnull,exp_images/images/women_fold_clothes.jpg,IMG_06,UNDEFINEDnull,UNDEFINEDnull,UNDEFINEDnull,UNDEFINEDnull,,,,,
edf02,20,Punjabi,sentence_audio,passive,10494.0,4150.0,377.27272727272725,11.0,945.981818181818,460.5,4326.0,4326,5,5502.0,1.0,10494.0,1.3645454545454545,11.0,151.22545454545454,60.54545454545455,1.0482180293501049,exp_images/audio\PUNJABI\p_bucket.wav,IMG_09_P_PWA,exp_images/images/boy_filled_bucket.jpg,IMG_09,exp_images/sentences/Bucket-passive.jpg,STIM_27,stimuli_list_subj_2_a.csv,PWA,passive_with_agent,non_agent_first,agent_overt,1.0,0.0
edf02,21,Punjabi,sentence_audio,passive,10559.0,4025.0,365.9090909090909,11.0,900.0818181818181,516.8636363636364,4375.0,4041,4,5566.0,0.9236571428571428,10559.0,1.2254545454545456,11.0,89.3009090909091,56.18181818181818,1.0417653186854816,exp_images/audio\PUNJABI\p_clothes.wav,IMG_06_P_PWA,exp_images/images/women_fold_clothes.jpg,IMG_06,exp_images/sentences/Folded-clothes-passive.jpg,STIM_24,stimuli_list_subj_2_a.csv,PWA,passive_with_agent,non_agent_first,agent_overt,1.0,0.0
edf02,22,Punjabi,sentence_audio,passive_dropped_agent,10403.0,4313.0,431.3,10.0,860.1599999999999,514.5699999999998,4538.0,4398,4,5411.0,0.9691494050242396,10403.0,2.0780000000000003,10.0,119.306,45.4,0.9612611746611552,exp_images/audio\PUNJABI\p_woa_door.wav,IMG_10_P_PNA,exp_images/images/boy_opened_door.jpg,IMG_10,exp_images/sentences/Closed-door-woa.jpg,STIM_46,stimuli_list_subj_2_a.csv,PNA,passive_dropped_agent,non_agent_first,agent_dropped,1.0,1.0
edf02,23,Punjabi,sentence_audio,passive_dropped_agent,10300.0,4308.0,538.5,8.0,762.5749999999998,461.525,4478.0,4478,3,5308.0,1.0,10300.0,1.9962500000000003,8.0,104.68,64.25,0.7766990291262136,exp_images/audio\PUNJABI\p_woa_lamp.wav,IMG_01_P_PNA,exp_images/images/girl_lighted_lamp.jpg,IMG_01,exp_images/sentences/Lamp-woa.jpg,STIM_37,stimuli_list_subj_2_a.csv,PNA,passive_dropped_agent,non_agent_first,agent_dropped,1.0,1.0
edf02,24,Punjabi,sentence_audio,passive_dropped_agent,10333.0,4271.0,251.2352941176471,17.0,903.3823529411766,519.7117647058824,4510.0,4262,3,5341.0,0.9450110864745012,10333.0,1.842941176470588,17.0,59.95705882352941,28.35294117647059,1.645214361753605,exp_images/audio\PUNJABI\p_woa_scooter.wav,IMG_14_P_PNA,exp_images/images/driver_wash_scooter.jpg,IMG_14,exp_images/sentences/Washed-scooter-woa.jpg,STIM_50,stimuli_list_subj_2_a.csv,PNA,passive_dropped_agent,non_agent_first,agent_dropped,1.0,1.0
edf02,25,English,sentence_audio,active,10355.0,4389.0,877.8,5.0,1022.5,369.25999999999993,4618.0,4295,3,5363.0,0.9300563014291902,10355.0,1.2819999999999998,5.0,149.064,74.8,0.4828585224529213,exp_images/audio\ENGLISH\box.wav,IMG_05_E_ACT,exp_images/images/man_pushed_box.jpg,IMG_05,exp_images/sentences/active_man_box.jpg,STIM_59,stimuli_list_subj_2_a.csv,ACT,active,agent_first,agent_overt,0.0,
edf02,26,English,sentence_audio,active,10337.0,4059.0,225.5,18.0,815.3666666666667,603.8833333333333,4224.0,3420,7,5345.0,0.8096590909090909,10337.0,3.543333333333333,18.0,110.43444444444445,42.66666666666666,1.7413175969817165,exp_images/audio\ENGLISH\sapling.wav,IMG_03_E_ACT,exp_images/images/girl_plant_tree.jpg,IMG_03,exp_images/sentences/active_girl_sapling.jpg,STIM_57,stimuli_list_subj_2_a.csv,ACT,active,agent_first,agent_overt,0.0,
edf02,27,English,sentence_audio,active,11091.0,4663.0,666.1428571428571,7.0,890.6142857142858,534.2857142857143,4838.0,4838,3,6097.0,1.0,11091.0,1.2028571428571426,7.0,53.798571428571435,22.285714285714285,0.6311423676855108,exp_images/audio\ENGLISH\shrub.wav,IMG_04_E_ACT,exp_images/images/man_cut_shrub.jpg,IMG_04,exp_images/sentences/active_man_shrub.jpg,STIM_58,stimuli_list_subj_2_a.csv,ACT,active,agent_first,agent_overt,0.0,
edf02,28,English,sentence_audio,passive,10163.0,4203.0,467.0,9.0,985.6555555555552,667.9999999999999,4326.0,3366,5,5171.0,0.7780859916782247,10163.0,1.6577777777777778,9.0,79.77666666666667,74.0,0.8855652858407951,exp_images/audio\ENGLISH\p_dug.wav,IMG_13_E_PWA,exp_images/images/dog_dug_hole.jpg,IMG_13,exp_images/sentences/passive_dog_hole.jpg,STIM_85,stimuli_list_subj_2_a.csv,PWA,passive_with_agent,non_agent_first,agent_overt,1.0,0.0
edf02,29,English,sentence_audio,passive,10976.0,3936.0,281.14285714285717,14.0,1006.1857142857144,515.8928571428572,4132.0,3144,3,6216.0,0.7608906098741529,10976.0,2.3335714285714286,14.0,126.87357142857141,61.42857142857143,1.2755102040816326,exp_images/audio\ENGLISH\p_frisbee.wav,IMG_12_E_PWA,exp_images/images/child_throw_frisbee.jpg,IMG_12,exp_images/sentences/passive_child_frisbee.jpg,STIM_84,stimuli_list_subj_2_a.csv,PWA,passive_with_agent,non_agent_first,agent_overt,1.0,0.0
edf02,3,,free_viewing,,5973.0,4105.0,293.2142857142857,14.0,946.9071428571428,446.64285714285705,4266.0,3778,5,981.0,0.8856071261134553,5973.0,1.7992857142857144,14.0,122.07928571428572,51.85714285714285,2.343880796919471,UNDEFINEDnull,UNDEFINEDnull,exp_images/images/girl_opened_window.jpg,IMG_02,UNDEFINEDnull,UNDEFINEDnull,UNDEFINEDnull,UNDEFINEDnull,,,,,
edf02,30,English,sentence_audio,passive,10732.0,4288.0,476.4444444444445,9.0,865.0333333333334,455.10000000000014,4452.0,3546,2,6100.0,0.7964959568733153,10732.0,1.2133333333333334,9.0,106.12666666666668,60.0,0.8386134923592994,exp_images/audio\ENGLISH\p_tabla.wav,IMG_11_E_PWA,exp_images/images/child_play_tabla.jpg,IMG_11,exp_images/sentences/passive_child_tabla.jpg,STIM_83,stimuli_list_subj_2_a.csv,PWA,passive_with_agent,non_agent_first,agent_overt,1.0,0.0
edf02,31,English,sentence_audio,passive_dropped_agent,10678.0,4260.0,426.0,10.0,892.4699999999998,378.73,4425.0,4425,4,5685.0,1.0,10678.0,2.5810000000000004,10.0,124.98300000000002,56.8,0.9365049634763064,exp_images/audio\ENGLISH\p_woa_draw.wav,IMG_07_E_PNA,exp_images/images/artiste_drew_picture.jpg,IMG_07,exp_images/sentences/noagent_artist_picture.jpg,STIM_97,stimuli_list_subj_2_a.csv,PNA,passive_dropped_agent,non_agent_first,agent_dropped,1.0,1.0
edf02,32,English,sentence_audio,passive_dropped_agent,10649.0,4397.0,549.625,8.0,891.6375,544.5500000000002,4604.0,2710,3,5900.0,0.5886185925282363,10649.0,1.8325,8.0,145.2175,48.5,0.7512442482862242,exp_images/audio\ENGLISH\p_woa_cake.wav,IMG_15_E_PNA,exp_images/images/girl_baked_cake.jpg,IMG_15,exp_images/sentences/noagent_girl_cake.jpg,STIM_105,stimuli_list_subj_2_a.csv,PNA,passive_dropped_agent,non_agent_first,agent_dropped,1.0,1.0
edf02,33,English,sentence_audio,passive_dropped_agent,11006.0,4136.0,517.0,8.0,953.2125,476.7625000000001,4340.0,4140,5,6014.0,0.9539170506912442,11006.0,3.2437499999999995,8.0,183.8375,81.5,0.7268762493185535,exp_images/audio\ENGLISH\p_woa_window.wav,IMG_02_E_PNA,exp_images/images/girl_opened_window.jpg,IMG_02,exp_images/sentences/noagent_girl_window.jpg,STIM_92,stimuli_list_subj_2_a.csv,PNA,passive_dropped_agent,non_agent_first,agent_dropped,1.0,1.0
edf02,34,Punjabi,sentence_audio,active,11107.0,4118.0,514.75,8.0,961.85,917.6875,4340.0,3686,3,6252.0,0.8493087557603687,11107.0,4.247999999999998,10.0,160.43,76.4,0.9003331232556047,exp_images/audio\PUNJABI\fed.wav,IMG_16_P_ACT,exp_images/images/girl_fed_dog.jpg,IMG_16,exp_images/sentences/Fed-dog.jpg,STIM_16,stimuli_list_subj_2_a.csv,ACT,active,agent_first,agent_overt,0.0,
edf02,35,Punjabi,sentence_audio,active,10395.0,4465.0,744.1666666666665,6.0,916.8166666666666,657.3499999999998,4673.0,4673,3,5404.0,1.0,10395.0,1.51,6.0,145.91166666666666,53.0,0.5772005772005773,exp_images/audio\PUNJABI\veg.wav,IMG_18_P_ACT,exp_images/images/boy_cut_vegetables.jpg,IMG_18,exp_images/sentences/Veg.jpg,STIM_18,stimuli_list_subj_2_a.csv,ACT,active,agent_first,agent_overt,0.0,
edf02,36,Punjabi,sentence_audio,active,11092.0,3252.0,3252.0,1.0,968.2,372.6,4657.0,4657,1,6099.0,1.0,11092.0,6.02,1.0,621.21,336.0,0.09015506671474936,exp_images/audio\PUNJABI\vase.wav,IMG_08_P_ACT,exp_images/images/boy_broke_vase.jpg,IMG_08,exp_images/sentences/Vase.jpg,STIM_08,stimuli_list_subj_2_a.csv,ACT,active,agent_first,agent_overt,0.0,
edf02,4,,free_viewing,,6088.0,4292.0,330.15384615384613,13.0,956.4461538461541,492.6538461538463,4464.0,2722,3,1294.0,0.6097670250896058,6088.0,1.9423076923076918,13.0,99.67,40.615384615384606,2.135348226018397,UNDEFINEDnull,UNDEFINEDnull,exp_images/images/child_play_tabla.jpg,IMG_11,UNDEFINEDnull,UNDEFINEDnull,UNDEFINEDnull,UNDEFINEDnull,,,,,
edf02,5,,free_viewing,,5992.0,3972.0,441.33333333333326,9.0,868.7111111111113,501.04444444444437,4374.0,4374,5,1184.0,1.0,5992.0,1.89,10.0,163.69299999999996,69.0,1.6688918558077437,UNDEFINEDnull,UNDEFINEDnull,exp_images/images/boy_opened_door.jpg,IMG_10,UNDEFINEDnull,UNDEFINEDnull,UNDEFINEDnull,UNDEFINEDnull,,,,,
edf02,6,,free_viewing,,6127.0,4247.0,303.35714285714283,14.0,990.2,505.75714285714287,4440.0,4253,2,1135.0,0.9578828828828828,6127.0,1.082142857142857,14.0,79.62357142857142,39.42857142857143,2.2849681736575813,UNDEFINEDnull,UNDEFINEDnull,exp_images/images/boy_filled_bucket.jpg,IMG_09,UNDEFINEDnull,UNDEFINEDnull,UNDEFINEDnull,UNDEFINEDnull,,,,,
edf02,7,,free_viewing,,5698.0,4002.0,210.63157894736838,19.0,979.6315789473683,544.1421052631578,4224.0,2828,5,962.0,0.6695075757575758,5698.0,2.8805263157894743,19.0,96.88157894736842,40.42105263157895,3.334503334503334,UNDEFINEDnull,UNDEFINEDnull,exp_images/images/child_throw_frisbee.jpg,IMG_12,UNDEFINEDnull,UNDEFINEDnull,UNDEFINEDnull,UNDEFINEDnull,,,,,
edf02,8,,free_viewing,,5699.0,4283.0,356.91666666666674,12.0,863.8833333333333,470.29166666666674,4520.0,3799,4,707.0,0.8404867256637168,5699.0,1.3358333333333332,12.0,105.85583333333334,39.333333333333336,2.105632567117038,UNDEFINEDnull,UNDEFINEDnull,exp_images/images/girl_baked_cake.jpg,IMG_15,UNDEFINEDnull,UNDEFINEDnull,UNDEFINEDnull,UNDEFINEDnull,,,,,
edf02,9,,free_viewing,,5892.0,4072.0,214.31578947368425,19.0,926.1368421052632,560.3526315789474,4253.0,4253,4,899.0,1.0,5892.0,2.3189473684210533,19.0,89.18473684210528,38.94736842105263,3.2247114731839783,UNDEFINEDnull,UNDEFINEDnull,exp_images/images/man_cut_shrub.jpg,IMG_04,UNDEFINEDnull,UNDEFINEDnull,UNDEFINEDnull,UNDEFINEDnull,,,,,
edf03,1,,free_viewing,,6038.0,4418.0,401.6363636363636,11.0,1004.3090909090907,382.94545454545454,4679.0,4679,3,1047.0,1.0,6038.0,2.2827272727272727,11.0,69.42272727272727,28.363636363636363,1.82179529645578,UNDEFINEDnull,UNDEFINEDnull,exp_images/images/girl_opened_window.jpg,IMG_02,UNDEFINEDnull,UNDEFINEDnull,UNDEFINEDnull,UNDEFINEDnull,,,,,
edf03,10,,free_viewing,,5832.0,3674.0,244.9333333333333,15.0,890.0200000000002,540.5066666666668,3914.0,3404,5,840.0,0.8696985181400102,5832.0,3.1973333333333334,15.0,171.45866666666663,71.86666666666666,2.57201646090535,UNDEFINEDnull,UNDEFINEDnull,exp_images/images/girl_plant_tree.jpg,IMG_03,UNDEFINEDnull,UNDEFINEDnull,UNDEFINEDnull,UNDEFINEDnull,,,,,
edf03,11,,free_viewing,,5661.0,4101.0,241.2352941176471,17.0,798.7117647058824,583.635294117647,4337.0,2635,7,1198.0,0.6075628314503113,5661.0,4.344117647058824,17.0,104.75823529411764,38.588235294117645,3.0030030030030037,UNDEFINEDnull,UNDEFINEDnull,exp_images/images/girl_fed_dog.jpg,IMG_16,UNDEFINEDnull,UNDEFINEDnull,UNDEFINEDnull,UNDEFINEDnull,,,,,
edf03,12,,free_viewing,,5905.0,4347.0,334.38461538461536,13.0,882.4769230769232,356.60769230769233,4602.0,4602,3,913.0,1.0,5905.0,2.5230769230769234,13.0,75.31384615384616,30.0,2.2015241320914485,UNDEFINEDnull,UNDEFINEDnull,exp_images/images/man_pushed_box.jpg,IMG_05,UNDEFINEDnull,UNDEFINEDnull,UNDEFINEDnull,UNDEFINEDnull,,,,,
edf03,13,,free_viewing,,5709.0,4343.0,334.07692307692315,13.0,947.9846153846154,683.7461538461539,4575.0,3655,6,716.0,0.7989071038251366,5709.0,2.697692307692308,13.0,77.14307692307692,32.153846153846146,2.2771063233490985,UNDEFINEDnull,UNDEFINEDnull,exp_images/images/dog_dug_hole.jpg,IMG_13,UNDEFINEDnull,UNDEFINEDnull,UNDEFINEDnull,UNDEFINEDnull,,,,,
edf03,14,,free_viewing,,6016.0,4170.0,260.625,16.0,811.4812500000003,482.83125000000007,4216.0,3550,4,1024.0,0.8420303605313093,6016.0,2.6125,16.0,121.705625,48.5,2.6595744680851063,UNDEFINEDnull,UNDEFINEDnull,exp_images/images/boy_broke_vase.jpg,IMG_08,UNDEFINEDnull,UNDEFINEDnull,UNDEFINEDnull,UNDEFINEDnull,,,,,
edf03,15,,free_viewing,,5803.0,4375.0,364.58333333333326,12.0,796.7083333333335,496.525,4633.0,4179,4,1098.0,0.9020073386574574,5803.0,2.6025,12.0,73.46499999999997,30.0,2.067895915905566,UNDEFINEDnull,UNDEFINEDnull,exp_images/images/man_cut_shrub.jpg,IMG_04,UNDEFINEDnull,UNDEFINEDnull,UNDEFINEDnull,UNDEFINEDnull,,,,,
edf03,16,,free_viewing,,5787.0,4232.0,282.1333333333333,15.0,879.9333333333334,520.2799999999999,4490.0,1866,7,1314.0,0.4155902004454343,5787.0,2.771875,16.0,77.995,32.125,2.7648176948332472,UNDEFINEDnull,UNDEFINEDnull,exp_images/images/girl_baked_cake.jpg,IMG_15,UNDEFINEDnull,UNDEFINEDnull,UNDEFINEDnull,UNDEFINEDnull,,,,,
edf03,17,,free_viewing,,6080.0,4154.0,276.93333333333334,15.0,916.0133333333333,424.54,4434.0,3846,8,1088.0,0.8673883626522327,6080.0,4.0280000000000005,15.0,95.78133333333332,37.2,2.4671052631578947,UNDEFINEDnull,UNDEFINEDnull,exp_images/images/women_read_letter.jpg,IMG_17,UNDEFINEDnull,UNDEFINEDnull,UNDEFINEDnull,UNDEFINEDnull,,,,,
edf03,18,,free_viewing,,5841.0,4106.0,315.84615384615387,13.0,915.8846153846154,372.37692307692316,4346.0,3660,9,1128.0,0.8421537045559134,5841.0,3.696428571428572,14.0,117.0542857142857,47.0,2.396849854476973,UNDEFINEDnull,UNDEFINEDnull,exp_images/images/child_throw_frisbee.jpg,IMG_12,UNDEFINEDnull,UNDEFINEDnull,UNDEFINEDnull,UNDEFINEDnull,,,,,
edf03,19,Punjabi,sentence_audio,passive_dropped_agent,10357.0,4357.0,335.15384615384613,13.0,926.0769230769232,385.3461538461537,4608.0,4608,3,5365.0,1.0,10357.0,2.184615384615385,13.0,67.90153846153846,29.538461538461537,1.2551897267548522,exp_images/audio\PUNJABI\p_woa_letter.wav,IMG_17_P_PNA,exp_images/images/women_read_letter.jpg,IMG_17,exp_images/sentences/Letter-woa.jpg,STIM_53,stimuli_list_subj_3_a.csv,PNA,passive_dropped_agent,non_agent_first,agent_dropped,1.0,1.0
edf03,2,,free_viewing,,5813.0,4299.0,358.25,12.0,879.7333333333331,546.8166666666667,4588.0,3401,4,1144.0,0.7412816041848299,5813.0,3.561666666666666,12.0,90.13416666666666,33.666666666666664,2.0643385515224497,UNDEFINEDnull,UNDEFINEDnull,exp_images/images/child_play_tabla.jpg,IMG_11,UNDEFINEDnull,UNDEFINEDnull,UNDEFINEDnull,UNDEFINEDnull,,,,,
edf03,20,Punjabi,sentence_audio,passive_dropped_agent,10682.0,3810.0,293.07692307692315,13.0,868.3923076923076,383.6923076923077,4323.0,3865,7,5689.0,0.8940550543603979,10682.0,3.1369230769230763,13.0,134.77461538461537,51.53846153846154,1.2170005616925672,exp_images/audio\PUNJABI\p_woa_tub.wav,IMG_09_P_PNA,exp_images/images/boy_filled_bucket.jpg,IMG_09,exp_images/sentences/Bucket-woa.jpg,STIM_45,stimuli_list_subj_3_a.csv,PNA,passive_dropped_agent,non_agent_first,agent_dropped,1.0,1.0
edf03,21,Punjabi,sentence_audio,passive_dropped_agent,10456.0,4006.0,267.06666666666666,15.0,858.7866666666665,499.52000000000015,4212.0,4212,11,5464.0,1.0,10456.0,3.7953333333333337,15.0,123.42133333333337,52.0,1.4345830145371083,exp_images/audio\PUNJABI\p_woa_clothes.wav,IMG_06_P_PNA,exp_images/images/women_fold_clothes.jpg,IMG_06,exp_images/sentences/Folded-clothes-woa.jpg,STIM_42,stimuli_list_subj_3_a.csv,PNA,passive_dropped_agent,non_agent_first,agent_dropped,1.0,1.0
edf03,22,English,sentence_audio,active,11005.0,4075.0,407.5,10.0,856.32,466.81000000000006,4258.0,3679,4,6224.0,0.8640206669798027,11005.0,2.5669999999999997,10.0,125.822,73.4,0.9086778736937756,exp_images/audio\ENGLISH\door.wav,IMG_10_E_ACT,exp_images/images/boy_opened_door.jpg,IMG_10,exp_images/sentences/active_boy_door.jpg,STIM_64,stimuli_list_subj_3_a.csv,ACT,active,agent_first,agent_overt,0.0,
edf03,23,English,sentence_audio,active,10183.0,4031.0,310.07692307692315,13.0,783.0076923076923,412.87692307692316,4256.0,4061,8,5191.0,0.9541823308270676,10183.0,3.7076923076923065,13.0,140.22538461538463,56.615384615384606,1.2766375331434745,exp_images/audio\ENGLISH\lamp.wav,IMG_01_E_ACT,exp_images/images/girl_lighted_lamp.jpg,IMG_01,exp_images/sentences/active_girl_lamp.jpg,STIM_55,stimuli_list_subj_3_a.csv,ACT,active,agent_first,agent_overt,0.0,
edf03,24,English,sentence_audio,active,10656.0,4406.0,293.73333333333335,15.0,639.44,480.27333333333337,4482.0,4482,1,5664.0,1.0,10656.0,0.5599999999999999,15.0,45.18333333333333,34.0,1.4076576576576576,exp_images/audio\ENGLISH\scooter.wav,IMG_14_E_ACT,exp_images/images/driver_wash_scooter.jpg,IMG_14,exp_images/sentences/active_driver_scooter.jpg,STIM_68,stimuli_list_subj_3_a.csv,ACT,active,agent_first,agent_overt,0.0,
edf03,25,English,sentence_audio,passive,10316.0,3850.0,275.0,14.0,841.2071428571428,410.22142857142853,4108.0,3458,7,5324.0,0.8417721518987342,10316.0,4.04,14.0,134.77785714285716,63.14285714285714,1.357115160915083,exp_images/audio\ENGLISH\p_box.wav,IMG_05_E_PWA,exp_images/images/man_pushed_box.jpg,IMG_05,exp_images/sentences/passive_man_box.jpg,STIM_77,stimuli_list_subj_3_a.csv,PWA,passive_with_agent,non_agent_first,agent_overt,1.0,0.0
edf03,26,English,sentence_audio,passive,10716.0,3650.0,243.33333333333331,15.0,855.6133333333332,518.4066666666666,3855.0,3629,6,5723.0,0.9413748378728924,10716.0,3.2000000000000006,15.0,141.43200000000002,75.86666666666666,1.3997760358342666,exp_images/audio\ENGLISH\p_sapling.wav,IMG_03_E_PWA,exp_images/images/girl_plant_tree.jpg,IMG_03,exp_images/sentences/passive_girl_sapling.jpg,STIM_75,stimuli_list_subj_3_a.csv,PWA,passive_with_agent,non_agent_first,agent_overt,1.0,0.0
edf03,27,English,sentence_audio,passive,10351.0,3620.0,190.5263157894737,19.0,634.5421052631579,476.7947368421052,3848.0,3848,1,5372.0,1.0,10351.0,0.7047619047619048,21.0,47.09095238095239,56.66666666666666,2.0287894889382665,exp_images/audio\ENGLISH\p_shrub.wav,IMG_04_E_PWA,exp_images/images/man_cut_shrub.jpg,IMG_04,exp_images/sentences/passive_man_shrub.jpg,STIM_76,stimuli_list_subj_3_a.csv,PWA,passive_with_agent,non_agent_first,agent_overt,1.0,0.0
edf03,28,English,sentence_audio,passive_dropped_agent,10627.0,4133.0,317.92307692307685,13.0,858.7461538461537,656.6384615384616,4318.0,3380,7,5635.0,0.7827698008337193,10627.0,2.9215384615384616,13.0,103.33,51.846153846153854,1.2232991436905991,exp_images/audio\ENGLISH\p_woa_dug.wav,IMG_13_E_PNA,exp_images/images/dog_dug_hole.jpg,IMG_13,exp_images/sentences/noagent_dog_hole.jpg,STIM_103,stimuli_list_subj_3_a.csv,PNA,passive_dropped_agent,non_agent_first,agent_dropped,1.0,1.0
edf03,29,English,sentence_audio,passive_dropped_agent,10719.0,3791.0,180.52380952380955,21.0,627.0619047619048,480.88571428571436,3967.0,0,0,,0.0,10719.0,0.43142857142857133,21.0,47.998095238095246,48.85714285714285,1.9591379792891128,exp_images/audio\ENGLISH\p_woa_frisbee.wav,IMG_12_E_PNA,exp_images/images/child_throw_frisbee.jpg,IMG_12,exp_images/sentences/noagent_child_frisbee.jpg,STIM_102,stimuli_list_subj_3_a.csv,PNA,passive_dropped_agent,non_agent_first,agent_dropped,1.0,1.0
edf03,3,,free_viewing,,5875.0,4035.0,403.5,10.0,925.69,393.09,4554.0,4406,6,883.0,0.9675010979358806,5875.0,2.2250000000000005,10.0,106.637,43.8,1.702127659574468,UNDEFINEDnull,UNDEFINEDnull,exp_images/images/boy_filled_bucket.jpg,IMG_09,UNDEFINEDnull,UNDEFINEDnull,UNDEFINEDnull,UNDEFINEDnull,,,,,
edf03,30,English,sentence_audio,passive_dropped_agent,10994.0,3890.0,299.23076923076917,13.0,890.1307692307691,531.9769230769232,4189.0,3310,6,6324.0,0.7901647171162569,10994.0,3.5899999999999994,13.0,123.59384615384614,61.846153846153854,1.182463161724577,exp_images/audio\ENGLISH\p_woa_tabla.wav,IMG_11_E_PNA,exp_images/images/child_play_tabla.jpg,IMG_11,exp_images/sentences/noagent_child_tabla.jpg,STIM_101,stimuli_list_subj_3_a.csv,PNA,passive_dropped_agent,non_agent_first,agent_dropped,1.0,1.0
edf03,31,Punjabi,sentence_audio,active,11162.0,3786.0,236.625,16.0,831.31875,464.64375000000007,4061.0,3933,8,6169.0,0.9684806697857672,11162.0,4.60875,16.0,137.27117647058822,56.0,1.4334348683031717,exp_images/audio\PUNJABI\picture.wav,IMG_07_P_ACT,exp_images/images/artiste_drew_picture.jpg,IMG_07,exp_images/sentences/Painting.jpg,STIM_07,stimuli_list_subj_3_a.csv,ACT,active,agent_first,agent_overt,0.0,
edf03,32,Punjabi,sentence_audio,active,10563.0,4097.0,315.15384615384613,13.0,710.3615384615385,463.6923076923077,4440.0,914,2,5936.0,0.20585585585585586,10563.0,1.2353846153846153,13.0,66.81692307692308,42.46153846153846,1.230710972261668,exp_images/audio\PUNJABI\cake.wav,IMG_15_P_ACT,exp_images/images/girl_baked_cake.jpg,IMG_15,exp_images/sentences/Cake.jpg,STIM_15,stimuli_list_subj_3_a.csv,ACT,active,agent_first,agent_overt,0.0,
edf03,33,Punjabi,sentence_audio,active,10627.0,4189.0,279.26666666666665,15.0,946.9066666666665,404.3466666666667,4337.0,3891,5,5634.0,0.8971639382061333,10627.0,2.994666666666667,15.0,99.42466666666664,43.73333333333333,1.4114990119506916,exp_images/audio\PUNJABI\window.wav,IMG_02_P_ACT,exp_images/images/girl_opened_window.jpg,IMG_02,exp_images/sentences/Window.jpg,STIM_02,stimuli_list_subj_3_a.csv,ACT,active,agent_first,agent_overt,0.0,
edf03,34,Punjabi,sentence_audio,passive,10783.0,4121.0,294.35714285714283,14.0,848.2214285714284,607.4142857142857,4331.0,3109,7,6028.0,0.7178480720387901,10783.0,2.977857142857143,14.0,112.33857142857143,47.28571428571429,1.2983399795975146,exp_images/audio\PUNJABI\p_fed.wav,IMG_16_P_PWA,exp_images/images/girl_fed_dog.jpg,IMG_16,exp_images/sentences/Fed-dog-passive.jpg,STIM_34,stimuli_list_subj_3_a.csv,PWA,passive_with_agent,non_agent_first,agent_overt,1.0,0.0
edf03,35,Punjabi,sentence_audio,passive,10785.0,3368.0,306.1818181818182,11.0,948.7727272727273,624.3363636363638,3591.0,3591,5,5793.0,1.0,10785.0,3.8449999999999993,12.0,172.95333333333332,118.33333333333331,1.1126564673157162,exp_images/audio\PUNJABI\p_veg.wav,IMG_18_P_PWA,exp_images/images/boy_cut_vegetables.jpg,IMG_18,exp_images/sentences/Veg-passive.jpg,STIM_36,stimuli_list_subj_3_a.csv,PWA,passive_with_agent,non_agent_first,agent_overt,1.0,0.0
edf03,36,Punjabi,sentence_audio,passive,10256.0,3668.0,146.72,25.0,645.904,474.57200000000006,3903.0,3903,4,5263.0,1.0,10256.0,1.0776,25.0,67.9368,43.6,2.4375975039001556,exp_images/audio\PUNJABI\p_vase.wav,IMG_08_P_PWA,exp_images/images/boy_broke_vase.jpg,IMG_08,exp_images/sentences/Vase-passive.jpg,STIM_26,stimuli_list_subj_3_a.csv,PWA,passive_with_agent,non_agent_first,agent_overt,1.0,0.0
edf03,4,,free_viewing,,5956.0,4136.0,275.73333333333335,15.0,768.14,337.1333333333333,4405.0,4405,4,963.0,1.0,5956.0,3.72,16.0,90.56125,37.875,2.6863666890530555,UNDEFINEDnull,UNDEFINEDnull,exp_images/images/artiste_drew_picture.jpg,IMG_07,UNDEFINEDnull,UNDEFINEDnull,UNDEFINEDnull,UNDEFINEDnull,,,,,
edf03,5,,free_viewing,,5880.0,4250.0,607.1428571428571,7.0,886.8571428571429,415.75714285714287,4530.0,3994,4,1184.0,0.8816777041942605,5880.0,1.8342857142857143,7.0,189.09571428571425,66.0,1.1904761904761905,UNDEFINEDnull,UNDEFINEDnull,exp_images/images/boy_opened_door.jpg,IMG_10,UNDEFINEDnull,UNDEFINEDnull,UNDEFINEDnull,UNDEFINEDnull,,,,,
edf03,6,,free_viewing,,6081.0,4223.0,301.64285714285717,14.0,938.0142857142856,684.9357142857143,4522.0,4522,6,1089.0,1.0,6081.0,3.3885714285714283,14.0,87.95785714285714,33.57142857142857,2.3022529189278083,UNDEFINEDnull,UNDEFINEDnull,exp_images/images/boy_cut_vegetables.jpg,IMG_18,UNDEFINEDnull,UNDEFINEDnull,UNDEFINEDnull,UNDEFINEDnull,,,,,
edf03,7,,free_viewing,,5713.0,4263.0,284.2,15.0,926.08,468.77333333333337,4527.0,4527,5,720.0,1.0,5713.0,2.723333333333333,15.0,76.26933333333334,31.066666666666666,2.6255907579205315,UNDEFINEDnull,UNDEFINEDnull,exp_images/images/girl_lighted_lamp.jpg,IMG_01,UNDEFINEDnull,UNDEFINEDnull,UNDEFINEDnull,UNDEFINEDnull,,,,,
edf03,8,,free_viewing,,6122.0,4432.0,492.4444444444445,9.0,927.9888888888887,483.36666666666656,4702.0,4702,5,1130.0,1.0,6122.0,3.1411111111111105,9.0,83.80000000000003,32.22222222222222,1.4701078079059129,UNDEFINEDnull,UNDEFINEDnull,exp_images/images/women_fold_clothes.jpg,IMG_06,UNDEFINEDnull,UNDEFINEDnull,UNDEFINEDnull,UNDEFINEDnull,,,,,
edf03,9,,free_viewing,,6016.0,4210.0,263.125,16.0,843.1374999999998,518.875,4432.0,4062,3,1024.0,0.9165162454873648,6016.0,3.4975,16.0,89.61,35.0,2.6595744680851063,UNDEFINEDnull,UNDEFINEDnull,exp_images/images/driver_wash_scooter.jpg,IMG_14,UNDEFINEDnull,UNDEFINEDnull,UNDEFINEDnull,UNDEFINEDnull,,,,,
edf04,1,,free_viewing,,5785.0,4403.0,440.3,10.0,1017.74,354.11,4650.0,4197,6,1076.0,0.9025806451612904,5785.0,3.3239999999999994,10.0,91.78799999999998,34.0,1.728608470181504,UNDEFINEDnull,UNDEFINEDnull,exp_images/images/child_throw_frisbee.jpg,IMG_12,UNDEFINEDnull,UNDEFINEDnull,UNDEFINEDnull,UNDEFINEDnull,,,,,
edf04,10,,free_viewing,,5716.0,4184.0,321.84615384615387,13.0,966.4076923076924,479.8846153846154,4557.0,3971,5,723.0,0.8714066271669958,5716.0,3.589230769230769,13.0,92.6353846153846,33.53846153846154,2.274317704688593,UNDEFINEDnull,UNDEFINEDnull,exp_images/images/girl_lighted_lamp.jpg,IMG_01,UNDEFINEDnull,UNDEFINEDnull,UNDEFINEDnull,UNDEFINEDnull,,,,,
edf04,11,,free_viewing,,5669.0,4621.0,2310.5,2.0,943.5,378.5,4926.0,4926,1,677.0,1.0,5669.0,2.96,2.0,88.725,33.0,0.35279590756747226,UNDEFINEDnull,UNDEFINEDnull,exp_images/images/man_pushed_box.jpg,IMG_05,UNDEFINEDnull,UNDEFINEDnull,UNDEFINEDnull,UNDEFINEDnull,,,,,
edf04,12,,free_viewing,,6065.0,4268.0,284.53333333333336,15.0,879.56,625.1933333333333,4523.0,3417,6,1073.0,0.7554720318372762,6065.0,2.57125,16.0,79.31125,30.0,2.6380873866446826,UNDEFINEDnull,UNDEFINEDnull,exp_images/images/girl_fed_dog.jpg,IMG_16,UNDEFINEDnull,UNDEFINEDnull,UNDEFINEDnull,UNDEFINEDnull,,,,,
edf04,13,,free_viewing,,5686.0,4266.0,387.8181818181818,11.0,935.8272727272723,539.9545454545455,4574.0,2664,6,1036.0,0.5824223874070835,5686.0,3.9354545454545464,11.0,104.09454545454544,38.0,1.9345761519521631,UNDEFINEDnull,UNDEFINEDnull,exp_images/images/child_play_tabla.jpg,IMG_11,UNDEFINEDnull,UNDEFINEDnull,UNDEFINEDnull,UNDEFINEDnull,,,,,
edf04,14,,free_viewing,,5949.0,4477.0,639.5714285714286,7.0,1012.7142857142856,441.45714285714286,4806.0,4477,4,1312.0,0.9315439034540158,5949.0,2.2214285714285715,7.0,72.68857142857142,26.57142857142857,1.176668347621449,UNDEFINEDnull,UNDEFINEDnull,exp_images/images/girl_opened_window.jpg,IMG_02,UNDEFINEDnull,UNDEFINEDnull,UNDEFINEDnull,UNDEFINEDnull,,,,,
edf04,15,,free_viewing,,5845.0,4299.0,716.5,6.0,930.7666666666668,507.93333333333334,4760.0,4760,6,853.0,1.0,5845.0,3.686666666666667,6.0,96.19666666666667,38.66666666666666,1.0265183917878529,UNDEFINEDnull,UNDEFINEDnull,exp_images/images/women_fold_clothes.jpg,IMG_06,UNDEFINEDnull,UNDEFINEDnull,UNDEFINEDnull,UNDEFINEDnull,,,,,
edf04,16,,free_viewing,,5954.0,4492.0,561.5,8.0,837.725,497.75,4761.0,4761,4,961.0,1.0,5954.0,2.0375,8.0,65.27,29.0,1.3436345314074571,UNDEFINEDnull,UNDEFINEDnull,exp_images/images/man_cut_shrub.jpg,IMG_04,UNDEFINEDnull,UNDEFINEDnull,UNDEFINEDnull,UNDEFINEDnull,,,,,
edf04,17,,free_viewing,,6092.0,4210.0,382.7272727272728,11.0,975.9,421.3363636363636,4446.0,4446,3,1100.0,1.0,6092.0,1.7027272727272724,11.0,93.8690909090909,49.63636363636363,1.8056467498358504,UNDEFINEDnull,UNDEFINEDnull,exp_images/images/women_read_letter.jpg,IMG_17,UNDEFINEDnull,UNDEFINEDnull,UNDEFINEDnull,UNDEFINEDnull,,,,,
edf04,18,,free_viewing,,5976.0,4336.0,361.33333333333326,12.0,951.4333333333333,511.24166666666673,4633.0,4633,5,983.0,1.0,5976.0,2.6016666666666666,12.0,78.52833333333334,30.0,2.0080321285140563,UNDEFINEDnull,UNDEFINEDnull,exp_images/images/boy_filled_bucket.jpg,IMG_09,UNDEFINEDnull,UNDEFINEDnull,UNDEFINEDnull,UNDEFINEDnull,,,,,
edf04,19,English,sentence_audio,active,10316.0,4386.0,398.7272727272728,11.0,935.118181818182,513.1363636363636,4622.0,4198,3,5324.0,0.9082648204240588,10316.0,3.387272727272728,11.0,87.62636363636364,33.63636363636363,1.0663047692904226,exp_images/audio\ENGLISH\letter.wav,IMG_17_E_ACT,exp_images/images/women_read_letter.jpg,IMG_17,exp_images/sentences/active_women_letter.jpg,STIM_71,stimuli_list_subj_4_a.csv,ACT,active,agent_first,agent_overt,0.0,
edf04,2,,free_viewing,,5887.0,4146.0,276.4,15.0,959.5800000000003,407.3066666666666,4431.0,4131,8,895.0,0.9322951929587,5887.0,3.655625,16.0,95.223125,36.25,2.7178528962119928,UNDEFINEDnull,UNDEFINEDnull,exp_images/images/artiste_drew_picture.jpg,IMG_07,UNDEFINEDnull,UNDEFINEDnull,UNDEFINEDnull,UNDEFINEDnull,,,,,
edf04,20,English,sentence_audio,active,10720.0,4392.0,439.2,10.0,996.7000000000003,528.52,4622.0,4622,8,5728.0,1.0,10720.0,3.967,10.0,106.999,37.0,0.9328358208955224,exp_images/audio\ENGLISH\bucket.wav,IMG_09_E_ACT,exp_images/images/boy_filled_bucket.jpg,IMG_09,exp_images/sentences/active_boy_bucket.jpg,STIM_63,stimuli_list_subj_4_a.csv,ACT,active,agent_first,agent_overt,0.0,
edf04,21,English,sentence_audio,active,10974.0,4376.0,364.66666666666674,12.0,969.2916666666665,424.7166666666667,4595.0,4197,7,5981.0,0.9133841131664852,10974.0,3.3641666666666663,12.0,95.68250000000002,33.166666666666664,1.0934937124111537,exp_images/audio\ENGLISH\clothes.wav,IMG_06_E_ACT,exp_images/images/women_fold_clothes.jpg,IMG_06,exp_images/sentences/active_woman_clothes.jpg,STIM_60,stimuli_list_subj_4_a.csv,ACT,active,agent_first,agent_overt,0.0,
edf04,22,English,sentence_audio,passive,10742.0,4220.0,602.8571428571429,7.0,883.4571428571429,418.27142857142854,4670.0,4670,4,5750.0,1.0,10742.0,1.4142857142857144,7.0,108.4242857142857,46.0,0.6516477378514243,exp_images/audio\ENGLISH\p_door.wav,IMG_10_E_PWA,exp_images/images/boy_opened_door.jpg,IMG_10,exp_images/sentences/passive_boy_door.jpg,STIM_82,stimuli_list_subj_4_a.csv,PWA,passive_with_agent,non_agent_first,agent_overt,1.0,0.0
edf04,23,English,sentence_audio,passive,10465.0,3979.0,331.5833333333333,12.0,948.0750000000003,435.775,4265.0,3809,6,5472.0,0.8930832356389214,10465.0,4.270833333333334,12.0,145.34666666666666,60.66666666666666,1.1466794075489728,exp_images/audio\ENGLISH\p_lamp.wav,IMG_01_E_PWA,exp_images/images/girl_lighted_lamp.jpg,IMG_01,exp_images/sentences/passive_girl_lamp.jpg,STIM_73,stimuli_list_subj_4_a.csv,PWA,passive_with_agent,non_agent_first,agent_overt,1.0,0.0
edf04,24,English,sentence_audio,passive,10942.0,4322.0,392.9090909090909,11.0,1011.0818181818179,623.1818181818182,4576.0,4576,5,5950.0,1.0,10942.0,4.365454545454546,11.0,108.18090909090913,37.81818181818182,1.0053006762931822,exp_images/audio\ENGLISH\p_scooter.wav,IMG_14_E_PWA,exp_images/images/driver_wash_scooter.jpg,IMG_14,exp_images/sentences/passive_driver_scooter.jpg,STIM_86,stimuli_list_subj_4_a.csv,PWA,passive_with_agent,non_agent_first,agent_overt,1.0,0.0
edf04,25,English,sentence_audio,passive_dropped_agent,10268.0,4144.0,460.4444444444445,9.0,995.7000000000003,434.9666666666666,4648.0,4648,4,5276.0,1.0,10268.0,4.456666666666667,9.0,109.68666666666668,38.22222222222222,0.8765095442150369,exp_images/audio\ENGLISH\p_woa_box.wav,IMG_05_E_PNA,exp_images/images/man_pushed_box.jpg,IMG_05,exp_images/sentences/noagent_man_box.jpg,STIM_95,stimuli_list_subj_4_a.csv,PNA,passive_dropped_agent,non_agent_first,agent_dropped,1.0,1.0
edf04,26,English,sentence_audio,passive_dropped_agent,10589.0,4281.0,428.1,10.0,826.8699999999999,567.6000000000001,4624.0,4624,8,5597.0,1.0,10589.0,4.2490000000000006,10.0,110.52600000000001,36.8,0.9443762394938144,exp_images/audio\ENGLISH\p_woa_sapling.wav,IMG_03_E_PNA,exp_images/images/girl_plant_tree.jpg,IMG_03,exp_images/sentences/noagent_girl_sapling.jpg,STIM_93,stimuli_list_subj_4_a.csv,PNA,passive_dropped_agent,non_agent_first,agent_dropped,1.0,1.0
edf04,27,English,sentence_audio,passive_dropped_agent,10787.0,3941.0,281.5,14.0,930.6714285714284,470.6928571428571,4196.0,4196,9,5795.0,1.0,10787.0,5.15,14.0,128.83214285714286,56.85714285714285,1.2978585334198571,exp_images/audio\ENGLISH\p_woa_shrub.wav,IMG_04_E_PNA,exp_images/images/man_cut_shrub.jpg,IMG_04,exp_images/sentences/noagent_man_shrub.jpg,STIM_94,stimuli_list_subj_4_a.csv,PNA,passive_dropped_agent,non_agent_first,agent_dropped,1.0,1.0
edf04,28,Punjabi,sentence_audio,active,11141.0,4637.0,662.4285714285714,7.0,910.9714285714286,665.5142857142856,4789.0,3875,4,6148.0,0.8091459594904991,11141.0,2.3185714285714285,7.0,75.52428571428571,29.142857142857146,0.6283098465128804,exp_images/audio\PUNJABI\dug.wav,IMG_13_P_ACT,exp_images/images/dog_dug_hole.jpg,IMG_13,exp_images/sentences/Dog-dug.jpg,STIM_13,stimuli_list_subj_4_a.csv,ACT,active,agent_first,agent_overt,0.0,
edf04,29,Punjabi,sentence_audio,active,10477.0,4313.0,392.09090909090907,11.0,1086.0818181818179,420.32727272727266,4520.0,4172,2,5485.0,0.9230088495575222,10477.0,3.2090909090909085,11.0,100.36181818181818,42.90909090909091,1.049918869905507,exp_images/audio\PUNJABI\frisbee.wav,IMG_12_P_ACT,exp_images/images/child_throw_frisbee.jpg,IMG_12,exp_images/sentences/Frisbee.jpg,STIM_12,stimuli_list_subj_4_a.csv,ACT,active,agent_first,agent_overt,0.0,
edf04,3,,free_viewing,,5990.0,4260.0,387.27272727272725,11.0,970.4727272727272,557.1636363636363,4573.0,4573,6,997.0,1.0,5990.0,4.356363636363636,11.0,106.51181818181816,38.18181818181818,1.8363939899833053,UNDEFINEDnull,UNDEFINEDnull,exp_images/images/boy_cut_vegetables.jpg,IMG_18,UNDEFINEDnull,UNDEFINEDnull,UNDEFINEDnull,UNDEFINEDnull,,,,,
edf04,30,Punjabi,sentence_audio,active,10446.0,4312.0,431.2,10.0,869.5,486.89,4610.0,4312,7,5792.0,0.9353579175704988,10446.0,4.290000000000001,10.0,109.70299999999996,38.2,0.9573042312847024,exp_images/audio\PUNJABI\tabla.wav,IMG_11_P_ACT,exp_images/images/child_play_tabla.jpg,IMG_11,exp_images/sentences/Tabla.jpg,STIM_11,stimuli_list_subj_4_a.csv,ACT,active,agent_first,agent_overt,0.0,
edf04,31,Punjabi,sentence_audio,passive,10415.0,4311.0,287.4,15.0,911.9133333333334,400.56,4512.0,4512,5,5423.0,1.0,10415.0,3.1806666666666663,15.0,87.13266666666667,32.0,1.4402304368698993,exp_images/audio\PUNJABI\p_picture.wav,IMG_07_P_PWA,exp_images/images/artiste_drew_picture.jpg,IMG_07,exp_images/sentences/Painting-passive.jpg,STIM_25,stimuli_list_subj_4_a.csv,PWA,passive_with_agent,non_agent_first,agent_overt,1.0,0.0
edf04,32,Punjabi,sentence_audio,passive,11167.0,4417.0,401.54545454545456,11.0,910.5,464.0545454545455,4668.0,4256,5,6175.0,0.9117395029991432,11167.0,2.369090909090909,11.0,75.46090909090908,29.45454545454545,0.9850452225306708,exp_images/audio\PUNJABI\p_cake.wav,IMG_15_P_PWA,exp_images/images/girl_baked_cake.jpg,IMG_15,exp_images/sentences/Cake-passive.jpg,STIM_33,stimuli_list_subj_4_a.csv,PWA,passive_with_agent,non_agent_first,agent_overt,1.0,0.0
edf04,33,Punjabi,sentence_audio,passive,10939.0,4343.0,434.3,10.0,1082.76,415.16,4685.0,4343,6,6324.0,0.9270010672358592,10939.0,2.75,10.0,84.96099999999998,30.8,0.9141603437242892,exp_images/audio\PUNJABI\p_window.wav,IMG_02_P_PWA,exp_images/images/girl_opened_window.jpg,IMG_02,exp_images/sentences/Window-passive.jpg,STIM_20,stimuli_list_subj_4_a.csv,PWA,passive_with_agent,non_agent_first,agent_overt,1.0,0.0
edf04,34,Punjabi,sentence_audio,passive_dropped_agent,10449.0,4075.0,291.07142857142856,14.0,929.9857142857143,690.5357142857142,4294.0,3534,4,5706.0,0.8230088495575221,10449.0,2.7278571428571428,14.0,107.31285714285715,49.85714285714285,1.3398411331227869,exp_images/audio\PUNJABI\p_woa_fed.wav,IMG_16_P_PNA,exp_images/images/girl_fed_dog.jpg,IMG_16,exp_images/sentences/Fed-dog-woa.jpg,STIM_52,stimuli_list_subj_4_a.csv,PNA,passive_dropped_agent,non_agent_first,agent_dropped,1.0,1.0
edf04,35,Punjabi,sentence_audio,passive_dropped_agent,10256.0,4450.0,370.83333333333326,12.0,989.225,728.2916666666665,4649.0,4649,4,5263.0,1.0,10256.0,2.7775000000000003,12.0,81.29166666666667,28.66666666666667,1.1700468018720749,exp_images/audio\PUNJABI\p_woa_veg.wav,IMG_18_P_PNA,exp_images/images/boy_cut_vegetables.jpg,IMG_18,exp_images/sentences/Veg-woa.jpg,STIM_54,stimuli_list_subj_4_a.csv,PNA,passive_dropped_agent,non_agent_first,agent_dropped,1.0,1.0
edf04,36,Punjabi,sentence_audio,passive_dropped_agent,10522.0,4074.0,509.25,8.0,910.6125,458.15,4727.0,4727,4,5529.0,1.0,10522.0,2.98375,8.0,87.72125000000003,33.25,0.7603117278084014,exp_images/audio\PUNJABI\p_woa_vase.wav,IMG_08_P_PNA,exp_images/images/boy_broke_vase.jpg,IMG_08,exp_images/sentences/Vase-woa.jpg,STIM_44,stimuli_list_subj_4_a.csv,PNA,passive_dropped_agent,non_agent_first,agent_dropped,1.0,1.0
edf04,4,,free_viewing,,5683.0,4347.0,310.5,14.0,1009.8857142857145,644.9714285714286,4605.0,4605,5,692.0,1.0,5683.0,2.337857142857143,14.0,72.8664285714286,27.57142857142857,2.4634875945803274,UNDEFINEDnull,UNDEFINEDnull,exp_images/images/dog_dug_hole.jpg,IMG_13,UNDEFINEDnull,UNDEFINEDnull,UNDEFINEDnull,UNDEFINEDnull,,,,,
edf04,5,,free_viewing,,5874.0,4488.0,561.0,8.0,914.175,470.2875,4805.0,4805,3,881.0,1.0,5874.0,1.68875,8.0,62.44375,23.5,1.3619339462036093,UNDEFINEDnull,UNDEFINEDnull,exp_images/images/boy_broke_vase.jpg,IMG_08,UNDEFINEDnull,UNDEFINEDnull,UNDEFINEDnull,UNDEFINEDnull,,,,,
edf04,6,,free_viewing,,5663.0,3975.0,1987.5,2.0,940.5,469.55,4941.0,4547,2,670.0,0.9202590568710788,5663.0,1.595,2.0,61.52,26.0,0.35316969803990816,UNDEFINEDnull,UNDEFINEDnull,exp_images/images/boy_opened_door.jpg,IMG_10,UNDEFINEDnull,UNDEFINEDnull,UNDEFINEDnull,UNDEFINEDnull,,,,,
edf04,7,,free_viewing,,5669.0,3707.0,3707.0,1.0,967.7,467.6,4967.0,4967,1,676.0,1.0,5669.0,1.79,1.0,67.28,26.0,0.17639795378373613,UNDEFINEDnull,UNDEFINEDnull,exp_images/images/girl_plant_tree.jpg,IMG_03,UNDEFINEDnull,UNDEFINEDnull,UNDEFINEDnull,UNDEFINEDnull,,,,,
edf04,8,,free_viewing,,5643.0,4343.0,434.3,10.0,989.46,540.38,4641.0,4641,3,650.0,1.0,5643.0,3.799,10.0,92.419,35.2,1.7721070352649297,UNDEFINEDnull,UNDEFINEDnull,exp_images/images/driver_wash_scooter.jpg,IMG_14,UNDEFINEDnull,UNDEFINEDnull,UNDEFINEDnull,UNDEFINEDnull,,,,,
edf04,9,,free_viewing,,6009.0,4293.0,429.3,10.0,1002.5400000000003,573.2099999999998,4720.0,4720,5,1017.0,1.0,6009.0,2.0650000000000004,10.0,72.78900000000002,27.2,1.6641704110500914,UNDEFINEDnull,UNDEFINEDnull,exp_images/images/girl_baked_cake.jpg,IMG_15,UNDEFINEDnull,UNDEFINEDnull,UNDEFINEDnull,UNDEFINEDnull,,,,,
edf05,1,,free_viewing,,6119.0,4318.0,431.8,10.0,1095.42,375.4,4652.0,4318,1,1502.0,0.9282029234737748,6119.0,1.1810000000000005,10.0,80.74600000000002,33.6,1.6342539630658606,UNDEFINEDnull,UNDEFINEDnull,exp_images/images/child_throw_frisbee.jpg,IMG_12,UNDEFINEDnull,UNDEFINEDnull,UNDEFINEDnull,UNDEFINEDnull,,,,,
edf05,10,,free_viewing,,5965.0,4057.0,368.8181818181818,11.0,1085.9636363636364,412.44545454545465,4352.0,4057,5,1298.0,0.9322150735294118,5965.0,2.679090909090909,11.0,122.30818181818182,58.18181818181818,1.8440905280804691,UNDEFINEDnull,UNDEFINEDnull,exp_images/images/girl_opened_window.jpg,IMG_02,UNDEFINEDnull,UNDEFINEDnull,UNDEFINEDnull,UNDEFINEDnull,,,,,
edf05,11,,free_viewing,,5969.0,4301.0,358.41666666666674,12.0,993.0666666666666,381.44166666666666,4541.0,4541,3,976.0,1.0,5969.0,2.779166666666667,12.0,101.215,37.66666666666666,2.010386999497403,UNDEFINEDnull,UNDEFINEDnull,exp_images/images/artiste_drew_picture.jpg,IMG_07,UNDEFINEDnull,UNDEFINEDnull,UNDEFINEDnull,UNDEFINEDnull,,,,,
edf05,12,,free_viewing,,5635.0,4061.0,338.4166666666667,12.0,928.925,469.025,4349.0,4349,3,742.0,1.0,5635.0,1.9130769230769231,13.0,147.6130769230769,51.230769230769226,2.3070097604259097,UNDEFINEDnull,UNDEFINEDnull,exp_images/images/boy_broke_vase.jpg,IMG_08,UNDEFINEDnull,UNDEFINEDnull,UNDEFINEDnull,UNDEFINEDnull,,,,,
edf05,13,,free_viewing,,6045.0,4191.0,349.25,12.0,914.3666666666667,643.9333333333334,4451.0,4191,3,1336.0,0.9415861604133904,6045.0,1.8791666666666669,12.0,123.42583333333336,45.16666666666666,1.9851116625310172,UNDEFINEDnull,UNDEFINEDnull,exp_images/images/women_fold_clothes.jpg,IMG_06,UNDEFINEDnull,UNDEFINEDnull,UNDEFINEDnull,UNDEFINEDnull,,,,,
edf05,14,,free_viewing,,5836.0,4020.0,335.0,12.0,891.1500000000003,472.78333333333336,4279.0,4279,4,845.0,1.0,5836.0,2.535833333333333,12.0,141.60083333333333,59.33333333333334,2.0562028786840303,UNDEFINEDnull,UNDEFINEDnull,exp_images/images/man_cut_shrub.jpg,IMG_04,UNDEFINEDnull,UNDEFINEDnull,UNDEFINEDnull,UNDEFINEDnull,,,,,
edf05,15,,free_viewing,,5942.0,4172.0,347.66666666666674,12.0,928.1750000000003,622.7583333333333,4343.0,3875,6,949.0,0.8922403868293806,5942.0,2.7133333333333334,12.0,134.94833333333332,54.16666666666666,2.0195220464490067,UNDEFINEDnull,UNDEFINEDnull,exp_images/images/girl_fed_dog.jpg,IMG_16,UNDEFINEDnull,UNDEFINEDnull,UNDEFINEDnull,UNDEFINEDnull,,,,,
edf05,16,,free_viewing,,5979.0,4309.0,331.46153846153845,13.0,1049.2999999999997,503.5153846153847,4528.0,3908,5,987.0,0.8630742049469965,5979.0,2.6130769230769233,13.0,98.22846153846154,35.692307692307686,2.174276634888777,UNDEFINEDnull,UNDEFINEDnull,exp_images/images/women_read_letter.jpg,IMG_17,UNDEFINEDnull,UNDEFINEDnull,UNDEFINEDnull,UNDEFINEDnull,,,,,
edf05,17,,free_viewing,,6042.0,3946.0,358.72727272727275,11.0,790.6272727272728,507.57272727272726,4216.0,4216,4,1050.0,1.0,6042.0,2.6554545454545457,11.0,150.2590909090909,70.54545454545455,1.8205892088712348,UNDEFINEDnull,UNDEFINEDnull,exp_images/images/girl_lighted_lamp.jpg,IMG_01,UNDEFINEDnull,UNDEFINEDnull,UNDEFINEDnull,UNDEFINEDnull,,,,,
edf05,18,,free_viewing,,5808.0,4170.0,320.76923076923083,13.0,1035.0538461538465,670.1076923076922,4371.0,4371,4,815.0,1.0,5808.0,2.51,13.0,129.62846153846152,47.846153846153854,2.238292011019284,UNDEFINEDnull,UNDEFINEDnull,exp_images/images/dog_dug_hole.jpg,IMG_13,UNDEFINEDnull,UNDEFINEDnull,UNDEFINEDnull,UNDEFINEDnull,,,,,
edf05,19,English,sentence_audio,passive,11157.0,4326.0,360.5,12.0,1054.6333333333334,520.9333333333334,4335.0,4335,4,6163.0,1.0,11157.0,1.8325000000000005,12.0,153.19666666666663,54.83333333333334,1.0755579456843238,exp_images/audio\ENGLISH\p_letter.wav,IMG_17_E_PWA,exp_images/images/women_read_letter.jpg,IMG_17,exp_images/sentences/passive_women_letter.jpg,STIM_89,stimuli_list_subj_5_a.csv,PWA,passive_with_agent,non_agent_first,agent_overt,1.0,0.0
edf05,2,,free_viewing,,5754.0,4308.0,287.2,15.0,923.6199999999997,417.54666666666674,4633.0,4633,15,761.0,1.0,5754.0,1.4439999999999995,15.0,58.162000000000006,24.0,2.606882168925965,UNDEFINEDnull,UNDEFINEDnull,exp_images/images/boy_opened_door.jpg,IMG_10,UNDEFINEDnull,UNDEFINEDnull,UNDEFINEDnull,UNDEFINEDnull,,,,,
edf05,20,English,sentence_audio,passive,10586.0,3842.0,426.88888888888886,9.0,998.022222222222,391.9666666666667,4137.0,4137,6,5593.0,1.0,10586.0,2.316,10.0,172.15599999999998,87.4,0.9446438692612884,exp_images/audio\ENGLISH\p_bucket.wav,IMG_09_E_PWA,exp_images/images/boy_filled_bucket.jpg,IMG_09,exp_images/sentences/passive_boy_bucket.jpg,STIM_81,stimuli_list_subj_5_a.csv,PWA,passive_with_agent,non_agent_first,agent_overt,1.0,0.0
edf05,21,English,sentence_audio,passive,10302.0,3784.0,315.3333333333333,12.0,920.6333333333336,491.25833333333327,4102.0,3784,3,5654.0,0.9224768405655778,10302.0,1.7191666666666665,12.0,152.6175,74.16666666666667,1.1648223645894002,exp_images/audio\ENGLISH\p_clothes.wav,IMG_06_E_PWA,exp_images/images/women_fold_clothes.jpg,IMG_06,exp_images/sentences/passive_woman_clothes.jpg,STIM_78,stimuli_list_subj_5_a.csv,PWA,passive_with_agent,non_agent_first,agent_overt,1.0,0.0
edf05,22,English,sentence_audio,passive_dropped_agent,10818.0,4216.0,527.0,8.0,941.9625,350.0625,4383.0,4079,5,5825.0,0.9306411133926534,10818.0,1.51375,8.0,93.85875,76.25,0.7395082270290257,exp_images/audio\ENGLISH\p_woa_door.wav,IMG_10_E_PNA,exp_images/images/boy_opened_door.jpg,IMG_10,exp_images/sentences/noagent_boy_door.jpg,STIM_100,stimuli_list_subj_5_a.csv,PNA,passive_dropped_agent,non_agent_first,agent_dropped,1.0,1.0
edf05,23,English,sentence_audio,passive_dropped_agent,10721.0,4223.0,422.3,10.0,887.1600000000002,425.96,4509.0,3976,7,5730.0,0.8817919716123309,10721.0,2.6430000000000002,10.0,110.294,48.2,0.9327488107452664,exp_images/audio\ENGLISH\p_woa_lamp.wav,IMG_01_E_PNA,exp_images/images/girl_lighted_lamp.jpg,IMG_01,exp_images/sentences/noagent_girl_lamp.jpg,STIM_91,stimuli_list_subj_5_a.csv,PNA,passive_dropped_agent,non_agent_first,agent_dropped,1.0,1.0
edf05,24,English,sentence_audio,passive_dropped_agent,10344.0,3938.0,393.8,10.0,913.9,317.72,4411.0,4411,5,5353.0,1.0,10344.0,2.5860000000000003,10.0,131.709,58.0,0.9667440061871616,exp_images/audio\ENGLISH\p_woa_scooter.wav,IMG_14_E_PNA,exp_images/images/driver_wash_scooter.jpg,IMG_14,exp_images/sentences/noagent_driver_scooter.jpg,STIM_104,stimuli_list_subj_5_a.csv,PNA,passive_dropped_agent,non_agent_first,agent_dropped,1.0,1.0
edf05,25,Punjabi,sentence_audio,active,10328.0,3960.0,360.0,11.0,1079.0181818181818,381.57272727272726,4266.0,4236,5,5336.0,0.9929676511954992,10328.0,1.9645454545454544,11.0,143.8063636363636,66.0,1.0650658404337725,exp_images/audio\PUNJABI\box.wav,IMG_05_P_ACT,exp_images/images/man_pushed_box.jpg,IMG_05,exp_images/sentences/Pushed-box.jpg,STIM_05,stimuli_list_subj_5_a.csv,ACT,active,agent_first,agent_overt,0.0,
edf05,26,Punjabi,sentence_audio,active,10471.0,4117.0,457.4444444444445,9.0,860.3222222222223,427.23333333333335,4422.0,2310,5,5479.0,0.5223880597014925,10471.0,1.7622222222222224,9.0,131.80666666666667,63.33333333333334,0.8595167605768312,exp_images/audio\PUNJABI\sapling.wav,IMG_03_P_ACT,exp_images/images/girl_plant_tree.jpg,IMG_03,exp_images/sentences/Sapling.jpg,STIM_03,stimuli_list_subj_5_a.csv,ACT,active,agent_first,agent_overt,0.0,
edf05,27,Punjabi,sentence_audio,active,10579.0,3977.0,284.07142857142856,14.0,926.0214285714284,368.08571428571435,4201.0,4003,12,5586.0,0.9528683646750774,10579.0,2.117142857142857,14.0,107.90642857142859,56.57142857142857,1.323376500614425,exp_images/audio\PUNJABI\shrub.wav,IMG_04_P_ACT,exp_images/images/man_cut_shrub.jpg,IMG_04,exp_images/sentences/Shrub.jpg,STIM_04,stimuli_list_subj_5_a.csv,ACT,active,agent_first,agent_overt,0.0,
edf05,28,Punjabi,sentence_audio,passive,10999.0,4113.0,342.75,12.0,978.6583333333333,625.5916666666667,4300.0,2696,6,6007.0,0.6269767441860465,10999.0,2.1025,12.0,116.31833333333331,57.66666666666666,1.0910082734794069,exp_images/audio\PUNJABI\p_dug.wav,IMG_13_P_PWA,exp_images/images/dog_dug_hole.jpg,IMG_13,exp_images/sentences/Dog-dug-passive.jpg,STIM_31,stimuli_list_subj_5_a.csv,PWA,passive_with_agent,non_agent_first,agent_overt,1.0,0.0
edf05,29,Punjabi,sentence_audio,passive,10516.0,4022.0,402.2,10.0,957.97,291.70999999999987,4470.0,2222,6,6006.0,0.4970917225950783,10516.0,2.968,10.0,106.904,52.2,0.9509319132750096,exp_images/audio\PUNJABI\p_frisbee.wav,IMG_12_P_PWA,exp_images/images/child_throw_frisbee.jpg,IMG_12,exp_images/sentences/Frisbee-passive.jpg,STIM_30,stimuli_list_subj_5_a.csv,PWA,passive_with_agent,non_agent_first,agent_overt,1.0,0.0
edf05,3,,free_viewing,,6066.0,4268.0,284.53333333333336,15.0,960.3533333333332,320.5133333333334,4547.0,4103,4,1073.0,0.90235319991203,6066.0,2.523333333333333,15.0,80.1506666666667,29.73333333333333,2.4727992087042527,UNDEFINEDnull,UNDEFINEDnull,exp_images/images/driver_wash_scooter.jpg,IMG_14,UNDEFINEDnull,UNDEFINEDnull,UNDEFINEDnull,UNDEFINEDnull,,,,,
edf05,30,Punjabi,sentence_audio,passive,10527.0,4321.0,432.1,10.0,863.97,472.11,4466.0,2862,4,5716.0,0.6408419167039857,10527.0,2.37,10.0,102.279,52.6,0.9499382540134892,exp_images/audio\PUNJABI\p_tabla.wav,IMG_11_P_PWA,exp_images/images/child_play_tabla.jpg,IMG_11,exp_images/sentences/Tabla-passive.jpg,STIM_29,stimuli_list_subj_5_a.csv,PWA,passive_with_agent,non_agent_first,agent_overt,1.0,0.0
edf05,31,Punjabi,sentence_audio,passive_dropped_agent,10675.0,4141.0,318.53846153846155,13.0,881.1461538461538,291.42307692307685,4356.0,4161,9,5683.0,0.9552341597796143,10675.0,3.2423076923076923,13.0,107.81615384615385,48.92307692307693,1.2177985948477752,exp_images/audio\PUNJABI\p_woa_picture.wav,IMG_07_P_PNA,exp_images/images/artiste_drew_picture.jpg,IMG_07,exp_images/sentences/Painting-woa.jpg,STIM_43,stimuli_list_subj_5_a.csv,PNA,passive_dropped_agent,non_agent_first,agent_dropped,1.0,1.0
edf05,32,Punjabi,sentence_audio,passive_dropped_agent,10789.0,4231.0,384.6363636363636,11.0,937.6818181818179,431.51818181818186,4368.0,3395,4,5970.0,0.7772435897435898,10789.0,1.6445454545454543,11.0,112.43545454545456,56.72727272727273,1.019556956159051,exp_images/audio\PUNJABI\p_woa_cake.wav,IMG_15_P_PNA,exp_images/images/girl_baked_cake.jpg,IMG_15,exp_images/sentences/Cake-woa.jpg,STIM_51,stimuli_list_subj_5_a.csv,PNA,passive_dropped_agent,non_agent_first,agent_dropped,1.0,1.0
edf05,33,Punjabi,sentence_audio,passive_dropped_agent,10504.0,4534.0,453.4,10.0,1002.51,353.85,4536.0,4372,5,5536.0,0.9638447971781304,10504.0,1.93,10.0,93.01699999999998,45.6,0.952018278750952,exp_images/audio\PUNJABI\p_woa_window.wav,IMG_02_P_PNA,exp_images/images/girl_opened_window.jpg,IMG_02,exp_images/sentences/Window-woa.jpg,STIM_38,stimuli_list_subj_5_a.csv,PNA,passive_dropped_agent,non_agent_first,agent_dropped,1.0,1.0
edf05,34,English,sentence_audio,active,10511.0,4283.0,428.3,10.0,931.1,573.29,4512.0,3116,5,5519.0,0.6906028368794326,10511.0,2.478,10.0,105.483,48.0,0.9513842641042718,exp_images/audio\ENGLISH\fed.wav,IMG_16_E_ACT,exp_images/images/girl_fed_dog.jpg,IMG_16,exp_images/sentences/active_girl_dog.jpg,STIM_70,stimuli_list_subj_5_a.csv,ACT,active,agent_first,agent_overt,0.0,
edf05,35,English,sentence_audio,active,10999.0,4119.0,316.84615384615387,13.0,990.5846153846153,583.1,4268.0,3483,4,6190.0,0.8160731021555764,10999.0,2.5015384615384613,13.0,106.96076923076923,55.69230769230769,1.181925629602691,exp_images/audio\ENGLISH\veg.wav,IMG_18_E_ACT,exp_images/images/boy_cut_vegetables.jpg,IMG_18,exp_images/sentences/active_boy_vegetables.jpg,STIM_72,stimuli_list_subj_5_a.csv,ACT,active,agent_first,agent_overt,0.0,
edf05,36,English,sentence_audio,active,11043.0,4273.0,356.08333333333326,12.0,843.3000000000002,385.85833333333335,4524.0,4524,7,6051.0,1.0,11043.0,1.7899999999999998,12.0,86.05416666666667,39.0,1.0866612333605001,exp_images/audio\ENGLISH\vase.wav,IMG_08_E_ACT,exp_images/images/boy_broke_vase.jpg,IMG_08,exp_images/sentences/active_boy_vase.jpg,STIM_62,stimuli_list_subj_5_a.csv,ACT,active,agent_first,agent_overt,0.0,
edf05,4,,free_viewing,,6061.0,4537.0,648.1428571428571,7.0,939.4714285714286,425.45714285714286,4795.0,4795,4,1068.0,1.0,6061.0,2.325714285714286,7.0,73.45857142857143,28.285714285714285,1.154924929879558,UNDEFINEDnull,UNDEFINEDnull,exp_images/images/girl_baked_cake.jpg,IMG_15,UNDEFINEDnull,UNDEFINEDnull,UNDEFINEDnull,UNDEFINEDnull,,,,,
edf05,5,,free_viewing,,5775.0,4333.0,361.08333333333326,12.0,908.1833333333334,488.51666666666665,4607.0,3443,5,1090.0,0.7473410028217929,5775.0,3.26,12.0,92.70583333333332,32.166666666666664,2.0779220779220777,UNDEFINEDnull,UNDEFINEDnull,exp_images/images/child_play_tabla.jpg,IMG_11,UNDEFINEDnull,UNDEFINEDnull,UNDEFINEDnull,UNDEFINEDnull,,,,,
edf05,6,,free_viewing,,6006.0,4498.0,499.77777777777777,9.0,958.5,497.1555555555556,4765.0,4765,5,1013.0,1.0,6006.0,1.8422222222222218,9.0,66.91666666666667,25.33333333333333,1.4985014985014984,UNDEFINEDnull,UNDEFINEDnull,exp_images/images/boy_filled_bucket.jpg,IMG_09,UNDEFINEDnull,UNDEFINEDnull,UNDEFINEDnull,UNDEFINEDnull,,,,,
edf05,7,,free_viewing,,5779.0,4292.0,330.15384615384613,13.0,762.6923076923077,586.7615384615385,4532.0,3952,4,786.0,0.8720211827007943,5779.0,2.0200000000000005,14.0,96.02428571428571,34.285714285714285,2.422564457518602,UNDEFINEDnull,UNDEFINEDnull,exp_images/images/girl_plant_tree.jpg,IMG_03,UNDEFINEDnull,UNDEFINEDnull,UNDEFINEDnull,UNDEFINEDnull,,,,,
edf05,8,,free_viewing,,6108.0,4486.0,373.83333333333326,12.0,1038.4083333333333,375.975,4634.0,4634,6,1116.0,1.0,6108.0,2.4341666666666666,12.0,75.8775,29.83333333333333,1.9646365422396856,UNDEFINEDnull,UNDEFINEDnull,exp_images/images/man_pushed_box.jpg,IMG_05,UNDEFINEDnull,UNDEFINEDnull,UNDEFINEDnull,UNDEFINEDnull,,,,,
edf05,9,,free_viewing,,6082.0,4374.0,437.4,10.0,1026.39,618.5799999999998,4594.0,4594,3,1090.0,1.0,6082.0,3.0410000000000004,10.0,118.02600000000001,39.8,1.6441959881617891,UNDEFINEDnull,UNDEFINEDnull,exp_images/images/boy_cut_vegetables.jpg,IMG_18,UNDEFINEDnull,UNDEFINEDnull,UNDEFINEDnull,UNDEFINEDnull,,,,,
edf06,1,,free_viewing,,5725.0,3993.0,285.2142857142857,14.0,1031.1142857142856,496.21428571428567,4275.0,3993,7,1050.0,0.9340350877192982,5725.0,3.636428571428571,14.0,143.84,51.28571428571429,2.4454148471615724,UNDEFINEDnull,UNDEFINEDnull,exp_images/images/girl_opened_window.jpg,IMG_02,UNDEFINEDnull,UNDEFINEDnull,UNDEFINEDnull,UNDEFINEDnull,,,,,
edf06,10,,free_viewing,,5966.0,4276.0,305.42857142857144,14.0,957.8714285714284,721.157142857143,4443.0,3277,7,973.0,0.7375647085302723,5966.0,4.400714285714286,14.0,105.28214285714287,39.285714285714285,2.3466309084813943,UNDEFINEDnull,UNDEFINEDnull,exp_images/images/dog_dug_hole.jpg,IMG_13,UNDEFINEDnull,UNDEFINEDnull,UNDEFINEDnull,UNDEFINEDnull,,,,,
edf06,11,,free_viewing,,6013.0,4281.0,305.7857142857143,14.0,1017.2571428571428,739.0857142857143,4500.0,4500,4,1021.0,1.0,6013.0,3.0799999999999987,14.0,81.28999999999998,35.142857142857146,2.328288707799768,UNDEFINEDnull,UNDEFINEDnull,exp_images/images/boy_cut_vegetables.jpg,IMG_18,UNDEFINEDnull,UNDEFINEDnull,UNDEFINEDnull,UNDEFINEDnull,,,,,
edf06,12,,free_viewing,,6017.0,3848.0,240.5,16.0,901.0,673.7624999999998,4081.0,2797,6,1025.0,0.6853712325410438,6017.0,3.5729411764705885,17.0,141.5852941176471,54.70588235294117,2.8253282366627888,UNDEFINEDnull,UNDEFINEDnull,exp_images/images/girl_fed_dog.jpg,IMG_16,UNDEFINEDnull,UNDEFINEDnull,UNDEFINEDnull,UNDEFINEDnull,,,,,
edf06,13,,free_viewing,,5925.0,4349.0,310.64285714285717,14.0,966.4,529.8071428571427,4557.0,4193,4,932.0,0.9201228878648232,5925.0,2.561428571428572,14.0,73.62285714285714,31.142857142857146,2.3628691983122363,UNDEFINEDnull,UNDEFINEDnull,exp_images/images/women_read_letter.jpg,IMG_17,UNDEFINEDnull,UNDEFINEDnull,UNDEFINEDnull,UNDEFINEDnull,,,,,
edf06,14,,free_viewing,,5861.0,4136.0,258.5,16.0,982.45,553.7937499999998,4301.0,4301,5,869.0,1.0,5861.0,4.471176470588237,17.0,96.77529411764708,41.76470588235294,2.9005289199795263,UNDEFINEDnull,UNDEFINEDnull,exp_images/images/artiste_drew_picture.jpg,IMG_07,UNDEFINEDnull,UNDEFINEDnull,UNDEFINEDnull,UNDEFINEDnull,,,,,
edf06,15,,free_viewing,,6138.0,4260.0,250.58823529411762,17.0,925.3470588235293,596.1882352941175,4440.0,2642,3,1358.0,0.5950450450450451,6138.0,2.9011764705882346,17.0,79.66176470588233,32.47058823529412,2.7696318018898665,UNDEFINEDnull,UNDEFINEDnull,exp_images/images/child_play_tabla.jpg,IMG_11,UNDEFINEDnull,UNDEFINEDnull,UNDEFINEDnull,UNDEFINEDnull,,,,,
edf06,16,,free_viewing,,6025.0,4140.0,217.8947368421053,19.0,889.5526315789473,439.88947368421066,4307.0,4307,7,1033.0,1.0,6025.0,3.125,20.0,83.287,35.2,3.3195020746887964,UNDEFINEDnull,UNDEFINEDnull,exp_images/images/man_cut_shrub.jpg,IMG_04,UNDEFINEDnull,UNDEFINEDnull,UNDEFINEDnull,UNDEFINEDnull,,,,,
edf06,17,,free_viewing,,6129.0,4417.0,294.46666666666664,15.0,964.9866666666665,484.13333333333327,4549.0,4549,9,1136.0,1.0,6129.0,2.3673333333333333,15.0,77.13799999999998,29.6,2.447381302006853,UNDEFINEDnull,UNDEFINEDnull,exp_images/images/boy_filled_bucket.jpg,IMG_09,UNDEFINEDnull,UNDEFINEDnull,UNDEFINEDnull,UNDEFINEDnull,,,,,
edf06,18,,free_viewing,,5912.0,4454.0,342.61538461538464,13.0,904.9769230769231,515.3769230769232,4600.0,4392,10,920.0,0.954782608695652,5912.0,2.3523076923076918,13.0,74.42769230769231,30.153846153846153,2.198917456021651,UNDEFINEDnull,UNDEFINEDnull,exp_images/images/boy_opened_door.jpg,IMG_10,UNDEFINEDnull,UNDEFINEDnull,UNDEFINEDnull,UNDEFINEDnull,,,,,
edf06,19,English,sentence_audio,passive_dropped_agent,10696.0,4318.0,287.8666666666667,15.0,1013.9066666666665,501.64,4590.0,4124,6,5996.0,0.8984749455337689,10696.0,1.8593333333333333,15.0,64.69466666666666,26.8,1.4023934181002244,exp_images/audio\ENGLISH\p_woa_letter.wav,IMG_17_E_PNA,exp_images/images/women_read_letter.jpg,IMG_17,exp_images/sentences/noagent_women_letter.jpg,STIM_107,stimuli_list_subj_6_a.csv,PNA,passive_dropped_agent,non_agent_first,agent_dropped,1.0,1.0
edf06,2,,free_viewing,,5655.0,4066.0,271.06666666666666,15.0,1057.42,622.6466666666668,4399.0,2980,5,1030.0,0.6774266878836099,5655.0,4.0575,16.0,100.246875,38.25,2.829354553492484,UNDEFINEDnull,UNDEFINEDnull,exp_images/images/child_throw_frisbee.jpg,IMG_12,UNDEFINEDnull,UNDEFINEDnull,UNDEFINEDnull,UNDEFINEDnull,,,,,
edf06,20,English,sentence_audio,passive_dropped_agent,10891.0,4375.0,336.53846153846155,13.0,949.1461538461535,485.3153846153846,4630.0,4630,6,5899.0,1.0,10891.0,2.1569230769230776,13.0,70.88230769230769,27.84615384615385,1.1936461298319714,exp_images/audio\ENGLISH\p_woa_bucket.wav,IMG_09_E_PNA,exp_images/images/boy_filled_bucket.jpg,IMG_09,exp_images/sentences/noagent_boy_bucket.jpg,STIM_99,stimuli_list_subj_6_a.csv,PNA,passive_dropped_agent,non_agent_first,agent_dropped,1.0,1.0
edf06,21,English,sentence_audio,passive_dropped_agent,11131.0,3985.0,398.5,10.0,948.87,552.04,4269.0,4269,3,6138.0,1.0,11131.0,2.257000000000001,10.0,162.10100000000003,72.4,0.898391878537418,exp_images/audio\ENGLISH\p_woa_clothes.wav,IMG_06_E_PNA,exp_images/images/women_fold_clothes.jpg,IMG_06,exp_images/sentences/noagent_woman_clothes.jpg,STIM_96,stimuli_list_subj_6_a.csv,PNA,passive_dropped_agent,non_agent_first,agent_dropped,1.0,1.0
edf06,22,Punjabi,sentence_audio,active,10376.0,4208.0,280.53333333333336,15.0,977.0533333333333,446.2533333333333,4541.0,4131,8,5383.0,0.9097115172869412,10376.0,2.2593333333333336,15.0,73.14866666666667,30.13333333333333,1.4456437933693138,exp_images/audio\PUNJABI\door.wav,IMG_10_P_ACT,exp_images/images/boy_opened_door.jpg,IMG_10,exp_images/sentences/Closed-door.jpg,STIM_10,stimuli_list_subj_6_a.csv,ACT,active,agent_first,agent_overt,0.0,
edf06,23,Punjabi,sentence_audio,active,10651.0,4377.0,291.8,15.0,866.74,441.0533333333333,4562.0,4562,4,5659.0,1.0,10651.0,2.3353333333333337,15.0,71.98533333333333,28.66666666666667,1.4083184677495069,exp_images/audio\PUNJABI\lamp.wav,IMG_01_P_ACT,exp_images/images/girl_lighted_lamp.jpg,IMG_01,exp_images/sentences/Lamp.jpg,STIM_01,stimuli_list_subj_6_a.csv,ACT,active,agent_first,agent_overt,0.0,
edf06,24,Punjabi,sentence_audio,active,10481.0,4185.0,220.26315789473685,19.0,918.021052631579,532.7421052631579,4191.0,3593,8,5488.0,0.8573132903841565,10481.0,4.3831578947368435,19.0,98.93105263157894,42.21052631578947,1.8128041217441084,exp_images/audio\PUNJABI\scooter.wav,IMG_14_P_ACT,exp_images/images/driver_wash_scooter.jpg,IMG_14,exp_images/sentences/Washed-scooter.jpg,STIM_14,stimuli_list_subj_6_a.csv,ACT,active,agent_first,agent_overt,0.0,
edf06,25,Punjabi,sentence_audio,passive,10851.0,4033.0,336.0833333333333,12.0,931.6,404.725,4345.0,4128,7,5858.0,0.9500575373993096,10851.0,4.0275,12.0,134.20666666666665,54.0,1.1058888581697541,exp_images/audio\PUNJABI\p_box.wav,IMG_05_P_PWA,exp_images/images/man_pushed_box.jpg,IMG_05,exp_images/sentences/Pushed-box-passive.jpg,STIM_23,stimuli_list_subj_6_a.csv,PWA,passive_with_agent,non_agent_first,agent_overt,1.0,0.0
edf06,26,Punjabi,sentence_audio,passive,10634.0,3844.0,240.25,16.0,888.4375000000003,549.56875,4122.0,3908,4,5642.0,0.9480834546336728,10634.0,2.608125,16.0,106.27624999999998,54.375,1.5046078615760767,exp_images/audio\PUNJABI\p_sapling.wav,IMG_03_P_PWA,exp_images/images/girl_plant_tree.jpg,IMG_03,exp_images/sentences/Sapling-passive.jpg,STIM_21,stimuli_list_subj_6_a.csv,PWA,passive_with_agent,non_agent_first,agent_overt,1.0,0.0
edf06,27,Punjabi,sentence_audio,passive,10801.0,4347.0,310.5,14.0,853.657142857143,392.7357142857143,4603.0,4603,6,5808.0,1.0,10801.0,2.132857142857143,14.0,67.58214285714287,27.857142857142854,1.2961762799740764,exp_images/audio\PUNJABI\p_shrub.wav,IMG_04_P_PWA,exp_images/images/man_cut_shrub.jpg,IMG_04,exp_images/sentences/Shrub-passive.jpg,STIM_22,stimuli_list_subj_6_a.csv,PWA,passive_with_agent,non_agent_first,agent_overt,1.0,0.0
edf06,28,Punjabi,sentence_audio,passive_dropped_agent,11081.0,4331.0,309.35714285714283,14.0,977.842857142857,686.7428571428571,4546.0,4424,6,6089.0,0.9731632204135504,11081.0,2.8392857142857144,14.0,83.80499999999998,31.857142857142854,1.2634238787113077,exp_images/audio\PUNJABI\p_woa_dug.wav,IMG_13_P_PNA,exp_images/images/dog_dug_hole.jpg,IMG_13,exp_images/sentences/Dog-dug-woa.jpg,STIM_49,stimuli_list_subj_6_a.csv,PNA,passive_dropped_agent,non_agent_first,agent_dropped,1.0,1.0
edf06,29,Punjabi,sentence_audio,passive_dropped_agent,10692.0,4178.0,321.38461538461536,13.0,974.1384615384616,439.15384615384613,4336.0,3460,6,5880.0,0.7979704797047971,10692.0,3.5076923076923068,13.0,115.83384615384615,50.46153846153846,1.2158623269734379,exp_images/audio\PUNJABI\p_woa_frisbee.wav,IMG_12_P_PNA,exp_images/images/child_throw_frisbee.jpg,IMG_12,exp_images/sentences/Frisbee-woa.jpg,STIM_48,stimuli_list_subj_6_a.csv,PNA,passive_dropped_agent,non_agent_first,agent_dropped,1.0,1.0
edf06,3,,free_viewing,,5656.0,4052.0,202.6,20.0,944.735,504.565,4381.0,4381,5,663.0,1.0,5656.0,2.8819999999999997,20.0,81.45100000000002,30.6,3.5360678925035365,UNDEFINEDnull,UNDEFINEDnull,exp_images/images/girl_lighted_lamp.jpg,IMG_01,UNDEFINEDnull,UNDEFINEDnull,UNDEFINEDnull,UNDEFINEDnull,,,,,
edf06,30,Punjabi,sentence_audio,passive_dropped_agent,10720.0,4252.0,265.75,16.0,911.9625,474.81875,4414.0,3716,7,5928.0,0.8418667874943362,10720.0,3.358125,16.0,81.64750000000002,36.125,1.4925373134328357,exp_images/audio\PUNJABI\p_woa_tabla.wav,IMG_11_P_PNA,exp_images/images/child_play_tabla.jpg,IMG_11,exp_images/sentences/Tabla-woa.jpg,STIM_47,stimuli_list_subj_6_a.csv,PNA,passive_dropped_agent,non_agent_first,agent_dropped,1.0,1.0
edf06,31,English,sentence_audio,active,10557.0,4391.0,313.64285714285717,14.0,974.9,420.1285714285714,4529.0,4529,7,5564.0,1.0,10557.0,3.661428571428572,14.0,92.48,33.142857142857146,1.326134318461684,exp_images/audio\ENGLISH\picture.wav,IMG_07_E_ACT,exp_images/images/artiste_drew_picture.jpg,IMG_07,exp_images/sentences/active_artist_picture.jpg,STIM_61,stimuli_list_subj_6_a.csv,ACT,active,agent_first,agent_overt,0.0,
edf06,32,English,sentence_audio,active,10716.0,4310.0,431.0,10.0,924.47,470.2,4509.0,4509,6,5725.0,1.0,10716.0,2.361,10.0,103.283,48.2,0.9331840238895109,exp_images/audio\ENGLISH\cake.wav,IMG_15_E_ACT,exp_images/images/girl_baked_cake.jpg,IMG_15,exp_images/sentences/active_girl_cake.jpg,STIM_69,stimuli_list_subj_6_a.csv,ACT,active,agent_first,agent_overt,0.0,
edf06,33,English,sentence_audio,active,10907.0,4487.0,373.91666666666674,12.0,1045.65,485.08333333333326,4628.0,3901,5,6082.0,0.8429127052722558,10907.0,2.6841666666666675,12.0,77.47166666666666,30.33333333333333,1.1002108737508025,exp_images/audio\ENGLISH\window.wav,IMG_02_E_ACT,exp_images/images/girl_opened_window.jpg,IMG_02,exp_images/sentences/active_girl_window.jpg,STIM_56,stimuli_list_subj_6_a.csv,ACT,active,agent_first,agent_overt,0.0,
edf06,34,English,sentence_audio,passive,10851.0,4352.0,334.76923076923083,13.0,920.5692307692308,636.6076923076922,4557.0,4007,6,5859.0,0.8793065613342111,10851.0,2.6750000000000003,14.0,72.56,32.285714285714285,1.2902036678647129,exp_images/audio\ENGLISH\p_fed.wav,IMG_16_E_PWA,exp_images/images/girl_fed_dog.jpg,IMG_16,exp_images/sentences/passive_girl_dog.jpg,STIM_88,stimuli_list_subj_6_a.csv,PWA,passive_with_agent,non_agent_first,agent_overt,1.0,0.0
edf06,35,English,sentence_audio,passive,10838.0,4110.0,411.0,10.0,960.16,758.0,4506.0,4110,3,6286.0,0.9121171770972036,10838.0,3.1709090909090905,11.0,114.82545454545452,45.27272727272727,1.0149474072707143,exp_images/audio\ENGLISH\p_veg.wav,IMG_18_E_PWA,exp_images/images/boy_cut_vegetables.jpg,IMG_18,exp_images/sentences/passive_boy_vegetables.jpg,STIM_90,stimuli_list_subj_6_a.csv,PWA,passive_with_agent,non_agent_first,agent_overt,1.0,0.0
edf06,36,English,sentence_audio,passive,11057.0,4315.0,359.58333333333326,12.0,886.5500000000002,483.3250000000001,4624.0,4222,6,6065.0,0.9130622837370242,11057.0,3.0025,12.0,81.0725,30.66666666666667,1.0852853396038709,exp_images/audio\ENGLISH\p_vase.wav,IMG_08_E_PWA,exp_images/images/boy_broke_vase.jpg,IMG_08,exp_images/sentences/passive_boy_vase.jpg,STIM_80,stimuli_list_subj_6_a.csv,PWA,passive_with_agent,non_agent_first,agent_overt,1.0,0.0
edf06,4,,free_viewing,,5968.0,4222.0,263.875,16.0,1008.9874999999997,560.5562500000002,4451.0,3091,4,975.0,0.6944506852392721,5968.0,2.9549999999999987,16.0,82.05,33.875,2.680965147453083,UNDEFINEDnull,UNDEFINEDnull,exp_images/images/girl_plant_tree.jpg,IMG_03,UNDEFINEDnull,UNDEFINEDnull,UNDEFINEDnull,UNDEFINEDnull,,,,,
edf06,5,,free_viewing,,5840.0,4494.0,408.54545454545456,11.0,937.8272727272728,500.6818181818182,4670.0,4670,6,848.0,1.0,5840.0,2.1818181818181817,11.0,67.42272727272729,29.272727272727273,1.8835616438356164,UNDEFINEDnull,UNDEFINEDnull,exp_images/images/girl_baked_cake.jpg,IMG_15,UNDEFINEDnull,UNDEFINEDnull,UNDEFINEDnull,UNDEFINEDnull,,,,,
edf06,6,,free_viewing,,5722.0,4370.0,336.15384615384613,13.0,965.3923076923076,485.5538461538462,4590.0,4590,4,730.0,1.0,5722.0,2.1938461538461542,13.0,65.0023076923077,30.923076923076927,2.2719328905976934,UNDEFINEDnull,UNDEFINEDnull,exp_images/images/women_fold_clothes.jpg,IMG_06,UNDEFINEDnull,UNDEFINEDnull,UNDEFINEDnull,UNDEFINEDnull,,,,,
edf06,7,,free_viewing,,5905.0,4031.0,251.9375,16.0,838.6937500000001,503.9375,4503.0,3929,5,912.0,0.8725294248278925,5905.0,2.588125,16.0,76.858125,30.625,2.7095681625740897,UNDEFINEDnull,UNDEFINEDnull,exp_images/images/boy_broke_vase.jpg,IMG_08,UNDEFINEDnull,UNDEFINEDnull,UNDEFINEDnull,UNDEFINEDnull,,,,,
edf06,8,,free_viewing,,6121.0,4103.0,241.35294117647058,17.0,918.4705882352944,570.4470588235295,4377.0,4377,4,1128.0,1.0,6121.0,3.64,17.0,90.45823529411764,36.23529411764706,2.7773239666721117,UNDEFINEDnull,UNDEFINEDnull,exp_images/images/driver_wash_scooter.jpg,IMG_14,UNDEFINEDnull,UNDEFINEDnull,UNDEFINEDnull,UNDEFINEDnull,,,,,
edf06,9,,free_viewing,,5729.0,3951.0,246.9375,16.0,946.325,463.225,4215.0,3350,7,736.0,0.7947805456702254,5729.0,3.675625,16.0,107.498125,48.625,2.7928085180659803,UNDEFINEDnull,UNDEFINEDnull,exp_images/images/man_pushed_box.jpg,IMG_05,UNDEFINEDnull,UNDEFINEDnull,UNDEFINEDnull,UNDEFINEDnull,,,,,
edf07,1,,free_viewing,,5693.0,4273.0,328.6923076923077,13.0,890.9153846153847,590.5692307692308,4540.0,4112,6,703.0,0.9057268722466959,5693.0,3.624615384615384,13.0,91.46307692307691,34.615384615384606,2.283506060073775,UNDEFINEDnull,UNDEFINEDnull,exp_images/images/girl_fed_dog.jpg,IMG_16,UNDEFINEDnull,UNDEFINEDnull,UNDEFINEDnull,UNDEFINEDnull,,,,,
edf07,10,,free_viewing,,5818.0,4506.0,751.0,6.0,979.8666666666667,610.8666666666667,4660.0,4660,3,826.0,1.0,5818.0,2.195,6.0,114.19666666666667,55.33333333333334,1.0312822275696116,UNDEFINEDnull,UNDEFINEDnull,exp_images/images/dog_dug_hole.jpg,IMG_13,UNDEFINEDnull,UNDEFINEDnull,UNDEFINEDnull,UNDEFINEDnull,,,,,
edf07,11,,free_viewing,,5943.0,4249.0,607.0,7.0,961.7285714285713,366.0571428571429,4604.0,4604,3,951.0,1.0,5943.0,2.327142857142857,7.0,100.87142857142858,55.42857142857143,1.1778563015312131,UNDEFINEDnull,UNDEFINEDnull,exp_images/images/boy_cut_vegetables.jpg,IMG_18,UNDEFINEDnull,UNDEFINEDnull,UNDEFINEDnull,UNDEFINEDnull,,,,,
edf07,12,,free_viewing,,6037.0,4365.0,545.625,8.0,963.9875,213.85,4614.0,866,3,1322.0,0.18768964022540094,6037.0,1.67625,8.0,87.65249999999997,47.25,1.3251615040583071,UNDEFINEDnull,UNDEFINEDnull,exp_images/images/child_throw_frisbee.jpg,IMG_12,UNDEFINEDnull,UNDEFINEDnull,UNDEFINEDnull,UNDEFINEDnull,,,,,
edf07,13,,free_viewing,,5953.0,4317.0,1079.25,4.0,996.8,257.375,4725.0,2091,3,960.0,0.44253968253968257,5953.0,1.97,4.0,134.1525,67.0,0.6719301192675962,UNDEFINEDnull,UNDEFINEDnull,exp_images/images/man_pushed_box.jpg,IMG_05,UNDEFINEDnull,UNDEFINEDnull,UNDEFINEDnull,UNDEFINEDnull,,,,,
edf07,14,,free_viewing,,5789.0,3679.0,408.77777777777777,9.0,863.2333333333332,216.17777777777775,4195.0,2629,4,796.0,0.6266984505363528,5789.0,3.7077777777777774,9.0,177.25,88.66666666666669,1.554672655035412,UNDEFINEDnull,UNDEFINEDnull,exp_images/images/boy_broke_vase.jpg,IMG_08,UNDEFINEDnull,UNDEFINEDnull,UNDEFINEDnull,UNDEFINEDnull,,,,,
edf07,15,,free_viewing,,6067.0,3863.0,482.875,8.0,938.1625,386.9875,4632.0,1714,3,1872.0,0.3700345423143351,6067.0,2.5375000000000005,8.0,107.9625,45.0,1.3186088676446348,UNDEFINEDnull,UNDEFINEDnull,exp_images/images/child_play_tabla.jpg,IMG_11,UNDEFINEDnull,UNDEFINEDnull,UNDEFINEDnull,UNDEFINEDnull,,,,,
edf07,16,,free_viewing,,5695.0,4471.0,1117.75,4.0,996.675,271.2,4703.0,4703,1,730.0,1.0,5695.0,1.664,5.0,115.934,58.4,0.8779631255487269,UNDEFINEDnull,UNDEFINEDnull,exp_images/images/women_read_letter.jpg,IMG_17,UNDEFINEDnull,UNDEFINEDnull,UNDEFINEDnull,UNDEFINEDnull,,,,,
edf07,17,,free_viewing,,5669.0,3491.0,436.375,8.0,871.925,219.225,4480.0,2210,4,677.0,0.4933035714285714,5669.0,3.38375,8.0,80.42,64.0,1.4111836302698892,UNDEFINEDnull,UNDEFINEDnull,exp_images/images/man_cut_shrub.jpg,IMG_04,UNDEFINEDnull,UNDEFINEDnull,UNDEFINEDnull,UNDEFINEDnull,,,,,
edf07,18,,free_viewing,,6004.0,4126.0,687.6666666666665,6.0,979.85,293.83333333333337,4506.0,1932,4,1470.0,0.42876165113182413,6004.0,4.485,6.0,161.54833333333337,81.0,0.9993337774816791,UNDEFINEDnull,UNDEFINEDnull,exp_images/images/women_fold_clothes.jpg,IMG_06,UNDEFINEDnull,UNDEFINEDnull,UNDEFINEDnull,UNDEFINEDnull,,,,,
edf07,19,Punjabi,sentence_audio,active,10979.0,4585.0,1146.25,4.0,1000.85,336.1,4732.0,4732,1,5987.0,1.0,10979.0,1.3075,4.0,108.665,65.0,0.3643319063667001,exp_images/audio\PUNJABI\letter.wav,IMG_17_P_ACT,exp_images/images/women_read_letter.jpg,IMG_17,exp_images/sentences/Letter.jpg,STIM_17,stimuli_list_subj_7_a.csv,ACT,active,agent_first,agent_overt,0.0,
edf07,2,,free_viewing,,5665.0,4243.0,282.8666666666667,15.0,1114.88,383.64,4535.0,4243,4,994.0,0.93561190738699,5665.0,2.5346666666666664,15.0,78.37933333333334,30.53333333333333,2.64783759929391,UNDEFINEDnull,UNDEFINEDnull,exp_images/images/girl_opened_window.jpg,IMG_02,UNDEFINEDnull,UNDEFINEDnull,UNDEFINEDnull,UNDEFINEDnull,,,,,
edf07,20,Punjabi,sentence_audio,active,10941.0,4291.0,1430.333333333333,3.0,1012.1,143.53333333333333,4686.0,4520,2,5949.0,0.964575330772514,10941.0,3.923333333333333,3.0,157.53333333333333,102.0,0.2741979709350151,exp_images/audio\PUNJABI\bucket.wav,IMG_09_P_ACT,exp_images/images/boy_filled_bucket.jpg,IMG_09,exp_images/sentences/Bucket.jpg,STIM_09,stimuli_list_subj_7_a.csv,ACT,active,agent_first,agent_overt,0.0,
edf07,21,Punjabi,sentence_audio,active,10300.0,796.0,265.3333333333333,3.0,993.1333333333333,407.2,4877.0,4877,3,5307.0,1.0,10300.0,4.446666666666666,3.0,101.09666666666668,38.66666666666666,0.2912621359223301,exp_images/audio\PUNJABI\clothes.wav,IMG_06_P_ACT,exp_images/images/women_fold_clothes.jpg,IMG_06,exp_images/sentences/Folded-clothes.jpg,STIM_06,stimuli_list_subj_7_a.csv,ACT,active,agent_first,agent_overt,0.0,
edf07,22,Punjabi,sentence_audio,passive,10680.0,4252.0,2126.0,2.0,904.15,247.7,4769.0,517,1,5687.0,0.10840847137764732,10680.0,1.54,2.0,155.64,112.0,0.18726591760299627,exp_images/audio\PUNJABI\p_door.wav,IMG_10_P_PWA,exp_images/images/boy_opened_door.jpg,IMG_10,exp_images/sentences/Closed-door-passive.jpg,STIM_28,stimuli_list_subj_7_a.csv,PWA,passive_with_agent,non_agent_first,agent_overt,1.0,0.0
edf07,23,Punjabi,sentence_audio,passive,10580.0,4470.0,1117.5,4.0,994.05,88.85,4689.0,1635,2,5587.0,0.3486884197056942,10580.0,2.3425,4.0,126.325,76.0,0.3780718336483932,exp_images/audio\PUNJABI\p_lamp.wav,IMG_01_P_PWA,exp_images/images/girl_lighted_lamp.jpg,IMG_01,exp_images/sentences/Lamp-passive.jpg,STIM_19,stimuli_list_subj_7_a.csv,PWA,passive_with_agent,non_agent_first,agent_overt,1.0,0.0
edf07,24,Punjabi,sentence_audio,passive,10282.0,3800.0,316.6666666666667,12.0,813.0499999999997,193.27500000000006,4314.0,1592,2,5290.0,0.36903106165971256,10282.0,2.484166666666667,12.0,77.25500000000002,56.5,1.1670881151526942,exp_images/audio\PUNJABI\p_scooter.wav,IMG_14_P_PWA,exp_images/images/driver_wash_scooter.jpg,IMG_14,exp_images/sentences/Washed-scooter-passive.jpg,STIM_32,stimuli_list_subj_7_a.csv,PWA,passive_with_agent,non_agent_first,agent_overt,1.0,0.0
edf07,25,Punjabi,sentence_audio,passive_dropped_agent,10561.0,1135.0,378.33333333333326,3.0,960.5333333333333,112.66666666666669,4730.0,0,0,,0.0,10561.0,2.526666666666667,3.0,135.3733333333333,87.33333333333331,0.2840640090900483,exp_images/audio\PUNJABI\p_woa_box.wav,IMG_05_P_PNA,exp_images/images/man_pushed_box.jpg,IMG_05,exp_images/sentences/Pushed-box-woa.jpg,STIM_41,stimuli_list_subj_7_a.csv,PNA,passive_dropped_agent,non_agent_first,agent_dropped,1.0,1.0
edf07,26,Punjabi,sentence_audio,passive_dropped_agent,11065.0,2975.0,247.91666666666663,12.0,749.9,281.5250000000001,3691.0,1802,3,7746.0,0.4882145759956652,11065.0,4.5625,12.0,145.88250000000005,108.5,1.0845006778129236,exp_images/audio\PUNJABI\p_woa_sapling.wav,IMG_03_P_PNA,exp_images/images/girl_plant_tree.jpg,IMG_03,exp_images/sentences/Sapling-woa.jpg,STIM_39,stimuli_list_subj_7_a.csv,PNA,passive_dropped_agent,non_agent_first,agent_dropped,1.0,1.0
edf07,27,Punjabi,sentence_audio,passive_dropped_agent,10317.0,4367.0,485.22222222222223,9.0,864.5555555555555,361.06666666666666,4598.0,4436,6,5325.0,0.9647672901261418,10317.0,2.5177777777777783,9.0,103.46888888888891,43.77777777777778,0.8723466123873219,exp_images/audio\PUNJABI\p_woa_shrub.wav,IMG_04_P_PNA,exp_images/images/man_cut_shrub.jpg,IMG_04,exp_images/sentences/Shrub-woa.jpg,STIM_40,stimuli_list_subj_7_a.csv,PNA,passive_dropped_agent,non_agent_first,agent_dropped,1.0,1.0
edf07,28,English,sentence_audio,active,10201.0,4575.0,457.5,10.0,850.9100000000002,616.67,4745.0,4439,4,5208.0,0.9355110642781876,10201.0,1.6490000000000002,10.0,60.55899999999999,24.8,0.9802960494069208,exp_images/audio\ENGLISH\dug.wav,IMG_13_E_ACT,exp_images/images/dog_dug_hole.jpg,IMG_13,exp_images/sentences/active_dog_hole.jpg,STIM_67,stimuli_list_subj_7_a.csv,ACT,active,agent_first,agent_overt,0.0,
edf07,29,English,sentence_audio,active,10892.0,4060.0,451.11111111111114,9.0,928.1333333333334,11.666666666666664,4379.0,3045,3,5899.0,0.6953642384105961,10892.0,5.796999999999999,10.0,89.59199999999998,63.2,0.9181050312155712,exp_images/audio\ENGLISH\frisbee.wav,IMG_12_E_ACT,exp_images/images/child_throw_frisbee.jpg,IMG_12,exp_images/sentences/active_child_frisbee.jpg,STIM_66,stimuli_list_subj_7_a.csv,ACT,active,agent_first,agent_overt,0.0,
edf07,3,,free_viewing,,6046.0,4404.0,367.0,12.0,927.8916666666668,292.56666666666666,4607.0,4607,3,1053.0,1.0,6046.0,2.8366666666666664,12.0,77.86083333333335,32.166666666666664,1.9847833278200464,UNDEFINEDnull,UNDEFINEDnull,exp_images/images/artiste_drew_picture.jpg,IMG_07,UNDEFINEDnull,UNDEFINEDnull,UNDEFINEDnull,UNDEFINEDnull,,,,,
edf07,30,English,sentence_audio,active,10462.0,4608.0,658.2857142857142,7.0,836.8857142857142,468.28571428571433,4794.0,2662,3,5686.0,0.5552774301209845,10462.0,2.4042857142857144,7.0,74.7,28.285714285714285,0.6690881284649207,exp_images/audio\ENGLISH\tabla.wav,IMG_11_E_ACT,exp_images/images/child_play_tabla.jpg,IMG_11,exp_images/sentences/active_child_tabla.jpg,STIM_65,stimuli_list_subj_7_a.csv,ACT,active,agent_first,agent_overt,0.0,
edf07,31,English,sentence_audio,passive,10947.0,4655.0,517.2222222222222,9.0,984.6666666666665,415.0777777777778,4682.0,4682,3,5955.0,1.0,10947.0,3.2433333333333336,9.0,85.23666666666666,34.44444444444444,0.8221430528912032,exp_images/audio\ENGLISH\p_artist.wav,IMG_07_E_PWA,exp_images/images/artiste_drew_picture.jpg,IMG_07,exp_images/sentences/passive_artist_picture.jpg,STIM_79,stimuli_list_subj_7_a.csv,PWA,passive_with_agent,non_agent_first,agent_overt,1.0,0.0
edf07,32,English,sentence_audio,passive,10577.0,4473.0,1491.0,3.0,905.1,236.23333333333332,4744.0,4053,1,5585.0,0.8543423271500843,10577.0,1.5833333333333333,3.0,151.69,82.66666666666667,0.2836343008414484,exp_images/audio\ENGLISH\p_cake.wav,IMG_15_E_PWA,exp_images/images/girl_baked_cake.jpg,IMG_15,exp_images/sentences/passive_girl_cake.jpg,STIM_87,stimuli_list_subj_7_a.csv,PWA,passive_with_agent,non_agent_first,agent_overt,1.0,0.0
edf07,33,English,sentence_audio,passive,10592.0,4256.0,472.88888888888886,9.0,987.5888888888887,362.3222222222223,4483.0,3628,5,5852.0,0.8092795003345974,10592.0,2.6855555555555553,9.0,95.50222222222223,56.66666666666666,0.8496978851963746,exp_images/audio\ENGLISH\p_window.wav,IMG_02_E_PWA,exp_images/images/girl_opened_window.jpg,IMG_02,exp_images/sentences/passive_girl_window.jpg,STIM_74,stimuli_list_subj_7_a.csv,PWA,passive_with_agent,non_agent_first,agent_overt,1.0,0.0
edf07,34,English,sentence_audio,passive_dropped_agent,10830.0,4412.0,1103.0,4.0,918.875,509.775,4696.0,2668,3,6256.0,0.5681431005110733,10830.0,2.748,5.0,142.3733333333333,77.33333333333333,0.4616805170821791,exp_images/audio\ENGLISH\p_woa_fed.wav,IMG_16_E_PNA,exp_images/images/girl_fed_dog.jpg,IMG_16,exp_images/sentences/noagent_girl_dog.jpg,STIM_106,stimuli_list_subj_7_a.csv,PNA,passive_dropped_agent,non_agent_first,agent_dropped,1.0,1.0
edf07,35,English,sentence_audio,passive_dropped_agent,10451.0,2365.0,2365.0,1.0,993.9,289.3,4970.0,4970,1,5459.0,1.0,10451.0,1.08,1.0,48.33,22.0,0.0956846234810066,exp_images/audio\ENGLISH\p_woa_veg.wav,IMG_18_E_PNA,exp_images/images/boy_cut_vegetables.jpg,IMG_18,exp_images/sentences/noagent_boy_vegetables.jpg,STIM_108,stimuli_list_subj_7_a.csv,PNA,passive_dropped_agent,non_agent_first,agent_dropped,1.0,1.0
edf07,36,English,sentence_audio,passive_dropped_agent,11077.0,4077.0,815.4,5.0,781.9399999999998,184.52000000000004,4460.0,1163,2,6085.0,0.260762331838565,11077.0,2.068,5.0,176.084,106.4,0.4513857542655954,exp_images/audio\ENGLISH\p_woa_vase.wav,IMG_08_E_PNA,exp_images/images/boy_broke_vase.jpg,IMG_08,exp_images/sentences/noagent_boy_vase.jpg,STIM_98,stimuli_list_subj_7_a.csv,PNA,passive_dropped_agent,non_agent_first,agent_dropped,1.0,1.0
edf07,4,,free_viewing,,5938.0,4596.0,1149.0,4.0,1005.725,288.325,4780.0,4596,3,1158.0,0.9615062761506276,5938.0,2.5325,4.0,137.785,53.0,0.6736274840013473,UNDEFINEDnull,UNDEFINEDnull,exp_images/images/boy_filled_bucket.jpg,IMG_09,UNDEFINEDnull,UNDEFINEDnull,UNDEFINEDnull,UNDEFINEDnull,,,,,
edf07,5,,free_viewing,,5802.0,4412.0,1103.0,4.0,916.375,250.275,4708.0,624,1,810.0,0.13254035683942225,5802.0,1.3575000000000002,4.0,189.1775,71.0,0.6894174422612892,UNDEFINEDnull,UNDEFINEDnull,exp_images/images/girl_baked_cake.jpg,IMG_15,UNDEFINEDnull,UNDEFINEDnull,UNDEFINEDnull,UNDEFINEDnull,,,,,
edf07,6,,free_viewing,,5858.0,4298.0,330.61538461538464,13.0,964.7538461538463,372.86923076923074,4666.0,4236,4,866.0,0.9078439777111016,5858.0,1.5630769230769228,13.0,60.439230769230754,25.07692307692308,2.219187435984978,UNDEFINEDnull,UNDEFINEDnull,exp_images/images/boy_opened_door.jpg,IMG_10,UNDEFINEDnull,UNDEFINEDnull,UNDEFINEDnull,UNDEFINEDnull,,,,,
edf07,7,,free_viewing,,5701.0,4487.0,747.8333333333335,6.0,792.4833333333335,431.1833333333333,4820.0,4820,3,709.0,1.0,5701.0,2.276666666666667,6.0,69.76666666666667,28.66666666666667,1.0524469391334854,UNDEFINEDnull,UNDEFINEDnull,exp_images/images/girl_lighted_lamp.jpg,IMG_01,UNDEFINEDnull,UNDEFINEDnull,UNDEFINEDnull,UNDEFINEDnull,,,,,
edf07,8,,free_viewing,,6109.0,4183.0,522.875,8.0,841.4999999999999,363.075,4583.0,3767,5,1116.0,0.8219506873227144,6109.0,2.89625,8.0,128.5825,51.25,1.3095432967752496,UNDEFINEDnull,UNDEFINEDnull,exp_images/images/girl_plant_tree.jpg,IMG_03,UNDEFINEDnull,UNDEFINEDnull,UNDEFINEDnull,UNDEFINEDnull,,,,,
edf07,9,,free_viewing,,5931.0,4671.0,1557.0,3.0,880.3333333333335,236.2,4922.0,2093,2,939.0,0.4252336448598131,5931.0,1.0333333333333332,3.0,44.92,23.33333333333333,0.5058168942842691,UNDEFINEDnull,UNDEFINEDnull,exp_images/images/driver_wash_scooter.jpg,IMG_14,UNDEFINEDnull,UNDEFINEDnull,UNDEFINEDnull,UNDEFINEDnull,,,,,
edf08,1,,free_viewing,,5771.0,4302.0,286.8,15.0,910.1933333333333,584.5,4548.0,4548,4,780.0,1.0,5771.0,2.5540000000000003,15.0,74.94933333333333,29.466666666666665,2.5992029111072603,UNDEFINEDnull,UNDEFINEDnull,exp_images/images/man_cut_shrub.jpg,IMG_04,UNDEFINEDnull,UNDEFINEDnull,UNDEFINEDnull,UNDEFINEDnull,,,,,
edf08,10,,free_viewing,,5813.0,4343.0,394.8181818181818,11.0,925.7727272727273,699.5818181818181,4482.0,3739,4,821.0,0.8342257920571173,5813.0,2.9663636363636368,11.0,140.02272727272728,46.36363636363637,1.8923103388955789,UNDEFINEDnull,UNDEFINEDnull,exp_images/images/dog_dug_hole.jpg,IMG_13,UNDEFINEDnull,UNDEFINEDnull,UNDEFINEDnull,UNDEFINEDnull,,,,,
edf08,11,,free_viewing,,6134.0,4302.0,268.875,16.0,912.96875,554.1875,4499.0,3228,4,1368.0,0.7174927761724827,6134.0,2.8406249999999997,16.0,78.795,30.875,2.6084121291163997,UNDEFINEDnull,UNDEFINEDnull,exp_images/images/child_play_tabla.jpg,IMG_11,UNDEFINEDnull,UNDEFINEDnull,UNDEFINEDnull,UNDEFINEDnull,,,,,
edf08,12,,free_viewing,,5804.0,4600.0,766.6666666666665,6.0,947.45,416.6166666666666,4817.0,4709,5,811.0,0.9775794062694624,5804.0,2.51,6.0,81.64333333333333,29.33333333333333,1.0337698139214335,UNDEFINEDnull,UNDEFINEDnull,exp_images/images/boy_filled_bucket.jpg,IMG_09,UNDEFINEDnull,UNDEFINEDnull,UNDEFINEDnull,UNDEFINEDnull,,,,,
edf08,13,,free_viewing,,5733.0,4218.0,351.5,12.0,677.1583333333333,507.53333333333336,4421.0,3183,6,741.0,0.7199728568197241,5733.0,2.9153846153846152,13.0,92.9946153846154,45.384615384615394,2.2675736961451247,UNDEFINEDnull,UNDEFINEDnull,exp_images/images/girl_plant_tree.jpg,IMG_03,UNDEFINEDnull,UNDEFINEDnull,UNDEFINEDnull,UNDEFINEDnull,,,,,
edf08,14,,free_viewing,,6072.0,4428.0,553.5,8.0,917.3625,434.35,4588.0,4480,5,1080.0,0.9764603312990409,6072.0,3.065,8.0,100.62375,50.5,1.3175230566534917,UNDEFINEDnull,UNDEFINEDnull,exp_images/images/girl_baked_cake.jpg,IMG_15,UNDEFINEDnull,UNDEFINEDnull,UNDEFINEDnull,UNDEFINEDnull,,,,,
edf08,15,,free_viewing,,5846.0,4132.0,317.84615384615387,13.0,878.7461538461539,588.1076923076922,4383.0,3883,3,853.0,0.8859228838694958,5846.0,3.4215384615384616,13.0,125.36615384615385,46.92307692307693,2.223742730071844,UNDEFINEDnull,UNDEFINEDnull,exp_images/images/driver_wash_scooter.jpg,IMG_14,UNDEFINEDnull,UNDEFINEDnull,UNDEFINEDnull,UNDEFINEDnull,,,,,
edf08,16,,free_viewing,,5697.0,4613.0,461.3,10.0,994.55,672.1200000000001,4668.0,4668,4,705.0,1.0,5697.0,3.4010000000000007,10.0,85.771,32.4,1.75530981218185,UNDEFINEDnull,UNDEFINEDnull,exp_images/images/boy_cut_vegetables.jpg,IMG_18,UNDEFINEDnull,UNDEFINEDnull,UNDEFINEDnull,UNDEFINEDnull,,,,,
edf08,17,,free_viewing,,5975.0,4595.0,656.4285714285714,7.0,990.9285714285713,392.0142857142857,4790.0,4790,3,983.0,1.0,5975.0,2.35,7.0,76.15714285714286,28.857142857142854,1.171548117154812,UNDEFINEDnull,UNDEFINEDnull,exp_images/images/boy_opened_door.jpg,IMG_10,UNDEFINEDnull,UNDEFINEDnull,UNDEFINEDnull,UNDEFINEDnull,,,,,
edf08,18,,free_viewing,,5746.0,4412.0,882.4,5.0,940.2,541.8599999999999,4818.0,4818,3,754.0,1.0,5746.0,3.62,5.0,94.264,34.8,0.8701705534284719,UNDEFINEDnull,UNDEFINEDnull,exp_images/images/women_fold_clothes.jpg,IMG_06,UNDEFINEDnull,UNDEFINEDnull,UNDEFINEDnull,UNDEFINEDnull,,,,,
edf08,19,Punjabi,sentence_audio,passive,10770.0,4392.0,366.0,12.0,1006.5416666666665,445.66666666666674,4622.0,4622,2,5778.0,1.0,10770.0,2.3825000000000003,12.0,75.41416666666667,30.83333333333333,1.1142061281337048,exp_images/audio\PUNJABI\p_letter.wav,IMG_17_P_PWA,exp_images/images/women_read_letter.jpg,IMG_17,exp_images/sentences/Letter-passive.jpg,STIM_35,stimuli_list_subj_8_a.csv,PWA,passive_with_agent,non_agent_first,agent_overt,1.0,0.0
edf08,2,,free_viewing,,5865.0,4509.0,450.9,10.0,878.3399999999998,623.33,4687.0,3953,6,872.0,0.8433966289737572,5865.0,2.891,10.0,77.95599999999997,30.6,1.7050298380221651,UNDEFINEDnull,UNDEFINEDnull,exp_images/images/girl_fed_dog.jpg,IMG_16,UNDEFINEDnull,UNDEFINEDnull,UNDEFINEDnull,UNDEFINEDnull,,,,,
edf08,20,Punjabi,sentence_audio,passive,10409.0,4329.0,393.54545454545456,11.0,956.1909090909088,455.50909090909096,4554.0,4454,4,5417.0,0.9780412823891084,10409.0,1.7927272727272732,11.0,76.71545454545456,39.81818181818182,1.0567777884523009,exp_images/audio\PUNJABI\p_bucket.wav,IMG_09_P_PWA,exp_images/images/boy_filled_bucket.jpg,IMG_09,exp_images/sentences/Bucket-passive.jpg,STIM_27,stimuli_list_subj_8_a.csv,PWA,passive_with_agent,non_agent_first,agent_overt,1.0,0.0
edf08,21,Punjabi,sentence_audio,passive,10423.0,4729.0,1182.25,4.0,952.6,476.4,4878.0,4878,2,5431.0,1.0,10423.0,2.865,4.0,88.195,28.5,0.38376666986472224,exp_images/audio\PUNJABI\p_clothes.wav,IMG_06_P_PWA,exp_images/images/women_fold_clothes.jpg,IMG_06,exp_images/sentences/Folded-clothes-passive.jpg,STIM_24,stimuli_list_subj_8_a.csv,PWA,passive_with_agent,non_agent_first,agent_overt,1.0,0.0
edf08,22,Punjabi,sentence_audio,passive_dropped_agent,11042.0,4380.0,547.5,8.0,908.1375,431.25,4624.0,4624,6,6050.0,1.0,11042.0,1.3425,8.0,111.635,46.0,0.7245064299945662,exp_images/audio\PUNJABI\p_woa_door.wav,IMG_10_P_PNA,exp_images/images/boy_opened_door.jpg,IMG_10,exp_images/sentences/Closed-door-woa.jpg,STIM_46,stimuli_list_subj_8_a.csv,PNA,passive_dropped_agent,non_agent_first,agent_dropped,1.0,1.0
edf08,23,Punjabi,sentence_audio,passive_dropped_agent,11127.0,4081.0,408.1,10.0,749.9500000000003,455.16,4294.0,4294,4,6135.0,1.0,11127.0,2.458,10.0,114.896,69.8,0.8987148377819717,exp_images/audio\PUNJABI\p_woa_lamp.wav,IMG_01_P_PNA,exp_images/images/girl_lighted_lamp.jpg,IMG_01,exp_images/sentences/Lamp-woa.jpg,STIM_37,stimuli_list_subj_8_a.csv,PNA,passive_dropped_agent,non_agent_first,agent_dropped,1.0,1.0
edf08,24,Punjabi,sentence_audio,passive_dropped_agent,10880.0,3730.0,266.42857142857144,14.0,1051.8714285714284,585.9714285714284,4510.0,4510,3,5888.0,1.0,10880.0,3.2746666666666666,15.0,87.44666666666666,32.8,1.3786764705882353,exp_images/audio\PUNJABI\p_woa_scooter.wav,IMG_14_P_PNA,exp_images/images/driver_wash_scooter.jpg,IMG_14,exp_images/sentences/Washed-scooter-woa.jpg,STIM_50,stimuli_list_subj_8_a.csv,PNA,passive_dropped_agent,non_agent_first,agent_dropped,1.0,1.0
edf08,25,English,sentence_audio,active,10385.0,4427.0,402.45454545454544,11.0,1028.109090909091,354.10909090909087,4631.0,4219,7,5392.0,0.9110343338371842,10385.0,3.1345454545454543,11.0,92.29727272727273,32.90909090909091,1.059220028887819,exp_images/audio\ENGLISH\box.wav,IMG_05_E_ACT,exp_images/images/man_pushed_box.jpg,IMG_05,exp_images/sentences/active_man_box.jpg,STIM_59,stimuli_list_subj_8_a.csv,ACT,active,agent_first,agent_overt,0.0,
edf08,26,English,sentence_audio,active,10240.0,4536.0,648.0,7.0,830.8285714285713,470.34285714285716,4785.0,4785,3,5247.0,1.0,10240.0,2.6642857142857137,7.0,77.85,29.714285714285715,0.68359375,exp_images/audio\ENGLISH\sapling.wav,IMG_03_E_ACT,exp_images/images/girl_plant_tree.jpg,IMG_03,exp_images/sentences/active_girl_sapling.jpg,STIM_57,stimuli_list_subj_8_a.csv,ACT,active,agent_first,agent_overt,0.0,
edf08,27,English,sentence_audio,active,10676.0,4536.0,567.0,8.0,791.125,429.4125,4740.0,4740,2,5698.0,1.0,10676.0,2.2011111111111115,9.0,70.95777777777778,28.444444444444446,0.8430123641813413,exp_images/audio\ENGLISH\shrub.wav,IMG_04_E_ACT,exp_images/images/man_cut_shrub.jpg,IMG_04,exp_images/sentences/active_man_shrub.jpg,STIM_58,stimuli_list_subj_8_a.csv,ACT,active,agent_first,agent_overt,0.0,
edf08,28,English,sentence_audio,passive,11109.0,4157.0,519.625,8.0,923.6125,638.725,4398.0,4090,4,6117.0,0.9299681673487951,11109.0,2.2,8.0,169.27,74.25,0.7201368259969394,exp_images/audio\ENGLISH\p_dug.wav,IMG_13_E_PWA,exp_images/images/dog_dug_hole.jpg,IMG_13,exp_images/sentences/passive_dog_hole.jpg,STIM_85,stimuli_list_subj_8_a.csv,PWA,passive_with_agent,non_agent_first,agent_overt,1.0,0.0
edf08,29,English,sentence_audio,passive,10401.0,4661.0,932.2,5.0,922.38,314.2,4809.0,4397,4,5588.0,0.9143273029735912,10401.0,4.224,5.0,110.138,36.8,0.4807230074031344,exp_images/audio\ENGLISH\p_frisbee.wav,IMG_12_E_PWA,exp_images/images/child_throw_frisbee.jpg,IMG_12,exp_images/sentences/passive_child_frisbee.jpg,STIM_84,stimuli_list_subj_8_a.csv,PWA,passive_with_agent,non_agent_first,agent_overt,1.0,0.0
edf08,3,,free_viewing,,6053.0,4225.0,352.08333333333326,12.0,732.6166666666667,606.3999999999999,4437.0,4437,4,1060.0,1.0,6053.0,3.254166666666667,12.0,114.41583333333334,46.33333333333334,1.9824880224681976,UNDEFINEDnull,UNDEFINEDnull,exp_images/images/girl_lighted_lamp.jpg,IMG_01,UNDEFINEDnull,UNDEFINEDnull,UNDEFINEDnull,UNDEFINEDnull,,,,,
edf08,30,English,sentence_audio,passive,10834.0,4574.0,653.4285714285714,7.0,809.8571428571429,522.0428571428572,4767.0,4574,3,6058.0,0.9595133207468008,10834.0,2.8628571428571425,7.0,78.69285714285716,32.285714285714285,0.6461140852870593,exp_images/audio\ENGLISH\p_tabla.wav,IMG_11_E_PWA,exp_images/images/child_play_tabla.jpg,IMG_11,exp_images/sentences/passive_child_tabla.jpg,STIM_83,stimuli_list_subj_8_a.csv,PWA,passive_with_agent,non_agent_first,agent_overt,1.0,0.0
edf08,31,English,sentence_audio,passive_dropped_agent,10617.0,4307.0,478.5555555555555,9.0,964.8,364.9555555555555,4524.0,4358,3,5625.0,0.9633068081343944,10617.0,2.5944444444444437,9.0,101.57333333333332,52.0,0.8476970895733257,exp_images/audio\ENGLISH\p_woa_draw.wav,IMG_07_E_PNA,exp_images/images/artiste_drew_picture.jpg,IMG_07,exp_images/sentences/noagent_artist_picture.jpg,STIM_97,stimuli_list_subj_8_a.csv,PNA,passive_dropped_agent,non_agent_first,agent_dropped,1.0,1.0
edf08,32,English,sentence_audio,passive_dropped_agent,10854.0,4274.0,534.25,8.0,927.3375,398.9,4619.0,3950,3,6236.0,0.8551634552933536,10854.0,1.80625,8.0,119.99,46.75,0.7370554634236227,exp_images/audio\ENGLISH\p_woa_cake.wav,IMG_15_E_PNA,exp_images/images/girl_baked_cake.jpg,IMG_15,exp_images/sentences/noagent_girl_cake.jpg,STIM_105,stimuli_list_subj_8_a.csv,PNA,passive_dropped_agent,non_agent_first,agent_dropped,1.0,1.0
edf08,33,English,sentence_audio,passive_dropped_agent,10882.0,4702.0,427.45454545454544,11.0,1122.2636363636364,385.6363636363636,4724.0,4724,3,5890.0,1.0,10882.0,1.7418181818181822,11.0,65.34909090909093,24.363636363636363,1.0108435949274028,exp_images/audio\ENGLISH\p_woa_window.wav,IMG_02_E_PNA,exp_images/images/girl_opened_window.jpg,IMG_02,exp_images/sentences/noagent_girl_window.jpg,STIM_92,stimuli_list_subj_8_a.csv,PNA,passive_dropped_agent,non_agent_first,agent_dropped,1.0,1.0
edf08,34,Punjabi,sentence_audio,active,10774.0,4386.0,731.0,6.0,920.6166666666667,614.5500000000002,4580.0,4386,3,6012.0,0.95764192139738,10774.0,3.6349999999999993,6.0,156.38500000000005,68.66666666666667,0.5568962316688324,exp_images/audio\PUNJABI\fed.wav,IMG_16_P_ACT,exp_images/images/girl_fed_dog.jpg,IMG_16,exp_images/sentences/Fed-dog.jpg,STIM_16,stimuli_list_subj_8_a.csv,ACT,active,agent_first,agent_overt,0.0,
edf08,35,Punjabi,sentence_audio,active,10584.0,4592.0,1530.666666666667,3.0,936.5333333333333,626.0,4841.0,4841,4,5591.0,1.0,10584.0,7.760000000000002,3.0,162.04999999999995,50.66666666666666,0.2834467120181406,exp_images/audio\PUNJABI\veg.wav,IMG_18_P_ACT,exp_images/images/boy_cut_vegetables.jpg,IMG_18,exp_images/sentences/Veg.jpg,STIM_18,stimuli_list_subj_8_a.csv,ACT,active,agent_first,agent_overt,0.0,
edf08,36,Punjabi,sentence_audio,active,10205.0,4511.0,4511.0,1.0,964.2,375.7,4966.0,4966,1,5213.0,1.0,10205.0,1.87,1.0,71.13,26.0,0.09799118079372857,exp_images/audio\PUNJABI\vase.wav,IMG_08_P_ACT,exp_images/images/boy_broke_vase.jpg,IMG_08,exp_images/sentences/Vase.jpg,STIM_08,stimuli_list_subj_8_a.csv,ACT,active,agent_first,agent_overt,0.0,
edf08,4,,free_viewing,,5743.0,4603.0,575.375,8.0,1070.4874999999997,428.0,4784.0,4784,3,751.0,1.0,5743.0,1.895,8.0,65.74125000000001,26.0,1.3930001741250218,UNDEFINEDnull,UNDEFINEDnull,exp_images/images/girl_opened_window.jpg,IMG_02,UNDEFINEDnull,UNDEFINEDnull,UNDEFINEDnull,UNDEFINEDnull,,,,,
edf08,5,,free_viewing,,5823.0,4339.0,289.26666666666665,15.0,900.9933333333332,370.78,4488.0,4211,5,831.0,0.9382798573975044,5823.0,3.452666666666667,15.0,93.10066666666668,33.6,2.5759917568263777,UNDEFINEDnull,UNDEFINEDnull,exp_images/images/artiste_drew_picture.jpg,IMG_07,UNDEFINEDnull,UNDEFINEDnull,UNDEFINEDnull,UNDEFINEDnull,,,,,
edf08,6,,free_viewing,,5636.0,4358.0,396.1818181818182,11.0,1023.7909090909088,379.53636363636366,4505.0,4505,4,643.0,1.0,5636.0,2.37090909090909,11.0,107.39545454545454,44.36363636363637,1.951738821859475,UNDEFINEDnull,UNDEFINEDnull,exp_images/images/man_pushed_box.jpg,IMG_05,UNDEFINEDnull,UNDEFINEDnull,UNDEFINEDnull,UNDEFINEDnull,,,,,
edf08,7,,free_viewing,,5677.0,4757.0,951.4,5.0,986.22,403.84,4844.0,4844,3,685.0,1.0,5677.0,3.014,5.0,86.912,29.6,0.8807468733485997,UNDEFINEDnull,UNDEFINEDnull,exp_images/images/women_read_letter.jpg,IMG_17,UNDEFINEDnull,UNDEFINEDnull,UNDEFINEDnull,UNDEFINEDnull,,,,,
edf08,8,,free_viewing,,6046.0,4386.0,548.25,8.0,951.9,308.2125,4538.0,4386,6,1234.0,0.9665050683120318,6046.0,4.21375,8.0,135.1125,56.75,1.3231888852133642,UNDEFINEDnull,UNDEFINEDnull,exp_images/images/child_throw_frisbee.jpg,IMG_12,UNDEFINEDnull,UNDEFINEDnull,UNDEFINEDnull,UNDEFINEDnull,,,,,
edf08,9,,free_viewing,,5921.0,4605.0,575.625,8.0,928.0875,480.2,4780.0,4780,5,929.0,1.0,5921.0,2.2325000000000004,8.0,74.51125,26.5,1.3511231210944097,UNDEFINEDnull,UNDEFINEDnull,exp_images/images/boy_broke_vase.jpg,IMG_08,UNDEFINEDnull,UNDEFINEDnull,UNDEFINEDnull,UNDEFINEDnull,,,,,
edf09,1,,free_viewing,,6067.0,4520.0,753.3333333333335,6.0,816.2833333333334,487.93333333333334,4832.0,4422,3,1076.0,0.9151490066225164,6067.0,1.9933333333333332,6.0,71.58666666666666,26.33333333333333,0.9889566507334762,UNDEFINEDnull,UNDEFINEDnull,exp_images/images/girl_plant_tree.jpg,IMG_03,UNDEFINEDnull,UNDEFINEDnull,UNDEFINEDnull,UNDEFINEDnull,,,,,
edf09,10,,free_viewing,,5804.0,4360.0,396.3636363636364,11.0,939.7818181818179,579.8,4619.0,2996,3,1460.0,0.6486252435592119,5804.0,3.516363636363636,11.0,93.27545454545454,34.0,1.8952446588559613,UNDEFINEDnull,UNDEFINEDnull,exp_images/images/child_throw_frisbee.jpg,IMG_12,UNDEFINEDnull,UNDEFINEDnull,UNDEFINEDnull,UNDEFINEDnull,,,,,
edf09,11,,free_viewing,,5975.0,3871.0,241.9375,16.0,944.95625,621.25625,4174.0,4174,3,983.0,1.0,5975.0,2.649375,16.0,115.38812499999996,51.125,2.6778242677824267,UNDEFINEDnull,UNDEFINEDnull,exp_images/images/man_cut_shrub.jpg,IMG_04,UNDEFINEDnull,UNDEFINEDnull,UNDEFINEDnull,UNDEFINEDnull,,,,,
edf09,12,,free_viewing,,6024.0,4288.0,357.33333333333326,12.0,863.6999999999998,514.7083333333333,4450.0,4106,3,1032.0,0.9226966292134832,6024.0,2.8683333333333327,12.0,91.1475,45.16666666666666,1.99203187250996,UNDEFINEDnull,UNDEFINEDnull,exp_images/images/driver_wash_scooter.jpg,IMG_14,UNDEFINEDnull,UNDEFINEDnull,UNDEFINEDnull,UNDEFINEDnull,,,,,
edf09,13,,free_viewing,,5900.0,4274.0,474.88888888888886,9.0,955.188888888889,531.4000000000002,4512.0,4512,3,908.0,1.0,5900.0,2.141111111111111,9.0,90.95333333333332,53.33333333333334,1.5254237288135593,UNDEFINEDnull,UNDEFINEDnull,exp_images/images/boy_broke_vase.jpg,IMG_08,UNDEFINEDnull,UNDEFINEDnull,UNDEFINEDnull,UNDEFINEDnull,,,,,
edf09,14,,free_viewing,,5675.0,3772.0,251.46666666666667,15.0,967.8866666666668,715.68,3985.0,3261,5,683.0,0.8183186951066499,5675.0,4.03375,16.0,181.15000000000003,64.25,2.8193832599118944,UNDEFINEDnull,UNDEFINEDnull,exp_images/images/dog_dug_hole.jpg,IMG_13,UNDEFINEDnull,UNDEFINEDnull,UNDEFINEDnull,UNDEFINEDnull,,,,,
edf09,15,,free_viewing,,6134.0,4182.0,380.1818181818182,11.0,952.2636363636364,539.4909090909091,4512.0,4130,6,1142.0,0.915336879432624,6134.0,2.1572727272727272,11.0,137.42636363636362,43.63636363636363,1.7932833387675249,UNDEFINEDnull,UNDEFINEDnull,exp_images/images/girl_baked_cake.jpg,IMG_15,UNDEFINEDnull,UNDEFINEDnull,UNDEFINEDnull,UNDEFINEDnull,,,,,
edf09,16,,free_viewing,,6054.0,4362.0,335.53846153846155,13.0,963.7615384615384,781.0,4562.0,4362,3,1338.0,0.9561595791319596,6054.0,2.2185714285714284,14.0,109.26857142857143,45.85714285714285,2.3125206475057807,UNDEFINEDnull,UNDEFINEDnull,exp_images/images/boy_cut_vegetables.jpg,IMG_18,UNDEFINEDnull,UNDEFINEDnull,UNDEFINEDnull,UNDEFINEDnull,,,,,
edf09,17,,free_viewing,,5823.0,4037.0,403.7,10.0,922.83,542.05,4250.0,2821,3,1076.0,0.6637647058823529,5823.0,2.224,10.0,179.05599999999995,74.2,1.717327837884252,UNDEFINEDnull,UNDEFINEDnull,exp_images/images/child_play_tabla.jpg,IMG_11,UNDEFINEDnull,UNDEFINEDnull,UNDEFINEDnull,UNDEFINEDnull,,,,,
edf09,18,,free_viewing,,6033.0,4313.0,539.125,8.0,856.425,437.13749999999993,4488.0,4488,3,1041.0,1.0,6033.0,2.7425,8.0,131.63375000000002,63.0,1.3260401127134096,UNDEFINEDnull,UNDEFINEDnull,exp_images/images/artiste_drew_picture.jpg,IMG_07,UNDEFINEDnull,UNDEFINEDnull,UNDEFINEDnull,UNDEFINEDnull,,,,,
edf09,19,Punjabi,sentence_audio,passive_dropped_agent,10276.0,4308.0,478.66666666666674,9.0,1016.9222222222224,475.45555555555563,4324.0,4324,3,5284.0,1.0,10276.0,2.4011111111111108,9.0,90.45222222222223,74.22222222222223,0.8758271701050993,exp_images/audio\PUNJABI\p_woa_letter.wav,IMG_17_P_PNA,exp_images/images/women_read_letter.jpg,IMG_17,exp_images/sentences/Letter-woa.jpg,STIM_53,stimuli_list_subj_9_a.csv,PNA,passive_dropped_agent,non_agent_first,agent_dropped,1.0,1.0
edf09,2,,free_viewing,,6009.0,4269.0,609.8571428571429,7.0,1123.042857142857,440.31428571428563,4505.0,4269,3,1282.0,0.9476137624861264,6009.0,2.5028571428571427,7.0,136.8457142857143,69.71428571428571,1.164919287735064,UNDEFINEDnull,UNDEFINEDnull,exp_images/images/girl_opened_window.jpg,IMG_02,UNDEFINEDnull,UNDEFINEDnull,UNDEFINEDnull,UNDEFINEDnull,,,,,
edf09,20,Punjabi,sentence_audio,passive_dropped_agent,10796.0,4552.0,505.77777777777777,9.0,932.1777777777777,512.4555555555556,4776.0,4088,3,5804.0,0.8559463986599665,10796.0,1.6366666666666667,9.0,63.46333333333333,24.0,0.8336420896628381,exp_images/audio\PUNJABI\p_woa_tub.wav,IMG_09_P_PNA,exp_images/images/boy_filled_bucket.jpg,IMG_09,exp_images/sentences/Bucket-woa.jpg,STIM_45,stimuli_list_subj_9_a.csv,PNA,passive_dropped_agent,non_agent_first,agent_dropped,1.0,1.0
edf09,21,Punjabi,sentence_audio,passive_dropped_agent,10659.0,4407.0,367.25,12.0,909.7083333333335,616.8000000000002,4670.0,4159,4,5667.0,0.8905781584582441,10659.0,1.8208333333333333,12.0,62.68,26.83333333333333,1.125809175344779,exp_images/audio\PUNJABI\p_woa_clothes.wav,IMG_06_P_PNA,exp_images/images/women_fold_clothes.jpg,IMG_06,exp_images/sentences/Folded-clothes-woa.jpg,STIM_42,stimuli_list_subj_9_a.csv,PNA,passive_dropped_agent,non_agent_first,agent_dropped,1.0,1.0
edf09,22,English,sentence_audio,active,10794.0,4114.0,216.5263157894737,19.0,973.0263157894735,486.1631578947367,4274.0,4274,9,5802.0,1.0,10794.0,1.852631578947368,19.0,65.30736842105264,37.78947368421053,1.7602371687974798,exp_images/audio\ENGLISH\door.wav,IMG_10_E_ACT,exp_images/images/boy_opened_door.jpg,IMG_10,exp_images/sentences/active_boy_door.jpg,STIM_64,stimuli_list_subj_9_a.csv,ACT,active,agent_first,agent_overt,0.0,
edf09,23,English,sentence_audio,active,11082.0,4288.0,357.33333333333326,12.0,823.65,511.66666666666674,4488.0,4488,5,6090.0,1.0,11082.0,2.3025,12.0,77.70833333333333,42.0,1.0828370330265291,exp_images/audio\ENGLISH\lamp.wav,IMG_01_E_ACT,exp_images/images/girl_lighted_lamp.jpg,IMG_01,exp_images/sentences/active_girl_lamp.jpg,STIM_55,stimuli_list_subj_9_a.csv,ACT,active,agent_first,agent_overt,0.0,
edf09,24,English,sentence_audio,active,10987.0,4361.0,311.5,14.0,934.0571428571429,469.4285714285714,4559.0,4559,2,5994.0,1.0,10987.0,2.6707142857142863,14.0,79.3107142857143,31.0,1.274233184672795,exp_images/audio\ENGLISH\scooter.wav,IMG_14_E_ACT,exp_images/images/driver_wash_scooter.jpg,IMG_14,exp_images/sentences/active_driver_scooter.jpg,STIM_68,stimuli_list_subj_9_a.csv,ACT,active,agent_first,agent_overt,0.0,
edf09,25,English,sentence_audio,passive,10679.0,3817.0,272.64285714285717,14.0,1032.0285714285717,443.72142857142853,4039.0,4039,7,5686.0,1.0,10679.0,3.253571428571429,14.0,107.28857142857143,68.14285714285714,1.3109841745481787,exp_images/audio\ENGLISH\p_box.wav,IMG_05_E_PWA,exp_images/images/man_pushed_box.jpg,IMG_05,exp_images/sentences/passive_man_box.jpg,STIM_77,stimuli_list_subj_9_a.csv,PWA,passive_with_agent,non_agent_first,agent_overt,1.0,0.0
edf09,26,English,sentence_audio,passive,10881.0,3790.0,222.94117647058826,17.0,906.770588235294,502.364705882353,4007.0,3565,6,5889.0,0.8896930371849264,10881.0,2.244444444444445,18.0,83.66722222222222,55.33333333333334,1.654259718775848,exp_images/audio\ENGLISH\p_sapling.wav,IMG_03_E_PWA,exp_images/images/girl_plant_tree.jpg,IMG_03,exp_images/sentences/passive_girl_sapling.jpg,STIM_75,stimuli_list_subj_9_a.csv,PWA,passive_with_agent,non_agent_first,agent_overt,1.0,0.0
edf09,27,English,sentence_audio,passive,10686.0,4418.0,441.8,10.0,901.87,468.45,4648.0,4494,4,5694.0,0.966867469879518,10686.0,3.162,10.0,88.38799999999999,34.4,0.9358038555118848,exp_images/audio\ENGLISH\p_shrub.wav,IMG_04_E_PWA,exp_images/images/man_cut_shrub.jpg,IMG_04,exp_images/sentences/passive_man_shrub.jpg,STIM_76,stimuli_list_subj_9_a.csv,PWA,passive_with_agent,non_agent_first,agent_overt,1.0,0.0
edf09,28,English,sentence_audio,passive_dropped_agent,11074.0,4206.0,350.5,12.0,967.9416666666666,677.4,4377.0,3781,7,6081.0,0.8638336760338131,11074.0,3.2950000000000004,12.0,89.93833333333332,51.33333333333334,1.083619288423334,exp_images/audio\ENGLISH\p_woa_dug.wav,IMG_13_E_PNA,exp_images/images/dog_dug_hole.jpg,IMG_13,exp_images/sentences/noagent_dog_hole.jpg,STIM_103,stimuli_list_subj_9_a.csv,PNA,passive_dropped_agent,non_agent_first,agent_dropped,1.0,1.0
edf09,29,English,sentence_audio,passive_dropped_agent,10819.0,4269.0,284.6,15.0,1060.4933333333333,527.2266666666667,4501.0,2673,6,6290.0,0.5938680293268163,10819.0,3.1973333333333334,15.0,86.09333333333332,32.8,1.38644976430354,exp_images/audio\ENGLISH\p_woa_frisbee.wav,IMG_12_E_PNA,exp_images/images/child_throw_frisbee.jpg,IMG_12,exp_images/sentences/noagent_child_frisbee.jpg,STIM_102,stimuli_list_subj_9_a.csv,PNA,passive_dropped_agent,non_agent_first,agent_dropped,1.0,1.0
edf09,3,,free_viewing,,6075.0,4208.0,300.57142857142856,14.0,907.4642857142856,517.6857142857142,4515.0,3655,5,1083.0,0.8095238095238095,6075.0,4.509333333333333,15.0,90.72866666666668,33.2,2.469135802469136,UNDEFINEDnull,UNDEFINEDnull,exp_images/images/man_pushed_box.jpg,IMG_05,UNDEFINEDnull,UNDEFINEDnull,UNDEFINEDnull,UNDEFINEDnull,,,,,
edf09,30,English,sentence_audio,passive_dropped_agent,11044.0,4516.0,410.54545454545456,11.0,841.8181818181816,478.25454545454534,4668.0,3628,6,6232.0,0.7772065124250214,11044.0,2.566363636363637,11.0,78.46454545454544,29.45454545454545,0.99601593625498,exp_images/audio\ENGLISH\p_woa_tabla.wav,IMG_11_E_PNA,exp_images/images/child_play_tabla.jpg,IMG_11,exp_images/sentences/noagent_child_tabla.jpg,STIM_101,stimuli_list_subj_9_a.csv,PNA,passive_dropped_agent,non_agent_first,agent_dropped,1.0,1.0
edf09,31,Punjabi,sentence_audio,active,11258.0,4218.0,263.625,16.0,901.03125,424.6875,4282.0,4040,4,6266.0,0.9434843531060252,11258.0,2.37875,16.0,83.645625,44.375,1.4212115828744003,exp_images/audio\PUNJABI\picture.wav,IMG_07_P_ACT,exp_images/images/artiste_drew_picture.jpg,IMG_07,exp_images/sentences/Painting.jpg,STIM_07,stimuli_list_subj_9_a.csv,ACT,active,agent_first,agent_overt,0.0,
edf09,32,Punjabi,sentence_audio,active,10812.0,3760.0,376.0,10.0,928.24,549.6700000000002,4205.0,3046,7,6286.0,0.7243757431629013,10812.0,1.905,10.0,86.315,78.8,0.924898261191269,exp_images/audio\PUNJABI\cake.wav,IMG_15_P_ACT,exp_images/images/girl_baked_cake.jpg,IMG_15,exp_images/sentences/Cake.jpg,STIM_15,stimuli_list_subj_9_a.csv,ACT,active,agent_first,agent_overt,0.0,
edf09,33,Punjabi,sentence_audio,active,10773.0,4084.0,371.27272727272725,11.0,1126.154545454545,525.1,4321.0,3618,2,6046.0,0.8373061791252026,10773.0,2.960833333333333,12.0,108.01833333333332,57.66666666666666,1.113895850737956,exp_images/audio\PUNJABI\window.wav,IMG_02_P_ACT,exp_images/images/girl_opened_window.jpg,IMG_02,exp_images/sentences/Window.jpg,STIM_02,stimuli_list_subj_9_a.csv,ACT,active,agent_first,agent_overt,0.0,
edf09,34,Punjabi,sentence_audio,passive,10596.0,4232.0,705.3333333333335,6.0,959.0833333333335,652.8333333333333,4429.0,4397,2,5603.0,0.9927748927523145,10596.0,2.1133333333333333,6.0,73.36999999999998,94.0,0.5662514156285391,exp_images/audio\PUNJABI\p_fed.wav,IMG_16_P_PWA,exp_images/images/girl_fed_dog.jpg,IMG_16,exp_images/sentences/Fed-dog-passive.jpg,STIM_34,stimuli_list_subj_9_a.csv,PWA,passive_with_agent,non_agent_first,agent_overt,1.0,0.0
edf09,35,Punjabi,sentence_audio,passive,10929.0,3807.0,475.875,8.0,973.525,745.3749999999999,4004.0,4004,4,5937.0,1.0,10929.0,3.56375,8.0,234.195,123.5,0.731997438008967,exp_images/audio\PUNJABI\p_veg.wav,IMG_18_P_PWA,exp_images/images/boy_cut_vegetables.jpg,IMG_18,exp_images/sentences/Veg-passive.jpg,STIM_36,stimuli_list_subj_9_a.csv,PWA,passive_with_agent,non_agent_first,agent_overt,1.0,0.0
edf09,36,Punjabi,sentence_audio,passive,10518.0,4166.0,416.6,10.0,906.55,487.7600000000001,4438.0,4438,3,5526.0,1.0,10518.0,2.242,10.0,162.251,55.4,0.9507510933637572,exp_images/audio\PUNJABI\p_vase.wav,IMG_08_P_PWA,exp_images/images/boy_broke_vase.jpg,IMG_08,exp_images/sentences/Vase-passive.jpg,STIM_26,stimuli_list_subj_9_a.csv,PWA,passive_with_agent,non_agent_first,agent_overt,1.0,0.0
edf09,4,,free_viewing,,6042.0,4000.0,363.6363636363636,11.0,968.8,561.5636363636363,4481.0,4267,5,1049.0,0.952242802945771,6042.0,2.234545454545454,11.0,106.13272727272724,46.54545454545455,1.8205892088712348,UNDEFINEDnull,UNDEFINEDnull,exp_images/images/boy_filled_bucket.jpg,IMG_09,UNDEFINEDnull,UNDEFINEDnull,UNDEFINEDnull,UNDEFINEDnull,,,,,
edf09,5,,free_viewing,,6093.0,4201.0,323.15384615384613,13.0,948.6307692307694,499.3615384615384,4448.0,3801,3,1376.0,0.8545413669064749,6093.0,2.471538461538461,13.0,73.74307692307694,41.846153846153854,2.1335959297554568,UNDEFINEDnull,UNDEFINEDnull,exp_images/images/women_read_letter.jpg,IMG_17,UNDEFINEDnull,UNDEFINEDnull,UNDEFINEDnull,UNDEFINEDnull,,,,,
edf09,6,,free_viewing,,5731.0,4233.0,470.33333333333326,9.0,886.2333333333332,612.0333333333333,4462.0,3240,5,739.0,0.7261317794710892,5731.0,2.6544444444444446,9.0,87.31444444444445,58.88888888888889,1.5704065608096318,UNDEFINEDnull,UNDEFINEDnull,exp_images/images/girl_fed_dog.jpg,IMG_16,UNDEFINEDnull,UNDEFINEDnull,UNDEFINEDnull,UNDEFINEDnull,,,,,
edf09,7,,free_viewing,,5646.0,4312.0,479.11111111111114,9.0,866.1333333333333,437.3222222222223,4518.0,4518,3,654.0,1.0,5646.0,2.2277777777777783,9.0,87.89222222222223,52.66666666666666,1.5940488841657812,UNDEFINEDnull,UNDEFINEDnull,exp_images/images/girl_lighted_lamp.jpg,IMG_01,UNDEFINEDnull,UNDEFINEDnull,UNDEFINEDnull,UNDEFINEDnull,,,,,
edf09,8,,free_viewing,,5998.0,4194.0,322.61538461538464,13.0,944.3461538461537,642.4000000000002,4444.0,4444,3,1006.0,1.0,5998.0,1.655384615384615,13.0,70.50153846153846,42.153846153846146,2.1673891297099037,UNDEFINEDnull,UNDEFINEDnull,exp_images/images/women_fold_clothes.jpg,IMG_06,UNDEFINEDnull,UNDEFINEDnull,UNDEFINEDnull,UNDEFINEDnull,,,,,
edf09,9,,free_viewing,,5857.0,4223.0,351.91666666666674,12.0,1006.3416666666667,474.9666666666666,4452.0,4452,5,865.0,1.0,5857.0,1.91,12.0,86.75166666666668,45.0,2.0488304592794946,UNDEFINEDnull,UNDEFINEDnull,exp_images/images/boy_opened_door.jpg,IMG_10,UNDEFINEDnull,UNDEFINEDnull,UNDEFINEDnull,UNDEFINEDnull,,,,,
edf10,1,,free_viewing,,6067.0,4118.0,343.1666666666667,12.0,1000.4916666666667,473.6333333333334,4451.0,4289,9,1073.0,0.9636036845652662,6067.0,5.228461538461537,13.0,113.70692307692306,42.153846153846146,2.142739409922532,UNDEFINEDnull,UNDEFINEDnull,exp_images/images/women_fold_clothes.jpg,IMG_06,UNDEFINEDnull,UNDEFINEDnull,UNDEFINEDnull,UNDEFINEDnull,,,,,
edf10,10,,free_viewing,,5673.0,3900.0,216.66666666666663,18.0,912.6222222222225,549.75,4112.0,4112,6,680.0,1.0,5673.0,4.165555555555557,18.0,112.30263157894733,47.368421052631575,3.1729243786356425,UNDEFINEDnull,UNDEFINEDnull,exp_images/images/girl_lighted_lamp.jpg,IMG_01,UNDEFINEDnull,UNDEFINEDnull,UNDEFINEDnull,UNDEFINEDnull,,,,,
edf10,11,,free_viewing,,5642.0,3818.0,254.53333333333333,15.0,867.5333333333333,461.9533333333335,4260.0,4260,10,650.0,1.0,5642.0,3.785333333333333,15.0,103.62666666666668,48.8,2.658631690889756,UNDEFINEDnull,UNDEFINEDnull,exp_images/images/boy_opened_door.jpg,IMG_10,UNDEFINEDnull,UNDEFINEDnull,UNDEFINEDnull,UNDEFINEDnull,,,,,
edf10,12,,free_viewing,,6005.0,4059.0,312.23076923076917,13.0,918.8384615384616,522.7076923076924,4315.0,4019,5,1012.0,0.9314020857473928,6005.0,3.9038461538461537,13.0,106.56230769230768,52.153846153846146,2.1648626144879266,UNDEFINEDnull,UNDEFINEDnull,exp_images/images/women_read_letter.jpg,IMG_17,UNDEFINEDnull,UNDEFINEDnull,UNDEFINEDnull,UNDEFINEDnull,,,,,
edf10,13,,free_viewing,,5943.0,3675.0,282.6923076923077,13.0,936.1461538461538,615.6999999999998,4033.0,4033,10,950.0,1.0,5943.0,5.506923076923077,13.0,123.11615384615385,73.84615384615384,2.187447417129396,UNDEFINEDnull,UNDEFINEDnull,exp_images/images/boy_cut_vegetables.jpg,IMG_18,UNDEFINEDnull,UNDEFINEDnull,UNDEFINEDnull,UNDEFINEDnull,,,,,
edf10,14,,free_viewing,,5961.0,4137.0,318.23076923076917,13.0,827.0384615384614,576.3692307692307,4342.0,4102,3,969.0,0.9447259327498848,5961.0,3.05,13.0,106.82615384615384,50.0,2.1808421405804395,UNDEFINEDnull,UNDEFINEDnull,exp_images/images/dog_dug_hole.jpg,IMG_13,UNDEFINEDnull,UNDEFINEDnull,UNDEFINEDnull,UNDEFINEDnull,,,,,
edf10,15,,free_viewing,,6116.0,4030.0,287.85714285714283,14.0,807.8642857142859,481.78571428571433,4311.0,3555,7,1123.0,0.824634655532359,6116.0,3.852857142857143,14.0,112.54857142857142,48.714285714285715,2.2890778286461737,UNDEFINEDnull,UNDEFINEDnull,exp_images/images/boy_broke_vase.jpg,IMG_08,UNDEFINEDnull,UNDEFINEDnull,UNDEFINEDnull,UNDEFINEDnull,,,,,
edf10,16,,free_viewing,,5743.0,4081.0,240.05882352941174,17.0,996.2470588235294,426.9411764705882,4301.0,4301,5,750.0,1.0,5743.0,2.7288235294117644,17.0,82.71470588235293,40.70588235294117,2.960125370015671,UNDEFINEDnull,UNDEFINEDnull,exp_images/images/artiste_drew_picture.jpg,IMG_07,UNDEFINEDnull,UNDEFINEDnull,UNDEFINEDnull,UNDEFINEDnull,,,,,
edf10,17,,free_viewing,,5884.0,3828.0,348.0,11.0,822.5363636363637,389.17272727272723,4128.0,4128,6,892.0,1.0,5884.0,3.0290909090909093,11.0,107.07272727272726,78.54545454545455,1.8694765465669607,UNDEFINEDnull,UNDEFINEDnull,exp_images/images/man_cut_shrub.jpg,IMG_04,UNDEFINEDnull,UNDEFINEDnull,UNDEFINEDnull,UNDEFINEDnull,,,,,
edf10,18,,free_viewing,,5916.0,4308.0,1436.0,3.0,926.6666666666665,421.43333333333334,4724.0,4724,1,924.0,1.0,5916.0,1.9466666666666668,3.0,103.92666666666666,89.33333333333331,0.5070993914807302,UNDEFINEDnull,UNDEFINEDnull,exp_images/images/driver_wash_scooter.jpg,IMG_14,UNDEFINEDnull,UNDEFINEDnull,UNDEFINEDnull,UNDEFINEDnull,,,,,
edf10,19,English,sentence_audio,active,11139.0,4057.0,270.46666666666664,15.0,934.7466666666666,508.89333333333326,4212.0,3690,6,6147.0,0.8760683760683761,11139.0,4.240666666666666,15.0,103.84799999999998,52.0,1.3466199838405604,exp_images/audio\ENGLISH\letter.wav,IMG_17_E_ACT,exp_images/images/women_read_letter.jpg,IMG_17,exp_images/sentences/active_women_letter.jpg,STIM_71,stimuli_list_subj_10_a.csv,ACT,active,agent_first,agent_overt,0.0,
edf10,2,,free_viewing,,5693.0,4858.0,404.83333333333326,12.0,919.8916666666668,370.2166666666667,5172.0,5172,7,700.0,1.0,5693.0,3.951818181818183,11.0,105.21090909090908,36.54545454545455,1.9321974354470404,UNDEFINEDnull,UNDEFINEDnull,exp_images/images/man_pushed_box.jpg,IMG_05,UNDEFINEDnull,UNDEFINEDnull,UNDEFINEDnull,UNDEFINEDnull,,,,,
edf10,20,English,sentence_audio,active,10375.0,4153.0,244.29411764705884,17.0,1009.470588235294,488.38823529411764,4419.0,4419,9,5382.0,1.0,10375.0,2.9976470588235298,17.0,86.77352941176474,33.76470588235294,1.6385542168674698,exp_images/audio\ENGLISH\bucket.wav,IMG_09_E_ACT,exp_images/images/boy_filled_bucket.jpg,IMG_09,exp_images/sentences/active_boy_bucket.jpg,STIM_63,stimuli_list_subj_10_a.csv,ACT,active,agent_first,agent_overt,0.0,
edf10,21,English,sentence_audio,active,11063.0,3977.0,265.1333333333333,15.0,920.6266666666667,478.32,4400.0,3977,12,6540.0,0.9038636363636364,11063.0,4.3773333333333335,15.0,115.86666666666665,39.46666666666667,1.3558709210883124,exp_images/audio\ENGLISH\clothes.wav,IMG_06_E_ACT,exp_images/images/women_fold_clothes.jpg,IMG_06,exp_images/sentences/active_woman_clothes.jpg,STIM_60,stimuli_list_subj_10_a.csv,ACT,active,agent_first,agent_overt,0.0,
edf10,22,English,sentence_audio,passive,10340.0,4044.0,404.4,10.0,896.5400000000003,413.35,4313.0,4167,6,5347.0,0.9661488523069788,10340.0,1.0989999999999998,10.0,71.497,68.0,0.9671179883945842,exp_images/audio\ENGLISH\p_door.wav,IMG_10_E_PWA,exp_images/images/boy_opened_door.jpg,IMG_10,exp_images/sentences/passive_boy_door.jpg,STIM_82,stimuli_list_subj_10_a.csv,PWA,passive_with_agent,non_agent_first,agent_overt,1.0,0.0
edf10,23,English,sentence_audio,passive,10228.0,4126.0,257.875,16.0,906.90625,466.8,4408.0,3942,12,5236.0,0.8942831215970962,10228.0,3.756875,16.0,102.02062499999998,36.5,1.5643332029722332,exp_images/audio\ENGLISH\p_lamp.wav,IMG_01_E_PWA,exp_images/images/girl_lighted_lamp.jpg,IMG_01,exp_images/sentences/passive_girl_lamp.jpg,STIM_73,stimuli_list_subj_10_a.csv,PWA,passive_with_agent,non_agent_first,agent_overt,1.0,0.0
edf10,24,English,sentence_audio,passive,11057.0,3621.0,190.578947368421,19.0,822.1736842105263,490.4210526315789,3772.0,3086,7,6065.0,0.8181336161187699,11057.0,5.856315789473684,19.0,144.43157894736842,64.21052631578948,1.7183684543727955,exp_images/audio\ENGLISH\p_scooter.wav,IMG_14_E_PWA,exp_images/images/driver_wash_scooter.jpg,IMG_14,exp_images/sentences/passive_driver_scooter.jpg,STIM_86,stimuli_list_subj_10_a.csv,PWA,passive_with_agent,non_agent_first,agent_overt,1.0,0.0
edf10,25,English,sentence_audio,passive_dropped_agent,10390.0,4190.0,246.4705882352941,17.0,944.6176470588236,338.8411764705883,4369.0,4369,9,5399.0,1.0,10390.0,3.9441176470588233,17.0,105.02235294117649,36.588235294117645,1.6361886429258905,exp_images/audio\ENGLISH\p_woa_box.wav,IMG_05_E_PNA,exp_images/images/man_pushed_box.jpg,IMG_05,exp_images/sentences/noagent_man_box.jpg,STIM_95,stimuli_list_subj_10_a.csv,PNA,passive_dropped_agent,non_agent_first,agent_dropped,1.0,1.0
edf10,26,English,sentence_audio,passive_dropped_agent,10670.0,4038.0,288.42857142857144,14.0,799.7214285714286,516.4785714285715,4250.0,4250,11,5678.0,1.0,10670.0,4.7807142857142875,14.0,121.68357142857144,53.0,1.3120899718837864,exp_images/audio\ENGLISH\p_woa_sapling.wav,IMG_03_E_PNA,exp_images/images/girl_plant_tree.jpg,IMG_03,exp_images/sentences/noagent_girl_sapling.jpg,STIM_93,stimuli_list_subj_10_a.csv,PNA,passive_dropped_agent,non_agent_first,agent_dropped,1.0,1.0
edf10,27,English,sentence_audio,passive_dropped_agent,11141.0,4007.0,333.9166666666667,12.0,848.1916666666667,441.5,4276.0,4276,5,6149.0,1.0,11141.0,4.055,12.0,116.23,59.66666666666666,1.0771025940220806,exp_images/audio\ENGLISH\p_woa_shrub.wav,IMG_04_E_PNA,exp_images/images/man_cut_shrub.jpg,IMG_04,exp_images/sentences/noagent_man_shrub.jpg,STIM_94,stimuli_list_subj_10_a.csv,PNA,passive_dropped_agent,non_agent_first,agent_dropped,1.0,1.0
edf10,28,Punjabi,sentence_audio,active,10438.0,4254.0,425.4,10.0,919.47,534.3899999999999,4470.0,3896,2,5446.0,0.8715883668903803,10438.0,2.744,10.0,86.103,52.2,0.9580379383023568,exp_images/audio\PUNJABI\dug.wav,IMG_13_P_ACT,exp_images/images/dog_dug_hole.jpg,IMG_13,exp_images/sentences/Dog-dug.jpg,STIM_13,stimuli_list_subj_10_a.csv,ACT,active,agent_first,agent_overt,0.0,
edf10,29,Punjabi,sentence_audio,active,10899.0,3405.0,227.0,15.0,1027.2066666666667,328.68666666666667,3591.0,2253,7,6412.0,0.6274018379281537,10899.0,6.261333333333334,15.0,166.95600000000005,93.46666666666668,1.3762730525736306,exp_images/audio\PUNJABI\frisbee.wav,IMG_12_P_ACT,exp_images/images/child_throw_frisbee.jpg,IMG_12,exp_images/sentences/Frisbee.jpg,STIM_12,stimuli_list_subj_10_a.csv,ACT,active,agent_first,agent_overt,0.0,
edf10,3,,free_viewing,,6016.0,3852.0,275.14285714285717,14.0,892.7714285714285,606.2928571428573,4165.0,3307,6,1023.0,0.7939975990396159,6016.0,3.9842857142857135,14.0,111.10428571428572,59.14285714285714,2.3271276595744683,UNDEFINEDnull,UNDEFINEDnull,exp_images/images/girl_plant_tree.jpg,IMG_03,UNDEFINEDnull,UNDEFINEDnull,UNDEFINEDnull,UNDEFINEDnull,,,,,
edf10,30,Punjabi,sentence_audio,active,11077.0,4145.0,207.25,20.0,988.485,395.385,4400.0,3306,7,6085.0,0.7513636363636363,11077.0,2.565500000000001,20.0,76.66300000000003,29.6,1.8055430170623816,exp_images/audio\PUNJABI\tabla.wav,IMG_11_P_ACT,exp_images/images/child_play_tabla.jpg,IMG_11,exp_images/sentences/Tabla.jpg,STIM_11,stimuli_list_subj_10_a.csv,ACT,active,agent_first,agent_overt,0.0,
edf10,31,Punjabi,sentence_audio,passive,10754.0,3910.0,300.76923076923083,13.0,985.1461538461535,275.2384615384616,4274.0,3972,6,5762.0,0.9293401965372016,10754.0,4.724615384615385,13.0,129.16307692307691,55.230769230769226,1.208852519992561,exp_images/audio\PUNJABI\p_picture.wav,IMG_07_P_PWA,exp_images/images/artiste_drew_picture.jpg,IMG_07,exp_images/sentences/Painting-passive.jpg,STIM_25,stimuli_list_subj_10_a.csv,PWA,passive_with_agent,non_agent_first,agent_overt,1.0,0.0
edf10,32,Punjabi,sentence_audio,passive,10733.0,3995.0,332.9166666666667,12.0,883.8333333333335,438.225,4421.0,3715,5,5740.0,0.8403076227097942,10733.0,2.04,12.0,82.77166666666666,47.66666666666666,1.1180471443212519,exp_images/audio\PUNJABI\p_cake.wav,IMG_15_P_PWA,exp_images/images/girl_baked_cake.jpg,IMG_15,exp_images/sentences/Cake-passive.jpg,STIM_33,stimuli_list_subj_10_a.csv,PWA,passive_with_agent,non_agent_first,agent_overt,1.0,0.0
edf10,33,Punjabi,sentence_audio,passive,10349.0,3905.0,244.0625,16.0,1003.20625,378.10625,4146.0,3567,8,5620.0,0.8603473227206947,10349.0,3.625625,16.0,103.771875,52.875,1.5460430959512996,exp_images/audio\PUNJABI\p_window.wav,IMG_02_P_PWA,exp_images/images/girl_opened_window.jpg,IMG_02,exp_images/sentences/Window-passive.jpg,STIM_20,stimuli_list_subj_10_a.csv,PWA,passive_with_agent,non_agent_first,agent_overt,1.0,0.0
edf10,34,Punjabi,sentence_audio,passive_dropped_agent,10261.0,3765.0,198.15789473684208,19.0,926.2894736842104,646.4473684210528,4023.0,2503,8,5556.0,0.6221725080785483,10261.0,5.25421052631579,19.0,125.68684210526314,51.05263157894736,1.8516713770587665,exp_images/audio\PUNJABI\p_woa_fed.wav,IMG_16_P_PNA,exp_images/images/girl_fed_dog.jpg,IMG_16,exp_images/sentences/Fed-dog-woa.jpg,STIM_52,stimuli_list_subj_10_a.csv,PNA,passive_dropped_agent,non_agent_first,agent_dropped,1.0,1.0
edf10,35,Punjabi,sentence_audio,passive_dropped_agent,10818.0,3868.0,203.578947368421,19.0,1012.3789473684213,465.07368421052627,3897.0,2996,10,6142.0,0.768796510136002,10818.0,6.564210526315789,19.0,138.82684210526315,57.68421052631579,1.756332039193936,exp_images/audio\PUNJABI\p_woa_veg.wav,IMG_18_P_PNA,exp_images/images/boy_cut_vegetables.jpg,IMG_18,exp_images/sentences/Veg-woa.jpg,STIM_54,stimuli_list_subj_10_a.csv,PNA,passive_dropped_agent,non_agent_first,agent_dropped,1.0,1.0
edf10,36,Punjabi,sentence_audio,passive_dropped_agent,10334.0,3998.0,222.11111111111111,18.0,837.388888888889,434.5777777777778,4198.0,3814,8,5342.0,0.9085278704144832,10334.0,3.1877777777777783,18.0,95.94111111111113,44.111111111111114,1.7418231081865687,exp_images/audio\PUNJABI\p_woa_vase.wav,IMG_08_P_PNA,exp_images/images/boy_broke_vase.jpg,IMG_08,exp_images/sentences/Vase-woa.jpg,STIM_44,stimuli_list_subj_10_a.csv,PNA,passive_dropped_agent,non_agent_first,agent_dropped,1.0,1.0
edf10,4,,free_viewing,,5782.0,4168.0,219.36842105263162,19.0,1060.4684210526316,477.7894736842105,4412.0,3670,5,1070.0,0.8318223028105167,5782.0,2.8321052631578953,19.0,83.12368421052632,30.52631578947368,3.286060186786579,UNDEFINEDnull,UNDEFINEDnull,exp_images/images/child_throw_frisbee.jpg,IMG_12,UNDEFINEDnull,UNDEFINEDnull,UNDEFINEDnull,UNDEFINEDnull,,,,,
edf10,5,,free_viewing,,5879.0,3711.0,265.07142857142856,14.0,900.242857142857,465.52142857142877,4416.0,3177,5,1634.0,0.7194293478260869,5879.0,2.4964285714285706,14.0,84.57142857142857,41.142857142857146,2.3813573737030107,UNDEFINEDnull,UNDEFINEDnull,exp_images/images/girl_baked_cake.jpg,IMG_15,UNDEFINEDnull,UNDEFINEDnull,UNDEFINEDnull,UNDEFINEDnull,,,,,
edf10,6,,free_viewing,,5828.0,3806.0,200.31578947368425,19.0,933.0473684210524,621.8052631578946,4045.0,3061,9,835.0,0.7567367119901113,5828.0,4.118947368421054,19.0,101.70052631578949,49.89473684210525,3.2601235415236784,UNDEFINEDnull,UNDEFINEDnull,exp_images/images/girl_fed_dog.jpg,IMG_16,UNDEFINEDnull,UNDEFINEDnull,UNDEFINEDnull,UNDEFINEDnull,,,,,
edf10,7,,free_viewing,,5948.0,4070.0,254.375,16.0,972.5,510.31875,4354.0,4354,8,956.0,1.0,5948.0,2.43875,16.0,80.579375,39.875,2.6899798251513114,UNDEFINEDnull,UNDEFINEDnull,exp_images/images/boy_filled_bucket.jpg,IMG_09,UNDEFINEDnull,UNDEFINEDnull,UNDEFINEDnull,UNDEFINEDnull,,,,,
edf10,8,,free_viewing,,6002.0,3892.0,228.94117647058826,17.0,870.0647058823531,499.72352941176484,4159.0,3196,11,1312.0,0.768453955277711,6002.0,4.002941176470588,17.0,112.20058823529409,49.058823529411775,2.8323892035988005,UNDEFINEDnull,UNDEFINEDnull,exp_images/images/child_play_tabla.jpg,IMG_11,UNDEFINEDnull,UNDEFINEDnull,UNDEFINEDnull,UNDEFINEDnull,,,,,
edf10,9,,free_viewing,,6133.0,3810.0,211.66666666666663,18.0,972.9277777777776,475.18333333333334,4040.0,3810,7,1400.0,0.9430693069306929,6133.0,4.435263157894736,19.0,112.9263157894737,51.157894736842096,3.0979944562204467,UNDEFINEDnull,UNDEFINEDnull,exp_images/images/girl_opened_window.jpg,IMG_02,UNDEFINEDnull,UNDEFINEDnull,UNDEFINEDnull,UNDEFINEDnull,,,,,
edf11,1,,free_viewing,,5967.0,4160.0,346.66666666666674,12.0,934.9166666666665,712.9083333333333,4600.0,4600,4,972.0,1.0,5967.0,3.0569230769230766,13.0,81.49,30.30769230769231,2.178649237472767,UNDEFINEDnull,UNDEFINEDnull,exp_images/images/boy_cut_vegetables.jpg,IMG_18,UNDEFINEDnull,UNDEFINEDnull,UNDEFINEDnull,UNDEFINEDnull,,,,,
edf11,11,,free_viewing,,5846.0,4434.0,341.07692307692315,13.0,815.4538461538463,523.723076923077,4506.0,4314,8,854.0,0.9573901464713716,5846.0,4.007142857142857,14.0,100.03857142857142,36.0,2.3947998631542937,UNDEFINEDnull,UNDEFINEDnull,exp_images/images/child_play_tabla.jpg,IMG_11,UNDEFINEDnull,UNDEFINEDnull,UNDEFINEDnull,UNDEFINEDnull,,,,,
edf11,12,,free_viewing,,6116.0,4372.0,437.2,10.0,860.53,510.24999999999983,4629.0,4629,4,1123.0,1.0,6116.0,3.2318181818181824,11.0,88.74999999999999,34.18181818181818,1.7985611510791368,UNDEFINEDnull,UNDEFINEDnull,exp_images/images/girl_lighted_lamp.jpg,IMG_01,UNDEFINEDnull,UNDEFINEDnull,UNDEFINEDnull,UNDEFINEDnull,,,,,
edf11,13,,free_viewing,,5810.0,4922.0,4922.0,1.0,952.1,549.7,4942.0,4922,1,888.0,0.9959530554431404,5810.0,9.42,1.0,189.59,50.0,0.17211703958691912,UNDEFINEDnull,UNDEFINEDnull,exp_images/images/boy_opened_door.jpg,IMG_10,UNDEFINEDnull,UNDEFINEDnull,UNDEFINEDnull,UNDEFINEDnull,,,,,
edf11,14,,free_viewing,,5950.0,1652.0,206.5,8.0,950.1375,420.2625,4097.0,4097,4,957.0,1.0,5950.0,3.3325,8.0,168.70125,112.0,1.3445378151260503,UNDEFINEDnull,UNDEFINEDnull,exp_images/images/women_fold_clothes.jpg,IMG_06,UNDEFINEDnull,UNDEFINEDnull,UNDEFINEDnull,UNDEFINEDnull,,,,,
edf11,15,,free_viewing,,5976.0,4266.0,387.8181818181818,11.0,1084.0818181818179,395.85454545454536,4656.0,4656,5,984.0,1.0,5976.0,2.6036363636363635,11.0,76.52545454545455,30.54545454545455,1.840696117804552,UNDEFINEDnull,UNDEFINEDnull,exp_images/images/man_pushed_box.jpg,IMG_05,UNDEFINEDnull,UNDEFINEDnull,UNDEFINEDnull,UNDEFINEDnull,,,,,
edf11,16,,free_viewing,,5677.0,4327.0,332.84615384615387,13.0,945.7230769230767,462.97692307692313,4624.0,4624,8,685.0,1.0,5677.0,2.141538461538462,13.0,70.63538461538461,28.30769230769231,2.2899418707063592,UNDEFINEDnull,UNDEFINEDnull,exp_images/images/boy_filled_bucket.jpg,IMG_09,UNDEFINEDnull,UNDEFINEDnull,UNDEFINEDnull,UNDEFINEDnull,,,,,
edf11,17,,free_viewing,,6048.0,4148.0,345.66666666666674,12.0,904.7166666666666,446.35,4353.0,4353,8,1055.0,1.0,6048.0,2.5958333333333337,12.0,90.53916666666667,53.33333333333334,1.984126984126984,UNDEFINEDnull,UNDEFINEDnull,exp_images/images/girl_baked_cake.jpg,IMG_15,UNDEFINEDnull,UNDEFINEDnull,UNDEFINEDnull,UNDEFINEDnull,,,,,
edf11,18,,free_viewing,,5647.0,4401.0,4401.0,1.0,1174.8,490.2,4955.0,4955,2,654.0,1.0,5647.0,4.35,1.0,114.86,38.0,0.17708517797060386,UNDEFINEDnull,UNDEFINEDnull,exp_images/images/girl_opened_window.jpg,IMG_02,UNDEFINEDnull,UNDEFINEDnull,UNDEFINEDnull,UNDEFINEDnull,,,,,
edf11,19,English,sentence_audio,passive,10313.0,3981.0,331.75,12.0,961.8583333333332,389.79166666666674,4269.0,4269,1,5320.0,1.0,10313.0,1.26,12.0,79.72333333333333,60.33333333333334,1.1635799476389024,exp_images/audio\ENGLISH\p_letter.wav,IMG_17_E_PWA,exp_images/images/women_read_letter.jpg,IMG_17,exp_images/sentences/passive_women_letter.jpg,STIM_89,stimuli_list_subj_11_a.csv,PWA,passive_with_agent,non_agent_first,agent_overt,1.0,0.0
edf11,2,,free_viewing,,5791.0,4237.0,302.64285714285717,14.0,806.7785714285716,446.4285714285714,4449.0,3863,7,798.0,0.8682850078669364,5791.0,4.746428571428571,14.0,112.76928571428572,38.857142857142854,2.417544465549992,UNDEFINEDnull,UNDEFINEDnull,exp_images/images/driver_wash_scooter.jpg,IMG_14,UNDEFINEDnull,UNDEFINEDnull,UNDEFINEDnull,UNDEFINEDnull,,,,,
edf11,20,English,sentence_audio,passive,10852.0,4338.0,433.8,10.0,950.69,395.45,4724.0,4066,6,5860.0,0.8607112616426758,10852.0,1.7419999999999998,10.0,63.508,26.8,0.9214891264283082,exp_images/audio\ENGLISH\p_bucket.wav,IMG_09_E_PWA,exp_images/images/boy_filled_bucket.jpg,IMG_09,exp_images/sentences/passive_boy_bucket.jpg,STIM_81,stimuli_list_subj_11_a.csv,PWA,passive_with_agent,non_agent_first,agent_overt,1.0,0.0
edf11,21,English,sentence_audio,passive,11038.0,2128.0,1064.0,2.0,894.8,479.0,4912.0,2128,2,8866.0,0.43322475570032576,11038.0,4.295,2.0,106.36,40.0,0.1811922449719152,exp_images/audio\ENGLISH\p_clothes.wav,IMG_06_E_PWA,exp_images/images/women_fold_clothes.jpg,IMG_06,exp_images/sentences/passive_woman_clothes.jpg,STIM_78,stimuli_list_subj_11_a.csv,PWA,passive_with_agent,non_agent_first,agent_overt,1.0,0.0
edf11,22,English,sentence_audio,passive_dropped_agent,10209.0,4125.0,825.0,5.0,899.3399999999998,411.64,4397.0,4397,4,5216.0,1.0,10209.0,1.852,5.0,126.256,119.2,0.4897639337839162,exp_images/audio\ENGLISH\p_woa_door.wav,IMG_10_E_PNA,exp_images/images/boy_opened_door.jpg,IMG_10,exp_images/sentences/noagent_boy_door.jpg,STIM_100,stimuli_list_subj_11_a.csv,PNA,passive_dropped_agent,non_agent_first,agent_dropped,1.0,1.0
edf11,23,English,sentence_audio,passive_dropped_agent,10406.0,4602.0,1150.5,4.0,771.825,438.975,4849.0,4849,4,5415.0,1.0,10406.0,4.1549999999999985,4.0,106.7825,35.5,0.3843936190659235,exp_images/audio\ENGLISH\p_woa_lamp.wav,IMG_01_E_PNA,exp_images/images/girl_lighted_lamp.jpg,IMG_01,exp_images/sentences/noagent_girl_lamp.jpg,STIM_91,stimuli_list_subj_11_a.csv,PNA,passive_dropped_agent,non_agent_first,agent_dropped,1.0,1.0
edf11,24,English,sentence_audio,passive_dropped_agent,10815.0,4295.0,477.22222222222223,9.0,875.0444444444445,270.45555555555563,4656.0,4656,6,5823.0,1.0,10815.0,4.093333333333334,9.0,98.58111111111108,37.333333333333336,0.8321775312066575,exp_images/audio\ENGLISH\p_woa_scooter.wav,IMG_14_E_PNA,exp_images/images/driver_wash_scooter.jpg,IMG_14,exp_images/sentences/noagent_driver_scooter.jpg,STIM_104,stimuli_list_subj_11_a.csv,PNA,passive_dropped_agent,non_agent_first,agent_dropped,1.0,1.0
edf11,25,Punjabi,sentence_audio,active,10515.0,3926.0,302.0,13.0,1027.6384615384616,343.1923076923077,4173.0,4173,5,5523.0,1.0,10515.0,2.1885714285714286,14.0,111.91928571428569,59.85714285714285,1.3314312886352828,exp_images/audio\PUNJABI\box.wav,IMG_05_P_ACT,exp_images/images/man_pushed_box.jpg,IMG_05,exp_images/sentences/Pushed-box.jpg,STIM_05,stimuli_list_subj_11_a.csv,ACT,active,agent_first,agent_overt,0.0,
edf11,26,Punjabi,sentence_audio,active,10526.0,3902.0,278.7142857142857,14.0,869.5571428571428,484.55714285714276,4209.0,4047,7,5533.0,0.9615110477548112,10526.0,2.912142857142857,14.0,105.98357142857141,56.0,1.330039901197036,exp_images/audio\PUNJABI\sapling.wav,IMG_03_P_ACT,exp_images/images/girl_plant_tree.jpg,IMG_03,exp_images/sentences/Sapling.jpg,STIM_03,stimuli_list_subj_11_a.csv,ACT,active,agent_first,agent_overt,0.0,
edf11,27,Punjabi,sentence_audio,active,10522.0,4262.0,532.75,8.0,890.0625,337.8,4292.0,4152,5,5530.0,0.967381174277726,10522.0,3.4262500000000005,8.0,149.075,87.5,0.7603117278084014,exp_images/audio\PUNJABI\shrub.wav,IMG_04_P_ACT,exp_images/images/man_cut_shrub.jpg,IMG_04,exp_images/sentences/Shrub.jpg,STIM_04,stimuli_list_subj_11_a.csv,ACT,active,agent_first,agent_overt,0.0,
edf11,28,Punjabi,sentence_audio,passive,10378.0,3656.0,281.23076923076917,13.0,915.5615384615384,646.4230769230769,3802.0,2254,5,5610.0,0.592845870594424,10378.0,4.372142857142858,14.0,117.44285714285714,97.28571428571428,1.3490075158990171,exp_images/audio\PUNJABI\p_dug.wav,IMG_13_P_PWA,exp_images/images/dog_dug_hole.jpg,IMG_13,exp_images/sentences/Dog-dug-passive.jpg,STIM_31,stimuli_list_subj_11_a.csv,PWA,passive_with_agent,non_agent_first,agent_overt,1.0,0.0
edf11,29,Punjabi,sentence_audio,passive,10214.0,3606.0,300.5,12.0,1332.9999999999998,774.7499999999999,3860.0,2502,4,5522.0,0.6481865284974093,10214.0,6.4750000000000005,14.0,126.98642857142856,82.42857142857143,1.3706677109849226,exp_images/audio\PUNJABI\p_frisbee.wav,IMG_12_P_PWA,exp_images/images/child_throw_frisbee.jpg,IMG_12,exp_images/sentences/Frisbee-passive.jpg,STIM_30,stimuli_list_subj_11_a.csv,PWA,passive_with_agent,non_agent_first,agent_overt,1.0,0.0
edf11,3,,free_viewing,,6023.0,4325.0,308.92857142857144,14.0,886.0428571428572,464.1642857142857,4600.0,4216,7,1031.0,0.9165217391304348,6023.0,2.186428571428571,14.0,73.73642857142856,28.0,2.3244230449941887,UNDEFINEDnull,UNDEFINEDnull,exp_images/images/boy_broke_vase.jpg,IMG_08,UNDEFINEDnull,UNDEFINEDnull,UNDEFINEDnull,UNDEFINEDnull,,,,,
edf11,30,Punjabi,sentence_audio,passive,10931.0,4181.0,380.09090909090907,11.0,931.3363636363637,386.8181818181818,4196.0,3895,4,5988.0,0.9282650142993328,10931.0,3.2827272727272727,11.0,122.7809090909091,72.36363636363636,1.006312322751807,exp_images/audio\PUNJABI\p_tabla.wav,IMG_11_P_PWA,exp_images/images/child_play_tabla.jpg,IMG_11,exp_images/sentences/Tabla-passive.jpg,STIM_29,stimuli_list_subj_11_a.csv,PWA,passive_with_agent,non_agent_first,agent_overt,1.0,0.0
edf11,31,Punjabi,sentence_audio,passive_dropped_agent,10398.0,4282.0,305.85714285714283,14.0,941.9928571428572,348.4857142857142,4321.0,4321,8,5405.0,1.0,10398.0,3.1807142857142847,14.0,114.60857142857141,48.0,1.3464127716868628,exp_images/audio\PUNJABI\p_woa_picture.wav,IMG_07_P_PNA,exp_images/images/artiste_drew_picture.jpg,IMG_07,exp_images/sentences/Painting-woa.jpg,STIM_43,stimuli_list_subj_11_a.csv,PNA,passive_dropped_agent,non_agent_first,agent_dropped,1.0,1.0
edf11,32,Punjabi,sentence_audio,passive_dropped_agent,11094.0,4126.0,412.6,10.0,888.25,476.95,4451.0,3686,7,6456.0,0.8281285104470906,11094.0,2.031,10.0,87.35700000000001,54.2,0.9013881377321076,exp_images/audio\PUNJABI\p_woa_cake.wav,IMG_15_P_PNA,exp_images/images/girl_baked_cake.jpg,IMG_15,exp_images/sentences/Cake-woa.jpg,STIM_51,stimuli_list_subj_11_a.csv,PNA,passive_dropped_agent,non_agent_first,agent_dropped,1.0,1.0
edf11,34,English,sentence_audio,active,10364.0,4214.0,280.93333333333334,15.0,902.0866666666667,549.94,4236.0,3642,6,5602.0,0.8597733711048159,10364.0,2.756666666666667,15.0,84.65599999999998,50.4,1.4473176379776147,exp_images/audio\ENGLISH\fed.wav,IMG_16_E_ACT,exp_images/images/girl_fed_dog.jpg,IMG_16,exp_images/sentences/active_girl_dog.jpg,STIM_70,stimuli_list_subj_11_a.csv,ACT,active,agent_first,agent_overt,0.0,
edf11,35,English,sentence_audio,active,10933.0,4397.0,488.5555555555555,9.0,907.2444444444444,684.9111111111113,4469.0,4469,4,5940.0,1.0,10933.0,2.7422222222222232,9.0,87.96111111111111,58.22222222222222,0.8231958291411323,exp_images/audio\ENGLISH\veg.wav,IMG_18_E_ACT,exp_images/images/boy_cut_vegetables.jpg,IMG_18,exp_images/sentences/active_boy_vegetables.jpg,STIM_72,stimuli_list_subj_11_a.csv,ACT,active,agent_first,agent_overt,0.0,
edf11,36,English,sentence_audio,active,10459.0,4299.0,477.66666666666674,9.0,859.8000000000002,384.7444444444445,4302.0,4135,6,5716.0,0.9611808461180846,10459.0,3.2122222222222216,9.0,136.71222222222224,76.66666666666667,0.8605029161487714,exp_images/audio\ENGLISH\vase.wav,IMG_08_E_ACT,exp_images/images/boy_broke_vase.jpg,IMG_08,exp_images/sentences/active_boy_vase.jpg,STIM_62,stimuli_list_subj_11_a.csv,ACT,active,agent_first,agent_overt,0.0,
edf11,4,,free_viewing,,5961.0,4405.0,440.5,10.0,835.85,626.9100000000002,4621.0,4621,5,968.0,1.0,5961.0,3.966,10.0,104.831,37.2,1.6775708773695688,UNDEFINEDnull,UNDEFINEDnull,exp_images/images/girl_plant_tree.jpg,IMG_03,UNDEFINEDnull,UNDEFINEDnull,UNDEFINEDnull,UNDEFINEDnull,,,,,
edf11,5,,free_viewing,,5689.0,3755.0,375.5,10.0,1060.89,673.9100000000002,4359.0,4359,3,696.0,1.0,5689.0,2.587,10.0,89.02600000000001,63.4,1.7577781683951486,UNDEFINEDnull,UNDEFINEDnull,exp_images/images/dog_dug_hole.jpg,IMG_13,UNDEFINEDnull,UNDEFINEDnull,UNDEFINEDnull,UNDEFINEDnull,,,,,
edf11,6,,free_viewing,,5731.0,4673.0,1557.666666666667,3.0,993.0,345.93333333333334,4870.0,4673,3,972.0,0.9595482546201232,5731.0,4.736666666666667,3.0,115.69666666666667,40.66666666666666,0.5234688536032106,UNDEFINEDnull,UNDEFINEDnull,exp_images/images/child_throw_frisbee.jpg,IMG_12,UNDEFINEDnull,UNDEFINEDnull,UNDEFINEDnull,UNDEFINEDnull,,,,,
edf11,7,,free_viewing,,5962.0,4104.0,315.6923076923077,13.0,976.8153846153843,363.4384615384615,4420.0,4202,5,970.0,0.9506787330316742,5962.0,2.875384615384615,13.0,95.81153846153845,44.0,2.1804763502180475,UNDEFINEDnull,UNDEFINEDnull,exp_images/images/artiste_drew_picture.jpg,IMG_07,UNDEFINEDnull,UNDEFINEDnull,UNDEFINEDnull,UNDEFINEDnull,,,,,
edf11,8,,free_viewing,,5849.0,3991.0,443.4444444444445,9.0,996.1444444444444,492.8,4405.0,4405,5,856.0,1.0,5849.0,2.805555555555556,9.0,120.84777777777781,65.33333333333333,1.538724568302274,UNDEFINEDnull,UNDEFINEDnull,exp_images/images/women_read_letter.jpg,IMG_17,UNDEFINEDnull,UNDEFINEDnull,UNDEFINEDnull,UNDEFINEDnull,,,,,
edf11,9,,free_viewing,,5831.0,4271.0,474.5555555555555,9.0,793.9666666666667,458.5888888888888,4525.0,4525,4,838.0,1.0,5831.0,2.2533333333333334,9.0,91.76666666666668,52.0,1.5434745326702108,UNDEFINEDnull,UNDEFINEDnull,exp_images/images/man_cut_shrub.jpg,IMG_04,UNDEFINEDnull,UNDEFINEDnull,UNDEFINEDnull,UNDEFINEDnull,,,,,
edf12,1,,free_viewing,,5963.0,4410.0,735.0,6.0,909.75,532.6833333333334,4791.0,4591,5,973.0,0.9582550615737842,5963.0,3.306666666666666,6.0,96.02833333333336,33.0,1.0062049304041591,UNDEFINEDnull,UNDEFINEDnull,exp_images/images/girl_baked_cake.jpg,IMG_15,UNDEFINEDnull,UNDEFINEDnull,UNDEFINEDnull,UNDEFINEDnull,,,,,
edf12,10,,free_viewing,,5684.0,4424.0,402.1818181818182,11.0,805.7545454545456,518.2909090909092,4672.0,4378,5,692.0,0.9370719178082192,5684.0,2.691818181818182,11.0,79.6581818181818,29.09090909090909,1.935256861365236,UNDEFINEDnull,UNDEFINEDnull,exp_images/images/man_cut_shrub.jpg,IMG_04,UNDEFINEDnull,UNDEFINEDnull,UNDEFINEDnull,UNDEFINEDnull,,,,,
edf12,11,,free_viewing,,5741.0,4325.0,360.41666666666674,12.0,897.3083333333334,505.51666666666665,4542.0,4542,6,749.0,1.0,5741.0,4.3933333333333335,12.0,107.93083333333333,37.5,2.0902281832433376,UNDEFINEDnull,UNDEFINEDnull,exp_images/images/girl_lighted_lamp.jpg,IMG_01,UNDEFINEDnull,UNDEFINEDnull,UNDEFINEDnull,UNDEFINEDnull,,,,,
edf12,12,,free_viewing,,5710.0,4372.0,437.2,10.0,939.76,503.0,4568.0,4568,3,718.0,1.0,5710.0,1.6060000000000003,10.0,81.73400000000002,42.4,1.7513134851138354,UNDEFINEDnull,UNDEFINEDnull,exp_images/images/boy_broke_vase.jpg,IMG_08,UNDEFINEDnull,UNDEFINEDnull,UNDEFINEDnull,UNDEFINEDnull,,,,,
edf12,13,,free_viewing,,5815.0,4277.0,356.41666666666674,12.0,975.425,577.1416666666668,4589.0,4143,4,822.0,0.90281106994988,5815.0,3.483333333333334,12.0,92.89916666666666,33.666666666666664,2.063628546861565,UNDEFINEDnull,UNDEFINEDnull,exp_images/images/driver_wash_scooter.jpg,IMG_14,UNDEFINEDnull,UNDEFINEDnull,UNDEFINEDnull,UNDEFINEDnull,,,,,
edf12,14,,free_viewing,,6090.0,4458.0,342.92307692307685,13.0,884.4076923076923,611.7307692307693,4604.0,3320,3,1398.0,0.7211120764552563,6090.0,2.9138461538461535,13.0,85.25461538461538,29.84615384615385,2.134646962233169,UNDEFINEDnull,UNDEFINEDnull,exp_images/images/child_play_tabla.jpg,IMG_11,UNDEFINEDnull,UNDEFINEDnull,UNDEFINEDnull,UNDEFINEDnull,,,,,
edf12,15,,free_viewing,,5932.0,4240.0,353.33333333333326,12.0,974.625,699.0000000000001,4414.0,4414,4,972.0,1.0,5932.0,3.5176923076923075,13.0,122.33230769230772,44.46153846153846,2.191503708698584,UNDEFINEDnull,UNDEFINEDnull,exp_images/images/boy_cut_vegetables.jpg,IMG_18,UNDEFINEDnull,UNDEFINEDnull,UNDEFINEDnull,UNDEFINEDnull,,,,,
edf12,16,,free_viewing,,5829.0,4345.0,289.6666666666667,15.0,1000.6,742.3933333333333,4502.0,3276,3,835.0,0.7276765881830297,5829.0,2.964,15.0,79.4926666666667,32.8,2.573340195573855,UNDEFINEDnull,UNDEFINEDnull,exp_images/images/women_read_letter.jpg,IMG_17,UNDEFINEDnull,UNDEFINEDnull,UNDEFINEDnull,UNDEFINEDnull,,,,,
edf12,17,,free_viewing,,6014.0,4586.0,458.6,10.0,866.2400000000001,645.2900000000002,4715.0,4715,3,1021.0,1.0,6014.0,2.1830000000000003,10.0,69.045,27.8,1.6627868307283005,UNDEFINEDnull,UNDEFINEDnull,exp_images/images/women_fold_clothes.jpg,IMG_06,UNDEFINEDnull,UNDEFINEDnull,UNDEFINEDnull,UNDEFINEDnull,,,,,
edf12,18,,free_viewing,,5843.0,4207.0,280.46666666666664,15.0,798.9733333333335,637.44,4363.0,4051,5,850.0,0.9284895713958286,5843.0,3.8593333333333337,15.0,99.29466666666669,42.0,2.5671743967140173,UNDEFINEDnull,UNDEFINEDnull,exp_images/images/girl_plant_tree.jpg,IMG_03,UNDEFINEDnull,UNDEFINEDnull,UNDEFINEDnull,UNDEFINEDnull,,,,,
edf12,19,English,sentence_audio,passive_dropped_agent,10710.0,4068.0,813.6,5.0,955.0400000000003,372.72,4872.0,4872,1,5720.0,1.0,10710.0,1.466,5.0,56.782,23.6,0.4668534080298786,exp_images/audio\ENGLISH\p_woa_letter.wav,IMG_17_E_PNA,exp_images/images/women_read_letter.jpg,IMG_17,exp_images/sentences/noagent_women_letter.jpg,STIM_107,stimuli_list_subj_12_a.csv,PNA,passive_dropped_agent,non_agent_first,agent_dropped,1.0,1.0
edf12,2,,free_viewing,,5942.0,4226.0,325.07692307692315,13.0,955.746153846154,530.8153846153847,4290.0,3906,6,950.0,0.9104895104895104,5942.0,2.185,14.0,120.19714285714285,51.0,2.3561090541905085,UNDEFINEDnull,UNDEFINEDnull,exp_images/images/boy_filled_bucket.jpg,IMG_09,UNDEFINEDnull,UNDEFINEDnull,UNDEFINEDnull,UNDEFINEDnull,,,,,
edf12,20,English,sentence_audio,passive_dropped_agent,10560.0,4282.0,535.25,8.0,1057.825,639.3,4424.0,4020,4,5568.0,0.9086799276672696,10560.0,4.84875,8.0,159.42749999999995,71.0,0.7575757575757576,exp_images/audio\ENGLISH\p_woa_bucket.wav,IMG_09_E_PNA,exp_images/images/boy_filled_bucket.jpg,IMG_09,exp_images/sentences/noagent_boy_bucket.jpg,STIM_99,stimuli_list_subj_12_a.csv,PNA,passive_dropped_agent,non_agent_first,agent_dropped,1.0,1.0
edf12,21,English,sentence_audio,passive_dropped_agent,11013.0,4479.0,447.9,10.0,906.47,593.79,4606.0,4606,3,6021.0,1.0,11013.0,1.831,10.0,89.48899999999999,38.6,0.908017797148824,exp_images/audio\ENGLISH\p_woa_clothes.wav,IMG_06_E_PNA,exp_images/images/women_fold_clothes.jpg,IMG_06,exp_images/sentences/noagent_woman_clothes.jpg,STIM_96,stimuli_list_subj_12_a.csv,PNA,passive_dropped_agent,non_agent_first,agent_dropped,1.0,1.0
edf12,22,Punjabi,sentence_audio,active,11197.0,4463.0,557.875,8.0,912.6749999999997,434.5875,4615.0,4405,5,6204.0,0.9544962080173348,11197.0,1.32375,8.0,97.46124999999998,47.25,0.7144770920782353,exp_images/audio\PUNJABI\door.wav,IMG_10_P_ACT,exp_images/images/boy_opened_door.jpg,IMG_10,exp_images/sentences/Closed-door.jpg,STIM_10,stimuli_list_subj_12_a.csv,ACT,active,agent_first,agent_overt,0.0,
edf12,23,Punjabi,sentence_audio,active,10441.0,4597.0,510.77777777777777,9.0,763.2222222222223,498.1777777777778,4748.0,4748,3,5449.0,1.0,10441.0,2.1577777777777776,9.0,74.04333333333334,27.11111111111111,0.8619863997701369,exp_images/audio\PUNJABI\lamp.wav,IMG_01_P_ACT,exp_images/images/girl_lighted_lamp.jpg,IMG_01,exp_images/sentences/Lamp.jpg,STIM_01,stimuli_list_subj_12_a.csv,ACT,active,agent_first,agent_overt,0.0,
edf12,24,Punjabi,sentence_audio,active,10867.0,4015.0,286.7857142857143,14.0,884.0571428571429,398.28571428571433,4364.0,4364,7,5875.0,1.0,10867.0,3.692857142857144,14.0,112.51285714285713,44.85714285714285,1.2883040397533816,exp_images/audio\PUNJABI\scooter.wav,IMG_14_P_ACT,exp_images/images/driver_wash_scooter.jpg,IMG_14,exp_images/sentences/Washed-scooter.jpg,STIM_14,stimuli_list_subj_12_a.csv,ACT,active,agent_first,agent_overt,0.0,
edf12,25,Punjabi,sentence_audio,passive,10535.0,4649.0,464.9,10.0,1032.5000000000002,441.15,4674.0,4674,6,5543.0,1.0,10535.0,2.88,10.0,83.70100000000001,31.8,0.94921689606075,exp_images/audio\PUNJABI\p_box.wav,IMG_05_P_PWA,exp_images/images/man_pushed_box.jpg,IMG_05,exp_images/sentences/Pushed-box-passive.jpg,STIM_23,stimuli_list_subj_12_a.csv,PWA,passive_with_agent,non_agent_first,agent_overt,1.0,0.0
edf12,26,Punjabi,sentence_audio,passive,11072.0,3978.0,265.2,15.0,910.0466666666667,615.2466666666667,4123.0,2829,5,6079.0,0.6861508610235265,11072.0,3.4,15.0,117.57333333333334,58.0,1.3547687861271678,exp_images/audio\PUNJABI\p_sapling.wav,IMG_03_P_PWA,exp_images/images/girl_plant_tree.jpg,IMG_03,exp_images/sentences/Sapling-passive.jpg,STIM_21,stimuli_list_subj_12_a.csv,PWA,passive_with_agent,non_agent_first,agent_overt,1.0,0.0
edf12,27,Punjabi,sentence_audio,passive,10482.0,4204.0,323.38461538461536,13.0,883.6999999999998,526.2153846153847,4414.0,4414,6,5490.0,1.0,10482.0,2.82,13.0,94.18692307692308,44.46153846153846,1.2402213318069069,exp_images/audio\PUNJABI\p_shrub.wav,IMG_04_P_PWA,exp_images/images/man_cut_shrub.jpg,IMG_04,exp_images/sentences/Shrub-passive.jpg,STIM_22,stimuli_list_subj_12_a.csv,PWA,passive_with_agent,non_agent_first,agent_overt,1.0,0.0
edf12,28,Punjabi,sentence_audio,passive_dropped_agent,10233.0,4485.0,320.35714285714283,14.0,1026.357142857143,743.0285714285716,4534.0,4240,4,5241.0,0.9351565946184384,10233.0,3.138571428571429,14.0,88.38214285714287,32.714285714285715,1.3681227401544025,exp_images/audio\PUNJABI\p_woa_dug.wav,IMG_13_P_PNA,exp_images/images/dog_dug_hole.jpg,IMG_13,exp_images/sentences/Dog-dug-woa.jpg,STIM_49,stimuli_list_subj_12_a.csv,PNA,passive_dropped_agent,non_agent_first,agent_dropped,1.0,1.0
edf12,29,Punjabi,sentence_audio,passive_dropped_agent,11059.0,4307.0,331.3076923076923,13.0,1075.2153846153847,348.0538461538462,4459.0,4307,3,6254.0,0.9659116393810272,11059.0,2.4230769230769234,13.0,102.18692307692308,41.07692307692308,1.1755131567049464,exp_images/audio\PUNJABI\p_woa_frisbee.wav,IMG_12_P_PNA,exp_images/images/child_throw_frisbee.jpg,IMG_12,exp_images/sentences/Frisbee-woa.jpg,STIM_48,stimuli_list_subj_12_a.csv,PNA,passive_dropped_agent,non_agent_first,agent_dropped,1.0,1.0
edf12,3,,free_viewing,,5793.0,4561.0,506.77777777777777,9.0,1070.522222222222,497.8777777777778,4713.0,4561,5,980.0,0.967748779970295,5793.0,3.17,9.0,87.81111111111109,31.11111111111111,1.5535991714137751,UNDEFINEDnull,UNDEFINEDnull,exp_images/images/girl_opened_window.jpg,IMG_02,UNDEFINEDnull,UNDEFINEDnull,UNDEFINEDnull,UNDEFINEDnull,,,,,
edf12,30,Punjabi,sentence_audio,passive_dropped_agent,10889.0,4381.0,273.8125,16.0,882.71875,485.86250000000007,4534.0,4063,4,6072.0,0.896118217909131,10889.0,2.589375,16.0,72.269375,28.625,1.4693727615024337,exp_images/audio\PUNJABI\p_woa_tabla.wav,IMG_11_P_PNA,exp_images/images/child_play_tabla.jpg,IMG_11,exp_images/sentences/Tabla-woa.jpg,STIM_47,stimuli_list_subj_12_a.csv,PNA,passive_dropped_agent,non_agent_first,agent_dropped,1.0,1.0
edf12,31,English,sentence_audio,active,10908.0,4264.0,328.0,13.0,917.5,326.72307692307703,4424.0,3854,5,5916.0,0.8711573236889693,10908.0,2.7053846153846144,13.0,98.58153846153849,43.69230769230769,1.1917858452511918,exp_images/audio\ENGLISH\picture.wav,IMG_07_E_ACT,exp_images/images/artiste_drew_picture.jpg,IMG_07,exp_images/sentences/active_artist_picture.jpg,STIM_61,stimuli_list_subj_12_a.csv,ACT,active,agent_first,agent_overt,0.0,
edf12,32,English,sentence_audio,active,10840.0,3858.0,321.5,12.0,907.75,548.2916666666667,4221.0,2934,6,6236.0,0.6950959488272921,10840.0,2.160769230769231,13.0,108.12461538461538,60.769230769230774,1.1992619926199262,exp_images/audio\ENGLISH\cake.wav,IMG_15_E_ACT,exp_images/images/girl_baked_cake.jpg,IMG_15,exp_images/sentences/active_girl_cake.jpg,STIM_69,stimuli_list_subj_12_a.csv,ACT,active,agent_first,agent_overt,0.0,
edf12,33,English,sentence_audio,active,10591.0,4367.0,436.7,10.0,985.33,483.27,4544.0,4410,4,5599.0,0.9705105633802816,10591.0,2.63,10.0,115.20000000000002,44.8,0.9441979038806536,exp_images/audio\ENGLISH\window.wav,IMG_02_E_ACT,exp_images/images/girl_opened_window.jpg,IMG_02,exp_images/sentences/active_girl_window.jpg,STIM_56,stimuli_list_subj_12_a.csv,ACT,active,agent_first,agent_overt,0.0,
edf12,34,English,sentence_audio,passive,10608.0,4146.0,318.92307692307685,13.0,844.3307692307692,607.6538461538461,4313.0,3419,5,5615.0,0.7927196846742407,10608.0,3.413076923076924,13.0,100.5153846153846,52.30769230769231,1.2254901960784312,exp_images/audio\ENGLISH\p_fed.wav,IMG_16_E_PWA,exp_images/images/girl_fed_dog.jpg,IMG_16,exp_images/sentences/passive_girl_dog.jpg,STIM_88,stimuli_list_subj_12_a.csv,PWA,passive_with_agent,non_agent_first,agent_overt,1.0,0.0
edf12,35,English,sentence_audio,passive,10524.0,4274.0,610.5714285714286,7.0,921.7,614.2571428571429,4527.0,4527,4,5531.0,1.0,10524.0,3.74375,8.0,132.17624999999998,59.5,0.7601672367920943,exp_images/audio\ENGLISH\p_veg.wav,IMG_18_E_PWA,exp_images/images/boy_cut_vegetables.jpg,IMG_18,exp_images/sentences/passive_boy_vegetables.jpg,STIM_90,stimuli_list_subj_12_a.csv,PWA,passive_with_agent,non_agent_first,agent_overt,1.0,0.0
edf12,36,English,sentence_audio,passive,10564.0,3874.0,322.8333333333333,12.0,597.2666666666668,504.55,4128.0,3576,4,5572.0,0.8662790697674418,10564.0,8.998333333333333,12.0,145.49666666666667,72.0,1.1359333585762972,exp_images/audio\ENGLISH\p_vase.wav,IMG_08_E_PWA,exp_images/images/boy_broke_vase.jpg,IMG_08,exp_images/sentences/passive_boy_vase.jpg,STIM_80,stimuli_list_subj_12_a.csv,PWA,passive_with_agent,non_agent_first,agent_overt,1.0,0.0
edf12,4,,free_viewing,,6075.0,4549.0,649.8571428571429,7.0,927.1,673.7428571428571,4786.0,3895,3,1083.0,0.813832010029252,6075.0,2.654285714285714,7.0,75.95142857142856,29.42857142857143,1.1522633744855966,UNDEFINEDnull,UNDEFINEDnull,exp_images/images/girl_fed_dog.jpg,IMG_16,UNDEFINEDnull,UNDEFINEDnull,UNDEFINEDnull,UNDEFINEDnull,,,,,
edf12,5,,free_viewing,,5955.0,4321.0,332.38461538461536,13.0,1008.3692307692309,352.77692307692297,4477.0,4371,7,962.0,0.9763234308688854,5955.0,2.01,13.0,89.98923076923077,39.692307692307686,2.18303946263644,UNDEFINEDnull,UNDEFINEDnull,exp_images/images/man_pushed_box.jpg,IMG_05,UNDEFINEDnull,UNDEFINEDnull,UNDEFINEDnull,UNDEFINEDnull,,,,,
edf12,6,,free_viewing,,5966.0,4334.0,254.94117647058826,17.0,1052.994117647059,475.85882352941184,4473.0,3090,5,1142.0,0.6908115358819584,5966.0,3.0882352941176467,17.0,87.59294117647059,30.588235294117645,2.8494803888702647,UNDEFINEDnull,UNDEFINEDnull,exp_images/images/child_throw_frisbee.jpg,IMG_12,UNDEFINEDnull,UNDEFINEDnull,UNDEFINEDnull,UNDEFINEDnull,,,,,
edf12,7,,free_viewing,,5968.0,4536.0,567.0,8.0,927.05,480.2625,4680.0,4680,3,976.0,1.0,5968.0,1.20375,8.0,101.42125,39.0,1.3404825737265416,UNDEFINEDnull,UNDEFINEDnull,exp_images/images/boy_opened_door.jpg,IMG_10,UNDEFINEDnull,UNDEFINEDnull,UNDEFINEDnull,UNDEFINEDnull,,,,,
edf12,8,,free_viewing,,6010.0,4466.0,406.0,11.0,922.8454545454547,725.6818181818181,4632.0,4020,5,1018.0,0.8678756476683938,6010.0,2.9258333333333333,12.0,89.22500000000002,31.0,1.9966722129783692,UNDEFINEDnull,UNDEFINEDnull,exp_images/images/dog_dug_hole.jpg,IMG_13,UNDEFINEDnull,UNDEFINEDnull,UNDEFINEDnull,UNDEFINEDnull,,,,,
edf12,9,,free_viewing,,5813.0,4253.0,327.15384615384613,13.0,854.2615384615384,361.4846153846154,4460.0,4460,5,821.0,1.0,5813.0,2.6223076923076927,13.0,121.46615384615387,40.92307692307692,2.236366764149321,UNDEFINEDnull,UNDEFINEDnull,exp_images/images/artiste_drew_picture.jpg,IMG_07,UNDEFINEDnull,UNDEFINEDnull,UNDEFINEDnull,UNDEFINEDnull,,,,,
edf13,1,,free_viewing,,5668.0,4132.0,196.76190476190484,21.0,1081.9809523809522,495.23333333333335,4314.0,4070,5,880.0,0.9434399629114508,5668.0,3.0576190476190472,21.0,82.49380952380953,32.285714285714285,3.7050105857445312,UNDEFINEDnull,UNDEFINEDnull,exp_images/images/girl_opened_window.jpg,IMG_02,UNDEFINEDnull,UNDEFINEDnull,UNDEFINEDnull,UNDEFINEDnull,,,,,
edf13,10,,free_viewing,,5856.0,3568.0,237.86666666666667,15.0,988.3533333333332,653.3266666666666,4016.0,3760,4,864.0,0.9362549800796812,5856.0,4.4575,16.0,146.51625,62.125,2.7322404371584703,UNDEFINEDnull,UNDEFINEDnull,exp_images/images/women_read_letter.jpg,IMG_17,UNDEFINEDnull,UNDEFINEDnull,UNDEFINEDnull,UNDEFINEDnull,,,,,
edf13,11,,free_viewing,,5964.0,4224.0,301.7142857142857,14.0,827.5714285714283,483.08571428571435,4457.0,4457,5,971.0,1.0,5964.0,4.36,14.0,99.86857142857141,38.285714285714285,2.3474178403755865,UNDEFINEDnull,UNDEFINEDnull,exp_images/images/artiste_drew_picture.jpg,IMG_07,UNDEFINEDnull,UNDEFINEDnull,UNDEFINEDnull,UNDEFINEDnull,,,,,
edf13,12,,free_viewing,,5653.0,4121.0,242.41176470588238,17.0,1039.3470588235298,546.135294117647,4344.0,3221,7,922.0,0.7414825046040515,5653.0,4.293529411764705,17.0,98.38470588235296,38.117647058823536,3.007252786131258,UNDEFINEDnull,UNDEFINEDnull,exp_images/images/child_throw_frisbee.jpg,IMG_12,UNDEFINEDnull,UNDEFINEDnull,UNDEFINEDnull,UNDEFINEDnull,,,,,
edf13,13,,free_viewing,,6022.0,4324.0,1441.333333333333,3.0,926.5,489.83333333333326,4893.0,4893,3,1029.0,1.0,6022.0,3.35,3.0,98.99333333333334,33.333333333333336,0.4981733643307871,UNDEFINEDnull,UNDEFINEDnull,exp_images/images/boy_filled_bucket.jpg,IMG_09,UNDEFINEDnull,UNDEFINEDnull,UNDEFINEDnull,UNDEFINEDnull,,,,,
edf13,14,,free_viewing,,5997.0,3782.0,236.375,16.0,959.38125,538.74375,4043.0,4043,4,1005.0,1.0,5997.0,3.810000000000001,17.0,156.23294117647058,56.941176470588225,2.8347507086876766,UNDEFINEDnull,UNDEFINEDnull,exp_images/images/man_cut_shrub.jpg,IMG_04,UNDEFINEDnull,UNDEFINEDnull,UNDEFINEDnull,UNDEFINEDnull,,,,,
edf13,15,,free_viewing,,5965.0,4196.0,246.82352941176467,17.0,1000.3117647058824,511.12941176470594,4357.0,4357,6,973.0,1.0,5965.0,2.8405882352941174,17.0,127.10055555555556,36.0,2.8499580888516345,UNDEFINEDnull,UNDEFINEDnull,exp_images/images/boy_opened_door.jpg,IMG_10,UNDEFINEDnull,UNDEFINEDnull,UNDEFINEDnull,UNDEFINEDnull,,,,,
edf13,16,,free_viewing,,5764.0,4200.0,233.33333333333331,18.0,982.7722222222225,709.8833333333334,4479.0,4479,4,771.0,1.0,5764.0,2.612222222222222,18.0,74.35222222222222,28.555555555555557,3.1228313671061763,UNDEFINEDnull,UNDEFINEDnull,exp_images/images/boy_cut_vegetables.jpg,IMG_18,UNDEFINEDnull,UNDEFINEDnull,UNDEFINEDnull,UNDEFINEDnull,,,,,
edf13,17,,free_viewing,,6057.0,3683.0,245.53333333333333,15.0,948.16,508.6533333333333,3881.0,3881,7,1064.0,1.0,6057.0,2.8960000000000004,15.0,193.74266666666665,74.13333333333334,2.4764735017335306,UNDEFINEDnull,UNDEFINEDnull,exp_images/images/women_fold_clothes.jpg,IMG_06,UNDEFINEDnull,UNDEFINEDnull,UNDEFINEDnull,UNDEFINEDnull,,,,,
edf13,18,,free_viewing,,5694.0,3946.0,232.11764705882354,17.0,913.1176470588236,643.5294117647059,4088.0,3142,5,874.0,0.7685909980430529,5694.0,4.377222222222224,18.0,118.88722222222219,51.22222222222222,3.161222339304531,UNDEFINEDnull,UNDEFINEDnull,exp_images/images/girl_fed_dog.jpg,IMG_16,UNDEFINEDnull,UNDEFINEDnull,UNDEFINEDnull,UNDEFINEDnull,,,,,
edf13,19,Punjabi,sentence_audio,active,10467.0,3837.0,239.8125,16.0,890.1625000000003,615.48125,4013.0,3216,5,5684.0,0.8013954647395963,10467.0,3.7425,16.0,139.794375,61.25,1.5286137384159741,exp_images/audio\PUNJABI\tabla.wav,IMG_11_P_ACT,exp_images/images/child_play_tabla.jpg,IMG_11,exp_images/sentences/Tabla.jpg,STIM_11,stimuli_list_subj_1_b.csv,ACT,active,agent_first,agent_overt,0.0,
edf13,2,,free_viewing,,5687.0,4083.0,194.42857142857144,21.0,990.4190476190477,573.1190476190478,4292.0,3764,5,695.0,0.8769804287045666,5687.0,3.8428571428571434,21.0,98.37238095238096,33.333333333333336,3.692632319324776,UNDEFINEDnull,UNDEFINEDnull,exp_images/images/driver_wash_scooter.jpg,IMG_14,UNDEFINEDnull,UNDEFINEDnull,UNDEFINEDnull,UNDEFINEDnull,,,,,
edf13,20,Punjabi,sentence_audio,active,10831.0,3951.0,263.4,15.0,867.2866666666665,520.9933333333332,4106.0,4106,8,5839.0,1.0,10831.0,3.1833333333333327,15.0,185.20333333333335,59.06666666666667,1.3849136737143386,exp_images/audio\PUNJABI\door.wav,IMG_10_P_ACT,exp_images/images/boy_opened_door.jpg,IMG_10,exp_images/sentences/Closed-door.jpg,STIM_10,stimuli_list_subj_1_b.csv,ACT,active,agent_first,agent_overt,0.0,
edf13,21,Punjabi,sentence_audio,active,11070.0,4328.0,541.0,8.0,966.025,550.525,4518.0,4518,4,6078.0,1.0,11070.0,2.532222222222222,9.0,135.82555555555555,54.0,0.8130081300813008,exp_images/audio\PUNJABI\bucket.wav,IMG_09_P_ACT,exp_images/images/boy_filled_bucket.jpg,IMG_09,exp_images/sentences/Bucket.jpg,STIM_09,stimuli_list_subj_1_b.csv,ACT,active,agent_first,agent_overt,0.0,
edf13,22,Punjabi,sentence_audio,passive,10676.0,3840.0,240.0,16.0,915.00625,675.4312499999999,4002.0,2882,8,5684.0,0.7201399300349826,10676.0,4.28375,16.0,156.90062500000005,61.875,1.4986886474334955,exp_images/audio\PUNJABI\p_fed.wav,IMG_16_P_PWA,exp_images/images/girl_fed_dog.jpg,IMG_16,exp_images/sentences/Fed-dog-passive.jpg,STIM_34,stimuli_list_subj_1_b.csv,PWA,passive_with_agent,non_agent_first,agent_overt,1.0,0.0
edf13,23,Punjabi,sentence_audio,passive,10992.0,3914.0,260.93333333333334,15.0,773.3533333333331,551.1133333333332,4042.0,3702,6,6000.0,0.9158832261256804,10992.0,7.862000000000001,15.0,158.31,63.33333333333334,1.3646288209606985,exp_images/audio\PUNJABI\p_scooter.wav,IMG_14_P_PWA,exp_images/images/driver_wash_scooter.jpg,IMG_14,exp_images/sentences/Washed-scooter-passive.jpg,STIM_32,stimuli_list_subj_1_b.csv,PWA,passive_with_agent,non_agent_first,agent_overt,1.0,0.0
edf13,24,Punjabi,sentence_audio,passive,10617.0,3715.0,265.35714285714283,14.0,850.9857142857143,518.0214285714285,3926.0,3926,9,5623.0,1.0,10617.0,4.512857142857143,14.0,162.98285714285714,76.28571428571429,1.318639917114062,exp_images/audio\PUNJABI\p_picture.wav,IMG_07_P_PWA,exp_images/images/artiste_drew_picture.jpg,IMG_07,exp_images/sentences/Painting-passive.jpg,STIM_25,stimuli_list_subj_1_b.csv,PWA,passive_with_agent,non_agent_first,agent_overt,1.0,0.0
edf13,25,Punjabi,sentence_audio,passive_dropped_agent,10808.0,4392.0,366.0,12.0,809.1750000000002,504.60833333333335,4576.0,4240,9,5816.0,0.9265734265734266,10808.0,3.453333333333333,12.0,95.59250000000002,34.666666666666664,1.1102886750555143,exp_images/audio\PUNJABI\p_woa_sapling.wav,IMG_03_P_PNA,exp_images/images/girl_plant_tree.jpg,IMG_03,exp_images/sentences/Sapling-woa.jpg,STIM_39,stimuli_list_subj_1_b.csv,PNA,passive_dropped_agent,non_agent_first,agent_dropped,1.0,1.0
edf13,26,Punjabi,sentence_audio,passive_dropped_agent,10697.0,4069.0,290.64285714285717,14.0,1003.7357142857144,462.59285714285716,4222.0,3861,6,5890.0,0.9144954997631456,10697.0,3.772142857142857,14.0,120.41,55.0,1.3087781621015242,exp_images/audio\PUNJABI\p_woa_frisbee.wav,IMG_12_P_PNA,exp_images/images/child_throw_frisbee.jpg,IMG_12,exp_images/sentences/Frisbee-woa.jpg,STIM_48,stimuli_list_subj_1_b.csv,PNA,passive_dropped_agent,non_agent_first,agent_dropped,1.0,1.0
edf13,27,Punjabi,sentence_audio,passive_dropped_agent,11061.0,3791.0,252.7333333333333,15.0,820.64,445.9266666666666,4026.0,4026,6,6069.0,1.0,11061.0,2.28,15.0,142.79199999999997,64.4,1.3561160835367507,exp_images/audio\PUNJABI\p_woa_vase.wav,IMG_08_P_PNA,exp_images/images/boy_broke_vase.jpg,IMG_08,exp_images/sentences/Vase-woa.jpg,STIM_44,stimuli_list_subj_1_b.csv,PNA,passive_dropped_agent,non_agent_first,agent_dropped,1.0,1.0
edf13,28,English,sentence_audio,active,11192.0,3484.0,232.26666666666668,15.0,941.8333333333336,448.52,3831.0,3699,7,6199.0,0.9655442443226312,11192.0,4.160666666666667,15.0,174.9226666666667,77.46666666666667,1.34024303073624,exp_images/audio\ENGLISH\box.wav,IMG_05_E_ACT,exp_images/images/man_pushed_box.jpg,IMG_05,exp_images/sentences/active_man_box.jpg,STIM_59,stimuli_list_subj_1_b.csv,ACT,active,agent_first,agent_overt,0.0,
edf13,29,English,sentence_audio,active,10368.0,4690.0,1172.5,4.0,810.8,532.725,4868.0,3062,3,5376.0,0.6290057518488086,10368.0,2.825,4.0,87.82249999999998,31.0,0.3858024691358025,exp_images/audio\ENGLISH\shrub.wav,IMG_04_E_ACT,exp_images/images/man_cut_shrub.jpg,IMG_04,exp_images/sentences/active_man_shrub.jpg,STIM_58,stimuli_list_subj_1_b.csv,ACT,active,agent_first,agent_overt,0.0,
edf13,3,,free_viewing,,5973.0,4221.0,234.5,18.0,954.9500000000003,516.7611111111112,4272.0,3912,8,981.0,0.9157303370786516,5973.0,2.597777777777777,18.0,110.61555555555556,40.0,3.0135610246107483,UNDEFINEDnull,UNDEFINEDnull,exp_images/images/girl_baked_cake.jpg,IMG_15,UNDEFINEDnull,UNDEFINEDnull,UNDEFINEDnull,UNDEFINEDnull,,,,,
edf13,30,English,sentence_audio,active,10505.0,3273.0,204.5625,16.0,1089.4,470.84375000000006,4147.0,4147,4,5512.0,1.0,10505.0,2.47625,16.0,97.1025,52.875,1.5230842455973346,exp_images/audio\ENGLISH\window.wav,IMG_02_E_ACT,exp_images/images/girl_opened_window.jpg,IMG_02,exp_images/sentences/active_girl_window.jpg,STIM_56,stimuli_list_subj_1_b.csv,ACT,active,agent_first,agent_overt,0.0,
edf13,31,English,sentence_audio,passive,10597.0,4607.0,658.1428571428571,7.0,1082.3714285714286,722.0,4769.0,4769,4,5604.0,1.0,10597.0,3.028571428571428,7.0,89.79428571428572,32.0,0.6605643106539587,exp_images/audio\ENGLISH\p_dug.wav,IMG_13_E_PWA,exp_images/images/dog_dug_hole.jpg,IMG_13,exp_images/sentences/passive_dog_hole.jpg,STIM_85,stimuli_list_subj_1_b.csv,PWA,passive_with_agent,non_agent_first,agent_overt,1.0,0.0
edf13,32,English,sentence_audio,passive,10267.0,4015.0,250.9375,16.0,965.4562499999997,621.88125,4185.0,3493,6,5484.0,0.8346475507765829,10267.0,2.4,16.0,84.101875,50.5,1.5583909613324245,exp_images/audio\ENGLISH\p_veg.wav,IMG_18_E_PWA,exp_images/images/boy_cut_vegetables.jpg,IMG_18,exp_images/sentences/passive_boy_vegetables.jpg,STIM_90,stimuli_list_subj_1_b.csv,PWA,passive_with_agent,non_agent_first,agent_overt,1.0,0.0
edf13,35,English,sentence_audio,passive_dropped_agent,11040.0,3740.0,311.6666666666667,12.0,961.7166666666667,469.6583333333333,3954.0,3954,3,6048.0,1.0,11040.0,2.3969230769230774,13.0,202.24461538461537,80.76923076923076,1.1775362318840579,exp_images/audio\ENGLISH\p_woa_letter.wav,IMG_17_E_PNA,exp_images/images/women_read_letter.jpg,IMG_17,exp_images/sentences/noagent_women_letter.jpg,STIM_107,stimuli_list_subj_1_b.csv,PNA,passive_dropped_agent,non_agent_first,agent_dropped,1.0,1.0
edf13,36,English,sentence_audio,passive_dropped_agent,10212.0,3902.0,216.77777777777774,18.0,960.7722222222225,455.10555555555567,4062.0,3884,7,5220.0,0.9561792220580996,10212.0,2.6766666666666663,18.0,141.21500000000003,51.66666666666666,1.7626321974148065,exp_images/audio\ENGLISH\p_woa_lamp.wav,IMG_01_E_PNA,exp_images/images/girl_lighted_lamp.jpg,IMG_01,exp_images/sentences/noagent_girl_lamp.jpg,STIM_91,stimuli_list_subj_1_b.csv,PNA,passive_dropped_agent,non_agent_first,agent_dropped,1.0,1.0
edf13,4,,free_viewing,,6011.0,4169.0,189.5,22.0,969.5227272727273,651.6454545454546,4298.0,2604,5,1184.0,0.6058631921824105,6011.0,2.727727272727272,22.0,78.0177272727273,31.54545454545455,3.6599567459657294,UNDEFINEDnull,UNDEFINEDnull,exp_images/images/child_play_tabla.jpg,IMG_11,UNDEFINEDnull,UNDEFINEDnull,UNDEFINEDnull,UNDEFINEDnull,,,,,
edf13,5,,free_viewing,,5895.0,4363.0,207.76190476190484,21.0,887.0619047619049,512.5571428571427,4423.0,4081,5,902.0,0.9226769161202804,5895.0,2.0166666666666666,21.0,67.5352380952381,27.142857142857146,3.5623409669211203,UNDEFINEDnull,UNDEFINEDnull,exp_images/images/boy_broke_vase.jpg,IMG_08,UNDEFINEDnull,UNDEFINEDnull,UNDEFINEDnull,UNDEFINEDnull,,,,,
edf13,6,,free_viewing,,6102.0,4136.0,217.68421052631575,19.0,907.7631578947368,560.0684210526316,4332.0,3736,6,1110.0,0.8624192059095106,6102.0,3.4957894736842103,19.0,91.09736842105262,34.736842105263165,3.1137332022287767,UNDEFINEDnull,UNDEFINEDnull,exp_images/images/girl_lighted_lamp.jpg,IMG_01,UNDEFINEDnull,UNDEFINEDnull,UNDEFINEDnull,UNDEFINEDnull,,,,,
edf13,7,,free_viewing,,5793.0,4278.0,213.9,20.0,938.555,711.9850000000001,4351.0,3375,6,801.0,0.7756837508618708,5793.0,3.0728571428571434,21.0,89.24428571428572,31.42857142857143,3.6250647332988084,UNDEFINEDnull,UNDEFINEDnull,exp_images/images/dog_dug_hole.jpg,IMG_13,UNDEFINEDnull,UNDEFINEDnull,UNDEFINEDnull,UNDEFINEDnull,,,,,
edf13,8,,free_viewing,,5793.0,4171.0,208.55,20.0,843.95,588.43,4354.0,3080,5,801.0,0.707395498392283,5793.0,3.1985,20.0,86.012,31.9,3.4524426031417232,UNDEFINEDnull,UNDEFINEDnull,exp_images/images/girl_plant_tree.jpg,IMG_03,UNDEFINEDnull,UNDEFINEDnull,UNDEFINEDnull,UNDEFINEDnull,,,,,
edf13,9,,free_viewing,,6021.0,3963.0,220.16666666666663,18.0,1039.4444444444443,456.14999999999986,4179.0,3755,7,1028.0,0.8985403206508734,6021.0,3.565555555555555,18.0,116.28388888888891,45.22222222222222,2.989536621823617,UNDEFINEDnull,UNDEFINEDnull,exp_images/images/man_pushed_box.jpg,IMG_05,UNDEFINEDnull,UNDEFINEDnull,UNDEFINEDnull,UNDEFINEDnull,,,,,
edf14,1,,free_viewing,,6001.0,4443.0,317.35714285714283,14.0,926.9214285714287,554.2642857142856,4644.0,4644,3,1009.0,1.0,6001.0,1.6200000000000003,14.0,61.25142857142857,24.857142857142854,2.3329445092484584,UNDEFINEDnull,UNDEFINEDnull,exp_images/images/boy_broke_vase.jpg,IMG_08,UNDEFINEDnull,UNDEFINEDnull,UNDEFINEDnull,UNDEFINEDnull,,,,,
edf14,10,,free_viewing,,5939.0,4185.0,279.0,15.0,921.4066666666668,698.4200000000002,4344.0,2726,7,947.0,0.6275322283609577,5939.0,3.2160000000000006,15.0,107.47866666666668,43.2,2.5256777235224783,UNDEFINEDnull,UNDEFINEDnull,exp_images/images/girl_fed_dog.jpg,IMG_16,UNDEFINEDnull,UNDEFINEDnull,UNDEFINEDnull,UNDEFINEDnull,,,,,
edf14,11,,free_viewing,,5672.0,3966.0,283.2857142857143,14.0,982.9071428571428,451.4,4237.0,4237,4,679.0,1.0,5672.0,2.261428571428572,14.0,108.76142857142857,54.0,2.4682651622002822,UNDEFINEDnull,UNDEFINEDnull,exp_images/images/women_fold_clothes.jpg,IMG_06,UNDEFINEDnull,UNDEFINEDnull,UNDEFINEDnull,UNDEFINEDnull,,,,,
edf14,12,,free_viewing,,5720.0,4180.0,232.22222222222226,18.0,936.6333333333334,563.5111111111112,4396.0,4396,4,728.0,1.0,5720.0,3.2216666666666662,18.0,89.55777777777777,33.111111111111114,3.146853146853147,UNDEFINEDnull,UNDEFINEDnull,exp_images/images/girl_lighted_lamp.jpg,IMG_01,UNDEFINEDnull,UNDEFINEDnull,UNDEFINEDnull,UNDEFINEDnull,,,,,
edf14,13,,free_viewing,,5889.0,4161.0,260.0625,16.0,956.2375,754.41875,4302.0,4048,5,897.0,0.9409576940957696,5889.0,2.51375,16.0,92.0175,43.125,2.71692986924775,UNDEFINEDnull,UNDEFINEDnull,exp_images/images/boy_cut_vegetables.jpg,IMG_18,UNDEFINEDnull,UNDEFINEDnull,UNDEFINEDnull,UNDEFINEDnull,,,,,
edf14,14,,free_viewing,,5781.0,4103.0,227.94444444444446,18.0,900.811111111111,735.0166666666668,4259.0,3119,6,788.0,0.7323315332237614,5781.0,3.3272222222222223,18.0,107.24388888888892,40.77777777777778,3.1136481577581736,UNDEFINEDnull,UNDEFINEDnull,exp_images/images/dog_dug_hole.jpg,IMG_13,UNDEFINEDnull,UNDEFINEDnull,UNDEFINEDnull,UNDEFINEDnull,,,,,
edf14,15,,free_viewing,,5666.0,4020.0,251.25,16.0,946.7999999999997,590.375,4066.0,3750,3,674.0,0.9222823413674373,5666.0,4.19,16.0,129.27125,57.875,2.823861630780092,UNDEFINEDnull,UNDEFINEDnull,exp_images/images/driver_wash_scooter.jpg,IMG_14,UNDEFINEDnull,UNDEFINEDnull,UNDEFINEDnull,UNDEFINEDnull,,,,,
edf14,16,,free_viewing,,6066.0,4126.0,275.06666666666666,15.0,1009.6666666666667,446.31333333333333,4286.0,4286,6,1074.0,1.0,6066.0,3.265333333333333,15.0,111.714,47.06666666666667,2.4727992087042527,UNDEFINEDnull,UNDEFINEDnull,exp_images/images/man_pushed_box.jpg,IMG_05,UNDEFINEDnull,UNDEFINEDnull,UNDEFINEDnull,UNDEFINEDnull,,,,,
edf14,17,,free_viewing,,6112.0,4136.0,258.5,16.0,1001.15625,500.24375,4266.0,3928,5,1556.0,0.9207688701359588,6112.0,4.144705882352942,17.0,109.97058823529413,43.88235294117647,2.7814136125654447,UNDEFINEDnull,UNDEFINEDnull,exp_images/images/girl_opened_window.jpg,IMG_02,UNDEFINEDnull,UNDEFINEDnull,UNDEFINEDnull,UNDEFINEDnull,,,,,
edf14,18,,free_viewing,,5907.0,4279.0,305.64285714285717,14.0,913.7357142857144,536.2785714285715,4423.0,4423,8,914.0,1.0,5907.0,2.4121428571428574,14.0,97.36142857142856,40.714285714285715,2.3700694091755543,UNDEFINEDnull,UNDEFINEDnull,exp_images/images/boy_opened_door.jpg,IMG_10,UNDEFINEDnull,UNDEFINEDnull,UNDEFINEDnull,UNDEFINEDnull,,,,,
edf14,19,Punjabi,sentence_audio,passive,10919.0,4213.0,324.07692307692315,13.0,878.1923076923074,540.1076923076922,4443.0,3697,3,6186.0,0.8320954310150799,10919.0,2.4284615384615384,13.0,96.39692307692309,42.307692307692314,1.1905852184265957,exp_images/audio\PUNJABI\p_tabla.wav,IMG_11_P_PWA,exp_images/images/child_play_tabla.jpg,IMG_11,exp_images/sentences/Tabla-passive.jpg,STIM_29,stimuli_list_subj_2_b.csv,PWA,passive_with_agent,non_agent_first,agent_overt,1.0,0.0
edf14,2,,free_viewing,,5851.0,4329.0,309.2142857142857,14.0,896.3785714285713,676.9142857142857,4562.0,2526,5,859.0,0.5537045155633494,5851.0,2.938571428571428,14.0,87.4492857142857,30.714285714285715,2.392753375491369,UNDEFINEDnull,UNDEFINEDnull,exp_images/images/girl_plant_tree.jpg,IMG_03,UNDEFINEDnull,UNDEFINEDnull,UNDEFINEDnull,UNDEFINEDnull,,,,,
edf14,20,Punjabi,sentence_audio,passive,11020.0,4292.0,306.57142857142856,14.0,876.9857142857144,598.8642857142856,4322.0,4322,6,6028.0,1.0,11020.0,2.8678571428571433,14.0,101.72785714285715,47.85714285714285,1.2704174228675136,exp_images/audio\PUNJABI\p_door.wav,IMG_10_P_PWA,exp_images/images/boy_opened_door.jpg,IMG_10,exp_images/sentences/Closed-door-passive.jpg,STIM_28,stimuli_list_subj_2_b.csv,PWA,passive_with_agent,non_agent_first,agent_overt,1.0,0.0
edf14,21,Punjabi,sentence_audio,passive,10422.0,4376.0,312.57142857142856,14.0,906.4142857142856,534.1928571428572,4631.0,4631,4,5429.0,1.0,10422.0,1.7292857142857143,14.0,63.32785714285714,25.857142857142854,1.3433122241412396,exp_images/audio\PUNJABI\p_bucket.wav,IMG_09_P_PWA,exp_images/images/boy_filled_bucket.jpg,IMG_09,exp_images/sentences/Bucket-passive.jpg,STIM_27,stimuli_list_subj_2_b.csv,PWA,passive_with_agent,non_agent_first,agent_overt,1.0,0.0
edf14,22,Punjabi,sentence_audio,passive_dropped_agent,11037.0,4193.0,381.1818181818182,11.0,1010.2,755.3272727272728,4404.0,2579,3,6286.0,0.5856039963669392,11037.0,2.7890909090909095,11.0,90.3190909090909,53.45454545454545,0.9966476397571804,exp_images/audio\PUNJABI\p_woa_fed.wav,IMG_16_P_PNA,exp_images/images/girl_fed_dog.jpg,IMG_16,exp_images/sentences/Fed-dog-woa.jpg,STIM_52,stimuli_list_subj_2_b.csv,PNA,passive_dropped_agent,non_agent_first,agent_dropped,1.0,1.0
edf14,23,Punjabi,sentence_audio,passive_dropped_agent,10334.0,4064.0,270.93333333333334,15.0,1053.313333333333,586.3666666666667,4350.0,4132,2,5342.0,0.9498850574712644,10334.0,3.068666666666666,15.0,106.552,42.8,1.451519256822141,exp_images/audio\PUNJABI\p_woa_scooter.wav,IMG_14_P_PNA,exp_images/images/driver_wash_scooter.jpg,IMG_14,exp_images/sentences/Washed-scooter-woa.jpg,STIM_50,stimuli_list_subj_2_b.csv,PNA,passive_dropped_agent,non_agent_first,agent_dropped,1.0,1.0
edf14,24,Punjabi,sentence_audio,passive_dropped_agent,10313.0,4306.0,358.83333333333326,12.0,922.2083333333335,499.0,4519.0,3895,3,5321.0,0.8619163531754813,10313.0,2.5933333333333333,12.0,95.33230769230772,37.384615384615394,1.1635799476389024,exp_images/audio\PUNJABI\p_woa_picture.wav,IMG_07_P_PNA,exp_images/images/artiste_drew_picture.jpg,IMG_07,exp_images/sentences/Painting-woa.jpg,STIM_43,stimuli_list_subj_2_b.csv,PNA,passive_dropped_agent,non_agent_first,agent_dropped,1.0,1.0
edf14,25,English,sentence_audio,active,10953.0,4171.0,347.58333333333326,12.0,804.1666666666665,603.5916666666667,4443.0,4169,4,5960.0,0.9383299572361016,10953.0,2.9525,12.0,92.45916666666666,45.83333333333334,1.0955902492467815,exp_images/audio\ENGLISH\sapling.wav,IMG_03_E_ACT,exp_images/images/girl_plant_tree.jpg,IMG_03,exp_images/sentences/active_girl_sapling.jpg,STIM_57,stimuli_list_subj_2_b.csv,ACT,active,agent_first,agent_overt,0.0,
edf14,26,English,sentence_audio,active,10395.0,4477.0,407.0,11.0,975.5545454545453,378.19090909090914,4672.0,4313,4,5628.0,0.9231592465753424,10395.0,2.6236363636363635,11.0,80.54909090909089,29.09090909090909,1.058201058201058,exp_images/audio\ENGLISH\frisbee.wav,IMG_12_E_ACT,exp_images/images/child_throw_frisbee.jpg,IMG_12,exp_images/sentences/active_child_frisbee.jpg,STIM_66,stimuli_list_subj_2_b.csv,ACT,active,agent_first,agent_overt,0.0,
edf14,27,English,sentence_audio,active,10267.0,4194.0,233.0,18.0,869.7055555555555,548.561111111111,4373.0,3777,6,5275.0,0.8637091241710496,10267.0,2.205263157894737,19.0,83.18473684210528,33.57894736842105,1.8505892665822536,exp_images/audio\ENGLISH\vase.wav,IMG_08_E_ACT,exp_images/images/boy_broke_vase.jpg,IMG_08,exp_images/sentences/active_boy_vase.jpg,STIM_62,stimuli_list_subj_2_b.csv,ACT,active,agent_first,agent_overt,0.0,
edf14,28,English,sentence_audio,passive,10589.0,4125.0,275.0,15.0,964.2666666666668,548.8333333333334,4334.0,2965,5,5597.0,0.6841255191508998,10589.0,3.532,15.0,106.884,43.86666666666667,1.4165643592407215,exp_images/audio\ENGLISH\p_box.wav,IMG_05_E_PWA,exp_images/images/man_pushed_box.jpg,IMG_05,exp_images/sentences/passive_man_box.jpg,STIM_77,stimuli_list_subj_2_b.csv,PWA,passive_with_agent,non_agent_first,agent_overt,1.0,0.0
edf14,29,English,sentence_audio,passive,10504.0,4502.0,409.27272727272725,11.0,836.1909090909091,575.2363636363636,4654.0,3710,5,5512.0,0.7971637301246239,10504.0,2.8536363636363635,11.0,86.11636363636362,30.72727272727273,1.0472201066260474,exp_images/audio\ENGLISH\p_shrub.wav,IMG_04_E_PWA,exp_images/images/man_cut_shrub.jpg,IMG_04,exp_images/sentences/passive_man_shrub.jpg,STIM_76,stimuli_list_subj_2_b.csv,PWA,passive_with_agent,non_agent_first,agent_overt,1.0,0.0
edf14,3,,free_viewing,,6024.0,4402.0,366.83333333333326,12.0,897.0083333333333,586.0333333333333,4621.0,4621,3,1031.0,1.0,6024.0,2.664166666666666,12.0,82.79166666666667,31.0,1.99203187250996,UNDEFINEDnull,UNDEFINEDnull,exp_images/images/man_cut_shrub.jpg,IMG_04,UNDEFINEDnull,UNDEFINEDnull,UNDEFINEDnull,UNDEFINEDnull,,,,,
edf14,30,English,sentence_audio,passive,10253.0,4511.0,375.91666666666674,12.0,919.4833333333332,460.54166666666663,4663.0,4663,3,5260.0,1.0,10253.0,2.3800000000000003,12.0,79.36333333333334,27.5,1.1703891543938358,exp_images/audio\ENGLISH\p_window.wav,IMG_02_E_PWA,exp_images/images/girl_opened_window.jpg,IMG_02,exp_images/sentences/passive_girl_window.jpg,STIM_74,stimuli_list_subj_2_b.csv,PWA,passive_with_agent,non_agent_first,agent_overt,1.0,0.0
edf14,31,English,sentence_audio,passive_dropped_agent,10341.0,3989.0,265.93333333333334,15.0,958.8533333333335,705.5533333333334,4350.0,3615,6,5349.0,0.8310344827586207,10341.0,2.72,15.0,97.51866666666666,42.8,1.4505366985784742,exp_images/audio\ENGLISH\p_woa_dug.wav,IMG_13_E_PNA,exp_images/images/dog_dug_hole.jpg,IMG_13,exp_images/sentences/noagent_dog_hole.jpg,STIM_103,stimuli_list_subj_2_b.csv,PNA,passive_dropped_agent,non_agent_first,agent_dropped,1.0,1.0
edf14,32,English,sentence_audio,passive_dropped_agent,10222.0,4276.0,475.11111111111114,9.0,942.8777777777775,742.9555555555555,4529.0,4285,3,5229.0,0.9461249724000884,10222.0,2.683333333333333,9.0,84.84111111111113,51.555555555555564,0.8804539229113677,exp_images/audio\ENGLISH\p_woa_veg.wav,IMG_18_E_PNA,exp_images/images/boy_cut_vegetables.jpg,IMG_18,exp_images/sentences/noagent_boy_vegetables.jpg,STIM_108,stimuli_list_subj_2_b.csv,PNA,passive_dropped_agent,non_agent_first,agent_dropped,1.0,1.0
edf14,33,English,sentence_audio,passive_dropped_agent,10566.0,4316.0,431.6,10.0,888.7700000000002,454.98,4540.0,3892,2,5830.0,0.8572687224669604,10566.0,2.048,10.0,83.885,45.2,0.9464319515426841,exp_images/audio\ENGLISH\p_woa_cake.wav,IMG_15_E_PNA,exp_images/images/girl_baked_cake.jpg,IMG_15,exp_images/sentences/noagent_girl_cake.jpg,STIM_105,stimuli_list_subj_2_b.csv,PNA,passive_dropped_agent,non_agent_first,agent_dropped,1.0,1.0
edf14,34,Punjabi,sentence_audio,active,10606.0,4206.0,300.42857142857144,14.0,945.2857142857144,566.3,4275.0,4275,5,5613.0,1.0,10606.0,2.176428571428571,14.0,94.93785714285715,51.28571428571429,1.3200075429002451,exp_images/audio\PUNJABI\clothes.wav,IMG_06_P_ACT,exp_images/images/women_fold_clothes.jpg,IMG_06,exp_images/sentences/Folded-clothes.jpg,STIM_06,stimuli_list_subj_2_b.csv,ACT,active,agent_first,agent_overt,0.0,
edf14,35,Punjabi,sentence_audio,active,10197.0,4217.0,351.41666666666674,12.0,976.5333333333334,532.95,4580.0,4000,8,5205.0,0.8733624454148472,10197.0,3.1766666666666663,12.0,88.62333333333332,34.333333333333336,1.176816710797293,exp_images/audio\PUNJABI\letter.wav,IMG_17_P_ACT,exp_images/images/women_read_letter.jpg,IMG_17,exp_images/sentences/Letter.jpg,STIM_17,stimuli_list_subj_2_b.csv,ACT,active,agent_first,agent_overt,0.0,
edf14,36,Punjabi,sentence_audio,active,10254.0,4112.0,241.88235294117646,17.0,984.1470588235294,534.0,4296.0,3982,7,5262.0,0.9269087523277468,10254.0,3.3677777777777766,18.0,90.41666666666669,39.66666666666666,1.7554125219426566,exp_images/audio\PUNJABI\lamp.wav,IMG_01_P_ACT,exp_images/images/girl_lighted_lamp.jpg,IMG_01,exp_images/sentences/Lamp.jpg,STIM_01,stimuli_list_subj_2_b.csv,ACT,active,agent_first,agent_overt,0.0,
edf14,4,,free_viewing,,5879.0,4236.0,353.0,12.0,966.7166666666666,488.78333333333336,4448.0,3962,3,886.0,0.8907374100719424,5879.0,2.7123076923076925,13.0,106.76230769230772,43.230769230769226,2.2112604184385103,UNDEFINEDnull,UNDEFINEDnull,exp_images/images/artiste_drew_picture.jpg,IMG_07,UNDEFINEDnull,UNDEFINEDnull,UNDEFINEDnull,UNDEFINEDnull,,,,,
edf14,5,,free_viewing,,5655.0,4507.0,346.6923076923077,13.0,927.3076923076923,531.9076923076923,4645.0,3847,5,662.0,0.8282023681377826,5655.0,1.93,13.0,68.21846153846153,26.76923076923077,2.2988505747126435,UNDEFINEDnull,UNDEFINEDnull,exp_images/images/girl_baked_cake.jpg,IMG_15,UNDEFINEDnull,UNDEFINEDnull,UNDEFINEDnull,UNDEFINEDnull,,,,,
edf14,6,,free_viewing,,5662.0,4418.0,315.57142857142856,14.0,975.3357142857144,545.2214285714286,4651.0,4651,2,669.0,1.0,5662.0,1.5764285714285715,14.0,61.79214285714285,24.42857142857143,2.472624514305899,UNDEFINEDnull,UNDEFINEDnull,exp_images/images/boy_filled_bucket.jpg,IMG_09,UNDEFINEDnull,UNDEFINEDnull,UNDEFINEDnull,UNDEFINEDnull,,,,,
edf14,7,,free_viewing,,5681.0,4251.0,236.16666666666663,18.0,1013.9055555555556,655.3888888888891,4434.0,1817,4,908.0,0.40978800180424,5681.0,2.7244444444444436,18.0,82.81555555555556,31.0,3.168456257701109,UNDEFINEDnull,UNDEFINEDnull,exp_images/images/child_play_tabla.jpg,IMG_11,UNDEFINEDnull,UNDEFINEDnull,UNDEFINEDnull,UNDEFINEDnull,,,,,
edf14,8,,free_viewing,,5948.0,4274.0,284.93333333333334,15.0,1051.0533333333335,549.2600000000001,4470.0,2638,3,1216.0,0.5901565995525727,5948.0,3.361333333333333,15.0,93.076,34.8,2.5218560860793544,UNDEFINEDnull,UNDEFINEDnull,exp_images/images/child_throw_frisbee.jpg,IMG_12,UNDEFINEDnull,UNDEFINEDnull,UNDEFINEDnull,UNDEFINEDnull,,,,,
edf14,9,,free_viewing,,5860.0,4194.0,349.5,12.0,982.3166666666666,623.6166666666667,4430.0,3942,3,1134.0,0.8898419864559819,5860.0,3.771666666666667,12.0,113.35833333333336,46.83333333333334,2.04778156996587,UNDEFINEDnull,UNDEFINEDnull,exp_images/images/women_read_letter.jpg,IMG_17,UNDEFINEDnull,UNDEFINEDnull,UNDEFINEDnull,UNDEFINEDnull,,,,,
edf15,1,,free_viewing,,5987.0,4239.0,302.7857142857143,14.0,941.1357142857142,469.55,4527.0,3935,10,1306.0,0.8692290700242986,5987.0,3.2478571428571423,14.0,89.28642857142857,33.142857142857146,2.3383998663771504,UNDEFINEDnull,UNDEFINEDnull,exp_images/images/girl_baked_cake.jpg,IMG_15,UNDEFINEDnull,UNDEFINEDnull,UNDEFINEDnull,UNDEFINEDnull,,,,,
edf15,10,,free_viewing,,5915.0,4158.0,218.84210526315792,19.0,820.9105263157893,566.0789473684208,4359.0,3804,5,1156.0,0.8726772195457674,5915.0,3.0210000000000004,20.0,84.9595,32.6,3.38123415046492,UNDEFINEDnull,UNDEFINEDnull,exp_images/images/girl_fed_dog.jpg,IMG_16,UNDEFINEDnull,UNDEFINEDnull,UNDEFINEDnull,UNDEFINEDnull,,,,,
edf15,11,,free_viewing,,5660.0,4374.0,312.42857142857144,14.0,987.4142857142856,457.8928571428572,4608.0,4608,3,668.0,1.0,5660.0,2.092857142857143,14.0,66.16214285714287,27.42857142857143,2.4734982332155475,UNDEFINEDnull,UNDEFINEDnull,exp_images/images/women_read_letter.jpg,IMG_17,UNDEFINEDnull,UNDEFINEDnull,UNDEFINEDnull,UNDEFINEDnull,,,,,
edf15,12,,free_viewing,,5791.0,4069.0,239.35294117647058,17.0,920.8647058823527,490.57647058823517,4298.0,4298,5,799.0,1.0,5791.0,3.5823529411764703,17.0,108.00941176470587,40.8235294117647,2.9355897081678464,UNDEFINEDnull,UNDEFINEDnull,exp_images/images/man_cut_shrub.jpg,IMG_04,UNDEFINEDnull,UNDEFINEDnull,UNDEFINEDnull,UNDEFINEDnull,,,,,
edf15,13,,free_viewing,,5689.0,4231.0,211.55,20.0,949.015,448.455,4426.0,4236,7,697.0,0.9570718481699052,5689.0,2.3145,20.0,73.85499999999998,28.3,3.515556336790297,UNDEFINEDnull,UNDEFINEDnull,exp_images/images/girl_lighted_lamp.jpg,IMG_01,UNDEFINEDnull,UNDEFINEDnull,UNDEFINEDnull,UNDEFINEDnull,,,,,
edf15,14,,free_viewing,,5790.0,3834.0,273.85714285714283,14.0,939.1642857142857,571.65,4082.0,4040,7,798.0,0.9897109260166586,5790.0,2.305333333333333,15.0,147.21333333333334,61.46666666666667,2.5906735751295336,UNDEFINEDnull,UNDEFINEDnull,exp_images/images/women_fold_clothes.jpg,IMG_06,UNDEFINEDnull,UNDEFINEDnull,UNDEFINEDnull,UNDEFINEDnull,,,,,
edf15,15,,free_viewing,,5933.0,4253.0,283.53333333333336,15.0,981.3066666666667,776.4400000000003,4453.0,4453,4,940.0,1.0,5933.0,2.526666666666666,15.0,88.91133333333332,36.0,2.5282319231417496,UNDEFINEDnull,UNDEFINEDnull,exp_images/images/boy_cut_vegetables.jpg,IMG_18,UNDEFINEDnull,UNDEFINEDnull,UNDEFINEDnull,UNDEFINEDnull,,,,,
edf15,16,,free_viewing,,5639.0,4091.0,240.64705882352942,17.0,909.8411764705883,367.18823529411765,4149.0,4149,5,734.0,1.0,5639.0,3.176111111111111,18.0,124.21666666666664,50.33333333333334,3.1920553289590354,UNDEFINEDnull,UNDEFINEDnull,exp_images/images/artiste_drew_picture.jpg,IMG_07,UNDEFINEDnull,UNDEFINEDnull,UNDEFINEDnull,UNDEFINEDnull,,,,,
edf15,17,,free_viewing,,5766.0,4176.0,208.8,20.0,1064.73,362.57,4378.0,4378,8,774.0,1.0,5766.0,2.6545,20.0,77.8035,30.7,3.46860908775581,UNDEFINEDnull,UNDEFINEDnull,exp_images/images/man_pushed_box.jpg,IMG_05,UNDEFINEDnull,UNDEFINEDnull,UNDEFINEDnull,UNDEFINEDnull,,,,,
edf15,18,,free_viewing,,5743.0,4147.0,243.94117647058826,17.0,845.8529411764705,396.61176470588236,4367.0,4367,10,750.0,1.0,5743.0,2.5905882352941174,17.0,90.05705882352943,36.8235294117647,2.960125370015671,UNDEFINEDnull,UNDEFINEDnull,exp_images/images/boy_broke_vase.jpg,IMG_08,UNDEFINEDnull,UNDEFINEDnull,UNDEFINEDnull,UNDEFINEDnull,,,,,
edf15,19,Punjabi,sentence_audio,passive_dropped_agent,11052.0,4272.0,251.29411764705884,17.0,915.6529411764707,508.67058823529413,4438.0,3496,8,6256.0,0.7877422262280307,11052.0,3.0147058823529416,17.0,86.78941176470586,32.588235294117645,1.5381831342743395,exp_images/audio\PUNJABI\p_woa_tabla.wav,IMG_11_P_PNA,exp_images/images/child_play_tabla.jpg,IMG_11,exp_images/sentences/Tabla-woa.jpg,STIM_47,stimuli_list_subj_3_b.csv,PNA,passive_dropped_agent,non_agent_first,agent_dropped,1.0,1.0
edf15,2,,free_viewing,,5783.0,4005.0,190.7142857142857,21.0,971.7238095238097,491.08571428571435,4303.0,4303,7,790.0,1.0,5783.0,3.183333333333333,21.0,86.48238095238095,32.857142857142854,3.6313332180529136,UNDEFINEDnull,UNDEFINEDnull,exp_images/images/driver_wash_scooter.jpg,IMG_14,UNDEFINEDnull,UNDEFINEDnull,UNDEFINEDnull,UNDEFINEDnull,,,,,
edf15,20,Punjabi,sentence_audio,passive_dropped_agent,10473.0,4409.0,400.8181818181818,11.0,941.2909090909088,434.19090909090914,4650.0,4650,9,5481.0,1.0,10473.0,1.81,11.0,80.23727272727272,31.09090909090909,1.0503198701422705,exp_images/audio\PUNJABI\p_woa_door.wav,IMG_10_P_PNA,exp_images/images/boy_opened_door.jpg,IMG_10,exp_images/sentences/Closed-door-woa.jpg,STIM_46,stimuli_list_subj_3_b.csv,PNA,passive_dropped_agent,non_agent_first,agent_dropped,1.0,1.0
edf15,21,Punjabi,sentence_audio,passive_dropped_agent,11112.0,4112.0,228.44444444444446,18.0,966.9888888888887,464.22777777777776,4522.0,4390,8,6120.0,0.9708093763821318,11112.0,1.7988888888888892,18.0,61.25277777777779,26.11111111111111,1.6198704103671706,exp_images/audio\PUNJABI\p_woa_tub.wav,IMG_09_P_PNA,exp_images/images/boy_filled_bucket.jpg,IMG_09,exp_images/sentences/Bucket-woa.jpg,STIM_45,stimuli_list_subj_3_b.csv,PNA,passive_dropped_agent,non_agent_first,agent_dropped,1.0,1.0
edf15,22,English,sentence_audio,active,10627.0,4125.0,206.25,20.0,918.515,604.185,4320.0,3557,10,5866.0,0.8233796296296296,10627.0,3.5165,20.0,91.4375,33.6,1.881998682600922,exp_images/audio\ENGLISH\fed.wav,IMG_16_E_ACT,exp_images/images/girl_fed_dog.jpg,IMG_16,exp_images/sentences/active_girl_dog.jpg,STIM_70,stimuli_list_subj_3_b.csv,ACT,active,agent_first,agent_overt,0.0,
edf15,23,English,sentence_audio,active,10897.0,4073.0,214.36842105263162,19.0,953.9105263157896,486.7947368421054,4338.0,4338,5,5905.0,1.0,10897.0,3.7584210526315784,19.0,97.48894736842108,34.421052631578945,1.7435991557309352,exp_images/audio\ENGLISH\scooter.wav,IMG_14_E_ACT,exp_images/images/driver_wash_scooter.jpg,IMG_14,exp_images/sentences/active_driver_scooter.jpg,STIM_68,stimuli_list_subj_3_b.csv,ACT,active,agent_first,agent_overt,0.0,
edf15,24,English,sentence_audio,active,10182.0,3616.0,172.19047619047618,21.0,873.6095238095238,395.1952380952381,3849.0,3717,10,5189.0,0.9657053780202649,10182.0,3.325714285714285,21.0,120.3804761904762,54.47619047619048,2.0624631703005303,exp_images/audio\ENGLISH\picture.wav,IMG_07_E_ACT,exp_images/images/artiste_drew_picture.jpg,IMG_07,exp_images/sentences/active_artist_picture.jpg,STIM_61,stimuli_list_subj_3_b.csv,ACT,active,agent_first,agent_overt,0.0,
edf15,25,English,sentence_audio,passive,10286.0,4254.0,327.23076923076917,13.0,788.5307692307694,631.323076923077,4421.0,4421,6,5293.0,1.0,10286.0,3.0730769230769237,13.0,91.2846153846154,44.0,1.2638537818393931,exp_images/audio\ENGLISH\p_sapling.wav,IMG_03_E_PWA,exp_images/images/girl_plant_tree.jpg,IMG_03,exp_images/sentences/passive_girl_sapling.jpg,STIM_75,stimuli_list_subj_3_b.csv,PWA,passive_with_agent,non_agent_first,agent_overt,1.0,0.0
edf15,26,English,sentence_audio,passive,10322.0,4120.0,316.92307692307685,13.0,1019.1076923076924,359.1384615384616,4344.0,3830,5,5588.0,0.8816758747697975,10322.0,3.197692307692308,13.0,116.62769230769229,49.846153846153854,1.2594458438287155,exp_images/audio\ENGLISH\p_frisbee.wav,IMG_12_E_PWA,exp_images/images/child_throw_frisbee.jpg,IMG_12,exp_images/sentences/passive_child_frisbee.jpg,STIM_84,stimuli_list_subj_3_b.csv,PWA,passive_with_agent,non_agent_first,agent_overt,1.0,0.0
edf15,27,English,sentence_audio,passive,10865.0,4273.0,305.2142857142857,14.0,859.9857142857144,392.27142857142877,4442.0,4442,8,5873.0,1.0,10865.0,2.5042857142857144,14.0,88.89714285714285,39.285714285714285,1.2885411872986654,exp_images/audio\ENGLISH\p_vase.wav,IMG_08_E_PWA,exp_images/images/boy_broke_vase.jpg,IMG_08,exp_images/sentences/passive_boy_vase.jpg,STIM_80,stimuli_list_subj_3_b.csv,PWA,passive_with_agent,non_agent_first,agent_overt,1.0,0.0
edf15,28,English,sentence_audio,passive_dropped_agent,10554.0,3916.0,195.8,20.0,997.68,345.64,4084.0,4084,9,5664.0,1.0,10554.0,2.6552380952380954,21.0,116.58190476190478,44.85714285714285,1.9897669130187603,exp_images/audio\ENGLISH\p_woa_box.wav,IMG_05_E_PNA,exp_images/images/man_pushed_box.jpg,IMG_05,exp_images/sentences/noagent_man_box.jpg,STIM_95,stimuli_list_subj_3_b.csv,PNA,passive_dropped_agent,non_agent_first,agent_dropped,1.0,1.0
edf15,29,English,sentence_audio,passive_dropped_agent,10405.0,4259.0,250.52941176470588,17.0,868.3941176470587,424.72352941176473,4461.0,4461,6,5412.0,1.0,10405.0,3.0052941176470584,17.0,84.20941176470588,31.294117647058826,1.6338298894762135,exp_images/audio\ENGLISH\p_woa_shrub.wav,IMG_04_E_PNA,exp_images/images/man_cut_shrub.jpg,IMG_04,exp_images/sentences/noagent_man_shrub.jpg,STIM_94,stimuli_list_subj_3_b.csv,PNA,passive_dropped_agent,non_agent_first,agent_dropped,1.0,1.0
edf15,3,,free_viewing,,6024.0,4138.0,229.88888888888889,18.0,1037.0111111111114,418.81666666666666,4339.0,3944,6,1272.0,0.90896519935469,6024.0,3.81,18.0,98.15888888888887,36.333333333333336,2.98804780876494,UNDEFINEDnull,UNDEFINEDnull,exp_images/images/child_throw_frisbee.jpg,IMG_12,UNDEFINEDnull,UNDEFINEDnull,UNDEFINEDnull,UNDEFINEDnull,,,,,
edf15,30,English,sentence_audio,passive_dropped_agent,10720.0,3646.0,227.875,16.0,944.46875,418.05,3890.0,3646,7,5998.0,0.9372750642673522,10720.0,3.73,16.0,131.92687500000002,68.875,1.4925373134328357,exp_images/audio\ENGLISH\p_woa_window.wav,IMG_02_E_PNA,exp_images/images/girl_opened_window.jpg,IMG_02,exp_images/sentences/noagent_girl_window.jpg,STIM_92,stimuli_list_subj_3_b.csv,PNA,passive_dropped_agent,non_agent_first,agent_dropped,1.0,1.0
edf15,31,Punjabi,sentence_audio,active,10591.0,3901.0,205.31578947368425,19.0,960.521052631579,619.615789473684,4091.0,3683,8,5598.0,0.900268882913713,10591.0,2.7510526315789465,19.0,129.5457894736842,47.47368421052632,1.7939760173732415,exp_images/audio\PUNJABI\dug.wav,IMG_13_P_ACT,exp_images/images/dog_dug_hole.jpg,IMG_13,exp_images/sentences/Dog-dug.jpg,STIM_13,stimuli_list_subj_3_b.csv,ACT,active,agent_first,agent_overt,0.0,
edf15,32,Punjabi,sentence_audio,active,10420.0,3882.0,242.625,16.0,983.35,663.525,4079.0,4033,6,5427.0,0.9887227261583722,10420.0,2.96125,16.0,99.88124999999998,57.125,1.5355086372360844,exp_images/audio\PUNJABI\veg.wav,IMG_18_P_ACT,exp_images/images/boy_cut_vegetables.jpg,IMG_18,exp_images/sentences/Veg.jpg,STIM_18,stimuli_list_subj_3_b.csv,ACT,active,agent_first,agent_overt,0.0,
edf15,33,Punjabi,sentence_audio,active,10713.0,4224.0,234.66666666666663,18.0,900.4944444444443,444.38333333333327,4392.0,3948,8,5922.0,0.8989071038251366,10713.0,2.733157894736842,19.0,79.40157894736842,32.631578947368425,1.7735461588723982,exp_images/audio\PUNJABI\cake.wav,IMG_15_P_ACT,exp_images/images/girl_baked_cake.jpg,IMG_15,exp_images/sentences/Cake.jpg,STIM_15,stimuli_list_subj_3_b.csv,ACT,active,agent_first,agent_overt,0.0,
edf15,34,Punjabi,sentence_audio,passive,10564.0,3910.0,230.0,17.0,958.9705882352944,521.835294117647,4115.0,4115,8,5571.0,1.0,10564.0,2.63,17.0,112.04411764705885,51.647058823529406,1.6092389246497538,exp_images/audio\PUNJABI\p_clothes.wav,IMG_06_P_PWA,exp_images/images/women_fold_clothes.jpg,IMG_06,exp_images/sentences/Folded-clothes-passive.jpg,STIM_24,stimuli_list_subj_3_b.csv,PWA,passive_with_agent,non_agent_first,agent_overt,1.0,0.0
edf15,35,Punjabi,sentence_audio,passive,10834.0,4368.0,291.2,15.0,1014.98,500.66,4561.0,4561,5,5841.0,1.0,10834.0,2.2100000000000004,15.0,71.11933333333332,28.8,1.384530182757984,exp_images/audio\PUNJABI\p_letter.wav,IMG_17_P_PWA,exp_images/images/women_read_letter.jpg,IMG_17,exp_images/sentences/Letter-passive.jpg,STIM_35,stimuli_list_subj_3_b.csv,PWA,passive_with_agent,non_agent_first,agent_overt,1.0,0.0
edf15,36,Punjabi,sentence_audio,passive,10799.0,4117.0,216.68421052631575,19.0,852.9684210526317,443.0631578947368,4280.0,4117,5,6002.0,0.9619158878504672,10799.0,2.816842105263158,19.0,86.27842105263159,37.473684210526315,1.759422168719326,exp_images/audio\PUNJABI\p_lamp.wav,IMG_01_P_PWA,exp_images/images/girl_lighted_lamp.jpg,IMG_01,exp_images/sentences/Lamp-passive.jpg,STIM_19,stimuli_list_subj_3_b.csv,PWA,passive_with_agent,non_agent_first,agent_overt,1.0,0.0
edf15,4,,free_viewing,,5790.0,4116.0,242.11764705882354,17.0,950.9647058823531,357.6058823529412,4279.0,4279,12,797.0,1.0,5790.0,1.95,18.0,121.92166666666668,40.333333333333336,3.1088082901554404,UNDEFINEDnull,UNDEFINEDnull,exp_images/images/boy_opened_door.jpg,IMG_10,UNDEFINEDnull,UNDEFINEDnull,UNDEFINEDnull,UNDEFINEDnull,,,,,
edf15,5,,free_viewing,,6033.0,4129.0,206.45,20.0,1047.45,708.12,4375.0,4312,5,1040.0,0.9856,6033.0,2.6460000000000004,20.0,79.053,30.9,3.3151002817835242,UNDEFINEDnull,UNDEFINEDnull,exp_images/images/dog_dug_hole.jpg,IMG_13,UNDEFINEDnull,UNDEFINEDnull,UNDEFINEDnull,UNDEFINEDnull,,,,,
edf15,6,,free_viewing,,6120.0,4004.0,235.52941176470588,17.0,952.5411764705881,433.17058823529413,4234.0,4196,3,1128.0,0.9910250354274918,6120.0,2.8776470588235297,17.0,128.3476470588235,44.58823529411765,2.7777777777777777,UNDEFINEDnull,UNDEFINEDnull,exp_images/images/girl_opened_window.jpg,IMG_02,UNDEFINEDnull,UNDEFINEDnull,UNDEFINEDnull,UNDEFINEDnull,,,,,
edf15,7,,free_viewing,,5786.0,4258.0,354.83333333333326,12.0,954.6916666666667,418.14999999999986,4546.0,4546,7,794.0,1.0,5786.0,2.099166666666666,12.0,104.2675,37.16666666666666,2.073971655720705,UNDEFINEDnull,UNDEFINEDnull,exp_images/images/boy_filled_bucket.jpg,IMG_09,UNDEFINEDnull,UNDEFINEDnull,UNDEFINEDnull,UNDEFINEDnull,,,,,
edf15,8,,free_viewing,,5697.0,4015.0,191.19047619047618,21.0,999.0904761904762,529.2666666666668,4236.0,2267,4,954.0,0.5351746931067044,5697.0,2.8790476190476197,21.0,87.71571428571428,36.0,3.686150605581885,UNDEFINEDnull,UNDEFINEDnull,exp_images/images/child_play_tabla.jpg,IMG_11,UNDEFINEDnull,UNDEFINEDnull,UNDEFINEDnull,UNDEFINEDnull,,,,,
edf15,9,,free_viewing,,6031.0,4126.0,217.15789473684208,19.0,844.7947368421053,525.5842105263158,4387.0,3995,7,1039.0,0.9106450877592888,6031.0,3.0205,20.0,83.08849999999998,31.2,3.3161996352180405,UNDEFINEDnull,UNDEFINEDnull,exp_images/images/girl_plant_tree.jpg,IMG_03,UNDEFINEDnull,UNDEFINEDnull,UNDEFINEDnull,UNDEFINEDnull,,,,,
edf16,1,,free_viewing,,6100.0,4260.0,387.27272727272725,11.0,1017.1454545454548,498.51818181818186,4529.0,4529,7,1105.0,1.0,6100.0,3.1872727272727275,11.0,139.86,42.36363636363637,1.8032786885245904,UNDEFINEDnull,UNDEFINEDnull,exp_images/images/women_read_letter.jpg,IMG_17,UNDEFINEDnull,UNDEFINEDnull,UNDEFINEDnull,UNDEFINEDnull,,,,,
edf16,10,,free_viewing,,6054.0,4412.0,441.2,10.0,1034.9299999999996,391.27,4597.0,4597,8,1061.0,1.0,6054.0,3.132000000000001,10.0,112.228,39.6,1.6518004625041294,UNDEFINEDnull,UNDEFINEDnull,exp_images/images/man_pushed_box.jpg,IMG_05,UNDEFINEDnull,UNDEFINEDnull,UNDEFINEDnull,UNDEFINEDnull,,,,,
edf16,11,,free_viewing,,5645.0,4477.0,895.4,5.0,947.2,482.48,4695.0,4695,4,788.0,1.0,5645.0,2.838333333333333,6.0,158.25666666666666,52.0,1.062887511071745,UNDEFINEDnull,UNDEFINEDnull,exp_images/images/women_fold_clothes.jpg,IMG_06,UNDEFINEDnull,UNDEFINEDnull,UNDEFINEDnull,UNDEFINEDnull,,,,,
edf16,12,,free_viewing,,6029.0,4519.0,903.8,5.0,1040.48,404.86,4806.0,4519,4,1358.0,0.9402829796088223,6029.0,4.022,5.0,103.91,37.2,0.829324929507381,UNDEFINEDnull,UNDEFINEDnull,exp_images/images/girl_opened_window.jpg,IMG_02,UNDEFINEDnull,UNDEFINEDnull,UNDEFINEDnull,UNDEFINEDnull,,,,,
edf16,13,,free_viewing,,5718.0,4372.0,437.2,10.0,828.0099999999999,443.07,4593.0,4593,4,725.0,1.0,5718.0,4.158,10.0,97.76100000000001,40.0,1.7488632388947185,UNDEFINEDnull,UNDEFINEDnull,exp_images/images/man_cut_shrub.jpg,IMG_04,UNDEFINEDnull,UNDEFINEDnull,UNDEFINEDnull,UNDEFINEDnull,,,,,
edf16,14,,free_viewing,,6055.0,4585.0,1146.25,4.0,963.6,455.57499999999993,4789.0,4789,3,1062.0,1.0,6055.0,1.99,4.0,152.64749999999995,51.0,0.6606110652353427,UNDEFINEDnull,UNDEFINEDnull,exp_images/images/boy_opened_door.jpg,IMG_10,UNDEFINEDnull,UNDEFINEDnull,UNDEFINEDnull,UNDEFINEDnull,,,,,
edf16,15,,free_viewing,,6133.0,4079.0,291.35714285714283,14.0,952.6571428571433,466.68571428571437,4255.0,4111,7,1140.0,0.9661574618096356,6133.0,4.345714285714286,14.0,199.9157142857144,52.714285714285715,2.282732757215066,UNDEFINEDnull,UNDEFINEDnull,exp_images/images/girl_lighted_lamp.jpg,IMG_01,UNDEFINEDnull,UNDEFINEDnull,UNDEFINEDnull,UNDEFINEDnull,,,,,
edf16,16,,free_viewing,,5991.0,4647.0,1161.75,4.0,987.95,656.475,4860.0,4860,4,999.0,1.0,5991.0,3.515,4.0,102.2775,33.0,0.6676681689200468,UNDEFINEDnull,UNDEFINEDnull,exp_images/images/dog_dug_hole.jpg,IMG_13,UNDEFINEDnull,UNDEFINEDnull,UNDEFINEDnull,UNDEFINEDnull,,,,,
edf16,17,,free_viewing,,5697.0,4563.0,760.5,6.0,987.3166666666666,313.0,4758.0,4563,5,934.0,0.9590163934426228,5697.0,3.783333333333333,6.0,90.46666666666664,39.0,1.05318588730911,UNDEFINEDnull,UNDEFINEDnull,exp_images/images/child_throw_frisbee.jpg,IMG_12,UNDEFINEDnull,UNDEFINEDnull,UNDEFINEDnull,UNDEFINEDnull,,,,,
edf16,18,,free_viewing,,6074.0,4436.0,1109.0,4.0,937.675,461.625,4790.0,4790,4,1154.0,1.0,6074.0,2.69,5.0,169.252,62.8,0.8231807704972012,UNDEFINEDnull,UNDEFINEDnull,exp_images/images/girl_baked_cake.jpg,IMG_15,UNDEFINEDnull,UNDEFINEDnull,UNDEFINEDnull,UNDEFINEDnull,,,,,
edf16,19,English,sentence_audio,active,10205.0,4219.0,421.9,10.0,935.28,497.69,4471.0,3599,6,5490.0,0.8049653321404607,10205.0,4.0139999999999985,10.0,129.078,52.4,0.9799118079372856,exp_images/audio\ENGLISH\tabla.wav,IMG_11_E_ACT,exp_images/images/child_play_tabla.jpg,IMG_11,exp_images/sentences/active_child_tabla.jpg,STIM_65,stimuli_list_subj_4_b.csv,ACT,active,agent_first,agent_overt,0.0,
edf16,2,,free_viewing,,5689.0,4303.0,391.1818181818182,11.0,912.2727272727273,578.8909090909091,4536.0,4244,9,697.0,0.9356261022927691,5689.0,4.379090909090909,11.0,99.9372727272727,41.45454545454545,1.9335559852346635,UNDEFINEDnull,UNDEFINEDnull,exp_images/images/girl_fed_dog.jpg,IMG_16,UNDEFINEDnull,UNDEFINEDnull,UNDEFINEDnull,UNDEFINEDnull,,,,,
edf16,20,English,sentence_audio,active,10476.0,4494.0,642.0,7.0,933.0285714285714,455.24285714285713,4656.0,4406,5,5484.0,0.9463058419243986,10476.0,1.2285714285714284,7.0,177.93,48.0,0.6681939671630392,exp_images/audio\ENGLISH\door.wav,IMG_10_E_ACT,exp_images/images/boy_opened_door.jpg,IMG_10,exp_images/sentences/active_boy_door.jpg,STIM_64,stimuli_list_subj_4_b.csv,ACT,active,agent_first,agent_overt,0.0,
edf16,21,English,sentence_audio,active,10750.0,106.0,106.0,1.0,964.7,546.9,4846.0,4846,1,5758.0,1.0,10750.0,1.28,1.0,368.67,146.0,0.09302325581395347,exp_images/audio\ENGLISH\bucket.wav,IMG_09_E_ACT,exp_images/images/boy_filled_bucket.jpg,IMG_09,exp_images/sentences/active_boy_bucket.jpg,STIM_63,stimuli_list_subj_4_b.csv,ACT,active,agent_first,agent_overt,0.0,
edf16,22,English,sentence_audio,passive,10825.0,4434.0,554.25,8.0,914.2625,536.725,4634.0,4634,5,5832.0,1.0,10825.0,2.5144444444444445,9.0,121.3188888888889,41.77777777777778,0.8314087759815243,exp_images/audio\ENGLISH\p_fed.wav,IMG_16_E_PWA,exp_images/images/girl_fed_dog.jpg,IMG_16,exp_images/sentences/passive_girl_dog.jpg,STIM_88,stimuli_list_subj_4_b.csv,PWA,passive_with_agent,non_agent_first,agent_overt,1.0,0.0
edf16,23,English,sentence_audio,passive,10485.0,4463.0,557.875,8.0,932.725,495.76249999999993,4704.0,4704,5,5493.0,1.0,10485.0,4.135,8.0,110.18875,36.0,0.7629947544110635,exp_images/audio\ENGLISH\p_scooter.wav,IMG_14_E_PWA,exp_images/images/driver_wash_scooter.jpg,IMG_14,exp_images/sentences/passive_driver_scooter.jpg,STIM_86,stimuli_list_subj_4_b.csv,PWA,passive_with_agent,non_agent_first,agent_overt,1.0,0.0
edf16,24,English,sentence_audio,passive,10956.0,4444.0,888.8,5.0,986.64,443.52000000000015,4738.0,4738,3,5964.0,1.0,10956.0,1.8019999999999998,5.0,161.21800000000005,50.8,0.4563709382986492,exp_images/audio\ENGLISH\p_artist.wav,IMG_07_E_PWA,exp_images/images/artiste_drew_picture.jpg,IMG_07,exp_images/sentences/passive_artist_picture.jpg,STIM_79,stimuli_list_subj_4_b.csv,PWA,passive_with_agent,non_agent_first,agent_overt,1.0,0.0
edf16,25,English,sentence_audio,passive_dropped_agent,11118.0,4394.0,627.7142857142858,7.0,869.4714285714286,497.44285714285724,4670.0,4236,4,6126.0,0.9070663811563168,11118.0,2.8471428571428565,7.0,127.66714285714286,46.0,0.6296096420219464,exp_images/audio\ENGLISH\p_woa_sapling.wav,IMG_03_E_PNA,exp_images/images/girl_plant_tree.jpg,IMG_03,exp_images/sentences/noagent_girl_sapling.jpg,STIM_93,stimuli_list_subj_4_b.csv,PNA,passive_dropped_agent,non_agent_first,agent_dropped,1.0,1.0
edf16,26,English,sentence_audio,passive_dropped_agent,10227.0,3233.0,359.22222222222223,9.0,979.9333333333333,322.12222222222215,4554.0,3233,5,6586.0,0.7099253403601229,10227.0,3.2222222222222223,9.0,116.95444444444445,48.66666666666666,0.8800234672924611,exp_images/audio\ENGLISH\p_woa_frisbee.wav,IMG_12_E_PNA,exp_images/images/child_throw_frisbee.jpg,IMG_12,exp_images/sentences/noagent_child_frisbee.jpg,STIM_102,stimuli_list_subj_4_b.csv,PNA,passive_dropped_agent,non_agent_first,agent_dropped,1.0,1.0
edf16,27,English,sentence_audio,passive_dropped_agent,10857.0,3129.0,625.8,5.0,869.32,433.94000000000005,4618.0,4618,2,5865.0,1.0,10857.0,1.538,5.0,233.012,74.8,0.4605323754259925,exp_images/audio\ENGLISH\p_woa_vase.wav,IMG_08_E_PNA,exp_images/images/boy_broke_vase.jpg,IMG_08,exp_images/sentences/noagent_boy_vase.jpg,STIM_98,stimuli_list_subj_4_b.csv,PNA,passive_dropped_agent,non_agent_first,agent_dropped,1.0,1.0
edf16,28,Punjabi,sentence_audio,active,10995.0,4089.0,454.33333333333326,9.0,1012.9333333333333,377.8777777777778,4467.0,4467,7,6002.0,1.0,10995.0,2.585555555555556,9.0,163.07333333333338,58.444444444444436,0.8185538881309686,exp_images/audio\PUNJABI\box.wav,IMG_05_P_ACT,exp_images/images/man_pushed_box.jpg,IMG_05,exp_images/sentences/Pushed-box.jpg,STIM_05,stimuli_list_subj_4_b.csv,ACT,active,agent_first,agent_overt,0.0,
edf16,29,Punjabi,sentence_audio,active,10186.0,4406.0,629.4285714285714,7.0,927.6999999999997,414.1714285714286,4644.0,4294,5,5194.0,0.9246339362618432,10186.0,2.412857142857143,7.0,129.2042857142857,49.714285714285715,0.6872177498527391,exp_images/audio\PUNJABI\shrub.wav,IMG_04_P_ACT,exp_images/images/man_cut_shrub.jpg,IMG_04,exp_images/sentences/Shrub.jpg,STIM_04,stimuli_list_subj_4_b.csv,ACT,active,agent_first,agent_overt,0.0,
edf16,3,,free_viewing,,6117.0,4179.0,245.82352941176467,17.0,941.4294117647058,374.1058823529412,4412.0,4128,7,1125.0,0.9356300997280144,6117.0,3.4958823529411767,17.0,86.84411764705885,34.117647058823536,2.7791401013568744,UNDEFINEDnull,UNDEFINEDnull,exp_images/images/artiste_drew_picture.jpg,IMG_07,UNDEFINEDnull,UNDEFINEDnull,UNDEFINEDnull,UNDEFINEDnull,,,,,
edf16,30,Punjabi,sentence_audio,active,11048.0,4302.0,478.0,9.0,1006.0666666666667,386.8777777777778,4534.0,4302,6,6314.0,0.9488310542567271,11048.0,2.6300000000000003,9.0,220.6888888888889,50.88888888888889,0.8146270818247646,exp_images/audio\PUNJABI\window.wav,IMG_02_P_ACT,exp_images/images/girl_opened_window.jpg,IMG_02,exp_images/sentences/Window.jpg,STIM_02,stimuli_list_subj_4_b.csv,ACT,active,agent_first,agent_overt,0.0,
edf16,31,Punjabi,sentence_audio,passive,10255.0,4353.0,725.5,6.0,971.6666666666664,610.8000000000002,4532.0,4532,3,5263.0,1.0,10255.0,1.9899999999999995,6.0,197.42166666666665,76.66666666666667,0.5850804485616772,exp_images/audio\PUNJABI\p_dug.wav,IMG_13_P_PWA,exp_images/images/dog_dug_hole.jpg,IMG_13,exp_images/sentences/Dog-dug-passive.jpg,STIM_31,stimuli_list_subj_4_b.csv,PWA,passive_with_agent,non_agent_first,agent_overt,1.0,0.0
edf16,32,Punjabi,sentence_audio,passive,10800.0,4476.0,1119.0,4.0,961.55,539.15,4705.0,4705,3,5807.0,1.0,10800.0,5.1675,4.0,189.3125,72.0,0.3703703703703704,exp_images/audio\PUNJABI\p_veg.wav,IMG_18_P_PWA,exp_images/images/boy_cut_vegetables.jpg,IMG_18,exp_images/sentences/Veg-passive.jpg,STIM_36,stimuli_list_subj_4_b.csv,PWA,passive_with_agent,non_agent_first,agent_overt,1.0,0.0
edf16,33,Punjabi,sentence_audio,passive,10735.0,4435.0,739.1666666666665,6.0,946.5333333333333,446.01666666666665,4683.0,4435,5,6018.0,0.947042494127696,10735.0,2.115,6.0,163.69666666666666,51.66666666666666,0.5589194224499302,exp_images/audio\PUNJABI\p_cake.wav,IMG_15_P_PWA,exp_images/images/girl_baked_cake.jpg,IMG_15,exp_images/sentences/Cake-passive.jpg,STIM_33,stimuli_list_subj_4_b.csv,PWA,passive_with_agent,non_agent_first,agent_overt,1.0,0.0
edf16,34,Punjabi,sentence_audio,passive_dropped_agent,10627.0,4429.0,885.8,5.0,960.82,417.7,4683.0,4429,5,5920.0,0.9457612641469144,10627.0,3.378,5.0,206.96,62.0,0.4704996706502305,exp_images/audio\PUNJABI\p_woa_clothes.wav,IMG_06_P_PNA,exp_images/images/women_fold_clothes.jpg,IMG_06,exp_images/sentences/Folded-clothes-woa.jpg,STIM_42,stimuli_list_subj_4_b.csv,PNA,passive_dropped_agent,non_agent_first,agent_dropped,1.0,1.0
edf16,35,Punjabi,sentence_audio,passive_dropped_agent,10878.0,4416.0,1104.0,4.0,1004.675,436.1,4635.0,4635,3,5885.0,1.0,10878.0,3.2325,4.0,151.475,89.5,0.3677146534289392,exp_images/audio\PUNJABI\p_woa_letter.wav,IMG_17_P_PNA,exp_images/images/women_read_letter.jpg,IMG_17,exp_images/sentences/Letter-woa.jpg,STIM_53,stimuli_list_subj_4_b.csv,PNA,passive_dropped_agent,non_agent_first,agent_dropped,1.0,1.0
edf16,36,Punjabi,sentence_audio,passive_dropped_agent,10877.0,4433.0,554.125,8.0,916.3625,441.6375,4645.0,3941,6,5884.0,0.8484391819160387,10877.0,1.99875,8.0,134.64624999999998,43.5,0.735496920106647,exp_images/audio\PUNJABI\p_woa_lamp.wav,IMG_01_P_PNA,exp_images/images/girl_lighted_lamp.jpg,IMG_01,exp_images/sentences/Lamp-woa.jpg,STIM_37,stimuli_list_subj_4_b.csv,PNA,passive_dropped_agent,non_agent_first,agent_dropped,1.0,1.0
edf16,4,,free_viewing,,6108.0,4266.0,387.8181818181818,11.0,1013.8363636363637,424.90909090909105,4545.0,4189,6,1115.0,0.9216721672167216,6108.0,2.5818181818181816,11.0,134.04363636363635,40.72727272727273,1.8009168303863787,UNDEFINEDnull,UNDEFINEDnull,exp_images/images/boy_filled_bucket.jpg,IMG_09,UNDEFINEDnull,UNDEFINEDnull,UNDEFINEDnull,UNDEFINEDnull,,,,,
edf16,5,,free_viewing,,5918.0,4072.0,271.46666666666664,15.0,912.4,379.9133333333333,4281.0,4281,8,925.0,1.0,5918.0,4.4113333333333316,15.0,124.06933333333332,47.46666666666667,2.5346400811084826,UNDEFINEDnull,UNDEFINEDnull,exp_images/images/driver_wash_scooter.jpg,IMG_14,UNDEFINEDnull,UNDEFINEDnull,UNDEFINEDnull,UNDEFINEDnull,,,,,
edf16,6,,free_viewing,,6115.0,4375.0,546.875,8.0,981.825,633.1,4579.0,4579,4,1122.0,1.0,6115.0,3.635,8.0,122.87,51.75,1.3082583810302535,UNDEFINEDnull,UNDEFINEDnull,exp_images/images/boy_cut_vegetables.jpg,IMG_18,UNDEFINEDnull,UNDEFINEDnull,UNDEFINEDnull,UNDEFINEDnull,,,,,
edf16,7,,free_viewing,,5779.0,4343.0,434.3,10.0,923.04,485.37000000000006,4362.0,3665,6,1118.0,0.8402109124254928,5779.0,3.872,10.0,165.304,63.0,1.7304031839418583,UNDEFINEDnull,UNDEFINEDnull,exp_images/images/child_play_tabla.jpg,IMG_11,UNDEFINEDnull,UNDEFINEDnull,UNDEFINEDnull,UNDEFINEDnull,,,,,
edf16,8,,free_viewing,,5812.0,4258.0,425.8,10.0,836.47,540.5600000000002,4496.0,4496,5,820.0,1.0,5812.0,3.325,10.0,139.11399999999998,49.6,1.7205781142463867,UNDEFINEDnull,UNDEFINEDnull,exp_images/images/girl_plant_tree.jpg,IMG_03,UNDEFINEDnull,UNDEFINEDnull,UNDEFINEDnull,UNDEFINEDnull,,,,,
edf16,9,,free_viewing,,6059.0,4483.0,560.375,8.0,873.4875000000002,418.6375000000001,4742.0,4742,6,1067.0,1.0,6059.0,2.89125,8.0,88.61375,31.25,1.320349892721571,UNDEFINEDnull,UNDEFINEDnull,exp_images/images/boy_broke_vase.jpg,IMG_08,UNDEFINEDnull,UNDEFINEDnull,UNDEFINEDnull,UNDEFINEDnull,,,,,
edf17,1,,free_viewing,,5688.0,4226.0,325.07692307692315,13.0,1046.5615384615382,441.9153846153846,4523.0,4022,7,1018.0,0.8892328100818041,5688.0,3.5746153846153836,13.0,93.17692307692306,36.153846153846146,2.2855133614627285,UNDEFINEDnull,UNDEFINEDnull,exp_images/images/girl_opened_window.jpg,IMG_02,UNDEFINEDnull,UNDEFINEDnull,UNDEFINEDnull,UNDEFINEDnull,,,,,
edf17,10,,free_viewing,,5849.0,4565.0,2282.5,2.0,918.35,465.15,4936.0,4936,2,857.0,1.0,5849.0,2.145,2.0,74.115,28.0,0.34193879295606083,UNDEFINEDnull,UNDEFINEDnull,exp_images/images/girl_baked_cake.jpg,IMG_15,UNDEFINEDnull,UNDEFINEDnull,UNDEFINEDnull,UNDEFINEDnull,,,,,
edf17,11,,free_viewing,,5770.0,4212.0,280.8,15.0,979.0266666666664,586.5066666666668,4493.0,2961,4,777.0,0.6590251502336969,5770.0,3.482,15.0,94.788,33.333333333333336,2.5996533795493937,UNDEFINEDnull,UNDEFINEDnull,exp_images/images/girl_fed_dog.jpg,IMG_16,UNDEFINEDnull,UNDEFINEDnull,UNDEFINEDnull,UNDEFINEDnull,,,,,
edf17,12,,free_viewing,,5775.0,3931.0,327.5833333333333,12.0,974.2000000000003,419.40833333333336,4167.0,3931,5,1048.0,0.943364530837533,5775.0,2.3766666666666665,12.0,116.37583333333336,68.83333333333333,2.0779220779220777,UNDEFINEDnull,UNDEFINEDnull,exp_images/images/women_fold_clothes.jpg,IMG_06,UNDEFINEDnull,UNDEFINEDnull,UNDEFINEDnull,UNDEFINEDnull,,,,,
edf17,13,,free_viewing,,5774.0,4178.0,245.7647058823529,17.0,935.3117647058824,685.6705882352941,4404.0,2986,6,782.0,0.6780199818346957,5774.0,3.295,18.0,86.99555555555555,33.333333333333336,3.1174229303775545,UNDEFINEDnull,UNDEFINEDnull,exp_images/images/dog_dug_hole.jpg,IMG_13,UNDEFINEDnull,UNDEFINEDnull,UNDEFINEDnull,UNDEFINEDnull,,,,,
edf17,14,,free_viewing,,6054.0,4532.0,1510.666666666667,3.0,889.3333333333335,411.73333333333335,4906.0,4906,3,1062.0,1.0,6054.0,2.5766666666666667,3.0,84.23333333333333,28.66666666666667,0.4955401387512388,UNDEFINEDnull,UNDEFINEDnull,exp_images/images/boy_opened_door.jpg,IMG_10,UNDEFINEDnull,UNDEFINEDnull,UNDEFINEDnull,UNDEFINEDnull,,,,,
edf17,15,,free_viewing,,6026.0,4070.0,814.0,5.0,966.4400000000003,513.72,4807.0,4807,3,1033.0,1.0,6026.0,3.858,5.0,95.682,37.2,0.8297378028542981,UNDEFINEDnull,UNDEFINEDnull,exp_images/images/boy_cut_vegetables.jpg,IMG_18,UNDEFINEDnull,UNDEFINEDnull,UNDEFINEDnull,UNDEFINEDnull,,,,,
edf17,16,,free_viewing,,5737.0,4255.0,283.6666666666667,15.0,948.6666666666665,387.51333333333326,4426.0,4426,7,745.0,1.0,5737.0,4.421333333333333,15.0,102.76333333333332,37.73333333333333,2.6146069374237406,UNDEFINEDnull,UNDEFINEDnull,exp_images/images/artiste_drew_picture.jpg,IMG_07,UNDEFINEDnull,UNDEFINEDnull,UNDEFINEDnull,UNDEFINEDnull,,,,,
edf17,17,,free_viewing,,5773.0,4189.0,246.41176470588238,17.0,909.6352941176473,576.964705882353,4390.0,3626,6,781.0,0.8259681093394078,5773.0,3.367647058823529,17.0,88.32705882352941,35.411764705882355,2.9447427680582017,UNDEFINEDnull,UNDEFINEDnull,exp_images/images/girl_plant_tree.jpg,IMG_03,UNDEFINEDnull,UNDEFINEDnull,UNDEFINEDnull,UNDEFINEDnull,,,,,
edf17,18,,free_viewing,,5849.0,4485.0,373.75,12.0,1044.8916666666667,381.0083333333334,4614.0,4404,4,857.0,0.9544863459037712,5849.0,3.145833333333333,12.0,89.68666666666668,31.5,2.0516327577363653,UNDEFINEDnull,UNDEFINEDnull,exp_images/images/man_pushed_box.jpg,IMG_05,UNDEFINEDnull,UNDEFINEDnull,UNDEFINEDnull,UNDEFINEDnull,,,,,
edf17,19,English,sentence_audio,passive,10420.0,4114.0,257.125,16.0,934.95625,566.64375,4271.0,2092,6,5616.0,0.4898150316085226,10420.0,3.983125,16.0,129.56294117647056,43.647058823529406,1.5355086372360844,exp_images/audio\ENGLISH\p_tabla.wav,IMG_11_E_PWA,exp_images/images/child_play_tabla.jpg,IMG_11,exp_images/sentences/passive_child_tabla.jpg,STIM_83,stimuli_list_subj_5_b.csv,PWA,passive_with_agent,non_agent_first,agent_overt,1.0,0.0
edf17,2,,free_viewing,,5654.0,4160.0,244.70588235294116,17.0,886.7529411764706,538.2058823529411,4381.0,3793,7,661.0,0.8657840675644828,5654.0,3.561764705882353,17.0,86.73294117647059,36.0,3.0067209055535904,UNDEFINEDnull,UNDEFINEDnull,exp_images/images/boy_broke_vase.jpg,IMG_08,UNDEFINEDnull,UNDEFINEDnull,UNDEFINEDnull,UNDEFINEDnull,,,,,
edf17,20,English,sentence_audio,passive,10850.0,3928.0,436.4444444444445,9.0,956.5888888888887,427.45555555555563,4312.0,4038,8,5858.0,0.9364564007421149,10850.0,2.4655555555555555,9.0,114.79888888888891,75.55555555555556,0.8294930875576038,exp_images/audio\ENGLISH\p_door.wav,IMG_10_E_PWA,exp_images/images/boy_opened_door.jpg,IMG_10,exp_images/sentences/passive_boy_door.jpg,STIM_82,stimuli_list_subj_5_b.csv,PWA,passive_with_agent,non_agent_first,agent_overt,1.0,0.0
edf17,21,English,sentence_audio,passive,10527.0,4119.0,374.45454545454544,11.0,957.7636363636364,443.35454545454536,4543.0,4543,5,5534.0,1.0,10527.0,1.9009090909090909,11.0,79.16545454545455,40.90909090909091,1.044932079414838,exp_images/audio\ENGLISH\p_bucket.wav,IMG_09_E_PWA,exp_images/images/boy_filled_bucket.jpg,IMG_09,exp_images/sentences/passive_boy_bucket.jpg,STIM_81,stimuli_list_subj_5_b.csv,PWA,passive_with_agent,non_agent_first,agent_overt,1.0,0.0
edf17,22,English,sentence_audio,passive_dropped_agent,10945.0,4056.0,312.0,13.0,907.6769230769231,699.6076923076922,4481.0,2446,5,6410.0,0.5458602990403928,10945.0,3.9957142857142856,14.0,104.67857142857143,37.857142857142854,1.2791228871630882,exp_images/audio\ENGLISH\p_woa_fed.wav,IMG_16_E_PNA,exp_images/images/girl_fed_dog.jpg,IMG_16,exp_images/sentences/noagent_girl_dog.jpg,STIM_106,stimuli_list_subj_5_b.csv,PNA,passive_dropped_agent,non_agent_first,agent_dropped,1.0,1.0
edf17,23,English,sentence_audio,passive_dropped_agent,10251.0,4207.0,280.46666666666664,15.0,1073.9,751.6066666666667,4445.0,4445,3,5258.0,1.0,10251.0,3.412666666666667,15.0,85.84200000000001,36.53333333333333,1.463271875914545,exp_images/audio\ENGLISH\p_woa_scooter.wav,IMG_14_E_PNA,exp_images/images/driver_wash_scooter.jpg,IMG_14,exp_images/sentences/noagent_driver_scooter.jpg,STIM_104,stimuli_list_subj_5_b.csv,PNA,passive_dropped_agent,non_agent_first,agent_dropped,1.0,1.0
edf17,24,English,sentence_audio,passive_dropped_agent,10390.0,4346.0,310.42857142857144,14.0,959.35,428.36428571428564,4503.0,4503,5,5397.0,1.0,10390.0,3.6907142857142863,14.0,88.32285714285715,35.0,1.3474494706448508,exp_images/audio\ENGLISH\p_woa_draw.wav,IMG_07_E_PNA,exp_images/images/artiste_drew_picture.jpg,IMG_07,exp_images/sentences/noagent_artist_picture.jpg,STIM_97,stimuli_list_subj_5_b.csv,PNA,passive_dropped_agent,non_agent_first,agent_dropped,1.0,1.0
edf17,25,Punjabi,sentence_audio,active,10614.0,3996.0,333.0,12.0,861.2333333333335,520.0916666666667,4375.0,4375,4,5623.0,1.0,10614.0,3.670833333333333,12.0,104.38666666666666,51.33333333333334,1.1305822498586768,exp_images/audio\PUNJABI\sapling.wav,IMG_03_P_ACT,exp_images/images/girl_plant_tree.jpg,IMG_03,exp_images/sentences/Sapling.jpg,STIM_03,stimuli_list_subj_5_b.csv,ACT,active,agent_first,agent_overt,0.0,
edf17,26,Punjabi,sentence_audio,active,10507.0,4248.0,354.0,12.0,964.1000000000003,396.50833333333327,4427.0,3896,4,5728.0,0.8800542127851818,10507.0,3.5824999999999987,12.0,111.24307692307691,44.46153846153846,1.1420957456933474,exp_images/audio\PUNJABI\frisbee.wav,IMG_12_P_ACT,exp_images/images/child_throw_frisbee.jpg,IMG_12,exp_images/sentences/Frisbee.jpg,STIM_12,stimuli_list_subj_5_b.csv,ACT,active,agent_first,agent_overt,0.0,
edf17,27,Punjabi,sentence_audio,active,10223.0,4355.0,544.375,8.0,867.8375000000002,425.1125,4578.0,4578,5,5231.0,1.0,10223.0,2.54,8.0,100.66875000000002,51.75,0.7825491538687274,exp_images/audio\PUNJABI\vase.wav,IMG_08_P_ACT,exp_images/images/boy_broke_vase.jpg,IMG_08,exp_images/sentences/Vase.jpg,STIM_08,stimuli_list_subj_5_b.csv,ACT,active,agent_first,agent_overt,0.0,
edf17,28,Punjabi,sentence_audio,passive,10547.0,4413.0,551.625,8.0,897.6874999999999,357.4125,4655.0,4655,3,5554.0,1.0,10547.0,1.6225,8.0,83.01625,42.25,0.7585095287759552,exp_images/audio\PUNJABI\p_box.wav,IMG_05_P_PWA,exp_images/images/man_pushed_box.jpg,IMG_05,exp_images/sentences/Pushed-box-passive.jpg,STIM_23,stimuli_list_subj_5_b.csv,PWA,passive_with_agent,non_agent_first,agent_overt,1.0,0.0
edf17,29,Punjabi,sentence_audio,passive,10840.0,3972.0,209.05263157894737,19.0,880.7000000000003,499.0105263157895,4177.0,4105,8,5847.0,0.9827627483840076,10840.0,2.98,19.0,86.03684210526316,42.94736842105263,1.7527675276752768,exp_images/audio\PUNJABI\p_shrub.wav,IMG_04_P_PWA,exp_images/images/man_cut_shrub.jpg,IMG_04,exp_images/sentences/Shrub-passive.jpg,STIM_22,stimuli_list_subj_5_b.csv,PWA,passive_with_agent,non_agent_first,agent_overt,1.0,0.0
edf17,3,,free_viewing,,6106.0,4312.0,287.46666666666664,15.0,891.4066666666665,606.8133333333333,4501.0,4501,5,1115.0,1.0,6106.0,3.286666666666666,15.0,88.09733333333334,32.666666666666664,2.456600065509335,UNDEFINEDnull,UNDEFINEDnull,exp_images/images/girl_lighted_lamp.jpg,IMG_01,UNDEFINEDnull,UNDEFINEDnull,UNDEFINEDnull,UNDEFINEDnull,,,,,
edf17,30,Punjabi,sentence_audio,passive,10206.0,4286.0,252.11764705882354,17.0,957.0470588235294,437.14705882352933,4488.0,4108,7,5442.0,0.9153297682709448,10206.0,2.59,17.0,78.07000000000002,29.64705882352941,1.6656868508720362,exp_images/audio\PUNJABI\p_window.wav,IMG_02_P_PWA,exp_images/images/girl_opened_window.jpg,IMG_02,exp_images/sentences/Window-passive.jpg,STIM_20,stimuli_list_subj_5_b.csv,PWA,passive_with_agent,non_agent_first,agent_overt,1.0,0.0
edf17,31,Punjabi,sentence_audio,passive_dropped_agent,10776.0,4062.0,270.8,15.0,887.0933333333336,617.8066666666667,4196.0,3472,4,5784.0,0.8274547187797903,10776.0,3.007333333333334,15.0,88.58200000000002,53.06666666666667,1.3919821826280625,exp_images/audio\PUNJABI\p_woa_dug.wav,IMG_13_P_PNA,exp_images/images/dog_dug_hole.jpg,IMG_13,exp_images/sentences/Dog-dug-woa.jpg,STIM_49,stimuli_list_subj_5_b.csv,PNA,passive_dropped_agent,non_agent_first,agent_dropped,1.0,1.0
edf17,32,Punjabi,sentence_audio,passive_dropped_agent,10825.0,4605.0,767.5,6.0,956.05,620.8166666666667,4812.0,4698,3,5833.0,0.9763092269326684,10825.0,2.36,6.0,75.14,30.0,0.5542725173210162,exp_images/audio\PUNJABI\p_woa_veg.wav,IMG_18_P_PNA,exp_images/images/boy_cut_vegetables.jpg,IMG_18,exp_images/sentences/Veg-woa.jpg,STIM_54,stimuli_list_subj_5_b.csv,PNA,passive_dropped_agent,non_agent_first,agent_dropped,1.0,1.0
edf17,33,Punjabi,sentence_audio,passive_dropped_agent,10710.0,4566.0,507.33333333333326,9.0,927.2111111111113,518.8111111111111,4745.0,4566,5,5926.0,0.9622760800842992,10710.0,2.197777777777778,9.0,77.82777777777777,27.555555555555557,0.8403361344537814,exp_images/audio\PUNJABI\p_woa_cake.wav,IMG_15_P_PNA,exp_images/images/girl_baked_cake.jpg,IMG_15,exp_images/sentences/Cake-woa.jpg,STIM_51,stimuli_list_subj_5_b.csv,PNA,passive_dropped_agent,non_agent_first,agent_dropped,1.0,1.0
edf17,34,English,sentence_audio,active,10479.0,4209.0,420.9,10.0,959.97,513.96,4452.0,4209,4,5756.0,0.9454177897574124,10479.0,2.5980000000000003,10.0,85.06200000000003,54.0,0.95428953144384,exp_images/audio\ENGLISH\clothes.wav,IMG_06_E_ACT,exp_images/images/women_fold_clothes.jpg,IMG_06,exp_images/sentences/active_woman_clothes.jpg,STIM_60,stimuli_list_subj_5_b.csv,ACT,active,agent_first,agent_overt,0.0,
edf17,35,English,sentence_audio,active,10559.0,4421.0,340.07692307692315,13.0,979.3076923076923,517.546153846154,4626.0,4237,3,5567.0,0.915910073497622,10559.0,2.1115384615384616,13.0,68.72000000000001,28.153846153846153,1.231177194810115,exp_images/audio\ENGLISH\letter.wav,IMG_17_E_ACT,exp_images/images/women_read_letter.jpg,IMG_17,exp_images/sentences/active_women_letter.jpg,STIM_71,stimuli_list_subj_5_b.csv,ACT,active,agent_first,agent_overt,0.0,
edf17,36,English,sentence_audio,active,10199.0,4239.0,326.07692307692315,13.0,943.9461538461537,510.176923076923,4475.0,4475,6,5206.0,1.0,10199.0,4.1946153846153855,13.0,100.70692307692309,39.846153846153854,1.2746347681145211,exp_images/audio\ENGLISH\lamp.wav,IMG_01_E_ACT,exp_images/images/girl_lighted_lamp.jpg,IMG_01,exp_images/sentences/active_girl_lamp.jpg,STIM_55,stimuli_list_subj_5_b.csv,ACT,active,agent_first,agent_overt,0.0,
edf17,4,,free_viewing,,6070.0,4326.0,288.4,15.0,973.24,629.6933333333333,4503.0,1998,5,1286.0,0.44370419720186544,6070.0,3.1980000000000004,15.0,89.85200000000002,32.666666666666664,2.4711696869851734,UNDEFINEDnull,UNDEFINEDnull,exp_images/images/child_play_tabla.jpg,IMG_11,UNDEFINEDnull,UNDEFINEDnull,UNDEFINEDnull,UNDEFINEDnull,,,,,
edf17,5,,free_viewing,,5934.0,4224.0,281.6,15.0,957.4400000000003,428.51999999999987,4401.0,3328,8,1150.0,0.7561917745966825,5934.0,4.542666666666666,15.0,108.92266666666664,39.46666666666667,2.527805864509605,UNDEFINEDnull,UNDEFINEDnull,exp_images/images/child_throw_frisbee.jpg,IMG_12,UNDEFINEDnull,UNDEFINEDnull,UNDEFINEDnull,UNDEFINEDnull,,,,,
edf17,6,,free_viewing,,6105.0,4125.0,317.3076923076923,13.0,1008.3,503.49230769230775,4374.0,3962,4,1113.0,0.9058070416095108,6105.0,2.32,13.0,83.07846153846154,47.53846153846154,2.1294021294021293,UNDEFINEDnull,UNDEFINEDnull,exp_images/images/boy_filled_bucket.jpg,IMG_09,UNDEFINEDnull,UNDEFINEDnull,UNDEFINEDnull,UNDEFINEDnull,,,,,
edf17,7,,free_viewing,,5684.0,4436.0,403.27272727272725,11.0,1054.2545454545457,601.9090909090909,4682.0,4682,3,692.0,1.0,5684.0,2.2790909090909093,11.0,78.5218181818182,28.181818181818183,1.935256861365236,UNDEFINEDnull,UNDEFINEDnull,exp_images/images/women_read_letter.jpg,IMG_17,UNDEFINEDnull,UNDEFINEDnull,UNDEFINEDnull,UNDEFINEDnull,,,,,
edf17,8,,free_viewing,,6100.0,4310.0,307.85714285714283,14.0,1011.9571428571428,493.0142857142857,4497.0,4497,5,1107.0,1.0,6100.0,3.580714285714285,14.0,87.75,35.42857142857143,2.295081967213115,UNDEFINEDnull,UNDEFINEDnull,exp_images/images/driver_wash_scooter.jpg,IMG_14,UNDEFINEDnull,UNDEFINEDnull,UNDEFINEDnull,UNDEFINEDnull,,,,,
edf17,9,,free_viewing,,5710.0,4364.0,290.93333333333334,15.0,939.2533333333333,516.9133333333333,4424.0,4424,7,718.0,1.0,5710.0,4.574,15.0,113.11133333333336,37.86666666666667,2.626970227670753,UNDEFINEDnull,UNDEFINEDnull,exp_images/images/man_cut_shrub.jpg,IMG_04,UNDEFINEDnull,UNDEFINEDnull,UNDEFINEDnull,UNDEFINEDnull,,,,,
edf18,1,,free_viewing,,5800.0,4200.0,247.05882352941174,17.0,873.2941176470587,480.9,4444.0,4444,7,810.0,1.0,5800.0,2.765555555555556,18.0,79.7638888888889,30.555555555555557,3.103448275862069,UNDEFINEDnull,UNDEFINEDnull,exp_images/images/man_cut_shrub.jpg,IMG_04,UNDEFINEDnull,UNDEFINEDnull,UNDEFINEDnull,UNDEFINEDnull,,,,,
edf18,10,,free_viewing,,5751.0,3895.0,216.38888888888889,18.0,1008.4833333333332,520.0722222222222,3916.0,2583,6,958.0,0.6596016343207355,5751.0,4.049444444444445,18.0,168.02722222222226,59.77777777777778,3.129890453834116,UNDEFINEDnull,UNDEFINEDnull,exp_images/images/child_throw_frisbee.jpg,IMG_12,UNDEFINEDnull,UNDEFINEDnull,UNDEFINEDnull,UNDEFINEDnull,,,,,
edf18,11,,free_viewing,,5915.0,4098.0,273.2,15.0,986.9666666666667,515.4,4271.0,3133,4,923.0,0.733551861390775,5915.0,3.2837500000000004,16.0,97.7,45.75,2.704987320371936,UNDEFINEDnull,UNDEFINEDnull,exp_images/images/man_pushed_box.jpg,IMG_05,UNDEFINEDnull,UNDEFINEDnull,UNDEFINEDnull,UNDEFINEDnull,,,,,
edf18,12,,free_viewing,,5893.0,4117.0,316.6923076923077,13.0,775.6999999999998,634.3692307692307,4184.0,4184,4,901.0,1.0,5893.0,3.1876923076923074,13.0,156.24307692307693,62.153846153846146,2.2060071270999493,UNDEFINEDnull,UNDEFINEDnull,exp_images/images/girl_plant_tree.jpg,IMG_03,UNDEFINEDnull,UNDEFINEDnull,UNDEFINEDnull,UNDEFINEDnull,,,,,
edf18,13,,free_viewing,,5684.0,4034.0,310.3076923076923,13.0,973.7538461538464,447.97692307692313,4302.0,4302,7,692.0,1.0,5684.0,2.4961538461538457,13.0,148.43153846153848,53.07692307692307,2.287121745249824,UNDEFINEDnull,UNDEFINEDnull,exp_images/images/women_read_letter.jpg,IMG_17,UNDEFINEDnull,UNDEFINEDnull,UNDEFINEDnull,UNDEFINEDnull,,,,,
edf18,14,,free_viewing,,6008.0,4228.0,248.70588235294116,17.0,909.7294117647058,386.42352941176483,4438.0,4438,5,1016.0,1.0,6008.0,2.8017647058823525,17.0,79.80823529411767,32.588235294117645,2.8295605858854866,UNDEFINEDnull,UNDEFINEDnull,exp_images/images/driver_wash_scooter.jpg,IMG_14,UNDEFINEDnull,UNDEFINEDnull,UNDEFINEDnull,UNDEFINEDnull,,,,,
edf18,15,,free_viewing,,5826.0,4310.0,287.3333333333333,15.0,954.1066666666666,494.3733333333332,4395.0,3926,4,1074.0,0.893287827076223,5826.0,2.4766666666666666,15.0,91.93333333333337,39.86666666666667,2.574665293511844,UNDEFINEDnull,UNDEFINEDnull,exp_images/images/women_fold_clothes.jpg,IMG_06,UNDEFINEDnull,UNDEFINEDnull,UNDEFINEDnull,UNDEFINEDnull,,,,,
edf18,16,,free_viewing,,5638.0,4046.0,224.77777777777774,18.0,1105.2833333333333,473.26666666666665,4284.0,4046,4,1042.0,0.9444444444444444,5638.0,2.9336842105263163,19.0,114.00578947368422,41.578947368421055,3.3699893579283438,UNDEFINEDnull,UNDEFINEDnull,exp_images/images/girl_opened_window.jpg,IMG_02,UNDEFINEDnull,UNDEFINEDnull,UNDEFINEDnull,UNDEFINEDnull,,,,,
edf18,17,,free_viewing,,5653.0,4063.0,203.15,20.0,895.3199999999998,463.0100000000001,4229.0,4101,5,760.0,0.9697327973516198,5653.0,2.9709523809523817,21.0,105.10142857142857,40.857142857142854,3.7148416769856722,UNDEFINEDnull,UNDEFINEDnull,exp_images/images/artiste_drew_picture.jpg,IMG_07,UNDEFINEDnull,UNDEFINEDnull,UNDEFINEDnull,UNDEFINEDnull,,,,,
edf18,18,,free_viewing,,5708.0,4114.0,242.0,17.0,864.6352941176469,522.0529411764705,4275.0,4275,6,715.0,1.0,5708.0,2.8105882352941167,17.0,124.66705882352942,42.23529411764706,2.978276103714085,UNDEFINEDnull,UNDEFINEDnull,exp_images/images/boy_opened_door.jpg,IMG_10,UNDEFINEDnull,UNDEFINEDnull,UNDEFINEDnull,UNDEFINEDnull,,,,,
edf18,19,English,sentence_audio,passive_dropped_agent,11161.0,3975.0,265.0,15.0,835.5066666666668,512.08,4155.0,3189,5,6388.0,0.7675090252707581,11161.0,2.754666666666666,15.0,155.0146666666666,55.73333333333333,1.3439655944807811,exp_images/audio\ENGLISH\p_woa_tabla.wav,IMG_11_E_PNA,exp_images/images/child_play_tabla.jpg,IMG_11,exp_images/sentences/noagent_child_tabla.jpg,STIM_101,stimuli_list_subj_6_b.csv,PNA,passive_dropped_agent,non_agent_first,agent_dropped,1.0,1.0
edf18,2,,free_viewing,,6080.0,4328.0,309.14285714285717,14.0,769.2214285714286,526.7071428571428,4508.0,4172,6,1306.0,0.9254658385093169,6080.0,3.0978571428571433,14.0,81.56642857142856,34.57142857142857,2.3026315789473686,UNDEFINEDnull,UNDEFINEDnull,exp_images/images/child_play_tabla.jpg,IMG_11,UNDEFINEDnull,UNDEFINEDnull,UNDEFINEDnull,UNDEFINEDnull,,,,,
edf18,20,English,sentence_audio,passive_dropped_agent,10374.0,3938.0,302.92307692307685,13.0,903.4307692307692,442.69999999999993,4138.0,4138,12,5382.0,1.0,10374.0,2.021428571428572,14.0,230.40285714285716,62.28571428571429,1.3495276653171389,exp_images/audio\ENGLISH\p_woa_door.wav,IMG_10_E_PNA,exp_images/images/boy_opened_door.jpg,IMG_10,exp_images/sentences/noagent_boy_door.jpg,STIM_100,stimuli_list_subj_6_b.csv,PNA,passive_dropped_agent,non_agent_first,agent_dropped,1.0,1.0
edf18,21,English,sentence_audio,passive_dropped_agent,10618.0,3944.0,328.6666666666667,12.0,962.5333333333334,407.55,4235.0,3961,7,5625.0,0.93530106257379,10618.0,1.5041666666666669,12.0,232.36500000000004,63.16666666666666,1.1301563382934638,exp_images/audio\ENGLISH\p_woa_bucket.wav,IMG_09_E_PNA,exp_images/images/boy_filled_bucket.jpg,IMG_09,exp_images/sentences/noagent_boy_bucket.jpg,STIM_99,stimuli_list_subj_6_b.csv,PNA,passive_dropped_agent,non_agent_first,agent_dropped,1.0,1.0
edf18,22,Punjabi,sentence_audio,active,10483.0,3877.0,242.3125,16.0,837.93125,486.225,4085.0,3981,8,5490.0,0.9745410036719706,10483.0,2.3493749999999998,16.0,189.90062500000005,56.75,1.5262806448535724,exp_images/audio\PUNJABI\fed.wav,IMG_16_P_ACT,exp_images/images/girl_fed_dog.jpg,IMG_16,exp_images/sentences/Fed-dog.jpg,STIM_16,stimuli_list_subj_6_b.csv,ACT,active,agent_first,agent_overt,0.0,
edf18,23,Punjabi,sentence_audio,active,10220.0,3984.0,249.0,16.0,929.6187500000003,365.70625,4203.0,4203,5,5227.0,1.0,10220.0,2.328125,16.0,120.07125000000002,49.375,1.5655577299412915,exp_images/audio\PUNJABI\scooter.wav,IMG_14_P_ACT,exp_images/images/driver_wash_scooter.jpg,IMG_14,exp_images/sentences/Washed-scooter.jpg,STIM_14,stimuli_list_subj_6_b.csv,ACT,active,agent_first,agent_overt,0.0,
edf18,24,Punjabi,sentence_audio,active,10398.0,3928.0,245.5,16.0,936.4187500000003,415.05,4143.0,4143,7,5405.0,1.0,10398.0,2.896875,16.0,141.335,53.125,1.5387574533564148,exp_images/audio\PUNJABI\picture.wav,IMG_07_P_ACT,exp_images/images/artiste_drew_picture.jpg,IMG_07,exp_images/sentences/Painting.jpg,STIM_07,stimuli_list_subj_6_b.csv,ACT,active,agent_first,agent_overt,0.0,
edf18,25,Punjabi,sentence_audio,passive,10512.0,3980.0,284.2857142857143,14.0,828.5357142857144,506.3071428571429,4200.0,4200,7,5520.0,1.0,10512.0,3.444285714285715,14.0,136.13714285714286,56.57142857142857,1.3318112633181125,exp_images/audio\PUNJABI\p_sapling.wav,IMG_03_P_PWA,exp_images/images/girl_plant_tree.jpg,IMG_03,exp_images/sentences/Sapling-passive.jpg,STIM_21,stimuli_list_subj_6_b.csv,PWA,passive_with_agent,non_agent_first,agent_overt,1.0,0.0
edf18,26,Punjabi,sentence_audio,passive,10308.0,4096.0,341.3333333333333,12.0,981.75,386.51666666666665,4118.0,3986,6,5486.0,0.9679456046624576,10308.0,3.693333333333333,12.0,162.32000000000005,72.83333333333333,1.1641443538998837,exp_images/audio\PUNJABI\p_frisbee.wav,IMG_12_P_PWA,exp_images/images/child_throw_frisbee.jpg,IMG_12,exp_images/sentences/Frisbee-passive.jpg,STIM_30,stimuli_list_subj_6_b.csv,PWA,passive_with_agent,non_agent_first,agent_overt,1.0,0.0
edf18,27,Punjabi,sentence_audio,passive,10400.0,3838.0,213.22222222222226,18.0,861.7833333333334,436.3166666666667,4068.0,4068,6,5502.0,1.0,10400.0,2.0657894736842106,19.0,137.4021052631579,53.05263157894736,1.8269230769230769,exp_images/audio\PUNJABI\p_vase.wav,IMG_08_P_PWA,exp_images/images/boy_broke_vase.jpg,IMG_08,exp_images/sentences/Vase-passive.jpg,STIM_26,stimuli_list_subj_6_b.csv,PWA,passive_with_agent,non_agent_first,agent_overt,1.0,0.0
edf18,28,Punjabi,sentence_audio,passive_dropped_agent,11140.0,4188.0,380.7272727272728,11.0,1012.5545454545453,366.71818181818185,4361.0,4199,6,6147.0,0.9628525567530384,11140.0,1.98,11.0,190.35272727272732,57.45454545454545,0.9874326750448832,exp_images/audio\PUNJABI\p_woa_box.wav,IMG_05_P_PNA,exp_images/images/man_pushed_box.jpg,IMG_05,exp_images/sentences/Pushed-box-woa.jpg,STIM_41,stimuli_list_subj_6_b.csv,PNA,passive_dropped_agent,non_agent_first,agent_dropped,1.0,1.0
edf18,29,Punjabi,sentence_audio,passive_dropped_agent,11055.0,4104.0,273.6,15.0,792.4266666666667,455.2600000000001,4277.0,4277,4,6063.0,1.0,11055.0,2.7306250000000003,16.0,100.853125,45.375,1.4473089099954772,exp_images/audio\PUNJABI\p_woa_shrub.wav,IMG_04_P_PNA,exp_images/images/man_cut_shrub.jpg,IMG_04,exp_images/sentences/Shrub-woa.jpg,STIM_40,stimuli_list_subj_6_b.csv,PNA,passive_dropped_agent,non_agent_first,agent_dropped,1.0,1.0
edf18,3,,free_viewing,,5809.0,4163.0,231.27777777777774,18.0,760.4388888888889,533.5944444444443,4342.0,4342,4,817.0,1.0,5809.0,2.365,18.0,98.16777777777777,36.111111111111114,3.0986400413152007,UNDEFINEDnull,UNDEFINEDnull,exp_images/images/girl_lighted_lamp.jpg,IMG_01,UNDEFINEDnull,UNDEFINEDnull,UNDEFINEDnull,UNDEFINEDnull,,,,,
edf18,30,Punjabi,sentence_audio,passive_dropped_agent,10339.0,3985.0,332.0833333333333,12.0,934.2333333333332,366.39166666666665,4181.0,3985,7,5740.0,0.953121262855776,10339.0,2.252307692307693,13.0,173.96615384615384,63.384615384615394,1.257374987909856,exp_images/audio\PUNJABI\p_woa_window.wav,IMG_02_P_PNA,exp_images/images/girl_opened_window.jpg,IMG_02,exp_images/sentences/Window-woa.jpg,STIM_38,stimuli_list_subj_6_b.csv,PNA,passive_dropped_agent,non_agent_first,agent_dropped,1.0,1.0
edf18,31,English,sentence_audio,active,10435.0,4075.0,339.5833333333333,12.0,1001.6333333333333,672.1583333333333,4260.0,4260,3,5443.0,1.0,10435.0,2.620833333333333,12.0,118.51333333333336,61.0,1.149976042165788,exp_images/audio\ENGLISH\dug.wav,IMG_13_E_ACT,exp_images/images/dog_dug_hole.jpg,IMG_13,exp_images/sentences/active_dog_hole.jpg,STIM_67,stimuli_list_subj_6_b.csv,ACT,active,agent_first,agent_overt,0.0,
edf18,32,English,sentence_audio,active,10961.0,4257.0,354.75,12.0,972.6583333333333,576.3583333333332,4439.0,4309,5,5968.0,0.9707141248028835,10961.0,3.075833333333333,12.0,108.86083333333336,46.16666666666666,1.0947906212936775,exp_images/audio\ENGLISH\veg.wav,IMG_18_E_ACT,exp_images/images/boy_cut_vegetables.jpg,IMG_18,exp_images/sentences/active_boy_vegetables.jpg,STIM_72,stimuli_list_subj_6_b.csv,ACT,active,agent_first,agent_overt,0.0,
edf18,33,English,sentence_audio,active,10821.0,3947.0,328.9166666666667,12.0,923.55,505.475,4164.0,4010,5,5829.0,0.9630163304514888,10821.0,1.9316666666666664,12.0,151.77333333333334,69.0,1.1089548100914888,exp_images/audio\ENGLISH\cake.wav,IMG_15_E_ACT,exp_images/images/girl_baked_cake.jpg,IMG_15,exp_images/sentences/active_girl_cake.jpg,STIM_69,stimuli_list_subj_6_b.csv,ACT,active,agent_first,agent_overt,0.0,
edf18,34,English,sentence_audio,passive,10252.0,4406.0,367.16666666666674,12.0,968.1916666666666,487.3083333333333,4679.0,4593,4,5259.0,0.9816200042744176,10252.0,1.66,12.0,62.52250000000001,26.16666666666667,1.1705033164260632,exp_images/audio\ENGLISH\p_clothes.wav,IMG_06_E_PWA,exp_images/images/women_fold_clothes.jpg,IMG_06,exp_images/sentences/passive_woman_clothes.jpg,STIM_78,stimuli_list_subj_6_b.csv,PWA,passive_with_agent,non_agent_first,agent_overt,1.0,0.0
edf18,35,English,sentence_audio,passive,10781.0,4099.0,315.3076923076923,13.0,963.9461538461541,481.4384615384615,4462.0,4462,5,5789.0,1.0,10781.0,1.9715384615384617,13.0,83.01769230769231,40.769230769230774,1.2058250626101474,exp_images/audio\ENGLISH\p_letter.wav,IMG_17_E_PWA,exp_images/images/women_read_letter.jpg,IMG_17,exp_images/sentences/passive_women_letter.jpg,STIM_89,stimuli_list_subj_6_b.csv,PWA,passive_with_agent,non_agent_first,agent_overt,1.0,0.0
edf18,36,English,sentence_audio,passive,10969.0,3969.0,283.5,14.0,889.9428571428572,472.7785714285714,4237.0,4237,7,5976.0,1.0,10969.0,3.5042857142857144,14.0,128.93928571428572,54.0,1.2763241863433312,exp_images/audio\ENGLISH\p_lamp.wav,IMG_01_E_PWA,exp_images/images/girl_lighted_lamp.jpg,IMG_01,exp_images/sentences/passive_girl_lamp.jpg,STIM_73,stimuli_list_subj_6_b.csv,PWA,passive_with_agent,non_agent_first,agent_overt,1.0,0.0
edf18,4,,free_viewing,,5942.0,4224.0,264.0,16.0,915.6125,478.1,4232.0,4004,6,950.0,0.946124763705104,5942.0,1.83125,16.0,166.88875000000004,47.5,2.692696061932009,UNDEFINEDnull,UNDEFINEDnull,exp_images/images/girl_baked_cake.jpg,IMG_15,UNDEFINEDnull,UNDEFINEDnull,UNDEFINEDnull,UNDEFINEDnull,,,,,
edf18,5,,free_viewing,,6125.0,4407.0,400.6363636363636,11.0,981.6090909090907,481.0,4644.0,4396,6,1133.0,0.9465977605512488,6125.0,2.493636363636364,11.0,74.77545454545455,31.63636363636364,1.7959183673469388,UNDEFINEDnull,UNDEFINEDnull,exp_images/images/boy_filled_bucket.jpg,IMG_09,UNDEFINEDnull,UNDEFINEDnull,UNDEFINEDnull,UNDEFINEDnull,,,,,
edf18,6,,free_viewing,,5893.0,4226.0,264.125,16.0,972.9,570.83125,4407.0,4123,6,901.0,0.9355570683004312,5893.0,3.578125,16.0,88.788125,36.625,2.7150856948922453,UNDEFINEDnull,UNDEFINEDnull,exp_images/images/boy_cut_vegetables.jpg,IMG_18,UNDEFINEDnull,UNDEFINEDnull,UNDEFINEDnull,UNDEFINEDnull,,,,,
edf18,7,,free_viewing,,5751.0,4399.0,338.38461538461536,13.0,928.3846153846154,482.8384615384616,4631.0,4631,3,758.0,1.0,5751.0,1.9446153846153849,13.0,68.0076923076923,27.84615384615385,2.2604764388801946,UNDEFINEDnull,UNDEFINEDnull,exp_images/images/boy_broke_vase.jpg,IMG_08,UNDEFINEDnull,UNDEFINEDnull,UNDEFINEDnull,UNDEFINEDnull,,,,,
edf18,8,,free_viewing,,5821.0,4263.0,236.83333333333331,18.0,918.8499999999997,703.9500000000003,4416.0,3814,5,829.0,0.863677536231884,5821.0,2.7677777777777783,18.0,78.10722222222222,32.0,3.092252190345301,UNDEFINEDnull,UNDEFINEDnull,exp_images/images/dog_dug_hole.jpg,IMG_13,UNDEFINEDnull,UNDEFINEDnull,UNDEFINEDnull,UNDEFINEDnull,,,,,
edf18,9,,free_viewing,,6106.0,4138.0,295.57142857142856,14.0,912.6714285714284,701.8571428571429,4377.0,3341,10,1113.0,0.7633082019648161,6106.0,2.904285714285714,14.0,141.55785714285716,44.0,2.2928267278087127,UNDEFINEDnull,UNDEFINEDnull,exp_images/images/girl_fed_dog.jpg,IMG_16,UNDEFINEDnull,UNDEFINEDnull,UNDEFINEDnull,UNDEFINEDnull,,,,,
edf19,1,,free_viewing,,5815.0,4071.0,271.4,15.0,808.12,560.9533333333334,4482.0,3815,6,1278.0,0.8511825078090138,5815.0,3.4306666666666668,15.0,85.21333333333334,34.0,2.5795356835769563,UNDEFINEDnull,UNDEFINEDnull,exp_images/images/girl_plant_tree.jpg,IMG_03,UNDEFINEDnull,UNDEFINEDnull,UNDEFINEDnull,UNDEFINEDnull,,,,,
edf19,10,,free_viewing,,5784.0,4608.0,576.0,8.0,890.6374999999998,564.5875,4774.0,4774,5,792.0,1.0,5784.0,2.01625,8.0,65.65124999999999,27.25,1.3831258644536653,UNDEFINEDnull,UNDEFINEDnull,exp_images/images/women_fold_clothes.jpg,IMG_06,UNDEFINEDnull,UNDEFINEDnull,UNDEFINEDnull,UNDEFINEDnull,,,,,
edf19,11,,free_viewing,,5916.0,3908.0,390.8,10.0,996.8000000000003,411.2600000000001,4059.0,4059,6,923.0,1.0,5916.0,3.236,10.0,107.95200000000001,93.4,1.690331304935767,UNDEFINEDnull,UNDEFINEDnull,exp_images/images/man_pushed_box.jpg,IMG_05,UNDEFINEDnull,UNDEFINEDnull,UNDEFINEDnull,UNDEFINEDnull,,,,,
edf19,12,,free_viewing,,6039.0,3997.0,363.3636363636364,11.0,949.3545454545456,537.3181818181819,4248.0,1926,5,1328.0,0.4533898305084746,6039.0,4.448181818181818,11.0,233.63636363636363,67.63636363636364,1.8214936247723132,UNDEFINEDnull,UNDEFINEDnull,exp_images/images/child_throw_frisbee.jpg,IMG_12,UNDEFINEDnull,UNDEFINEDnull,UNDEFINEDnull,UNDEFINEDnull,,,,,
edf19,13,,free_viewing,,5991.0,4429.0,442.9,10.0,844.5099999999999,532.5699999999998,4639.0,4273,3,1422.0,0.9211036861392542,5991.0,3.4650000000000007,10.0,87.54099999999998,35.4,1.669170422300117,UNDEFINEDnull,UNDEFINEDnull,exp_images/images/girl_lighted_lamp.jpg,IMG_01,UNDEFINEDnull,UNDEFINEDnull,UNDEFINEDnull,UNDEFINEDnull,,,,,
edf19,14,,free_viewing,,5811.0,4501.0,500.11111111111114,9.0,835.3777777777779,491.33333333333326,4662.0,1610,4,819.0,0.3453453453453453,5811.0,1.2844444444444447,9.0,129.86111111111111,36.66666666666666,1.5487867836861129,UNDEFINEDnull,UNDEFINEDnull,exp_images/images/girl_baked_cake.jpg,IMG_15,UNDEFINEDnull,UNDEFINEDnull,UNDEFINEDnull,UNDEFINEDnull,,,,,
edf19,15,,free_viewing,,5660.0,4448.0,494.22222222222223,9.0,950.522222222222,409.3777777777778,4729.0,4729,5,667.0,1.0,5660.0,2.2422222222222223,9.0,68.95555555555556,29.33333333333333,1.5901060070671378,UNDEFINEDnull,UNDEFINEDnull,exp_images/images/girl_opened_window.jpg,IMG_02,UNDEFINEDnull,UNDEFINEDnull,UNDEFINEDnull,UNDEFINEDnull,,,,,
edf19,16,,free_viewing,,5928.0,4158.0,346.5,12.0,851.7333333333335,537.3583333333332,4313.0,4313,3,935.0,1.0,5928.0,2.624166666666667,12.0,188.4858333333333,56.66666666666666,2.0242914979757085,UNDEFINEDnull,UNDEFINEDnull,exp_images/images/boy_opened_door.jpg,IMG_10,UNDEFINEDnull,UNDEFINEDnull,UNDEFINEDnull,UNDEFINEDnull,,,,,
edf19,17,,free_viewing,,5760.0,4328.0,332.92307692307685,13.0,986.1692307692308,741.8230769230769,4534.0,4534,4,838.0,1.0,5760.0,1.9528571428571424,14.0,111.16785714285714,39.142857142857146,2.4305555555555562,UNDEFINEDnull,UNDEFINEDnull,exp_images/images/boy_cut_vegetables.jpg,IMG_18,UNDEFINEDnull,UNDEFINEDnull,UNDEFINEDnull,UNDEFINEDnull,,,,,
edf19,18,,free_viewing,,5924.0,4050.0,810.0,5.0,490.94000000000005,579.6599999999999,4516.0,4448,1,932.0,0.9849424269264836,5924.0,4.6433333333333335,6.0,102.84333333333332,81.33333333333333,1.0128291694800808,UNDEFINEDnull,UNDEFINEDnull,exp_images/images/man_cut_shrub.jpg,IMG_04,UNDEFINEDnull,UNDEFINEDnull,UNDEFINEDnull,UNDEFINEDnull,,,,,
edf19,19,Punjabi,sentence_audio,active,11054.0,4182.0,298.7142857142857,14.0,894.0357142857142,501.45000000000016,4329.0,3378,8,6240.0,0.7803187803187803,11054.0,3.4364285714285714,14.0,127.95500000000004,47.42857142857143,1.2665098606839154,exp_images/audio\PUNJABI\tabla.wav,IMG_11_P_ACT,exp_images/images/child_play_tabla.jpg,IMG_11,exp_images/sentences/Tabla.jpg,STIM_11,stimuli_list_subj_7_b.csv,ACT,active,agent_first,agent_overt,0.0,
edf19,2,,free_viewing,,6132.0,4204.0,300.2857142857143,14.0,852.2142857142858,616.4857142857143,4352.0,3200,6,1320.0,0.7352941176470589,6132.0,3.035,14.0,116.40285714285713,45.714285714285715,2.2831050228310503,UNDEFINEDnull,UNDEFINEDnull,exp_images/images/child_play_tabla.jpg,IMG_11,UNDEFINEDnull,UNDEFINEDnull,UNDEFINEDnull,UNDEFINEDnull,,,,,
edf19,20,Punjabi,sentence_audio,active,10780.0,4482.0,498.0,9.0,880.6444444444444,470.68888888888887,4770.0,4770,4,5788.0,1.0,10780.0,1.5244444444444445,9.0,60.28777777777778,24.66666666666667,0.8348794063079777,exp_images/audio\PUNJABI\door.wav,IMG_10_P_ACT,exp_images/images/boy_opened_door.jpg,IMG_10,exp_images/sentences/Closed-door.jpg,STIM_10,stimuli_list_subj_7_b.csv,ACT,active,agent_first,agent_overt,0.0,
edf19,21,Punjabi,sentence_audio,active,10598.0,4212.0,300.85714285714283,14.0,932.592857142857,557.2357142857144,4480.0,4480,7,5606.0,1.0,10598.0,1.6871428571428573,14.0,113.43857142857144,36.57142857142857,1.3210039630118893,exp_images/audio\PUNJABI\bucket.wav,IMG_09_P_ACT,exp_images/images/boy_filled_bucket.jpg,IMG_09,exp_images/sentences/Bucket.jpg,STIM_09,stimuli_list_subj_7_b.csv,ACT,active,agent_first,agent_overt,0.0,
edf19,22,Punjabi,sentence_audio,passive,11042.0,1732.0,157.45454545454547,11.0,1073.7636363636361,627.6272727272726,1893.0,1869,7,6049.0,0.9873217115689382,11042.0,2.905,10.0,476.032,312.4,0.9056330374932078,exp_images/audio\PUNJABI\p_fed.wav,IMG_16_P_PWA,exp_images/images/girl_fed_dog.jpg,IMG_16,exp_images/sentences/Fed-dog-passive.jpg,STIM_34,stimuli_list_subj_7_b.csv,PWA,passive_with_agent,non_agent_first,agent_overt,1.0,0.0
edf19,23,Punjabi,sentence_audio,passive,10261.0,3823.0,224.88235294117646,17.0,858.8941176470587,575.6764705882352,3924.0,3392,7,5269.0,0.8644240570846076,10261.0,3.397647058823529,17.0,216.4105882352941,62.82352941176471,1.656758600526265,exp_images/audio\PUNJABI\p_scooter.wav,IMG_14_P_PWA,exp_images/images/driver_wash_scooter.jpg,IMG_14,exp_images/sentences/Washed-scooter-passive.jpg,STIM_32,stimuli_list_subj_7_b.csv,PWA,passive_with_agent,non_agent_first,agent_overt,1.0,0.0
edf19,24,Punjabi,sentence_audio,passive,10240.0,2896.0,241.33333333333331,12.0,837.7166666666667,453.08333333333326,2924.0,2792,6,5298.0,0.9548563611491108,10240.0,4.3753846153846165,13.0,376.14076923076937,160.30769230769232,1.26953125,exp_images/audio\PUNJABI\p_picture.wav,IMG_07_P_PWA,exp_images/images/artiste_drew_picture.jpg,IMG_07,exp_images/sentences/Painting-passive.jpg,STIM_25,stimuli_list_subj_7_b.csv,PWA,passive_with_agent,non_agent_first,agent_overt,1.0,0.0
edf19,25,Punjabi,sentence_audio,passive_dropped_agent,10356.0,1614.0,201.75,8.0,865.7125,444.55,2010.0,1124,3,5658.0,0.5592039800995025,10356.0,8.32,10.0,643.3109999999998,316.4,0.9656237929702588,exp_images/audio\PUNJABI\p_woa_sapling.wav,IMG_03_P_PNA,exp_images/images/girl_plant_tree.jpg,IMG_03,exp_images/sentences/Sapling-woa.jpg,STIM_39,stimuli_list_subj_7_b.csv,PNA,passive_dropped_agent,non_agent_first,agent_dropped,1.0,1.0
edf19,26,Punjabi,sentence_audio,passive_dropped_agent,10406.0,2564.0,256.4,10.0,978.39,501.85,2745.0,1870,4,5694.0,0.6812386156648452,10406.0,3.4170000000000003,10.0,445.426,224.8,0.9609840476648088,exp_images/audio\PUNJABI\p_woa_frisbee.wav,IMG_12_P_PNA,exp_images/images/child_throw_frisbee.jpg,IMG_12,exp_images/sentences/Frisbee-woa.jpg,STIM_48,stimuli_list_subj_7_b.csv,PNA,passive_dropped_agent,non_agent_first,agent_dropped,1.0,1.0
edf19,27,Punjabi,sentence_audio,passive_dropped_agent,10191.0,4309.0,359.08333333333326,12.0,851.3916666666665,699.1999999999997,4568.0,3566,7,5199.0,0.7806479859894921,10191.0,2.9725,12.0,75.75083333333335,35.333333333333336,1.177509567265234,exp_images/audio\PUNJABI\p_woa_vase.wav,IMG_08_P_PNA,exp_images/images/boy_broke_vase.jpg,IMG_08,exp_images/sentences/Vase-woa.jpg,STIM_44,stimuli_list_subj_7_b.csv,PNA,passive_dropped_agent,non_agent_first,agent_dropped,1.0,1.0
edf19,28,English,sentence_audio,active,11155.0,4137.0,376.09090909090907,11.0,972.5454545454544,460.60909090909104,4294.0,3471,4,6354.0,0.8083372147182114,11155.0,2.462727272727273,11.0,219.62,63.45454545454545,0.9861048857014793,exp_images/audio\ENGLISH\box.wav,IMG_05_E_ACT,exp_images/images/man_pushed_box.jpg,IMG_05,exp_images/sentences/active_man_box.jpg,STIM_59,stimuli_list_subj_7_b.csv,ACT,active,agent_first,agent_overt,0.0,
edf19,29,English,sentence_audio,active,10548.0,4436.0,492.88888888888886,9.0,788.3444444444444,541.1111111111112,4669.0,4669,4,5555.0,1.0,10548.0,2.65,9.0,144.68888888888887,36.0,0.8532423208191127,exp_images/audio\ENGLISH\shrub.wav,IMG_04_E_ACT,exp_images/images/man_cut_shrub.jpg,IMG_04,exp_images/sentences/active_man_shrub.jpg,STIM_58,stimuli_list_subj_7_b.csv,ACT,active,agent_first,agent_overt,0.0,
edf19,3,,free_viewing,,5944.0,4148.0,276.53333333333336,15.0,834.1866666666666,649.1333333333333,4285.0,2542,6,1126.0,0.5932322053675613,5944.0,4.054666666666667,15.0,137.99466666666666,47.2,2.5235531628532977,UNDEFINEDnull,UNDEFINEDnull,exp_images/images/girl_fed_dog.jpg,IMG_16,UNDEFINEDnull,UNDEFINEDnull,UNDEFINEDnull,UNDEFINEDnull,,,,,
edf19,30,English,sentence_audio,active,10804.0,4238.0,605.4285714285714,7.0,979.2428571428572,462.6428571428572,4538.0,3882,5,6142.0,0.8554429263992949,10804.0,2.81,8.0,192.68125,58.25,0.7404664938911514,exp_images/audio\ENGLISH\window.wav,IMG_02_E_ACT,exp_images/images/girl_opened_window.jpg,IMG_02,exp_images/sentences/active_girl_window.jpg,STIM_56,stimuli_list_subj_7_b.csv,ACT,active,agent_first,agent_overt,0.0,
edf19,31,English,sentence_audio,passive,11003.0,4239.0,385.3636363636364,11.0,1080.2454545454543,727.7090909090907,4425.0,4199,5,6010.0,0.9489265536723164,11003.0,2.4081818181818186,11.0,172.63454545454545,51.63636363636363,0.9997273470871579,exp_images/audio\ENGLISH\p_dug.wav,IMG_13_E_PWA,exp_images/images/dog_dug_hole.jpg,IMG_13,exp_images/sentences/passive_dog_hole.jpg,STIM_85,stimuli_list_subj_7_b.csv,PWA,passive_with_agent,non_agent_first,agent_overt,1.0,0.0
edf19,32,English,sentence_audio,passive,10683.0,3541.0,393.4444444444445,9.0,850.5666666666666,528.9888888888888,3841.0,3513,4,6018.0,0.9146055714657642,10683.0,3.675555555555556,9.0,200.8988888888889,128.0,0.8424599831508004,exp_images/audio\ENGLISH\p_veg.wav,IMG_18_E_PWA,exp_images/images/boy_cut_vegetables.jpg,IMG_18,exp_images/sentences/passive_boy_vegetables.jpg,STIM_90,stimuli_list_subj_7_b.csv,PWA,passive_with_agent,non_agent_first,agent_overt,1.0,0.0
edf19,33,English,sentence_audio,passive,10277.0,4249.0,472.11111111111114,9.0,745.2111111111111,494.91111111111115,4437.0,1887,4,5844.0,0.4252873563218391,10277.0,3.4819999999999998,10.0,87.89200000000001,76.4,0.973046608932568,exp_images/audio\ENGLISH\p_cake.wav,IMG_15_E_PWA,exp_images/images/girl_baked_cake.jpg,IMG_15,exp_images/sentences/passive_girl_cake.jpg,STIM_87,stimuli_list_subj_7_b.csv,PWA,passive_with_agent,non_agent_first,agent_overt,1.0,0.0
edf19,34,English,sentence_audio,passive_dropped_agent,11072.0,3738.0,373.8,10.0,809.9100000000002,404.43,3895.0,3611,5,6079.0,0.9270860077021824,11072.0,4.842727272727274,11.0,122.67545454545456,100.72727272727272,0.9934971098265896,exp_images/audio\ENGLISH\p_woa_clothes.wav,IMG_06_E_PNA,exp_images/images/women_fold_clothes.jpg,IMG_06,exp_images/sentences/noagent_woman_clothes.jpg,STIM_96,stimuli_list_subj_7_b.csv,PNA,passive_dropped_agent,non_agent_first,agent_dropped,1.0,1.0
edf19,35,English,sentence_audio,passive_dropped_agent,10387.0,2869.0,220.6923076923077,13.0,852.7000000000003,408.40769230769234,3083.0,2701,4,6198.0,0.8760947129419396,10387.0,4.818461538461538,13.0,316.50384615384615,146.9230769230769,1.2515644555694618,exp_images/audio\ENGLISH\p_woa_letter.wav,IMG_17_E_PNA,exp_images/images/women_read_letter.jpg,IMG_17,exp_images/sentences/noagent_women_letter.jpg,STIM_107,stimuli_list_subj_7_b.csv,PNA,passive_dropped_agent,non_agent_first,agent_dropped,1.0,1.0
edf19,36,English,sentence_audio,passive_dropped_agent,10638.0,4594.0,510.4444444444445,9.0,899.7555555555556,498.6444444444445,4712.0,4594,7,5794.0,0.9749575551782682,10638.0,1.7033333333333336,9.0,61.52555555555556,31.11111111111111,0.8460236886632826,exp_images/audio\ENGLISH\p_woa_lamp.wav,IMG_01_E_PNA,exp_images/images/girl_lighted_lamp.jpg,IMG_01,exp_images/sentences/noagent_girl_lamp.jpg,STIM_91,stimuli_list_subj_7_b.csv,PNA,passive_dropped_agent,non_agent_first,agent_dropped,1.0,1.0
edf19,4,,free_viewing,,5773.0,4221.0,324.6923076923077,13.0,786.3692307692309,730.0615384615387,4343.0,2529,6,966.0,0.582316371172001,5773.0,3.3207142857142857,14.0,124.43214285714285,47.14285714285714,2.4250822795773432,UNDEFINEDnull,UNDEFINEDnull,exp_images/images/dog_dug_hole.jpg,IMG_13,UNDEFINEDnull,UNDEFINEDnull,UNDEFINEDnull,UNDEFINEDnull,,,,,
edf19,5,,free_viewing,,5747.0,4469.0,343.76923076923083,13.0,776.8153846153847,463.96153846153845,4604.0,4469,2,932.0,0.9706776715899218,5747.0,2.64,13.0,73.33384615384615,29.84615384615385,2.2620497650948317,UNDEFINEDnull,UNDEFINEDnull,exp_images/images/artiste_drew_picture.jpg,IMG_07,UNDEFINEDnull,UNDEFINEDnull,UNDEFINEDnull,UNDEFINEDnull,,,,,
edf19,6,,free_viewing,,6107.0,4467.0,496.33333333333326,9.0,862.7333333333332,550.0333333333333,4668.0,4404,7,1115.0,0.9434447300771208,6107.0,3.4288888888888893,9.0,90.26333333333334,36.0,1.4737186834779756,UNDEFINEDnull,UNDEFINEDnull,exp_images/images/boy_broke_vase.jpg,IMG_08,UNDEFINEDnull,UNDEFINEDnull,UNDEFINEDnull,UNDEFINEDnull,,,,,
edf19,7,,free_viewing,,5804.0,4458.0,342.92307692307685,13.0,951.153846153846,560.1000000000001,4616.0,4458,7,1000.0,0.9657712305025996,5804.0,2.1792307692307693,13.0,64.11538461538464,28.923076923076927,2.2398345968297724,UNDEFINEDnull,UNDEFINEDnull,exp_images/images/women_read_letter.jpg,IMG_17,UNDEFINEDnull,UNDEFINEDnull,UNDEFINEDnull,UNDEFINEDnull,,,,,
edf19,8,,free_viewing,,5649.0,4573.0,762.1666666666665,6.0,909.4666666666666,479.7166666666667,4736.0,4231,2,657.0,0.8933699324324325,5649.0,1.6616666666666664,6.0,186.25666666666663,42.66666666666666,1.0621348911311737,UNDEFINEDnull,UNDEFINEDnull,exp_images/images/boy_filled_bucket.jpg,IMG_09,UNDEFINEDnull,UNDEFINEDnull,UNDEFINEDnull,UNDEFINEDnull,,,,,
edf19,9,,free_viewing,,6072.0,4470.0,372.5,12.0,1017.7833333333334,660.1416666666668,4611.0,4611,3,1079.0,1.0,6072.0,2.535,12.0,74.27583333333331,31.83333333333333,1.9762845849802368,UNDEFINEDnull,UNDEFINEDnull,exp_images/images/driver_wash_scooter.jpg,IMG_14,UNDEFINEDnull,UNDEFINEDnull,UNDEFINEDnull,UNDEFINEDnull,,,,,
edf20,1,,free_viewing,,5933.0,4593.0,1531.0,3.0,988.4666666666667,465.9,4809.0,3807,2,1032.0,0.7916406737367436,5933.0,2.405,4.0,229.9525,64.5,0.6741951795044666,UNDEFINEDnull,UNDEFINEDnull,exp_images/images/women_read_letter.jpg,IMG_17,UNDEFINEDnull,UNDEFINEDnull,UNDEFINEDnull,UNDEFINEDnull,,,,,
edf20,10,,free_viewing,,5974.0,4358.0,335.23076923076917,13.0,795.1923076923077,529.7384615384615,4552.0,4292,5,982.0,0.9428822495606328,5974.0,3.3207692307692303,13.0,86.18153846153845,33.846153846153854,2.1760964178105118,UNDEFINEDnull,UNDEFINEDnull,exp_images/images/girl_lighted_lamp.jpg,IMG_01,UNDEFINEDnull,UNDEFINEDnull,UNDEFINEDnull,UNDEFINEDnull,,,,,
edf20,11,,free_viewing,,6132.0,4526.0,452.6,10.0,1033.21,495.0399999999999,4700.0,4700,2,1140.0,1.0,6132.0,2.494,10.0,74.05699999999999,29.2,1.6307893020221789,UNDEFINEDnull,UNDEFINEDnull,exp_images/images/boy_opened_door.jpg,IMG_10,UNDEFINEDnull,UNDEFINEDnull,UNDEFINEDnull,UNDEFINEDnull,,,,,
edf20,12,,free_viewing,,5851.0,4251.0,265.6875,16.0,1010.53125,462.28750000000014,4396.0,4222,5,859.0,0.9604185623293904,5851.0,3.133125,16.0,87.22312500000002,37.25,2.73457528627585,UNDEFINEDnull,UNDEFINEDnull,exp_images/images/man_pushed_box.jpg,IMG_05,UNDEFINEDnull,UNDEFINEDnull,UNDEFINEDnull,UNDEFINEDnull,,,,,
edf20,13,,free_viewing,,5999.0,4587.0,764.5,6.0,1095.35,462.26666666666665,4756.0,4116,3,1216.0,0.8654331370899916,5999.0,4.5683333333333325,6.0,108.16333333333334,39.333333333333336,1.0001666944490748,UNDEFINEDnull,UNDEFINEDnull,exp_images/images/child_throw_frisbee.jpg,IMG_12,UNDEFINEDnull,UNDEFINEDnull,UNDEFINEDnull,UNDEFINEDnull,,,,,
edf20,14,,free_viewing,,5733.0,4268.0,304.85714285714283,14.0,970.5571428571428,563.3214285714286,4457.0,4457,6,741.0,1.0,5733.0,3.9619999999999997,15.0,96.19400000000005,36.93333333333333,2.6164311878597597,UNDEFINEDnull,UNDEFINEDnull,exp_images/images/artiste_drew_picture.jpg,IMG_07,UNDEFINEDnull,UNDEFINEDnull,UNDEFINEDnull,UNDEFINEDnull,,,,,
edf20,15,,free_viewing,,5758.0,4168.0,320.61538461538464,13.0,968.7,776.1923076923077,4588.0,4314,4,766.0,0.9402789886660854,5758.0,2.9738461538461536,13.0,84.9007692307692,31.07692307692308,2.2577283779089963,UNDEFINEDnull,UNDEFINEDnull,exp_images/images/boy_cut_vegetables.jpg,IMG_18,UNDEFINEDnull,UNDEFINEDnull,UNDEFINEDnull,UNDEFINEDnull,,,,,
edf20,16,,free_viewing,,6126.0,4378.0,486.4444444444445,9.0,825.7,599.4555555555556,4674.0,4378,2,1468.0,0.936670945656825,6126.0,3.6222222222222222,9.0,96.29222222222221,35.333333333333336,1.4691478942213516,UNDEFINEDnull,UNDEFINEDnull,exp_images/images/child_play_tabla.jpg,IMG_11,UNDEFINEDnull,UNDEFINEDnull,UNDEFINEDnull,UNDEFINEDnull,,,,,
edf20,17,,free_viewing,,5643.0,4321.0,432.1,10.0,886.79,680.97,4562.0,2102,5,651.0,0.4607628233231039,5643.0,3.801,10.0,92.483,43.0,1.7721070352649297,UNDEFINEDnull,UNDEFINEDnull,exp_images/images/girl_fed_dog.jpg,IMG_16,UNDEFINEDnull,UNDEFINEDnull,UNDEFINEDnull,UNDEFINEDnull,,,,,
edf20,18,,free_viewing,,6093.0,4469.0,496.5555555555555,9.0,1064.8444444444444,387.97777777777776,4706.0,4706,6,1101.0,1.0,6093.0,2.7544444444444447,9.0,81.54777777777777,31.777777777777782,1.4771048744460855,UNDEFINEDnull,UNDEFINEDnull,exp_images/images/girl_opened_window.jpg,IMG_02,UNDEFINEDnull,UNDEFINEDnull,UNDEFINEDnull,UNDEFINEDnull,,,,,
edf20,19,Punjabi,sentence_audio,passive,10742.0,4376.0,437.6,10.0,813.1099999999999,537.4,4554.0,4038,4,5968.0,0.8866930171277997,10742.0,2.7289999999999996,10.0,144.40699999999995,43.8,0.9309253397877488,exp_images/audio\PUNJABI\p_tabla.wav,IMG_11_P_PWA,exp_images/images/child_play_tabla.jpg,IMG_11,exp_images/sentences/Tabla-passive.jpg,STIM_29,stimuli_list_subj_8_b.csv,PWA,passive_with_agent,non_agent_first,agent_overt,1.0,0.0
edf20,2,,free_viewing,,6126.0,4232.0,282.1333333333333,15.0,879.1466666666664,560.3999999999999,4433.0,3497,6,1133.0,0.7888563049853372,6126.0,4.000666666666667,15.0,97.154,37.333333333333336,2.4485798237022527,UNDEFINEDnull,UNDEFINEDnull,exp_images/images/girl_plant_tree.jpg,IMG_03,UNDEFINEDnull,UNDEFINEDnull,UNDEFINEDnull,UNDEFINEDnull,,,,,
edf20,20,Punjabi,sentence_audio,passive,10671.0,4521.0,452.1,10.0,962.48,424.65,4564.0,4564,5,5679.0,1.0,10671.0,1.921,10.0,137.597,42.8,0.93711929528629,exp_images/audio\PUNJABI\p_door.wav,IMG_10_P_PWA,exp_images/images/boy_opened_door.jpg,IMG_10,exp_images/sentences/Closed-door-passive.jpg,STIM_28,stimuli_list_subj_8_b.csv,PWA,passive_with_agent,non_agent_first,agent_overt,1.0,0.0
edf20,21,Punjabi,sentence_audio,passive,10647.0,4548.0,649.7142857142858,7.0,899.0428571428572,476.95714285714297,4776.0,4776,3,5654.0,1.0,10647.0,1.73875,8.0,59.185,28.5,0.7513853667699821,exp_images/audio\PUNJABI\p_bucket.wav,IMG_09_P_PWA,exp_images/images/boy_filled_bucket.jpg,IMG_09,exp_images/sentences/Bucket-passive.jpg,STIM_27,stimuli_list_subj_8_b.csv,PWA,passive_with_agent,non_agent_first,agent_overt,1.0,0.0
edf20,22,Punjabi,sentence_audio,passive_dropped_agent,10211.0,4359.0,484.33333333333326,9.0,995.7111111111113,677.5000000000001,4569.0,2913,4,5454.0,0.6375574523965857,10211.0,3.3855555555555563,9.0,100.89444444444445,47.111111111111114,0.8814024091665851,exp_images/audio\PUNJABI\p_woa_fed.wav,IMG_16_P_PNA,exp_images/images/girl_fed_dog.jpg,IMG_16,exp_images/sentences/Fed-dog-woa.jpg,STIM_52,stimuli_list_subj_8_b.csv,PNA,passive_dropped_agent,non_agent_first,agent_dropped,1.0,1.0
edf20,23,Punjabi,sentence_audio,passive_dropped_agent,10684.0,4088.0,408.8,10.0,1028.4900000000002,505.82999999999987,4440.0,4440,3,5692.0,1.0,10684.0,3.554,10.0,233.213,55.2,0.9359790340696368,exp_images/audio\PUNJABI\p_woa_scooter.wav,IMG_14_P_PNA,exp_images/images/driver_wash_scooter.jpg,IMG_14,exp_images/sentences/Washed-scooter-woa.jpg,STIM_50,stimuli_list_subj_8_b.csv,PNA,passive_dropped_agent,non_agent_first,agent_dropped,1.0,1.0
edf20,24,Punjabi,sentence_audio,passive_dropped_agent,11052.0,4468.0,496.4444444444445,9.0,863.6222222222223,461.78888888888895,4722.0,4722,3,6060.0,1.0,11052.0,2.675555555555556,9.0,75.4388888888889,30.0,0.8143322475570033,exp_images/audio\PUNJABI\p_woa_picture.wav,IMG_07_P_PNA,exp_images/images/artiste_drew_picture.jpg,IMG_07,exp_images/sentences/Painting-woa.jpg,STIM_43,stimuli_list_subj_8_b.csv,PNA,passive_dropped_agent,non_agent_first,agent_dropped,1.0,1.0
edf20,25,English,sentence_audio,active,10635.0,4429.0,553.625,8.0,781.8374999999999,498.6,4616.0,4616,6,5643.0,1.0,10635.0,2.68375,8.0,152.4225,47.0,0.7522331922896098,exp_images/audio\ENGLISH\sapling.wav,IMG_03_E_ACT,exp_images/images/girl_plant_tree.jpg,IMG_03,exp_images/sentences/active_girl_sapling.jpg,STIM_57,stimuli_list_subj_8_b.csv,ACT,active,agent_first,agent_overt,0.0,
edf20,26,English,sentence_audio,active,10974.0,4324.0,360.33333333333326,12.0,1011.8083333333334,459.65833333333336,4526.0,3554,6,6222.0,0.7852408307556341,10974.0,4.321666666666666,12.0,101.90416666666664,38.833333333333336,1.0934937124111537,exp_images/audio\ENGLISH\frisbee.wav,IMG_12_E_ACT,exp_images/images/child_throw_frisbee.jpg,IMG_12,exp_images/sentences/active_child_frisbee.jpg,STIM_66,stimuli_list_subj_8_b.csv,ACT,active,agent_first,agent_overt,0.0,
edf20,27,English,sentence_audio,active,10615.0,4669.0,778.1666666666665,6.0,923.3666666666667,480.61666666666673,4820.0,4820,3,5623.0,1.0,10615.0,2.223333333333333,6.0,75.73,28.66666666666667,0.5652378709373528,exp_images/audio\ENGLISH\vase.wav,IMG_08_E_ACT,exp_images/images/boy_broke_vase.jpg,IMG_08,exp_images/sentences/active_boy_vase.jpg,STIM_62,stimuli_list_subj_8_b.csv,ACT,active,agent_first,agent_overt,0.0,
edf20,28,English,sentence_audio,passive,10618.0,4456.0,371.33333333333326,12.0,1061.7333333333333,444.2,4626.0,4626,6,5626.0,1.0,10618.0,2.581666666666667,12.0,80.135,30.5,1.1301563382934638,exp_images/audio\ENGLISH\p_box.wav,IMG_05_E_PWA,exp_images/images/man_pushed_box.jpg,IMG_05,exp_images/sentences/passive_man_box.jpg,STIM_77,stimuli_list_subj_8_b.csv,PWA,passive_with_agent,non_agent_first,agent_overt,1.0,0.0
edf20,29,English,sentence_audio,passive,10899.0,4567.0,652.4285714285714,7.0,826.842857142857,571.3714285714285,4742.0,4742,3,5907.0,1.0,10899.0,4.048571428571429,7.0,98.57142857142857,35.714285714285715,0.6422607578676943,exp_images/audio\ENGLISH\p_shrub.wav,IMG_04_E_PWA,exp_images/images/man_cut_shrub.jpg,IMG_04,exp_images/sentences/passive_man_shrub.jpg,STIM_76,stimuli_list_subj_8_b.csv,PWA,passive_with_agent,non_agent_first,agent_overt,1.0,0.0
edf20,3,,free_viewing,,5983.0,4423.0,552.875,8.0,952.2,502.275,4592.0,4592,5,991.0,1.0,5983.0,2.55625,8.0,172.17999999999995,50.0,1.3371218452281466,UNDEFINEDnull,UNDEFINEDnull,exp_images/images/girl_baked_cake.jpg,IMG_15,UNDEFINEDnull,UNDEFINEDnull,UNDEFINEDnull,UNDEFINEDnull,,,,,
edf20,30,English,sentence_audio,passive,10935.0,4099.0,819.8,5.0,942.42,403.58,4744.0,4572,4,5941.0,0.9637436762225968,10935.0,2.7020000000000004,5.0,103.04,50.0,0.4572473708276178,exp_images/audio\ENGLISH\p_window.wav,IMG_02_E_PWA,exp_images/images/girl_opened_window.jpg,IMG_02,exp_images/sentences/passive_girl_window.jpg,STIM_74,stimuli_list_subj_8_b.csv,PWA,passive_with_agent,non_agent_first,agent_overt,1.0,0.0
edf20,31,English,sentence_audio,passive_dropped_agent,10323.0,4563.0,912.6,5.0,1051.12,657.9399999999998,4715.0,4715,3,5330.0,1.0,10323.0,2.6699999999999995,5.0,202.302,55.6,0.4843553230650005,exp_images/audio\ENGLISH\p_woa_dug.wav,IMG_13_E_PNA,exp_images/images/dog_dug_hole.jpg,IMG_13,exp_images/sentences/noagent_dog_hole.jpg,STIM_103,stimuli_list_subj_8_b.csv,PNA,passive_dropped_agent,non_agent_first,agent_dropped,1.0,1.0
edf20,32,English,sentence_audio,passive_dropped_agent,10478.0,4572.0,914.4,5.0,1008.28,616.26,4757.0,4572,2,5712.0,0.9611099432415388,10478.0,3.45,5.0,154.156,47.2,0.477190303493033,exp_images/audio\ENGLISH\p_woa_veg.wav,IMG_18_E_PNA,exp_images/images/boy_cut_vegetables.jpg,IMG_18,exp_images/sentences/noagent_boy_vegetables.jpg,STIM_108,stimuli_list_subj_8_b.csv,PNA,passive_dropped_agent,non_agent_first,agent_dropped,1.0,1.0
edf20,33,English,sentence_audio,passive_dropped_agent,10695.0,4187.0,837.4,5.0,916.86,507.22,4753.0,4753,5,5702.0,1.0,10695.0,2.952,5.0,102.35,48.0,0.4675081813931744,exp_images/audio\ENGLISH\p_woa_cake.wav,IMG_15_E_PNA,exp_images/images/girl_baked_cake.jpg,IMG_15,exp_images/sentences/noagent_girl_cake.jpg,STIM_105,stimuli_list_subj_8_b.csv,PNA,passive_dropped_agent,non_agent_first,agent_dropped,1.0,1.0
edf20,34,Punjabi,sentence_audio,active,10663.0,4519.0,451.9,10.0,924.7000000000003,523.0200000000002,4685.0,4685,4,5670.0,1.0,10663.0,2.72,10.0,73.934,30.8,0.937822376441902,exp_images/audio\PUNJABI\clothes.wav,IMG_06_P_ACT,exp_images/images/women_fold_clothes.jpg,IMG_06,exp_images/sentences/Folded-clothes.jpg,UNDEFINEDnull,stimuli_list_subj_8_b.csv,ACT,active,agent_first,agent_overt,0.0,
edf20,35,Punjabi,sentence_audio,active,10699.0,4593.0,417.54545454545456,11.0,1007.5272727272729,517.1,4617.0,4617,5,5708.0,1.0,10699.0,2.2609090909090908,11.0,72.65,34.0,1.028133470417796,exp_images/audio\PUNJABI\letter.wav,IMG_17_P_ACT,exp_images/images/women_read_letter.jpg,IMG_17,exp_images/sentences/Letter.jpg,STIM_17,stimuli_list_subj_8_b.csv,ACT,active,agent_first,agent_overt,0.0,
edf20,36,Punjabi,sentence_audio,active,10196.0,4290.0,357.5,12.0,743.5,633.7166666666667,4474.0,4402,4,5204.0,0.9839070183281179,10196.0,3.119230769230769,13.0,92.43153846153848,41.230769230769226,1.2750098077677519,exp_images/audio\PUNJABI\lamp.wav,IMG_01_P_ACT,exp_images/images/girl_lighted_lamp.jpg,IMG_01,exp_images/sentences/Lamp.jpg,STIM_01,stimuli_list_subj_8_b.csv,ACT,active,agent_first,agent_overt,0.0,
edf20,4,,free_viewing,,5932.0,4170.0,463.33333333333326,9.0,948.8555555555556,582.411111111111,4538.0,4194,3,940.0,0.9241956809167032,5932.0,2.4111111111111105,9.0,127.52777777777777,50.444444444444436,1.5171948752528657,UNDEFINEDnull,UNDEFINEDnull,exp_images/images/women_fold_clothes.jpg,IMG_06,UNDEFINEDnull,UNDEFINEDnull,UNDEFINEDnull,UNDEFINEDnull,,,,,
edf20,5,,free_viewing,,6033.0,4213.0,263.3125,16.0,914.84375,609.2062500000002,4435.0,4273,4,1042.0,0.9634723788049604,6033.0,3.56375,16.0,88.05625,34.75,2.6520802254268188,UNDEFINEDnull,UNDEFINEDnull,exp_images/images/man_cut_shrub.jpg,IMG_04,UNDEFINEDnull,UNDEFINEDnull,UNDEFINEDnull,UNDEFINEDnull,,,,,
edf20,6,,free_viewing,,5831.0,4449.0,370.75,12.0,1108.4166666666665,708.1083333333335,4607.0,4323,4,838.0,0.9383546776644236,5831.0,3.2433333333333336,12.0,85.0225,32.166666666666664,2.057966043560281,UNDEFINEDnull,UNDEFINEDnull,exp_images/images/dog_dug_hole.jpg,IMG_13,UNDEFINEDnull,UNDEFINEDnull,UNDEFINEDnull,UNDEFINEDnull,,,,,
edf20,7,,free_viewing,,6004.0,4394.0,488.22222222222223,9.0,913.2444444444444,455.6555555555556,4741.0,4543,3,1011.0,0.9582366589327146,6004.0,2.245555555555556,9.0,69.21777777777778,28.0,1.4990006662225184,UNDEFINEDnull,UNDEFINEDnull,exp_images/images/boy_broke_vase.jpg,IMG_08,UNDEFINEDnull,UNDEFINEDnull,UNDEFINEDnull,UNDEFINEDnull,,,,,
edf20,8,,free_viewing,,5844.0,4384.0,365.33333333333326,12.0,1004.6666666666665,533.8916666666668,4612.0,4612,3,852.0,1.0,5844.0,2.9425000000000003,12.0,81.91083333333334,31.66666666666667,2.053388090349076,UNDEFINEDnull,UNDEFINEDnull,exp_images/images/driver_wash_scooter.jpg,IMG_14,UNDEFINEDnull,UNDEFINEDnull,UNDEFINEDnull,UNDEFINEDnull,,,,,
edf20,9,,free_viewing,,6000.0,3768.0,628.0,6.0,998.7166666666667,514.0333333333333,4771.0,4771,4,1007.0,1.0,6000.0,3.5133333333333336,6.0,94.65333333333336,37.0,1.0,UNDEFINEDnull,UNDEFINEDnull,exp_images/images/boy_filled_bucket.jpg,IMG_09,UNDEFINEDnull,UNDEFINEDnull,UNDEFINEDnull,UNDEFINEDnull,,,,,
edf21,1,,free_viewing,,5841.0,3950.0,303.84615384615387,13.0,849.0384615384613,447.72307692307686,4158.0,3676,7,1236.0,0.8840788840788841,5841.0,2.782142857142858,14.0,233.5914285714286,59.714285714285715,2.396849854476973,UNDEFINEDnull,UNDEFINEDnull,exp_images/images/child_play_tabla.jpg,IMG_11,UNDEFINEDnull,UNDEFINEDnull,UNDEFINEDnull,UNDEFINEDnull,,,,,
edf21,10,,free_viewing,,5888.0,4350.0,362.5,12.0,912.3583333333332,462.52499999999986,4511.0,3879,9,895.0,0.8598980270450011,5888.0,2.2816666666666667,12.0,108.52749999999996,40.16666666666666,2.0380434782608696,UNDEFINEDnull,UNDEFINEDnull,exp_images/images/girl_baked_cake.jpg,IMG_15,UNDEFINEDnull,UNDEFINEDnull,UNDEFINEDnull,UNDEFINEDnull,,,,,
edf21,11,,free_viewing,,5958.0,4116.0,343.0,12.0,1040.2333333333333,674.4583333333334,4302.0,4184,5,966.0,0.9725708972570896,5958.0,2.9366666666666674,12.0,119.4166666666667,57.5,2.014098690835851,UNDEFINEDnull,UNDEFINEDnull,exp_images/images/dog_dug_hole.jpg,IMG_13,UNDEFINEDnull,UNDEFINEDnull,UNDEFINEDnull,UNDEFINEDnull,,,,,
edf21,12,,free_viewing,,5878.0,4302.0,330.92307692307685,13.0,999.2,444.72307692307703,4461.0,4302,5,1080.0,0.9643577673167452,5878.0,2.359230769230769,13.0,94.78923076923077,40.769230769230774,2.2116366110922083,UNDEFINEDnull,UNDEFINEDnull,exp_images/images/women_read_letter.jpg,IMG_17,UNDEFINEDnull,UNDEFINEDnull,UNDEFINEDnull,UNDEFINEDnull,,,,,
edf21,13,,free_viewing,,5658.0,4178.0,379.8181818181818,11.0,961.2454545454544,411.9727272727272,4310.0,4310,6,666.0,1.0,5658.0,2.8363636363636364,11.0,140.4618181818182,62.0,1.9441498762813716,UNDEFINEDnull,UNDEFINEDnull,exp_images/images/women_fold_clothes.jpg,IMG_06,UNDEFINEDnull,UNDEFINEDnull,UNDEFINEDnull,UNDEFINEDnull,,,,,
edf21,14,,free_viewing,,5713.0,4141.0,376.45454545454544,11.0,897.0727272727272,582.8181818181819,4201.0,3743,6,1088.0,0.8909783384908355,5713.0,2.791818181818182,11.0,146.54181818181817,72.0,1.9254332224750568,UNDEFINEDnull,UNDEFINEDnull,exp_images/images/girl_fed_dog.jpg,IMG_16,UNDEFINEDnull,UNDEFINEDnull,UNDEFINEDnull,UNDEFINEDnull,,,,,
edf21,15,,free_viewing,,5940.0,4084.0,255.25,16.0,905.775,467.01249999999993,4354.0,4230,7,952.0,0.9715204409738172,5940.0,2.708333333333333,18.0,108.63833333333332,46.22222222222222,3.0303030303030303,UNDEFINEDnull,UNDEFINEDnull,exp_images/images/boy_broke_vase.jpg,IMG_08,UNDEFINEDnull,UNDEFINEDnull,UNDEFINEDnull,UNDEFINEDnull,,,,,
edf21,16,,free_viewing,,5677.0,3835.0,191.75,20.0,965.8,436.44500000000016,4002.0,4002,7,685.0,1.0,5677.0,2.725,20.0,132.34,49.5,3.5229874933943988,UNDEFINEDnull,UNDEFINEDnull,exp_images/images/driver_wash_scooter.jpg,IMG_14,UNDEFINEDnull,UNDEFINEDnull,UNDEFINEDnull,UNDEFINEDnull,,,,,
edf21,17,,free_viewing,,6023.0,4033.0,288.07142857142856,14.0,964.1357142857145,554.8428571428572,4216.0,3206,5,1031.0,0.7604364326375711,6023.0,2.9592857142857145,14.0,120.41357142857143,55.42857142857143,2.3244230449941887,UNDEFINEDnull,UNDEFINEDnull,exp_images/images/man_cut_shrub.jpg,IMG_04,UNDEFINEDnull,UNDEFINEDnull,UNDEFINEDnull,UNDEFINEDnull,,,,,
edf21,18,,free_viewing,,5789.0,3957.0,247.3125,16.0,1027.04375,399.55625,4096.0,4096,9,797.0,1.0,5789.0,2.551875,16.0,140.823125,56.0,2.7638624978407327,UNDEFINEDnull,UNDEFINEDnull,exp_images/images/man_pushed_box.jpg,IMG_05,UNDEFINEDnull,UNDEFINEDnull,UNDEFINEDnull,UNDEFINEDnull,,,,,
edf21,19,Punjabi,sentence_audio,passive_dropped_agent,11151.0,4041.0,269.4,15.0,820.8799999999999,556.3933333333332,4161.0,3459,8,6314.0,0.8312905551550108,11151.0,3.493333333333333,15.0,124.44866666666668,55.46666666666667,1.3451708366962605,exp_images/audio\PUNJABI\p_woa_tabla.wav,IMG_11_P_PNA,exp_images/images/child_play_tabla.jpg,IMG_11,exp_images/sentences/Tabla-woa.jpg,STIM_47,stimuli_list_subj_9_b.csv,PNA,passive_dropped_agent,non_agent_first,agent_dropped,1.0,1.0
edf21,2,,free_viewing,,5878.0,4248.0,303.42857142857144,14.0,935.05,674.4928571428571,4500.0,4500,6,886.0,1.0,5878.0,3.502142857142857,14.0,85.11642857142857,35.142857142857146,2.3817625042531474,UNDEFINEDnull,UNDEFINEDnull,exp_images/images/boy_cut_vegetables.jpg,IMG_18,UNDEFINEDnull,UNDEFINEDnull,UNDEFINEDnull,UNDEFINEDnull,,,,,
edf21,20,Punjabi,sentence_audio,passive_dropped_agent,11152.0,4224.0,384.0,11.0,849.7636363636364,461.95454545454544,4390.0,4248,6,6160.0,0.9676537585421412,11152.0,3.6075,12.0,101.95166666666668,51.66666666666666,1.0760401721664277,exp_images/audio\PUNJABI\p_woa_door.wav,IMG_10_P_PNA,exp_images/images/boy_opened_door.jpg,IMG_10,exp_images/sentences/Closed-door-woa.jpg,STIM_46,stimuli_list_subj_9_b.csv,PNA,passive_dropped_agent,non_agent_first,agent_dropped,1.0,1.0
edf21,21,Punjabi,sentence_audio,passive_dropped_agent,11166.0,3912.0,300.92307692307685,13.0,963.6,455.4692307692308,4154.0,4030,7,6174.0,0.9701492537313432,11166.0,2.2461538461538457,13.0,134.31999999999996,64.46153846153847,1.1642486118574242,exp_images/audio\PUNJABI\p_woa_tub.wav,IMG_09_P_PNA,exp_images/images/boy_filled_bucket.jpg,IMG_09,exp_images/sentences/Bucket-woa.jpg,STIM_45,stimuli_list_subj_9_b.csv,PNA,passive_dropped_agent,non_agent_first,agent_dropped,1.0,1.0
edf21,22,English,sentence_audio,active,10371.0,4099.0,315.3076923076923,13.0,902.3538461538462,548.6153846153846,4270.0,4004,9,5379.0,0.9377049180327868,10371.0,2.5430769230769226,13.0,99.42230769230768,55.53846153846154,1.2534953234982158,exp_images/audio\ENGLISH\fed.wav,IMG_16_E_ACT,exp_images/images/girl_fed_dog.jpg,IMG_16,exp_images/sentences/active_girl_dog.jpg,STIM_70,stimuli_list_subj_9_b.csv,ACT,active,agent_first,agent_overt,0.0,
edf21,23,English,sentence_audio,active,10580.0,4096.0,315.07692307692315,13.0,967.3692307692309,344.13846153846146,4313.0,4227,4,5587.0,0.9800602828657548,10580.0,2.349230769230769,13.0,128.93615384615384,52.30769230769231,1.2287334593572778,exp_images/audio\ENGLISH\scooter.wav,IMG_14_E_ACT,exp_images/images/driver_wash_scooter.jpg,IMG_14,exp_images/sentences/active_driver_scooter.jpg,STIM_68,stimuli_list_subj_9_b.csv,ACT,active,agent_first,agent_overt,0.0,
edf21,24,English,sentence_audio,active,10248.0,4108.0,293.42857142857144,14.0,947.3214285714287,389.05000000000007,4266.0,4266,5,5256.0,1.0,10248.0,2.6514285714285712,14.0,119.44285714285714,51.85714285714285,1.3661202185792352,exp_images/audio\ENGLISH\picture.wav,IMG_07_E_ACT,exp_images/images/artiste_drew_picture.jpg,IMG_07,exp_images/sentences/active_artist_picture.jpg,STIM_61,stimuli_list_subj_9_b.csv,ACT,active,agent_first,agent_overt,0.0,
edf21,25,English,sentence_audio,passive,11137.0,3909.0,325.75,12.0,789.6166666666667,634.5,4021.0,4021,4,6490.0,1.0,11137.0,2.5869230769230764,13.0,116.28307692307692,78.15384615384616,1.167280237047679,exp_images/audio\ENGLISH\p_sapling.wav,IMG_03_E_PWA,exp_images/images/girl_plant_tree.jpg,IMG_03,exp_images/sentences/passive_girl_sapling.jpg,STIM_75,stimuli_list_subj_9_b.csv,PWA,passive_with_agent,non_agent_first,agent_overt,1.0,0.0
edf21,26,English,sentence_audio,passive,10309.0,4333.0,619.0,7.0,1092.642857142857,349.9857142857142,4491.0,4333,1,5510.0,0.9648185259407704,10309.0,1.5157142857142856,7.0,171.25428571428571,71.71428571428571,0.6790183334950044,exp_images/audio\ENGLISH\p_frisbee.wav,IMG_12_E_PWA,exp_images/images/child_throw_frisbee.jpg,IMG_12,exp_images/sentences/passive_child_frisbee.jpg,STIM_84,stimuli_list_subj_9_b.csv,PWA,passive_with_agent,non_agent_first,agent_overt,1.0,0.0
edf21,27,English,sentence_audio,passive,10372.0,3842.0,295.53846153846155,13.0,957.2,531.2692307692306,4186.0,3586,5,5380.0,0.8566650740563784,10372.0,4.91,13.0,134.18923076923076,62.0,1.2533744697261862,exp_images/audio\ENGLISH\p_vase.wav,IMG_08_E_PWA,exp_images/images/boy_broke_vase.jpg,IMG_08,exp_images/sentences/passive_boy_vase.jpg,STIM_80,stimuli_list_subj_9_b.csv,PWA,passive_with_agent,non_agent_first,agent_overt,1.0,0.0
edf21,28,English,sentence_audio,passive_dropped_agent,10224.0,4082.0,314.0,13.0,1090.576923076923,385.976923076923,4246.0,4120,8,5232.0,0.9703250117757891,10224.0,3.007692307692309,13.0,140.0223076923077,57.384615384615394,1.2715179968701096,exp_images/audio\ENGLISH\p_woa_box.wav,IMG_05_E_PNA,exp_images/images/man_pushed_box.jpg,IMG_05,exp_images/sentences/noagent_man_box.jpg,STIM_95,stimuli_list_subj_9_b.csv,PNA,passive_dropped_agent,non_agent_first,agent_dropped,1.0,1.0
edf21,29,English,sentence_audio,passive_dropped_agent,10911.0,4229.0,1409.666666666667,3.0,855.7999999999997,458.16666666666674,4538.0,4538,2,5919.0,1.0,10911.0,2.3166666666666664,3.0,234.28,151.33333333333334,0.27495188342040144,exp_images/audio\ENGLISH\p_woa_shrub.wav,IMG_04_E_PNA,exp_images/images/man_cut_shrub.jpg,IMG_04,exp_images/sentences/noagent_man_shrub.jpg,STIM_94,stimuli_list_subj_9_b.csv,PNA,passive_dropped_agent,non_agent_first,agent_dropped,1.0,1.0
edf21,3,,free_viewing,,5863.0,4077.0,239.82352941176467,17.0,966.3647058823531,401.8647058823529,4237.0,3263,10,1068.0,0.7701203681850366,5863.0,3.65764705882353,17.0,137.75705882352943,44.470588235294116,2.8995394849053384,UNDEFINEDnull,UNDEFINEDnull,exp_images/images/child_throw_frisbee.jpg,IMG_12,UNDEFINEDnull,UNDEFINEDnull,UNDEFINEDnull,UNDEFINEDnull,,,,,
edf21,30,English,sentence_audio,passive_dropped_agent,11080.0,4252.0,531.5,8.0,1039.3874999999996,390.925,4412.0,4252,6,6282.0,0.9637352674524026,11080.0,2.99625,8.0,120.4,72.5,0.7220216606498195,exp_images/audio\ENGLISH\p_woa_window.wav,IMG_02_E_PNA,exp_images/images/girl_opened_window.jpg,IMG_02,exp_images/sentences/noagent_girl_window.jpg,STIM_92,stimuli_list_subj_9_b.csv,PNA,passive_dropped_agent,non_agent_first,agent_dropped,1.0,1.0
edf21,31,Punjabi,sentence_audio,active,10835.0,4199.0,599.8571428571429,7.0,986.8714285714284,641.1428571428571,4361.0,4361,4,5842.0,1.0,10835.0,2.907142857142857,7.0,134.81285714285715,90.28571428571428,0.6460544531610521,exp_images/audio\PUNJABI\dug.wav,IMG_13_P_ACT,exp_images/images/dog_dug_hole.jpg,IMG_13,exp_images/sentences/Dog-dug.jpg,STIM_13,stimuli_list_subj_9_b.csv,ACT,active,agent_first,agent_overt,0.0,
edf21,32,Punjabi,sentence_audio,active,10566.0,4068.0,452.0,9.0,947.4444444444445,563.2222222222222,4179.0,4179,4,5573.0,1.0,10566.0,2.997,10.0,135.33100000000002,83.2,0.9464319515426841,exp_images/audio\PUNJABI\veg.wav,IMG_18_P_ACT,exp_images/images/boy_cut_vegetables.jpg,IMG_18,exp_images/sentences/Veg.jpg,STIM_18,stimuli_list_subj_9_b.csv,ACT,active,agent_first,agent_overt,0.0,
edf21,33,Punjabi,sentence_audio,active,10682.0,3014.0,502.33333333333326,6.0,951.6666666666665,390.51666666666665,3392.0,3232,4,5690.0,0.9528301886792452,10682.0,2.615,6.0,226.01,266.6666666666667,0.5616925669350309,exp_images/audio\PUNJABI\cake.wav,IMG_15_P_ACT,exp_images/images/girl_baked_cake.jpg,IMG_15,exp_images/sentences/Cake.jpg,STIM_15,stimuli_list_subj_9_b.csv,ACT,active,agent_first,agent_overt,0.0,
edf21,34,Punjabi,sentence_audio,passive,10362.0,4444.0,1481.333333333333,3.0,966.3333333333335,450.83333333333326,4599.0,4599,4,5369.0,1.0,10362.0,4.476666666666667,3.0,171.6,131.33333333333334,0.2895193977996526,exp_images/audio\PUNJABI\p_clothes.wav,IMG_06_P_PWA,exp_images/images/women_fold_clothes.jpg,IMG_06,exp_images/sentences/Folded-clothes-passive.jpg,STIM_24,stimuli_list_subj_9_b.csv,PWA,passive_with_agent,non_agent_first,agent_overt,1.0,0.0
edf21,35,Punjabi,sentence_audio,passive,10381.0,4695.0,4695.0,1.0,988.1,454.0,4960.0,4960,1,5389.0,1.0,10381.0,2.7,1.0,82.92,32.0,0.0963298333493883,exp_images/audio\PUNJABI\p_letter.wav,IMG_17_P_PWA,exp_images/images/women_read_letter.jpg,IMG_17,exp_images/sentences/Letter-passive.jpg,STIM_35,stimuli_list_subj_9_b.csv,PWA,passive_with_agent,non_agent_first,agent_overt,1.0,0.0
edf21,36,Punjabi,sentence_audio,passive,10899.0,4233.0,470.33333333333326,9.0,865.4666666666667,412.2000000000001,4405.0,4233,6,6110.0,0.9609534619750284,10899.0,2.7744444444444443,9.0,115.47111111111113,65.33333333333333,0.8257638315441784,exp_images/audio\PUNJABI\p_lamp.wav,IMG_01_P_PWA,exp_images/images/girl_lighted_lamp.jpg,IMG_01,exp_images/sentences/Lamp-passive.jpg,STIM_19,stimuli_list_subj_9_b.csv,PWA,passive_with_agent,non_agent_first,agent_overt,1.0,0.0
edf21,4,,free_viewing,,6050.0,4258.0,236.55555555555557,18.0,943.6777777777777,504.838888888889,4415.0,4415,9,1057.0,1.0,6050.0,1.8127777777777776,18.0,92.31388888888887,32.111111111111114,2.975206611570248,UNDEFINEDnull,UNDEFINEDnull,exp_images/images/boy_filled_bucket.jpg,IMG_09,UNDEFINEDnull,UNDEFINEDnull,UNDEFINEDnull,UNDEFINEDnull,,,,,
edf21,5,,free_viewing,,6103.0,4259.0,354.91666666666674,12.0,1005.3416666666666,410.75,4267.0,3935,9,1110.0,0.9221935786266698,6103.0,3.0,12.0,149.5608333333333,60.5,1.966246108471244,UNDEFINEDnull,UNDEFINEDnull,exp_images/images/girl_opened_window.jpg,IMG_02,UNDEFINEDnull,UNDEFINEDnull,UNDEFINEDnull,UNDEFINEDnull,,,,,
edf21,6,,free_viewing,,5642.0,4276.0,427.6,10.0,904.57,512.0899999999998,4441.0,4145,4,649.0,0.9333483449673496,5642.0,2.7760000000000002,10.0,154.834,55.2,1.7724211272598367,UNDEFINEDnull,UNDEFINEDnull,exp_images/images/girl_plant_tree.jpg,IMG_03,UNDEFINEDnull,UNDEFINEDnull,UNDEFINEDnull,UNDEFINEDnull,,,,,
edf21,7,,free_viewing,,5841.0,3895.0,229.11764705882354,17.0,879.7705882352942,346.55294117647065,4078.0,3655,8,849.0,0.8962726826875921,5841.0,3.603529411764706,17.0,128.0370588235294,53.764705882352935,2.9104605375791817,UNDEFINEDnull,UNDEFINEDnull,exp_images/images/artiste_drew_picture.jpg,IMG_07,UNDEFINEDnull,UNDEFINEDnull,UNDEFINEDnull,UNDEFINEDnull,,,,,
edf21,8,,free_viewing,,5709.0,4357.0,363.08333333333326,12.0,959.4,435.1833333333333,4402.0,4402,8,717.0,1.0,5709.0,2.24,12.0,144.19166666666663,49.16666666666666,2.1019442984760905,UNDEFINEDnull,UNDEFINEDnull,exp_images/images/boy_opened_door.jpg,IMG_10,UNDEFINEDnull,UNDEFINEDnull,UNDEFINEDnull,UNDEFINEDnull,,,,,
edf21,9,,free_viewing,,5948.0,4138.0,258.625,16.0,914.875,473.20625,4320.0,4218,6,956.0,0.9763888888888888,5948.0,3.025625,16.0,98.06624999999998,42.0,2.6899798251513114,UNDEFINEDnull,UNDEFINEDnull,exp_images/images/girl_lighted_lamp.jpg,IMG_01,UNDEFINEDnull,UNDEFINEDnull,UNDEFINEDnull,UNDEFINEDnull,,,,,
edf22,1,,free_viewing,,5795.0,3845.0,1281.6666666666667,3.0,876.4666666666667,386.06666666666666,4934.0,6818,5,799.0,1.3818402918524524,5956.0,2.46,13.0,74.76846153846154,32.615384615384606,2.182672934855608,UNDEFINEDnull,UNDEFINEDnull,exp_images/images/girl_baked_cake.jpg,IMG_15,UNDEFINEDnull,UNDEFINEDnull,UNDEFINEDnull,UNDEFINEDnull,,,,,
edf22,10,,free_viewing,,6039.0,3417.0,227.8,15.0,915.36,518.96,4437.0,7447,9,1260.0,1.6783862970475547,6039.0,3.1927272727272733,22.0,96.30409090909092,95.36363636363636,3.642987249544627,UNDEFINEDnull,UNDEFINEDnull,exp_images/images/boy_cut_vegetables.jpg,IMG_18,UNDEFINEDnull,UNDEFINEDnull,UNDEFINEDnull,UNDEFINEDnull,,,,,
edf22,11,,free_viewing,,5710.0,4050.0,213.15789473684208,19.0,823.0526315789474,701.078947368421,4710.0,7244,11,874.0,1.5380042462845012,5795.0,1.6345161290322578,31.0,59.79903225806451,36.516129032258064,5.349439171699742,UNDEFINEDnull,UNDEFINEDnull,exp_images/images/girl_fed_dog.jpg,IMG_16,UNDEFINEDnull,UNDEFINEDnull,UNDEFINEDnull,UNDEFINEDnull,,,,,
edf22,12,,free_viewing,,5715.0,4210.0,221.578947368421,19.0,876.2052631578946,452.50526315789483,4338.0,6028,16,814.0,1.3895804518211157,5715.0,2.7758536585365863,41.0,81.17926829268295,39.121951219512205,7.174103237095364,UNDEFINEDnull,UNDEFINEDnull,exp_images/images/artiste_drew_picture.jpg,IMG_07,UNDEFINEDnull,UNDEFINEDnull,UNDEFINEDnull,UNDEFINEDnull,,,,,
edf22,13,,free_viewing,,5681.0,4109.0,273.93333333333334,15.0,927.9666666666666,346.0200000000001,4466.0,8697,8,689.0,1.947380206000896,6067.0,2.072758620689656,29.0,73.52931034482759,43.6551724137931,4.779957145211801,UNDEFINEDnull,UNDEFINEDnull,exp_images/images/women_fold_clothes.jpg,IMG_06,UNDEFINEDnull,UNDEFINEDnull,UNDEFINEDnull,UNDEFINEDnull,,,,,
edf22,14,,free_viewing,,5726.0,3770.0,377.0,10.0,845.2700000000002,380.73,4457.0,7307,7,1160.0,1.6394435719093559,5913.0,2.1592307692307697,26.0,87.74576923076923,79.30769230769229,4.3970911550820215,UNDEFINEDnull,UNDEFINEDnull,exp_images/images/women_read_letter.jpg,IMG_17,UNDEFINEDnull,UNDEFINEDnull,UNDEFINEDnull,UNDEFINEDnull,,,,,
edf22,15,,free_viewing,,5840.0,3584.0,358.4,10.0,918.9400000000003,467.56,4910.0,5682,6,978.0,1.1572301425661915,5840.0,3.1426666666666665,15.0,110.32066666666668,68.8,2.568493150684932,UNDEFINEDnull,UNDEFINEDnull,exp_images/images/girl_lighted_lamp.jpg,IMG_01,UNDEFINEDnull,UNDEFINEDnull,UNDEFINEDnull,UNDEFINEDnull,,,,,
edf22,16,,free_viewing,,5831.0,4153.0,244.29411764705884,17.0,904.2882352941174,534.3411764705882,4780.0,8481,12,838.0,1.7742677824267783,5883.0,1.5967999999999998,25.0,58.8316,29.04,4.249532551419344,UNDEFINEDnull,UNDEFINEDnull,exp_images/images/boy_broke_vase.jpg,IMG_08,UNDEFINEDnull,UNDEFINEDnull,UNDEFINEDnull,UNDEFINEDnull,,,,,
edf22,17,,free_viewing,,6101.0,4309.0,269.3125,16.0,998.5437499999997,479.63125,4760.0,7254,7,661.0,1.523949579831933,6101.0,1.9385714285714288,28.0,66.62214285714285,25.214285714285715,4.5894115718734625,UNDEFINEDnull,UNDEFINEDnull,exp_images/images/child_throw_frisbee.jpg,IMG_12,UNDEFINEDnull,UNDEFINEDnull,UNDEFINEDnull,UNDEFINEDnull,,,,,
edf22,18,,free_viewing,,6134.0,2818.0,140.9,20.0,302.44000000000005,828.3800000000001,4718.0,5176,3,856.0,1.0970750317931326,6134.0,1.433125,32.0,66.174375,76.8125,5.2168242582327995,UNDEFINEDnull,UNDEFINEDnull,exp_images/images/child_play_tabla.jpg,IMG_11,UNDEFINEDnull,UNDEFINEDnull,UNDEFINEDnull,UNDEFINEDnull,,,,,
edf22,19,English,sentence_audio,active,10653.0,4495.0,345.76923076923083,13.0,951.0384615384613,472.36923076923085,4803.0,6466,8,5846.0,1.3462419321257548,10653.0,1.8765,20.0,64.06550000000001,27.2,1.87740542570168,exp_images/audio\ENGLISH\tabla.wav,IMG_11_E_ACT,exp_images/images/child_play_tabla.jpg,IMG_11,exp_images/sentences/active_child_tabla.jpg,STIM_65,stimuli_list_subj_10_b.csv,ACT,active,agent_first,agent_overt,0.0,
edf22,2,,free_viewing,,5996.0,4344.0,394.9090909090909,11.0,889.1636363636363,652.6181818181818,4691.0,8156,6,738.0,1.7386484758047325,5996.0,2.571818181818182,22.0,83.42636363636362,40.54545454545455,3.669112741827885,UNDEFINEDnull,UNDEFINEDnull,exp_images/images/dog_dug_hole.jpg,IMG_13,UNDEFINEDnull,UNDEFINEDnull,UNDEFINEDnull,UNDEFINEDnull,,,,,
edf22,20,English,sentence_audio,active,10511.0,4401.0,275.0625,16.0,860.275,558.69375,4835.0,9251,6,5519.0,1.9133402275077558,10617.0,1.4508695652173909,23.0,55.94347826086958,24.43478260869565,2.166337006687388,exp_images/audio\ENGLISH\door.wav,IMG_10_E_ACT,exp_images/images/boy_opened_door.jpg,IMG_10,exp_images/sentences/active_boy_door.jpg,STIM_64,stimuli_list_subj_10_b.csv,ACT,active,agent_first,agent_overt,0.0,
edf22,21,English,sentence_audio,active,10790.0,4196.0,299.7142857142857,14.0,938.4571428571433,467.2357142857143,4807.0,7609,11,5798.0,1.5828999375910133,11010.0,1.6976190476190476,21.0,69.74809523809525,38.66666666666666,1.9073569482288828,exp_images/audio\ENGLISH\bucket.wav,IMG_09_E_ACT,exp_images/images/boy_filled_bucket.jpg,IMG_09,exp_images/sentences/active_boy_bucket.jpg,STIM_63,stimuli_list_subj_10_b.csv,ACT,active,agent_first,agent_overt,0.0,
edf22,22,English,sentence_audio,passive,10673.0,3329.0,832.25,4.0,964.25,656.825,4725.0,8418,3,5680.0,1.7815873015873016,11115.0,2.1123076923076924,13.0,88.98769230769231,44.46153846153846,1.1695906432748535,exp_images/audio\ENGLISH\p_fed.wav,IMG_16_E_PWA,exp_images/images/girl_fed_dog.jpg,IMG_16,exp_images/sentences/passive_girl_dog.jpg,STIM_88,stimuli_list_subj_10_b.csv,PWA,passive_with_agent,non_agent_first,agent_overt,1.0,0.0
edf22,23,English,sentence_audio,passive,10344.0,3970.0,283.57142857142856,14.0,1067.9857142857145,534.3928571428571,4607.0,7495,8,5352.0,1.6268721510744517,11023.0,2.6048,25.0,78.8512,44.56,2.2679851220175995,exp_images/audio\ENGLISH\p_scooter.wav,IMG_14_E_PWA,exp_images/images/driver_wash_scooter.jpg,IMG_14,exp_images/sentences/passive_driver_scooter.jpg,STIM_86,stimuli_list_subj_10_b.csv,PWA,passive_with_agent,non_agent_first,agent_overt,1.0,0.0
edf22,24,English,sentence_audio,passive,10525.0,4171.0,297.92857142857144,14.0,850.0428571428571,433.6785714285714,4197.0,8311,11,5518.0,1.9802239695020247,10525.0,3.242580645161291,31.0,105.86870967741936,54.0,2.9453681710213777,exp_images/audio\ENGLISH\p_artist.wav,IMG_07_E_PWA,exp_images/images/artiste_drew_picture.jpg,IMG_07,exp_images/sentences/passive_artist_picture.jpg,STIM_79,stimuli_list_subj_10_b.csv,PWA,passive_with_agent,non_agent_first,agent_overt,1.0,0.0
edf22,25,English,sentence_audio,passive_dropped_agent,10556.0,4292.0,476.88888888888886,9.0,830.8222222222223,596.8666666666667,4445.0,7232,8,5740.0,1.6269966254218222,10735.0,2.527727272727272,22.0,84.61454545454545,62.45454545454545,2.049371215649744,exp_images/audio\ENGLISH\p_woa_sapling.wav,IMG_03_E_PNA,exp_images/images/girl_plant_tree.jpg,IMG_03,exp_images/sentences/noagent_girl_sapling.jpg,STIM_93,stimuli_list_subj_10_b.csv,PNA,passive_dropped_agent,non_agent_first,agent_dropped,1.0,1.0
edf22,26,English,sentence_audio,passive_dropped_agent,10680.0,2310.0,210.0,11.0,940.1727272727272,503.43636363636375,4710.0,6264,6,5884.0,1.3299363057324842,11089.0,2.95695652173913,23.0,76.55086956521737,123.30434782608695,2.0741275137523667,exp_images/audio\ENGLISH\p_woa_frisbee.wav,IMG_12_E_PNA,exp_images/images/child_throw_frisbee.jpg,IMG_12,exp_images/sentences/noagent_child_frisbee.jpg,STIM_102,stimuli_list_subj_10_b.csv,PNA,passive_dropped_agent,non_agent_first,agent_dropped,1.0,1.0
edf22,27,English,sentence_audio,passive_dropped_agent,10737.0,3509.0,501.28571428571433,7.0,815.4428571428571,457.15714285714284,4878.0,8789,4,5242.0,1.801763017630176,10737.0,1.6741666666666666,12.0,89.3575,99.66666666666669,1.1176306230790725,exp_images/audio\ENGLISH\p_woa_vase.wav,IMG_08_E_PNA,exp_images/images/boy_broke_vase.jpg,IMG_08,exp_images/sentences/noagent_boy_vase.jpg,STIM_98,stimuli_list_subj_10_b.csv,PNA,passive_dropped_agent,non_agent_first,agent_dropped,1.0,1.0
edf22,28,Punjabi,sentence_audio,active,10531.0,4067.0,239.2352941176471,17.0,806.6352941176473,475.59411764705885,4926.0,7529,6,6072.0,1.5284206252537555,10708.0,1.492,20.0,56.627,24.0,1.867762420620097,exp_images/audio\PUNJABI\box.wav,IMG_05_P_ACT,exp_images/images/man_pushed_box.jpg,IMG_05,exp_images/sentences/Pushed-box.jpg,STIM_05,stimuli_list_subj_10_b.csv,ACT,active,agent_first,agent_overt,0.0,
edf22,29,Punjabi,sentence_audio,active,11019.0,4117.0,316.6923076923077,13.0,840.6615384615384,445.89230769230767,4846.0,8257,8,5284.0,1.7038794882377215,11019.0,1.8842105263157891,19.0,76.40263157894736,38.0,1.7242944005808152,exp_images/audio\PUNJABI\shrub.wav,IMG_04_P_ACT,exp_images/images/man_cut_shrub.jpg,IMG_04,exp_images/sentences/Shrub.jpg,STIM_04,stimuli_list_subj_10_b.csv,ACT,active,agent_first,agent_overt,0.0,
edf22,3,,free_viewing,,5831.0,4415.0,294.3333333333333,15.0,978.6866666666664,365.18666666666667,4708.0,8416,11,706.0,1.7875955819881053,5831.0,1.946521739130435,23.0,65.59956521739132,26.43478260869565,3.944434916823872,UNDEFINEDnull,UNDEFINEDnull,exp_images/images/man_pushed_box.jpg,IMG_05,UNDEFINEDnull,UNDEFINEDnull,UNDEFINEDnull,UNDEFINEDnull,,,,,
edf22,30,Punjabi,sentence_audio,active,10436.0,3618.0,278.3076923076923,13.0,964.6615384615384,449.72307692307703,4466.0,7970,12,5732.0,1.7845947156291984,10436.0,2.1134782608695653,23.0,95.31826086956521,96.34782608695652,2.2039095438865464,exp_images/audio\PUNJABI\window.wav,IMG_02_P_ACT,exp_images/images/girl_opened_window.jpg,IMG_02,exp_images/sentences/Window.jpg,STIM_02,stimuli_list_subj_10_b.csv,ACT,active,agent_first,agent_overt,0.0,
edf22,31,Punjabi,sentence_audio,passive,10529.0,1322.0,220.33333333333331,6.0,683.0500000000002,576.6500000000002,4541.0,4393,7,5916.0,0.9674080598987008,11087.0,5.299047619047619,21.0,109.302,206.85714285714286,1.8941102191756112,exp_images/audio\PUNJABI\p_dug.wav,IMG_13_P_PWA,exp_images/images/dog_dug_hole.jpg,IMG_13,exp_images/sentences/Dog-dug-passive.jpg,STIM_31,stimuli_list_subj_10_b.csv,PWA,passive_with_agent,non_agent_first,agent_overt,1.0,0.0
edf22,32,Punjabi,sentence_audio,passive,10665.0,4089.0,371.7272727272728,11.0,953.0909090909092,713.9454545454546,4863.0,8952,6,5870.0,1.8408389882788403,10863.0,2.39,15.0,95.35733333333332,45.33333333333334,1.3808340237503454,exp_images/audio\PUNJABI\p_veg.wav,IMG_18_P_PWA,exp_images/images/boy_cut_vegetables.jpg,IMG_18,exp_images/sentences/Veg-passive.jpg,STIM_36,stimuli_list_subj_10_b.csv,PWA,passive_with_agent,non_agent_first,agent_overt,1.0,0.0
edf22,33,Punjabi,sentence_audio,passive,11104.0,3328.0,302.54545454545456,11.0,909.2272727272727,499.35454545454553,4763.0,6647,9,5996.0,1.3955490237245434,11104.0,1.0850000000000002,22.0,74.36863636363638,72.18181818181819,1.9812680115273775,exp_images/audio\PUNJABI\p_cake.wav,IMG_15_P_PWA,exp_images/images/girl_baked_cake.jpg,IMG_15,exp_images/sentences/Cake-passive.jpg,STIM_33,stimuli_list_subj_10_b.csv,PWA,passive_with_agent,non_agent_first,agent_overt,1.0,0.0
edf22,34,Punjabi,sentence_audio,passive_dropped_agent,10715.0,2351.0,335.85714285714283,7.0,659.4428571428572,600.0285714285714,4842.0,6625,4,5384.0,1.3682362660057827,10715.0,3.268571428571428,14.0,68.05571428571429,251.57142857142856,1.306579561362576,exp_images/audio\PUNJABI\p_woa_clothes.wav,IMG_06_P_PNA,exp_images/images/women_fold_clothes.jpg,IMG_06,exp_images/sentences/Folded-clothes-woa.jpg,STIM_42,stimuli_list_subj_10_b.csv,PNA,passive_dropped_agent,non_agent_first,agent_dropped,1.0,1.0
edf22,35,Punjabi,sentence_audio,passive_dropped_agent,10421.0,2763.0,172.6875,16.0,872.325,451.7937500000001,4681.0,7587,5,5429.0,1.6208075197607348,10763.0,1.4965,20.0,66.94149999999999,115.0,1.8582179689677598,exp_images/audio\PUNJABI\p_woa_letter.wav,IMG_17_P_PNA,exp_images/images/women_read_letter.jpg,IMG_17,exp_images/sentences/Letter-woa.jpg,STIM_53,stimuli_list_subj_10_b.csv,PNA,passive_dropped_agent,non_agent_first,agent_dropped,1.0,1.0
edf22,36,Punjabi,sentence_audio,passive_dropped_agent,10502.0,4192.0,220.63157894736838,19.0,930.1210526315787,605.1157894736842,4857.0,8705,6,5513.0,1.7922585958410542,10506.0,2.784615384615385,26.0,82.12653846153846,53.46153846153846,2.474776318294308,exp_images/audio\PUNJABI\p_woa_lamp.wav,IMG_01_P_PNA,exp_images/images/girl_lighted_lamp.jpg,IMG_01,exp_images/sentences/Lamp-woa.jpg,STIM_37,stimuli_list_subj_10_b.csv,PNA,passive_dropped_agent,non_agent_first,agent_dropped,1.0,1.0
edf22,4,,free_viewing,,5957.0,4229.0,528.625,8.0,758.4375,432.13749999999993,4506.0,8496,6,965.0,1.885486018641811,5957.0,1.9357894736842105,19.0,89.10263157894737,57.47368421052632,3.1895249286553637,UNDEFINEDnull,UNDEFINEDnull,exp_images/images/man_cut_shrub.jpg,IMG_04,UNDEFINEDnull,UNDEFINEDnull,UNDEFINEDnull,UNDEFINEDnull,,,,,
edf22,5,,free_viewing,,5963.0,4394.0,488.22222222222223,9.0,813.6444444444444,230.48888888888888,4765.0,8818,5,971.0,1.8505771248688352,5963.0,2.4029411764705886,17.0,74.71235294117648,28.588235294117645,2.85091396947845,UNDEFINEDnull,UNDEFINEDnull,exp_images/images/driver_wash_scooter.jpg,IMG_14,UNDEFINEDnull,UNDEFINEDnull,UNDEFINEDnull,UNDEFINEDnull,,,,,
edf22,6,,free_viewing,,5739.0,3707.0,308.9166666666667,12.0,985.3166666666666,373.1,4544.0,7501,12,1063.0,1.6507482394366195,6055.0,3.123333333333333,24.0,91.125,58.91666666666666,3.963666391412057,UNDEFINEDnull,UNDEFINEDnull,exp_images/images/girl_opened_window.jpg,IMG_02,UNDEFINEDnull,UNDEFINEDnull,UNDEFINEDnull,UNDEFINEDnull,,,,,
edf22,7,,free_viewing,,6054.0,4672.0,1557.333333333333,3.0,951.5333333333333,477.33333333333326,4909.0,8637,11,917.0,1.7594214707679772,6054.0,2.3710526315789466,19.0,83.96631578947367,43.68421052631579,3.1384208787578465,UNDEFINEDnull,UNDEFINEDnull,exp_images/images/boy_filled_bucket.jpg,IMG_09,UNDEFINEDnull,UNDEFINEDnull,UNDEFINEDnull,UNDEFINEDnull,,,,,
edf22,8,,free_viewing,,5743.0,4109.0,241.70588235294116,17.0,865.0058823529413,553.135294117647,4656.0,8436,9,751.0,1.8118556701030928,6037.0,2.778888888888889,27.0,79.967037037037,30.962962962962962,4.472420076196786,UNDEFINEDnull,UNDEFINEDnull,exp_images/images/girl_plant_tree.jpg,IMG_03,UNDEFINEDnull,UNDEFINEDnull,UNDEFINEDnull,UNDEFINEDnull,,,,,
edf22,9,,free_viewing,,6138.0,3916.0,279.7142857142857,14.0,863.9142857142857,484.6285714285714,4695.0,8697,11,921.0,1.8523961661341848,6138.0,2.1930769230769243,26.0,68.67807692307693,42.384615384615394,4.235907461713913,UNDEFINEDnull,UNDEFINEDnull,exp_images/images/boy_opened_door.jpg,IMG_10,UNDEFINEDnull,UNDEFINEDnull,UNDEFINEDnull,UNDEFINEDnull,,,,,
edf23,1,,free_viewing,,5719.0,4488.0,561.0,8.0,1008.55,615.3375,4685.0,4282,6,954.0,0.9139807897545358,5719.0,4.15,8.0,101.9825,38.5,1.3988459520895258,UNDEFINEDnull,UNDEFINEDnull,exp_images/images/women_read_letter.jpg,IMG_17,UNDEFINEDnull,UNDEFINEDnull,UNDEFINEDnull,UNDEFINEDnull,,,,,
edf23,10,,free_viewing,,5970.0,4406.0,314.7142857142857,14.0,909.3642857142858,675.7071428571429,4536.0,3476,6,978.0,0.7663139329805997,5970.0,3.050714285714286,14.0,83.23357142857144,32.57142857142857,2.3450586264656623,UNDEFINEDnull,UNDEFINEDnull,exp_images/images/dog_dug_hole.jpg,IMG_13,UNDEFINEDnull,UNDEFINEDnull,UNDEFINEDnull,UNDEFINEDnull,,,,,
edf23,11,,free_viewing,,5792.0,4390.0,399.09090909090907,11.0,971.5727272727272,512.9181818181819,4426.0,4210,4,800.0,0.9511974694984184,5792.0,2.999090909090909,11.0,107.5081818181818,51.45454545454545,1.8991712707182318,UNDEFINEDnull,UNDEFINEDnull,exp_images/images/driver_wash_scooter.jpg,IMG_14,UNDEFINEDnull,UNDEFINEDnull,UNDEFINEDnull,UNDEFINEDnull,,,,,
edf23,12,,free_viewing,,6029.0,4133.0,275.53333333333336,15.0,750.1733333333333,489.6066666666666,4191.0,3577,5,1036.0,0.8534955857790504,6029.0,3.1046666666666662,15.0,86.00466666666668,53.46666666666667,2.487974788522143,UNDEFINEDnull,UNDEFINEDnull,exp_images/images/man_cut_shrub.jpg,IMG_04,UNDEFINEDnull,UNDEFINEDnull,UNDEFINEDnull,UNDEFINEDnull,,,,,
edf23,13,,free_viewing,,6081.0,4043.0,237.82352941176467,17.0,942.9176470588237,536.3294117647059,4294.0,4294,11,1089.0,1.0,6081.0,3.0147058823529416,17.0,81.39647058823529,41.058823529411775,2.7955928301266235,UNDEFINEDnull,UNDEFINEDnull,exp_images/images/women_fold_clothes.jpg,IMG_06,UNDEFINEDnull,UNDEFINEDnull,UNDEFINEDnull,UNDEFINEDnull,,,,,
edf23,14,,free_viewing,,5854.0,4212.0,280.8,15.0,867.4333333333334,612.8133333333333,4434.0,3080,6,1110.0,0.6946323861073522,5854.0,3.4799999999999995,16.0,151.420625,35.75,2.7331738981892717,UNDEFINEDnull,UNDEFINEDnull,exp_images/images/girl_fed_dog.jpg,IMG_16,UNDEFINEDnull,UNDEFINEDnull,UNDEFINEDnull,UNDEFINEDnull,,,,,
edf23,15,,free_viewing,,5865.0,4117.0,294.07142857142856,14.0,918.4,487.25,4390.0,3508,6,1340.0,0.7990888382687927,5865.0,3.261428571428571,14.0,82.20642857142856,43.0,2.387041773231032,UNDEFINEDnull,UNDEFINEDnull,exp_images/images/child_play_tabla.jpg,IMG_11,UNDEFINEDnull,UNDEFINEDnull,UNDEFINEDnull,UNDEFINEDnull,,,,,
edf23,16,,free_viewing,,5697.0,3957.0,263.8,15.0,1226.0733333333333,426.9933333333333,4143.0,3221,7,930.0,0.7774559497948347,5697.0,3.32625,16.0,80.305,55.375,2.8084956994909605,UNDEFINEDnull,UNDEFINEDnull,exp_images/images/man_pushed_box.jpg,IMG_05,UNDEFINEDnull,UNDEFINEDnull,UNDEFINEDnull,UNDEFINEDnull,,,,,
edf23,17,,free_viewing,,5678.0,4040.0,404.0,10.0,913.93,434.94,4575.0,4433,4,685.0,0.9689617486338796,5678.0,1.338181818181818,11.0,52.23909090909091,39.63636363636363,1.9373018668545263,UNDEFINEDnull,UNDEFINEDnull,exp_images/images/boy_filled_bucket.jpg,IMG_09,UNDEFINEDnull,UNDEFINEDnull,UNDEFINEDnull,UNDEFINEDnull,,,,,
edf23,18,,free_viewing,,5986.0,4526.0,502.88888888888886,9.0,947.6666666666665,689.4333333333333,4763.0,4763,4,993.0,1.0,5986.0,2.0022222222222217,9.0,67.29888888888888,25.555555555555557,1.5035081857667891,UNDEFINEDnull,UNDEFINEDnull,exp_images/images/boy_cut_vegetables.jpg,IMG_18,UNDEFINEDnull,UNDEFINEDnull,UNDEFINEDnull,UNDEFINEDnull,,,,,
edf23,19,English,sentence_audio,passive,11100.0,3836.0,255.7333333333333,15.0,954.5733333333333,553.6800000000002,3998.0,2778,7,6308.0,0.6948474237118559,11100.0,4.692500000000002,16.0,167.05937500000005,63.25,1.4414414414414416,exp_images/audio\ENGLISH\p_tabla.wav,IMG_11_E_PWA,exp_images/images/child_play_tabla.jpg,IMG_11,exp_images/sentences/passive_child_tabla.jpg,STIM_83,stimuli_list_subj_11_b.csv,PWA,passive_with_agent,non_agent_first,agent_overt,1.0,0.0
edf23,2,,free_viewing,,5953.0,4171.0,297.92857142857144,14.0,781.3000000000002,568.5642857142857,4469.0,3991,8,960.0,0.8930409487581115,5953.0,4.053571428571429,14.0,100.11142857142856,37.42857142857143,2.3517554174365864,UNDEFINEDnull,UNDEFINEDnull,exp_images/images/girl_plant_tree.jpg,IMG_03,UNDEFINEDnull,UNDEFINEDnull,UNDEFINEDnull,UNDEFINEDnull,,,,,
edf23,20,English,sentence_audio,passive,10763.0,2868.0,260.72727272727275,11.0,832.0454545454545,492.77272727272725,3031.0,2791,4,5771.0,0.9208182118112834,10763.0,2.640909090909091,11.0,248.0375,165.0,1.022019882932268,exp_images/audio\ENGLISH\p_door.wav,IMG_10_E_PWA,exp_images/images/boy_opened_door.jpg,IMG_10,exp_images/sentences/passive_boy_door.jpg,STIM_82,stimuli_list_subj_11_b.csv,PWA,passive_with_agent,non_agent_first,agent_overt,1.0,0.0
edf23,21,English,sentence_audio,passive,10778.0,4478.0,1492.666666666667,3.0,948.7333333333332,448.66666666666674,4891.0,4891,3,5785.0,1.0,10778.0,3.0400000000000005,3.0,88.63333333333334,34.0,0.27834477639636296,exp_images/audio\ENGLISH\p_bucket.wav,IMG_09_E_PWA,exp_images/images/boy_filled_bucket.jpg,IMG_09,exp_images/sentences/passive_boy_bucket.jpg,STIM_81,stimuli_list_subj_11_b.csv,PWA,passive_with_agent,non_agent_first,agent_overt,1.0,0.0
edf23,22,English,sentence_audio,passive_dropped_agent,10643.0,2152.0,165.53846153846158,13.0,1415.930769230769,356.27692307692314,2671.0,1158,3,6210.0,0.4335454885810558,10643.0,6.730714285714285,14.0,118.73428571428578,167.14285714285714,1.3154185849854363,exp_images/audio\ENGLISH\p_woa_fed.wav,IMG_16_E_PNA,exp_images/images/girl_fed_dog.jpg,IMG_16,exp_images/sentences/noagent_girl_dog.jpg,STIM_106,stimuli_list_subj_11_b.csv,PNA,passive_dropped_agent,non_agent_first,agent_dropped,1.0,1.0
edf23,23,English,sentence_audio,passive_dropped_agent,10489.0,4135.0,217.63157894736838,19.0,870.8052631578947,622.2315789473685,4342.0,3274,3,5497.0,0.7540304007369876,10489.0,3.3742105263157893,19.0,93.52315789473684,34.21052631578947,1.81142148917914,exp_images/audio\ENGLISH\p_woa_scooter.wav,IMG_14_E_PNA,exp_images/images/driver_wash_scooter.jpg,IMG_14,exp_images/sentences/noagent_driver_scooter.jpg,STIM_104,stimuli_list_subj_11_b.csv,PNA,passive_dropped_agent,non_agent_first,agent_dropped,1.0,1.0
edf23,24,English,sentence_audio,passive_dropped_agent,10507.0,4210.0,421.0,10.0,910.31,433.25,4627.0,2561,5,5515.0,0.5534903825372812,10507.0,2.46,11.0,87.66545454545454,34.90909090909091,1.0469211002189016,exp_images/audio\ENGLISH\p_woa_draw.wav,IMG_07_E_PNA,exp_images/images/artiste_drew_picture.jpg,IMG_07,exp_images/sentences/noagent_artist_picture.jpg,STIM_97,stimuli_list_subj_11_b.csv,PNA,passive_dropped_agent,non_agent_first,agent_dropped,1.0,1.0
edf23,25,Punjabi,sentence_audio,active,10712.0,4170.0,278.0,15.0,784.9133333333334,572.3199999999998,4431.0,4431,10,5719.0,1.0,10712.0,3.474,15.0,88.30600000000003,37.46666666666667,1.400298730395818,exp_images/audio\PUNJABI\sapling.wav,IMG_03_P_ACT,exp_images/images/girl_plant_tree.jpg,IMG_03,exp_images/sentences/Sapling.jpg,STIM_03,stimuli_list_subj_11_b.csv,ACT,active,agent_first,agent_overt,0.0,
edf23,26,Punjabi,sentence_audio,active,10856.0,3730.0,339.09090909090907,11.0,983.5727272727272,398.60909090909087,3922.0,1974,4,6086.0,0.5033146353901071,10856.0,3.965,12.0,225.6233333333333,90.16666666666669,1.105379513633014,exp_images/audio\PUNJABI\frisbee.wav,IMG_12_P_ACT,exp_images/images/child_throw_frisbee.jpg,IMG_12,exp_images/sentences/Frisbee.jpg,STIM_12,stimuli_list_subj_11_b.csv,ACT,active,agent_first,agent_overt,0.0,
edf23,27,Punjabi,sentence_audio,active,10268.0,4046.0,337.1666666666667,12.0,832.4583333333335,484.3083333333332,4315.0,3943,7,5275.0,0.9137891077636152,10268.0,2.501666666666667,12.0,126.51999999999997,56.5,1.1686793922867158,exp_images/audio\PUNJABI\vase.wav,IMG_08_P_ACT,exp_images/images/boy_broke_vase.jpg,IMG_08,exp_images/sentences/Vase.jpg,STIM_08,stimuli_list_subj_11_b.csv,ACT,active,agent_first,agent_overt,0.0,
edf23,28,Punjabi,sentence_audio,passive,10400.0,3722.0,310.1666666666667,12.0,1170.6,373.475,4007.0,3275,7,5409.0,0.8173196905415523,10400.0,7.4783333333333335,12.0,125.18916666666664,82.0,1.1538461538461535,exp_images/audio\PUNJABI\p_box.wav,IMG_05_P_PWA,exp_images/images/man_pushed_box.jpg,IMG_05,exp_images/sentences/Pushed-box-passive.jpg,STIM_23,stimuli_list_subj_11_b.csv,PWA,passive_with_agent,non_agent_first,agent_overt,1.0,0.0
edf23,29,Punjabi,sentence_audio,passive,10327.0,3751.0,197.421052631579,19.0,411.5,805.3421052631578,3963.0,3071,8,5334.0,0.7749179914206409,10327.0,6.577894736842105,19.0,133.93157894736842,54.21052631578947,1.839837319647526,exp_images/audio\PUNJABI\p_shrub.wav,IMG_04_P_PWA,exp_images/images/man_cut_shrub.jpg,IMG_04,exp_images/sentences/Shrub-passive.jpg,STIM_22,stimuli_list_subj_11_b.csv,PWA,passive_with_agent,non_agent_first,agent_overt,1.0,0.0
edf23,3,,free_viewing,,6040.0,4474.0,447.4,10.0,786.48,458.08,4691.0,4339,6,1047.0,0.924962694521424,6040.0,2.51,10.0,77.74000000000002,30.2,1.6556291390728477,UNDEFINEDnull,UNDEFINEDnull,exp_images/images/boy_broke_vase.jpg,IMG_08,UNDEFINEDnull,UNDEFINEDnull,UNDEFINEDnull,UNDEFINEDnull,,,,,
edf23,30,Punjabi,sentence_audio,passive,11101.0,4271.0,305.07142857142856,14.0,881.9857142857143,523.6571428571431,4458.0,4320,4,6109.0,0.9690444145356664,11101.0,3.829285714285714,14.0,92.56071428571428,38.142857142857146,1.2611476443563645,exp_images/audio\PUNJABI\p_window.wav,IMG_02_P_PWA,exp_images/images/girl_opened_window.jpg,IMG_02,exp_images/sentences/Window-passive.jpg,STIM_20,stimuli_list_subj_11_b.csv,PWA,passive_with_agent,non_agent_first,agent_overt,1.0,0.0
edf23,31,Punjabi,sentence_audio,passive_dropped_agent,10506.0,4408.0,339.07692307692315,13.0,865.3846153846154,686.9461538461541,4588.0,3408,7,5514.0,0.7428073234524848,10506.0,2.9176923076923083,13.0,85.91307692307691,31.07692307692308,1.237388159147154,exp_images/audio\PUNJABI\p_woa_dug.wav,IMG_13_P_PNA,exp_images/images/dog_dug_hole.jpg,IMG_13,exp_images/sentences/Dog-dug-woa.jpg,STIM_49,stimuli_list_subj_11_b.csv,PNA,passive_dropped_agent,non_agent_first,agent_dropped,1.0,1.0
edf23,32,Punjabi,sentence_audio,passive_dropped_agent,10801.0,4147.0,460.77777777777777,9.0,973.1666666666664,707.3111111111111,4354.0,4354,5,5809.0,1.0,10801.0,3.961111111111112,9.0,128.2444444444444,70.8888888888889,0.8332561799833349,exp_images/audio\PUNJABI\p_woa_veg.wav,IMG_18_P_PNA,exp_images/images/boy_cut_vegetables.jpg,IMG_18,exp_images/sentences/Veg-woa.jpg,STIM_54,stimuli_list_subj_11_b.csv,PNA,passive_dropped_agent,non_agent_first,agent_dropped,1.0,1.0
edf23,33,Punjabi,sentence_audio,passive_dropped_agent,10932.0,4330.0,288.6666666666667,15.0,941.36,506.2,4378.0,2104,6,6778.0,0.4805847418912746,10932.0,3.4631250000000007,16.0,102.42875,45.375,1.4635931211123308,exp_images/audio\PUNJABI\p_woa_cake.wav,IMG_15_P_PNA,exp_images/images/girl_baked_cake.jpg,IMG_15,exp_images/sentences/Cake-woa.jpg,STIM_51,stimuli_list_subj_11_b.csv,PNA,passive_dropped_agent,non_agent_first,agent_dropped,1.0,1.0
edf23,34,English,sentence_audio,active,10205.0,3188.0,318.8,10.0,1087.23,544.9800000000001,3406.0,3356,5,5212.0,0.9853200234879624,10205.0,4.995454545454546,11.0,152.87545454545457,145.8181818181818,1.0779029887310143,exp_images/audio\ENGLISH\clothes.wav,IMG_06_E_ACT,exp_images/images/women_fold_clothes.jpg,IMG_06,exp_images/sentences/active_woman_clothes.jpg,STIM_60,stimuli_list_subj_11_b.csv,ACT,active,agent_first,agent_overt,0.0,
edf23,35,English,sentence_audio,active,10789.0,3152.0,225.14285714285717,14.0,1609.5142857142855,213.35714285714286,3365.0,2407,4,5797.0,0.7153046062407132,10789.0,12.309333333333335,15.0,206.05066666666664,109.73333333333332,1.3903049402168877,exp_images/audio\ENGLISH\letter.wav,IMG_17_E_ACT,exp_images/images/women_read_letter.jpg,IMG_17,exp_images/sentences/active_women_letter.jpg,STIM_71,stimuli_list_subj_11_b.csv,ACT,active,agent_first,agent_overt,0.0,
edf23,36,English,sentence_audio,active,10215.0,4323.0,288.2,15.0,917.6533333333335,430.69333333333327,4383.0,4323,10,5398.0,0.9863107460643394,10215.0,4.601874999999998,16.0,122.14125,38.25,1.5663240332843855,exp_images/audio\ENGLISH\lamp.wav,IMG_01_E_ACT,exp_images/images/girl_lighted_lamp.jpg,IMG_01,exp_images/sentences/active_girl_lamp.jpg,STIM_55,stimuli_list_subj_11_b.csv,ACT,active,agent_first,agent_overt,0.0,
edf23,4,,free_viewing,,5955.0,4365.0,311.7857142857143,14.0,902.7214285714284,468.9428571428571,4571.0,3877,8,1194.0,0.8481732662437104,5955.0,2.546428571428572,14.0,76.79214285714284,30.142857142857146,2.3509655751469354,UNDEFINEDnull,UNDEFINEDnull,exp_images/images/girl_baked_cake.jpg,IMG_15,UNDEFINEDnull,UNDEFINEDnull,UNDEFINEDnull,UNDEFINEDnull,,,,,
edf23,5,,free_viewing,,5734.0,3788.0,210.44444444444446,18.0,985.6888888888888,479.25555555555565,4046.0,3778,9,742.0,0.9337617399901136,5734.0,3.4794444444444435,18.0,126.335,52.555555555555564,3.1391698639693058,UNDEFINEDnull,UNDEFINEDnull,exp_images/images/girl_lighted_lamp.jpg,IMG_01,UNDEFINEDnull,UNDEFINEDnull,UNDEFINEDnull,UNDEFINEDnull,,,,,
edf23,6,,free_viewing,,6100.0,4388.0,292.53333333333336,15.0,904.1733333333333,491.4066666666667,4549.0,4268,3,1294.0,0.938228182018026,6100.0,2.242666666666666,15.0,68.57533333333335,29.6,2.459016393442623,UNDEFINEDnull,UNDEFINEDnull,exp_images/images/girl_opened_window.jpg,IMG_02,UNDEFINEDnull,UNDEFINEDnull,UNDEFINEDnull,UNDEFINEDnull,,,,,
edf23,7,,free_viewing,,6070.0,4558.0,455.8,10.0,812.63,562.6,4712.0,4712,4,1078.0,1.0,6070.0,1.998,10.0,65.74199999999999,28.0,1.6474464579901154,UNDEFINEDnull,UNDEFINEDnull,exp_images/images/boy_opened_door.jpg,IMG_10,UNDEFINEDnull,UNDEFINEDnull,UNDEFINEDnull,UNDEFINEDnull,,,,,
edf23,8,,free_viewing,,5971.0,3881.0,258.73333333333335,15.0,1069.7933333333335,541.1,4056.0,3520,4,979.0,0.8678500986193294,5971.0,3.103333333333333,15.0,144.13133333333334,62.4,2.512142019762184,UNDEFINEDnull,UNDEFINEDnull,exp_images/images/child_throw_frisbee.jpg,IMG_12,UNDEFINEDnull,UNDEFINEDnull,UNDEFINEDnull,UNDEFINEDnull,,,,,
edf23,9,,free_viewing,,5636.0,4172.0,231.77777777777774,18.0,950.2499999999997,466.5944444444445,4398.0,4398,7,644.0,1.0,5636.0,3.2605555555555554,18.0,85.32999999999998,33.0,3.1937544357700496,UNDEFINEDnull,UNDEFINEDnull,exp_images/images/artiste_drew_picture.jpg,IMG_07,UNDEFINEDnull,UNDEFINEDnull,UNDEFINEDnull,UNDEFINEDnull,,,,,
edf24,1,,free_viewing,,5985.0,4408.0,734.6666666666665,6.0,1032.1166666666666,354.18333333333334,4792.0,4336,5,994.0,0.9048414023372288,5985.0,2.467142857142857,7.0,80.65285714285712,28.285714285714285,1.1695906432748535,UNDEFINEDnull,UNDEFINEDnull,exp_images/images/man_pushed_box.jpg,IMG_05,UNDEFINEDnull,UNDEFINEDnull,UNDEFINEDnull,UNDEFINEDnull,,,,,
edf24,10,,free_viewing,,6114.0,4672.0,934.4,5.0,1000.02,601.62,4844.0,4844,3,1122.0,1.0,6114.0,2.43,5.0,68.71000000000001,29.6,0.8177952240758914,UNDEFINEDnull,UNDEFINEDnull,exp_images/images/dog_dug_hole.jpg,IMG_13,UNDEFINEDnull,UNDEFINEDnull,UNDEFINEDnull,UNDEFINEDnull,,,,,
edf24,11,,free_viewing,,5762.0,4322.0,617.4285714285714,7.0,1034.557142857143,449.75714285714287,4803.0,3158,4,1280.0,0.6575057255881741,5762.0,1.8928571428571428,7.0,68.86142857142858,27.142857142857146,1.2148559527941687,UNDEFINEDnull,UNDEFINEDnull,exp_images/images/boy_filled_bucket.jpg,IMG_09,UNDEFINEDnull,UNDEFINEDnull,UNDEFINEDnull,UNDEFINEDnull,,,,,
edf24,12,,free_viewing,,5901.0,4571.0,653.0,7.0,863.3142857142857,550.9714285714286,4788.0,4788,3,909.0,1.0,5901.0,2.3914285714285715,7.0,69.00857142857143,29.142857142857146,1.1862396204033214,UNDEFINEDnull,UNDEFINEDnull,exp_images/images/girl_plant_tree.jpg,IMG_03,UNDEFINEDnull,UNDEFINEDnull,UNDEFINEDnull,UNDEFINEDnull,,,,,
edf24,13,,free_viewing,,5726.0,4506.0,409.6363636363636,11.0,1175.7272727272725,437.39090909090913,4664.0,4664,5,734.0,1.0,5726.0,2.421818181818181,11.0,75.60454545454544,29.818181818181817,1.921061823262312,UNDEFINEDnull,UNDEFINEDnull,exp_images/images/girl_opened_window.jpg,IMG_02,UNDEFINEDnull,UNDEFINEDnull,UNDEFINEDnull,UNDEFINEDnull,,,,,
edf24,14,,free_viewing,,5870.0,4228.0,302.0,14.0,1015.6857142857143,375.81428571428575,4467.0,4467,5,879.0,1.0,5870.0,3.721428571428572,14.0,95.345,37.42857142857143,2.385008517887564,UNDEFINEDnull,UNDEFINEDnull,exp_images/images/artiste_drew_picture.jpg,IMG_07,UNDEFINEDnull,UNDEFINEDnull,UNDEFINEDnull,UNDEFINEDnull,,,,,
edf24,15,,free_viewing,,5941.0,4403.0,489.22222222222223,9.0,974.9888888888887,555.4888888888888,4663.0,4403,4,1242.0,0.9442419043534206,5941.0,2.91,9.0,74.09777777777778,36.66666666666666,1.5148964820737252,UNDEFINEDnull,UNDEFINEDnull,exp_images/images/women_fold_clothes.jpg,IMG_06,UNDEFINEDnull,UNDEFINEDnull,UNDEFINEDnull,UNDEFINEDnull,,,,,
edf24,16,,free_viewing,,6110.0,4476.0,406.9090909090909,11.0,968.1181818181816,343.92727272727274,4658.0,4510,4,1118.0,0.9682267067410906,6110.0,2.4781818181818185,11.0,75.78545454545456,30.363636363636363,1.8003273322422255,UNDEFINEDnull,UNDEFINEDnull,exp_images/images/driver_wash_scooter.jpg,IMG_14,UNDEFINEDnull,UNDEFINEDnull,UNDEFINEDnull,UNDEFINEDnull,,,,,
edf24,17,,free_viewing,,5904.0,4700.0,940.0,5.0,1001.28,392.78,4856.0,4506,2,912.0,0.9279242174629324,5904.0,2.138,5.0,74.71600000000002,27.2,0.8468834688346883,UNDEFINEDnull,UNDEFINEDnull,exp_images/images/boy_opened_door.jpg,IMG_10,UNDEFINEDnull,UNDEFINEDnull,UNDEFINEDnull,UNDEFINEDnull,,,,,
edf24,18,,free_viewing,,5891.0,4573.0,571.625,8.0,923.6625,417.35,4775.0,4775,5,898.0,1.0,5891.0,2.05875,8.0,71.535,27.25,1.35800373451027,UNDEFINEDnull,UNDEFINEDnull,exp_images/images/boy_broke_vase.jpg,IMG_08,UNDEFINEDnull,UNDEFINEDnull,UNDEFINEDnull,UNDEFINEDnull,,,,,
edf24,19,English,sentence_audio,passive_dropped_agent,10277.0,4611.0,1152.75,4.0,855.7249999999998,451.2,4872.0,4611,2,5582.0,0.9464285714285714,10277.0,2.7725,4.0,76.2875,30.0,0.3892186435730272,exp_images/audio\ENGLISH\p_woa_tabla.wav,IMG_11_E_PNA,exp_images/images/child_play_tabla.jpg,IMG_11,exp_images/sentences/noagent_child_tabla.jpg,STIM_101,stimuli_list_subj_12_b.csv,PNA,passive_dropped_agent,non_agent_first,agent_dropped,1.0,1.0
edf24,2,,free_viewing,,5719.0,4637.0,1545.666666666667,3.0,938.3666666666667,674.8000000000002,4910.0,4449,2,1020.0,0.9061099796334012,5719.0,2.083333333333333,3.0,71.56,27.33333333333333,0.5245672320335723,UNDEFINEDnull,UNDEFINEDnull,exp_images/images/girl_fed_dog.jpg,IMG_16,UNDEFINEDnull,UNDEFINEDnull,UNDEFINEDnull,UNDEFINEDnull,,,,,
edf24,20,English,sentence_audio,passive_dropped_agent,11085.0,3017.0,431.0,7.0,1009.5428571428572,448.1285714285714,4163.0,4163,1,6168.0,1.0,11085.0,1.2412500000000002,8.0,138.39875,110.0,0.7216959855660803,exp_images/audio\ENGLISH\p_woa_door.wav,IMG_10_E_PNA,exp_images/images/boy_opened_door.jpg,IMG_10,exp_images/sentences/noagent_boy_door.jpg,STIM_100,stimuli_list_subj_12_b.csv,PNA,passive_dropped_agent,non_agent_first,agent_dropped,1.0,1.0
edf24,21,English,sentence_audio,passive_dropped_agent,10783.0,4561.0,1520.333333333333,3.0,957.9666666666667,450.66666666666674,4834.0,2206,3,5791.0,0.4563508481588746,10783.0,1.68,3.0,75.61333333333333,52.66666666666666,0.2782157099137532,exp_images/audio\ENGLISH\p_woa_bucket.wav,IMG_09_E_PNA,exp_images/images/boy_filled_bucket.jpg,IMG_09,exp_images/sentences/noagent_boy_bucket.jpg,STIM_99,stimuli_list_subj_12_b.csv,PNA,passive_dropped_agent,non_agent_first,agent_dropped,1.0,1.0
edf24,22,Punjabi,sentence_audio,active,11145.0,4365.0,436.5,10.0,1007.96,653.84,4599.0,4189,3,6612.0,0.9108501848227876,11145.0,2.458,10.0,60.84400000000001,39.4,0.8972633467922836,exp_images/audio\PUNJABI\fed.wav,IMG_16_P_ACT,exp_images/images/girl_fed_dog.jpg,IMG_16,exp_images/sentences/Fed-dog.jpg,STIM_16,stimuli_list_subj_12_b.csv,ACT,active,agent_first,agent_overt,0.0,
edf24,23,Punjabi,sentence_audio,active,11173.0,4325.0,360.41666666666674,12.0,1068.2833333333333,529.375,4566.0,4566,3,6181.0,1.0,11173.0,2.9675000000000007,12.0,78.34416666666667,35.5,1.0740177212924014,exp_images/audio\PUNJABI\scooter.wav,IMG_14_P_ACT,exp_images/images/driver_wash_scooter.jpg,IMG_14,exp_images/sentences/Washed-scooter.jpg,STIM_14,stimuli_list_subj_12_b.csv,ACT,active,agent_first,agent_overt,0.0,
edf24,24,Punjabi,sentence_audio,active,10939.0,4503.0,500.33333333333326,9.0,1063.7,339.33333333333337,4738.0,4244,2,5947.0,0.8957365977205572,10939.0,2.23,9.0,71.99666666666667,28.222222222222218,0.8227443093518603,exp_images/audio\PUNJABI\picture.wav,IMG_07_P_ACT,exp_images/images/artiste_drew_picture.jpg,IMG_07,exp_images/sentences/Painting.jpg,STIM_07,stimuli_list_subj_12_b.csv,ACT,active,agent_first,agent_overt,0.0,
edf24,25,Punjabi,sentence_audio,passive,11040.0,4620.0,770.0,6.0,939.0833333333335,446.55,4846.0,4348,2,6048.0,0.8972348328518366,11040.0,1.615,6.0,57.79166666666666,24.33333333333333,0.5434782608695653,exp_images/audio\PUNJABI\p_sapling.wav,IMG_03_P_PWA,exp_images/images/girl_plant_tree.jpg,IMG_03,exp_images/sentences/Sapling-passive.jpg,STIM_21,stimuli_list_subj_12_b.csv,PWA,passive_with_agent,non_agent_first,agent_overt,1.0,0.0
edf24,26,Punjabi,sentence_audio,passive,10611.0,4397.0,549.625,8.0,1071.4125,436.575,4729.0,4429,3,5620.0,0.9365616409388876,10611.0,2.26875,8.0,75.63,32.75,0.7539345961737819,exp_images/audio\PUNJABI\p_frisbee.wav,IMG_12_P_PWA,exp_images/images/child_throw_frisbee.jpg,IMG_12,exp_images/sentences/Frisbee-passive.jpg,STIM_30,stimuli_list_subj_12_b.csv,PWA,passive_with_agent,non_agent_first,agent_overt,1.0,0.0
edf24,27,Punjabi,sentence_audio,passive,10274.0,4630.0,1543.333333333333,3.0,918.3333333333335,370.8,4908.0,3958,1,5282.0,0.8064384678076609,10274.0,2.23,3.0,68.22666666666667,28.0,0.2919992213354098,exp_images/audio\PUNJABI\p_vase.wav,IMG_08_P_PWA,exp_images/images/boy_broke_vase.jpg,IMG_08,exp_images/sentences/Vase-passive.jpg,STIM_26,stimuli_list_subj_12_b.csv,PWA,passive_with_agent,non_agent_first,agent_overt,1.0,0.0
edf24,28,Punjabi,sentence_audio,passive_dropped_agent,10344.0,4444.0,555.5,8.0,1128.225,366.8,4787.0,3612,2,5724.0,0.7545435554627115,10344.0,1.895,8.0,61.51000000000001,25.75,0.7733952049497294,exp_images/audio\PUNJABI\p_woa_box.wav,IMG_05_P_PNA,exp_images/images/man_pushed_box.jpg,IMG_05,exp_images/sentences/Pushed-box-woa.jpg,STIM_41,stimuli_list_subj_12_b.csv,PNA,passive_dropped_agent,non_agent_first,agent_dropped,1.0,1.0
edf24,29,Punjabi,sentence_audio,passive_dropped_agent,10726.0,4586.0,1146.5,4.0,914.375,396.9,4913.0,4913,3,5733.0,1.0,10726.0,0.91,4.0,44.9825,20.0,0.3729256013425321,exp_images/audio\PUNJABI\p_woa_shrub.wav,IMG_04_P_PNA,exp_images/images/man_cut_shrub.jpg,IMG_04,exp_images/sentences/Shrub-woa.jpg,STIM_40,stimuli_list_subj_12_b.csv,PNA,passive_dropped_agent,non_agent_first,agent_dropped,1.0,1.0
edf24,3,,free_viewing,,6130.0,4670.0,4670.0,1.0,903.1,339.0,4960.0,4960,2,1138.0,1.0,6130.0,2.98,1.0,95.11,32.0,0.1631321370309951,UNDEFINEDnull,UNDEFINEDnull,exp_images/images/girl_baked_cake.jpg,IMG_15,UNDEFINEDnull,UNDEFINEDnull,UNDEFINEDnull,UNDEFINEDnull,,,,,
edf24,30,Punjabi,sentence_audio,passive_dropped_agent,10579.0,4295.0,390.45454545454544,11.0,1067.9545454545455,416.01818181818186,4569.0,4227,7,5586.0,0.9251477347340776,10579.0,2.875454545454545,11.0,72.9218181818182,38.54545454545455,1.0397958219113337,exp_images/audio\PUNJABI\p_woa_window.wav,IMG_02_P_PNA,exp_images/images/girl_opened_window.jpg,IMG_02,exp_images/sentences/Window-woa.jpg,STIM_38,stimuli_list_subj_12_b.csv,PNA,passive_dropped_agent,non_agent_first,agent_dropped,1.0,1.0
edf24,31,English,sentence_audio,active,11025.0,4561.0,570.125,8.0,1029.2875,676.0,4716.0,4329,4,6212.0,0.91793893129771,11025.0,1.875,8.0,55.15375,34.5,0.7256235827664399,exp_images/audio\ENGLISH\dug.wav,IMG_13_E_ACT,exp_images/images/dog_dug_hole.jpg,IMG_13,exp_images/sentences/active_dog_hole.jpg,STIM_67,stimuli_list_subj_12_b.csv,ACT,active,agent_first,agent_overt,0.0,
edf24,32,English,sentence_audio,active,11052.0,4676.0,1169.0,4.0,980.25,760.175,4893.0,4749,2,6061.0,0.970570202329859,11052.0,1.1775000000000002,4.0,53.8975,24.5,0.3619254433586681,exp_images/audio\ENGLISH\veg.wav,IMG_18_E_ACT,exp_images/images/boy_cut_vegetables.jpg,IMG_18,exp_images/sentences/active_boy_vegetables.jpg,STIM_72,stimuli_list_subj_12_b.csv,ACT,active,agent_first,agent_overt,0.0,
edf24,33,English,sentence_audio,active,10818.0,2856.0,952.0,3.0,986.4,546.2666666666668,4937.0,4731,2,5825.0,0.9582742556208224,10818.0,0.7866666666666666,3.0,41.43,18.666666666666668,0.2773155851358847,exp_images/audio\ENGLISH\cake.wav,IMG_15_E_ACT,exp_images/images/girl_baked_cake.jpg,IMG_15,exp_images/sentences/active_girl_cake.jpg,STIM_69,stimuli_list_subj_12_b.csv,ACT,active,agent_first,agent_overt,0.0,
edf24,34,English,sentence_audio,passive,11006.0,4522.0,565.25,8.0,956.2625,455.75,4779.0,4522,3,6300.0,0.9462230592174096,11006.0,1.91875,8.0,64.4975,26.75,0.7268762493185535,exp_images/audio\ENGLISH\p_clothes.wav,IMG_06_E_PWA,exp_images/images/women_fold_clothes.jpg,IMG_06,exp_images/sentences/passive_woman_clothes.jpg,STIM_78,stimuli_list_subj_12_b.csv,PWA,passive_with_agent,non_agent_first,agent_overt,1.0,0.0
edf24,35,English,sentence_audio,passive,10746.0,4278.0,713.0,6.0,984.0833333333333,493.2,4755.0,3303,2,5755.0,0.6946372239747634,10746.0,2.5450000000000004,6.0,75.20666666666666,39.333333333333336,0.5583472920156337,exp_images/audio\ENGLISH\p_letter.wav,IMG_17_E_PWA,exp_images/images/women_read_letter.jpg,IMG_17,exp_images/sentences/passive_women_letter.jpg,STIM_89,stimuli_list_subj_12_b.csv,PWA,passive_with_agent,non_agent_first,agent_overt,1.0,0.0
edf24,36,English,sentence_audio,passive,10244.0,4358.0,435.8,10.0,820.5200000000002,403.93,4710.0,4434,4,5252.0,0.9414012738853504,10244.0,2.1719999999999997,10.0,72.30499999999998,28.2,0.9761811792268644,exp_images/audio\ENGLISH\p_lamp.wav,IMG_01_E_PWA,exp_images/images/girl_lighted_lamp.jpg,IMG_01,exp_images/sentences/passive_girl_lamp.jpg,STIM_73,stimuli_list_subj_12_b.csv,PWA,passive_with_agent,non_agent_first,agent_overt,1.0,0.0
edf24,4,,free_viewing,,5946.0,4408.0,551.0,8.0,985.7375,461.2875,4665.0,4665,3,955.0,1.0,5946.0,4.57125,8.0,102.495,40.75,1.3454423141607803,UNDEFINEDnull,UNDEFINEDnull,exp_images/images/girl_lighted_lamp.jpg,IMG_01,UNDEFINEDnull,UNDEFINEDnull,UNDEFINEDnull,UNDEFINEDnull,,,,,
edf24,5,,free_viewing,,5754.0,4498.0,749.6666666666665,6.0,1048.1333333333334,558.4833333333332,4764.0,4764,3,762.0,1.0,5754.0,4.14,6.0,101.65000000000002,38.0,1.042752867570386,UNDEFINEDnull,UNDEFINEDnull,exp_images/images/boy_cut_vegetables.jpg,IMG_18,UNDEFINEDnull,UNDEFINEDnull,UNDEFINEDnull,UNDEFINEDnull,,,,,
edf24,6,,free_viewing,,5842.0,4366.0,545.75,8.0,1077.075,460.025,4726.0,3996,5,850.0,0.8455353364367328,5842.0,2.6375,8.0,74.97749999999998,33.25,1.3693940431359124,UNDEFINEDnull,UNDEFINEDnull,exp_images/images/women_read_letter.jpg,IMG_17,UNDEFINEDnull,UNDEFINEDnull,UNDEFINEDnull,UNDEFINEDnull,,,,,
edf24,7,,free_viewing,,5639.0,4447.0,635.2857142857142,7.0,979.4285714285713,448.64285714285705,4731.0,4061,3,1038.0,0.8583808919890087,5639.0,3.844285714285714,7.0,94.04857142857144,37.142857142857146,1.241354850150736,UNDEFINEDnull,UNDEFINEDnull,exp_images/images/child_play_tabla.jpg,IMG_11,UNDEFINEDnull,UNDEFINEDnull,UNDEFINEDnull,UNDEFINEDnull,,,,,
edf24,8,,free_viewing,,6040.0,4628.0,771.3333333333335,6.0,1038.05,277.6666666666667,4814.0,4814,3,1048.0,1.0,6040.0,2.6933333333333334,6.0,73.65166666666667,29.66666666666667,0.9933774834437086,UNDEFINEDnull,UNDEFINEDnull,exp_images/images/child_throw_frisbee.jpg,IMG_12,UNDEFINEDnull,UNDEFINEDnull,UNDEFINEDnull,UNDEFINEDnull,,,,,
edf24,9,,free_viewing,,5919.0,4623.0,924.6,5.0,982.1,356.2600000000001,4838.0,4838,3,927.0,1.0,5919.0,2.658,5.0,77.32600000000001,30.8,0.8447372867038352,UNDEFINEDnull,UNDEFINEDnull,exp_images/images/man_cut_shrub.jpg,IMG_04,UNDEFINEDnull,UNDEFINEDnull,UNDEFINEDnull,UNDEFINEDnull,,,,,
edf25,1,,free_viewing,,5713.0,3859.0,214.38888888888889,18.0,810.0666666666667,605.7722222222222,4115.0,2908,6,722.0,0.7066828675577157,5713.0,2.9183333333333343,18.0,128.02999999999997,48.66666666666666,3.1507089095046386,UNDEFINEDnull,UNDEFINEDnull,exp_images/images/girl_plant_tree.jpg,IMG_03,UNDEFINEDnull,UNDEFINEDnull,UNDEFINEDnull,UNDEFINEDnull,,,,,
edf25,10,,free_viewing,,5985.0,3813.0,224.29411764705884,17.0,814.0647058823531,657.3823529411766,3872.0,2808,5,993.0,0.7252066115702479,5985.0,2.377058823529412,17.0,142.71352941176468,65.88235294117646,2.840434419381788,UNDEFINEDnull,UNDEFINEDnull,exp_images/images/child_play_tabla.jpg,IMG_11,UNDEFINEDnull,UNDEFINEDnull,UNDEFINEDnull,UNDEFINEDnull,,,,,
edf25,11,,free_viewing,,5666.0,3780.0,252.0,15.0,962.7000000000003,506.2,3958.0,3958,5,674.0,1.0,5666.0,2.9066666666666667,15.0,176.33466666666664,68.93333333333334,2.647370278856336,UNDEFINEDnull,UNDEFINEDnull,exp_images/images/driver_wash_scooter.jpg,IMG_14,UNDEFINEDnull,UNDEFINEDnull,UNDEFINEDnull,UNDEFINEDnull,,,,,
edf25,12,,free_viewing,,5983.0,4212.0,324.0,13.0,895.5692307692308,504.3846153846155,4360.0,4360,11,990.0,1.0,5983.0,3.1942857142857144,14.0,116.92499999999998,46.57142857142857,2.3399632291492565,UNDEFINEDnull,UNDEFINEDnull,exp_images/images/artiste_drew_picture.jpg,IMG_07,UNDEFINEDnull,UNDEFINEDnull,UNDEFINEDnull,UNDEFINEDnull,,,,,
edf25,13,,free_viewing,,6020.0,3734.0,248.9333333333333,15.0,1356.3866666666665,650.2999999999997,3778.0,1308,5,1028.0,0.3462149285336157,6020.0,11.028666666666668,15.0,193.56,80.93333333333334,2.491694352159469,UNDEFINEDnull,UNDEFINEDnull,exp_images/images/girl_fed_dog.jpg,IMG_16,UNDEFINEDnull,UNDEFINEDnull,UNDEFINEDnull,UNDEFINEDnull,,,,,
edf25,14,,free_viewing,,5726.0,2894.0,206.7142857142857,14.0,1316.6785714285713,495.36428571428576,3134.0,1364,4,734.0,0.435226547543076,5726.0,7.411333333333332,15.0,206.39866666666663,125.06666666666666,2.619629758994062,UNDEFINEDnull,UNDEFINEDnull,exp_images/images/boy_filled_bucket.jpg,IMG_09,UNDEFINEDnull,UNDEFINEDnull,UNDEFINEDnull,UNDEFINEDnull,,,,,
edf25,15,,free_viewing,,5976.0,3920.0,280.0,14.0,1031.442857142857,472.16428571428565,3966.0,3056,8,984.0,0.7705496722138174,5976.0,4.126,15.0,154.618,69.6,2.5100401606425704,UNDEFINEDnull,UNDEFINEDnull,exp_images/images/child_throw_frisbee.jpg,IMG_12,UNDEFINEDnull,UNDEFINEDnull,UNDEFINEDnull,UNDEFINEDnull,,,,,
edf25,16,,free_viewing,,5884.0,3892.0,243.25,16.0,877.2750000000002,532.33125,4020.0,3400,7,1190.0,0.8457711442786071,5884.0,2.4475,16.0,117.04624999999996,60.75,2.7192386131883066,UNDEFINEDnull,UNDEFINEDnull,exp_images/images/boy_opened_door.jpg,IMG_10,UNDEFINEDnull,UNDEFINEDnull,UNDEFINEDnull,UNDEFINEDnull,,,,,
edf25,17,,free_viewing,,5687.0,3729.0,233.0625,16.0,856.4562500000002,531.6875,3960.0,3192,10,695.0,0.8060606060606059,5687.0,2.1225,16.0,110.97625,64.5,2.8134341480569716,UNDEFINEDnull,UNDEFINEDnull,exp_images/images/girl_baked_cake.jpg,IMG_15,UNDEFINEDnull,UNDEFINEDnull,UNDEFINEDnull,UNDEFINEDnull,,,,,
edf25,18,,free_viewing,,6061.0,3448.0,287.3333333333333,12.0,980.6083333333332,652.9333333333333,3676.0,3176,6,1168.0,0.8639825897714908,6061.0,2.838571428571428,14.0,211.94714285714284,102.28571428571428,2.309849859759116,UNDEFINEDnull,UNDEFINEDnull,exp_images/images/women_fold_clothes.jpg,IMG_06,UNDEFINEDnull,UNDEFINEDnull,UNDEFINEDnull,UNDEFINEDnull,,,,,
edf25,19,Punjabi,sentence_audio,active,10944.0,4030.0,287.85714285714283,14.0,996.4714285714284,590.4142857142857,4310.0,4072,11,5952.0,0.9447795823665892,10944.0,2.4878571428571425,14.0,100.54285714285713,48.714285714285715,1.2792397660818713,exp_images/audio\PUNJABI\letter.wav,IMG_17_P_ACT,exp_images/images/women_read_letter.jpg,IMG_17,exp_images/sentences/Letter.jpg,STIM_17,stimuli_list_subj_1_a.csv,ACT,active,agent_first,agent_overt,0.0,
edf25,2,,free_viewing,,6123.0,3388.0,211.75,16.0,969.975,812.6375,3555.0,1979,6,1131.0,0.5566807313642756,6123.0,3.7482352941176473,17.0,214.34176470588238,85.6470588235294,2.7764167891556424,UNDEFINEDnull,UNDEFINEDnull,exp_images/images/dog_dug_hole.jpg,IMG_13,UNDEFINEDnull,UNDEFINEDnull,UNDEFINEDnull,UNDEFINEDnull,,,,,
edf25,20,Punjabi,sentence_audio,active,10820.0,3890.0,259.3333333333333,15.0,879.5133333333333,595.8599999999999,4043.0,3376,3,6008.0,0.8350234974029186,10820.0,2.1846666666666663,15.0,129.08800000000002,63.33333333333334,1.3863216266173752,exp_images/audio\PUNJABI\bucket.wav,IMG_09_P_ACT,exp_images/images/boy_filled_bucket.jpg,IMG_09,exp_images/sentences/Bucket.jpg,STIM_09,stimuli_list_subj_1_a.csv,ACT,active,agent_first,agent_overt,0.0,
edf25,21,Punjabi,sentence_audio,active,10731.0,3739.0,267.07142857142856,14.0,918.1785714285713,601.5857142857143,3887.0,3613,7,5918.0,0.9295086184718292,10731.0,2.982857142857143,14.0,163.15,78.85714285714286,1.304631441617743,exp_images/audio\PUNJABI\clothes.wav,IMG_06_P_ACT,exp_images/images/women_fold_clothes.jpg,IMG_06,exp_images/sentences/Folded-clothes.jpg,STIM_06,stimuli_list_subj_1_a.csv,ACT,active,agent_first,agent_overt,0.0,
edf25,22,Punjabi,sentence_audio,passive,10770.0,3904.0,325.3333333333333,12.0,878.0666666666666,545.8916666666668,4271.0,4271,9,5777.0,1.0,10770.0,4.313076923076924,13.0,116.52615384615385,57.07692307692307,1.2070566388115136,exp_images/audio\PUNJABI\p_door.wav,IMG_10_P_PWA,exp_images/images/boy_opened_door.jpg,IMG_10,exp_images/sentences/Closed-door-passive.jpg,STIM_28,stimuli_list_subj_1_a.csv,PWA,passive_with_agent,non_agent_first,agent_overt,1.0,0.0
edf25,23,Punjabi,sentence_audio,passive,10421.0,3676.0,229.75,16.0,890.525,553.16875,3871.0,3651,8,5429.0,0.9431671402738312,10421.0,3.039411764705882,17.0,168.05764705882353,66.58823529411765,1.6313213703099512,exp_images/audio\PUNJABI\p_lamp.wav,IMG_01_P_PWA,exp_images/images/girl_lighted_lamp.jpg,IMG_01,exp_images/sentences/Lamp-passive.jpg,STIM_19,stimuli_list_subj_1_a.csv,PWA,passive_with_agent,non_agent_first,agent_overt,1.0,0.0
edf25,24,Punjabi,sentence_audio,passive,10656.0,3580.0,275.38461538461536,13.0,980.8,471.99230769230775,3781.0,3659,3,5665.0,0.9677334038614124,10656.0,2.3315384615384613,13.0,163.58692307692309,93.07692307692308,1.21996996996997,exp_images/audio\PUNJABI\p_scooter.wav,IMG_14_P_PWA,exp_images/images/driver_wash_scooter.jpg,IMG_14,exp_images/sentences/Washed-scooter-passive.jpg,STIM_32,stimuli_list_subj_1_a.csv,PWA,passive_with_agent,non_agent_first,agent_overt,1.0,0.0
edf25,25,Punjabi,sentence_audio,passive_dropped_agent,10440.0,3766.0,313.8333333333333,12.0,1052.1333333333332,507.86666666666673,3995.0,3773,8,5447.0,0.944430538172716,10440.0,2.3091666666666666,12.0,146.21499999999997,83.16666666666667,1.149425287356322,exp_images/audio\PUNJABI\p_woa_box.wav,IMG_05_P_PNA,exp_images/images/man_pushed_box.jpg,IMG_05,exp_images/sentences/Pushed-box-woa.jpg,STIM_41,stimuli_list_subj_1_a.csv,PNA,passive_dropped_agent,non_agent_first,agent_dropped,1.0,1.0
edf25,26,Punjabi,sentence_audio,passive_dropped_agent,10651.0,3685.0,263.2142857142857,14.0,907.8571428571428,566.1785714285714,3829.0,2715,9,5856.0,0.7090624183860016,10651.0,2.998666666666667,15.0,130.16266666666664,80.4,1.4083184677495069,exp_images/audio\PUNJABI\p_woa_sapling.wav,IMG_03_P_PNA,exp_images/images/girl_plant_tree.jpg,IMG_03,exp_images/sentences/Sapling-woa.jpg,STIM_39,stimuli_list_subj_1_a.csv,PNA,passive_dropped_agent,non_agent_first,agent_dropped,1.0,1.0
edf25,27,Punjabi,sentence_audio,passive_dropped_agent,10568.0,3292.0,253.23076923076923,13.0,797.5692307692308,552.0692307692308,3634.0,3390,3,5578.0,0.9328563566318108,10568.0,3.6906666666666665,15.0,157.1266666666666,104.26666666666668,1.4193792581377744,exp_images/audio\PUNJABI\p_woa_shrub.wav,IMG_04_P_PNA,exp_images/images/man_cut_shrub.jpg,IMG_04,exp_images/sentences/Shrub-woa.jpg,STIM_40,stimuli_list_subj_1_a.csv,PNA,passive_dropped_agent,non_agent_first,agent_dropped,1.0,1.0
edf25,28,English,sentence_audio,active,10475.0,3194.0,199.625,16.0,1000.40625,666.6999999999998,3326.0,1188,5,5672.0,0.3571858087793145,10475.0,4.853529411764706,17.0,184.6233333333333,96.33333333333331,1.62291169451074,exp_images/audio\ENGLISH\dug.wav,IMG_13_E_ACT,exp_images/images/dog_dug_hole.jpg,IMG_13,exp_images/sentences/active_dog_hole.jpg,STIM_67,stimuli_list_subj_1_a.csv,ACT,active,agent_first,agent_overt,0.0,
edf25,29,English,sentence_audio,active,11114.0,3756.0,250.4,15.0,909.9400000000003,428.85333333333335,3950.0,3420,11,6378.0,0.8658227848101265,11114.0,4.0462500000000015,16.0,146.551875,66.75,1.4396256973186967,exp_images/audio\ENGLISH\frisbee.wav,IMG_12_E_ACT,exp_images/images/child_throw_frisbee.jpg,IMG_12,exp_images/sentences/active_child_frisbee.jpg,STIM_66,stimuli_list_subj_1_a.csv,ACT,active,agent_first,agent_overt,0.0,
edf25,3,,free_viewing,,5997.0,3625.0,241.66666666666663,15.0,824.9400000000003,603.7133333333334,3737.0,1751,8,1004.0,0.4685576665774686,5997.0,2.298666666666667,15.0,197.2,83.73333333333333,2.5012506253126565,UNDEFINEDnull,UNDEFINEDnull,exp_images/images/boy_broke_vase.jpg,IMG_08,UNDEFINEDnull,UNDEFINEDnull,UNDEFINEDnull,UNDEFINEDnull,,,,,
edf25,30,English,sentence_audio,active,10525.0,3807.0,237.9375,16.0,835.46875,568.5875,3862.0,1899,5,5533.0,0.4917141377524599,10525.0,2.711875,16.0,113.385625,70.625,1.5201900237529689,exp_images/audio\ENGLISH\tabla.wav,IMG_11_E_ACT,exp_images/images/child_play_tabla.jpg,IMG_11,exp_images/sentences/active_child_tabla.jpg,STIM_65,stimuli_list_subj_1_a.csv,ACT,active,agent_first,agent_overt,0.0,
edf25,31,English,sentence_audio,passive,10498.0,3546.0,221.625,16.0,845.26875,488.55625,3666.0,3666,9,5632.0,1.0,10498.0,3.124705882352941,17.0,154.52411764705886,81.6470588235294,1.6193560678224426,exp_images/audio\ENGLISH\p_artist.wav,IMG_07_E_PWA,exp_images/images/artiste_drew_picture.jpg,IMG_07,exp_images/sentences/passive_artist_picture.jpg,STIM_79,stimuli_list_subj_1_a.csv,PWA,passive_with_agent,non_agent_first,agent_overt,1.0,0.0
edf25,32,English,sentence_audio,passive,10697.0,3791.0,236.9375,16.0,895.2124999999999,592.4062499999999,3838.0,2071,7,6124.0,0.5396039603960396,10697.0,3.15125,16.0,117.179375,72.125,1.4957464709731705,exp_images/audio\ENGLISH\p_cake.wav,IMG_15_E_PWA,exp_images/images/girl_baked_cake.jpg,IMG_15,exp_images/sentences/passive_girl_cake.jpg,STIM_87,stimuli_list_subj_1_a.csv,PWA,passive_with_agent,non_agent_first,agent_overt,1.0,0.0
edf25,33,English,sentence_audio,passive,10749.0,3641.0,280.0769230769231,13.0,978.9230769230769,502.3230769230769,3859.0,3657,11,5838.0,0.9476548328582536,10749.0,3.1171428571428565,14.0,173.44928571428574,87.2857142857143,1.3024467392315564,exp_images/audio\ENGLISH\p_window.wav,IMG_02_E_PWA,exp_images/images/girl_opened_window.jpg,IMG_02,exp_images/sentences/passive_girl_window.jpg,STIM_74,stimuli_list_subj_1_a.csv,PWA,passive_with_agent,non_agent_first,agent_overt,1.0,0.0
edf25,34,English,sentence_audio,passive_dropped_agent,10523.0,3683.0,245.53333333333333,15.0,832.3333333333333,671.9000000000002,3900.0,1972,7,5531.0,0.5056410256410256,10523.0,3.952666666666667,15.0,134.68200000000002,72.8,1.4254490164401787,exp_images/audio\ENGLISH\p_woa_fed.wav,IMG_16_E_PNA,exp_images/images/girl_fed_dog.jpg,IMG_16,exp_images/sentences/noagent_girl_dog.jpg,STIM_106,stimuli_list_subj_1_a.csv,PNA,passive_dropped_agent,non_agent_first,agent_dropped,1.0,1.0
edf25,35,English,sentence_audio,passive_dropped_agent,10581.0,3654.0,261.0,14.0,911.1285714285716,623.6642857142857,3850.0,3654,8,5922.0,0.9490909090909092,10581.0,3.18625,16.0,126.045625,82.875,1.5121444097911352,exp_images/audio\ENGLISH\p_woa_veg.wav,IMG_18_E_PNA,exp_images/images/boy_cut_vegetables.jpg,IMG_18,exp_images/sentences/noagent_boy_vegetables.jpg,STIM_108,stimuli_list_subj_1_a.csv,PNA,passive_dropped_agent,non_agent_first,agent_dropped,1.0,1.0
edf25,36,English,sentence_audio,passive_dropped_agent,11094.0,3644.0,520.5714285714286,7.0,860.6428571428571,521.9571428571428,4081.0,4081,3,6101.0,1.0,11094.0,1.5485714285714285,7.0,185.12,130.28571428571428,0.6309716964124752,exp_images/audio\ENGLISH\p_woa_vase.wav,IMG_08_E_PNA,exp_images/images/boy_broke_vase.jpg,IMG_08,exp_images/sentences/noagent_boy_vase.jpg,STIM_98,stimuli_list_subj_1_a.csv,PNA,passive_dropped_agent,non_agent_first,agent_dropped,1.0,1.0
edf25,4,,free_viewing,,6079.0,4049.0,269.93333333333334,15.0,1042.3533333333337,558.9266666666666,4194.0,3331,5,1087.0,0.7942298521697664,6079.0,2.2846666666666677,15.0,142.68333333333334,53.2,2.4675111037999677,UNDEFINEDnull,UNDEFINEDnull,exp_images/images/man_pushed_box.jpg,IMG_05,UNDEFINEDnull,UNDEFINEDnull,UNDEFINEDnull,UNDEFINEDnull,,,,,
edf25,5,,free_viewing,,5644.0,3350.0,186.11111111111111,18.0,900.2666666666668,703.2777777777777,3572.0,3314,9,652.0,0.927771556550952,5644.0,3.37,18.0,230.9261111111111,78.8888888888889,3.1892274982282074,UNDEFINEDnull,UNDEFINEDnull,exp_images/images/boy_cut_vegetables.jpg,IMG_18,UNDEFINEDnull,UNDEFINEDnull,UNDEFINEDnull,UNDEFINEDnull,,,,,
edf25,6,,free_viewing,,5969.0,3445.0,246.07142857142856,14.0,889.1857142857143,547.5357142857142,3681.0,2791,6,1366.0,0.7582178755772888,5969.0,1.4226666666666663,15.0,175.98066666666665,89.86666666666666,2.5129837493717537,UNDEFINEDnull,UNDEFINEDnull,exp_images/images/women_read_letter.jpg,IMG_17,UNDEFINEDnull,UNDEFINEDnull,UNDEFINEDnull,UNDEFINEDnull,,,,,
edf25,7,,free_viewing,,5905.0,3575.0,238.33333333333331,15.0,788.7600000000001,588.3333333333334,3898.0,3575,3,1268.0,0.9171369933299128,5905.0,2.3866666666666667,15.0,189.18666666666667,72.93333333333334,2.540220152413209,UNDEFINEDnull,UNDEFINEDnull,exp_images/images/man_cut_shrub.jpg,IMG_04,UNDEFINEDnull,UNDEFINEDnull,UNDEFINEDnull,UNDEFINEDnull,,,,,
edf25,8,,free_viewing,,5663.0,3193.0,187.82352941176467,17.0,923.8294117647059,522.035294117647,3425.0,3425,11,892.0,1.0,5663.0,3.210555555555555,18.0,206.66722222222225,88.22222222222223,3.1785272823591733,UNDEFINEDnull,UNDEFINEDnull,exp_images/images/girl_opened_window.jpg,IMG_02,UNDEFINEDnull,UNDEFINEDnull,UNDEFINEDnull,UNDEFINEDnull,,,,,
edf25,9,,free_viewing,,6010.0,3776.0,269.7142857142857,14.0,772.742857142857,587.3642857142858,3966.0,3600,6,1116.0,0.907715582450832,6010.0,4.3362500000000015,16.0,167.79937500000003,72.125,2.6622296173044933,UNDEFINEDnull,UNDEFINEDnull,exp_images/images/girl_lighted_lamp.jpg,IMG_01,UNDEFINEDnull,UNDEFINEDnull,UNDEFINEDnull,UNDEFINEDnull,,,,,
edf26,1,,free_viewing,,5820.0,4388.0,313.42857142857144,14.0,885.1357142857145,477.61428571428576,4647.0,4105,7,825.0,0.8833656122229395,5820.0,1.5714285714285712,14.0,60.01499999999999,24.857142857142854,2.405498281786941,UNDEFINEDnull,UNDEFINEDnull,exp_images/images/boy_opened_door.jpg,IMG_10,UNDEFINEDnull,UNDEFINEDnull,UNDEFINEDnull,UNDEFINEDnull,,,,,
edf26,10,,free_viewing,,5780.0,4370.0,336.15384615384613,13.0,853.7153846153847,481.6923076923077,4583.0,3874,7,1038.0,0.8452978398428976,5780.0,3.1623076923076923,13.0,88.51076923076923,31.384615384615387,2.2491349480968856,UNDEFINEDnull,UNDEFINEDnull,exp_images/images/child_play_tabla.jpg,IMG_11,UNDEFINEDnull,UNDEFINEDnull,UNDEFINEDnull,UNDEFINEDnull,,,,,
edf26,11,,free_viewing,,5722.0,4278.0,237.66666666666663,18.0,1107.4833333333333,410.24444444444435,4435.0,4435,5,729.0,1.0,5722.0,1.8183333333333327,18.0,89.82833333333332,31.0,3.145753233135267,UNDEFINEDnull,UNDEFINEDnull,exp_images/images/man_pushed_box.jpg,IMG_05,UNDEFINEDnull,UNDEFINEDnull,UNDEFINEDnull,UNDEFINEDnull,,,,,
edf26,12,,free_viewing,,5889.0,3994.0,249.625,16.0,831.13125,529.7375,4317.0,3539,7,897.0,0.8197822561964327,5889.0,3.4264705882352944,17.0,83.43882352941176,40.8235294117647,2.8867379860757345,UNDEFINEDnull,UNDEFINEDnull,exp_images/images/girl_plant_tree.jpg,IMG_03,UNDEFINEDnull,UNDEFINEDnull,UNDEFINEDnull,UNDEFINEDnull,,,,,
edf26,13,,free_viewing,,5949.0,4447.0,444.7,10.0,972.35,504.25000000000017,4727.0,4727,4,958.0,1.0,5949.0,1.611,10.0,54.761,26.4,1.6809547823163558,UNDEFINEDnull,UNDEFINEDnull,exp_images/images/women_fold_clothes.jpg,IMG_06,UNDEFINEDnull,UNDEFINEDnull,UNDEFINEDnull,UNDEFINEDnull,,,,,
edf26,14,,free_viewing,,6087.0,4161.0,346.75,12.0,819.725,508.0333333333333,4488.0,4161,4,1446.0,0.9271390374331552,6087.0,3.020833333333333,12.0,142.46416666666667,42.0,1.971414489896501,UNDEFINEDnull,UNDEFINEDnull,exp_images/images/man_cut_shrub.jpg,IMG_04,UNDEFINEDnull,UNDEFINEDnull,UNDEFINEDnull,UNDEFINEDnull,,,,,
edf26,15,,free_viewing,,5847.0,4099.0,341.5833333333333,12.0,832.125,460.66666666666674,4330.0,4330,5,855.0,1.0,5847.0,2.7100000000000004,12.0,85.59416666666667,55.16666666666666,2.052334530528476,UNDEFINEDnull,UNDEFINEDnull,exp_images/images/boy_broke_vase.jpg,IMG_08,UNDEFINEDnull,UNDEFINEDnull,UNDEFINEDnull,UNDEFINEDnull,,,,,
edf26,16,,free_viewing,,5766.0,3872.0,242.0,16.0,948.2374999999997,459.94375,4429.0,4261,5,773.0,0.96206818694965,5766.0,1.9093750000000005,16.0,102.980625,35.25,2.7748872702046476,UNDEFINEDnull,UNDEFINEDnull,exp_images/images/boy_filled_bucket.jpg,IMG_09,UNDEFINEDnull,UNDEFINEDnull,UNDEFINEDnull,UNDEFINEDnull,,,,,
edf26,17,,free_viewing,,5714.0,4722.0,1180.5,4.0,904.25,484.55,4874.0,4874,5,722.0,1.0,5714.0,1.96,4.0,63.895,29.5,0.7000350017500875,UNDEFINEDnull,UNDEFINEDnull,exp_images/images/girl_baked_cake.jpg,IMG_15,UNDEFINEDnull,UNDEFINEDnull,UNDEFINEDnull,UNDEFINEDnull,,,,,
edf26,18,,free_viewing,,6070.0,4236.0,282.4,15.0,951.44,358.7466666666666,4463.0,4463,3,1077.0,1.0,6070.0,2.1886666666666668,15.0,99.14333333333332,35.333333333333336,2.4711696869851734,UNDEFINEDnull,UNDEFINEDnull,exp_images/images/artiste_drew_picture.jpg,IMG_07,UNDEFINEDnull,UNDEFINEDnull,UNDEFINEDnull,UNDEFINEDnull,,,,,
edf26,19,Punjabi,sentence_audio,passive,10982.0,4448.0,494.22222222222223,9.0,1002.2666666666668,559.4222222222222,4692.0,4322,7,5990.0,0.9211423699914748,10982.0,2.9700000000000006,9.0,87.88555555555556,33.333333333333336,0.8195228555818613,exp_images/audio\PUNJABI\p_letter.wav,IMG_17_P_PWA,exp_images/images/women_read_letter.jpg,IMG_17,exp_images/sentences/Letter-passive.jpg,STIM_35,stimuli_list_subj_2_a.csv,PWA,passive_with_agent,non_agent_first,agent_overt,1.0,0.0
edf26,2,,free_viewing,,5862.0,4306.0,307.57142857142856,14.0,976.3642857142858,719.0214285714285,4537.0,4306,4,1132.0,0.9490852986554992,5862.0,3.157142857142857,14.0,89.60571428571428,32.57142857142857,2.388263391334016,UNDEFINEDnull,UNDEFINEDnull,exp_images/images/boy_cut_vegetables.jpg,IMG_18,UNDEFINEDnull,UNDEFINEDnull,UNDEFINEDnull,UNDEFINEDnull,,,,,
edf26,20,Punjabi,sentence_audio,passive,10401.0,4287.0,285.8,15.0,962.8733333333333,502.7533333333333,4498.0,4126,7,5407.0,0.9172965762561138,10401.0,2.5933333333333333,15.0,76.37133333333333,33.06666666666667,1.4421690222094032,exp_images/audio\PUNJABI\p_bucket.wav,IMG_09_P_PWA,exp_images/images/boy_filled_bucket.jpg,IMG_09,exp_images/sentences/Bucket-passive.jpg,STIM_27,stimuli_list_subj_2_a.csv,PWA,passive_with_agent,non_agent_first,agent_overt,1.0,0.0
edf26,21,Punjabi,sentence_audio,passive,10428.0,4326.0,309.0,14.0,944.1214285714287,535.6428571428572,4521.0,4381,4,5435.0,0.9690333996903341,10428.0,2.773571428571429,14.0,79.77428571428571,33.714285714285715,1.3425393172228617,exp_images/audio\PUNJABI\p_clothes.wav,IMG_06_P_PWA,exp_images/images/women_fold_clothes.jpg,IMG_06,exp_images/sentences/Folded-clothes-passive.jpg,STIM_24,stimuli_list_subj_2_a.csv,PWA,passive_with_agent,non_agent_first,agent_overt,1.0,0.0
edf26,22,Punjabi,sentence_audio,passive_dropped_agent,10540.0,4560.0,570.0,8.0,906.8875,493.94999999999993,4777.0,4777,5,5547.0,1.0,10540.0,1.7625,8.0,61.14625,27.0,0.7590132827324478,exp_images/audio\PUNJABI\p_woa_door.wav,IMG_10_P_PNA,exp_images/images/boy_opened_door.jpg,IMG_10,exp_images/sentences/Closed-door-woa.jpg,STIM_46,stimuli_list_subj_2_a.csv,PNA,passive_dropped_agent,non_agent_first,agent_dropped,1.0,1.0
edf26,23,Punjabi,sentence_audio,passive_dropped_agent,10440.0,4340.0,289.3333333333333,15.0,742.7666666666668,490.5,4513.0,4513,6,5447.0,1.0,10440.0,3.0493333333333337,15.0,84.00666666666667,32.0,1.4367816091954024,exp_images/audio\PUNJABI\p_woa_lamp.wav,IMG_01_P_PNA,exp_images/images/girl_lighted_lamp.jpg,IMG_01,exp_images/sentences/Lamp-woa.jpg,STIM_37,stimuli_list_subj_2_a.csv,PNA,passive_dropped_agent,non_agent_first,agent_dropped,1.0,1.0
edf26,24,Punjabi,sentence_audio,passive_dropped_agent,11175.0,4199.0,299.92857142857144,14.0,1036.9857142857145,485.83571428571435,4606.0,4564,3,6183.0,0.9908814589665652,11175.0,2.166428571428572,14.0,71.58428571428571,27.57142857142857,1.2527964205816553,exp_images/audio\PUNJABI\p_woa_scooter.wav,IMG_14_P_PNA,exp_images/images/driver_wash_scooter.jpg,IMG_14,exp_images/sentences/Washed-scooter-woa.jpg,STIM_50,stimuli_list_subj_2_a.csv,PNA,passive_dropped_agent,non_agent_first,agent_dropped,1.0,1.0
edf26,25,English,sentence_audio,active,10208.0,4310.0,239.44444444444446,18.0,1047.9722222222224,405.65000000000015,4522.0,4358,7,5216.0,0.9637328615656788,10208.0,1.6366666666666667,18.0,54.40166666666667,26.11111111111111,1.7633228840125392,exp_images/audio\ENGLISH\box.wav,IMG_05_E_ACT,exp_images/images/man_pushed_box.jpg,IMG_05,exp_images/sentences/active_man_box.jpg,STIM_59,stimuli_list_subj_2_a.csv,ACT,active,agent_first,agent_overt,0.0,
edf26,26,English,sentence_audio,active,10675.0,2298.0,74.12903225806451,31.0,960.8,196.65806451612903,2354.0,60,1,8302.0,0.02548853016142736,10675.0,1.61,33.0,80.1530303030303,80.72727272727273,3.091334894613583,exp_images/audio\ENGLISH\sapling.wav,IMG_03_E_ACT,exp_images/images/girl_plant_tree.jpg,IMG_03,exp_images/sentences/active_girl_sapling.jpg,STIM_57,stimuli_list_subj_2_a.csv,ACT,active,agent_first,agent_overt,0.0,
edf26,27,English,sentence_audio,active,10435.0,3564.0,137.0769230769231,26.0,955.5538461538464,345.8115384615384,3614.0,2322,5,5444.0,0.6425013835085778,10435.0,1.3477777777777775,27.0,58.45037037037037,51.7037037037037,2.587446094873024,exp_images/audio\ENGLISH\shrub.wav,IMG_04_E_ACT,exp_images/images/man_cut_shrub.jpg,IMG_04,exp_images/sentences/active_man_shrub.jpg,STIM_58,stimuli_list_subj_2_a.csv,ACT,active,agent_first,agent_overt,0.0,
edf26,29,English,sentence_audio,passive,10741.0,3985.0,306.53846153846155,13.0,943.4692307692308,416.0461538461538,4200.0,3499,10,6006.0,0.8330952380952381,10741.0,5.74923076923077,13.0,160.98769230769233,60.92307692307693,1.2103156130714086,exp_images/audio\ENGLISH\p_frisbee.wav,IMG_12_E_PWA,exp_images/images/child_throw_frisbee.jpg,IMG_12,exp_images/sentences/passive_child_frisbee.jpg,STIM_84,stimuli_list_subj_2_a.csv,PWA,passive_with_agent,non_agent_first,agent_overt,1.0,0.0
edf26,3,,free_viewing,,5645.0,4181.0,298.64285714285717,14.0,873.5571428571428,565.1857142857143,4474.0,3416,4,653.0,0.7635225748770675,5645.0,3.9042857142857135,14.0,93.33285714285715,37.0,2.4800708591674048,UNDEFINEDnull,UNDEFINEDnull,exp_images/images/driver_wash_scooter.jpg,IMG_14,UNDEFINEDnull,UNDEFINEDnull,UNDEFINEDnull,UNDEFINEDnull,,,,,
edf26,30,English,sentence_audio,passive,10550.0,4166.0,277.73333333333335,15.0,890.2666666666668,486.42,4354.0,3906,10,5786.0,0.8971061093247589,10550.0,5.132666666666667,15.0,115.832,42.53333333333333,1.4218009478672984,exp_images/audio\ENGLISH\p_tabla.wav,IMG_11_E_PWA,exp_images/images/child_play_tabla.jpg,IMG_11,exp_images/sentences/passive_child_tabla.jpg,STIM_83,stimuli_list_subj_2_a.csv,PWA,passive_with_agent,non_agent_first,agent_overt,1.0,0.0
edf26,31,English,sentence_audio,passive_dropped_agent,10918.0,4086.0,227.0,18.0,992.25,383.6277777777778,4338.0,4338,3,6014.0,1.0,10918.0,2.4189473684210525,19.0,110.78105263157896,42.21052631578947,1.7402454662026012,exp_images/audio\ENGLISH\p_woa_draw.wav,IMG_07_E_PNA,exp_images/images/artiste_drew_picture.jpg,IMG_07,exp_images/sentences/noagent_artist_picture.jpg,STIM_97,stimuli_list_subj_2_a.csv,PNA,passive_dropped_agent,non_agent_first,agent_dropped,1.0,1.0
edf26,32,English,sentence_audio,passive_dropped_agent,10660.0,4554.0,325.2857142857143,14.0,906.0142857142856,563.4642857142858,4559.0,3861,8,5667.0,0.8468962491774512,10660.0,2.477857142857143,14.0,76.57857142857142,31.0,1.3133208255159474,exp_images/audio\ENGLISH\p_woa_cake.wav,IMG_15_E_PNA,exp_images/images/girl_baked_cake.jpg,IMG_15,exp_images/sentences/noagent_girl_cake.jpg,STIM_105,stimuli_list_subj_2_a.csv,PNA,passive_dropped_agent,non_agent_first,agent_dropped,1.0,1.0
edf26,33,English,sentence_audio,passive_dropped_agent,11044.0,4242.0,282.8,15.0,1081.3666666666666,436.39333333333326,4504.0,4180,4,6052.0,0.928063943161634,11044.0,2.6806666666666663,15.0,69.86200000000001,32.53333333333333,1.358203549438609,exp_images/audio\ENGLISH\p_woa_window.wav,IMG_02_E_PNA,exp_images/images/girl_opened_window.jpg,IMG_02,exp_images/sentences/noagent_girl_window.jpg,STIM_92,stimuli_list_subj_2_a.csv,PNA,passive_dropped_agent,non_agent_first,agent_dropped,1.0,1.0
edf26,34,Punjabi,sentence_audio,active,10237.0,4311.0,287.4,15.0,927.8733333333333,661.7066666666667,4456.0,3217,7,5245.0,0.7219479353680431,10237.0,3.3446666666666665,15.0,87.24733333333334,35.73333333333333,1.4652730292077758,exp_images/audio\PUNJABI\fed.wav,IMG_16_P_ACT,exp_images/images/girl_fed_dog.jpg,IMG_16,exp_images/sentences/Fed-dog.jpg,STIM_16,stimuli_list_subj_2_a.csv,ACT,active,agent_first,agent_overt,0.0,
edf26,35,Punjabi,sentence_audio,active,10892.0,4468.0,558.5,8.0,979.1125,642.95,4641.0,4240,5,6112.0,0.9135962077138547,10892.0,4.175555555555556,9.0,93.86222222222223,40.22222222222222,0.826294528094014,exp_images/audio\PUNJABI\veg.wav,IMG_18_P_ACT,exp_images/images/boy_cut_vegetables.jpg,IMG_18,exp_images/sentences/Veg.jpg,STIM_18,stimuli_list_subj_2_a.csv,ACT,active,agent_first,agent_overt,0.0,
edf26,36,Punjabi,sentence_audio,active,10653.0,4433.0,341.0,13.0,955.0692307692308,514.176923076923,4648.0,4648,3,5661.0,1.0,10653.0,1.8769230769230767,13.0,64.73692307692306,26.461538461538463,1.220313526706092,exp_images/audio\PUNJABI\vase.wav,IMG_08_P_ACT,exp_images/images/boy_broke_vase.jpg,IMG_08,exp_images/sentences/Vase.jpg,STIM_08,stimuli_list_subj_2_a.csv,ACT,active,agent_first,agent_overt,0.0,
edf26,4,,free_viewing,,6102.0,4118.0,228.77777777777774,18.0,1155.6888888888886,554.0499999999998,4348.0,4050,4,1110.0,0.9314627414903404,6102.0,3.0927777777777767,18.0,84.43055555555556,35.77777777777778,2.949852507374631,UNDEFINEDnull,UNDEFINEDnull,exp_images/images/girl_opened_window.jpg,IMG_02,UNDEFINEDnull,UNDEFINEDnull,UNDEFINEDnull,UNDEFINEDnull,,,,,
edf26,5,,free_viewing,,5713.0,4202.0,247.17647058823533,17.0,863.7764705882353,671.1882352941177,4346.0,2760,6,906.0,0.6350667280257708,5713.0,3.56,18.0,94.66944444444445,36.888888888888886,3.1507089095046386,UNDEFINEDnull,UNDEFINEDnull,exp_images/images/girl_fed_dog.jpg,IMG_16,UNDEFINEDnull,UNDEFINEDnull,UNDEFINEDnull,UNDEFINEDnull,,,,,
edf26,6,,free_viewing,,5935.0,4323.0,270.1875,16.0,824.575,552.3499999999998,4494.0,4494,4,943.0,1.0,5935.0,2.5249999999999995,16.0,77.38062500000002,31.125,2.695871946082561,UNDEFINEDnull,UNDEFINEDnull,exp_images/images/girl_lighted_lamp.jpg,IMG_01,UNDEFINEDnull,UNDEFINEDnull,UNDEFINEDnull,UNDEFINEDnull,,,,,
edf26,7,,free_viewing,,5797.0,4371.0,291.4,15.0,946.8733333333334,718.6866666666667,4518.0,3116,4,805.0,0.6896857016378929,5797.0,3.1460000000000004,15.0,86.40333333333334,31.6,2.587545282042436,UNDEFINEDnull,UNDEFINEDnull,exp_images/images/dog_dug_hole.jpg,IMG_13,UNDEFINEDnull,UNDEFINEDnull,UNDEFINEDnull,UNDEFINEDnull,,,,,
edf26,8,,free_viewing,,5932.0,4330.0,309.2857142857143,14.0,960.7642857142856,501.19999999999993,4526.0,3084,4,1164.0,0.6813963764913831,5932.0,3.0085714285714285,14.0,80.26357142857144,33.285714285714285,2.360080917060013,UNDEFINEDnull,UNDEFINEDnull,exp_images/images/child_throw_frisbee.jpg,IMG_12,UNDEFINEDnull,UNDEFINEDnull,UNDEFINEDnull,UNDEFINEDnull,,,,,
edf26,9,,free_viewing,,6089.0,4323.0,332.53846153846155,13.0,957.607692307692,521.8769230769229,4653.0,4085,7,1096.0,0.8779282183537502,6089.0,1.7007692307692308,13.0,63.67923076923078,26.153846153846153,2.134997536541304,UNDEFINEDnull,UNDEFINEDnull,exp_images/images/women_read_letter.jpg,IMG_17,UNDEFINEDnull,UNDEFINEDnull,UNDEFINEDnull,UNDEFINEDnull,,,,,
edf27,1,,free_viewing,,5741.0,4621.0,577.625,8.0,923.7875,723.9499999999998,4756.0,4756,4,749.0,1.0,5741.0,3.26375,8.0,86.195,29.5,1.3934854554955582,UNDEFINEDnull,UNDEFINEDnull,exp_images/images/boy_cut_vegetables.jpg,IMG_18,UNDEFINEDnull,UNDEFINEDnull,UNDEFINEDnull,UNDEFINEDnull,,,,,
edf27,10,,free_viewing,,5801.0,4333.0,481.4444444444445,9.0,909.3555555555556,488.4444444444445,4741.0,4741,4,808.0,1.0,5801.0,2.1166666666666663,9.0,67.05000000000001,28.0,1.5514566454059644,UNDEFINEDnull,UNDEFINEDnull,exp_images/images/boy_broke_vase.jpg,IMG_08,UNDEFINEDnull,UNDEFINEDnull,UNDEFINEDnull,UNDEFINEDnull,,,,,
edf27,11,,free_viewing,,5736.0,3954.0,494.25,8.0,934.2625,365.4875,4179.0,2150,4,998.0,0.5144771476429768,5736.0,3.39375,8.0,137.4475,101.75,1.3947001394700143,UNDEFINEDnull,UNDEFINEDnull,exp_images/images/child_throw_frisbee.jpg,IMG_12,UNDEFINEDnull,UNDEFINEDnull,UNDEFINEDnull,UNDEFINEDnull,,,,,
edf27,12,,free_viewing,,5813.0,4451.0,635.8571428571429,7.0,884.8714285714287,461.2285714285714,4684.0,4145,5,1086.0,0.8849274124679761,5813.0,5.207142857142856,7.0,111.66857142857144,44.0,1.2041974883880957,UNDEFINEDnull,UNDEFINEDnull,exp_images/images/child_play_tabla.jpg,IMG_11,UNDEFINEDnull,UNDEFINEDnull,UNDEFINEDnull,UNDEFINEDnull,,,,,
edf27,13,,free_viewing,,5800.0,4540.0,648.5714285714286,7.0,736.1857142857143,521.2142857142857,4762.0,4762,4,808.0,1.0,5800.0,3.2099999999999995,7.0,83.16571428571429,32.857142857142854,1.206896551724138,UNDEFINEDnull,UNDEFINEDnull,exp_images/images/girl_lighted_lamp.jpg,IMG_01,UNDEFINEDnull,UNDEFINEDnull,UNDEFINEDnull,UNDEFINEDnull,,,,,
edf27,14,,free_viewing,,6014.0,4618.0,769.6666666666665,6.0,927.0333333333333,440.16666666666663,4838.0,4838,3,1022.0,1.0,6014.0,1.9733333333333332,6.0,69.56166666666665,25.66666666666667,0.9976720984369803,UNDEFINEDnull,UNDEFINEDnull,exp_images/images/boy_filled_bucket.jpg,IMG_09,UNDEFINEDnull,UNDEFINEDnull,UNDEFINEDnull,UNDEFINEDnull,,,,,
edf27,15,,free_viewing,,6057.0,4455.0,405.0,11.0,888.6909090909088,310.46363636363634,4700.0,3916,7,1065.0,0.8331914893617022,6057.0,1.9545454545454544,11.0,66.79272727272728,26.54545454545455,1.816080567937923,UNDEFINEDnull,UNDEFINEDnull,exp_images/images/artiste_drew_picture.jpg,IMG_07,UNDEFINEDnull,UNDEFINEDnull,UNDEFINEDnull,UNDEFINEDnull,,,,,
edf27,16,,free_viewing,,5839.0,4553.0,1517.666666666667,3.0,927.7666666666668,423.7,4902.0,4902,2,847.0,1.0,5839.0,2.8899999999999992,3.0,78.16333333333333,30.0,0.5137866072957697,UNDEFINEDnull,UNDEFINEDnull,exp_images/images/women_fold_clothes.jpg,IMG_06,UNDEFINEDnull,UNDEFINEDnull,UNDEFINEDnull,UNDEFINEDnull,,,,,
edf27,17,,free_viewing,,5997.0,4191.0,598.7142857142858,7.0,875.0571428571429,463.8428571428572,4461.0,3130,3,1292.0,0.7016364043936337,5997.0,2.0357142857142856,7.0,157.74428571428572,76.0,1.167250291812573,UNDEFINEDnull,UNDEFINEDnull,exp_images/images/girl_baked_cake.jpg,IMG_15,UNDEFINEDnull,UNDEFINEDnull,UNDEFINEDnull,UNDEFINEDnull,,,,,
edf27,18,,free_viewing,,6060.0,4188.0,523.5,8.0,916.4625,493.42500000000007,4483.0,4483,5,1067.0,1.0,6060.0,3.0175,8.0,118.50375,63.75,1.32013201320132,UNDEFINEDnull,UNDEFINEDnull,exp_images/images/women_read_letter.jpg,IMG_17,UNDEFINEDnull,UNDEFINEDnull,UNDEFINEDnull,UNDEFINEDnull,,,,,
edf27,19,Punjabi,sentence_audio,passive_dropped_agent,10886.0,4358.0,335.23076923076917,13.0,973.2076923076925,518.3846153846154,4566.0,4566,7,5894.0,1.0,10886.0,3.2630769230769223,13.0,92.76307692307691,32.769230769230774,1.1941943781003124,exp_images/audio\PUNJABI\p_woa_letter.wav,IMG_17_P_PNA,exp_images/images/women_read_letter.jpg,IMG_17,exp_images/sentences/Letter-woa.jpg,STIM_53,stimuli_list_subj_3_a.csv,PNA,passive_dropped_agent,non_agent_first,agent_dropped,1.0,1.0
edf27,2,,free_viewing,,5799.0,4369.0,397.1818181818182,11.0,879.7363636363636,637.0363636363636,4587.0,4061,6,806.0,0.8853281011554393,5799.0,3.805454545454545,11.0,95.43818181818185,36.90909090909091,1.896878772202104,UNDEFINEDnull,UNDEFINEDnull,exp_images/images/girl_plant_tree.jpg,IMG_03,UNDEFINEDnull,UNDEFINEDnull,UNDEFINEDnull,UNDEFINEDnull,,,,,
edf27,20,Punjabi,sentence_audio,passive_dropped_agent,10344.0,4134.0,1033.5,4.0,918.975,443.4,4889.0,4889,3,5351.0,1.0,10344.0,1.9625,4.0,70.81,26.0,0.3866976024748647,exp_images/audio\PUNJABI\p_woa_tub.wav,IMG_09_P_PNA,exp_images/images/boy_filled_bucket.jpg,IMG_09,exp_images/sentences/Bucket-woa.jpg,STIM_45,stimuli_list_subj_3_a.csv,PNA,passive_dropped_agent,non_agent_first,agent_dropped,1.0,1.0
edf27,21,Punjabi,sentence_audio,passive_dropped_agent,10630.0,4368.0,436.8,10.0,912.58,576.05,4633.0,4633,5,5637.0,1.0,10630.0,3.675,10.0,91.596,36.0,0.940733772342427,exp_images/audio\PUNJABI\p_woa_clothes.wav,IMG_06_P_PNA,exp_images/images/women_fold_clothes.jpg,IMG_06,exp_images/sentences/Folded-clothes-woa.jpg,STIM_42,stimuli_list_subj_3_a.csv,PNA,passive_dropped_agent,non_agent_first,agent_dropped,1.0,1.0
edf27,22,English,sentence_audio,active,10461.0,4601.0,657.2857142857142,7.0,917.9142857142857,445.0285714285714,4850.0,4850,3,5469.0,1.0,10461.0,1.0071428571428571,7.0,46.688571428571436,20.285714285714285,0.6691520887104483,exp_images/audio\ENGLISH\door.wav,IMG_10_E_ACT,exp_images/images/boy_opened_door.jpg,IMG_10,exp_images/sentences/active_boy_door.jpg,STIM_64,stimuli_list_subj_3_a.csv,ACT,active,agent_first,agent_overt,0.0,
edf27,23,English,sentence_audio,active,10532.0,4564.0,760.6666666666665,6.0,829.3833333333333,403.83333333333326,4777.0,4777,6,5539.0,1.0,10532.0,4.36,6.0,116.95666666666666,36.0,0.5696923661222939,exp_images/audio\ENGLISH\lamp.wav,IMG_01_E_ACT,exp_images/images/girl_lighted_lamp.jpg,IMG_01,exp_images/sentences/active_girl_lamp.jpg,STIM_55,stimuli_list_subj_3_a.csv,ACT,active,agent_first,agent_overt,0.0,
edf27,24,English,sentence_audio,active,10615.0,4063.0,338.5833333333333,12.0,877.5666666666667,363.83333333333326,4335.0,4335,6,5650.0,1.0,10615.0,3.6730769230769234,13.0,147.19692307692307,50.46153846153846,1.2246820536975978,exp_images/audio\ENGLISH\scooter.wav,IMG_14_E_ACT,exp_images/images/driver_wash_scooter.jpg,IMG_14,exp_images/sentences/active_driver_scooter.jpg,STIM_68,stimuli_list_subj_3_a.csv,ACT,active,agent_first,agent_overt,0.0,
edf27,25,English,sentence_audio,passive,11113.0,4531.0,647.2857142857142,7.0,1034.5285714285717,414.2285714285714,4773.0,4773,6,6120.0,1.0,11113.0,2.7114285714285717,7.0,80.55285714285716,31.42857142857143,0.6298929182039054,exp_images/audio\ENGLISH\p_box.wav,IMG_05_E_PWA,exp_images/images/man_pushed_box.jpg,IMG_05,exp_images/sentences/passive_man_box.jpg,STIM_77,stimuli_list_subj_3_a.csv,PWA,passive_with_agent,non_agent_first,agent_overt,1.0,0.0
edf27,26,English,sentence_audio,passive,10529.0,4097.0,341.4166666666667,12.0,788.2333333333332,623.3916666666668,4341.0,4341,4,5536.0,1.0,10529.0,2.9258333333333333,12.0,93.4175,54.33333333333334,1.139709374109602,exp_images/audio\ENGLISH\p_sapling.wav,IMG_03_E_PWA,exp_images/images/girl_plant_tree.jpg,IMG_03,exp_images/sentences/passive_girl_sapling.jpg,STIM_75,stimuli_list_subj_3_a.csv,PWA,passive_with_agent,non_agent_first,agent_overt,1.0,0.0
edf27,27,English,sentence_audio,passive,10333.0,4049.0,578.4285714285714,7.0,899.5142857142856,316.5857142857143,4279.0,3843,4,5342.0,0.898107034353821,10333.0,8.654285714285715,7.0,314.2142857142857,101.71428571428572,0.6774412077808961,exp_images/audio\ENGLISH\p_shrub.wav,IMG_04_E_PWA,exp_images/images/man_cut_shrub.jpg,IMG_04,exp_images/sentences/passive_man_shrub.jpg,STIM_76,stimuli_list_subj_3_a.csv,PWA,passive_with_agent,non_agent_first,agent_overt,1.0,0.0
edf27,28,English,sentence_audio,passive_dropped_agent,10799.0,4177.0,379.7272727272728,11.0,1000.3272727272728,721.3909090909091,4372.0,3999,3,6276.0,0.9146843549862764,10799.0,2.8290909090909087,11.0,97.42,56.36363636363637,1.018612834521715,exp_images/audio\ENGLISH\p_woa_dug.wav,IMG_13_E_PNA,exp_images/images/dog_dug_hole.jpg,IMG_13,exp_images/sentences/noagent_dog_hole.jpg,STIM_103,stimuli_list_subj_3_a.csv,PNA,passive_dropped_agent,non_agent_first,agent_dropped,1.0,1.0
edf27,29,English,sentence_audio,passive_dropped_agent,10642.0,4404.0,489.33333333333326,9.0,921.6111111111113,338.93333333333334,4679.0,3547,5,5649.0,0.7580679632400086,10642.0,3.1766666666666663,9.0,87.64777777777779,34.888888888888886,0.8457056944183424,exp_images/audio\ENGLISH\p_woa_frisbee.wav,IMG_12_E_PNA,exp_images/images/child_throw_frisbee.jpg,IMG_12,exp_images/sentences/noagent_child_frisbee.jpg,STIM_102,stimuli_list_subj_3_a.csv,PNA,passive_dropped_agent,non_agent_first,agent_dropped,1.0,1.0
edf27,3,,free_viewing,,5752.0,4384.0,438.4,10.0,1007.12,454.17,4620.0,4620,7,760.0,1.0,5752.0,3.919,10.0,103.654,37.2,1.7385257301808068,UNDEFINEDnull,UNDEFINEDnull,exp_images/images/man_pushed_box.jpg,IMG_05,UNDEFINEDnull,UNDEFINEDnull,UNDEFINEDnull,UNDEFINEDnull,,,,,
edf27,30,English,sentence_audio,passive_dropped_agent,10992.0,4358.0,396.1818181818182,11.0,849.3090909090909,488.59090909090907,4613.0,4358,5,6300.0,0.9447214394103621,10992.0,3.6790909090909087,11.0,92.93363636363637,34.36363636363637,1.0007278020378456,exp_images/audio\ENGLISH\p_woa_tabla.wav,IMG_11_E_PNA,exp_images/images/child_play_tabla.jpg,IMG_11,exp_images/sentences/noagent_child_tabla.jpg,STIM_101,stimuli_list_subj_3_a.csv,PNA,passive_dropped_agent,non_agent_first,agent_dropped,1.0,1.0
edf27,31,Punjabi,sentence_audio,active,10859.0,4577.0,762.8333333333335,6.0,898.8666666666667,331.5833333333333,4759.0,4759,4,5890.0,1.0,10859.0,3.4614285714285717,7.0,85.46285714285716,38.57142857142857,0.644626577032876,exp_images/audio\PUNJABI\picture.wav,IMG_07_P_ACT,exp_images/images/artiste_drew_picture.jpg,IMG_07,exp_images/sentences/Painting.jpg,STIM_07,stimuli_list_subj_3_a.csv,ACT,active,agent_first,agent_overt,0.0,
edf27,32,Punjabi,sentence_audio,active,10697.0,4156.0,519.5,8.0,882.3375,362.75,4289.0,4191,2,5705.0,0.9771508510142224,10697.0,1.9211111111111108,9.0,78.88444444444445,80.44444444444444,0.8413573899224083,exp_images/audio\PUNJABI\cake.wav,IMG_15_P_ACT,exp_images/images/girl_baked_cake.jpg,IMG_15,exp_images/sentences/Cake.jpg,STIM_15,stimuli_list_subj_3_a.csv,ACT,active,agent_first,agent_overt,0.0,
edf27,33,Punjabi,sentence_audio,active,10548.0,4102.0,372.9090909090909,11.0,1074.8090909090906,385.990909090909,4304.0,3914,4,5788.0,0.9093866171003716,10548.0,3.0508333333333333,12.0,92.67916666666667,58.83333333333334,1.1376564277588168,exp_images/audio\PUNJABI\window.wav,IMG_02_P_ACT,exp_images/images/girl_opened_window.jpg,IMG_02,exp_images/sentences/Window.jpg,STIM_02,stimuli_list_subj_3_a.csv,ACT,active,agent_first,agent_overt,0.0,
edf27,34,Punjabi,sentence_audio,passive,10388.0,4372.0,624.5714285714286,7.0,917.3285714285713,651.6142857142858,4601.0,1392,5,5656.0,0.3025429254509889,10388.0,3.5071428571428567,7.0,107.34857142857143,56.0,0.6738544474393531,exp_images/audio\PUNJABI\p_fed.wav,IMG_16_P_PWA,exp_images/images/girl_fed_dog.jpg,IMG_16,exp_images/sentences/Fed-dog-passive.jpg,STIM_34,stimuli_list_subj_3_a.csv,PWA,passive_with_agent,non_agent_first,agent_overt,1.0,0.0
edf27,35,Punjabi,sentence_audio,passive,10823.0,3809.0,190.45,20.0,1008.81,713.4849999999999,4039.0,3971,5,5830.0,0.9831641495419658,10823.0,2.0035,20.0,70.1895,47.7,1.8479164741753675,exp_images/audio\PUNJABI\p_veg.wav,IMG_18_P_PWA,exp_images/images/boy_cut_vegetables.jpg,IMG_18,exp_images/sentences/Veg-passive.jpg,STIM_36,stimuli_list_subj_3_a.csv,PWA,passive_with_agent,non_agent_first,agent_overt,1.0,0.0
edf27,36,Punjabi,sentence_audio,passive,10427.0,3421.0,488.71428571428567,7.0,877.257142857143,392.1714285714285,4300.0,4300,3,5435.0,1.0,10427.0,2.044285714285714,7.0,82.14857142857143,98.85714285714286,0.6713340366356575,exp_images/audio\PUNJABI\p_vase.wav,IMG_08_P_PWA,exp_images/images/boy_broke_vase.jpg,IMG_08,exp_images/sentences/Vase-passive.jpg,STIM_26,stimuli_list_subj_3_a.csv,PWA,passive_with_agent,non_agent_first,agent_overt,1.0,0.0
edf27,4,,free_viewing,,6124.0,4452.0,556.5,8.0,877.4375,617.6625,4668.0,3980,5,1376.0,0.8526135389888603,6124.0,3.6088888888888895,9.0,88.4922222222222,38.0,1.4696276943174396,UNDEFINEDnull,UNDEFINEDnull,exp_images/images/girl_fed_dog.jpg,IMG_16,UNDEFINEDnull,UNDEFINEDnull,UNDEFINEDnull,UNDEFINEDnull,,,,,
edf27,5,,free_viewing,,5919.0,4519.0,564.875,8.0,945.5125,561.4,4761.0,4672,3,926.0,0.9813064482251628,5919.0,2.3775000000000004,8.0,78.57499999999997,29.0,1.3515796587261362,UNDEFINEDnull,UNDEFINEDnull,exp_images/images/boy_opened_door.jpg,IMG_10,UNDEFINEDnull,UNDEFINEDnull,UNDEFINEDnull,UNDEFINEDnull,,,,,
edf27,6,,free_viewing,,5901.0,4586.0,917.2,5.0,725.72,652.4200000000002,4807.0,4807,2,909.0,1.0,5901.0,3.405,6.0,86.31666666666666,34.0,1.0167768174885612,UNDEFINEDnull,UNDEFINEDnull,exp_images/images/man_cut_shrub.jpg,IMG_04,UNDEFINEDnull,UNDEFINEDnull,UNDEFINEDnull,UNDEFINEDnull,,,,,
edf27,7,,free_viewing,,5878.0,4542.0,567.75,8.0,942.725,682.325,4744.0,4744,5,886.0,1.0,5878.0,2.8125,8.0,85.86625000000002,31.0,1.3610071452875128,UNDEFINEDnull,UNDEFINEDnull,exp_images/images/dog_dug_hole.jpg,IMG_13,UNDEFINEDnull,UNDEFINEDnull,UNDEFINEDnull,UNDEFINEDnull,,,,,
edf27,8,,free_viewing,,6090.0,4218.0,421.8,10.0,853.8099999999997,335.12,4472.0,4472,4,1098.0,1.0,6090.0,2.1870000000000003,10.0,94.62363636363638,49.09090909090909,1.6420361247947457,UNDEFINEDnull,UNDEFINEDnull,exp_images/images/driver_wash_scooter.jpg,IMG_14,UNDEFINEDnull,UNDEFINEDnull,UNDEFINEDnull,UNDEFINEDnull,,,,,
edf27,9,,free_viewing,,6133.0,4033.0,504.125,8.0,954.025,451.6625,4286.0,4033,4,1426.0,0.9409706019598694,6133.0,2.76,8.0,206.4375,88.25,1.3044187184086091,UNDEFINEDnull,UNDEFINEDnull,exp_images/images/girl_opened_window.jpg,IMG_02,UNDEFINEDnull,UNDEFINEDnull,UNDEFINEDnull,UNDEFINEDnull,,,,,
edf28,1,,free_viewing,,5847.0,4281.0,285.4,15.0,987.0666666666667,370.7066666666667,4487.0,4305,5,852.0,0.9594383775351014,5847.0,3.277333333333333,15.0,89.75733333333332,33.86666666666667,2.5654181631605955,UNDEFINEDnull,UNDEFINEDnull,exp_images/images/artiste_drew_picture.jpg,IMG_07,UNDEFINEDnull,UNDEFINEDnull,UNDEFINEDnull,UNDEFINEDnull,,,,,
edf28,10,,free_viewing,,5816.0,4414.0,367.83333333333326,12.0,811.7083333333335,573.4833333333332,4687.0,4687,2,825.0,1.0,5816.0,1.5708333333333335,12.0,58.93416666666667,25.33333333333333,2.0632737276478683,UNDEFINEDnull,UNDEFINEDnull,exp_images/images/man_cut_shrub.jpg,IMG_04,UNDEFINEDnull,UNDEFINEDnull,UNDEFINEDnull,UNDEFINEDnull,,,,,
edf28,11,,free_viewing,,5747.0,3583.0,298.5833333333333,12.0,1023.6416666666668,439.23333333333335,4020.0,4020,1,755.0,1.0,5747.0,1.261666666666667,12.0,115.39083333333332,81.0,2.088045937010614,UNDEFINEDnull,UNDEFINEDnull,exp_images/images/women_read_letter.jpg,IMG_17,UNDEFINEDnull,UNDEFINEDnull,UNDEFINEDnull,UNDEFINEDnull,,,,,
edf28,12,,free_viewing,,5710.0,4106.0,342.1666666666667,12.0,967.3333333333335,509.275,4391.0,4391,3,717.0,1.0,5710.0,1.0725,12.0,113.08416666666666,50.16666666666666,2.1015761821366024,UNDEFINEDnull,UNDEFINEDnull,exp_images/images/boy_broke_vase.jpg,IMG_08,UNDEFINEDnull,UNDEFINEDnull,UNDEFINEDnull,UNDEFINEDnull,,,,,
edf28,13,,free_viewing,,5911.0,3612.0,225.75,16.0,942.9,420.43750000000006,3856.0,3856,7,918.0,1.0,5911.0,2.6952941176470584,17.0,98.38411764705882,68.0,2.875993909659956,UNDEFINEDnull,UNDEFINEDnull,exp_images/images/driver_wash_scooter.jpg,IMG_14,UNDEFINEDnull,UNDEFINEDnull,UNDEFINEDnull,UNDEFINEDnull,,,,,
edf28,14,,free_viewing,,5737.0,3818.0,347.09090909090907,11.0,961.118181818182,450.6363636363636,4305.0,2968,5,1254.0,0.6894308943089431,5737.0,3.8675,12.0,216.01166666666668,58.83333333333334,2.0916855499389926,UNDEFINEDnull,UNDEFINEDnull,exp_images/images/women_fold_clothes.jpg,IMG_06,UNDEFINEDnull,UNDEFINEDnull,UNDEFINEDnull,UNDEFINEDnull,,,,,
edf28,15,,free_viewing,,5867.0,4490.0,561.25,8.0,928.3125,426.2625000000001,4529.0,4320,3,942.0,0.9538529476705676,5867.0,2.855555555555556,9.0,326.63666666666666,53.555555555555564,1.534003749786944,UNDEFINEDnull,UNDEFINEDnull,exp_images/images/boy_filled_bucket.jpg,IMG_09,UNDEFINEDnull,UNDEFINEDnull,UNDEFINEDnull,UNDEFINEDnull,,,,,
edf28,16,,free_viewing,,5889.0,3831.0,255.4,15.0,1030.0,357.41333333333336,4049.0,3775,11,896.0,0.932328970116078,5889.0,3.114,15.0,141.14399999999995,62.93333333333333,2.5471217524197654,UNDEFINEDnull,UNDEFINEDnull,exp_images/images/girl_opened_window.jpg,IMG_02,UNDEFINEDnull,UNDEFINEDnull,UNDEFINEDnull,UNDEFINEDnull,,,,,
edf28,17,,free_viewing,,5850.0,3838.0,348.90909090909093,11.0,846.5272727272728,463.5,3926.0,2352,6,1404.0,0.5990830361691288,5850.0,3.5845454545454536,11.0,195.0018181818182,96.9090909090909,1.8803418803418803,UNDEFINEDnull,UNDEFINEDnull,exp_images/images/child_play_tabla.jpg,IMG_11,UNDEFINEDnull,UNDEFINEDnull,UNDEFINEDnull,UNDEFINEDnull,,,,,
edf28,18,,free_viewing,,5787.0,3049.0,179.3529411764706,17.0,941.7352941176473,538.6235294117648,3313.0,2944,8,1182.0,0.8886205855719891,5787.0,2.998333333333333,18.0,117.67777777777776,97.66666666666669,3.1104199066874028,UNDEFINEDnull,UNDEFINEDnull,exp_images/images/boy_cut_vegetables.jpg,IMG_18,UNDEFINEDnull,UNDEFINEDnull,UNDEFINEDnull,UNDEFINEDnull,,,,,
edf28,19,English,sentence_audio,active,10931.0,3861.0,351.0,11.0,969.2272727272727,534.8909090909091,4312.0,3724,4,6656.0,0.8636363636363636,10931.0,2.2618181818181817,11.0,160.37727272727273,61.63636363636363,1.006312322751807,exp_images/audio\ENGLISH\letter.wav,IMG_17_E_ACT,exp_images/images/women_read_letter.jpg,IMG_17,exp_images/sentences/active_women_letter.jpg,STIM_71,stimuli_list_subj_4_a.csv,ACT,active,agent_first,agent_overt,0.0,
edf28,2,,free_viewing,,5675.0,4099.0,455.4444444444445,9.0,917.8777777777775,484.5666666666667,4632.0,4050,5,683.0,0.8743523316062176,5675.0,1.653333333333333,9.0,173.1266666666667,40.0,1.5859030837004406,UNDEFINEDnull,UNDEFINEDnull,exp_images/images/girl_baked_cake.jpg,IMG_15,UNDEFINEDnull,UNDEFINEDnull,UNDEFINEDnull,UNDEFINEDnull,,,,,
edf28,20,English,sentence_audio,active,10569.0,4163.0,346.91666666666674,12.0,958.3583333333336,564.6499999999999,4462.0,4462,4,5577.0,1.0,10569.0,1.6658333333333333,12.0,136.48,44.16666666666666,1.1353959693443088,exp_images/audio\ENGLISH\bucket.wav,IMG_09_E_ACT,exp_images/images/boy_filled_bucket.jpg,IMG_09,exp_images/sentences/active_boy_bucket.jpg,STIM_63,stimuli_list_subj_4_a.csv,ACT,active,agent_first,agent_overt,0.0,
edf28,21,English,sentence_audio,active,10286.0,4432.0,443.2,10.0,947.91,557.1200000000001,4687.0,4363,4,5293.0,0.930872626413484,10286.0,2.5740000000000003,10.0,74.73499999999999,30.6,0.9721952167995334,exp_images/audio\ENGLISH\clothes.wav,IMG_06_E_ACT,exp_images/images/women_fold_clothes.jpg,IMG_06,exp_images/sentences/active_woman_clothes.jpg,STIM_60,stimuli_list_subj_4_a.csv,ACT,active,agent_first,agent_overt,0.0,
edf28,22,English,sentence_audio,passive,10573.0,4343.0,620.4285714285714,7.0,999.1,491.58571428571435,4606.0,4606,1,5581.0,1.0,10573.0,1.1871428571428573,7.0,113.75142857142859,55.14285714285714,0.6620637472808096,exp_images/audio\ENGLISH\p_door.wav,IMG_10_E_PWA,exp_images/images/boy_opened_door.jpg,IMG_10,exp_images/sentences/passive_boy_door.jpg,STIM_82,stimuli_list_subj_4_a.csv,PWA,passive_with_agent,non_agent_first,agent_overt,1.0,0.0
edf28,23,English,sentence_audio,passive,10539.0,4580.0,572.5,8.0,700.8625,559.575,4785.0,4785,2,5547.0,1.0,10539.0,1.3655555555555556,9.0,54.97333333333333,24.222222222222218,0.8539709649871905,exp_images/audio\ENGLISH\p_lamp.wav,IMG_01_E_PWA,exp_images/images/girl_lighted_lamp.jpg,IMG_01,exp_images/sentences/passive_girl_lamp.jpg,STIM_73,stimuli_list_subj_4_a.csv,PWA,passive_with_agent,non_agent_first,agent_overt,1.0,0.0
edf28,24,English,sentence_audio,passive,10346.0,3932.0,280.85714285714283,14.0,1014.9214285714287,393.38571428571424,4124.0,4124,2,5354.0,1.0,10346.0,1.8457142857142856,14.0,102.67499999999998,62.0,1.3531799729364005,exp_images/audio\ENGLISH\p_scooter.wav,IMG_14_E_PWA,exp_images/images/driver_wash_scooter.jpg,IMG_14,exp_images/sentences/passive_driver_scooter.jpg,STIM_86,stimuli_list_subj_4_a.csv,PWA,passive_with_agent,non_agent_first,agent_overt,1.0,0.0
edf28,25,English,sentence_audio,passive_dropped_agent,11141.0,4443.0,370.25,12.0,991.5333333333334,371.3833333333334,4662.0,4662,7,6149.0,1.0,11141.0,1.8125,12.0,64.42083333333333,27.5,1.0771025940220806,exp_images/audio\ENGLISH\p_woa_box.wav,IMG_05_E_PNA,exp_images/images/man_pushed_box.jpg,IMG_05,exp_images/sentences/noagent_man_box.jpg,STIM_95,stimuli_list_subj_4_a.csv,PNA,passive_dropped_agent,non_agent_first,agent_dropped,1.0,1.0
edf28,26,English,sentence_audio,passive_dropped_agent,10197.0,4434.0,443.4,10.0,668.6400000000001,697.2499999999999,4666.0,4666,2,5204.0,1.0,10197.0,2.4172727272727275,11.0,76.85909090909091,31.45454545454545,1.0787486515641855,exp_images/audio\ENGLISH\p_woa_sapling.wav,IMG_03_E_PNA,exp_images/images/girl_plant_tree.jpg,IMG_03,exp_images/sentences/noagent_girl_sapling.jpg,STIM_93,stimuli_list_subj_4_a.csv,PNA,passive_dropped_agent,non_agent_first,agent_dropped,1.0,1.0
edf28,27,English,sentence_audio,passive_dropped_agent,10169.0,4369.0,364.08333333333326,12.0,976.3083333333333,436.10833333333335,4612.0,4612,4,5177.0,1.0,10169.0,2.6641666666666666,12.0,82.66,31.66666666666667,1.1800570360900775,exp_images/audio\ENGLISH\p_woa_shrub.wav,IMG_04_E_PNA,exp_images/images/man_cut_shrub.jpg,IMG_04,exp_images/sentences/noagent_man_shrub.jpg,STIM_94,stimuli_list_subj_4_a.csv,PNA,passive_dropped_agent,non_agent_first,agent_dropped,1.0,1.0
edf28,28,Punjabi,sentence_audio,active,11133.0,2968.0,156.21052631578948,19.0,938.1210526315787,615.742105263158,3119.0,1951,5,6141.0,0.6255210003206155,11133.0,2.3605,20.0,83.3835,94.6,1.7964609718853861,exp_images/audio\PUNJABI\dug.wav,IMG_13_P_ACT,exp_images/images/dog_dug_hole.jpg,IMG_13,exp_images/sentences/Dog-dug.jpg,STIM_13,stimuli_list_subj_4_a.csv,ACT,active,agent_first,agent_overt,0.0,
edf28,29,Punjabi,sentence_audio,active,10897.0,4162.0,260.125,16.0,952.79375,442.275,4179.0,3199,8,5905.0,0.7654941373534339,10897.0,3.962352941176471,17.0,98.51176470588234,48.941176470588225,1.5600624024960998,exp_images/audio\PUNJABI\frisbee.wav,IMG_12_P_ACT,exp_images/images/child_throw_frisbee.jpg,IMG_12,exp_images/sentences/Frisbee.jpg,STIM_12,stimuli_list_subj_4_a.csv,ACT,active,agent_first,agent_overt,0.0,
edf28,3,,free_viewing,,5674.0,3866.0,297.38461538461536,13.0,864.1769230769229,517.4538461538461,4446.0,4446,7,682.0,1.0,5674.0,3.5815384615384613,13.0,85.09076923076921,42.0,2.2911526260133943,UNDEFINEDnull,UNDEFINEDnull,exp_images/images/girl_plant_tree.jpg,IMG_03,UNDEFINEDnull,UNDEFINEDnull,UNDEFINEDnull,UNDEFINEDnull,,,,,
edf28,30,Punjabi,sentence_audio,active,11172.0,4422.0,402.0,11.0,863.5454545454547,535.7727272727271,4644.0,3778,4,6432.0,0.8135228251507322,11172.0,2.411666666666666,12.0,75.5525,30.0,1.074113856068743,exp_images/audio\PUNJABI\tabla.wav,IMG_11_P_ACT,exp_images/images/child_play_tabla.jpg,IMG_11,exp_images/sentences/Tabla.jpg,STIM_11,stimuli_list_subj_4_a.csv,ACT,active,agent_first,agent_overt,0.0,
edf28,31,Punjabi,sentence_audio,passive,10175.0,3901.0,216.72222222222226,18.0,1004.422222222222,431.6555555555555,3995.0,3737,4,5516.0,0.9354192740926156,10175.0,2.5163157894736843,19.0,114.50526315789473,59.89473684210525,1.8673218673218672,exp_images/audio\PUNJABI\p_picture.wav,IMG_07_P_PWA,exp_images/images/artiste_drew_picture.jpg,IMG_07,exp_images/sentences/Painting-passive.jpg,STIM_25,stimuli_list_subj_4_a.csv,PWA,passive_with_agent,non_agent_first,agent_overt,1.0,0.0
edf28,32,Punjabi,sentence_audio,passive,10571.0,4133.0,375.7272727272728,11.0,963.9636363636363,457.80909090909097,4406.0,4055,5,5876.0,0.9203359055832956,10571.0,1.8127272727272727,11.0,123.62454545454548,53.27272727272727,1.0405827263267429,exp_images/audio\PUNJABI\p_cake.wav,IMG_15_P_PWA,exp_images/images/girl_baked_cake.jpg,IMG_15,exp_images/sentences/Cake-passive.jpg,STIM_33,stimuli_list_subj_4_a.csv,PWA,passive_with_agent,non_agent_first,agent_overt,1.0,0.0
edf28,33,Punjabi,sentence_audio,passive,11091.0,3816.0,272.57142857142856,14.0,1216.5714285714287,386.63571428571436,4224.0,2870,7,6532.0,0.6794507575757576,11091.0,2.8393333333333333,15.0,132.186,52.53333333333333,1.352447930754666,exp_images/audio\PUNJABI\p_window.wav,IMG_02_P_PWA,exp_images/images/girl_opened_window.jpg,IMG_02,exp_images/sentences/Window-passive.jpg,STIM_20,stimuli_list_subj_4_a.csv,PWA,passive_with_agent,non_agent_first,agent_overt,1.0,0.0
edf28,34,Punjabi,sentence_audio,passive_dropped_agent,10452.0,4536.0,504.0,9.0,931.3555555555556,691.2444444444444,4746.0,4268,2,5460.0,0.8992836072482091,10452.0,1.346666666666667,9.0,63.53555555555555,27.33333333333333,0.8610792192881745,exp_images/audio\PUNJABI\p_woa_fed.wav,IMG_16_P_PNA,exp_images/images/girl_fed_dog.jpg,IMG_16,exp_images/sentences/Fed-dog-woa.jpg,STIM_52,stimuli_list_subj_4_a.csv,PNA,passive_dropped_agent,non_agent_first,agent_dropped,1.0,1.0
edf28,35,Punjabi,sentence_audio,passive_dropped_agent,10535.0,3425.0,137.0,25.0,842.4680000000003,582.9519999999999,3609.0,2335,4,5788.0,0.6469936270435024,10535.0,1.5352,25.0,73.2428,55.28,2.3730422401518747,exp_images/audio\PUNJABI\p_woa_veg.wav,IMG_18_P_PNA,exp_images/images/boy_cut_vegetables.jpg,IMG_18,exp_images/sentences/Veg-woa.jpg,STIM_54,stimuli_list_subj_4_a.csv,PNA,passive_dropped_agent,non_agent_first,agent_dropped,1.0,1.0
edf28,36,Punjabi,sentence_audio,passive_dropped_agent,10536.0,4312.0,253.64705882352942,17.0,847.6176470588236,531.9,4436.0,3902,5,5544.0,0.8796212804328224,10536.0,1.9516666666666664,18.0,71.21222222222222,31.88888888888889,1.7084282460136675,exp_images/audio\PUNJABI\p_woa_vase.wav,IMG_08_P_PNA,exp_images/images/boy_broke_vase.jpg,IMG_08,exp_images/sentences/Vase-woa.jpg,STIM_44,stimuli_list_subj_4_a.csv,PNA,passive_dropped_agent,non_agent_first,agent_dropped,1.0,1.0
edf28,4,,free_viewing,,5814.0,3360.0,140.0,24.0,1036.445833333333,664.7291666666666,3551.0,847,4,821.0,0.2385243593353985,5814.0,2.297916666666667,24.0,131.07708333333332,60.08333333333334,4.12796697626419,UNDEFINEDnull,UNDEFINEDnull,exp_images/images/dog_dug_hole.jpg,IMG_13,UNDEFINEDnull,UNDEFINEDnull,UNDEFINEDnull,UNDEFINEDnull,,,,,
edf28,5,,free_viewing,,6051.0,4355.0,362.91666666666674,12.0,926.4083333333333,681.3916666666668,4531.0,2923,5,1214.0,0.6451114544250717,6051.0,1.649230769230769,13.0,122.84846153846155,44.153846153846146,2.1484052222773093,UNDEFINEDnull,UNDEFINEDnull,exp_images/images/girl_fed_dog.jpg,IMG_16,UNDEFINEDnull,UNDEFINEDnull,UNDEFINEDnull,UNDEFINEDnull,,,,,
edf28,6,,free_viewing,,5657.0,4259.0,425.9,10.0,1052.6799999999996,373.99,4485.0,4051,6,664.0,0.9032329988851728,5657.0,2.365,10.0,144.94899999999998,50.8,1.7677214071062402,UNDEFINEDnull,UNDEFINEDnull,exp_images/images/man_pushed_box.jpg,IMG_05,UNDEFINEDnull,UNDEFINEDnull,UNDEFINEDnull,UNDEFINEDnull,,,,,
edf28,7,,free_viewing,,5697.0,3739.0,311.5833333333333,12.0,961.5583333333333,403.31666666666666,3983.0,3247,6,704.0,0.8152146623148381,5697.0,1.3358333333333332,12.0,241.61166666666668,84.16666666666667,2.10637177461822,UNDEFINEDnull,UNDEFINEDnull,exp_images/images/boy_opened_door.jpg,IMG_10,UNDEFINEDnull,UNDEFINEDnull,UNDEFINEDnull,UNDEFINEDnull,,,,,
edf28,8,,free_viewing,,5645.0,3831.0,225.35294117647058,17.0,889.0294117647059,431.92941176470595,3877.0,3877,5,652.0,1.0,5645.0,2.4670588235294115,17.0,153.92647058823528,65.64705882352939,3.0115146147032776,UNDEFINEDnull,UNDEFINEDnull,exp_images/images/girl_lighted_lamp.jpg,IMG_01,UNDEFINEDnull,UNDEFINEDnull,UNDEFINEDnull,UNDEFINEDnull,,,,,
edf28,9,,free_viewing,,6013.0,4067.0,369.7272727272728,11.0,1020.6272727272728,364.20909090909083,4346.0,3735,3,1344.0,0.859410952600092,6013.0,3.4318181818181817,11.0,87.1490909090909,58.72727272727273,1.8293696989855317,UNDEFINEDnull,UNDEFINEDnull,exp_images/images/child_throw_frisbee.jpg,IMG_12,UNDEFINEDnull,UNDEFINEDnull,UNDEFINEDnull,UNDEFINEDnull,,,,,
edf29,1,,free_viewing,,5734.0,4352.0,395.6363636363636,11.0,893.227272727273,489.14545454545464,4583.0,4373,5,761.0,0.9541784857080516,5734.0,3.8209090909090913,11.0,95.73727272727272,35.45454545454545,1.918381583536798,UNDEFINEDnull,UNDEFINEDnull,exp_images/images/artiste_drew_picture.jpg,IMG_07,UNDEFINEDnull,UNDEFINEDnull,UNDEFINEDnull,UNDEFINEDnull,,,,,
edf29,10,,free_viewing,,5884.0,4458.0,445.8,10.0,934.7,530.43,4719.0,4719,3,891.0,1.0,5884.0,1.7790000000000004,10.0,63.86300000000002,27.4,1.6995241332426918,UNDEFINEDnull,UNDEFINEDnull,exp_images/images/girl_baked_cake.jpg,IMG_15,UNDEFINEDnull,UNDEFINEDnull,UNDEFINEDnull,UNDEFINEDnull,,,,,
edf29,11,,free_viewing,,5916.0,4374.0,364.5,12.0,974.8666666666667,526.8583333333332,4597.0,4211,5,923.0,0.9160321949097238,5916.0,2.7783333333333333,12.0,82.2516666666667,33.0,2.028397565922921,UNDEFINEDnull,UNDEFINEDnull,exp_images/images/girl_lighted_lamp.jpg,IMG_01,UNDEFINEDnull,UNDEFINEDnull,UNDEFINEDnull,UNDEFINEDnull,,,,,
edf29,12,,free_viewing,,5994.0,4434.0,403.09090909090907,11.0,892.5363636363637,422.71818181818185,4662.0,4662,6,1002.0,1.0,5994.0,2.3227272727272728,11.0,77.29545454545456,30.0,1.8351685018351689,UNDEFINEDnull,UNDEFINEDnull,exp_images/images/boy_broke_vase.jpg,IMG_08,UNDEFINEDnull,UNDEFINEDnull,UNDEFINEDnull,UNDEFINEDnull,,,,,
edf29,13,,free_viewing,,5876.0,4446.0,404.1818181818182,11.0,1004.9181818181821,706.1727272727272,4637.0,4251,4,883.0,0.9167565236144058,5876.0,3.171818181818182,11.0,94.62818181818184,32.36363636363637,1.8720217835262083,UNDEFINEDnull,UNDEFINEDnull,exp_images/images/dog_dug_hole.jpg,IMG_13,UNDEFINEDnull,UNDEFINEDnull,UNDEFINEDnull,UNDEFINEDnull,,,,,
edf29,14,,free_viewing,,5781.0,4165.0,277.6666666666667,15.0,942.5600000000003,557.4599999999998,4366.0,3987,4,787.0,0.91319285387082,5781.0,4.882666666666667,15.0,106.86,41.86666666666667,2.5947067981318117,UNDEFINEDnull,UNDEFINEDnull,exp_images/images/driver_wash_scooter.jpg,IMG_14,UNDEFINEDnull,UNDEFINEDnull,UNDEFINEDnull,UNDEFINEDnull,,,,,
edf29,15,,free_viewing,,5776.0,4354.0,483.77777777777777,9.0,920.5111111111113,485.4333333333333,4675.0,4675,5,785.0,1.0,5776.0,2.738888888888889,9.0,78.02888888888889,35.111111111111114,1.558171745152355,UNDEFINEDnull,UNDEFINEDnull,exp_images/images/boy_opened_door.jpg,IMG_10,UNDEFINEDnull,UNDEFINEDnull,UNDEFINEDnull,UNDEFINEDnull,,,,,
edf29,16,,free_viewing,,5679.0,4507.0,450.7,10.0,1008.1999999999997,597.13,4665.0,4665,3,686.0,1.0,5679.0,2.918,10.0,80.04499999999999,32.8,1.7608733932030287,UNDEFINEDnull,UNDEFINEDnull,exp_images/images/boy_cut_vegetables.jpg,IMG_18,UNDEFINEDnull,UNDEFINEDnull,UNDEFINEDnull,UNDEFINEDnull,,,,,
edf29,17,,free_viewing,,5760.0,4410.0,441.0,10.0,985.49,536.72,4693.0,4281,3,767.0,0.9122096739825272,5760.0,2.1700000000000004,10.0,75.184,30.0,1.7361111111111112,UNDEFINEDnull,UNDEFINEDnull,exp_images/images/women_fold_clothes.jpg,IMG_06,UNDEFINEDnull,UNDEFINEDnull,UNDEFINEDnull,UNDEFINEDnull,,,,,
edf29,18,,free_viewing,,5912.0,4328.0,288.53333333333336,15.0,1117.8133333333335,517.2066666666667,4507.0,3357,4,919.0,0.7448413578877302,5912.0,3.126666666666667,15.0,88.08066666666667,32.4,2.537212449255751,UNDEFINEDnull,UNDEFINEDnull,exp_images/images/child_throw_frisbee.jpg,IMG_12,UNDEFINEDnull,UNDEFINEDnull,UNDEFINEDnull,UNDEFINEDnull,,,,,
edf29,19,English,sentence_audio,passive,10694.0,4244.0,424.4,10.0,1047.28,506.08,4425.0,4425,4,5701.0,1.0,10694.0,2.389,10.0,92.918,56.8,0.9351037965214138,exp_images/audio\ENGLISH\p_letter.wav,IMG_17_E_PWA,exp_images/images/women_read_letter.jpg,IMG_17,exp_images/sentences/passive_women_letter.jpg,STIM_89,stimuli_list_subj_5_a.csv,PWA,passive_with_agent,non_agent_first,agent_overt,1.0,0.0
edf29,2,,free_viewing,,5849.0,4539.0,567.375,8.0,889.8499999999998,543.9875000000002,4741.0,3421,3,858.0,0.7215777262180975,5849.0,2.7425,8.0,81.99125000000002,31.25,1.367755171824243,UNDEFINEDnull,UNDEFINEDnull,exp_images/images/girl_plant_tree.jpg,IMG_03,UNDEFINEDnull,UNDEFINEDnull,UNDEFINEDnull,UNDEFINEDnull,,,,,
edf29,20,English,sentence_audio,passive,10774.0,4456.0,342.76923076923083,13.0,1012.6461538461538,490.4846153846153,4647.0,4647,3,5781.0,1.0,10774.0,1.9730769230769232,13.0,67.60769230769232,26.615384615384613,1.2066085019491368,exp_images/audio\ENGLISH\p_bucket.wav,IMG_09_E_PWA,exp_images/images/boy_filled_bucket.jpg,IMG_09,exp_images/sentences/passive_boy_bucket.jpg,STIM_81,stimuli_list_subj_5_a.csv,PWA,passive_with_agent,non_agent_first,agent_overt,1.0,0.0
edf29,21,English,sentence_audio,passive,10847.0,4600.0,1150.0,4.0,983.55,522.7,4802.0,4802,3,5854.0,1.0,10847.0,3.2920000000000003,5.0,78.21600000000002,40.4,0.4609569466211856,exp_images/audio\ENGLISH\p_clothes.wav,IMG_06_E_PWA,exp_images/images/women_fold_clothes.jpg,IMG_06,exp_images/sentences/passive_woman_clothes.jpg,STIM_78,stimuli_list_subj_5_a.csv,PWA,passive_with_agent,non_agent_first,agent_overt,1.0,0.0
edf29,22,English,sentence_audio,passive_dropped_agent,10652.0,4284.0,476.0,9.0,964.311111111111,412.6111111111112,4493.0,4493,4,5659.0,1.0,10652.0,1.85,9.0,97.59333333333332,55.555555555555564,0.8449117536612843,exp_images/audio\ENGLISH\p_woa_door.wav,IMG_10_E_PNA,exp_images/images/boy_opened_door.jpg,IMG_10,exp_images/sentences/noagent_boy_door.jpg,STIM_100,stimuli_list_subj_5_a.csv,PNA,passive_dropped_agent,non_agent_first,agent_dropped,1.0,1.0
edf29,23,English,sentence_audio,passive_dropped_agent,10929.0,4493.0,408.45454545454544,11.0,935.6636363636363,383.3,4698.0,4493,2,6176.0,0.9563644103873988,10929.0,1.8545454545454547,11.0,62.79909090909091,26.72727272727273,1.0064964772623295,exp_images/audio\ENGLISH\p_woa_lamp.wav,IMG_01_E_PNA,exp_images/images/girl_lighted_lamp.jpg,IMG_01,exp_images/sentences/noagent_girl_lamp.jpg,STIM_91,stimuli_list_subj_5_a.csv,PNA,passive_dropped_agent,non_agent_first,agent_dropped,1.0,1.0
edf29,24,English,sentence_audio,passive_dropped_agent,10241.0,4265.0,355.41666666666674,12.0,919.0499999999997,552.7583333333333,4482.0,3457,4,5249.0,0.7713074520303436,10241.0,5.0675,12.0,112.87916666666666,42.5,1.1717605702568108,exp_images/audio\ENGLISH\p_woa_scooter.wav,IMG_14_E_PNA,exp_images/images/driver_wash_scooter.jpg,IMG_14,exp_images/sentences/noagent_driver_scooter.jpg,STIM_104,stimuli_list_subj_5_a.csv,PNA,passive_dropped_agent,non_agent_first,agent_dropped,1.0,1.0
edf29,25,Punjabi,sentence_audio,active,10379.0,4443.0,370.25,12.0,930.7083333333335,457.85,4629.0,3253,4,5386.0,0.7027435731259452,10379.0,2.3233333333333333,12.0,71.64833333333333,30.33333333333333,1.1561807495905194,exp_images/audio\PUNJABI\box.wav,IMG_05_P_ACT,exp_images/images/man_pushed_box.jpg,IMG_05,exp_images/sentences/Pushed-box.jpg,STIM_05,stimuli_list_subj_5_a.csv,ACT,active,agent_first,agent_overt,0.0,
edf29,26,Punjabi,sentence_audio,active,10322.0,4466.0,496.22222222222223,9.0,826.0,560.8111111111111,4700.0,4700,5,5330.0,1.0,10322.0,3.3088888888888888,9.0,97.06666666666666,32.44444444444444,0.8719240457275722,exp_images/audio\PUNJABI\sapling.wav,IMG_03_P_ACT,exp_images/images/girl_plant_tree.jpg,IMG_03,exp_images/sentences/Sapling.jpg,STIM_03,stimuli_list_subj_5_a.csv,ACT,active,agent_first,agent_overt,0.0,
edf29,27,Punjabi,sentence_audio,active,10836.0,4312.0,308.0,14.0,908.5285714285714,489.6214285714286,4543.0,4543,5,5843.0,1.0,10836.0,2.8285714285714287,14.0,85.26357142857141,32.142857142857146,1.2919896640826871,exp_images/audio\PUNJABI\shrub.wav,IMG_04_P_ACT,exp_images/images/man_cut_shrub.jpg,IMG_04,exp_images/sentences/Shrub.jpg,STIM_04,stimuli_list_subj_5_a.csv,ACT,active,agent_first,agent_overt,0.0,
edf29,28,Punjabi,sentence_audio,passive,10906.0,4514.0,376.16666666666674,12.0,940.7333333333332,711.0666666666666,4649.0,4215,3,5913.0,0.906646590664659,10906.0,2.3625,12.0,74.27416666666667,28.66666666666667,1.1003117549972492,exp_images/audio\PUNJABI\p_dug.wav,IMG_13_P_PWA,exp_images/images/dog_dug_hole.jpg,IMG_13,exp_images/sentences/Dog-dug-passive.jpg,STIM_31,stimuli_list_subj_5_a.csv,PWA,passive_with_agent,non_agent_first,agent_overt,1.0,0.0
edf29,29,Punjabi,sentence_audio,passive,10832.0,4444.0,404.0,11.0,977.3090909090907,449.0727272727272,4627.0,3455,4,5839.0,0.7467041279446726,10832.0,3.479090909090909,11.0,89.33909090909094,33.27272727272727,1.0155096011816838,exp_images/audio\PUNJABI\p_frisbee.wav,IMG_12_P_PWA,exp_images/images/child_throw_frisbee.jpg,IMG_12,exp_images/sentences/Frisbee-passive.jpg,STIM_30,stimuli_list_subj_5_a.csv,PWA,passive_with_agent,non_agent_first,agent_overt,1.0,0.0
edf29,3,,free_viewing,,6072.0,4476.0,639.4285714285714,7.0,986.9142857142856,515.8285714285714,4719.0,4719,3,1079.0,1.0,6072.0,3.5028571428571427,7.0,90.06999999999998,39.142857142857146,1.152832674571805,UNDEFINEDnull,UNDEFINEDnull,exp_images/images/man_cut_shrub.jpg,IMG_04,UNDEFINEDnull,UNDEFINEDnull,UNDEFINEDnull,UNDEFINEDnull,,,,,
edf29,30,Punjabi,sentence_audio,passive,10432.0,4410.0,551.25,8.0,915.0875,599.725,4621.0,2508,2,5836.0,0.5427396667388011,10432.0,2.955,8.0,102.30666666666669,43.77777777777778,0.7668711656441718,exp_images/audio\PUNJABI\p_tabla.wav,IMG_11_P_PWA,exp_images/images/child_play_tabla.jpg,IMG_11,exp_images/sentences/Tabla-passive.jpg,STIM_29,stimuli_list_subj_5_a.csv,PWA,passive_with_agent,non_agent_first,agent_overt,1.0,0.0
edf29,31,Punjabi,sentence_audio,passive_dropped_agent,10933.0,4113.0,274.2,15.0,928.3066666666667,455.58,4273.0,3743,3,6364.0,0.8759653639129418,10933.0,2.980625,16.0,118.63000000000002,48.375,1.4634592518064575,exp_images/audio\PUNJABI\p_woa_picture.wav,IMG_07_P_PNA,exp_images/images/artiste_drew_picture.jpg,IMG_07,exp_images/sentences/Painting-woa.jpg,STIM_43,stimuli_list_subj_5_a.csv,PNA,passive_dropped_agent,non_agent_first,agent_dropped,1.0,1.0
edf29,32,Punjabi,sentence_audio,passive_dropped_agent,10749.0,3680.0,368.0,10.0,936.59,493.27999999999986,3892.0,3392,4,6206.0,0.8715313463514902,10749.0,2.7550000000000003,12.0,163.8975,96.66666666666669,1.116382919341334,exp_images/audio\PUNJABI\p_woa_cake.wav,IMG_15_P_PNA,exp_images/images/girl_baked_cake.jpg,IMG_15,exp_images/sentences/Cake-woa.jpg,STIM_51,stimuli_list_subj_5_a.csv,PNA,passive_dropped_agent,non_agent_first,agent_dropped,1.0,1.0
edf29,33,Punjabi,sentence_audio,passive_dropped_agent,10557.0,4615.0,659.2857142857142,7.0,1098.3142857142857,390.31428571428575,4794.0,4794,4,5565.0,1.0,10557.0,2.3285714285714287,7.0,77.0214285714286,28.285714285714285,0.663067159230842,exp_images/audio\PUNJABI\p_woa_window.wav,IMG_02_P_PNA,exp_images/images/girl_opened_window.jpg,IMG_02,exp_images/sentences/Window-woa.jpg,STIM_38,stimuli_list_subj_5_a.csv,PNA,passive_dropped_agent,non_agent_first,agent_dropped,1.0,1.0
edf29,34,English,sentence_audio,active,10699.0,4483.0,560.375,8.0,908.1875,662.2,4720.0,3813,4,5974.0,0.8078389830508474,10699.0,2.4225000000000003,8.0,70.1,34.0,0.7477334330311244,exp_images/audio\ENGLISH\fed.wav,IMG_16_E_ACT,exp_images/images/girl_fed_dog.jpg,IMG_16,exp_images/sentences/active_girl_dog.jpg,STIM_70,stimuli_list_subj_5_a.csv,ACT,active,agent_first,agent_overt,0.0,
edf29,35,English,sentence_audio,active,10377.0,4427.0,442.7,10.0,968.59,588.3299999999998,4678.0,4284,4,5385.0,0.9157759726378796,10377.0,2.5650000000000004,10.0,72.78900000000002,31.4,0.963669654042594,exp_images/audio\ENGLISH\veg.wav,IMG_18_E_ACT,exp_images/images/boy_cut_vegetables.jpg,IMG_18,exp_images/sentences/active_boy_vegetables.jpg,STIM_72,stimuli_list_subj_5_a.csv,ACT,active,agent_first,agent_overt,0.0,
edf29,36,English,sentence_audio,active,10698.0,4308.0,359.0,12.0,879.5999999999998,419.93333333333334,4658.0,4418,6,5704.0,0.948475740661228,10698.0,2.0466666666666664,12.0,71.60666666666667,28.0,1.1217049915872126,exp_images/audio\ENGLISH\vase.wav,IMG_08_E_ACT,exp_images/images/boy_broke_vase.jpg,IMG_08,exp_images/sentences/active_boy_vase.jpg,STIM_62,stimuli_list_subj_5_a.csv,ACT,active,agent_first,agent_overt,0.0,
edf29,4,,free_viewing,,5761.0,4365.0,436.5,10.0,1061.23,544.3999999999999,4573.0,4573,4,890.0,1.0,5761.0,2.4681818181818183,11.0,100.26818181818182,39.09090909090909,1.9093907307759068,UNDEFINEDnull,UNDEFINEDnull,exp_images/images/women_read_letter.jpg,IMG_17,UNDEFINEDnull,UNDEFINEDnull,UNDEFINEDnull,UNDEFINEDnull,,,,,
edf29,5,,free_viewing,,6083.0,4497.0,449.7,10.0,949.68,651.6300000000001,4659.0,2977,5,1286.0,0.638978321528225,6083.0,3.489,10.0,101.85600000000001,33.4,1.6439256945586058,UNDEFINEDnull,UNDEFINEDnull,exp_images/images/girl_fed_dog.jpg,IMG_16,UNDEFINEDnull,UNDEFINEDnull,UNDEFINEDnull,UNDEFINEDnull,,,,,
edf29,6,,free_viewing,,6092.0,4510.0,501.11111111111114,9.0,1055.8555555555556,428.13333333333327,4699.0,4510,4,1310.0,0.9597786763141094,6092.0,2.5133333333333336,9.0,78.0311111111111,32.666666666666664,1.4773473407747868,UNDEFINEDnull,UNDEFINEDnull,exp_images/images/girl_opened_window.jpg,IMG_02,UNDEFINEDnull,UNDEFINEDnull,UNDEFINEDnull,UNDEFINEDnull,,,,,
edf29,7,,free_viewing,,5768.0,4396.0,399.6363636363636,11.0,1012.9545454545456,516.6636363636363,4648.0,4648,3,776.0,1.0,5768.0,2.4654545454545453,11.0,74.04454545454547,31.272727272727273,1.9070735090152569,UNDEFINEDnull,UNDEFINEDnull,exp_images/images/boy_filled_bucket.jpg,IMG_09,UNDEFINEDnull,UNDEFINEDnull,UNDEFINEDnull,UNDEFINEDnull,,,,,
edf29,8,,free_viewing,,5875.0,4359.0,363.25,12.0,942.6916666666666,622.2,4570.0,3135,3,1122.0,0.6859956236323851,5875.0,3.3491666666666657,12.0,83.22583333333333,35.333333333333336,2.042553191489361,UNDEFINEDnull,UNDEFINEDnull,exp_images/images/child_play_tabla.jpg,IMG_11,UNDEFINEDnull,UNDEFINEDnull,UNDEFINEDnull,UNDEFINEDnull,,,,,
edf29,9,,free_viewing,,5676.0,4340.0,310.0,14.0,939.3857142857142,486.03571428571416,4535.0,2987,5,683.0,0.6586549062844542,5676.0,2.9857142857142853,14.0,80.39928571428571,32.714285714285715,2.466525722339676,UNDEFINEDnull,UNDEFINEDnull,exp_images/images/man_pushed_box.jpg,IMG_05,UNDEFINEDnull,UNDEFINEDnull,UNDEFINEDnull,UNDEFINEDnull,,,,,
edf30,1,,free_viewing,,5822.0,4530.0,503.33333333333326,9.0,863.1333333333333,467.58888888888885,4741.0,4741,6,829.0,1.0,5822.0,1.7744444444444445,9.0,64.35,28.0,1.5458605290278256,UNDEFINEDnull,UNDEFINEDnull,exp_images/images/girl_plant_tree.jpg,IMG_03,UNDEFINEDnull,UNDEFINEDnull,UNDEFINEDnull,UNDEFINEDnull,,,,,
edf30,10,,free_viewing,,5815.0,3959.0,263.93333333333334,15.0,988.1533333333333,463.4333333333333,4221.0,4221,3,822.0,1.0,5815.0,2.478,15.0,105.19133333333336,51.46666666666667,2.5795356835769563,UNDEFINEDnull,UNDEFINEDnull,exp_images/images/artiste_drew_picture.jpg,IMG_07,UNDEFINEDnull,UNDEFINEDnull,UNDEFINEDnull,UNDEFINEDnull,,,,,
edf30,11,,free_viewing,,5778.0,4462.0,405.6363636363636,11.0,999.0363636363637,342.97272727272724,4707.0,4707,5,785.0,1.0,5778.0,1.6536363636363638,11.0,60.55818181818183,26.0,1.9037729318103151,UNDEFINEDnull,UNDEFINEDnull,exp_images/images/man_pushed_box.jpg,IMG_05,UNDEFINEDnull,UNDEFINEDnull,UNDEFINEDnull,UNDEFINEDnull,,,,,
edf30,12,,free_viewing,,6020.0,3986.0,249.125,16.0,880.6125,492.46875,4290.0,4290,7,1028.0,1.0,6020.0,2.16,16.0,98.97125,43.875,2.6578073089701,UNDEFINEDnull,UNDEFINEDnull,exp_images/images/boy_broke_vase.jpg,IMG_08,UNDEFINEDnull,UNDEFINEDnull,UNDEFINEDnull,UNDEFINEDnull,,,,,
edf30,13,,free_viewing,,5955.0,4031.0,237.11764705882354,17.0,908.3176470588237,511.05294117647065,4232.0,3892,6,963.0,0.9196597353497163,5955.0,4.275294117647058,17.0,112.15411764705885,44.70588235294117,2.8547439126784213,UNDEFINEDnull,UNDEFINEDnull,exp_images/images/driver_wash_scooter.jpg,IMG_14,UNDEFINEDnull,UNDEFINEDnull,UNDEFINEDnull,UNDEFINEDnull,,,,,
edf30,14,,free_viewing,,5952.0,4308.0,253.41176470588238,17.0,944.4941176470587,455.6941176470589,4458.0,4458,11,960.0,1.0,5952.0,1.9605882352941173,17.0,97.11470588235294,31.411764705882355,2.8561827956989245,UNDEFINEDnull,UNDEFINEDnull,exp_images/images/boy_opened_door.jpg,IMG_10,UNDEFINEDnull,UNDEFINEDnull,UNDEFINEDnull,UNDEFINEDnull,,,,,
edf30,15,,free_viewing,,5725.0,4255.0,327.3076923076923,13.0,814.5461538461539,504.41538461538477,4471.0,4471,6,734.0,1.0,5725.0,2.7469230769230766,13.0,85.35153846153845,40.0,2.2707423580786026,UNDEFINEDnull,UNDEFINEDnull,exp_images/images/girl_lighted_lamp.jpg,IMG_01,UNDEFINEDnull,UNDEFINEDnull,UNDEFINEDnull,UNDEFINEDnull,,,,,
edf30,16,,free_viewing,,6040.0,4154.0,259.625,16.0,828.80625,550.73125,4382.0,2696,4,1306.0,0.6152441807393884,6040.0,2.166875,16.0,98.41625,38.125,2.6490066225165565,UNDEFINEDnull,UNDEFINEDnull,exp_images/images/girl_fed_dog.jpg,IMG_16,UNDEFINEDnull,UNDEFINEDnull,UNDEFINEDnull,UNDEFINEDnull,,,,,
edf30,17,,free_viewing,,5733.0,4059.0,193.28571428571428,21.0,865.1380952380953,452.99523809523805,4255.0,4099,9,740.0,0.9633372502937719,5733.0,2.376190476190476,21.0,87.50333333333334,35.142857142857146,3.6630036630036633,UNDEFINEDnull,UNDEFINEDnull,exp_images/images/man_cut_shrub.jpg,IMG_04,UNDEFINEDnull,UNDEFINEDnull,UNDEFINEDnull,UNDEFINEDnull,,,,,
edf30,18,,free_viewing,,6130.0,4332.0,541.5,8.0,958.8,539.9875,4490.0,4332,3,1322.0,0.9648106904231626,6130.0,2.1611111111111105,9.0,168.19555555555556,57.77777777777778,1.4681892332789561,UNDEFINEDnull,UNDEFINEDnull,exp_images/images/women_fold_clothes.jpg,IMG_06,UNDEFINEDnull,UNDEFINEDnull,UNDEFINEDnull,UNDEFINEDnull,,,,,
edf30,19,English,sentence_audio,passive_dropped_agent,10291.0,3933.0,327.75,12.0,986.2000000000003,460.40833333333336,4226.0,4226,2,5297.0,1.0,10291.0,1.2683333333333335,12.0,250.39,64.0,1.166067437566806,exp_images/audio\ENGLISH\p_woa_letter.wav,IMG_17_E_PNA,exp_images/images/women_read_letter.jpg,IMG_17,exp_images/sentences/noagent_women_letter.jpg,STIM_107,stimuli_list_subj_6_a.csv,PNA,passive_dropped_agent,non_agent_first,agent_dropped,1.0,1.0
edf30,2,,free_viewing,,5787.0,4087.0,255.4375,16.0,943.2375,520.58125,4278.0,4278,9,795.0,1.0,5787.0,3.421875,16.0,113.5,44.625,2.7648176948332472,UNDEFINEDnull,UNDEFINEDnull,exp_images/images/boy_cut_vegetables.jpg,IMG_18,UNDEFINEDnull,UNDEFINEDnull,UNDEFINEDnull,UNDEFINEDnull,,,,,
edf30,20,English,sentence_audio,passive_dropped_agent,10685.0,4365.0,436.5,10.0,916.2899999999997,451.54,4633.0,4453,4,5692.0,0.9611482840492122,10685.0,1.2990000000000002,10.0,75.15299999999998,36.0,0.9358914365933552,exp_images/audio\ENGLISH\p_woa_bucket.wav,IMG_09_E_PNA,exp_images/images/boy_filled_bucket.jpg,IMG_09,exp_images/sentences/noagent_boy_bucket.jpg,STIM_99,stimuli_list_subj_6_a.csv,PNA,passive_dropped_agent,non_agent_first,agent_dropped,1.0,1.0
edf30,21,English,sentence_audio,passive_dropped_agent,10292.0,3802.0,271.57142857142856,14.0,931.5,594.8500000000001,4080.0,3802,3,5660.0,0.9318627450980392,10292.0,1.3833333333333333,15.0,137.45399999999998,71.6,1.4574426739214923,exp_images/audio\ENGLISH\p_woa_clothes.wav,IMG_06_E_PNA,exp_images/images/women_fold_clothes.jpg,IMG_06,exp_images/sentences/noagent_woman_clothes.jpg,STIM_96,stimuli_list_subj_6_a.csv,PNA,passive_dropped_agent,non_agent_first,agent_dropped,1.0,1.0
edf30,22,Punjabi,sentence_audio,active,10464.0,4010.0,267.3333333333333,15.0,894.4333333333333,428.06666666666666,4156.0,4156,11,5472.0,1.0,10464.0,1.4686666666666668,15.0,183.64,55.73333333333333,1.43348623853211,exp_images/audio\PUNJABI\door.wav,IMG_10_P_ACT,exp_images/images/boy_opened_door.jpg,IMG_10,exp_images/sentences/Closed-door.jpg,STIM_10,stimuli_list_subj_6_a.csv,ACT,active,agent_first,agent_overt,0.0,
edf30,23,Punjabi,sentence_audio,active,10234.0,3940.0,231.7647058823529,17.0,868.5235294117647,486.34117647058815,4150.0,4150,7,5242.0,1.0,10234.0,3.0611764705882347,17.0,132.57,49.529411764705884,1.6611295681063123,exp_images/audio\PUNJABI\lamp.wav,IMG_01_P_ACT,exp_images/images/girl_lighted_lamp.jpg,IMG_01,exp_images/sentences/Lamp.jpg,STIM_01,stimuli_list_subj_6_a.csv,ACT,active,agent_first,agent_overt,0.0,
edf30,24,Punjabi,sentence_audio,active,10546.0,4090.0,255.625,16.0,896.9124999999998,510.54375,4324.0,4146,8,5554.0,0.9588344125809436,10546.0,3.163529411764705,17.0,114.10117647058827,40.352941176470594,1.6119855869523991,exp_images/audio\PUNJABI\scooter.wav,IMG_14_P_ACT,exp_images/images/driver_wash_scooter.jpg,IMG_14,exp_images/sentences/Washed-scooter.jpg,STIM_14,stimuli_list_subj_6_a.csv,ACT,active,agent_first,agent_overt,0.0,
edf30,25,Punjabi,sentence_audio,passive,10870.0,4208.0,420.8,10.0,1037.0700000000004,379.61,4247.0,4031,5,5877.0,0.9491405698139864,10870.0,2.0620000000000003,10.0,302.636,74.6,0.9199632014719412,exp_images/audio\PUNJABI\p_box.wav,IMG_05_P_PWA,exp_images/images/man_pushed_box.jpg,IMG_05,exp_images/sentences/Pushed-box-passive.jpg,STIM_23,stimuli_list_subj_6_a.csv,PWA,passive_with_agent,non_agent_first,agent_overt,1.0,0.0
edf30,26,Punjabi,sentence_audio,passive,10875.0,4043.0,237.82352941176467,17.0,764.5470588235294,545.1058823529411,4215.0,4095,7,5930.0,0.9715302491103204,10875.0,2.155555555555556,18.0,95.57388888888887,49.77777777777778,1.6551724137931034,exp_images/audio\PUNJABI\p_sapling.wav,IMG_03_P_PWA,exp_images/images/girl_plant_tree.jpg,IMG_03,exp_images/sentences/Sapling-passive.jpg,STIM_21,stimuli_list_subj_6_a.csv,PWA,passive_with_agent,non_agent_first,agent_overt,1.0,0.0
edf30,27,Punjabi,sentence_audio,passive,10649.0,4103.0,273.53333333333336,15.0,722.5799999999998,699.3533333333332,4335.0,4335,2,5656.0,1.0,10649.0,2.2373333333333334,15.0,115.10133333333334,43.86666666666667,1.4085829655366702,exp_images/audio\PUNJABI\p_shrub.wav,IMG_04_P_PWA,exp_images/images/man_cut_shrub.jpg,IMG_04,exp_images/sentences/Shrub-passive.jpg,STIM_22,stimuli_list_subj_6_a.csv,PWA,passive_with_agent,non_agent_first,agent_overt,1.0,0.0
edf30,28,Punjabi,sentence_audio,passive_dropped_agent,11088.0,4302.0,286.8,15.0,877.7199999999998,530.7266666666667,4471.0,3805,4,6095.0,0.8510400357861776,11088.0,1.62,15.0,88.99133333333334,34.8,1.3528138528138531,exp_images/audio\PUNJABI\p_woa_dug.wav,IMG_13_P_PNA,exp_images/images/dog_dug_hole.jpg,IMG_13,exp_images/sentences/Dog-dug-woa.jpg,STIM_49,stimuli_list_subj_6_a.csv,PNA,passive_dropped_agent,non_agent_first,agent_dropped,1.0,1.0
edf30,29,Punjabi,sentence_audio,passive_dropped_agent,10873.0,4284.0,357.0,12.0,929.6916666666667,317.68333333333334,4447.0,4284,8,6074.0,0.9633460760062964,10873.0,2.6792307692307693,13.0,125.06153846153845,43.384615384615394,1.1956221833900489,exp_images/audio\PUNJABI\p_woa_frisbee.wav,IMG_12_P_PNA,exp_images/images/child_throw_frisbee.jpg,IMG_12,exp_images/sentences/Frisbee-woa.jpg,STIM_48,stimuli_list_subj_6_a.csv,PNA,passive_dropped_agent,non_agent_first,agent_dropped,1.0,1.0
edf30,3,,free_viewing,,6130.0,4136.0,827.2,5.0,970.2,388.62,4819.0,4819,1,1137.0,1.0,6130.0,0.922,5.0,58.742,34.8,0.8156606851549756,UNDEFINEDnull,UNDEFINEDnull,exp_images/images/women_read_letter.jpg,IMG_17,UNDEFINEDnull,UNDEFINEDnull,UNDEFINEDnull,UNDEFINEDnull,,,,,
edf30,30,Punjabi,sentence_audio,passive_dropped_agent,10522.0,3848.0,427.5555555555555,9.0,896.0,502.7888888888888,4136.0,2890,4,5848.0,0.6987427466150871,10522.0,1.913333333333333,9.0,195.64,95.11111111111113,0.8553506937844516,exp_images/audio\PUNJABI\p_woa_tabla.wav,IMG_11_P_PNA,exp_images/images/child_play_tabla.jpg,IMG_11,exp_images/sentences/Tabla-woa.jpg,STIM_47,stimuli_list_subj_6_a.csv,PNA,passive_dropped_agent,non_agent_first,agent_dropped,1.0,1.0
edf30,31,English,sentence_audio,active,11032.0,4096.0,315.07692307692315,13.0,945.353846153846,403.7846153846154,4378.0,4378,6,6040.0,1.0,11032.0,3.0650000000000004,14.0,98.26928571428572,44.714285714285715,1.269035532994924,exp_images/audio\ENGLISH\picture.wav,IMG_07_E_ACT,exp_images/images/artiste_drew_picture.jpg,IMG_07,exp_images/sentences/active_artist_picture.jpg,STIM_61,stimuli_list_subj_6_a.csv,ACT,active,agent_first,agent_overt,0.0,
edf30,32,English,sentence_audio,active,10775.0,4045.0,337.0833333333333,12.0,960.5083333333333,558.3333333333334,4657.0,4657,5,5782.0,1.0,10775.0,1.731666666666667,12.0,69.53666666666668,28.0,1.1136890951276102,exp_images/audio\ENGLISH\cake.wav,IMG_15_E_ACT,exp_images/images/girl_baked_cake.jpg,IMG_15,exp_images/sentences/active_girl_cake.jpg,STIM_69,stimuli_list_subj_6_a.csv,ACT,active,agent_first,agent_overt,0.0,
edf30,33,English,sentence_audio,active,10835.0,4229.0,264.3125,16.0,973.125,455.9,4365.0,3673,6,6006.0,0.8414662084765178,10835.0,2.1387500000000004,16.0,84.185625,39.25,1.4766958929395475,exp_images/audio\ENGLISH\window.wav,IMG_02_E_ACT,exp_images/images/girl_opened_window.jpg,IMG_02,exp_images/sentences/active_girl_window.jpg,STIM_56,stimuli_list_subj_6_a.csv,ACT,active,agent_first,agent_overt,0.0,
edf30,34,English,sentence_audio,passive,10856.0,4214.0,301.0,14.0,818.6000000000001,643.1,4388.0,2776,5,5864.0,0.6326344576116681,10856.0,1.650714285714286,14.0,119.79857142857145,43.14285714285715,1.2896094325718497,exp_images/audio\ENGLISH\p_fed.wav,IMG_16_E_PWA,exp_images/images/girl_fed_dog.jpg,IMG_16,exp_images/sentences/passive_girl_dog.jpg,STIM_88,stimuli_list_subj_6_a.csv,PWA,passive_with_agent,non_agent_first,agent_overt,1.0,0.0
edf30,35,English,sentence_audio,passive,11101.0,4143.0,318.6923076923077,13.0,959.853846153846,639.2153846153846,4401.0,4261,3,6108.0,0.9681890479436492,11101.0,1.3976923076923078,13.0,100.39692307692309,45.53846153846154,1.171065669759481,exp_images/audio\ENGLISH\p_veg.wav,IMG_18_E_PWA,exp_images/images/boy_cut_vegetables.jpg,IMG_18,exp_images/sentences/passive_boy_vegetables.jpg,STIM_90,stimuli_list_subj_6_a.csv,PWA,passive_with_agent,non_agent_first,agent_overt,1.0,0.0
edf30,36,English,sentence_audio,passive,10671.0,4411.0,441.1,10.0,945.0,541.9000000000002,4650.0,4650,3,5679.0,1.0,10671.0,1.56,10.0,108.40099999999998,34.2,0.93711929528629,exp_images/audio\ENGLISH\p_vase.wav,IMG_08_E_PWA,exp_images/images/boy_broke_vase.jpg,IMG_08,exp_images/sentences/passive_boy_vase.jpg,STIM_80,stimuli_list_subj_6_a.csv,PWA,passive_with_agent,non_agent_first,agent_overt,1.0,0.0
edf30,4,,free_viewing,,5683.0,3973.0,397.3,10.0,959.15,618.99,4140.0,3260,4,691.0,0.7874396135265701,5683.0,1.9519999999999995,10.0,151.84300000000005,85.2,1.7596339961288052,UNDEFINEDnull,UNDEFINEDnull,exp_images/images/dog_dug_hole.jpg,IMG_13,UNDEFINEDnull,UNDEFINEDnull,UNDEFINEDnull,UNDEFINEDnull,,,,,
edf30,5,,free_viewing,,6118.0,4382.0,486.88888888888886,9.0,906.4666666666667,428.31111111111113,4601.0,4299,5,1127.0,0.9343620951966964,6118.0,1.5922222222222218,9.0,130.85555555555553,43.33333333333334,1.4710689767898004,UNDEFINEDnull,UNDEFINEDnull,exp_images/images/girl_baked_cake.jpg,IMG_15,UNDEFINEDnull,UNDEFINEDnull,UNDEFINEDnull,UNDEFINEDnull,,,,,
edf30,6,,free_viewing,,6046.0,3972.0,496.5,8.0,967.6375,415.925,4222.0,4222,4,1054.0,1.0,6046.0,1.4662499999999998,8.0,145.46499999999997,96.25,1.3231888852133642,UNDEFINEDnull,UNDEFINEDnull,exp_images/images/boy_filled_bucket.jpg,IMG_09,UNDEFINEDnull,UNDEFINEDnull,UNDEFINEDnull,UNDEFINEDnull,,,,,
edf30,7,,free_viewing,,5850.0,4456.0,495.11111111111114,9.0,933.3444444444444,412.7333333333333,4719.0,4719,5,859.0,1.0,5850.0,2.53,9.0,75.69222222222223,30.222222222222218,1.5384615384615383,UNDEFINEDnull,UNDEFINEDnull,exp_images/images/girl_opened_window.jpg,IMG_02,UNDEFINEDnull,UNDEFINEDnull,UNDEFINEDnull,UNDEFINEDnull,,,,,
edf30,8,,free_viewing,,5892.0,4322.0,360.16666666666674,12.0,910.2166666666667,308.51666666666665,4572.0,4322,8,1178.0,0.9453193350831146,5892.0,3.1208333333333336,12.0,81.86583333333333,35.0,2.0366598778004072,UNDEFINEDnull,UNDEFINEDnull,exp_images/images/child_throw_frisbee.jpg,IMG_12,UNDEFINEDnull,UNDEFINEDnull,UNDEFINEDnull,UNDEFINEDnull,,,,,
edf30,9,,free_viewing,,5868.0,4162.0,320.15384615384613,13.0,895.0923076923077,673.2230769230769,4326.0,2694,3,1140.0,0.6227461858529819,5868.0,2.018571428571428,14.0,86.60142857142857,48.714285714285715,2.385821404226312,UNDEFINEDnull,UNDEFINEDnull,exp_images/images/child_play_tabla.jpg,IMG_11,UNDEFINEDnull,UNDEFINEDnull,UNDEFINEDnull,UNDEFINEDnull,,,,,
edf31,1,,free_viewing,,5897.0,4413.0,441.3,10.0,962.7000000000003,680.4599999999998,4657.0,4657,4,906.0,1.0,5897.0,2.761,10.0,74.95100000000001,33.4,1.6957775139901643,UNDEFINEDnull,UNDEFINEDnull,exp_images/images/boy_cut_vegetables.jpg,IMG_18,UNDEFINEDnull,UNDEFINEDnull,UNDEFINEDnull,UNDEFINEDnull,,,,,
edf31,10,,free_viewing,,6117.0,4130.0,206.5,20.0,846.665,661.445,4301.0,3110,5,1490.0,0.7230876540339456,6117.0,1.8428571428571427,21.0,82.72142857142858,33.8095238095238,3.433055419323197,UNDEFINEDnull,UNDEFINEDnull,exp_images/images/child_play_tabla.jpg,IMG_11,UNDEFINEDnull,UNDEFINEDnull,UNDEFINEDnull,UNDEFINEDnull,,,,,
edf31,11,,free_viewing,,6007.0,3755.0,187.75,20.0,1063.665,500.95499999999987,3919.0,3919,3,1014.0,1.0,6007.0,2.016,20.0,112.061,53.7,3.32944897619444,UNDEFINEDnull,UNDEFINEDnull,exp_images/images/girl_opened_window.jpg,IMG_02,UNDEFINEDnull,UNDEFINEDnull,UNDEFINEDnull,UNDEFINEDnull,,,,,
edf31,12,,free_viewing,,5940.0,4180.0,380.0,11.0,969.9636363636363,595.7818181818183,4456.0,4108,4,1030.0,0.9219030520646321,5940.0,1.6416666666666668,12.0,126.50083333333336,49.5,2.02020202020202,UNDEFINEDnull,UNDEFINEDnull,exp_images/images/girl_baked_cake.jpg,IMG_15,UNDEFINEDnull,UNDEFINEDnull,UNDEFINEDnull,UNDEFINEDnull,,,,,
edf31,13,,free_viewing,,5975.0,4373.0,312.35714285714283,14.0,1049.1142857142856,746.5571428571429,4612.0,3767,4,983.0,0.8167823070251518,5975.0,1.6449999999999998,14.0,62.45285714285715,27.142857142857146,2.343096234309624,UNDEFINEDnull,UNDEFINEDnull,exp_images/images/dog_dug_hole.jpg,IMG_13,UNDEFINEDnull,UNDEFINEDnull,UNDEFINEDnull,UNDEFINEDnull,,,,,
edf31,14,,free_viewing,,5911.0,4229.0,302.07142857142856,14.0,1019.8071428571428,331.2357142857142,4371.0,4371,3,960.0,1.0,5911.0,1.2946666666666666,15.0,127.89466666666668,47.06666666666667,2.537641684994079,UNDEFINEDnull,UNDEFINEDnull,exp_images/images/artiste_drew_picture.jpg,IMG_07,UNDEFINEDnull,UNDEFINEDnull,UNDEFINEDnull,UNDEFINEDnull,,,,,
edf31,15,,free_viewing,,6070.0,4198.0,299.85714285714283,14.0,952.6142857142855,490.9714285714286,4408.0,4408,3,1078.0,1.0,6070.0,2.4219999999999997,15.0,87.34266666666666,40.13333333333333,2.4711696869851734,UNDEFINEDnull,UNDEFINEDnull,exp_images/images/driver_wash_scooter.jpg,IMG_14,UNDEFINEDnull,UNDEFINEDnull,UNDEFINEDnull,UNDEFINEDnull,,,,,
edf31,16,,free_viewing,,6082.0,4238.0,223.05263157894737,19.0,833.0894736842107,586.4842105263158,4472.0,4472,7,1090.0,1.0,6082.0,2.0642105263157893,19.0,65.04684210526315,27.36842105263158,3.123972377507399,UNDEFINEDnull,UNDEFINEDnull,exp_images/images/man_cut_shrub.jpg,IMG_04,UNDEFINEDnull,UNDEFINEDnull,UNDEFINEDnull,UNDEFINEDnull,,,,,
edf31,17,,free_viewing,,5678.0,4326.0,309.0,14.0,989.0142857142856,600.9357142857143,4484.0,4224,5,686.0,0.9420160570918824,5678.0,1.1071428571428572,14.0,79.405,36.285714285714285,2.4656569214512154,UNDEFINEDnull,UNDEFINEDnull,exp_images/images/boy_filled_bucket.jpg,IMG_09,UNDEFINEDnull,UNDEFINEDnull,UNDEFINEDnull,UNDEFINEDnull,,,,,
edf31,18,,free_viewing,,6026.0,4194.0,299.57142857142856,14.0,940.05,493.70714285714274,4319.0,4319,3,1033.0,1.0,6026.0,2.188571428571428,14.0,123.03071428571428,48.14285714285714,2.3232658479920345,UNDEFINEDnull,UNDEFINEDnull,exp_images/images/boy_opened_door.jpg,IMG_10,UNDEFINEDnull,UNDEFINEDnull,UNDEFINEDnull,UNDEFINEDnull,,,,,
edf31,19,Punjabi,sentence_audio,active,10581.0,4431.0,738.5,6.0,955.75,436.6833333333333,4744.0,4744,1,5589.0,1.0,10581.0,0.8566666666666666,6.0,152.46833333333333,41.333333333333336,0.5670541536716757,exp_images/audio\PUNJABI\letter.wav,IMG_17_P_ACT,exp_images/images/women_read_letter.jpg,IMG_17,exp_images/sentences/Letter.jpg,STIM_17,stimuli_list_subj_7_a.csv,ACT,active,agent_first,agent_overt,0.0,
edf31,2,,free_viewing,,5955.0,4311.0,431.1,10.0,1025.56,376.49,4588.0,4588,3,963.0,1.0,5955.0,1.505,10.0,139.208,40.4,1.6792611251049538,UNDEFINEDnull,UNDEFINEDnull,exp_images/images/man_pushed_box.jpg,IMG_05,UNDEFINEDnull,UNDEFINEDnull,UNDEFINEDnull,UNDEFINEDnull,,,,,
edf31,20,Punjabi,sentence_audio,active,10257.0,4057.0,312.07692307692315,13.0,935.7923076923078,500.33076923076936,4402.0,4402,3,5265.0,1.0,10257.0,1.3546153846153846,13.0,122.97461538461539,45.384615384615394,1.267427122940431,exp_images/audio\PUNJABI\bucket.wav,IMG_09_P_ACT,exp_images/images/boy_filled_bucket.jpg,IMG_09,exp_images/sentences/Bucket.jpg,STIM_09,stimuli_list_subj_7_a.csv,ACT,active,agent_first,agent_overt,0.0,
edf31,21,Punjabi,sentence_audio,active,10417.0,3503.0,318.45454545454544,11.0,925.4636363636363,544.3363636363637,3755.0,3755,5,5430.0,1.0,10417.0,2.3783333333333334,12.0,262.29833333333335,105.0,1.1519631371796102,exp_images/audio\PUNJABI\clothes.wav,IMG_06_P_ACT,exp_images/images/women_fold_clothes.jpg,IMG_06,exp_images/sentences/Folded-clothes.jpg,STIM_06,stimuli_list_subj_7_a.csv,ACT,active,agent_first,agent_overt,0.0,
edf31,22,Punjabi,sentence_audio,passive,10830.0,4404.0,1468.0,3.0,882.0,440.33333333333326,4614.0,4614,1,5838.0,1.0,10830.0,0.4033333333333333,3.0,339.97333333333336,126.0,0.2770083102493075,exp_images/audio\PUNJABI\p_door.wav,IMG_10_P_PWA,exp_images/images/boy_opened_door.jpg,IMG_10,exp_images/sentences/Closed-door-passive.jpg,STIM_28,stimuli_list_subj_7_a.csv,PWA,passive_with_agent,non_agent_first,agent_overt,1.0,0.0
edf31,23,Punjabi,sentence_audio,passive,10738.0,4056.0,213.4736842105264,19.0,788.9999999999999,455.07368421052627,4266.0,4196,7,5782.0,0.9835911861228316,10738.0,3.1854999999999998,20.0,77.29249999999998,39.8,1.8625442354255917,exp_images/audio\PUNJABI\p_lamp.wav,IMG_01_P_PWA,exp_images/images/girl_lighted_lamp.jpg,IMG_01,exp_images/sentences/Lamp-passive.jpg,STIM_19,stimuli_list_subj_7_a.csv,PWA,passive_with_agent,non_agent_first,agent_overt,1.0,0.0
edf31,24,Punjabi,sentence_audio,passive,10221.0,4213.0,702.1666666666665,6.0,915.0166666666668,473.4666666666667,4643.0,4643,5,5228.0,1.0,10221.0,2.015,6.0,75.55333333333333,58.33333333333334,0.587026709715292,exp_images/audio\PUNJABI\p_scooter.wav,IMG_14_P_PWA,exp_images/images/driver_wash_scooter.jpg,IMG_14,exp_images/sentences/Washed-scooter-passive.jpg,STIM_32,stimuli_list_subj_7_a.csv,PWA,passive_with_agent,non_agent_first,agent_overt,1.0,0.0
edf31,25,Punjabi,sentence_audio,passive_dropped_agent,11162.0,4476.0,497.33333333333326,9.0,1027.0555555555554,386.33333333333337,4637.0,4637,6,6169.0,1.0,11162.0,1.1922222222222223,9.0,106.87333333333332,39.555555555555564,0.8063071134205338,exp_images/audio\PUNJABI\p_woa_box.wav,IMG_05_P_PNA,exp_images/images/man_pushed_box.jpg,IMG_05,exp_images/sentences/Pushed-box-woa.jpg,STIM_41,stimuli_list_subj_7_a.csv,PNA,passive_dropped_agent,non_agent_first,agent_dropped,1.0,1.0
edf31,26,Punjabi,sentence_audio,passive_dropped_agent,10514.0,4302.0,268.875,16.0,1003.5875,646.8249999999998,4307.0,2886,2,5778.0,0.6700719758532622,10514.0,1.7399999999999998,16.0,96.03375,42.875,1.5217804831653037,exp_images/audio\PUNJABI\p_woa_sapling.wav,IMG_03_P_PNA,exp_images/images/girl_plant_tree.jpg,IMG_03,exp_images/sentences/Sapling-woa.jpg,STIM_39,stimuli_list_subj_7_a.csv,PNA,passive_dropped_agent,non_agent_first,agent_dropped,1.0,1.0
edf31,27,Punjabi,sentence_audio,passive_dropped_agent,10682.0,4148.0,377.09090909090907,11.0,828.6181818181817,405.24545454545466,4712.0,4712,3,5690.0,1.0,10682.0,1.568181818181818,11.0,58.55181818181818,25.45454545454545,1.0297697060475566,exp_images/audio\PUNJABI\p_woa_shrub.wav,IMG_04_P_PNA,exp_images/images/man_cut_shrub.jpg,IMG_04,exp_images/sentences/Shrub-woa.jpg,STIM_40,stimuli_list_subj_7_a.csv,PNA,passive_dropped_agent,non_agent_first,agent_dropped,1.0,1.0
edf31,28,English,sentence_audio,active,10526.0,4404.0,338.76923076923083,13.0,1011.6769230769231,708.2076923076925,4697.0,4123,3,5533.0,0.8777943368107303,10526.0,1.2715384615384615,13.0,51.28230769230768,22.76923076923077,1.2350370511115334,exp_images/audio\ENGLISH\dug.wav,IMG_13_E_ACT,exp_images/images/dog_dug_hole.jpg,IMG_13,exp_images/sentences/active_dog_hole.jpg,STIM_67,stimuli_list_subj_7_a.csv,ACT,active,agent_first,agent_overt,0.0,
edf31,29,English,sentence_audio,active,10802.0,4148.0,592.5714285714286,7.0,972.1714285714287,333.15714285714284,4457.0,4148,2,6158.0,0.9306708548350908,10802.0,1.5557142857142858,7.0,174.4285714285714,76.57142857142857,0.6480281429364932,exp_images/audio\ENGLISH\frisbee.wav,IMG_12_E_ACT,exp_images/images/child_throw_frisbee.jpg,IMG_12,exp_images/sentences/active_child_frisbee.jpg,STIM_66,stimuli_list_subj_7_a.csv,ACT,active,agent_first,agent_overt,0.0,
edf31,3,,free_viewing,,5710.0,4282.0,329.38461538461536,13.0,893.0076923076923,666.6461538461538,4586.0,3262,4,754.0,0.7112952464020933,5710.0,1.945714285714286,14.0,75.74857142857142,34.285714285714285,2.4518388791593697,UNDEFINEDnull,UNDEFINEDnull,exp_images/images/girl_fed_dog.jpg,IMG_16,UNDEFINEDnull,UNDEFINEDnull,UNDEFINEDnull,UNDEFINEDnull,,,,,
edf31,30,English,sentence_audio,active,10463.0,3809.0,317.4166666666667,12.0,1029.2333333333333,513.1833333333333,4249.0,3739,6,5472.0,0.8799717580607201,10463.0,7.714166666666667,12.0,200.96666666666667,61.83333333333334,1.1468985950492212,exp_images/audio\ENGLISH\tabla.wav,IMG_11_E_ACT,exp_images/images/child_play_tabla.jpg,IMG_11,exp_images/sentences/active_child_tabla.jpg,STIM_65,stimuli_list_subj_7_a.csv,ACT,active,agent_first,agent_overt,0.0,
edf31,31,English,sentence_audio,passive,10355.0,3823.0,1911.5,2.0,817.75,283.6,4951.0,4951,2,5362.0,1.0,10355.0,0.935,2.0,44.595,21.0,0.1931434089811685,exp_images/audio\ENGLISH\p_artist.wav,IMG_07_E_PWA,exp_images/images/artiste_drew_picture.jpg,IMG_07,exp_images/sentences/passive_artist_picture.jpg,STIM_79,stimuli_list_subj_7_a.csv,PWA,passive_with_agent,non_agent_first,agent_overt,1.0,0.0
edf31,32,English,sentence_audio,passive,10344.0,4216.0,421.6,10.0,888.54,511.98,4475.0,3781,6,5353.0,0.8449162011173185,10344.0,2.2550000000000003,10.0,203.09599999999998,51.6,0.9667440061871616,exp_images/audio\ENGLISH\p_cake.wav,IMG_15_E_PWA,exp_images/images/girl_baked_cake.jpg,IMG_15,exp_images/sentences/passive_girl_cake.jpg,STIM_87,stimuli_list_subj_7_a.csv,PWA,passive_with_agent,non_agent_first,agent_overt,1.0,0.0
edf31,33,English,sentence_audio,passive,10724.0,3852.0,385.2,10.0,1051.12,457.44,4169.0,4169,3,5733.0,1.0,10724.0,2.0780000000000003,10.0,195.638,82.2,0.9324878776575904,exp_images/audio\ENGLISH\p_window.wav,IMG_02_E_PWA,exp_images/images/girl_opened_window.jpg,IMG_02,exp_images/sentences/passive_girl_window.jpg,STIM_74,stimuli_list_subj_7_a.csv,PWA,passive_with_agent,non_agent_first,agent_overt,1.0,0.0
edf31,34,English,sentence_audio,passive_dropped_agent,10712.0,3466.0,247.57142857142856,14.0,817.7785714285716,690.7285714285715,3741.0,1987,4,5719.0,0.5311414060411654,10712.0,4.217333333333333,15.0,133.50733333333335,84.4,1.400298730395818,exp_images/audio\ENGLISH\p_woa_fed.wav,IMG_16_E_PNA,exp_images/images/girl_fed_dog.jpg,IMG_16,exp_images/sentences/noagent_girl_dog.jpg,STIM_106,stimuli_list_subj_7_a.csv,PNA,passive_dropped_agent,non_agent_first,agent_dropped,1.0,1.0
edf31,35,English,sentence_audio,passive_dropped_agent,10332.0,4150.0,319.23076923076917,13.0,925.9923076923076,703.8076923076923,4319.0,4150,5,5534.0,0.9608705718916416,10332.0,3.4107692307692314,13.0,103.97384615384615,51.846153846153854,1.2582268679829651,exp_images/audio\ENGLISH\p_woa_veg.wav,IMG_18_E_PNA,exp_images/images/boy_cut_vegetables.jpg,IMG_18,exp_images/sentences/noagent_boy_vegetables.jpg,STIM_108,stimuli_list_subj_7_a.csv,PNA,passive_dropped_agent,non_agent_first,agent_dropped,1.0,1.0
edf31,36,English,sentence_audio,passive_dropped_agent,11055.0,4173.0,321.0,13.0,848.4615384615382,435.0153846153845,4316.0,4316,5,6063.0,1.0,11055.0,1.6423076923076922,13.0,122.0553846153846,52.0,1.1759384893713252,exp_images/audio\ENGLISH\p_woa_vase.wav,IMG_08_E_PNA,exp_images/images/boy_broke_vase.jpg,IMG_08,exp_images/sentences/noagent_boy_vase.jpg,STIM_98,stimuli_list_subj_7_a.csv,PNA,passive_dropped_agent,non_agent_first,agent_dropped,1.0,1.0
edf31,4,,free_viewing,,5807.0,4261.0,236.72222222222226,18.0,810.661111111111,674.5111111111112,4510.0,3341,4,815.0,0.7407982261640799,5807.0,1.8794444444444447,18.0,61.92777777777778,26.777777777777782,3.0997072498708453,UNDEFINEDnull,UNDEFINEDnull,exp_images/images/girl_plant_tree.jpg,IMG_03,UNDEFINEDnull,UNDEFINEDnull,UNDEFINEDnull,UNDEFINEDnull,,,,,
edf31,5,,free_viewing,,5769.0,4011.0,364.6363636363636,11.0,928.5,698.490909090909,4368.0,4368,3,777.0,1.0,5769.0,1.8481818181818181,11.0,177.75272727272733,56.72727272727273,1.9067429363841217,UNDEFINEDnull,UNDEFINEDnull,exp_images/images/women_fold_clothes.jpg,IMG_06,UNDEFINEDnull,UNDEFINEDnull,UNDEFINEDnull,UNDEFINEDnull,,,,,
edf31,6,,free_viewing,,6024.0,4166.0,297.57142857142856,14.0,952.1,615.0,4472.0,4076,4,1032.0,0.9114490161001788,6024.0,1.6935714285714287,14.0,105.59142857142857,37.142857142857146,2.3240371845949537,UNDEFINEDnull,UNDEFINEDnull,exp_images/images/women_read_letter.jpg,IMG_17,UNDEFINEDnull,UNDEFINEDnull,UNDEFINEDnull,UNDEFINEDnull,,,,,
edf31,7,,free_viewing,,6006.0,4120.0,242.35294117647058,17.0,814.1352941176469,533.5176470588236,4349.0,4349,4,1013.0,1.0,6006.0,1.8747058823529408,17.0,69.43823529411765,37.882352941176464,2.8305028305028306,UNDEFINEDnull,UNDEFINEDnull,exp_images/images/girl_lighted_lamp.jpg,IMG_01,UNDEFINEDnull,UNDEFINEDnull,UNDEFINEDnull,UNDEFINEDnull,,,,,
edf31,8,,free_viewing,,5720.0,4186.0,261.625,16.0,914.8375,515.90625,4313.0,4313,3,727.0,1.0,5720.0,1.703125,16.0,105.92125,42.5,2.797202797202797,UNDEFINEDnull,UNDEFINEDnull,exp_images/images/boy_broke_vase.jpg,IMG_08,UNDEFINEDnull,UNDEFINEDnull,UNDEFINEDnull,UNDEFINEDnull,,,,,
edf31,9,,free_viewing,,5780.0,4116.0,294.0,14.0,908.2571428571428,489.9,4368.0,3138,4,1234.0,0.7184065934065934,5780.0,2.6871428571428564,14.0,111.38714285714285,44.57142857142857,2.4221453287197234,UNDEFINEDnull,UNDEFINEDnull,exp_images/images/child_throw_frisbee.jpg,IMG_12,UNDEFINEDnull,UNDEFINEDnull,UNDEFINEDnull,UNDEFINEDnull,,,,,
edf32,1,,free_viewing,,5693.0,4441.0,403.7272727272728,11.0,871.5363636363637,372.46363636363634,4652.0,4199,5,701.0,0.90262252794497,5693.0,3.0272727272727282,11.0,85.29272727272728,30.90909090909091,1.9321974354470404,UNDEFINEDnull,UNDEFINEDnull,exp_images/images/artiste_drew_picture.jpg,IMG_07,UNDEFINEDnull,UNDEFINEDnull,UNDEFINEDnull,UNDEFINEDnull,,,,,
edf32,10,,free_viewing,,6048.0,4396.0,338.15384615384613,13.0,974.3923076923076,716.4846153846155,4623.0,2078,5,1310.0,0.44949167207441054,6048.0,2.2561538461538464,13.0,72.63384615384616,28.461538461538463,2.1494708994708995,UNDEFINEDnull,UNDEFINEDnull,exp_images/images/girl_fed_dog.jpg,IMG_16,UNDEFINEDnull,UNDEFINEDnull,UNDEFINEDnull,UNDEFINEDnull,,,,,
edf32,11,,free_viewing,,6067.0,4272.0,388.3636363636364,11.0,1114.7363636363634,529.3272727272728,4464.0,4272,2,1292.0,0.956989247311828,6067.0,2.8774999999999995,12.0,117.91250000000002,45.66666666666666,1.9779133014669523,UNDEFINEDnull,UNDEFINEDnull,exp_images/images/girl_opened_window.jpg,IMG_02,UNDEFINEDnull,UNDEFINEDnull,UNDEFINEDnull,UNDEFINEDnull,,,,,
edf32,12,,free_viewing,,5995.0,4421.0,368.41666666666674,12.0,882.0166666666668,546.7916666666666,4639.0,3579,4,1252.0,0.7715024789825393,5995.0,2.5391666666666666,12.0,76.02583333333331,29.5,2.001668056713928,UNDEFINEDnull,UNDEFINEDnull,exp_images/images/child_play_tabla.jpg,IMG_11,UNDEFINEDnull,UNDEFINEDnull,UNDEFINEDnull,UNDEFINEDnull,,,,,
edf32,13,,free_viewing,,5677.0,4359.0,544.875,8.0,894.875,475.5625,4771.0,4771,6,686.0,1.0,5677.0,2.2225,8.0,77.1525,27.5,1.4091949973577595,UNDEFINEDnull,UNDEFINEDnull,exp_images/images/boy_opened_door.jpg,IMG_10,UNDEFINEDnull,UNDEFINEDnull,UNDEFINEDnull,UNDEFINEDnull,,,,,
edf32,14,,free_viewing,,6042.0,4092.0,186.0,22.0,1041.4136363636362,487.4727272727272,4242.0,2906,8,1230.0,0.6850542197076851,6042.0,3.6640909090909086,22.0,98.38227272727272,34.09090909090909,3.6411784177424695,UNDEFINEDnull,UNDEFINEDnull,exp_images/images/child_throw_frisbee.jpg,IMG_12,UNDEFINEDnull,UNDEFINEDnull,UNDEFINEDnull,UNDEFINEDnull,,,,,
edf32,15,,free_viewing,,5907.0,4359.0,272.4375,16.0,922.43125,488.9187500000001,4555.0,4555,5,914.0,1.0,5907.0,2.248125,16.0,72.6025,27.375,2.7086507533434907,UNDEFINEDnull,UNDEFINEDnull,exp_images/images/boy_broke_vase.jpg,IMG_08,UNDEFINEDnull,UNDEFINEDnull,UNDEFINEDnull,UNDEFINEDnull,,,,,
edf32,16,,free_viewing,,5799.0,4441.0,403.7272727272728,11.0,934.7,585.0909090909091,4684.0,4052,4,807.0,0.8650725875320239,5799.0,2.1372727272727268,11.0,71.3918181818182,28.0,1.896878772202104,UNDEFINEDnull,UNDEFINEDnull,exp_images/images/girl_baked_cake.jpg,IMG_15,UNDEFINEDnull,UNDEFINEDnull,UNDEFINEDnull,UNDEFINEDnull,,,,,
edf32,17,,free_viewing,,5910.0,4204.0,221.26315789473685,19.0,866.3894736842103,526.0631578947368,4430.0,4192,5,918.0,0.94627539503386,5910.0,2.5826315789473684,19.0,76.57368421052631,29.578947368421048,3.214890016920473,UNDEFINEDnull,UNDEFINEDnull,exp_images/images/girl_lighted_lamp.jpg,IMG_01,UNDEFINEDnull,UNDEFINEDnull,UNDEFINEDnull,UNDEFINEDnull,,,,,
edf32,18,,free_viewing,,5765.0,4167.0,277.8,15.0,935.8333333333333,583.2666666666668,4367.0,3595,5,940.0,0.8232196015571329,5765.0,2.7700000000000005,16.0,126.27875,41.625,2.7753686036426712,UNDEFINEDnull,UNDEFINEDnull,exp_images/images/girl_plant_tree.jpg,IMG_03,UNDEFINEDnull,UNDEFINEDnull,UNDEFINEDnull,UNDEFINEDnull,,,,,
edf32,19,Punjabi,sentence_audio,passive,10850.0,4272.0,854.4,5.0,1017.48,495.28,4858.0,4858,3,5858.0,1.0,10850.0,2.0520000000000005,5.0,67.458,26.8,0.4608294930875576,exp_images/audio\PUNJABI\p_letter.wav,IMG_17_P_PWA,exp_images/images/women_read_letter.jpg,IMG_17,exp_images/sentences/Letter-passive.jpg,STIM_35,stimuli_list_subj_8_a.csv,PWA,passive_with_agent,non_agent_first,agent_overt,1.0,0.0
edf32,2,,free_viewing,,5930.0,4320.0,332.3076923076923,13.0,980.9692307692306,674.8000000000002,4566.0,4400,3,938.0,0.9636443276390714,5930.0,3.3669230769230767,13.0,87.33538461538461,32.769230769230774,2.1922428330522767,UNDEFINEDnull,UNDEFINEDnull,exp_images/images/driver_wash_scooter.jpg,IMG_14,UNDEFINEDnull,UNDEFINEDnull,UNDEFINEDnull,UNDEFINEDnull,,,,,
edf32,20,Punjabi,sentence_audio,passive,10261.0,4563.0,570.375,8.0,967.125,459.6375000000001,4775.0,4775,5,5268.0,1.0,10261.0,1.97875,8.0,66.45625000000001,27.25,0.7796511061300069,exp_images/audio\PUNJABI\p_bucket.wav,IMG_09_P_PWA,exp_images/images/boy_filled_bucket.jpg,IMG_09,exp_images/sentences/Bucket-passive.jpg,STIM_27,stimuli_list_subj_8_a.csv,PWA,passive_with_agent,non_agent_first,agent_overt,1.0,0.0
edf32,21,Punjabi,sentence_audio,passive,10448.0,4476.0,406.9090909090909,11.0,937.1818181818179,652.8909090909093,4512.0,4512,3,5456.0,1.0,10448.0,2.1981818181818182,11.0,144.93727272727267,43.63636363636363,1.052833078101072,exp_images/audio\PUNJABI\p_clothes.wav,IMG_06_P_PWA,exp_images/images/women_fold_clothes.jpg,IMG_06,exp_images/sentences/Folded-clothes-passive.jpg,STIM_24,stimuli_list_subj_8_a.csv,PWA,passive_with_agent,non_agent_first,agent_overt,1.0,0.0
edf32,22,Punjabi,sentence_audio,passive_dropped_agent,10434.0,4070.0,254.375,16.0,982.9375,500.125,4275.0,4275,5,5441.0,1.0,10434.0,3.0656250000000003,16.0,122.795,44.875,1.5334483419589804,exp_images/audio\PUNJABI\p_woa_door.wav,IMG_10_P_PNA,exp_images/images/boy_opened_door.jpg,IMG_10,exp_images/sentences/Closed-door-woa.jpg,STIM_46,stimuli_list_subj_8_a.csv,PNA,passive_dropped_agent,non_agent_first,agent_dropped,1.0,1.0
edf32,23,Punjabi,sentence_audio,passive_dropped_agent,10511.0,4159.0,259.9375,16.0,812.9375,635.2937499999998,4354.0,4354,4,5519.0,1.0,10511.0,2.9918750000000003,16.0,115.80875000000002,39.875,1.5222148225668348,exp_images/audio\PUNJABI\p_woa_lamp.wav,IMG_01_P_PNA,exp_images/images/girl_lighted_lamp.jpg,IMG_01,exp_images/sentences/Lamp-woa.jpg,STIM_37,stimuli_list_subj_8_a.csv,PNA,passive_dropped_agent,non_agent_first,agent_dropped,1.0,1.0
edf32,24,Punjabi,sentence_audio,passive_dropped_agent,10516.0,4234.0,222.84210526315792,19.0,1046.1473684210523,663.7736842105263,4270.0,4116,3,5746.0,0.9639344262295082,10516.0,2.8715789473684215,19.0,103.79684210526315,38.0,1.806770635222518,exp_images/audio\PUNJABI\p_woa_scooter.wav,IMG_14_P_PNA,exp_images/images/driver_wash_scooter.jpg,IMG_14,exp_images/sentences/Washed-scooter-woa.jpg,STIM_50,stimuli_list_subj_8_a.csv,PNA,passive_dropped_agent,non_agent_first,agent_dropped,1.0,1.0
edf32,25,English,sentence_audio,active,10778.0,4096.0,273.06666666666666,15.0,1029.0466666666666,469.1933333333334,4546.0,4238,7,5786.0,0.9322481302243729,10778.0,2.582,15.0,78.07400000000001,29.73333333333333,1.3917238819818147,exp_images/audio\ENGLISH\box.wav,IMG_05_E_ACT,exp_images/images/man_pushed_box.jpg,IMG_05,exp_images/sentences/active_man_box.jpg,STIM_59,stimuli_list_subj_8_a.csv,ACT,active,agent_first,agent_overt,0.0,
edf32,26,English,sentence_audio,active,10499.0,4083.0,255.1875,16.0,827.19375,679.2062500000002,4265.0,3923,5,5506.0,0.9198124267291912,10499.0,2.9912499999999995,16.0,128.80875,45.5,1.523954662348795,exp_images/audio\ENGLISH\sapling.wav,IMG_03_E_ACT,exp_images/images/girl_plant_tree.jpg,IMG_03,exp_images/sentences/active_girl_sapling.jpg,STIM_57,stimuli_list_subj_8_a.csv,ACT,active,agent_first,agent_overt,0.0,
edf32,27,English,sentence_audio,active,10718.0,4264.0,328.0,13.0,832.1461538461538,510.80000000000007,4493.0,4493,3,5725.0,1.0,10718.0,2.296153846153845,13.0,96.14307692307692,38.46153846153846,1.2129128568762828,exp_images/audio\ENGLISH\shrub.wav,IMG_04_E_ACT,exp_images/images/man_cut_shrub.jpg,IMG_04,exp_images/sentences/active_man_shrub.jpg,STIM_58,stimuli_list_subj_8_a.csv,ACT,active,agent_first,agent_overt,0.0,
edf32,28,English,sentence_audio,passive,10374.0,4298.0,286.53333333333336,15.0,939.14,718.76,4508.0,4014,4,5382.0,0.8904170363797693,10374.0,2.60625,16.0,78.761875,31.375,1.542317331791016,exp_images/audio\ENGLISH\p_dug.wav,IMG_13_E_PWA,exp_images/images/dog_dug_hole.jpg,IMG_13,exp_images/sentences/passive_dog_hole.jpg,STIM_85,stimuli_list_subj_8_a.csv,PWA,passive_with_agent,non_agent_first,agent_overt,1.0,0.0
edf32,29,English,sentence_audio,passive,10851.0,4299.0,537.375,8.0,913.475,479.9125,4528.0,3781,4,6260.0,0.8350265017667845,10851.0,4.23,8.0,105.5475,58.0,0.7372592387798359,exp_images/audio\ENGLISH\p_frisbee.wav,IMG_12_E_PWA,exp_images/images/child_throw_frisbee.jpg,IMG_12,exp_images/sentences/passive_child_frisbee.jpg,STIM_84,stimuli_list_subj_8_a.csv,PWA,passive_with_agent,non_agent_first,agent_overt,1.0,0.0
edf32,3,,free_viewing,,5935.0,4321.0,270.0625,16.0,963.71875,496.94375,4551.0,4197,5,944.0,0.922214897824654,5935.0,2.138125,16.0,68.739375,27.5,2.695871946082561,UNDEFINEDnull,UNDEFINEDnull,exp_images/images/boy_filled_bucket.jpg,IMG_09,UNDEFINEDnull,UNDEFINEDnull,UNDEFINEDnull,UNDEFINEDnull,,,,,
edf32,30,English,sentence_audio,passive,10758.0,4426.0,368.83333333333326,12.0,790.1250000000001,553.0083333333333,4646.0,4426,3,6020.0,0.9526474386569092,10758.0,2.2575,12.0,72.2575,28.83333333333333,1.1154489682097044,exp_images/audio\ENGLISH\p_tabla.wav,IMG_11_E_PWA,exp_images/images/child_play_tabla.jpg,IMG_11,exp_images/sentences/passive_child_tabla.jpg,STIM_83,stimuli_list_subj_8_a.csv,PWA,passive_with_agent,non_agent_first,agent_overt,1.0,0.0
edf32,31,English,sentence_audio,passive_dropped_agent,10375.0,4281.0,251.82352941176467,17.0,912.164705882353,425.6588235294117,4445.0,4139,5,5382.0,0.9311586051743532,10375.0,3.2352941176470584,17.0,83.18117647058824,32.23529411764706,1.6385542168674698,exp_images/audio\ENGLISH\p_woa_draw.wav,IMG_07_E_PNA,exp_images/images/artiste_drew_picture.jpg,IMG_07,exp_images/sentences/noagent_artist_picture.jpg,STIM_97,stimuli_list_subj_8_a.csv,PNA,passive_dropped_agent,non_agent_first,agent_dropped,1.0,1.0
edf32,32,English,sentence_audio,passive_dropped_agent,10265.0,4127.0,375.1818181818182,11.0,949.2909090909088,599.6363636363636,4401.0,3499,5,5272.0,0.7950465803226541,10265.0,2.7790909090909093,11.0,140.44545454545454,53.81818181818182,1.071602532878714,exp_images/audio\ENGLISH\p_woa_cake.wav,IMG_15_E_PNA,exp_images/images/girl_baked_cake.jpg,IMG_15,exp_images/sentences/noagent_girl_cake.jpg,STIM_105,stimuli_list_subj_8_a.csv,PNA,passive_dropped_agent,non_agent_first,agent_dropped,1.0,1.0
edf32,33,English,sentence_audio,passive_dropped_agent,10642.0,4202.0,420.2,10.0,1107.07,406.14,4497.0,4074,4,5968.0,0.9059372915276852,10642.0,2.374,10.0,161.964,49.6,0.9396729937981584,exp_images/audio\ENGLISH\p_woa_window.wav,IMG_02_E_PNA,exp_images/images/girl_opened_window.jpg,IMG_02,exp_images/sentences/noagent_girl_window.jpg,STIM_92,stimuli_list_subj_8_a.csv,PNA,passive_dropped_agent,non_agent_first,agent_dropped,1.0,1.0
edf32,34,Punjabi,sentence_audio,active,10350.0,4052.0,368.3636363636364,11.0,833.9545454545455,692.0636363636363,4287.0,1997,3,5357.0,0.4658269185910893,10350.0,2.9799999999999995,11.0,154.6258333333334,60.0,1.0628019323671498,exp_images/audio\PUNJABI\fed.wav,IMG_16_P_ACT,exp_images/images/girl_fed_dog.jpg,IMG_16,exp_images/sentences/Fed-dog.jpg,STIM_16,stimuli_list_subj_8_a.csv,ACT,active,agent_first,agent_overt,0.0,
edf32,35,Punjabi,sentence_audio,active,11090.0,3948.0,564.0,7.0,940.3857142857142,843.1285714285713,4815.0,4815,1,6097.0,1.0,11090.0,1.7357142857142855,7.0,63.59285714285714,25.42857142857143,0.6311992786293958,exp_images/audio\PUNJABI\veg.wav,IMG_18_P_ACT,exp_images/images/boy_cut_vegetables.jpg,IMG_18,exp_images/sentences/Veg.jpg,STIM_18,stimuli_list_subj_8_a.csv,ACT,active,agent_first,agent_overt,0.0,
edf32,36,Punjabi,sentence_audio,active,10979.0,4163.0,320.23076923076917,13.0,813.2846153846153,468.8615384615384,4482.0,4078,5,5987.0,0.9098616688978136,10979.0,2.470769230769231,13.0,96.26615384615386,39.230769230769226,1.1840786956917753,exp_images/audio\PUNJABI\vase.wav,IMG_08_P_ACT,exp_images/images/boy_broke_vase.jpg,IMG_08,exp_images/sentences/Vase.jpg,STIM_08,stimuli_list_subj_8_a.csv,ACT,active,agent_first,agent_overt,0.0,
edf32,4,,free_viewing,,5874.0,4268.0,284.53333333333336,15.0,919.3933333333333,589.2733333333333,4526.0,4526,6,882.0,1.0,5874.0,3.022,15.0,88.43400000000003,31.066666666666666,2.5536261491317678,UNDEFINEDnull,UNDEFINEDnull,exp_images/images/man_cut_shrub.jpg,IMG_04,UNDEFINEDnull,UNDEFINEDnull,UNDEFINEDnull,UNDEFINEDnull,,,,,
edf32,5,,free_viewing,,5704.0,4444.0,404.0,11.0,966.3454545454547,758.4818181818181,4645.0,4645,4,711.0,1.0,5704.0,3.2381818181818183,11.0,86.16272727272727,31.63636363636364,1.9284712482468445,UNDEFINEDnull,UNDEFINEDnull,exp_images/images/boy_cut_vegetables.jpg,IMG_18,UNDEFINEDnull,UNDEFINEDnull,UNDEFINEDnull,UNDEFINEDnull,,,,,
edf32,6,,free_viewing,,6060.0,4216.0,301.14285714285717,14.0,914.1714285714287,681.6357142857142,4442.0,4176,4,1068.0,0.940117064385412,6060.0,2.07,14.0,125.9292857142857,39.285714285714285,2.31023102310231,UNDEFINEDnull,UNDEFINEDnull,exp_images/images/dog_dug_hole.jpg,IMG_13,UNDEFINEDnull,UNDEFINEDnull,UNDEFINEDnull,UNDEFINEDnull,,,,,
edf32,7,,free_viewing,,6007.0,4361.0,363.41666666666674,12.0,972.5666666666666,458.10833333333335,4645.0,4327,3,1014.0,0.9315392895586652,6007.0,2.585833333333333,12.0,76.67083333333333,29.0,1.9976693857166643,UNDEFINEDnull,UNDEFINEDnull,exp_images/images/man_pushed_box.jpg,IMG_05,UNDEFINEDnull,UNDEFINEDnull,UNDEFINEDnull,UNDEFINEDnull,,,,,
edf32,8,,free_viewing,,5706.0,4112.0,216.421052631579,19.0,988.0578947368421,653.9263157894737,4406.0,4152,7,714.0,0.9423513390830686,5706.0,2.755,20.0,83.06199999999998,30.2,3.5050823694356814,UNDEFINEDnull,UNDEFINEDnull,exp_images/images/women_read_letter.jpg,IMG_17,UNDEFINEDnull,UNDEFINEDnull,UNDEFINEDnull,UNDEFINEDnull,,,,,
edf32,9,,free_viewing,,6050.0,4500.0,642.8571428571429,7.0,935.2714285714284,605.9285714285714,4769.0,4769,3,1057.0,1.0,6050.0,2.31625,8.0,70.37374999999999,29.5,1.3223140495867771,UNDEFINEDnull,UNDEFINEDnull,exp_images/images/women_fold_clothes.jpg,IMG_06,UNDEFINEDnull,UNDEFINEDnull,UNDEFINEDnull,UNDEFINEDnull,,,,,
edf33,1,,free_viewing,,6025.0,4259.0,283.93333333333334,15.0,1004.26,441.92,4479.0,3547,4,1496.0,0.7919178388033044,6025.0,3.068,15.0,85.08600000000001,34.4,2.489626556016597,UNDEFINEDnull,UNDEFINEDnull,exp_images/images/child_throw_frisbee.jpg,IMG_12,UNDEFINEDnull,UNDEFINEDnull,UNDEFINEDnull,UNDEFINEDnull,,,,,
edf33,10,,free_viewing,,6080.0,4210.0,382.7272727272728,11.0,935.8909090909093,446.77272727272725,4462.0,4462,5,1088.0,1.0,6080.0,3.079090909090909,11.0,92.48545454545454,48.18181818181818,1.8092105263157892,UNDEFINEDnull,UNDEFINEDnull,exp_images/images/driver_wash_scooter.jpg,IMG_14,UNDEFINEDnull,UNDEFINEDnull,UNDEFINEDnull,UNDEFINEDnull,,,,,
edf33,11,,free_viewing,,6125.0,3753.0,312.75,12.0,871.0083333333333,554.8166666666667,3999.0,3999,7,1132.0,1.0,6125.0,4.762499999999998,12.0,114.87416666666664,82.83333333333333,1.959183673469388,UNDEFINEDnull,UNDEFINEDnull,exp_images/images/man_cut_shrub.jpg,IMG_04,UNDEFINEDnull,UNDEFINEDnull,UNDEFINEDnull,UNDEFINEDnull,,,,,
edf33,12,,free_viewing,,5943.0,4155.0,296.7857142857143,14.0,851.6428571428571,382.95714285714286,4385.0,4093,4,950.0,0.9334093500570124,5943.0,2.4914285714285715,14.0,78.9092857142857,43.42857142857143,2.3557126030624267,UNDEFINEDnull,UNDEFINEDnull,exp_images/images/artiste_drew_picture.jpg,IMG_07,UNDEFINEDnull,UNDEFINEDnull,UNDEFINEDnull,UNDEFINEDnull,,,,,
edf33,13,,free_viewing,,5908.0,4100.0,512.5,8.0,877.1,434.4,4336.0,4336,3,916.0,1.0,5908.0,1.97,8.0,104.6725,82.0,1.3540961408259986,UNDEFINEDnull,UNDEFINEDnull,exp_images/images/boy_broke_vase.jpg,IMG_08,UNDEFINEDnull,UNDEFINEDnull,UNDEFINEDnull,UNDEFINEDnull,,,,,
edf33,14,,free_viewing,,5938.0,4400.0,366.66666666666674,12.0,1134.3916666666667,474.23333333333335,4648.0,4442,3,946.0,0.9556798623063684,5938.0,2.1966666666666668,12.0,69.625,28.66666666666667,2.020882452004042,UNDEFINEDnull,UNDEFINEDnull,exp_images/images/girl_opened_window.jpg,IMG_02,UNDEFINEDnull,UNDEFINEDnull,UNDEFINEDnull,UNDEFINEDnull,,,,,
edf33,15,,free_viewing,,5676.0,3918.0,391.8,10.0,981.08,504.12,4193.0,3068,4,1142.0,0.7316956832816599,5676.0,2.95,11.0,100.58636363636364,74.54545454545455,1.937984496124031,UNDEFINEDnull,UNDEFINEDnull,exp_images/images/women_fold_clothes.jpg,IMG_06,UNDEFINEDnull,UNDEFINEDnull,UNDEFINEDnull,UNDEFINEDnull,,,,,
edf33,16,,free_viewing,,6084.0,3806.0,292.76923076923083,13.0,903.0153846153846,540.6230769230771,4066.0,4066,7,1092.0,1.0,6084.0,4.266153846153847,13.0,110.3623076923077,71.23076923076924,2.1367521367521367,UNDEFINEDnull,UNDEFINEDnull,exp_images/images/girl_lighted_lamp.jpg,IMG_01,UNDEFINEDnull,UNDEFINEDnull,UNDEFINEDnull,UNDEFINEDnull,,,,,
edf33,17,,free_viewing,,5771.0,4377.0,364.75,12.0,978.0583333333333,564.6666666666666,4411.0,3965,4,778.0,0.8988891407844026,5771.0,2.8416666666666663,12.0,85.0975,48.5,2.0793623288858085,UNDEFINEDnull,UNDEFINEDnull,exp_images/images/boy_cut_vegetables.jpg,IMG_18,UNDEFINEDnull,UNDEFINEDnull,UNDEFINEDnull,UNDEFINEDnull,,,,,
edf33,18,,free_viewing,,5639.0,3753.0,312.75,12.0,947.4916666666667,637.975,3933.0,2789,5,646.0,0.7091278921942538,5639.0,2.5033333333333334,12.0,110.455,88.33333333333331,2.12803688597269,UNDEFINEDnull,UNDEFINEDnull,exp_images/images/dog_dug_hole.jpg,IMG_13,UNDEFINEDnull,UNDEFINEDnull,UNDEFINEDnull,UNDEFINEDnull,,,,,
edf33,19,Punjabi,sentence_audio,passive_dropped_agent,10383.0,4242.0,471.33333333333326,9.0,1002.1555555555556,581.8555555555555,4531.0,4242,6,5842.0,0.936217170602516,10383.0,2.998,10.0,103.642,48.0,0.9631127805065974,exp_images/audio\PUNJABI\p_woa_letter.wav,IMG_17_P_PNA,exp_images/images/women_read_letter.jpg,IMG_17,exp_images/sentences/Letter-woa.jpg,STIM_53,stimuli_list_subj_9_a.csv,PNA,passive_dropped_agent,non_agent_first,agent_dropped,1.0,1.0
edf33,2,,free_viewing,,5665.0,4403.0,366.91666666666674,12.0,986.5416666666665,435.05,4602.0,4602,4,673.0,1.0,5665.0,2.845,12.0,82.44749999999998,32.5,2.118270079435128,UNDEFINEDnull,UNDEFINEDnull,exp_images/images/man_pushed_box.jpg,IMG_05,UNDEFINEDnull,UNDEFINEDnull,UNDEFINEDnull,UNDEFINEDnull,,,,,
edf33,20,Punjabi,sentence_audio,passive_dropped_agent,10546.0,4434.0,739.0,6.0,958.9833333333336,504.55,4648.0,4446,3,5554.0,0.9565404475043028,10546.0,1.5816666666666668,6.0,88.77166666666666,57.33333333333334,0.5689360895126114,exp_images/audio\PUNJABI\p_woa_tub.wav,IMG_09_P_PNA,exp_images/images/boy_filled_bucket.jpg,IMG_09,exp_images/sentences/Bucket-woa.jpg,STIM_45,stimuli_list_subj_9_a.csv,PNA,passive_dropped_agent,non_agent_first,agent_dropped,1.0,1.0
edf33,21,Punjabi,sentence_audio,passive_dropped_agent,11128.0,4218.0,468.66666666666674,9.0,949.3666666666667,562.3444444444443,4502.0,4502,5,6136.0,1.0,11128.0,4.011111111111111,9.0,104.24555555555555,54.444444444444436,0.8087706685837527,exp_images/audio\PUNJABI\p_woa_clothes.wav,IMG_06_P_PNA,exp_images/images/women_fold_clothes.jpg,IMG_06,exp_images/sentences/Folded-clothes-woa.jpg,STIM_42,stimuli_list_subj_9_a.csv,PNA,passive_dropped_agent,non_agent_first,agent_dropped,1.0,1.0
edf33,22,English,sentence_audio,active,10887.0,4361.0,484.5555555555555,9.0,935.6333333333334,452.3444444444446,4590.0,4590,5,5895.0,1.0,10887.0,1.5344444444444445,9.0,76.35555555555554,44.66666666666666,0.8266740148801323,exp_images/audio\ENGLISH\door.wav,IMG_10_E_ACT,exp_images/images/boy_opened_door.jpg,IMG_10,exp_images/sentences/active_boy_door.jpg,STIM_64,stimuli_list_subj_9_a.csv,ACT,active,agent_first,agent_overt,0.0,
edf33,23,English,sentence_audio,active,10708.0,4592.0,918.4,5.0,912.0,424.74,4828.0,2274,4,5716.0,0.4710024855012427,10708.0,2.822,5.0,84.88199999999998,32.8,0.4669406051550243,exp_images/audio\ENGLISH\lamp.wav,IMG_01_E_ACT,exp_images/images/girl_lighted_lamp.jpg,IMG_01,exp_images/sentences/active_girl_lamp.jpg,STIM_55,stimuli_list_subj_9_a.csv,ACT,active,agent_first,agent_overt,0.0,
edf33,24,English,sentence_audio,active,10273.0,4146.0,296.14285714285717,14.0,947.6142857142858,475.6785714285714,4207.0,4207,5,5281.0,1.0,10273.0,3.278666666666666,15.0,101.90799999999999,53.6,1.4601382264187677,exp_images/audio\ENGLISH\scooter.wav,IMG_14_E_ACT,exp_images/images/driver_wash_scooter.jpg,IMG_14,exp_images/sentences/active_driver_scooter.jpg,STIM_68,stimuli_list_subj_9_a.csv,ACT,active,agent_first,agent_overt,0.0,
edf33,25,English,sentence_audio,passive,10324.0,4214.0,301.0,14.0,973.3785714285716,425.55000000000007,4246.0,3572,7,5332.0,0.8412623645784267,10324.0,2.09,14.0,85.94285714285714,53.28571428571429,1.3560635412630764,exp_images/audio\ENGLISH\p_box.wav,IMG_05_E_PWA,exp_images/images/man_pushed_box.jpg,IMG_05,exp_images/sentences/passive_man_box.jpg,STIM_77,stimuli_list_subj_9_a.csv,PWA,passive_with_agent,non_agent_first,agent_overt,1.0,0.0
edf33,26,English,sentence_audio,passive,10566.0,4188.0,465.33333333333326,9.0,837.5555555555555,538.9555555555555,4452.0,4452,7,5574.0,1.0,10566.0,4.422222222222222,9.0,102.53777777777779,60.0,0.8517887563884157,exp_images/audio\ENGLISH\p_sapling.wav,IMG_03_E_PWA,exp_images/images/girl_plant_tree.jpg,IMG_03,exp_images/sentences/passive_girl_sapling.jpg,STIM_75,stimuli_list_subj_9_a.csv,PWA,passive_with_agent,non_agent_first,agent_overt,1.0,0.0
edf33,27,English,sentence_audio,passive,10787.0,4047.0,269.8,15.0,838.9333333333333,415.54,4289.0,4289,4,5794.0,1.0,10787.0,1.920666666666667,15.0,78.27266666666667,46.93333333333333,1.3905627143784185,exp_images/audio\ENGLISH\p_shrub.wav,IMG_04_E_PWA,exp_images/images/man_cut_shrub.jpg,IMG_04,exp_images/sentences/passive_man_shrub.jpg,STIM_76,stimuli_list_subj_9_a.csv,PWA,passive_with_agent,non_agent_first,agent_overt,1.0,0.0
edf33,28,English,sentence_audio,passive_dropped_agent,11116.0,4338.0,271.125,16.0,978.6875,694.425,4507.0,4099,6,6123.0,0.9094741513201686,11116.0,2.29125,16.0,72.226875,30.375,1.439366678661389,exp_images/audio\ENGLISH\p_woa_dug.wav,IMG_13_E_PNA,exp_images/images/dog_dug_hole.jpg,IMG_13,exp_images/sentences/noagent_dog_hole.jpg,STIM_103,stimuli_list_subj_9_a.csv,PNA,passive_dropped_agent,non_agent_first,agent_dropped,1.0,1.0
edf33,29,English,sentence_audio,passive_dropped_agent,10694.0,4000.0,307.6923076923077,13.0,986.0615384615387,327.8384615384616,4207.0,3832,7,5940.0,0.9108628476348942,10694.0,3.5476923076923077,13.0,106.14461538461538,60.46153846153846,1.215634935477838,exp_images/audio\ENGLISH\p_woa_frisbee.wav,IMG_12_E_PNA,exp_images/images/child_throw_frisbee.jpg,IMG_12,exp_images/sentences/noagent_child_frisbee.jpg,STIM_102,stimuli_list_subj_9_a.csv,PNA,passive_dropped_agent,non_agent_first,agent_dropped,1.0,1.0
edf33,3,,free_viewing,,5804.0,4196.0,466.22222222222223,9.0,904.6333333333333,426.6222222222222,4508.0,3758,4,1156.0,0.8336291038154392,5804.0,3.27,9.0,97.54888888888887,53.77777777777778,1.5506547208821502,UNDEFINEDnull,UNDEFINEDnull,exp_images/images/child_play_tabla.jpg,IMG_11,UNDEFINEDnull,UNDEFINEDnull,UNDEFINEDnull,UNDEFINEDnull,,,,,
edf33,30,English,sentence_audio,passive_dropped_agent,10871.0,4595.0,919.0,5.0,894.1,446.16,4647.0,4595,3,5966.0,0.9888099849365182,10871.0,4.208,5.0,108.012,69.2,0.4599392880139822,exp_images/audio\ENGLISH\p_woa_tabla.wav,IMG_11_E_PNA,exp_images/images/child_play_tabla.jpg,IMG_11,exp_images/sentences/noagent_child_tabla.jpg,STIM_101,stimuli_list_subj_9_a.csv,PNA,passive_dropped_agent,non_agent_first,agent_dropped,1.0,1.0
edf33,31,Punjabi,sentence_audio,active,10628.0,4084.0,371.27272727272725,11.0,909.7,380.58181818181816,4312.0,4312,6,5636.0,1.0,10628.0,3.4909090909090907,11.0,105.54454545454546,61.81818181818182,1.0350018818216034,exp_images/audio\PUNJABI\picture.wav,IMG_07_P_ACT,exp_images/images/artiste_drew_picture.jpg,IMG_07,exp_images/sentences/Painting.jpg,STIM_07,stimuli_list_subj_9_a.csv,ACT,active,agent_first,agent_overt,0.0,
edf33,32,Punjabi,sentence_audio,active,11112.0,3914.0,326.1666666666667,12.0,909.0416666666667,480.7166666666666,4094.0,3216,6,6120.0,0.7855398143624817,11112.0,2.12,12.0,103.525,74.83333333333333,1.079913606911447,exp_images/audio\PUNJABI\cake.wav,IMG_15_P_ACT,exp_images/images/girl_baked_cake.jpg,IMG_15,exp_images/sentences/Cake.jpg,STIM_15,stimuli_list_subj_9_a.csv,ACT,active,agent_first,agent_overt,0.0,
edf33,33,Punjabi,sentence_audio,active,10919.0,3983.0,234.29411764705884,17.0,1063.2941176470588,449.57058823529417,4176.0,3779,6,6142.0,0.9049329501915708,10919.0,2.554117647058824,17.0,90.45294117647059,48.0,1.5569191317886253,exp_images/audio\PUNJABI\window.wav,IMG_02_P_ACT,exp_images/images/girl_opened_window.jpg,IMG_02,exp_images/sentences/Window.jpg,STIM_02,stimuli_list_subj_9_a.csv,ACT,active,agent_first,agent_overt,0.0,
edf33,34,Punjabi,sentence_audio,passive,10993.0,4521.0,502.33333333333326,9.0,880.8333333333333,616.9333333333334,4730.0,3708,4,6236.0,0.7839323467230443,10993.0,2.28,9.0,76.34333333333333,29.11111111111111,0.8187028108796507,exp_images/audio\PUNJABI\p_fed.wav,IMG_16_P_PWA,exp_images/images/girl_fed_dog.jpg,IMG_16,exp_images/sentences/Fed-dog-passive.jpg,STIM_34,stimuli_list_subj_9_a.csv,PWA,passive_with_agent,non_agent_first,agent_overt,1.0,0.0
edf33,35,Punjabi,sentence_audio,passive,10179.0,3965.0,305.0,13.0,957.7769230769233,634.4000000000002,4284.0,4284,4,5187.0,1.0,10179.0,2.2153846153846155,13.0,84.63153846153847,54.46153846153846,1.277139208173691,exp_images/audio\PUNJABI\p_veg.wav,IMG_18_P_PWA,exp_images/images/boy_cut_vegetables.jpg,IMG_18,exp_images/sentences/Veg-passive.jpg,STIM_36,stimuli_list_subj_9_a.csv,PWA,passive_with_agent,non_agent_first,agent_overt,1.0,0.0
edf33,36,Punjabi,sentence_audio,passive,10853.0,3775.0,314.5833333333333,12.0,812.75,395.16666666666674,4537.0,4537,5,5860.0,1.0,10853.0,1.7891666666666666,12.0,74.86416666666666,38.0,1.1056850640375933,exp_images/audio\PUNJABI\p_vase.wav,IMG_08_P_PWA,exp_images/images/boy_broke_vase.jpg,IMG_08,exp_images/sentences/Vase-passive.jpg,STIM_26,stimuli_list_subj_9_a.csv,PWA,passive_with_agent,non_agent_first,agent_overt,1.0,0.0
edf33,4,,free_viewing,,5859.0,4212.0,351.0,12.0,1011.2833333333334,487.5083333333334,4426.0,4426,6,866.0,1.0,5859.0,2.433076923076923,13.0,78.66230769230769,45.07692307692307,2.218808670421573,UNDEFINEDnull,UNDEFINEDnull,exp_images/images/boy_filled_bucket.jpg,IMG_09,UNDEFINEDnull,UNDEFINEDnull,UNDEFINEDnull,UNDEFINEDnull,,,,,
edf33,5,,free_viewing,,5797.0,4338.0,394.3636363636364,11.0,965.3090909090907,542.9,4607.0,3827,5,805.0,0.8306924245713045,5797.0,3.4627272727272724,11.0,95.65636363636364,35.09090909090909,1.89753320683112,UNDEFINEDnull,UNDEFINEDnull,exp_images/images/girl_plant_tree.jpg,IMG_03,UNDEFINEDnull,UNDEFINEDnull,UNDEFINEDnull,UNDEFINEDnull,,,,,
edf33,6,,free_viewing,,5939.0,4393.0,366.08333333333326,12.0,919.875,499.52500000000015,4627.0,3033,5,946.0,0.6555003241841366,5939.0,2.4291666666666667,12.0,78.03833333333333,30.5,2.0205421788179834,UNDEFINEDnull,UNDEFINEDnull,exp_images/images/girl_baked_cake.jpg,IMG_15,UNDEFINEDnull,UNDEFINEDnull,UNDEFINEDnull,UNDEFINEDnull,,,,,
edf33,7,,free_viewing,,5873.0,4297.0,429.7,10.0,906.75,524.73,4504.0,4504,5,881.0,1.0,5873.0,2.22,10.0,81.334,48.8,1.7027073046143368,UNDEFINEDnull,UNDEFINEDnull,exp_images/images/boy_opened_door.jpg,IMG_10,UNDEFINEDnull,UNDEFINEDnull,UNDEFINEDnull,UNDEFINEDnull,,,,,
edf33,8,,free_viewing,,5757.0,4049.0,368.09090909090907,11.0,872.8818181818183,687.9909090909091,4308.0,1876,4,1052.0,0.43546889507892295,5757.0,3.158181818181818,11.0,103.08363636363636,62.18181818181818,1.9107173875282264,UNDEFINEDnull,UNDEFINEDnull,exp_images/images/girl_fed_dog.jpg,IMG_16,UNDEFINEDnull,UNDEFINEDnull,UNDEFINEDnull,UNDEFINEDnull,,,,,
edf33,9,,free_viewing,,5719.0,4409.0,440.9,10.0,1037.75,533.1600000000002,4481.0,4481,5,726.0,1.0,5719.0,2.852,10.0,82.93700000000003,51.2,1.7485574401119075,UNDEFINEDnull,UNDEFINEDnull,exp_images/images/women_read_letter.jpg,IMG_17,UNDEFINEDnull,UNDEFINEDnull,UNDEFINEDnull,UNDEFINEDnull,,,,,
edf34,1,,free_viewing,,6027.0,4091.0,292.2142857142857,14.0,907.0714285714287,487.31428571428575,4221.0,4019,10,1036.0,0.9521440416962804,6027.0,2.6342857142857143,14.0,112.06714285714285,55.0,2.3228803716608595,UNDEFINEDnull,UNDEFINEDnull,exp_images/images/girl_baked_cake.jpg,IMG_15,UNDEFINEDnull,UNDEFINEDnull,UNDEFINEDnull,UNDEFINEDnull,,,,,
edf34,10,,free_viewing,,5780.0,3764.0,198.10526315789474,19.0,925.3631578947368,520.0473684210526,3953.0,2402,7,1008.0,0.6076397672653681,5780.0,3.172105263157895,19.0,115.41263157894736,54.73684210526316,3.2871972318339098,UNDEFINEDnull,UNDEFINEDnull,exp_images/images/child_play_tabla.jpg,IMG_11,UNDEFINEDnull,UNDEFINEDnull,UNDEFINEDnull,UNDEFINEDnull,,,,,
edf34,11,,free_viewing,,6032.0,4008.0,286.2857142857143,14.0,935.2214285714286,479.54999999999984,4161.0,3678,5,1220.0,0.8839221341023792,6032.0,2.9085714285714284,14.0,117.04785714285715,59.42857142857143,2.3209549071618043,UNDEFINEDnull,UNDEFINEDnull,exp_images/images/girl_opened_window.jpg,IMG_02,UNDEFINEDnull,UNDEFINEDnull,UNDEFINEDnull,UNDEFINEDnull,,,,,
edf34,12,,free_viewing,,6033.0,3643.0,214.29411764705884,17.0,954.6294117647058,690.3176470588236,3815.0,3065,7,1252.0,0.8034076015727392,6033.0,3.272941176470588,17.0,130.74411764705886,69.17647058823529,2.8178352395159956,UNDEFINEDnull,UNDEFINEDnull,exp_images/images/girl_fed_dog.jpg,IMG_16,UNDEFINEDnull,UNDEFINEDnull,UNDEFINEDnull,UNDEFINEDnull,,,,,
edf34,13,,free_viewing,,5995.0,3403.0,261.76923076923083,13.0,994.8384615384616,509.66153846153844,3611.0,3611,5,1168.0,1.0,5995.0,3.170714285714286,14.0,165.08642857142857,105.28571428571428,2.335279399499583,UNDEFINEDnull,UNDEFINEDnull,exp_images/images/women_read_letter.jpg,IMG_17,UNDEFINEDnull,UNDEFINEDnull,UNDEFINEDnull,UNDEFINEDnull,,,,,
edf34,14,,free_viewing,,5990.0,3828.0,225.17647058823533,17.0,1053.8705882352942,487.02352941176486,3973.0,3358,7,1356.0,0.8452051346589479,5990.0,4.234705882352942,17.0,134.97117647058823,60.0,2.8380634390651083,UNDEFINEDnull,UNDEFINEDnull,exp_images/images/child_throw_frisbee.jpg,IMG_12,UNDEFINEDnull,UNDEFINEDnull,UNDEFINEDnull,UNDEFINEDnull,,,,,
edf34,15,,free_viewing,,6079.0,4032.0,237.17647058823533,17.0,850.9294117647058,559.4411764705883,4214.0,3856,3,1086.0,0.9150450878025628,6079.0,3.78,17.0,157.40888888888892,44.33333333333334,2.7965125843066296,UNDEFINEDnull,UNDEFINEDnull,exp_images/images/driver_wash_scooter.jpg,IMG_14,UNDEFINEDnull,UNDEFINEDnull,UNDEFINEDnull,UNDEFINEDnull,,,,,
edf34,16,,free_viewing,,5648.0,3632.0,213.64705882352942,17.0,906.1117647058824,504.68235294117653,3812.0,3812,7,756.0,1.0,5648.0,4.287894736842105,19.0,130.27736842105259,73.47368421052632,3.3640226628895187,UNDEFINEDnull,UNDEFINEDnull,exp_images/images/man_cut_shrub.jpg,IMG_04,UNDEFINEDnull,UNDEFINEDnull,UNDEFINEDnull,UNDEFINEDnull,,,,,
edf34,17,,free_viewing,,5792.0,3606.0,225.375,16.0,975.5812500000003,456.11875,3770.0,3534,7,800.0,0.9374005305039788,5792.0,1.90125,16.0,134.10437499999998,76.375,2.7624309392265194,UNDEFINEDnull,UNDEFINEDnull,exp_images/images/boy_filled_bucket.jpg,IMG_09,UNDEFINEDnull,UNDEFINEDnull,UNDEFINEDnull,UNDEFINEDnull,,,,,
edf34,18,,free_viewing,,5659.0,3663.0,305.25,12.0,908.0583333333334,455.68333333333334,3809.0,3809,12,666.0,1.0,5659.0,1.9116666666666664,12.0,144.3783333333334,98.66666666666669,2.120515992224775,UNDEFINEDnull,UNDEFINEDnull,exp_images/images/boy_opened_door.jpg,IMG_10,UNDEFINEDnull,UNDEFINEDnull,UNDEFINEDnull,UNDEFINEDnull,,,,,
edf34,19,English,sentence_audio,active,10598.0,4288.0,389.8181818181818,11.0,1000.0363636363637,546.3909090909091,4498.0,4498,5,5608.0,1.0,10598.0,2.8345454545454545,11.0,114.50909090909092,44.72727272727273,1.037931685223627,exp_images/audio\ENGLISH\letter.wav,IMG_17_E_ACT,exp_images/images/women_read_letter.jpg,IMG_17,exp_images/sentences/active_women_letter.jpg,STIM_71,stimuli_list_subj_10_a.csv,ACT,active,agent_first,agent_overt,0.0,
edf34,2,,free_viewing,,5819.0,3798.0,172.63636363636363,22.0,937.3954545454544,415.57727272727277,3925.0,3925,10,827.0,1.0,5819.0,4.478695652173913,23.0,120.5113043478261,47.21739130434783,3.9525691699604737,UNDEFINEDnull,UNDEFINEDnull,exp_images/images/artiste_drew_picture.jpg,IMG_07,UNDEFINEDnull,UNDEFINEDnull,UNDEFINEDnull,UNDEFINEDnull,,,,,
edf34,20,English,sentence_audio,active,11148.0,4136.0,344.66666666666674,12.0,943.1083333333332,526.4499999999998,4348.0,4228,6,6156.0,0.9724011039558418,11148.0,2.2225,12.0,144.78923076923076,50.615384615384606,1.0764262648008611,exp_images/audio\ENGLISH\bucket.wav,IMG_09_E_ACT,exp_images/images/boy_filled_bucket.jpg,IMG_09,exp_images/sentences/active_boy_bucket.jpg,STIM_63,stimuli_list_subj_10_a.csv,ACT,active,agent_first,agent_overt,0.0,
edf34,21,English,sentence_audio,active,10879.0,3819.0,254.6,15.0,937.4066666666668,581.3199999999998,3833.0,3833,6,5886.0,1.0,10879.0,2.772,15.0,127.97666666666666,77.33333333333333,1.3788031988234213,exp_images/audio\ENGLISH\clothes.wav,IMG_06_E_ACT,exp_images/images/women_fold_clothes.jpg,IMG_06,exp_images/sentences/active_woman_clothes.jpg,STIM_60,stimuli_list_subj_10_a.csv,ACT,active,agent_first,agent_overt,0.0,
edf34,22,English,sentence_audio,passive,10469.0,4443.0,634.7142857142858,7.0,900.2999999999997,435.45714285714286,4599.0,4599,6,5476.0,1.0,10469.0,1.5514285714285714,7.0,118.26857142857143,56.28571428571429,0.6686407488776388,exp_images/audio\ENGLISH\p_door.wav,IMG_10_E_PWA,exp_images/images/boy_opened_door.jpg,IMG_10,exp_images/sentences/passive_boy_door.jpg,STIM_82,stimuli_list_subj_10_a.csv,PWA,passive_with_agent,non_agent_first,agent_overt,1.0,0.0
edf34,23,English,sentence_audio,passive,10313.0,4029.0,309.92307692307685,13.0,984.7384615384616,457.16153846153844,4225.0,4225,5,5320.0,1.0,10313.0,3.4215384615384616,13.0,134.48461538461538,59.07692307692307,1.2605449432754774,exp_images/audio\ENGLISH\p_lamp.wav,IMG_01_E_PWA,exp_images/images/girl_lighted_lamp.jpg,IMG_01,exp_images/sentences/passive_girl_lamp.jpg,STIM_73,stimuli_list_subj_10_a.csv,PWA,passive_with_agent,non_agent_first,agent_overt,1.0,0.0
edf34,24,English,sentence_audio,passive,10322.0,3760.0,250.66666666666663,15.0,731.6399999999999,430.96,4000.0,3610,5,5598.0,0.9025,10322.0,4.128235294117647,17.0,139.7476470588235,64.23529411764707,1.646967641929859,exp_images/audio\ENGLISH\p_scooter.wav,IMG_14_E_PWA,exp_images/images/driver_wash_scooter.jpg,IMG_14,exp_images/sentences/passive_driver_scooter.jpg,STIM_86,stimuli_list_subj_10_a.csv,PWA,passive_with_agent,non_agent_first,agent_overt,1.0,0.0
edf34,25,English,sentence_audio,passive_dropped_agent,10475.0,3907.0,260.46666666666664,15.0,990.1933333333333,383.83333333333326,4081.0,4081,6,5654.0,1.0,10475.0,3.389375,16.0,113.918125,58.875,1.5274463007159904,exp_images/audio\ENGLISH\p_woa_box.wav,IMG_05_E_PNA,exp_images/images/man_pushed_box.jpg,IMG_05,exp_images/sentences/noagent_man_box.jpg,STIM_95,stimuli_list_subj_10_a.csv,PNA,passive_dropped_agent,non_agent_first,agent_dropped,1.0,1.0
edf34,26,English,sentence_audio,passive_dropped_agent,10453.0,3933.0,207.0,19.0,845.9315789473683,534.3368421052631,4139.0,3986,9,5460.0,0.9630345494080697,10453.0,3.3710526315789466,19.0,107.29210526315788,44.94736842105264,1.8176600019133264,exp_images/audio\ENGLISH\p_woa_sapling.wav,IMG_03_E_PNA,exp_images/images/girl_plant_tree.jpg,IMG_03,exp_images/sentences/noagent_girl_sapling.jpg,STIM_93,stimuli_list_subj_10_a.csv,PNA,passive_dropped_agent,non_agent_first,agent_dropped,1.0,1.0
edf34,27,English,sentence_audio,passive_dropped_agent,10984.0,4328.0,393.45454545454544,11.0,944.4727272727276,420.95454545454544,4580.0,4580,5,5998.0,1.0,10984.0,3.454166666666666,12.0,88.52833333333332,36.0,1.0924981791697017,exp_images/audio\ENGLISH\p_woa_shrub.wav,IMG_04_E_PNA,exp_images/images/man_cut_shrub.jpg,IMG_04,exp_images/sentences/noagent_man_shrub.jpg,STIM_94,stimuli_list_subj_10_a.csv,PNA,passive_dropped_agent,non_agent_first,agent_dropped,1.0,1.0
edf34,28,Punjabi,sentence_audio,active,11003.0,3733.0,207.38888888888889,18.0,959.3722222222225,635.9000000000002,3868.0,3792,8,6011.0,0.9803516028955532,11003.0,2.9177777777777782,18.0,118.03666666666666,62.444444444444436,1.635917477051713,exp_images/audio\PUNJABI\dug.wav,IMG_13_P_ACT,exp_images/images/dog_dug_hole.jpg,IMG_13,exp_images/sentences/Dog-dug.jpg,STIM_13,stimuli_list_subj_10_a.csv,ACT,active,agent_first,agent_overt,0.0,
edf34,29,Punjabi,sentence_audio,active,10942.0,3992.0,332.6666666666667,12.0,899.0166666666668,291.64166666666665,4130.0,3852,9,6122.0,0.9326876513317192,10942.0,3.8184615384615386,13.0,126.86692307692309,67.23076923076923,1.1880826174373968,exp_images/audio\PUNJABI\frisbee.wav,IMG_12_P_ACT,exp_images/images/child_throw_frisbee.jpg,IMG_12,exp_images/sentences/Frisbee.jpg,STIM_12,stimuli_list_subj_10_a.csv,ACT,active,agent_first,agent_overt,0.0,
edf34,3,,free_viewing,,5740.0,4002.0,210.63157894736838,19.0,913.8947368421054,595.4684210526316,4222.0,3128,6,748.0,0.7408810990052108,5740.0,2.9625000000000004,20.0,102.124,39.4,3.484320557491289,UNDEFINEDnull,UNDEFINEDnull,exp_images/images/girl_plant_tree.jpg,IMG_03,UNDEFINEDnull,UNDEFINEDnull,UNDEFINEDnull,UNDEFINEDnull,,,,,
edf34,30,Punjabi,sentence_audio,active,10978.0,3964.0,304.92307692307685,13.0,796.8153846153847,537.3153846153846,4111.0,2614,4,6168.0,0.6358550231087327,10978.0,3.059285714285714,14.0,112.53928571428571,63.85714285714285,1.2752778283840411,exp_images/audio\PUNJABI\tabla.wav,IMG_11_P_ACT,exp_images/images/child_play_tabla.jpg,IMG_11,exp_images/sentences/Tabla.jpg,STIM_11,stimuli_list_subj_10_a.csv,ACT,active,agent_first,agent_overt,0.0,
edf34,31,Punjabi,sentence_audio,passive,10967.0,3860.0,257.3333333333333,15.0,1115.1066666666666,701.6933333333334,3968.0,1640,8,6080.0,0.4133064516129033,10967.0,4.998823529411763,17.0,139.17882352941177,67.88235294117646,1.5501048600346494,exp_images/audio\PUNJABI\p_picture.wav,IMG_07_P_PWA,exp_images/images/artiste_drew_picture.jpg,IMG_07,exp_images/sentences/Painting-passive.jpg,STIM_25,stimuli_list_subj_10_a.csv,PWA,passive_with_agent,non_agent_first,agent_overt,1.0,0.0
edf34,32,Punjabi,sentence_audio,passive,11011.0,3603.0,277.15384615384613,13.0,921.0,451.3538461538461,3738.0,3603,9,6188.0,0.9638844301765649,11011.0,3.1607692307692314,13.0,153.5169230769231,96.46153846153848,1.1806375442739079,exp_images/audio\PUNJABI\p_cake.wav,IMG_15_P_PWA,exp_images/images/girl_baked_cake.jpg,IMG_15,exp_images/sentences/Cake-passive.jpg,STIM_33,stimuli_list_subj_10_a.csv,PWA,passive_with_agent,non_agent_first,agent_overt,1.0,0.0
edf34,33,Punjabi,sentence_audio,passive,10429.0,4231.0,302.2142857142857,14.0,1171.2285714285715,409.2214285714286,4362.0,4362,3,5437.0,1.0,10429.0,3.016428571428572,14.0,103.73714285714284,45.0,1.3424105858663342,exp_images/audio\PUNJABI\p_window.wav,IMG_02_P_PWA,exp_images/images/girl_opened_window.jpg,IMG_02,exp_images/sentences/Window-passive.jpg,STIM_20,stimuli_list_subj_10_a.csv,PWA,passive_with_agent,non_agent_first,agent_overt,1.0,0.0
edf34,34,Punjabi,sentence_audio,passive_dropped_agent,10492.0,4010.0,401.0,10.0,896.7800000000002,706.1,4146.0,1296,5,5666.0,0.3125904486251809,10492.0,2.7680000000000002,10.0,143.701,84.6,0.9531071292413268,exp_images/audio\PUNJABI\p_woa_fed.wav,IMG_16_P_PNA,exp_images/images/girl_fed_dog.jpg,IMG_16,exp_images/sentences/Fed-dog-woa.jpg,STIM_52,stimuli_list_subj_10_a.csv,PNA,passive_dropped_agent,non_agent_first,agent_dropped,1.0,1.0
edf34,35,Punjabi,sentence_audio,passive_dropped_agent,10642.0,3744.0,288.0,13.0,968.5769230769231,474.77692307692314,3902.0,3560,4,5846.0,0.9123526396719632,10642.0,4.473571428571428,14.0,149.23214285714286,79.14285714285714,1.3155421913174217,exp_images/audio\PUNJABI\p_woa_veg.wav,IMG_18_P_PNA,exp_images/images/boy_cut_vegetables.jpg,IMG_18,exp_images/sentences/Veg-woa.jpg,STIM_54,stimuli_list_subj_10_a.csv,PNA,passive_dropped_agent,non_agent_first,agent_dropped,1.0,1.0
edf34,36,Punjabi,sentence_audio,passive_dropped_agent,11147.0,3413.0,200.7647058823529,17.0,912.9764705882353,451.3352941176471,3548.0,3548,5,6155.0,1.0,11147.0,2.0888235294117647,17.0,208.01235294117646,84.94117647058823,1.5250740109446488,exp_images/audio\PUNJABI\p_woa_vase.wav,IMG_08_P_PNA,exp_images/images/boy_broke_vase.jpg,IMG_08,exp_images/sentences/Vase-woa.jpg,STIM_44,stimuli_list_subj_10_a.csv,PNA,passive_dropped_agent,non_agent_first,agent_dropped,1.0,1.0
edf34,4,,free_viewing,,5868.0,4112.0,257.0,16.0,920.16875,461.86875,4250.0,3766,7,876.0,0.8861176470588236,5868.0,3.758125,16.0,119.865,46.375,2.7266530334015,UNDEFINEDnull,UNDEFINEDnull,exp_images/images/man_pushed_box.jpg,IMG_05,UNDEFINEDnull,UNDEFINEDnull,UNDEFINEDnull,UNDEFINEDnull,,,,,
edf34,5,,free_viewing,,6011.0,4002.0,307.84615384615387,13.0,980.1846153846153,615.1,4150.0,4150,5,1018.0,1.0,6011.0,3.3030769230769232,13.0,125.64785714285713,61.14285714285714,2.162701713525204,UNDEFINEDnull,UNDEFINEDnull,exp_images/images/boy_cut_vegetables.jpg,IMG_18,UNDEFINEDnull,UNDEFINEDnull,UNDEFINEDnull,UNDEFINEDnull,,,,,
edf34,6,,free_viewing,,5890.0,3834.0,273.85714285714283,14.0,874.2142857142858,457.65714285714284,3966.0,3966,5,898.0,1.0,5890.0,2.5364285714285715,14.0,139.00714285714284,73.28571428571429,2.3769100169779294,UNDEFINEDnull,UNDEFINEDnull,exp_images/images/boy_broke_vase.jpg,IMG_08,UNDEFINEDnull,UNDEFINEDnull,UNDEFINEDnull,UNDEFINEDnull,,,,,
edf34,7,,free_viewing,,6092.0,3940.0,246.25,16.0,969.3125,515.01875,4117.0,3953,4,1099.0,0.960165168812242,6092.0,3.69375,16.0,131.44125,54.75,2.6263952724885096,UNDEFINEDnull,UNDEFINEDnull,exp_images/images/girl_lighted_lamp.jpg,IMG_01,UNDEFINEDnull,UNDEFINEDnull,UNDEFINEDnull,UNDEFINEDnull,,,,,
edf34,8,,free_viewing,,5879.0,3209.0,213.9333333333333,15.0,963.0133333333333,466.1333333333334,3519.0,3209,6,1316.0,0.911906791702188,5879.0,2.5681249999999998,16.0,206.254375,100.0,2.7215512842320124,UNDEFINEDnull,UNDEFINEDnull,exp_images/images/women_fold_clothes.jpg,IMG_06,UNDEFINEDnull,UNDEFINEDnull,UNDEFINEDnull,UNDEFINEDnull,,,,,
edf34,9,,free_viewing,,5731.0,3607.0,225.4375,16.0,869.01875,683.2,3801.0,2992,5,738.0,0.7871612733491187,5731.0,3.486875,16.0,128.16562499999998,74.5,2.7918338858837903,UNDEFINEDnull,UNDEFINEDnull,exp_images/images/dog_dug_hole.jpg,IMG_13,UNDEFINEDnull,UNDEFINEDnull,UNDEFINEDnull,UNDEFINEDnull,,,,,
edf35,1,,free_viewing,,5848.0,3360.0,224.0,15.0,948.7333333333332,565.86,3401.0,2947,7,857.0,0.8665098500441046,5848.0,2.456666666666666,15.0,248.37133333333333,106.0,2.5649794801641588,UNDEFINEDnull,UNDEFINEDnull,exp_images/images/girl_baked_cake.jpg,IMG_15,UNDEFINEDnull,UNDEFINEDnull,UNDEFINEDnull,UNDEFINEDnull,,,,,
edf35,10,,free_viewing,,5699.0,3660.0,406.66666666666674,9.0,945.7,477.76666666666665,3852.0,3852,5,706.0,1.0,5699.0,1.0739999999999998,10.0,288.072,116.0,1.7546938059308652,UNDEFINEDnull,UNDEFINEDnull,exp_images/images/boy_opened_door.jpg,IMG_10,UNDEFINEDnull,UNDEFINEDnull,UNDEFINEDnull,UNDEFINEDnull,,,,,
edf35,11,,free_viewing,,5966.0,3720.0,413.33333333333326,9.0,1026.3777777777775,366.73333333333335,3877.0,3657,4,973.0,0.9432550941449576,5966.0,2.5033333333333334,9.0,321.9611111111111,124.0,1.5085484411666108,UNDEFINEDnull,UNDEFINEDnull,exp_images/images/man_pushed_box.jpg,IMG_05,UNDEFINEDnull,UNDEFINEDnull,UNDEFINEDnull,UNDEFINEDnull,,,,,
edf35,12,,free_viewing,,5829.0,3662.0,523.1428571428571,7.0,780.742857142857,456.11428571428576,3923.0,3923,2,837.0,1.0,5829.0,1.61,8.0,172.18625,135.0,1.372448104306056,UNDEFINEDnull,UNDEFINEDnull,exp_images/images/man_cut_shrub.jpg,IMG_04,UNDEFINEDnull,UNDEFINEDnull,UNDEFINEDnull,UNDEFINEDnull,,,,,
edf35,13,,free_viewing,,6080.0,3938.0,393.8,10.0,886.1399999999996,611.0,4084.0,3374,6,1274.0,0.82615083251714,6080.0,3.8990000000000014,10.0,188.107,90.8,1.6447368421052633,UNDEFINEDnull,UNDEFINEDnull,exp_images/images/girl_fed_dog.jpg,IMG_16,UNDEFINEDnull,UNDEFINEDnull,UNDEFINEDnull,UNDEFINEDnull,,,,,
edf35,14,,free_viewing,,6076.0,3742.0,311.8333333333333,12.0,974.75,423.85833333333335,3904.0,3666,6,1084.0,0.9390368852459016,6076.0,3.833333333333334,12.0,188.47916666666663,90.66666666666669,1.9749835418038184,UNDEFINEDnull,UNDEFINEDnull,exp_images/images/driver_wash_scooter.jpg,IMG_14,UNDEFINEDnull,UNDEFINEDnull,UNDEFINEDnull,UNDEFINEDnull,,,,,
edf35,15,,free_viewing,,6060.0,3690.0,369.0,10.0,1036.67,348.4,3872.0,3690,3,1290.0,0.9529958677685949,6060.0,2.3409999999999997,10.0,252.99599999999998,112.0,1.6501650165016504,UNDEFINEDnull,UNDEFINEDnull,exp_images/images/child_throw_frisbee.jpg,IMG_12,UNDEFINEDnull,UNDEFINEDnull,UNDEFINEDnull,UNDEFINEDnull,,,,,
edf35,16,,free_viewing,,6004.0,4076.0,452.88888888888886,9.0,955.5111111111113,616.0666666666666,4240.0,4240,3,1012.0,1.0,6004.0,2.2344444444444447,9.0,184.74222222222224,83.55555555555556,1.4990006662225184,UNDEFINEDnull,UNDEFINEDnull,exp_images/images/dog_dug_hole.jpg,IMG_13,UNDEFINEDnull,UNDEFINEDnull,UNDEFINEDnull,UNDEFINEDnull,,,,,
edf35,17,,free_viewing,,5863.0,3599.0,359.9,10.0,922.99,478.46,3836.0,3836,3,871.0,1.0,5863.0,1.22,10.0,272.56499999999994,115.6,1.7056114617090226,UNDEFINEDnull,UNDEFINEDnull,exp_images/images/boy_filled_bucket.jpg,IMG_09,UNDEFINEDnull,UNDEFINEDnull,UNDEFINEDnull,UNDEFINEDnull,,,,,
edf35,18,,free_viewing,,6063.0,3801.0,316.75,12.0,862.6750000000002,444.80833333333334,4017.0,4017,5,1070.0,1.0,6063.0,2.6333333333333333,12.0,190.43666666666664,81.33333333333333,1.9792182088075208,UNDEFINEDnull,UNDEFINEDnull,exp_images/images/girl_lighted_lamp.jpg,IMG_01,UNDEFINEDnull,UNDEFINEDnull,UNDEFINEDnull,UNDEFINEDnull,,,,,
edf35,19,English,sentence_audio,passive,10655.0,3413.0,379.22222222222223,9.0,980.7888888888887,473.01111111111123,3775.0,3151,4,6140.0,0.8347019867549669,10655.0,2.3677777777777784,9.0,395.5644444444445,135.11111111111111,0.8446738620366026,exp_images/audio\ENGLISH\p_letter.wav,IMG_17_E_PWA,exp_images/images/women_read_letter.jpg,IMG_17,exp_images/sentences/passive_women_letter.jpg,STIM_89,stimuli_list_subj_11_a.csv,PWA,passive_with_agent,non_agent_first,agent_overt,1.0,0.0
edf35,2,,free_viewing,,5677.0,4105.0,293.2142857142857,14.0,970.8857142857145,427.84285714285693,4119.0,3905,5,684.0,0.948045642146152,5677.0,3.3321428571428564,14.0,155.57428571428568,62.42857142857143,2.466091245376079,UNDEFINEDnull,UNDEFINEDnull,exp_images/images/artiste_drew_picture.jpg,IMG_07,UNDEFINEDnull,UNDEFINEDnull,UNDEFINEDnull,UNDEFINEDnull,,,,,
edf35,20,English,sentence_audio,passive,10181.0,3439.0,491.28571428571433,7.0,905.9857142857144,497.8714285714285,3678.0,3678,1,5189.0,1.0,10181.0,0.5271428571428572,7.0,357.7285714285714,187.7142857142857,0.6875552499754445,exp_images/audio\ENGLISH\p_bucket.wav,IMG_09_E_PWA,exp_images/images/boy_filled_bucket.jpg,IMG_09,exp_images/sentences/passive_boy_bucket.jpg,STIM_81,stimuli_list_subj_11_a.csv,PWA,passive_with_agent,non_agent_first,agent_overt,1.0,0.0
edf35,21,English,sentence_audio,passive,10502.0,3718.0,464.75,8.0,949.3375,497.5875,4017.0,3249,4,5509.0,0.8088125466766244,10502.0,2.62375,8.0,308.92777777777775,110.66666666666669,0.7617596648257474,exp_images/audio\ENGLISH\p_clothes.wav,IMG_06_E_PWA,exp_images/images/women_fold_clothes.jpg,IMG_06,exp_images/sentences/passive_woman_clothes.jpg,STIM_78,stimuli_list_subj_11_a.csv,PWA,passive_with_agent,non_agent_first,agent_overt,1.0,0.0
edf35,22,English,sentence_audio,passive_dropped_agent,10642.0,3130.0,313.0,10.0,933.74,474.42000000000013,3576.0,2714,6,5650.0,0.7589485458612976,10642.0,1.1450000000000002,10.0,230.439,141.6,0.9396729937981584,exp_images/audio\ENGLISH\p_woa_door.wav,IMG_10_E_PNA,exp_images/images/boy_opened_door.jpg,IMG_10,exp_images/sentences/noagent_boy_door.jpg,STIM_100,stimuli_list_subj_11_a.csv,PNA,passive_dropped_agent,non_agent_first,agent_dropped,1.0,1.0
edf35,23,English,sentence_audio,passive_dropped_agent,10276.0,3638.0,363.8,10.0,797.22,499.2,3848.0,3848,4,5284.0,1.0,10276.0,2.144,10.0,141.892,114.4,0.973141300116777,exp_images/audio\ENGLISH\p_woa_lamp.wav,IMG_01_E_PNA,exp_images/images/girl_lighted_lamp.jpg,IMG_01,exp_images/sentences/noagent_girl_lamp.jpg,STIM_91,stimuli_list_subj_11_a.csv,PNA,passive_dropped_agent,non_agent_first,agent_dropped,1.0,1.0
edf35,24,English,sentence_audio,passive_dropped_agent,10625.0,3613.0,401.4444444444445,9.0,920.1777777777777,425.6,3916.0,3916,3,5633.0,1.0,10625.0,1.8088888888888892,9.0,324.0411111111111,119.55555555555556,0.8470588235294118,exp_images/audio\ENGLISH\p_woa_scooter.wav,IMG_14_E_PNA,exp_images/images/driver_wash_scooter.jpg,IMG_14,exp_images/sentences/noagent_driver_scooter.jpg,STIM_104,stimuli_list_subj_11_a.csv,PNA,passive_dropped_agent,non_agent_first,agent_dropped,1.0,1.0
edf35,25,Punjabi,sentence_audio,active,10920.0,3626.0,329.6363636363636,11.0,970.1090909090907,374.71818181818185,3742.0,3742,5,5928.0,1.0,10920.0,2.352727272727273,11.0,227.41727272727275,113.63636363636364,1.0073260073260073,exp_images/audio\PUNJABI\box.wav,IMG_05_P_ACT,exp_images/images/man_pushed_box.jpg,IMG_05,exp_images/sentences/Pushed-box.jpg,STIM_05,stimuli_list_subj_11_a.csv,ACT,active,agent_first,agent_overt,0.0,
edf35,26,Punjabi,sentence_audio,active,10640.0,3594.0,399.33333333333326,9.0,888.2111111111113,523.5333333333333,3832.0,3590,5,5648.0,0.9368475991649268,10640.0,2.64,9.0,267.94666666666666,128.88888888888889,0.8458646616541353,exp_images/audio\PUNJABI\sapling.wav,IMG_03_P_ACT,exp_images/images/girl_plant_tree.jpg,IMG_03,exp_images/sentences/Sapling.jpg,STIM_03,stimuli_list_subj_11_a.csv,ACT,active,agent_first,agent_overt,0.0,
edf35,27,Punjabi,sentence_audio,active,10830.0,3308.0,413.5,8.0,847.0999999999998,430.85,3570.0,3570,2,5838.0,1.0,10830.0,1.195,8.0,269.0762500000001,177.75,0.7386888273314866,exp_images/audio\PUNJABI\shrub.wav,IMG_04_P_ACT,exp_images/images/man_cut_shrub.jpg,IMG_04,exp_images/sentences/Shrub.jpg,STIM_04,stimuli_list_subj_11_a.csv,ACT,active,agent_first,agent_overt,0.0,
edf35,28,Punjabi,sentence_audio,passive,10775.0,3561.0,445.125,8.0,894.075,568.9125,3756.0,3756,1,5783.0,1.0,10775.0,0.705,8.0,403.32625,154.5,0.7424593967517401,exp_images/audio\PUNJABI\p_dug.wav,IMG_13_P_PWA,exp_images/images/dog_dug_hole.jpg,IMG_13,exp_images/sentences/Dog-dug-passive.jpg,STIM_31,stimuli_list_subj_11_a.csv,PWA,passive_with_agent,non_agent_first,agent_overt,1.0,0.0
edf35,29,Punjabi,sentence_audio,passive,10903.0,3787.0,473.375,8.0,1041.7875,425.4500000000001,4058.0,3550,2,6218.0,0.8748151798915722,10903.0,3.49125,8.0,286.5975,116.75,0.7337430065119691,exp_images/audio\PUNJABI\p_frisbee.wav,IMG_12_P_PWA,exp_images/images/child_throw_frisbee.jpg,IMG_12,exp_images/sentences/Frisbee-passive.jpg,STIM_30,stimuli_list_subj_11_a.csv,PWA,passive_with_agent,non_agent_first,agent_overt,1.0,0.0
edf35,3,,free_viewing,,5788.0,4248.0,424.8,10.0,964.9,556.5699999999998,4395.0,4395,6,795.0,1.0,5788.0,3.2510000000000003,10.0,158.11899999999997,59.8,1.7277125086385623,UNDEFINEDnull,UNDEFINEDnull,exp_images/images/women_fold_clothes.jpg,IMG_06,UNDEFINEDnull,UNDEFINEDnull,UNDEFINEDnull,UNDEFINEDnull,,,,,
edf35,30,Punjabi,sentence_audio,passive,11043.0,3283.0,298.45454545454544,11.0,859.0363636363637,491.9,3546.0,3127,9,6348.0,0.8818386914833616,11043.0,4.743636363636363,11.0,253.76181818181823,131.45454545454547,0.9961061305804584,exp_images/audio\PUNJABI\p_tabla.wav,IMG_11_P_PWA,exp_images/images/child_play_tabla.jpg,IMG_11,exp_images/sentences/Tabla-passive.jpg,STIM_29,stimuli_list_subj_11_a.csv,PWA,passive_with_agent,non_agent_first,agent_overt,1.0,0.0
edf35,31,Punjabi,sentence_audio,passive_dropped_agent,10549.0,3658.0,281.38461538461536,13.0,912.8230769230768,450.0384615384616,3856.0,3666,8,5556.0,0.950726141078838,10549.0,4.81153846153846,13.0,222.75785714285712,82.14285714285714,1.2323442980377288,exp_images/audio\PUNJABI\p_woa_picture.wav,IMG_07_P_PNA,exp_images/images/artiste_drew_picture.jpg,IMG_07,exp_images/sentences/Painting-woa.jpg,STIM_43,stimuli_list_subj_11_a.csv,PNA,passive_dropped_agent,non_agent_first,agent_dropped,1.0,1.0
edf35,32,Punjabi,sentence_audio,passive_dropped_agent,10305.0,3491.0,349.1,10.0,944.25,491.94000000000005,3831.0,3491,4,5768.0,0.9112503262855652,10305.0,1.9445454545454544,11.0,246.5381818181818,118.36363636363636,1.0674429888403687,exp_images/audio\PUNJABI\p_woa_cake.wav,IMG_15_P_PNA,exp_images/images/girl_baked_cake.jpg,IMG_15,exp_images/sentences/Cake-woa.jpg,STIM_51,stimuli_list_subj_11_a.csv,PNA,passive_dropped_agent,non_agent_first,agent_dropped,1.0,1.0
edf35,33,Punjabi,sentence_audio,passive_dropped_agent,10542.0,3436.0,286.3333333333333,12.0,1051.475,455.25833333333327,3582.0,3436,6,5728.0,0.9592406476828588,10542.0,3.4507692307692306,13.0,188.04846153846157,110.0,1.2331625877442611,exp_images/audio\PUNJABI\p_woa_window.wav,IMG_02_P_PNA,exp_images/images/girl_opened_window.jpg,IMG_02,exp_images/sentences/Window-woa.jpg,STIM_38,stimuli_list_subj_11_a.csv,PNA,passive_dropped_agent,non_agent_first,agent_dropped,1.0,1.0
edf35,34,English,sentence_audio,active,10334.0,3540.0,354.0,10.0,874.74,552.45,3796.0,3028,4,5812.0,0.7976817702845099,10334.0,2.6109090909090917,11.0,223.80636363636367,112.0,1.0644474550029028,exp_images/audio\ENGLISH\fed.wav,IMG_16_E_ACT,exp_images/images/girl_fed_dog.jpg,IMG_16,exp_images/sentences/active_girl_dog.jpg,STIM_70,stimuli_list_subj_11_a.csv,ACT,active,agent_first,agent_overt,0.0,
edf35,35,English,sentence_audio,active,10604.0,3460.0,384.4444444444445,9.0,953.7555555555556,434.2555555555557,3734.0,3460,2,5926.0,0.9266202463845742,10604.0,2.313333333333333,9.0,245.08777777777775,139.77777777777777,0.8487363259147492,exp_images/audio\ENGLISH\veg.wav,IMG_18_E_ACT,exp_images/images/boy_cut_vegetables.jpg,IMG_18,exp_images/sentences/active_boy_vegetables.jpg,STIM_72,stimuli_list_subj_11_a.csv,ACT,active,agent_first,agent_overt,0.0,
edf35,36,English,sentence_audio,active,10306.0,3356.0,419.5,8.0,844.125,424.6375000000001,3778.0,3614,5,5314.0,0.9565907887771308,10306.0,2.18625,8.0,344.30999999999995,151.75,0.7762468464971861,exp_images/audio\ENGLISH\vase.wav,IMG_08_E_ACT,exp_images/images/boy_broke_vase.jpg,IMG_08,exp_images/sentences/active_boy_vase.jpg,STIM_62,stimuli_list_subj_11_a.csv,ACT,active,agent_first,agent_overt,0.0,
edf35,4,,free_viewing,,5739.0,4019.0,365.3636363636364,11.0,913.3545454545456,488.8454545454546,4170.0,4170,5,747.0,1.0,5739.0,1.8236363636363635,11.0,175.6518181818182,74.72727272727273,1.9167102282627635,UNDEFINEDnull,UNDEFINEDnull,exp_images/images/boy_broke_vase.jpg,IMG_08,UNDEFINEDnull,UNDEFINEDnull,UNDEFINEDnull,UNDEFINEDnull,,,,,
edf35,5,,free_viewing,,5775.0,3827.0,382.7,10.0,1018.0,513.7900000000002,4232.0,4232,5,783.0,1.0,5775.0,2.894,10.0,179.051,76.0,1.7316017316017316,UNDEFINEDnull,UNDEFINEDnull,exp_images/images/women_read_letter.jpg,IMG_17,UNDEFINEDnull,UNDEFINEDnull,UNDEFINEDnull,UNDEFINEDnull,,,,,
edf35,6,,free_viewing,,6053.0,3817.0,381.7,10.0,962.63,472.2,3978.0,3817,6,1258.0,0.9595274007038712,6053.0,4.2200000000000015,10.0,231.47099999999998,101.4,1.6520733520568314,UNDEFINEDnull,UNDEFINEDnull,exp_images/images/boy_cut_vegetables.jpg,IMG_18,UNDEFINEDnull,UNDEFINEDnull,UNDEFINEDnull,UNDEFINEDnull,,,,,
edf35,7,,free_viewing,,5651.0,3833.0,319.4166666666667,12.0,829.7083333333335,528.1333333333333,4029.0,3833,6,882.0,0.9513526929759244,5651.0,3.186666666666667,12.0,153.61083333333332,80.33333333333333,2.123517961422757,UNDEFINEDnull,UNDEFINEDnull,exp_images/images/child_play_tabla.jpg,IMG_11,UNDEFINEDnull,UNDEFINEDnull,UNDEFINEDnull,UNDEFINEDnull,,,,,
edf35,8,,free_viewing,,5963.0,4230.0,423.0,10.0,1071.15,509.04,4398.0,4036,4,970.0,0.9176898590268304,5963.0,3.3790909090909085,11.0,140.67454545454547,55.09090909090909,1.8447090390742915,UNDEFINEDnull,UNDEFINEDnull,exp_images/images/girl_opened_window.jpg,IMG_02,UNDEFINEDnull,UNDEFINEDnull,UNDEFINEDnull,UNDEFINEDnull,,,,,
edf35,9,,free_viewing,,6100.0,3704.0,336.72727272727275,11.0,797.3636363636364,640.1727272727272,3950.0,3784,5,1108.0,0.9579746835443038,6100.0,2.9627272727272733,11.0,176.40454545454548,94.72727272727272,1.8032786885245904,UNDEFINEDnull,UNDEFINEDnull,exp_images/images/girl_plant_tree.jpg,IMG_03,UNDEFINEDnull,UNDEFINEDnull,UNDEFINEDnull,UNDEFINEDnull,,,,,
edf36,10,,free_viewing,,5936.0,4438.0,554.75,8.0,1034.0,405.2,4483.0,4438,4,1004.0,0.9899620789649788,5936.0,2.95375,8.0,191.87625,63.75,1.3477088948787062,UNDEFINEDnull,UNDEFINEDnull,exp_images/images/man_pushed_box.jpg,IMG_05,UNDEFINEDnull,UNDEFINEDnull,UNDEFINEDnull,UNDEFINEDnull,,,,,
edf36,11,,free_viewing,,5936.0,4262.0,426.2,10.0,1066.6799999999996,462.17,4506.0,4262,3,1224.0,0.945849977807368,5936.0,2.7439999999999998,10.0,116.73899999999999,48.6,1.6846361185983827,UNDEFINEDnull,UNDEFINEDnull,exp_images/images/girl_opened_window.jpg,IMG_02,UNDEFINEDnull,UNDEFINEDnull,UNDEFINEDnull,UNDEFINEDnull,,,,,
edf36,12,,free_viewing,,5952.0,4272.0,534.0,8.0,941.9125,513.3625,4500.0,4500,3,960.0,1.0,5952.0,2.2555555555555555,9.0,113.43111111111112,56.22222222222222,1.5120967741935485,UNDEFINEDnull,UNDEFINEDnull,exp_images/images/boy_filled_bucket.jpg,IMG_09,UNDEFINEDnull,UNDEFINEDnull,UNDEFINEDnull,UNDEFINEDnull,,,,,
edf36,13,,free_viewing,,5864.0,4182.0,380.1818181818182,11.0,856.3727272727272,537.6545454545455,4418.0,3670,6,872.0,0.8306926210955183,5864.0,3.1354545454545457,11.0,117.26454545454544,52.18181818181818,1.8758526603001364,UNDEFINEDnull,UNDEFINEDnull,exp_images/images/man_cut_shrub.jpg,IMG_04,UNDEFINEDnull,UNDEFINEDnull,UNDEFINEDnull,UNDEFINEDnull,,,,,
edf36,14,,free_viewing,,5882.0,4200.0,525.0,8.0,910.025,533.0,4597.0,3615,4,889.0,0.7863824233195562,5882.0,2.5625,8.0,96.75,49.5,1.3600816048962938,UNDEFINEDnull,UNDEFINEDnull,exp_images/images/girl_baked_cake.jpg,IMG_15,UNDEFINEDnull,UNDEFINEDnull,UNDEFINEDnull,UNDEFINEDnull,,,,,
edf36,15,,free_viewing,,5781.0,4311.0,479.0,9.0,969.9666666666667,683.7555555555557,4697.0,4193,4,788.0,0.8926974664679582,5781.0,3.015555555555556,9.0,86.36777777777776,32.888888888888886,1.5568240788790868,UNDEFINEDnull,UNDEFINEDnull,exp_images/images/girl_fed_dog.jpg,IMG_16,UNDEFINEDnull,UNDEFINEDnull,UNDEFINEDnull,UNDEFINEDnull,,,,,
edf36,16,,free_viewing,,5768.0,4414.0,490.4444444444445,9.0,995.577777777778,421.1555555555556,4681.0,4414,5,1082.0,0.9429609057893612,5768.0,3.661111111111112,9.0,99.1822222222222,34.666666666666664,1.5603328710124826,UNDEFINEDnull,UNDEFINEDnull,exp_images/images/child_throw_frisbee.jpg,IMG_12,UNDEFINEDnull,UNDEFINEDnull,UNDEFINEDnull,UNDEFINEDnull,,,,,
edf36,17,,free_viewing,,5738.0,4416.0,441.6,10.0,913.43,717.44,4680.0,3864,3,746.0,0.8256410256410256,5738.0,2.503,10.0,77.223,31.2,1.7427675148135238,UNDEFINEDnull,UNDEFINEDnull,exp_images/images/dog_dug_hole.jpg,IMG_13,UNDEFINEDnull,UNDEFINEDnull,UNDEFINEDnull,UNDEFINEDnull,,,,,
edf36,18,,free_viewing,,6132.0,4496.0,562.0,8.0,959.3875,571.95,4751.0,4751,4,1139.0,1.0,6132.0,2.38625,8.0,73.51,30.25,1.3046314416177431,UNDEFINEDnull,UNDEFINEDnull,exp_images/images/women_fold_clothes.jpg,IMG_06,UNDEFINEDnull,UNDEFINEDnull,UNDEFINEDnull,UNDEFINEDnull,,,,,
edf36,19,English,sentence_audio,passive_dropped_agent,10685.0,4339.0,867.8,5.0,956.86,467.5,4830.0,4830,3,5693.0,1.0,10685.0,2.5180000000000002,5.0,75.686,32.4,0.4679457182966776,exp_images/audio\ENGLISH\p_woa_letter.wav,IMG_17_E_PNA,exp_images/images/women_read_letter.jpg,IMG_17,exp_images/sentences/noagent_women_letter.jpg,STIM_107,stimuli_list_subj_12_a.csv,PNA,passive_dropped_agent,non_agent_first,agent_dropped,1.0,1.0
edf36,2,,free_viewing,,6107.0,4199.0,381.7272727272728,11.0,976.2909090909093,516.1999999999998,4521.0,4521,5,1114.0,1.0,6107.0,4.02090909090909,11.0,122.91818181818181,42.90909090909091,1.8012117242508596,UNDEFINEDnull,UNDEFINEDnull,exp_images/images/boy_opened_door.jpg,IMG_10,UNDEFINEDnull,UNDEFINEDnull,UNDEFINEDnull,UNDEFINEDnull,,,,,
edf36,20,English,sentence_audio,passive_dropped_agent,10865.0,4411.0,367.58333333333326,12.0,944.3583333333332,532.8583333333332,4657.0,4352,5,5872.0,0.9345071934721924,10865.0,2.0258333333333334,12.0,70.63666666666667,28.0,1.1044638748274276,exp_images/audio\ENGLISH\p_woa_bucket.wav,IMG_09_E_PNA,exp_images/images/boy_filled_bucket.jpg,IMG_09,exp_images/sentences/noagent_boy_bucket.jpg,STIM_99,stimuli_list_subj_12_a.csv,PNA,passive_dropped_agent,non_agent_first,agent_dropped,1.0,1.0
edf36,21,English,sentence_audio,passive_dropped_agent,10457.0,4357.0,622.4285714285714,7.0,942.1142857142858,573.3571428571427,4642.0,4642,4,5465.0,1.0,10457.0,2.3885714285714283,7.0,107.72714285714287,50.0,0.6694080520225686,exp_images/audio\ENGLISH\p_woa_clothes.wav,IMG_06_E_PNA,exp_images/images/women_fold_clothes.jpg,IMG_06,exp_images/sentences/noagent_woman_clothes.jpg,STIM_96,stimuli_list_subj_12_a.csv,PNA,passive_dropped_agent,non_agent_first,agent_dropped,1.0,1.0
edf36,22,Punjabi,sentence_audio,active,10228.0,4354.0,622.0,7.0,1274.7857142857142,637.6714285714288,4563.0,3907,5,5235.0,0.8562349331580101,10228.0,11.134285714285717,7.0,191.84714285714287,61.42857142857143,0.6843957763003521,exp_images/audio\PUNJABI\door.wav,IMG_10_P_ACT,exp_images/images/boy_opened_door.jpg,IMG_10,exp_images/sentences/Closed-door.jpg,STIM_10,stimuli_list_subj_12_a.csv,ACT,active,agent_first,agent_overt,0.0,
edf36,23,Punjabi,sentence_audio,active,10533.0,4473.0,447.3,10.0,896.3800000000001,507.71,4676.0,4676,4,5541.0,1.0,10533.0,2.877,10.0,83.977,31.6,0.9493971328206592,exp_images/audio\PUNJABI\lamp.wav,IMG_01_P_ACT,exp_images/images/girl_lighted_lamp.jpg,IMG_01,exp_images/sentences/Lamp.jpg,STIM_01,stimuli_list_subj_12_a.csv,ACT,active,agent_first,agent_overt,0.0,
edf36,24,Punjabi,sentence_audio,active,11134.0,4230.0,302.14285714285717,14.0,926.6214285714284,550.4428571428572,4428.0,3808,5,6142.0,0.8599819331526649,11134.0,3.3778571428571427,14.0,116.55133333333336,38.93333333333333,1.257409735943955,exp_images/audio\PUNJABI\scooter.wav,IMG_14_P_ACT,exp_images/images/driver_wash_scooter.jpg,IMG_14,exp_images/sentences/Washed-scooter.jpg,STIM_14,stimuli_list_subj_12_a.csv,ACT,active,agent_first,agent_overt,0.0,
edf36,25,Punjabi,sentence_audio,passive,10439.0,4267.0,355.58333333333326,12.0,915.9,485.76666666666665,4502.0,3998,5,5447.0,0.8880497556641492,10439.0,2.4925,12.0,92.41083333333331,40.833333333333336,1.1495353961107386,exp_images/audio\PUNJABI\p_box.wav,IMG_05_P_PWA,exp_images/images/man_pushed_box.jpg,IMG_05,exp_images/sentences/Pushed-box-passive.jpg,STIM_23,stimuli_list_subj_12_a.csv,PWA,passive_with_agent,non_agent_first,agent_overt,1.0,0.0
edf36,26,Punjabi,sentence_audio,passive,10882.0,4392.0,366.0,12.0,831.3833333333333,626.1083333333332,4624.0,4078,5,5890.0,0.8819204152249135,10882.0,2.6308333333333342,12.0,79.33083333333333,30.66666666666667,1.1027384671935303,exp_images/audio\PUNJABI\p_sapling.wav,IMG_03_P_PWA,exp_images/images/girl_plant_tree.jpg,IMG_03,exp_images/sentences/Sapling-passive.jpg,STIM_21,stimuli_list_subj_12_a.csv,PWA,passive_with_agent,non_agent_first,agent_overt,1.0,0.0
edf36,27,Punjabi,sentence_audio,passive,11147.0,4443.0,444.3,10.0,873.99,535.87,4676.0,4676,4,6155.0,1.0,11147.0,2.7290000000000005,10.0,80.65500000000002,31.6,0.8971023593792051,exp_images/audio\PUNJABI\p_shrub.wav,IMG_04_P_PWA,exp_images/images/man_cut_shrub.jpg,IMG_04,exp_images/sentences/Shrub-passive.jpg,STIM_22,stimuli_list_subj_12_a.csv,PWA,passive_with_agent,non_agent_first,agent_overt,1.0,0.0
edf36,28,Punjabi,sentence_audio,passive_dropped_agent,10287.0,4503.0,409.3636363636364,11.0,876.4545454545455,717.5454545454545,4662.0,4135,3,5295.0,0.8869583869583869,10287.0,2.6045454545454545,11.0,80.91818181818181,30.0,1.0693107805968698,exp_images/audio\PUNJABI\p_woa_dug.wav,IMG_13_P_PNA,exp_images/images/dog_dug_hole.jpg,IMG_13,exp_images/sentences/Dog-dug-woa.jpg,STIM_49,stimuli_list_subj_12_a.csv,PNA,passive_dropped_agent,non_agent_first,agent_dropped,1.0,1.0
edf36,29,Punjabi,sentence_audio,passive_dropped_agent,10394.0,4262.0,355.16666666666674,12.0,953.8916666666668,454.5,4452.0,3516,4,5630.0,0.7897574123989218,10394.0,3.0825,12.0,117.4191666666667,45.0,1.1545122185876466,exp_images/audio\PUNJABI\p_woa_frisbee.wav,IMG_12_P_PNA,exp_images/images/child_throw_frisbee.jpg,IMG_12,exp_images/sentences/Frisbee-woa.jpg,STIM_48,stimuli_list_subj_12_a.csv,PNA,passive_dropped_agent,non_agent_first,agent_dropped,1.0,1.0
edf36,3,,free_viewing,,5813.0,4495.0,408.6363636363636,11.0,898.0909090909092,535.9181818181819,4547.0,4547,5,820.0,1.0,5813.0,3.6709090909090905,11.0,113.36454545454544,40.54545454545455,1.8923103388955789,UNDEFINEDnull,UNDEFINEDnull,exp_images/images/artiste_drew_picture.jpg,IMG_07,UNDEFINEDnull,UNDEFINEDnull,UNDEFINEDnull,UNDEFINEDnull,,,,,
edf36,30,Punjabi,sentence_audio,passive_dropped_agent,10620.0,4524.0,646.2857142857142,7.0,853.8142857142857,570.7285714285714,4757.0,3548,3,5898.0,0.7458482236703805,10620.0,2.8457142857142856,7.0,83.0642857142857,33.714285714285715,0.6591337099811676,exp_images/audio\PUNJABI\p_woa_tabla.wav,IMG_11_P_PNA,exp_images/images/child_play_tabla.jpg,IMG_11,exp_images/sentences/Tabla-woa.jpg,STIM_47,stimuli_list_subj_12_a.csv,PNA,passive_dropped_agent,non_agent_first,agent_dropped,1.0,1.0
edf36,31,English,sentence_audio,active,10931.0,4165.0,320.38461538461536,13.0,900.0692307692308,342.0153846153847,4392.0,4008,5,5939.0,0.9125683060109291,10931.0,2.53,13.0,93.2753846153846,46.153846153846146,1.1892781996157715,exp_images/audio\ENGLISH\picture.wav,IMG_07_E_ACT,exp_images/images/artiste_drew_picture.jpg,IMG_07,exp_images/sentences/active_artist_picture.jpg,STIM_61,stimuli_list_subj_12_a.csv,ACT,active,agent_first,agent_overt,0.0,
edf36,32,English,sentence_audio,active,11162.0,4072.0,407.2,10.0,890.21,486.22999999999985,4358.0,3762,4,6170.0,0.8632400183570446,11162.0,3.1072727272727265,11.0,115.53545454545456,58.72727272727273,0.9854864719584304,exp_images/audio\ENGLISH\cake.wav,IMG_15_E_ACT,exp_images/images/girl_baked_cake.jpg,IMG_15,exp_images/sentences/active_girl_cake.jpg,STIM_69,stimuli_list_subj_12_a.csv,ACT,active,agent_first,agent_overt,0.0,
edf36,33,English,sentence_audio,active,10510.0,4230.0,384.54545454545456,11.0,1036.5545454545454,477.8,4459.0,4230,4,5782.0,0.9486431935411528,10510.0,3.0181818181818185,11.0,108.34636363636363,48.54545454545455,1.0466222645099903,exp_images/audio\ENGLISH\window.wav,IMG_02_E_ACT,exp_images/images/girl_opened_window.jpg,IMG_02,exp_images/sentences/active_girl_window.jpg,STIM_56,stimuli_list_subj_12_a.csv,ACT,active,agent_first,agent_overt,0.0,
edf36,34,English,sentence_audio,passive,10642.0,4120.0,316.92307692307685,13.0,873.8923076923076,664.5923076923077,4364.0,3216,6,5926.0,0.7369385884509624,10642.0,4.236923076923077,13.0,114.02846153846156,48.30769230769231,1.2215748919376055,exp_images/audio\ENGLISH\p_fed.wav,IMG_16_E_PWA,exp_images/images/girl_fed_dog.jpg,IMG_16,exp_images/sentences/passive_girl_dog.jpg,STIM_88,stimuli_list_subj_12_a.csv,PWA,passive_with_agent,non_agent_first,agent_overt,1.0,0.0
edf36,35,English,sentence_audio,passive,10855.0,4503.0,750.5,6.0,979.8833333333333,701.8166666666666,4779.0,4503,3,6176.0,0.9422473320778404,10855.0,3.84,6.0,101.275,35.666666666666664,0.5527406725011516,exp_images/audio\ENGLISH\p_veg.wav,IMG_18_E_PWA,exp_images/images/boy_cut_vegetables.jpg,IMG_18,exp_images/sentences/passive_boy_vegetables.jpg,STIM_90,stimuli_list_subj_12_a.csv,PWA,passive_with_agent,non_agent_first,agent_overt,1.0,0.0
edf36,36,English,sentence_audio,passive,10593.0,4553.0,650.4285714285714,7.0,854.9285714285713,451.31428571428563,4782.0,4782,3,5601.0,1.0,10593.0,2.4742857142857138,7.0,75.9814285714286,30.0,0.6608137449258945,exp_images/audio\ENGLISH\p_vase.wav,IMG_08_E_PWA,exp_images/images/boy_broke_vase.jpg,IMG_08,exp_images/sentences/passive_boy_vase.jpg,STIM_80,stimuli_list_subj_12_a.csv,PWA,passive_with_agent,non_agent_first,agent_overt,1.0,0.0
edf36,4,,free_viewing,,6074.0,4246.0,424.6,10.0,878.4200000000002,545.2900000000002,4499.0,3766,4,1368.0,0.8370749055345632,6074.0,3.178,10.0,105.92,49.4,1.6463615409944024,UNDEFINEDnull,UNDEFINEDnull,exp_images/images/child_play_tabla.jpg,IMG_11,UNDEFINEDnull,UNDEFINEDnull,UNDEFINEDnull,UNDEFINEDnull,,,,,
edf36,5,,free_viewing,,5952.0,4346.0,543.25,8.0,913.1375,521.7249999999998,4624.0,4624,2,960.0,1.0,5952.0,1.8875,8.0,94.36374999999998,46.0,1.3440860215053765,UNDEFINEDnull,UNDEFINEDnull,exp_images/images/boy_broke_vase.jpg,IMG_08,UNDEFINEDnull,UNDEFINEDnull,UNDEFINEDnull,UNDEFINEDnull,,,,,
edf36,6,,free_viewing,,5705.0,4237.0,529.625,8.0,907.55,409.2,4513.0,4513,4,712.0,1.0,5705.0,3.29875,8.0,116.57125000000002,60.0,1.4022787028922001,UNDEFINEDnull,UNDEFINEDnull,exp_images/images/girl_lighted_lamp.jpg,IMG_01,UNDEFINEDnull,UNDEFINEDnull,UNDEFINEDnull,UNDEFINEDnull,,,,,
edf36,7,,free_viewing,,5710.0,4524.0,1131.0,4.0,988.55,617.125,4827.0,4524,3,1056.0,0.937228091982598,5710.0,5.7475,4.0,137.29500000000002,41.5,0.7005253940455342,UNDEFINEDnull,UNDEFINEDnull,exp_images/images/boy_cut_vegetables.jpg,IMG_18,UNDEFINEDnull,UNDEFINEDnull,UNDEFINEDnull,UNDEFINEDnull,,,,,
edf36,8,,free_viewing,,5736.0,4554.0,759.0,6.0,823.6666666666665,642.5500000000002,4786.0,4786,4,744.0,1.0,5736.0,3.388333333333333,6.0,95.52166666666666,34.333333333333336,1.0460251046025104,UNDEFINEDnull,UNDEFINEDnull,exp_images/images/girl_plant_tree.jpg,IMG_03,UNDEFINEDnull,UNDEFINEDnull,UNDEFINEDnull,UNDEFINEDnull,,,,,
edf36,9,,free_viewing,,5905.0,4373.0,728.8333333333335,6.0,1010.4166666666665,599.65,4700.0,4700,4,913.0,1.0,5905.0,2.983333333333333,6.0,114.01999999999998,48.66666666666666,1.0160880609652836,UNDEFINEDnull,UNDEFINEDnull,exp_images/images/women_read_letter.jpg,IMG_17,UNDEFINEDnull,UNDEFINEDnull,UNDEFINEDnull,UNDEFINEDnull,,,,,
edf37,1,,free_viewing,,5765.0,4267.0,304.7857142857143,14.0,935.5642857142856,343.7571428571428,4475.0,4475,5,802.0,1.0,5765.0,3.8164285714285713,14.0,97.41357142857142,34.857142857142854,2.4284475281873377,UNDEFINEDnull,UNDEFINEDnull,exp_images/images/artiste_drew_picture.jpg,IMG_07,UNDEFINEDnull,UNDEFINEDnull,UNDEFINEDnull,UNDEFINEDnull,,,,,
edf37,10,,free_viewing,,6036.0,4210.0,421.0,10.0,894.8299999999998,446.74,4368.0,4368,3,1044.0,1.0,6036.0,2.093,10.0,99.456,62.4,1.656726308813784,UNDEFINEDnull,UNDEFINEDnull,exp_images/images/women_read_letter.jpg,IMG_17,UNDEFINEDnull,UNDEFINEDnull,UNDEFINEDnull,UNDEFINEDnull,,,,,
edf37,11,,free_viewing,,5933.0,4183.0,418.3,10.0,987.18,418.29,4432.0,4432,5,941.0,1.0,5933.0,3.694,10.0,93.185,56.0,1.6854879487611665,UNDEFINEDnull,UNDEFINEDnull,exp_images/images/girl_opened_window.jpg,IMG_02,UNDEFINEDnull,UNDEFINEDnull,UNDEFINEDnull,UNDEFINEDnull,,,,,
edf37,12,,free_viewing,,5641.0,4319.0,431.9,10.0,861.4900000000001,544.6,4331.0,3463,5,648.0,0.7995843915954745,5641.0,4.008,10.0,218.99400000000003,66.2,1.7727353306151392,UNDEFINEDnull,UNDEFINEDnull,exp_images/images/child_play_tabla.jpg,IMG_11,UNDEFINEDnull,UNDEFINEDnull,UNDEFINEDnull,UNDEFINEDnull,,,,,
edf37,13,,free_viewing,,5760.0,4158.0,244.58823529411762,17.0,990.0529411764708,711.1470588235292,4319.0,4015,4,769.0,0.9296133364204676,5760.0,2.5123529411764705,17.0,97.28647058823529,39.52941176470589,2.951388888888889,UNDEFINEDnull,UNDEFINEDnull,exp_images/images/boy_cut_vegetables.jpg,IMG_18,UNDEFINEDnull,UNDEFINEDnull,UNDEFINEDnull,UNDEFINEDnull,,,,,
edf37,14,,free_viewing,,5850.0,4282.0,251.88235294117646,17.0,930.9352941176469,724.8176470588236,4434.0,3446,6,858.0,0.7771763644564728,5850.0,3.1335294117647066,17.0,87.97941176470589,32.823529411764696,2.9059829059829063,UNDEFINEDnull,UNDEFINEDnull,exp_images/images/dog_dug_hole.jpg,IMG_13,UNDEFINEDnull,UNDEFINEDnull,UNDEFINEDnull,UNDEFINEDnull,,,,,
edf37,15,,free_viewing,,5786.0,4200.0,280.0,15.0,926.3466666666667,591.78,4378.0,4378,6,794.0,1.0,5786.0,4.4137499999999985,16.0,102.01625,39.0,2.7652955409609405,UNDEFINEDnull,UNDEFINEDnull,exp_images/images/girl_lighted_lamp.jpg,IMG_01,UNDEFINEDnull,UNDEFINEDnull,UNDEFINEDnull,UNDEFINEDnull,,,,,
edf37,16,,free_viewing,,5772.0,4258.0,212.9,20.0,950.7900000000003,519.0600000000002,4404.0,4092,7,780.0,0.9291553133514986,5772.0,2.6325000000000003,20.0,78.46349999999998,29.4,3.465003465003465,UNDEFINEDnull,UNDEFINEDnull,exp_images/images/boy_opened_door.jpg,IMG_10,UNDEFINEDnull,UNDEFINEDnull,UNDEFINEDnull,UNDEFINEDnull,,,,,
edf37,17,,free_viewing,,5906.0,4264.0,304.57142857142856,14.0,977.8928571428571,389.41428571428565,4416.0,3880,7,1118.0,0.8786231884057971,5906.0,2.076,15.0,78.03266666666669,39.06666666666667,2.5397900440230274,UNDEFINEDnull,UNDEFINEDnull,exp_images/images/boy_filled_bucket.jpg,IMG_09,UNDEFINEDnull,UNDEFINEDnull,UNDEFINEDnull,UNDEFINEDnull,,,,,
edf37,18,,free_viewing,,5927.0,4279.0,329.15384615384613,13.0,858.8230769230769,397.84615384615387,4413.0,4413,10,934.0,1.0,5927.0,3.074615384615385,13.0,94.42384615384616,44.615384615384606,2.193352454867556,UNDEFINEDnull,UNDEFINEDnull,exp_images/images/boy_broke_vase.jpg,IMG_08,UNDEFINEDnull,UNDEFINEDnull,UNDEFINEDnull,UNDEFINEDnull,,,,,
edf37,19,Punjabi,sentence_audio,active,10838.0,4314.0,253.7647058823529,17.0,875.6235294117647,630.4058823529411,4382.0,3522,5,6142.0,0.8037425832952989,10838.0,4.233529411764706,17.0,102.01058823529414,35.882352941176464,1.5685550839638311,exp_images/audio\PUNJABI\tabla.wav,IMG_11_P_ACT,exp_images/images/child_play_tabla.jpg,IMG_11,exp_images/sentences/Tabla.jpg,STIM_11,stimuli_list_subj_1_b.csv,ACT,active,agent_first,agent_overt,0.0,
edf37,2,,free_viewing,,6119.0,4419.0,339.92307692307685,13.0,873.7692307692306,468.0615384615384,4582.0,4446,4,1127.0,0.9703186381492798,6119.0,3.1369230769230767,13.0,84.08384615384615,31.538461538461537,2.1245301519856192,UNDEFINEDnull,UNDEFINEDnull,exp_images/images/man_cut_shrub.jpg,IMG_04,UNDEFINEDnull,UNDEFINEDnull,UNDEFINEDnull,UNDEFINEDnull,,,,,
edf37,20,Punjabi,sentence_audio,active,11070.0,4160.0,378.1818181818182,11.0,879.7545454545456,433.7363636363636,4300.0,4300,8,6078.0,1.0,11070.0,2.17,11.0,214.75181818181815,62.90909090909091,0.9936766034327008,exp_images/audio\PUNJABI\door.wav,IMG_10_P_ACT,exp_images/images/boy_opened_door.jpg,IMG_10,exp_images/sentences/Closed-door.jpg,STIM_10,stimuli_list_subj_1_b.csv,ACT,active,agent_first,agent_overt,0.0,
edf37,21,Punjabi,sentence_audio,active,10977.0,4364.0,311.7142857142857,14.0,948.4714285714284,415.1214285714285,4581.0,4397,8,5985.0,0.9598340973586552,10977.0,1.8806666666666665,15.0,62.45399999999999,28.66666666666667,1.366493577480186,exp_images/audio\PUNJABI\bucket.wav,IMG_09_P_ACT,exp_images/images/boy_filled_bucket.jpg,IMG_09,exp_images/sentences/Bucket.jpg,STIM_09,stimuli_list_subj_1_b.csv,ACT,active,agent_first,agent_overt,0.0,
edf37,22,Punjabi,sentence_audio,passive,10905.0,4372.0,336.3076923076923,13.0,836.2538461538463,615.6461538461538,4513.0,3637,6,5913.0,0.8058940837580324,10905.0,3.155,14.0,86.69214285714285,35.0,1.2838147638697843,exp_images/audio\PUNJABI\p_fed.wav,IMG_16_P_PWA,exp_images/images/girl_fed_dog.jpg,IMG_16,exp_images/sentences/Fed-dog-passive.jpg,STIM_34,stimuli_list_subj_1_b.csv,PWA,passive_with_agent,non_agent_first,agent_overt,1.0,0.0
edf37,23,Punjabi,sentence_audio,passive,11141.0,4307.0,307.64285714285717,14.0,904.4428571428572,456.7428571428572,4458.0,4458,5,6149.0,1.0,11141.0,3.9278571428571434,14.0,92.15214285714286,38.142857142857146,1.2566196930257607,exp_images/audio\PUNJABI\p_scooter.wav,IMG_14_P_PWA,exp_images/images/driver_wash_scooter.jpg,IMG_14,exp_images/sentences/Washed-scooter-passive.jpg,STIM_32,stimuli_list_subj_1_b.csv,PWA,passive_with_agent,non_agent_first,agent_overt,1.0,0.0
edf37,24,Punjabi,sentence_audio,passive,10578.0,4066.0,254.125,16.0,829.4875000000002,395.975,4198.0,4198,6,5586.0,1.0,10578.0,3.6024999999999987,16.0,103.9625,49.625,1.5125732652675363,exp_images/audio\PUNJABI\p_picture.wav,IMG_07_P_PWA,exp_images/images/artiste_drew_picture.jpg,IMG_07,exp_images/sentences/Painting-passive.jpg,STIM_25,stimuli_list_subj_1_b.csv,PWA,passive_with_agent,non_agent_first,agent_overt,1.0,0.0
edf37,25,Punjabi,sentence_audio,passive_dropped_agent,11140.0,4096.0,315.07692307692315,13.0,855.2615384615383,500.1,4300.0,3830,8,6148.0,0.8906976744186047,11140.0,4.2046153846153835,13.0,98.82538461538459,53.230769230769226,1.1669658886894074,exp_images/audio\PUNJABI\p_woa_sapling.wav,IMG_03_P_PNA,exp_images/images/girl_plant_tree.jpg,IMG_03,exp_images/sentences/Sapling-woa.jpg,STIM_39,stimuli_list_subj_1_b.csv,PNA,passive_dropped_agent,non_agent_first,agent_dropped,1.0,1.0
edf37,26,Punjabi,sentence_audio,passive_dropped_agent,10872.0,4112.0,216.421052631579,19.0,967.3,445.0315789473684,4267.0,3398,8,6070.0,0.796344035622217,10872.0,3.7289999999999996,20.0,92.66550000000002,36.8,1.839587932303164,exp_images/audio\PUNJABI\p_woa_frisbee.wav,IMG_12_P_PNA,exp_images/images/child_throw_frisbee.jpg,IMG_12,exp_images/sentences/Frisbee-woa.jpg,STIM_48,stimuli_list_subj_1_b.csv,PNA,passive_dropped_agent,non_agent_first,agent_dropped,1.0,1.0
edf37,27,Punjabi,sentence_audio,passive_dropped_agent,10633.0,4281.0,356.75,12.0,863.0666666666667,431.775,4431.0,4431,9,5640.0,1.0,10633.0,2.898333333333333,12.0,93.82166666666667,46.83333333333334,1.1285620238878962,exp_images/audio\PUNJABI\p_woa_vase.wav,IMG_08_P_PNA,exp_images/images/boy_broke_vase.jpg,IMG_08,exp_images/sentences/Vase-woa.jpg,STIM_44,stimuli_list_subj_1_b.csv,PNA,passive_dropped_agent,non_agent_first,agent_dropped,1.0,1.0
edf37,28,English,sentence_audio,active,10533.0,4227.0,301.92857142857144,14.0,915.8071428571428,484.05714285714276,4298.0,4275,5,5541.0,0.9946486738017682,10533.0,3.3628571428571425,14.0,115.05428571428571,49.57142857142857,1.3291559859489226,exp_images/audio\ENGLISH\box.wav,IMG_05_E_ACT,exp_images/images/man_pushed_box.jpg,IMG_05,exp_images/sentences/active_man_box.jpg,STIM_59,stimuli_list_subj_1_b.csv,ACT,active,agent_first,agent_overt,0.0,
edf37,29,English,sentence_audio,active,10564.0,4378.0,312.7142857142857,14.0,889.9714285714286,553.1,4571.0,4571,6,5571.0,1.0,10564.0,2.5264285714285712,14.0,75.92642857142856,30.142857142857146,1.3252555850056795,exp_images/audio\ENGLISH\shrub.wav,IMG_04_E_ACT,exp_images/images/man_cut_shrub.jpg,IMG_04,exp_images/sentences/active_man_shrub.jpg,STIM_58,stimuli_list_subj_1_b.csv,ACT,active,agent_first,agent_overt,0.0,
edf37,3,,free_viewing,,5773.0,3791.0,223.0,17.0,847.0823529411763,534.1823529411765,4052.0,3782,5,781.0,0.9333662388943732,5773.0,4.0699999999999985,17.0,159.32705882352943,55.29411764705882,2.9447427680582017,UNDEFINEDnull,UNDEFINEDnull,exp_images/images/driver_wash_scooter.jpg,IMG_14,UNDEFINEDnull,UNDEFINEDnull,UNDEFINEDnull,UNDEFINEDnull,,,,,
edf37,30,English,sentence_audio,active,10415.0,4585.0,573.125,8.0,954.5375,408.0,4740.0,4610,3,5423.0,0.9725738396624471,10415.0,2.79,8.0,79.28875,31.5,0.7681228996639463,exp_images/audio\ENGLISH\window.wav,IMG_02_E_ACT,exp_images/images/girl_opened_window.jpg,IMG_02,exp_images/sentences/active_girl_window.jpg,STIM_56,stimuli_list_subj_1_b.csv,ACT,active,agent_first,agent_overt,0.0,
edf37,31,English,sentence_audio,passive,10465.0,4107.0,241.58823529411762,17.0,953.4,688.4235294117647,4263.0,3781,5,5472.0,0.886934083978419,10465.0,2.5088235294117647,17.0,88.67882352941177,42.941176470588225,1.6244624940277117,exp_images/audio\ENGLISH\p_dug.wav,IMG_13_E_PWA,exp_images/images/dog_dug_hole.jpg,IMG_13,exp_images/sentences/passive_dog_hole.jpg,STIM_85,stimuli_list_subj_1_b.csv,PWA,passive_with_agent,non_agent_first,agent_overt,1.0,0.0
edf37,32,English,sentence_audio,passive,10529.0,4359.0,335.3076923076923,13.0,960.6923076923077,731.3846153846154,4524.0,4524,4,5537.0,1.0,10529.0,2.984615384615384,13.0,69.48307692307691,36.0,1.234685155285402,exp_images/audio\ENGLISH\p_veg.wav,IMG_18_E_PWA,exp_images/images/boy_cut_vegetables.jpg,IMG_18,exp_images/sentences/passive_boy_vegetables.jpg,STIM_90,stimuli_list_subj_1_b.csv,PWA,passive_with_agent,non_agent_first,agent_overt,1.0,0.0
edf37,33,English,sentence_audio,passive,10621.0,4591.0,353.15384615384613,13.0,907.8076923076924,527.3076923076922,4669.0,4079,6,5628.0,0.8736346112657957,10621.0,1.7946153846153845,13.0,63.699230769230745,24.923076923076927,1.2239902080783354,exp_images/audio\ENGLISH\p_cake.wav,IMG_15_E_PWA,exp_images/images/girl_baked_cake.jpg,IMG_15,exp_images/sentences/passive_girl_cake.jpg,STIM_87,stimuli_list_subj_1_b.csv,PWA,passive_with_agent,non_agent_first,agent_overt,1.0,0.0
edf37,34,English,sentence_audio,passive_dropped_agent,10748.0,4412.0,294.1333333333333,15.0,941.7733333333333,548.1666666666666,4605.0,4412,4,5972.0,0.9580890336590664,10748.0,1.848666666666667,15.0,60.027333333333324,25.86666666666667,1.3956084852995907,exp_images/audio\ENGLISH\p_woa_clothes.wav,IMG_06_E_PNA,exp_images/images/women_fold_clothes.jpg,IMG_06,exp_images/sentences/noagent_woman_clothes.jpg,STIM_96,stimuli_list_subj_1_b.csv,PNA,passive_dropped_agent,non_agent_first,agent_dropped,1.0,1.0
edf37,35,English,sentence_audio,passive_dropped_agent,10933.0,3205.0,320.5,10.0,987.11,454.02,3388.0,2410,4,5941.0,0.7113341204250295,10933.0,2.177,10.0,171.79000000000005,160.4,0.914662032379036,exp_images/audio\ENGLISH\p_woa_letter.wav,IMG_17_E_PNA,exp_images/images/women_read_letter.jpg,IMG_17,exp_images/sentences/noagent_women_letter.jpg,STIM_107,stimuli_list_subj_1_b.csv,PNA,passive_dropped_agent,non_agent_first,agent_dropped,1.0,1.0
edf37,36,English,sentence_audio,passive_dropped_agent,10651.0,3889.0,194.45,20.0,818.0699999999998,531.8399999999998,4099.0,3889,3,5894.0,0.9487679921932178,10651.0,2.0295,20.0,73.202,44.7,1.8777579569993428,exp_images/audio\ENGLISH\p_woa_lamp.wav,IMG_01_E_PNA,exp_images/images/girl_lighted_lamp.jpg,IMG_01,exp_images/sentences/noagent_girl_lamp.jpg,STIM_91,stimuli_list_subj_1_b.csv,PNA,passive_dropped_agent,non_agent_first,agent_dropped,1.0,1.0
edf37,4,,free_viewing,,5782.0,4132.0,344.33333333333326,12.0,906.8333333333336,493.66666666666674,4278.0,4036,8,790.0,0.943431510051426,5782.0,2.405,12.0,179.68666666666667,59.5,2.0754064337599445,UNDEFINEDnull,UNDEFINEDnull,exp_images/images/girl_baked_cake.jpg,IMG_15,UNDEFINEDnull,UNDEFINEDnull,UNDEFINEDnull,UNDEFINEDnull,,,,,
edf37,5,,free_viewing,,5941.0,4131.0,344.25,12.0,987.9583333333336,480.62500000000006,4271.0,3833,5,1126.0,0.8974479044720206,5941.0,4.448333333333333,12.0,131.76083333333335,60.16666666666666,2.0198619760983,UNDEFINEDnull,UNDEFINEDnull,exp_images/images/child_throw_frisbee.jpg,IMG_12,UNDEFINEDnull,UNDEFINEDnull,UNDEFINEDnull,UNDEFINEDnull,,,,,
edf37,6,,free_viewing,,5736.0,4252.0,327.07692307692315,13.0,862.0307692307692,527.2538461538462,4384.0,3674,6,912.0,0.8380474452554745,5736.0,3.5961538461538463,13.0,140.0253846153846,46.769230769230774,2.2663877266387726,UNDEFINEDnull,UNDEFINEDnull,exp_images/images/girl_fed_dog.jpg,IMG_16,UNDEFINEDnull,UNDEFINEDnull,UNDEFINEDnull,UNDEFINEDnull,,,,,
edf37,7,,free_viewing,,5937.0,3971.0,220.61111111111111,18.0,823.9722222222223,584.1055555555556,4158.0,3764,7,945.0,0.9052429052429052,5937.0,3.4600000000000004,18.0,90.87833333333332,46.33333333333334,3.031834259727135,UNDEFINEDnull,UNDEFINEDnull,exp_images/images/girl_plant_tree.jpg,IMG_03,UNDEFINEDnull,UNDEFINEDnull,UNDEFINEDnull,UNDEFINEDnull,,,,,
edf37,8,,free_viewing,,5741.0,4273.0,267.0625,16.0,1005.35,384.85625,4474.0,4166,7,749.0,0.9311578006258382,5741.0,3.0,16.0,83.87312499999999,32.375,2.7869709109911165,UNDEFINEDnull,UNDEFINEDnull,exp_images/images/man_pushed_box.jpg,IMG_05,UNDEFINEDnull,UNDEFINEDnull,UNDEFINEDnull,UNDEFINEDnull,,,,,
edf37,9,,free_viewing,,5760.0,4442.0,341.6923076923077,13.0,898.4846153846155,531.2846153846153,4576.0,4538,7,768.0,0.9916958041958042,5760.0,2.9923076923076923,13.0,81.82384615384616,32.0,2.2569444444444446,UNDEFINEDnull,UNDEFINEDnull,exp_images/images/women_fold_clothes.jpg,IMG_06,UNDEFINEDnull,UNDEFINEDnull,UNDEFINEDnull,UNDEFINEDnull,,,,,
edf38,1,,free_viewing,,5807.0,4525.0,377.08333333333326,12.0,991.9416666666664,438.0333333333333,4673.0,4673,7,820.0,1.0,5807.0,2.4453846153846155,13.0,90.17692307692309,26.0,2.2386774582400553,UNDEFINEDnull,UNDEFINEDnull,exp_images/images/boy_opened_door.jpg,IMG_10,UNDEFINEDnull,UNDEFINEDnull,UNDEFINEDnull,UNDEFINEDnull,,,,,
edf38,10,,free_viewing,,5843.0,4135.0,459.4444444444445,9.0,1060.8444444444444,564.0555555555553,4435.0,4393,6,850.0,0.9905298759864712,5843.0,5.8277777777777775,9.0,130.44666666666663,62.0,1.5403046380284098,UNDEFINEDnull,UNDEFINEDnull,exp_images/images/women_fold_clothes.jpg,IMG_06,UNDEFINEDnull,UNDEFINEDnull,UNDEFINEDnull,UNDEFINEDnull,,,,,
edf38,11,,free_viewing,,6092.0,3890.0,389.0,10.0,984.17,555.33,4210.0,3890,3,1450.0,0.9239904988123516,6092.0,2.693,10.0,96.82600000000001,78.2,1.6414970453053186,UNDEFINEDnull,UNDEFINEDnull,exp_images/images/boy_cut_vegetables.jpg,IMG_18,UNDEFINEDnull,UNDEFINEDnull,UNDEFINEDnull,UNDEFINEDnull,,,,,
edf38,12,,free_viewing,,5659.0,4276.0,285.06666666666666,15.0,908.8133333333333,485.2,4517.0,4345,6,667.0,0.9619216294000444,5659.0,3.41,16.0,104.865,30.875,2.8273546562997,UNDEFINEDnull,UNDEFINEDnull,exp_images/images/artiste_drew_picture.jpg,IMG_07,UNDEFINEDnull,UNDEFINEDnull,UNDEFINEDnull,UNDEFINEDnull,,,,,
edf38,13,,free_viewing,,5955.0,4312.0,287.46666666666664,15.0,902.1733333333334,611.4599999999998,4557.0,3959,6,963.0,0.868773315777924,5955.0,3.350625,16.0,105.96375,28.375,2.686817800167926,UNDEFINEDnull,UNDEFINEDnull,exp_images/images/girl_fed_dog.jpg,IMG_16,UNDEFINEDnull,UNDEFINEDnull,UNDEFINEDnull,UNDEFINEDnull,,,,,
edf38,14,,free_viewing,,5894.0,4300.0,390.9090909090909,11.0,1056.527272727273,487.9363636363637,4576.0,4126,4,1206.0,0.9016608391608392,5894.0,3.158333333333333,12.0,116.63166666666667,36.16666666666666,2.035968781812012,UNDEFINEDnull,UNDEFINEDnull,exp_images/images/girl_opened_window.jpg,IMG_02,UNDEFINEDnull,UNDEFINEDnull,UNDEFINEDnull,UNDEFINEDnull,,,,,
edf38,15,,free_viewing,,5831.0,4391.0,337.76923076923083,13.0,908.2076923076925,533.6923076923076,4615.0,3756,5,1090.0,0.8138678223185265,5831.0,3.2361538461538464,13.0,100.43461538461537,29.07692307692308,2.2294632138569708,UNDEFINEDnull,UNDEFINEDnull,exp_images/images/child_play_tabla.jpg,IMG_11,UNDEFINEDnull,UNDEFINEDnull,UNDEFINEDnull,UNDEFINEDnull,,,,,
edf38,16,,free_viewing,,5902.0,4262.0,304.42857142857144,14.0,1069.7285714285715,479.7785714285714,4495.0,4059,5,909.0,0.9030033370411568,5902.0,4.009285714285714,14.0,102.53142857142859,35.57142857142857,2.372077261945104,UNDEFINEDnull,UNDEFINEDnull,exp_images/images/man_pushed_box.jpg,IMG_05,UNDEFINEDnull,UNDEFINEDnull,UNDEFINEDnull,UNDEFINEDnull,,,,,
edf38,17,,free_viewing,,6133.0,4407.0,489.66666666666674,9.0,1008.0333333333334,582.3888888888888,4697.0,4697,4,1140.0,1.0,6133.0,3.82,9.0,106.40555555555555,32.888888888888886,1.4674710582096853,UNDEFINEDnull,UNDEFINEDnull,exp_images/images/women_read_letter.jpg,IMG_17,UNDEFINEDnull,UNDEFINEDnull,UNDEFINEDnull,UNDEFINEDnull,,,,,
edf38,18,,free_viewing,,6052.0,4404.0,367.0,12.0,926.5750000000003,524.9416666666667,4656.0,4422,7,1060.0,0.9497422680412372,6052.0,3.435833333333333,12.0,110.33083333333332,28.0,1.982815598149372,UNDEFINEDnull,UNDEFINEDnull,exp_images/images/boy_broke_vase.jpg,IMG_08,UNDEFINEDnull,UNDEFINEDnull,UNDEFINEDnull,UNDEFINEDnull,,,,,
edf38,19,Punjabi,sentence_audio,passive,10445.0,4293.0,268.3125,16.0,972.90625,463.19999999999993,4541.0,3093,5,5730.0,0.6811275049548557,10445.0,3.04375,16.0,93.139375,28.25,1.5318334131163236,exp_images/audio\PUNJABI\p_tabla.wav,IMG_11_P_PWA,exp_images/images/child_play_tabla.jpg,IMG_11,exp_images/sentences/Tabla-passive.jpg,STIM_29,stimuli_list_subj_2_b.csv,PWA,passive_with_agent,non_agent_first,agent_overt,1.0,0.0
edf38,2,,free_viewing,,5719.0,4167.0,231.5,18.0,936.6111111111113,459.7611111111111,4462.0,4462,5,727.0,1.0,5719.0,3.2944444444444434,18.0,105.88111111111108,29.444444444444446,3.1474033922014337,UNDEFINEDnull,UNDEFINEDnull,exp_images/images/driver_wash_scooter.jpg,IMG_14,UNDEFINEDnull,UNDEFINEDnull,UNDEFINEDnull,UNDEFINEDnull,,,,,
edf38,20,Punjabi,sentence_audio,passive,10630.0,4400.0,733.3333333333335,6.0,980.4166666666665,481.7833333333333,4663.0,4663,4,5639.0,1.0,10630.0,3.2371428571428567,7.0,139.50714285714284,49.42857142857143,0.658513640639699,exp_images/audio\PUNJABI\p_door.wav,IMG_10_P_PWA,exp_images/images/boy_opened_door.jpg,IMG_10,exp_images/sentences/Closed-door-passive.jpg,STIM_28,stimuli_list_subj_2_b.csv,PWA,passive_with_agent,non_agent_first,agent_overt,1.0,0.0
edf38,21,Punjabi,sentence_audio,passive,10577.0,4164.0,260.25,16.0,986.79375,482.81875000000014,4412.0,4130,7,5584.0,0.9360834088848596,10577.0,2.7568749999999995,16.0,97.1441176470588,35.411764705882355,1.5127162711543916,exp_images/audio\PUNJABI\p_bucket.wav,IMG_09_P_PWA,exp_images/images/boy_filled_bucket.jpg,IMG_09,exp_images/sentences/Bucket-passive.jpg,STIM_27,stimuli_list_subj_2_b.csv,PWA,passive_with_agent,non_agent_first,agent_overt,1.0,0.0
edf38,22,Punjabi,sentence_audio,passive_dropped_agent,10842.0,4410.0,367.5,12.0,947.7083333333335,735.3666666666667,4692.0,1706,4,6158.0,0.3635976129582268,10842.0,2.0483333333333333,12.0,78.89666666666666,25.0,1.1068068622025455,exp_images/audio\PUNJABI\p_woa_fed.wav,IMG_16_P_PNA,exp_images/images/girl_fed_dog.jpg,IMG_16,exp_images/sentences/Fed-dog-woa.jpg,STIM_52,stimuli_list_subj_2_b.csv,PNA,passive_dropped_agent,non_agent_first,agent_dropped,1.0,1.0
edf38,23,Punjabi,sentence_audio,passive_dropped_agent,10711.0,4076.0,271.73333333333335,15.0,914.0133333333333,413.7466666666666,4299.0,4279,7,5719.0,0.9953477552919284,10711.0,3.495625,16.0,120.5875,44.0,1.493791429371674,exp_images/audio\PUNJABI\p_woa_scooter.wav,IMG_14_P_PNA,exp_images/images/driver_wash_scooter.jpg,IMG_14,exp_images/sentences/Washed-scooter-woa.jpg,STIM_50,stimuli_list_subj_2_b.csv,PNA,passive_dropped_agent,non_agent_first,agent_dropped,1.0,1.0
edf38,24,Punjabi,sentence_audio,passive_dropped_agent,10399.0,4269.0,304.92857142857144,14.0,920.0142857142856,398.5214285714286,4497.0,4453,6,5406.0,0.9902156993551255,10399.0,4.286428571428572,14.0,119.2507142857143,35.42857142857143,1.346283296470815,exp_images/audio\PUNJABI\p_woa_picture.wav,IMG_07_P_PNA,exp_images/images/artiste_drew_picture.jpg,IMG_07,exp_images/sentences/Painting-woa.jpg,STIM_43,stimuli_list_subj_2_b.csv,PNA,passive_dropped_agent,non_agent_first,agent_dropped,1.0,1.0
edf38,25,English,sentence_audio,active,10948.0,4110.0,256.875,16.0,901.0375,555.48125,4340.0,3960,6,5956.0,0.912442396313364,10948.0,3.358125,16.0,109.395,40.75,1.4614541468761415,exp_images/audio\ENGLISH\sapling.wav,IMG_03_E_ACT,exp_images/images/girl_plant_tree.jpg,IMG_03,exp_images/sentences/active_girl_sapling.jpg,STIM_57,stimuli_list_subj_2_b.csv,ACT,active,agent_first,agent_overt,0.0,
edf38,26,English,sentence_audio,active,10978.0,4050.0,238.2352941176471,17.0,953.3117647058824,406.6941176470588,4295.0,3462,8,6258.0,0.8060535506402794,10978.0,4.1905882352941175,17.0,104.91470588235296,41.058823529411775,1.5485516487520496,exp_images/audio\ENGLISH\frisbee.wav,IMG_12_E_ACT,exp_images/images/child_throw_frisbee.jpg,IMG_12,exp_images/sentences/active_child_frisbee.jpg,STIM_66,stimuli_list_subj_2_b.csv,ACT,active,agent_first,agent_overt,0.0,
edf38,27,English,sentence_audio,active,11002.0,4158.0,415.8,10.0,879.0,431.79000000000013,4402.0,4402,6,6010.0,1.0,11002.0,2.1945454545454544,11.0,85.85454545454544,54.72727272727273,0.9998182148700236,exp_images/audio\ENGLISH\vase.wav,IMG_08_E_ACT,exp_images/images/boy_broke_vase.jpg,IMG_08,exp_images/sentences/active_boy_vase.jpg,STIM_62,stimuli_list_subj_2_b.csv,ACT,active,agent_first,agent_overt,0.0,
edf38,28,English,sentence_audio,passive,10317.0,4027.0,366.09090909090907,11.0,1127.4272727272728,413.60909090909087,4229.0,4057,6,5324.0,0.9593284464412389,10317.0,3.785454545454546,11.0,137.4590909090909,69.45454545454545,1.06620141514006,exp_images/audio\ENGLISH\p_box.wav,IMG_05_E_PWA,exp_images/images/man_pushed_box.jpg,IMG_05,exp_images/sentences/passive_man_box.jpg,STIM_77,stimuli_list_subj_2_b.csv,PWA,passive_with_agent,non_agent_first,agent_overt,1.0,0.0
edf38,29,English,sentence_audio,passive,10572.0,4206.0,323.53846153846155,13.0,957.6,447.20769230769235,4442.0,4176,7,5580.0,0.940117064385412,10572.0,2.8238461538461537,13.0,111.50692307692309,42.307692307692314,1.2296632614453271,exp_images/audio\ENGLISH\p_shrub.wav,IMG_04_E_PWA,exp_images/images/man_cut_shrub.jpg,IMG_04,exp_images/sentences/passive_man_shrub.jpg,STIM_76,stimuli_list_subj_2_b.csv,PWA,passive_with_agent,non_agent_first,agent_overt,1.0,0.0
edf38,3,,free_viewing,,5985.0,4245.0,326.53846153846155,13.0,896.0153846153845,624.4384615384615,4473.0,4057,3,992.0,0.9069975408003575,5985.0,3.474615384615385,13.0,207.6192307692308,40.0,2.172096908939014,UNDEFINEDnull,UNDEFINEDnull,exp_images/images/dog_dug_hole.jpg,IMG_13,UNDEFINEDnull,UNDEFINEDnull,UNDEFINEDnull,UNDEFINEDnull,,,,,
edf38,30,English,sentence_audio,passive,10413.0,4163.0,416.3,10.0,964.43,423.68,4500.0,4500,5,5421.0,1.0,10413.0,3.458,10.0,110.271,49.2,0.9603380389897244,exp_images/audio\ENGLISH\p_window.wav,IMG_02_E_PWA,exp_images/images/girl_opened_window.jpg,IMG_02,exp_images/sentences/passive_girl_window.jpg,STIM_74,stimuli_list_subj_2_b.csv,PWA,passive_with_agent,non_agent_first,agent_overt,1.0,0.0
edf38,31,English,sentence_audio,passive_dropped_agent,10328.0,4630.0,356.15384615384613,13.0,967.7230769230767,672.1076923076923,4647.0,4647,5,5335.0,1.0,10328.0,2.4057142857142857,14.0,82.97142857142856,26.0,1.3555383423702556,exp_images/audio\ENGLISH\p_woa_dug.wav,IMG_13_E_PNA,exp_images/images/dog_dug_hole.jpg,IMG_13,exp_images/sentences/noagent_dog_hole.jpg,STIM_103,stimuli_list_subj_2_b.csv,PNA,passive_dropped_agent,non_agent_first,agent_dropped,1.0,1.0
edf38,32,English,sentence_audio,passive_dropped_agent,10419.0,4389.0,399.0,11.0,945.8727272727272,610.0818181818182,4609.0,4609,7,5426.0,1.0,10419.0,4.1054545454545455,11.0,102.28909090909092,34.90909090909091,1.05576350897399,exp_images/audio\ENGLISH\p_woa_veg.wav,IMG_18_E_PNA,exp_images/images/boy_cut_vegetables.jpg,IMG_18,exp_images/sentences/noagent_boy_vegetables.jpg,STIM_108,stimuli_list_subj_2_b.csv,PNA,passive_dropped_agent,non_agent_first,agent_dropped,1.0,1.0
edf38,33,English,sentence_audio,passive_dropped_agent,10327.0,4179.0,278.6,15.0,908.48,462.7466666666666,4399.0,4027,5,5334.0,0.9154353262105024,10327.0,2.1546666666666665,15.0,90.44933333333334,39.6,1.452503147090152,exp_images/audio\ENGLISH\p_woa_cake.wav,IMG_15_E_PNA,exp_images/images/girl_baked_cake.jpg,IMG_15,exp_images/sentences/noagent_girl_cake.jpg,STIM_105,stimuli_list_subj_2_b.csv,PNA,passive_dropped_agent,non_agent_first,agent_dropped,1.0,1.0
edf38,34,Punjabi,sentence_audio,active,11174.0,4472.0,298.1333333333333,15.0,955.6533333333334,487.06666666666666,4516.0,4188,6,6182.0,0.9273693534100974,11174.0,3.2324999999999995,16.0,87.923125,30.5,1.4318954716305712,exp_images/audio\PUNJABI\clothes.wav,IMG_06_P_ACT,exp_images/images/women_fold_clothes.jpg,IMG_06,exp_images/sentences/Folded-clothes.jpg,STIM_06,stimuli_list_subj_2_b.csv,ACT,active,agent_first,agent_overt,0.0,
edf38,35,Punjabi,sentence_audio,active,10208.0,4508.0,346.76923076923083,13.0,1023.8153846153847,488.77692307692314,4510.0,4510,5,5216.0,1.0,10208.0,2.0900000000000003,13.0,86.5876923076923,37.07692307692308,1.2735109717868338,exp_images/audio\PUNJABI\letter.wav,IMG_17_P_ACT,exp_images/images/women_read_letter.jpg,IMG_17,exp_images/sentences/Letter.jpg,STIM_17,stimuli_list_subj_2_b.csv,ACT,active,agent_first,agent_overt,0.0,
edf38,36,Punjabi,sentence_audio,active,10478.0,4142.0,295.85714285714283,14.0,864.3285714285713,572.8142857142857,4326.0,3970,6,5498.0,0.917706888580675,10478.0,3.818125,16.0,112.08249999999998,43.375,1.5270089711777055,exp_images/audio\PUNJABI\lamp.wav,IMG_01_P_ACT,exp_images/images/girl_lighted_lamp.jpg,IMG_01,exp_images/sentences/Lamp.jpg,STIM_01,stimuli_list_subj_2_b.csv,ACT,active,agent_first,agent_overt,0.0,
edf38,4,,free_viewing,,5670.0,4322.0,270.125,16.0,1001.65625,439.70625,4573.0,4573,6,677.0,1.0,5670.0,2.26625,16.0,82.42937500000002,26.25,2.8218694885361546,UNDEFINEDnull,UNDEFINEDnull,exp_images/images/boy_filled_bucket.jpg,IMG_09,UNDEFINEDnull,UNDEFINEDnull,UNDEFINEDnull,UNDEFINEDnull,,,,,
edf38,5,,free_viewing,,5726.0,4426.0,402.3636363636364,11.0,880.8090909090909,537.5545454545454,4674.0,4320,3,734.0,0.9242618741976892,5726.0,3.127272727272727,11.0,100.1590909090909,28.90909090909091,1.921061823262312,UNDEFINEDnull,UNDEFINEDnull,exp_images/images/girl_plant_tree.jpg,IMG_03,UNDEFINEDnull,UNDEFINEDnull,UNDEFINEDnull,UNDEFINEDnull,,,,,
edf38,6,,free_viewing,,5883.0,4315.0,269.6875,16.0,690.9937500000002,500.66875,4364.0,3830,9,891.0,0.8776351970669111,5883.0,7.025625,16.0,152.396875,39.25,2.71970083290838,UNDEFINEDnull,UNDEFINEDnull,exp_images/images/man_cut_shrub.jpg,IMG_04,UNDEFINEDnull,UNDEFINEDnull,UNDEFINEDnull,UNDEFINEDnull,,,,,
edf38,7,,free_viewing,,5969.0,4489.0,498.77777777777777,9.0,934.5888888888887,471.77777777777777,4754.0,4754,5,977.0,1.0,5969.0,2.536666666666667,9.0,88.75,26.444444444444446,1.5077902496230524,UNDEFINEDnull,UNDEFINEDnull,exp_images/images/girl_baked_cake.jpg,IMG_15,UNDEFINEDnull,UNDEFINEDnull,UNDEFINEDnull,UNDEFINEDnull,,,,,
edf38,8,,free_viewing,,6105.0,4291.0,357.58333333333326,12.0,995.2166666666667,502.4083333333333,4515.0,3232,5,1368.0,0.7158361018826135,6105.0,4.565833333333333,12.0,122.71333333333335,39.833333333333336,1.9656019656019652,UNDEFINEDnull,UNDEFINEDnull,exp_images/images/child_throw_frisbee.jpg,IMG_12,UNDEFINEDnull,UNDEFINEDnull,UNDEFINEDnull,UNDEFINEDnull,,,,,
edf38,9,,free_viewing,,5907.0,4363.0,290.8666666666667,15.0,895.0333333333334,442.62666666666667,4601.0,4601,4,914.0,1.0,5907.0,2.530666666666667,15.0,90.04799999999999,26.13333333333333,2.5393600812595225,UNDEFINEDnull,UNDEFINEDnull,exp_images/images/girl_lighted_lamp.jpg,IMG_01,UNDEFINEDnull,UNDEFINEDnull,UNDEFINEDnull,UNDEFINEDnull,,,,,
edf39,1,,free_viewing,,6137.0,4373.0,336.38461538461536,13.0,942.1846153846153,458.576923076923,4653.0,4223,7,1146.0,0.9075865033311842,6137.0,1.7784615384615383,13.0,64.49153846153847,26.0,2.11829884308294,UNDEFINEDnull,UNDEFINEDnull,exp_images/images/boy_opened_door.jpg,IMG_10,UNDEFINEDnull,UNDEFINEDnull,UNDEFINEDnull,UNDEFINEDnull,,,,,
edf39,10,,free_viewing,,5835.0,4223.0,527.875,8.0,1011.25,479.7000000000001,4752.0,4752,5,843.0,1.0,5835.0,2.2349999999999994,8.0,72.39749999999998,30.0,1.3710368466152527,UNDEFINEDnull,UNDEFINEDnull,exp_images/images/women_read_letter.jpg,IMG_17,UNDEFINEDnull,UNDEFINEDnull,UNDEFINEDnull,UNDEFINEDnull,,,,,
edf39,11,,free_viewing,,6063.0,4035.0,310.38461538461536,13.0,975.6076923076924,501.23846153846154,4318.0,4010,8,1071.0,0.9286706808707736,6063.0,3.791538461538461,13.0,105.67692307692309,51.846153846153854,2.1441530595414813,UNDEFINEDnull,UNDEFINEDnull,exp_images/images/man_pushed_box.jpg,IMG_05,UNDEFINEDnull,UNDEFINEDnull,UNDEFINEDnull,UNDEFINEDnull,,,,,
edf39,12,,free_viewing,,5988.0,4064.0,312.61538461538464,13.0,1121.0923076923075,444.8846153846153,4341.0,3354,4,1576.0,0.7726330338631652,5988.0,3.822307692307692,13.0,110.3453846153846,50.153846153846146,2.171008684034736,UNDEFINEDnull,UNDEFINEDnull,exp_images/images/child_throw_frisbee.jpg,IMG_12,UNDEFINEDnull,UNDEFINEDnull,UNDEFINEDnull,UNDEFINEDnull,,,,,
edf39,13,,free_viewing,,5934.0,4152.0,346.0,12.0,1010.15,529.2416666666667,4362.0,3750,5,1282.0,0.859697386519945,5934.0,2.5592307692307696,13.0,178.9023076923077,51.69230769230769,2.190765082574992,UNDEFINEDnull,UNDEFINEDnull,exp_images/images/women_fold_clothes.jpg,IMG_06,UNDEFINEDnull,UNDEFINEDnull,UNDEFINEDnull,UNDEFINEDnull,,,,,
edf39,14,,free_viewing,,5999.0,3933.0,437.0,9.0,845.4333333333334,502.91111111111115,4396.0,3928,7,1007.0,0.8935395814376706,5999.0,4.348888888888889,9.0,151.06333333333333,66.22222222222223,1.5002500416736124,UNDEFINEDnull,UNDEFINEDnull,exp_images/images/driver_wash_scooter.jpg,IMG_14,UNDEFINEDnull,UNDEFINEDnull,UNDEFINEDnull,UNDEFINEDnull,,,,,
edf39,15,,free_viewing,,6052.0,4228.0,384.3636363636364,11.0,944.9090909090908,614.5272727272727,4559.0,4031,7,1059.0,0.8841851283176135,6052.0,4.117272727272727,11.0,96.80636363636364,39.45454545454545,1.8175809649702581,UNDEFINEDnull,UNDEFINEDnull,exp_images/images/girl_plant_tree.jpg,IMG_03,UNDEFINEDnull,UNDEFINEDnull,UNDEFINEDnull,UNDEFINEDnull,,,,,
edf39,16,,free_viewing,,5767.0,4396.0,488.4444444444445,9.0,913.4666666666667,470.0222222222221,4669.0,4669,9,775.0,1.0,5767.0,5.225,10.0,139.332,34.2,1.7340038148083925,UNDEFINEDnull,UNDEFINEDnull,exp_images/images/man_cut_shrub.jpg,IMG_04,UNDEFINEDnull,UNDEFINEDnull,UNDEFINEDnull,UNDEFINEDnull,,,,,
edf39,17,,free_viewing,,5693.0,3773.0,471.625,8.0,875.8875,484.0125,4587.0,4587,6,700.0,1.0,5693.0,3.50625,8.0,131.24375,50.75,1.4052344985069385,UNDEFINEDnull,UNDEFINEDnull,exp_images/images/boy_broke_vase.jpg,IMG_08,UNDEFINEDnull,UNDEFINEDnull,UNDEFINEDnull,UNDEFINEDnull,,,,,
edf39,18,,free_viewing,,5903.0,3864.0,276.0,14.0,926.2642857142856,556.3142857142857,4075.0,3537,8,911.0,0.8679754601226994,5903.0,3.1460000000000004,15.0,137.71200000000002,61.86666666666667,2.5410808063696426,UNDEFINEDnull,UNDEFINEDnull,exp_images/images/girl_lighted_lamp.jpg,IMG_01,UNDEFINEDnull,UNDEFINEDnull,UNDEFINEDnull,UNDEFINEDnull,,,,,
edf39,19,Punjabi,sentence_audio,passive_dropped_agent,10623.0,4213.0,300.92857142857144,14.0,911.3357142857144,635.85,4406.0,2775,5,6170.0,0.629822968679074,10623.0,4.7664285714285715,14.0,105.96,41.714285714285715,1.3178951332015438,exp_images/audio\PUNJABI\p_woa_tabla.wav,IMG_11_P_PNA,exp_images/images/child_play_tabla.jpg,IMG_11,exp_images/sentences/Tabla-woa.jpg,STIM_47,stimuli_list_subj_3_b.csv,PNA,passive_dropped_agent,non_agent_first,agent_dropped,1.0,1.0
edf39,2,,free_viewing,,5857.0,4035.0,366.8181818181818,11.0,994.1,661.2363636363635,4358.0,4358,9,865.0,1.0,5857.0,5.512727272727274,11.0,152.93,57.63636363636363,1.87809458767287,UNDEFINEDnull,UNDEFINEDnull,exp_images/images/boy_cut_vegetables.jpg,IMG_18,UNDEFINEDnull,UNDEFINEDnull,UNDEFINEDnull,UNDEFINEDnull,,,,,
edf39,20,Punjabi,sentence_audio,passive_dropped_agent,10327.0,4285.0,357.08333333333326,12.0,921.3916666666664,471.60000000000014,4553.0,4553,12,5334.0,1.0,10327.0,2.1325000000000003,12.0,76.74416666666667,36.66666666666666,1.1620025176721216,exp_images/audio\PUNJABI\p_woa_door.wav,IMG_10_P_PNA,exp_images/images/boy_opened_door.jpg,IMG_10,exp_images/sentences/Closed-door-woa.jpg,STIM_46,stimuli_list_subj_3_b.csv,PNA,passive_dropped_agent,non_agent_first,agent_dropped,1.0,1.0
edf39,21,Punjabi,sentence_audio,passive_dropped_agent,10173.0,4306.0,331.23076923076917,13.0,960.6384615384616,481.52307692307687,4527.0,4267,9,5181.0,0.9425668212944556,10173.0,2.148571428571429,14.0,75.07714285714287,34.57142857142857,1.3761918804679052,exp_images/audio\PUNJABI\p_woa_tub.wav,IMG_09_P_PNA,exp_images/images/boy_filled_bucket.jpg,IMG_09,exp_images/sentences/Bucket-woa.jpg,STIM_45,stimuli_list_subj_3_b.csv,PNA,passive_dropped_agent,non_agent_first,agent_dropped,1.0,1.0
edf39,22,English,sentence_audio,active,10251.0,4107.0,273.8,15.0,882.1733333333334,576.92,4303.0,3851,7,5258.0,0.8949570067394841,10251.0,2.6573333333333338,15.0,119.11733333333332,46.0,1.463271875914545,exp_images/audio\ENGLISH\fed.wav,IMG_16_E_ACT,exp_images/images/girl_fed_dog.jpg,IMG_16,exp_images/sentences/active_girl_dog.jpg,STIM_70,stimuli_list_subj_3_b.csv,ACT,active,agent_first,agent_overt,0.0,
edf39,23,English,sentence_audio,active,10673.0,3861.0,321.75,12.0,1014.5833333333333,544.1083333333332,4389.0,4389,3,5680.0,1.0,10673.0,3.182500000000001,12.0,125.17,50.33333333333334,1.1243324276211002,exp_images/audio\ENGLISH\scooter.wav,IMG_14_E_ACT,exp_images/images/driver_wash_scooter.jpg,IMG_14,exp_images/sentences/active_driver_scooter.jpg,STIM_68,stimuli_list_subj_3_b.csv,ACT,active,agent_first,agent_overt,0.0,
edf39,24,English,sentence_audio,active,10803.0,4069.0,290.64285714285717,14.0,971.9000000000003,378.2714285714286,4271.0,4115,5,5810.0,0.9634745961133224,10803.0,2.442142857142857,14.0,82.43285714285716,51.57142857142857,1.2959363139868554,exp_images/audio\ENGLISH\picture.wav,IMG_07_E_ACT,exp_images/images/artiste_drew_picture.jpg,IMG_07,exp_images/sentences/active_artist_picture.jpg,STIM_61,stimuli_list_subj_3_b.csv,ACT,active,agent_first,agent_overt,0.0,
edf39,25,English,sentence_audio,passive,10241.0,3821.0,272.92857142857144,14.0,999.3714285714284,593.9857142857144,4030.0,3083,7,5249.0,0.7650124069478909,10241.0,4.44,14.0,128.64142857142858,68.71428571428571,1.367053998632946,exp_images/audio\ENGLISH\p_sapling.wav,IMG_03_E_PWA,exp_images/images/girl_plant_tree.jpg,IMG_03,exp_images/sentences/passive_girl_sapling.jpg,STIM_75,stimuli_list_subj_3_b.csv,PWA,passive_with_agent,non_agent_first,agent_overt,1.0,0.0
edf39,26,English,sentence_audio,passive,10335.0,4175.0,298.2142857142857,14.0,1094.4714285714283,464.3428571428572,4394.0,3604,4,5343.0,0.8202093764223942,10335.0,2.68,14.0,82.45714285714284,42.714285714285715,1.3546202225447508,exp_images/audio\ENGLISH\p_frisbee.wav,IMG_12_E_PWA,exp_images/images/child_throw_frisbee.jpg,IMG_12,exp_images/sentences/passive_child_frisbee.jpg,STIM_84,stimuli_list_subj_3_b.csv,PWA,passive_with_agent,non_agent_first,agent_overt,1.0,0.0
edf39,27,English,sentence_audio,passive,11132.0,3892.0,324.3333333333333,12.0,933.225,591.65,4246.0,3554,6,6140.0,0.8370230805463966,11132.0,4.0441666666666665,12.0,102.02846153846156,58.92307692307693,1.0779734099892202,exp_images/audio\ENGLISH\p_vase.wav,IMG_08_E_PWA,exp_images/images/boy_broke_vase.jpg,IMG_08,exp_images/sentences/passive_boy_vase.jpg,STIM_80,stimuli_list_subj_3_b.csv,PWA,passive_with_agent,non_agent_first,agent_overt,1.0,0.0
edf39,28,English,sentence_audio,passive_dropped_agent,10993.0,3953.0,329.4166666666667,12.0,1213.2833333333335,582.0833333333333,4148.0,3600,8,6001.0,0.8678881388621023,10993.0,6.111666666666667,12.0,118.80166666666666,70.33333333333333,1.0916037478395342,exp_images/audio\ENGLISH\p_woa_box.wav,IMG_05_E_PNA,exp_images/images/man_pushed_box.jpg,IMG_05,exp_images/sentences/noagent_man_box.jpg,STIM_95,stimuli_list_subj_3_b.csv,PNA,passive_dropped_agent,non_agent_first,agent_dropped,1.0,1.0
edf39,29,English,sentence_audio,passive_dropped_agent,10752.0,4544.0,908.8,5.0,956.52,501.44000000000005,4814.0,4814,4,5760.0,1.0,10752.0,3.5580000000000003,5.0,89.78799999999998,35.6,0.4650297619047618,exp_images/audio\ENGLISH\p_woa_shrub.wav,IMG_04_E_PNA,exp_images/images/man_cut_shrub.jpg,IMG_04,exp_images/sentences/noagent_man_shrub.jpg,STIM_94,stimuli_list_subj_3_b.csv,PNA,passive_dropped_agent,non_agent_first,agent_dropped,1.0,1.0
edf39,3,,free_viewing,,5671.0,4181.0,418.1,10.0,901.43,601.3800000000001,4383.0,3555,7,916.0,0.811088295687885,5671.0,5.272,10.0,130.575,61.0,1.7633574325515782,UNDEFINEDnull,UNDEFINEDnull,exp_images/images/child_play_tabla.jpg,IMG_11,UNDEFINEDnull,UNDEFINEDnull,UNDEFINEDnull,UNDEFINEDnull,,,,,
edf39,30,English,sentence_audio,passive_dropped_agent,10635.0,4531.0,906.2,5.0,1084.8200000000004,499.44,4758.0,4335,4,5912.0,0.9110970996216898,10635.0,5.65,5.0,115.958,46.8,0.4701457451810061,exp_images/audio\ENGLISH\p_woa_window.wav,IMG_02_E_PNA,exp_images/images/girl_opened_window.jpg,IMG_02,exp_images/sentences/noagent_girl_window.jpg,STIM_92,stimuli_list_subj_3_b.csv,PNA,passive_dropped_agent,non_agent_first,agent_dropped,1.0,1.0
edf39,31,Punjabi,sentence_audio,active,10299.0,3993.0,285.2142857142857,14.0,935.5571428571428,610.1999999999998,4161.0,2853,5,5314.0,0.6856524873828407,10299.0,2.536,15.0,98.99533333333332,56.0,1.4564520827264784,exp_images/audio\PUNJABI\dug.wav,IMG_13_P_ACT,exp_images/images/dog_dug_hole.jpg,IMG_13,exp_images/sentences/Dog-dug.jpg,STIM_13,stimuli_list_subj_3_b.csv,ACT,active,agent_first,agent_overt,0.0,
edf39,32,Punjabi,sentence_audio,active,10636.0,4188.0,322.15384615384613,13.0,990.853846153846,445.73076923076917,4402.0,3940,4,5644.0,0.8950477055883689,10636.0,2.5153846153846153,13.0,96.3946153846154,45.384615384615394,1.2222640090259498,exp_images/audio\PUNJABI\veg.wav,IMG_18_P_ACT,exp_images/images/boy_cut_vegetables.jpg,IMG_18,exp_images/sentences/Veg.jpg,STIM_18,stimuli_list_subj_3_b.csv,ACT,active,agent_first,agent_overt,0.0,
edf39,33,Punjabi,sentence_audio,active,10406.0,4342.0,394.7272727272728,11.0,885.1090909090907,459.98181818181814,4649.0,3348,5,5746.0,0.7201548720154872,10406.0,4.451666666666667,12.0,130.05916666666667,30.16666666666667,1.1531808571977704,exp_images/audio\PUNJABI\cake.wav,IMG_15_P_ACT,exp_images/images/girl_baked_cake.jpg,IMG_15,exp_images/sentences/Cake.jpg,STIM_15,stimuli_list_subj_3_b.csv,ACT,active,agent_first,agent_overt,0.0,
edf39,34,Punjabi,sentence_audio,passive,11092.0,4092.0,341.0,12.0,998.3416666666667,450.425,4355.0,3961,6,6099.0,0.9095292766934558,11092.0,2.370833333333333,12.0,95.99333333333334,53.16666666666666,1.0818608005769923,exp_images/audio\PUNJABI\p_clothes.wav,IMG_06_P_PWA,exp_images/images/women_fold_clothes.jpg,IMG_06,exp_images/sentences/Folded-clothes-passive.jpg,STIM_24,stimuli_list_subj_3_b.csv,PWA,passive_with_agent,non_agent_first,agent_overt,1.0,0.0
edf39,35,Punjabi,sentence_audio,passive,10425.0,4241.0,706.8333333333335,6.0,1005.55,464.2000000000001,4447.0,4447,3,5432.0,1.0,10425.0,3.105,6.0,179.3083333333333,91.0,0.5755395683453237,exp_images/audio\PUNJABI\p_letter.wav,IMG_17_P_PWA,exp_images/images/women_read_letter.jpg,IMG_17,exp_images/sentences/Letter-passive.jpg,STIM_35,stimuli_list_subj_3_b.csv,PWA,passive_with_agent,non_agent_first,agent_overt,1.0,0.0
edf39,36,Punjabi,sentence_audio,passive,10469.0,4127.0,294.7857142857143,14.0,988.9428571428572,531.2428571428571,4324.0,3746,7,5477.0,0.866327474560592,10469.0,3.526428571428572,14.0,117.72857142857143,47.714285714285715,1.3372814977552776,exp_images/audio\PUNJABI\p_lamp.wav,IMG_01_P_PWA,exp_images/images/girl_lighted_lamp.jpg,IMG_01,exp_images/sentences/Lamp-passive.jpg,STIM_19,stimuli_list_subj_3_b.csv,PWA,passive_with_agent,non_agent_first,agent_overt,1.0,0.0
edf39,4,,free_viewing,,5757.0,4203.0,323.3076923076923,13.0,925.5384615384617,534.576923076923,4484.0,3891,6,765.0,0.8677520071364853,5757.0,2.145384615384616,13.0,134.9584615384615,39.07692307692308,2.2581205488969953,UNDEFINEDnull,UNDEFINEDnull,exp_images/images/girl_baked_cake.jpg,IMG_15,UNDEFINEDnull,UNDEFINEDnull,UNDEFINEDnull,UNDEFINEDnull,,,,,
edf39,5,,free_viewing,,5781.0,4512.0,752.0,6.0,868.9499999999998,711.7666666666668,4665.0,2495,4,789.0,0.5348338692390139,5781.0,4.138333333333333,6.0,144.20142857142858,49.714285714285715,1.0378827192527245,UNDEFINEDnull,UNDEFINEDnull,exp_images/images/dog_dug_hole.jpg,IMG_13,UNDEFINEDnull,UNDEFINEDnull,UNDEFINEDnull,UNDEFINEDnull,,,,,
edf39,6,,free_viewing,,5841.0,4087.0,314.38461538461536,13.0,895.5538461538464,658.6538461538463,4286.0,3019,7,849.0,0.7043863742417172,5841.0,3.234615384615384,13.0,129.31615384615387,54.30769230769231,2.2256462934429035,UNDEFINEDnull,UNDEFINEDnull,exp_images/images/girl_fed_dog.jpg,IMG_16,UNDEFINEDnull,UNDEFINEDnull,UNDEFINEDnull,UNDEFINEDnull,,,,,
edf39,7,,free_viewing,,6081.0,4173.0,298.07142857142856,14.0,1013.1857142857144,485.29285714285714,4230.0,4173,7,1184.0,0.9865248226950356,6081.0,2.577142857142857,14.0,149.97785714285715,54.42857142857143,2.3022529189278083,UNDEFINEDnull,UNDEFINEDnull,exp_images/images/girl_opened_window.jpg,IMG_02,UNDEFINEDnull,UNDEFINEDnull,UNDEFINEDnull,UNDEFINEDnull,,,,,
edf39,8,,free_viewing,,6052.0,3878.0,352.54545454545456,11.0,1018.481818181818,518.6999999999998,4329.0,4329,7,1059.0,1.0,6052.0,2.791818181818182,11.0,155.03636363636363,60.36363636363637,1.8175809649702581,UNDEFINEDnull,UNDEFINEDnull,exp_images/images/boy_filled_bucket.jpg,IMG_09,UNDEFINEDnull,UNDEFINEDnull,UNDEFINEDnull,UNDEFINEDnull,,,,,
edf39,9,,free_viewing,,6025.0,4379.0,364.91666666666674,12.0,995.9416666666667,427.075,4648.0,4248,6,1033.0,0.9139414802065404,6025.0,2.7550000000000003,12.0,73.19166666666666,28.66666666666667,1.9917012448132776,UNDEFINEDnull,UNDEFINEDnull,exp_images/images/artiste_drew_picture.jpg,IMG_07,UNDEFINEDnull,UNDEFINEDnull,UNDEFINEDnull,UNDEFINEDnull,,,,,
edf40,1,,free_viewing,,5809.0,4203.0,280.2,15.0,906.52,459.56,4512.0,4512,9,813.0,1.0,5809.0,2.8166666666666678,15.0,81.02933333333334,32.266666666666666,2.5822000344293343,UNDEFINEDnull,UNDEFINEDnull,exp_images/images/girl_lighted_lamp.jpg,IMG_01,UNDEFINEDnull,UNDEFINEDnull,UNDEFINEDnull,UNDEFINEDnull,,,,,
edf40,10,,free_viewing,,5860.0,4266.0,328.15384615384613,13.0,963.123076923077,394.4153846153846,4508.0,4508,5,868.0,1.0,5860.0,3.16,13.0,91.35461538461536,37.230769230769226,2.2184300341296925,UNDEFINEDnull,UNDEFINEDnull,exp_images/images/man_cut_shrub.jpg,IMG_04,UNDEFINEDnull,UNDEFINEDnull,UNDEFINEDnull,UNDEFINEDnull,,,,,
edf40,11,,free_viewing,,5979.0,4394.0,488.22222222222223,9.0,990.3888888888887,371.88888888888886,4722.0,4722,5,986.0,1.0,5979.0,2.2769999999999997,10.0,74.725,28.2,1.6725204883759826,UNDEFINEDnull,UNDEFINEDnull,exp_images/images/boy_opened_door.jpg,IMG_10,UNDEFINEDnull,UNDEFINEDnull,UNDEFINEDnull,UNDEFINEDnull,,,,,
edf40,12,,free_viewing,,6015.0,4440.0,444.0,10.0,1104.1600000000003,402.62,4651.0,4651,6,1023.0,1.0,6015.0,2.839090909090909,11.0,80.00909090909092,32.0,1.828761429758936,UNDEFINEDnull,UNDEFINEDnull,exp_images/images/man_pushed_box.jpg,IMG_05,UNDEFINEDnull,UNDEFINEDnull,UNDEFINEDnull,UNDEFINEDnull,,,,,
edf40,13,,free_viewing,,6011.0,4255.0,265.9375,16.0,908.15,440.3875000000001,4510.0,4406,7,1019.0,0.9769401330376941,6011.0,2.4375,16.0,71.053125,30.125,2.6617867243387123,UNDEFINEDnull,UNDEFINEDnull,exp_images/images/boy_broke_vase.jpg,IMG_08,UNDEFINEDnull,UNDEFINEDnull,UNDEFINEDnull,UNDEFINEDnull,,,,,
edf40,14,,free_viewing,,5952.0,4232.0,248.94117647058826,17.0,1024.935294117647,519.9588235294117,4413.0,4413,3,959.0,1.0,5952.0,3.2247058823529406,17.0,87.50117647058825,34.117647058823536,2.8561827956989245,UNDEFINEDnull,UNDEFINEDnull,exp_images/images/driver_wash_scooter.jpg,IMG_14,UNDEFINEDnull,UNDEFINEDnull,UNDEFINEDnull,UNDEFINEDnull,,,,,
edf40,15,,free_viewing,,5820.0,4212.0,234.0,18.0,1017.2333333333332,384.9888888888889,4391.0,4141,5,827.0,0.9430653609656114,5820.0,2.9522222222222223,18.0,79.85333333333334,33.44444444444444,3.092783505154639,UNDEFINEDnull,UNDEFINEDnull,exp_images/images/artiste_drew_picture.jpg,IMG_07,UNDEFINEDnull,UNDEFINEDnull,UNDEFINEDnull,UNDEFINEDnull,,,,,
edf40,16,,free_viewing,,5781.0,4435.0,369.58333333333326,12.0,918.6916666666666,458.7583333333334,4623.0,4291,4,1006.0,0.928185161150768,5781.0,2.6591666666666662,12.0,74.91833333333334,30.83333333333333,2.075765438505449,UNDEFINEDnull,UNDEFINEDnull,exp_images/images/child_play_tabla.jpg,IMG_11,UNDEFINEDnull,UNDEFINEDnull,UNDEFINEDnull,UNDEFINEDnull,,,,,
edf40,17,,free_viewing,,5999.0,4213.0,234.05555555555557,18.0,1051.072222222222,399.4277777777778,4216.0,3770,7,1007.0,0.894212523719165,5999.0,3.1277777777777787,18.0,116.88611111111109,43.111111111111114,3.0005000833472253,UNDEFINEDnull,UNDEFINEDnull,exp_images/images/child_throw_frisbee.jpg,IMG_12,UNDEFINEDnull,UNDEFINEDnull,UNDEFINEDnull,UNDEFINEDnull,,,,,
edf40,18,,free_viewing,,6105.0,4545.0,505.0,9.0,958.8222222222224,642.5666666666667,4727.0,4025,4,1318.0,0.8514914321980114,6105.0,2.415555555555556,9.0,72.24000000000002,29.555555555555557,1.4742014742014742,UNDEFINEDnull,UNDEFINEDnull,exp_images/images/girl_fed_dog.jpg,IMG_16,UNDEFINEDnull,UNDEFINEDnull,UNDEFINEDnull,UNDEFINEDnull,,,,,
edf40,19,English,sentence_audio,active,10433.0,4261.0,284.06666666666666,15.0,959.3266666666666,466.39333333333326,4440.0,3005,9,5648.0,0.6768018018018018,10433.0,3.522666666666667,15.0,92.05133333333332,36.8,1.4377456148758747,exp_images/audio\ENGLISH\tabla.wav,IMG_11_E_ACT,exp_images/images/child_play_tabla.jpg,IMG_11,exp_images/sentences/active_child_tabla.jpg,STIM_65,stimuli_list_subj_4_b.csv,ACT,active,agent_first,agent_overt,0.0,
edf40,2,,free_viewing,,5820.0,4414.0,401.27272727272725,11.0,963.3272727272728,639.8909090909091,4606.0,4202,3,828.0,0.9122883195831524,5820.0,3.600909090909091,11.0,89.71636363636364,35.09090909090909,1.8900343642611683,UNDEFINEDnull,UNDEFINEDnull,exp_images/images/dog_dug_hole.jpg,IMG_13,UNDEFINEDnull,UNDEFINEDnull,UNDEFINEDnull,UNDEFINEDnull,,,,,
edf40,20,English,sentence_audio,active,10989.0,3705.0,247.0,15.0,961.6533333333334,435.53333333333336,3921.0,3775,11,5996.0,0.9627646008671258,10989.0,2.147333333333333,15.0,128.9946666666667,71.46666666666667,1.3650013650013648,exp_images/audio\ENGLISH\door.wav,IMG_10_E_ACT,exp_images/images/boy_opened_door.jpg,IMG_10,exp_images/sentences/active_boy_door.jpg,STIM_64,stimuli_list_subj_4_b.csv,ACT,active,agent_first,agent_overt,0.0,
edf40,21,English,sentence_audio,active,10560.0,4400.0,366.66666666666674,12.0,991.525,471.7416666666666,4548.0,4302,8,5568.0,0.945910290237467,10560.0,2.4275,12.0,130.895,37.0,1.1363636363636362,exp_images/audio\ENGLISH\bucket.wav,IMG_09_E_ACT,exp_images/images/boy_filled_bucket.jpg,IMG_09,exp_images/sentences/active_boy_bucket.jpg,STIM_63,stimuli_list_subj_4_b.csv,ACT,active,agent_first,agent_overt,0.0,
edf40,22,English,sentence_audio,passive,10908.0,3740.0,340.0,11.0,926.3727272727272,540.3727272727273,3920.0,3136,7,5978.0,0.8,10908.0,3.703333333333333,12.0,242.63083333333333,98.33333333333331,1.1001100110011002,exp_images/audio\ENGLISH\p_fed.wav,IMG_16_E_PWA,exp_images/images/girl_fed_dog.jpg,IMG_16,exp_images/sentences/passive_girl_dog.jpg,STIM_88,stimuli_list_subj_4_b.csv,PWA,passive_with_agent,non_agent_first,agent_overt,1.0,0.0
edf40,23,English,sentence_audio,passive,10792.0,4318.0,308.42857142857144,14.0,1021.4,402.45714285714286,4525.0,4525,5,5799.0,1.0,10792.0,3.2742857142857145,14.0,86.56500000000003,33.42857142857143,1.2972572275759822,exp_images/audio\ENGLISH\p_scooter.wav,IMG_14_E_PWA,exp_images/images/driver_wash_scooter.jpg,IMG_14,exp_images/sentences/passive_driver_scooter.jpg,STIM_86,stimuli_list_subj_4_b.csv,PWA,passive_with_agent,non_agent_first,agent_overt,1.0,0.0
edf40,24,English,sentence_audio,passive,10781.0,4123.0,317.15384615384613,13.0,1029.7230769230769,365.0615384615385,4286.0,4286,3,5789.0,1.0,10781.0,2.4069230769230767,13.0,165.09923076923073,54.30769230769231,1.2058250626101474,exp_images/audio\ENGLISH\p_artist.wav,IMG_07_E_PWA,exp_images/images/artiste_drew_picture.jpg,IMG_07,exp_images/sentences/passive_artist_picture.jpg,STIM_79,stimuli_list_subj_4_b.csv,PWA,passive_with_agent,non_agent_first,agent_overt,1.0,0.0
edf40,25,English,sentence_audio,passive_dropped_agent,10456.0,4152.0,461.33333333333326,9.0,911.0222222222225,472.36666666666673,4322.0,4322,5,5464.0,1.0,10456.0,3.016666666666667,9.0,211.45222222222225,74.44444444444444,0.8607498087222648,exp_images/audio\ENGLISH\p_woa_sapling.wav,IMG_03_E_PNA,exp_images/images/girl_plant_tree.jpg,IMG_03,exp_images/sentences/noagent_girl_sapling.jpg,STIM_93,stimuli_list_subj_4_b.csv,PNA,passive_dropped_agent,non_agent_first,agent_dropped,1.0,1.0
edf40,26,English,sentence_audio,passive_dropped_agent,10533.0,4359.0,544.875,8.0,1026.5875,347.4874999999999,4568.0,4225,2,5782.0,0.9249124343257444,10533.0,3.3875,8.0,143.74750000000003,53.0,0.7595177062565271,exp_images/audio\ENGLISH\p_woa_frisbee.wav,IMG_12_E_PNA,exp_images/images/child_throw_frisbee.jpg,IMG_12,exp_images/sentences/noagent_child_frisbee.jpg,STIM_102,stimuli_list_subj_4_b.csv,PNA,passive_dropped_agent,non_agent_first,agent_dropped,1.0,1.0
edf40,27,English,sentence_audio,passive_dropped_agent,10913.0,4014.0,334.5,12.0,918.8583333333336,464.58333333333337,4251.0,4251,5,5921.0,1.0,10913.0,2.397692307692308,13.0,92.61384615384615,58.46153846153846,1.191239805736278,exp_images/audio\ENGLISH\p_woa_vase.wav,IMG_08_E_PNA,exp_images/images/boy_broke_vase.jpg,IMG_08,exp_images/sentences/noagent_boy_vase.jpg,STIM_98,stimuli_list_subj_4_b.csv,PNA,passive_dropped_agent,non_agent_first,agent_dropped,1.0,1.0
edf40,28,Punjabi,sentence_audio,active,11046.0,4192.0,322.46153846153845,13.0,1030.4230769230767,388.24615384615385,4250.0,3354,9,6216.0,0.7891764705882353,11046.0,2.716153846153846,13.0,166.00230769230768,57.07692307692307,1.1768966141589716,exp_images/audio\PUNJABI\box.wav,IMG_05_P_ACT,exp_images/images/man_pushed_box.jpg,IMG_05,exp_images/sentences/Pushed-box.jpg,STIM_05,stimuli_list_subj_4_b.csv,ACT,active,agent_first,agent_overt,0.0,
edf40,29,Punjabi,sentence_audio,active,10703.0,4005.0,210.78947368421046,19.0,939.578947368421,421.0526315789474,4173.0,4145,8,5710.0,0.9932901988976756,10703.0,3.2536842105263157,19.0,96.92473684210523,43.157894736842096,1.775203214052135,exp_images/audio\PUNJABI\shrub.wav,IMG_04_P_ACT,exp_images/images/man_cut_shrub.jpg,IMG_04,exp_images/sentences/Shrub.jpg,STIM_04,stimuli_list_subj_4_b.csv,ACT,active,agent_first,agent_overt,0.0,
edf40,3,,free_viewing,,5890.0,4420.0,884.0,5.0,979.22,379.92,4783.0,4783,4,897.0,1.0,5890.0,2.804,5.0,91.0,42.0,0.8488964346349746,UNDEFINEDnull,UNDEFINEDnull,exp_images/images/boy_filled_bucket.jpg,IMG_09,UNDEFINEDnull,UNDEFINEDnull,UNDEFINEDnull,UNDEFINEDnull,,,,,
edf40,30,Punjabi,sentence_audio,active,10981.0,3816.0,224.4705882352941,17.0,969.1705882352942,470.2294117647059,3987.0,3765,8,5989.0,0.9443190368698271,10981.0,3.3505555555555566,18.0,154.25722222222225,56.444444444444436,1.6391949731354158,exp_images/audio\PUNJABI\window.wav,IMG_02_P_ACT,exp_images/images/girl_opened_window.jpg,IMG_02,exp_images/sentences/Window.jpg,STIM_02,stimuli_list_subj_4_b.csv,ACT,active,agent_first,agent_overt,0.0,
edf40,31,Punjabi,sentence_audio,passive,10930.0,4032.0,252.0,16.0,958.65625,703.975,4177.0,3347,10,5937.0,0.8012927938711994,10930.0,3.865,16.0,128.556875,51.0,1.463860933211345,exp_images/audio\PUNJABI\p_dug.wav,IMG_13_P_PWA,exp_images/images/dog_dug_hole.jpg,IMG_13,exp_images/sentences/Dog-dug-passive.jpg,STIM_31,stimuli_list_subj_4_b.csv,PWA,passive_with_agent,non_agent_first,agent_overt,1.0,0.0
edf40,32,Punjabi,sentence_audio,passive,11167.0,4191.0,419.1,10.0,996.78,576.1599999999999,4346.0,4191,2,6368.0,0.9643350207086976,11167.0,2.456,10.0,188.233,64.6,0.8954956568460644,exp_images/audio\PUNJABI\p_veg.wav,IMG_18_P_PWA,exp_images/images/boy_cut_vegetables.jpg,IMG_18,exp_images/sentences/Veg-passive.jpg,STIM_36,stimuli_list_subj_4_b.csv,PWA,passive_with_agent,non_agent_first,agent_overt,1.0,0.0
edf40,33,Punjabi,sentence_audio,passive,10195.0,4433.0,554.125,8.0,988.4875,456.775,4514.0,3818,6,5203.0,0.845813026140895,10195.0,2.865,8.0,156.98,59.75,0.784698381559588,exp_images/audio\PUNJABI\p_cake.wav,IMG_15_P_PWA,exp_images/images/girl_baked_cake.jpg,IMG_15,exp_images/sentences/Cake-passive.jpg,STIM_33,stimuli_list_subj_4_b.csv,PWA,passive_with_agent,non_agent_first,agent_overt,1.0,0.0
edf40,34,Punjabi,sentence_audio,passive_dropped_agent,10951.0,4271.0,427.1,10.0,934.51,559.22,4503.0,4271,5,6226.0,0.9484787919165,10951.0,2.752727272727273,11.0,150.51363636363638,67.45454545454545,1.0044744772166925,exp_images/audio\PUNJABI\p_woa_clothes.wav,IMG_06_P_PNA,exp_images/images/women_fold_clothes.jpg,IMG_06,exp_images/sentences/Folded-clothes-woa.jpg,STIM_42,stimuli_list_subj_4_b.csv,PNA,passive_dropped_agent,non_agent_first,agent_dropped,1.0,1.0
edf40,35,Punjabi,sentence_audio,passive_dropped_agent,10434.0,4154.0,377.6363636363636,11.0,1030.8,482.69090909090914,4398.0,4154,3,5764.0,0.9445202364711232,10434.0,2.439090909090909,11.0,135.73454545454547,54.0,1.054245735096799,exp_images/audio\PUNJABI\p_woa_letter.wav,IMG_17_P_PNA,exp_images/images/women_read_letter.jpg,IMG_17,exp_images/sentences/Letter-woa.jpg,STIM_53,stimuli_list_subj_4_b.csv,PNA,passive_dropped_agent,non_agent_first,agent_dropped,1.0,1.0
edf40,36,Punjabi,sentence_audio,passive_dropped_agent,10344.0,3966.0,264.4,15.0,918.2,430.24,4183.0,4049,6,5351.0,0.9679655749462108,10344.0,2.1866666666666665,15.0,153.20466666666667,54.0,1.4501160092807426,exp_images/audio\PUNJABI\p_woa_lamp.wav,IMG_01_P_PNA,exp_images/images/girl_lighted_lamp.jpg,IMG_01,exp_images/sentences/Lamp-woa.jpg,STIM_37,stimuli_list_subj_4_b.csv,PNA,passive_dropped_agent,non_agent_first,agent_dropped,1.0,1.0
edf40,4,,free_viewing,,6021.0,4342.0,482.4444444444445,9.0,1021.6666666666665,418.13333333333327,4689.0,4342,3,1416.0,0.9259970142887608,6021.0,2.6120000000000005,10.0,75.137,31.4,1.6608536787908983,UNDEFINEDnull,UNDEFINEDnull,exp_images/images/girl_opened_window.jpg,IMG_02,UNDEFINEDnull,UNDEFINEDnull,UNDEFINEDnull,UNDEFINEDnull,,,,,
edf40,5,,free_viewing,,6065.0,4345.0,310.35714285714283,14.0,1001.25,690.7142857142858,4575.0,4345,3,1334.0,0.9497267759562842,6065.0,2.6342857142857143,14.0,76.61214285714286,29.857142857142854,2.3083264633140965,UNDEFINEDnull,UNDEFINEDnull,exp_images/images/boy_cut_vegetables.jpg,IMG_18,UNDEFINEDnull,UNDEFINEDnull,UNDEFINEDnull,UNDEFINEDnull,,,,,
edf40,6,,free_viewing,,5838.0,4270.0,474.4444444444445,9.0,939.2111111111113,518.6888888888889,4514.0,4514,3,846.0,1.0,5838.0,2.7566666666666664,9.0,132.76333333333332,53.111111111111114,1.5416238437821173,UNDEFINEDnull,UNDEFINEDnull,exp_images/images/girl_plant_tree.jpg,IMG_03,UNDEFINEDnull,UNDEFINEDnull,UNDEFINEDnull,UNDEFINEDnull,,,,,
edf40,7,,free_viewing,,5869.0,4435.0,554.375,8.0,975.7375,505.15,4632.0,4632,4,877.0,1.0,5869.0,2.535,8.0,85.95624999999998,45.0,1.3630942238882264,UNDEFINEDnull,UNDEFINEDnull,exp_images/images/women_fold_clothes.jpg,IMG_06,UNDEFINEDnull,UNDEFINEDnull,UNDEFINEDnull,UNDEFINEDnull,,,,,
edf40,8,,free_viewing,,5713.0,4473.0,559.125,8.0,988.5250000000003,489.9125,4726.0,4574,3,721.0,0.9678374947101144,5713.0,3.1275000000000004,8.0,85.73,33.25,1.4003150708909504,UNDEFINEDnull,UNDEFINEDnull,exp_images/images/women_read_letter.jpg,IMG_17,UNDEFINEDnull,UNDEFINEDnull,UNDEFINEDnull,UNDEFINEDnull,,,,,
edf40,9,,free_viewing,,5729.0,4441.0,444.1,10.0,905.01,474.66,4715.0,4007,4,736.0,0.8498409331919407,5729.0,2.07,10.0,65.852,27.8,1.7455053237912377,UNDEFINEDnull,UNDEFINEDnull,exp_images/images/girl_baked_cake.jpg,IMG_15,UNDEFINEDnull,UNDEFINEDnull,UNDEFINEDnull,UNDEFINEDnull,,,,,
edf41,1,,free_viewing,,5654.0,3998.0,210.421052631579,19.0,931.9789473684214,425.66842105263163,4214.0,3494,9,664.0,0.8291409587090649,5654.0,3.9015789473684217,19.0,111.7136842105263,40.8421052631579,3.360452776795189,UNDEFINEDnull,UNDEFINEDnull,exp_images/images/artiste_drew_picture.jpg,IMG_07,UNDEFINEDnull,UNDEFINEDnull,UNDEFINEDnull,UNDEFINEDnull,,,,,
edf41,10,,free_viewing,,6100.0,4158.0,297.0,14.0,922.092857142857,511.3571428571428,4313.0,4313,4,1107.0,1.0,6100.0,2.2785714285714285,14.0,122.65999999999998,48.57142857142857,2.295081967213115,UNDEFINEDnull,UNDEFINEDnull,exp_images/images/man_cut_shrub.jpg,IMG_04,UNDEFINEDnull,UNDEFINEDnull,UNDEFINEDnull,UNDEFINEDnull,,,,,
edf41,11,,free_viewing,,6135.0,3509.0,194.94444444444446,18.0,1050.622222222222,382.43888888888887,3735.0,3509,5,1452.0,0.9394912985274432,6135.0,2.146842105263158,19.0,147.13578947368418,76.42105263157895,3.0969845150774247,UNDEFINEDnull,UNDEFINEDnull,exp_images/images/child_throw_frisbee.jpg,IMG_12,UNDEFINEDnull,UNDEFINEDnull,UNDEFINEDnull,UNDEFINEDnull,,,,,
edf41,12,,free_viewing,,5782.0,4160.0,277.3333333333333,15.0,893.2,447.77333333333337,4316.0,3720,7,790.0,0.8619091751621872,5782.0,2.531333333333333,15.0,95.60200000000002,45.06666666666667,2.5942580421999306,UNDEFINEDnull,UNDEFINEDnull,exp_images/images/man_pushed_box.jpg,IMG_05,UNDEFINEDnull,UNDEFINEDnull,UNDEFINEDnull,UNDEFINEDnull,,,,,
edf41,13,,free_viewing,,5694.0,4006.0,235.64705882352942,17.0,888.7529411764706,543.9117647058823,4156.0,3916,6,702.0,0.942252165543792,5694.0,3.885882352941177,17.0,97.53470588235292,49.17647058823529,2.985598876009835,UNDEFINEDnull,UNDEFINEDnull,exp_images/images/driver_wash_scooter.jpg,IMG_14,UNDEFINEDnull,UNDEFINEDnull,UNDEFINEDnull,UNDEFINEDnull,,,,,
edf41,14,,free_viewing,,5999.0,4017.0,251.0625,16.0,984.15,631.9875,4067.0,3207,5,1008.0,0.7885419227932137,5999.0,2.531875,16.0,111.23937500000004,57.75,2.667111185197533,UNDEFINEDnull,UNDEFINEDnull,exp_images/images/dog_dug_hole.jpg,IMG_13,UNDEFINEDnull,UNDEFINEDnull,UNDEFINEDnull,UNDEFINEDnull,,,,,
edf41,15,,free_viewing,,5862.0,3804.0,271.7142857142857,14.0,937.7714285714287,398.59285714285716,4086.0,4086,3,870.0,1.0,5862.0,1.9484615384615387,13.0,150.60230769230768,94.30769230769229,2.217673149095872,UNDEFINEDnull,UNDEFINEDnull,exp_images/images/women_read_letter.jpg,IMG_17,UNDEFINEDnull,UNDEFINEDnull,UNDEFINEDnull,UNDEFINEDnull,,,,,
edf41,16,,free_viewing,,5669.0,4007.0,267.1333333333333,15.0,911.1533333333333,449.8733333333333,4168.0,3626,6,864.0,0.8699616122840691,5669.0,3.341333333333334,15.0,110.33800000000004,54.93333333333333,2.645969306756042,UNDEFINEDnull,UNDEFINEDnull,exp_images/images/child_play_tabla.jpg,IMG_11,UNDEFINEDnull,UNDEFINEDnull,UNDEFINEDnull,UNDEFINEDnull,,,,,
edf41,17,,free_viewing,,5796.0,4158.0,415.8,10.0,850.01,465.38,4310.0,4310,2,802.0,1.0,5796.0,2.136,10.0,117.786,68.4,1.725327812284334,UNDEFINEDnull,UNDEFINEDnull,exp_images/images/boy_opened_door.jpg,IMG_10,UNDEFINEDnull,UNDEFINEDnull,UNDEFINEDnull,UNDEFINEDnull,,,,,
edf41,18,,free_viewing,,5805.0,4177.0,596.7142857142858,7.0,921.7,423.68571428571437,4421.0,4421,3,812.0,1.0,5805.0,2.0671428571428567,7.0,156.17142857142858,81.71428571428571,1.2058570198105083,UNDEFINEDnull,UNDEFINEDnull,exp_images/images/women_fold_clothes.jpg,IMG_06,UNDEFINEDnull,UNDEFINEDnull,UNDEFINEDnull,UNDEFINEDnull,,,,,
edf41,19,English,sentence_audio,passive,10615.0,4023.0,287.35714285714283,14.0,868.1999999999998,422.8785714285714,4234.0,4023,7,5870.0,0.9501653282947568,10615.0,2.772142857142857,14.0,105.525,54.0,1.31888836552049,exp_images/audio\ENGLISH\p_tabla.wav,IMG_11_E_PWA,exp_images/images/child_play_tabla.jpg,IMG_11,exp_images/sentences/passive_child_tabla.jpg,STIM_83,stimuli_list_subj_5_b.csv,PWA,passive_with_agent,non_agent_first,agent_overt,1.0,0.0
edf41,2,,free_viewing,,5765.0,4353.0,621.8571428571429,7.0,966.0571428571428,362.2714285714286,4630.0,4630,5,773.0,1.0,5765.0,1.887142857142857,7.0,118.93142857142857,51.714285714285715,1.2142237640936688,UNDEFINEDnull,UNDEFINEDnull,exp_images/images/boy_filled_bucket.jpg,IMG_09,UNDEFINEDnull,UNDEFINEDnull,UNDEFINEDnull,UNDEFINEDnull,,,,,
edf41,20,English,sentence_audio,passive,10844.0,4616.0,769.3333333333335,6.0,896.5499999999997,433.8,4628.0,4628,2,5852.0,1.0,10844.0,1.2033333333333334,6.0,108.97833333333334,60.66666666666666,0.5533013648100332,exp_images/audio\ENGLISH\p_door.wav,IMG_10_E_PWA,exp_images/images/boy_opened_door.jpg,IMG_10,exp_images/sentences/passive_boy_door.jpg,STIM_82,stimuli_list_subj_5_b.csv,PWA,passive_with_agent,non_agent_first,agent_overt,1.0,0.0
edf41,21,English,sentence_audio,passive,10982.0,4426.0,491.77777777777777,9.0,872.9666666666667,465.8777777777778,4450.0,4172,2,6164.0,0.9375280898876404,10982.0,1.419,10.0,104.631,62.8,0.9105809506465126,exp_images/audio\ENGLISH\p_bucket.wav,IMG_09_E_PWA,exp_images/images/boy_filled_bucket.jpg,IMG_09,exp_images/sentences/passive_boy_bucket.jpg,STIM_81,stimuli_list_subj_5_b.csv,PWA,passive_with_agent,non_agent_first,agent_overt,1.0,0.0
edf41,22,English,sentence_audio,passive_dropped_agent,10280.0,3320.0,301.8181818181818,11.0,811.3909090909091,565.6090909090909,3504.0,2562,3,5502.0,0.7311643835616438,10280.0,3.2018181818181817,11.0,263.91,135.27272727272728,1.0700389105058363,exp_images/audio\ENGLISH\p_woa_fed.wav,IMG_16_E_PNA,exp_images/images/girl_fed_dog.jpg,IMG_16,exp_images/sentences/noagent_girl_dog.jpg,STIM_106,stimuli_list_subj_5_b.csv,PNA,passive_dropped_agent,non_agent_first,agent_dropped,1.0,1.0
edf41,23,English,sentence_audio,passive_dropped_agent,10360.0,3852.0,350.1818181818182,11.0,970.0636363636363,561.4818181818182,4228.0,4228,3,5368.0,1.0,10360.0,2.585454545454545,11.0,105.45454545454544,69.45454545454545,1.061776061776062,exp_images/audio\ENGLISH\p_woa_scooter.wav,IMG_14_E_PNA,exp_images/images/driver_wash_scooter.jpg,IMG_14,exp_images/sentences/noagent_driver_scooter.jpg,STIM_104,stimuli_list_subj_5_b.csv,PNA,passive_dropped_agent,non_agent_first,agent_dropped,1.0,1.0
edf41,24,English,sentence_audio,passive_dropped_agent,10621.0,3950.0,282.14285714285717,14.0,968.5999999999997,399.15,4129.0,4033,3,5629.0,0.976749818357956,10621.0,2.544666666666666,15.0,111.85066666666668,58.8,1.4122963939365407,exp_images/audio\ENGLISH\p_woa_draw.wav,IMG_07_E_PNA,exp_images/images/artiste_drew_picture.jpg,IMG_07,exp_images/sentences/noagent_artist_picture.jpg,STIM_97,stimuli_list_subj_5_b.csv,PNA,passive_dropped_agent,non_agent_first,agent_dropped,1.0,1.0
edf41,25,Punjabi,sentence_audio,active,10815.0,3567.0,209.82352941176467,17.0,812.770588235294,577.9470588235295,3811.0,3577,9,5822.0,0.938598792967725,10815.0,2.848235294117647,17.0,130.51176470588234,69.52941176470588,1.5718908922792418,exp_images/audio\PUNJABI\sapling.wav,IMG_03_P_ACT,exp_images/images/girl_plant_tree.jpg,IMG_03,exp_images/sentences/Sapling.jpg,STIM_03,stimuli_list_subj_5_b.csv,ACT,active,agent_first,agent_overt,0.0,
edf41,26,Punjabi,sentence_audio,active,10922.0,3680.0,230.0,16.0,839.71875,402.26875,3839.0,962,2,6194.0,0.2505860901276374,10922.0,1.96375,16.0,153.578125,72.125,1.4649331624244644,exp_images/audio\PUNJABI\frisbee.wav,IMG_12_P_ACT,exp_images/images/child_throw_frisbee.jpg,IMG_12,exp_images/sentences/Frisbee.jpg,STIM_12,stimuli_list_subj_5_b.csv,ACT,active,agent_first,agent_overt,0.0,
edf41,27,Punjabi,sentence_audio,active,10667.0,3407.0,262.0769230769231,13.0,861.3846153846154,491.6846153846153,3871.0,3871,3,5676.0,1.0,10667.0,1.4984615384615383,13.0,136.5830769230769,86.15384615384615,1.2187119152526484,exp_images/audio\PUNJABI\vase.wav,IMG_08_P_ACT,exp_images/images/boy_broke_vase.jpg,IMG_08,exp_images/sentences/Vase.jpg,STIM_08,stimuli_list_subj_5_b.csv,ACT,active,agent_first,agent_overt,0.0,
edf41,28,Punjabi,sentence_audio,passive,10227.0,3402.0,261.6923076923077,13.0,958.2846153846153,387.8153846153846,3578.0,3382,6,5242.0,0.9452207937395192,10227.0,1.8228571428571427,14.0,238.83,96.4,1.3689253935660506,exp_images/audio\PUNJABI\p_box.wav,IMG_05_P_PWA,exp_images/images/man_pushed_box.jpg,IMG_05,exp_images/sentences/Pushed-box-passive.jpg,STIM_23,stimuli_list_subj_5_b.csv,PWA,passive_with_agent,non_agent_first,agent_overt,1.0,0.0
edf41,29,Punjabi,sentence_audio,passive,10618.0,3944.0,657.3333333333334,6.0,779.7833333333333,458.93333333333334,3968.0,3944,1,5712.0,0.9939516129032258,10618.0,2.1325,8.0,335.43250000000006,148.75,0.7534375588623092,exp_images/audio\PUNJABI\p_shrub.wav,IMG_04_P_PWA,exp_images/images/man_cut_shrub.jpg,IMG_04,exp_images/sentences/Shrub-passive.jpg,STIM_22,stimuli_list_subj_5_b.csv,PWA,passive_with_agent,non_agent_first,agent_overt,1.0,0.0
edf41,3,,free_viewing,,6016.0,4390.0,731.6666666666665,6.0,860.35,481.3833333333334,4665.0,4499,4,1023.0,0.9644158628081456,6016.0,2.373333333333333,6.0,119.87833333333332,54.66666666666666,0.9973404255319148,UNDEFINEDnull,UNDEFINEDnull,exp_images/images/girl_plant_tree.jpg,IMG_03,UNDEFINEDnull,UNDEFINEDnull,UNDEFINEDnull,UNDEFINEDnull,,,,,
edf41,30,Punjabi,sentence_audio,passive,10566.0,3528.0,320.72727272727275,11.0,953.4363636363637,358.90909090909093,3762.0,3624,3,5574.0,0.963317384370016,10566.0,1.45,11.0,284.71363636363634,111.8181818181818,1.0410751466969523,exp_images/audio\PUNJABI\p_window.wav,IMG_02_P_PWA,exp_images/images/girl_opened_window.jpg,IMG_02,exp_images/sentences/Window-passive.jpg,STIM_20,stimuli_list_subj_5_b.csv,PWA,passive_with_agent,non_agent_first,agent_overt,1.0,0.0
edf41,31,Punjabi,sentence_audio,passive_dropped_agent,10517.0,4034.0,448.22222222222223,9.0,899.6777777777777,622.8444444444443,4204.0,4204,5,5524.0,1.0,10517.0,2.0940000000000003,10.0,167.696,80.0,0.9508414947228296,exp_images/audio\PUNJABI\p_woa_dug.wav,IMG_13_P_PNA,exp_images/images/dog_dug_hole.jpg,IMG_13,exp_images/sentences/Dog-dug-woa.jpg,STIM_49,stimuli_list_subj_5_b.csv,PNA,passive_dropped_agent,non_agent_first,agent_dropped,1.0,1.0
edf41,32,Punjabi,sentence_audio,passive_dropped_agent,10748.0,3784.0,315.3333333333333,12.0,890.5583333333334,572.1583333333333,3970.0,3552,6,5756.0,0.8947103274559194,10748.0,3.1958333333333333,12.0,125.73333333333332,85.16666666666667,1.1164867882396723,exp_images/audio\PUNJABI\p_woa_veg.wav,IMG_18_P_PNA,exp_images/images/boy_cut_vegetables.jpg,IMG_18,exp_images/sentences/Veg-woa.jpg,STIM_54,stimuli_list_subj_5_b.csv,PNA,passive_dropped_agent,non_agent_first,agent_dropped,1.0,1.0
edf41,33,Punjabi,sentence_audio,passive_dropped_agent,10759.0,3115.0,283.1818181818182,11.0,892.8818181818184,507.50909090909096,3366.0,3086,6,5767.0,0.9168152109328579,10759.0,1.7290909090909088,11.0,283.8754545454545,147.8181818181818,1.0223998512872945,exp_images/audio\PUNJABI\p_woa_cake.wav,IMG_15_P_PNA,exp_images/images/girl_baked_cake.jpg,IMG_15,exp_images/sentences/Cake-woa.jpg,STIM_51,stimuli_list_subj_5_b.csv,PNA,passive_dropped_agent,non_agent_first,agent_dropped,1.0,1.0
edf41,34,English,sentence_audio,active,10883.0,3759.0,313.25,12.0,901.2333333333336,498.81666666666666,3978.0,2497,6,6132.0,0.6277023629964806,10883.0,1.7458333333333331,12.0,160.08249999999995,84.5,1.1026371404943491,exp_images/audio\ENGLISH\clothes.wav,IMG_06_E_ACT,exp_images/images/women_fold_clothes.jpg,IMG_06,exp_images/sentences/active_woman_clothes.jpg,STIM_60,stimuli_list_subj_5_b.csv,ACT,active,agent_first,agent_overt,0.0,
edf41,35,English,sentence_audio,active,10299.0,3599.0,327.1818181818182,11.0,928.0545454545456,377.91818181818184,3874.0,3874,3,5307.0,1.0,10299.0,1.8736363636363635,11.0,201.14181818181817,101.63636363636364,1.068064860666084,exp_images/audio\ENGLISH\letter.wav,IMG_17_E_ACT,exp_images/images/women_read_letter.jpg,IMG_17,exp_images/sentences/active_women_letter.jpg,STIM_71,stimuli_list_subj_5_b.csv,ACT,active,agent_first,agent_overt,0.0,
edf41,36,English,sentence_audio,active,11063.0,3915.0,489.375,8.0,763.3875,465.2,4108.0,3915,3,6294.0,0.9530185004868548,11063.0,2.33625,8.0,257.6825,110.5,0.7231311579137666,exp_images/audio\ENGLISH\lamp.wav,IMG_01_E_ACT,exp_images/images/girl_lighted_lamp.jpg,IMG_01,exp_images/sentences/active_girl_lamp.jpg,STIM_55,stimuli_list_subj_5_b.csv,ACT,active,agent_first,agent_overt,0.0,
edf41,4,,free_viewing,,5691.0,4547.0,1515.666666666667,3.0,911.4,368.2,4836.0,4363,1,1232.0,0.9021918941273779,5691.0,1.7866666666666668,3.0,105.66666666666669,52.0,0.5271481286241434,UNDEFINEDnull,UNDEFINEDnull,exp_images/images/girl_opened_window.jpg,IMG_02,UNDEFINEDnull,UNDEFINEDnull,UNDEFINEDnull,UNDEFINEDnull,,,,,
edf41,5,,free_viewing,,5980.0,4242.0,353.5,12.0,862.4833333333335,470.58333333333326,4479.0,4242,6,1250.0,0.9470864032150034,5980.0,2.773333333333333,12.0,117.06666666666666,42.833333333333336,2.0066889632107023,UNDEFINEDnull,UNDEFINEDnull,exp_images/images/girl_fed_dog.jpg,IMG_16,UNDEFINEDnull,UNDEFINEDnull,UNDEFINEDnull,UNDEFINEDnull,,,,,
edf41,6,,free_viewing,,5899.0,4223.0,351.91666666666674,12.0,947.075,500.91666666666674,4358.0,4236,3,907.0,0.9720055071133548,5899.0,2.504166666666667,12.0,106.35166666666667,52.83333333333334,2.0342430920495,UNDEFINEDnull,UNDEFINEDnull,exp_images/images/boy_cut_vegetables.jpg,IMG_18,UNDEFINEDnull,UNDEFINEDnull,UNDEFINEDnull,UNDEFINEDnull,,,,,
edf41,7,,free_viewing,,5953.0,4275.0,534.375,8.0,864.9625000000002,296.0875,4591.0,4275,1,1398.0,0.9311696798083208,5953.0,1.255,8.0,134.1925,50.25,1.3438602385351923,UNDEFINEDnull,UNDEFINEDnull,exp_images/images/girl_baked_cake.jpg,IMG_15,UNDEFINEDnull,UNDEFINEDnull,UNDEFINEDnull,UNDEFINEDnull,,,,,
edf41,8,,free_viewing,,5663.0,4089.0,371.7272727272728,11.0,797.1363636363636,351.65454545454554,4367.0,4155,7,670.0,0.9514540874742388,5663.0,2.5000000000000004,11.0,134.4009090909091,56.90909090909091,1.9424333392194948,UNDEFINEDnull,UNDEFINEDnull,exp_images/images/boy_broke_vase.jpg,IMG_08,UNDEFINEDnull,UNDEFINEDnull,UNDEFINEDnull,UNDEFINEDnull,,,,,
edf41,9,,free_viewing,,6085.0,3711.0,218.29411764705884,17.0,874.1294117647058,381.3235294117647,3747.0,3625,10,1250.0,0.9674406191619964,6085.0,2.488333333333334,18.0,147.53388888888892,69.33333333333333,2.9580936729663105,UNDEFINEDnull,UNDEFINEDnull,exp_images/images/girl_lighted_lamp.jpg,IMG_01,UNDEFINEDnull,UNDEFINEDnull,UNDEFINEDnull,UNDEFINEDnull,,,,,
edf42,1,,free_viewing,,5677.0,4075.0,226.38888888888889,18.0,983.6666666666665,521.3944444444445,4326.0,2520,6,970.0,0.5825242718446602,5677.0,4.094444444444443,18.0,100.48111111111113,37.0,3.1706887440549587,UNDEFINEDnull,UNDEFINEDnull,exp_images/images/child_throw_frisbee.jpg,IMG_12,UNDEFINEDnull,UNDEFINEDnull,UNDEFINEDnull,UNDEFINEDnull,,,,,
edf42,10,,free_viewing,,5692.0,4278.0,285.2,15.0,950.22,683.6466666666666,4450.0,3296,6,700.0,0.7406741573033708,5692.0,4.31,15.0,104.60733333333334,36.13333333333333,2.635277582572031,UNDEFINEDnull,UNDEFINEDnull,exp_images/images/dog_dug_hole.jpg,IMG_13,UNDEFINEDnull,UNDEFINEDnull,UNDEFINEDnull,UNDEFINEDnull,,,,,
edf42,11,,free_viewing,,6083.0,4293.0,429.3,10.0,829.65,504.90000000000015,4467.0,3933,4,1300.0,0.8804566823371391,6083.0,3.7319999999999998,10.0,108.208,52.6,1.6439256945586058,UNDEFINEDnull,UNDEFINEDnull,exp_images/images/child_play_tabla.jpg,IMG_11,UNDEFINEDnull,UNDEFINEDnull,UNDEFINEDnull,UNDEFINEDnull,,,,,
edf42,12,,free_viewing,,6021.0,4375.0,397.7272727272728,11.0,785.5090909090909,517.7909090909092,4600.0,4600,4,1029.0,1.0,6021.0,4.034545454545455,11.0,99.52363636363636,35.63636363636363,1.8269390466699884,UNDEFINEDnull,UNDEFINEDnull,exp_images/images/man_cut_shrub.jpg,IMG_04,UNDEFINEDnull,UNDEFINEDnull,UNDEFINEDnull,UNDEFINEDnull,,,,,
edf42,13,,free_viewing,,5644.0,4342.0,334.0,13.0,958.4769230769232,583.323076923077,4558.0,4558,5,652.0,1.0,5644.0,3.49076923076923,13.0,96.09769230769231,33.384615384615394,2.3033309709425938,UNDEFINEDnull,UNDEFINEDnull,exp_images/images/women_read_letter.jpg,IMG_17,UNDEFINEDnull,UNDEFINEDnull,UNDEFINEDnull,UNDEFINEDnull,,,,,
edf42,14,,free_viewing,,6128.0,4284.0,306.0,14.0,979.3071428571428,470.04285714285714,4555.0,4555,5,1135.0,1.0,6128.0,3.061428571428572,14.0,84.67857142857143,31.285714285714285,2.2845953002610964,UNDEFINEDnull,UNDEFINEDnull,exp_images/images/boy_filled_bucket.jpg,IMG_09,UNDEFINEDnull,UNDEFINEDnull,UNDEFINEDnull,UNDEFINEDnull,,,,,
edf42,15,,free_viewing,,5951.0,4341.0,361.75,12.0,807.9,596.6583333333333,4561.0,3039,5,958.0,0.6663012497259373,5951.0,4.0025,12.0,97.1225,36.0,2.016467820534364,UNDEFINEDnull,UNDEFINEDnull,exp_images/images/girl_plant_tree.jpg,IMG_03,UNDEFINEDnull,UNDEFINEDnull,UNDEFINEDnull,UNDEFINEDnull,,,,,
edf42,16,,free_viewing,,6129.0,4317.0,359.75,12.0,941.4250000000003,417.56666666666666,4585.0,4585,6,1136.0,1.0,6129.0,3.3116666666666674,12.0,89.27749999999997,34.0,1.9579050416054824,UNDEFINEDnull,UNDEFINEDnull,exp_images/images/boy_opened_door.jpg,IMG_10,UNDEFINEDnull,UNDEFINEDnull,UNDEFINEDnull,UNDEFINEDnull,,,,,
edf42,17,,free_viewing,,5788.0,4200.0,280.0,15.0,885.4466666666667,613.0066666666668,4434.0,2094,4,1500.0,0.4722598105548038,5788.0,4.52,16.0,107.039375,36.0,2.7643400138217,UNDEFINEDnull,UNDEFINEDnull,exp_images/images/girl_fed_dog.jpg,IMG_16,UNDEFINEDnull,UNDEFINEDnull,UNDEFINEDnull,UNDEFINEDnull,,,,,
edf42,18,,free_viewing,,5985.0,4235.0,470.5555555555555,9.0,889.2111111111113,457.9444444444445,4378.0,4378,4,993.0,1.0,5985.0,2.4288888888888893,9.0,122.84333333333332,68.22222222222223,1.5037593984962403,UNDEFINEDnull,UNDEFINEDnull,exp_images/images/boy_broke_vase.jpg,IMG_08,UNDEFINEDnull,UNDEFINEDnull,UNDEFINEDnull,UNDEFINEDnull,,,,,
edf42,19,English,sentence_audio,passive_dropped_agent,10810.0,4478.0,407.09090909090907,11.0,944.8090909090907,486.94545454545454,4624.0,3486,4,6000.0,0.7538927335640139,10810.0,3.390000000000001,11.0,90.59,33.45454545454545,1.0175763182238668,exp_images/audio\ENGLISH\p_woa_tabla.wav,IMG_11_E_PNA,exp_images/images/child_play_tabla.jpg,IMG_11,exp_images/sentences/noagent_child_tabla.jpg,STIM_101,stimuli_list_subj_6_b.csv,PNA,passive_dropped_agent,non_agent_first,agent_dropped,1.0,1.0
edf42,2,,free_viewing,,5788.0,4328.0,332.92307692307685,13.0,951.7692307692306,460.5076923076922,4542.0,3888,5,796.0,0.8560105680317041,5788.0,3.674615384615385,13.0,99.24307692307694,34.615384615384606,2.2460262612301314,UNDEFINEDnull,UNDEFINEDnull,exp_images/images/man_pushed_box.jpg,IMG_05,UNDEFINEDnull,UNDEFINEDnull,UNDEFINEDnull,UNDEFINEDnull,,,,,
edf42,20,English,sentence_audio,passive_dropped_agent,10990.0,4322.0,360.16666666666674,12.0,935.7416666666667,488.10833333333335,4481.0,4481,8,5997.0,1.0,10990.0,2.8400000000000003,12.0,127.15916666666668,42.66666666666666,1.0919017288444042,exp_images/audio\ENGLISH\p_woa_door.wav,IMG_10_E_PNA,exp_images/images/boy_opened_door.jpg,IMG_10,exp_images/sentences/noagent_boy_door.jpg,STIM_100,stimuli_list_subj_6_b.csv,PNA,passive_dropped_agent,non_agent_first,agent_dropped,1.0,1.0
edf42,21,English,sentence_audio,passive_dropped_agent,10241.0,4331.0,481.22222222222223,9.0,974.0333333333333,525.5,4553.0,4553,3,5248.0,1.0,10241.0,2.4000000000000004,9.0,112.47666666666667,48.88888888888889,0.8788204276926082,exp_images/audio\ENGLISH\p_woa_bucket.wav,IMG_09_E_PNA,exp_images/images/boy_filled_bucket.jpg,IMG_09,exp_images/sentences/noagent_boy_bucket.jpg,STIM_99,stimuli_list_subj_6_b.csv,PNA,passive_dropped_agent,non_agent_first,agent_dropped,1.0,1.0
edf42,22,Punjabi,sentence_audio,active,11079.0,4533.0,566.625,8.0,872.9125,567.4999999999999,4720.0,3954,6,6087.0,0.8377118644067797,11079.0,3.5975,8.0,92.89375,34.0,0.7220868309414207,exp_images/audio\PUNJABI\fed.wav,IMG_16_P_ACT,exp_images/images/girl_fed_dog.jpg,IMG_16,exp_images/sentences/Fed-dog.jpg,STIM_16,stimuli_list_subj_6_b.csv,ACT,active,agent_first,agent_overt,0.0,
edf42,23,Punjabi,sentence_audio,active,10707.0,4455.0,445.5,10.0,992.81,500.11,4598.0,4158,4,5715.0,0.9043062200956936,10707.0,4.949,10.0,119.656,39.4,0.9339684318670028,exp_images/audio\PUNJABI\scooter.wav,IMG_14_P_ACT,exp_images/images/driver_wash_scooter.jpg,IMG_14,exp_images/sentences/Washed-scooter.jpg,STIM_14,stimuli_list_subj_6_b.csv,ACT,active,agent_first,agent_overt,0.0,
edf42,24,Punjabi,sentence_audio,active,10515.0,4333.0,481.4444444444445,9.0,887.9999999999999,372.48888888888894,4516.0,4516,5,5523.0,1.0,10515.0,3.266666666666667,9.0,124.95555555555555,52.88888888888889,0.8559201141226819,exp_images/audio\PUNJABI\picture.wav,IMG_07_P_ACT,exp_images/images/artiste_drew_picture.jpg,IMG_07,exp_images/sentences/Painting.jpg,STIM_07,stimuli_list_subj_6_b.csv,ACT,active,agent_first,agent_overt,0.0,
edf42,25,Punjabi,sentence_audio,passive,11117.0,4413.0,367.75,12.0,808.25,479.3916666666667,4613.0,4613,5,6124.0,1.0,11117.0,3.154166666666667,12.0,88.72500000000002,31.66666666666667,1.079427903211298,exp_images/audio\PUNJABI\p_sapling.wav,IMG_03_P_PWA,exp_images/images/girl_plant_tree.jpg,IMG_03,exp_images/sentences/Sapling-passive.jpg,STIM_21,stimuli_list_subj_6_b.csv,PWA,passive_with_agent,non_agent_first,agent_overt,1.0,0.0
edf42,26,Punjabi,sentence_audio,passive,10546.0,4294.0,429.4,10.0,975.82,431.0,4496.0,3922,5,5796.0,0.8723309608540926,10546.0,4.068181818181818,11.0,161.42181818181817,46.72727272727273,1.0430494974397877,exp_images/audio\PUNJABI\p_frisbee.wav,IMG_12_P_PWA,exp_images/images/child_throw_frisbee.jpg,IMG_12,exp_images/sentences/Frisbee-passive.jpg,STIM_30,stimuli_list_subj_6_b.csv,PWA,passive_with_agent,non_agent_first,agent_overt,1.0,0.0
edf42,27,Punjabi,sentence_audio,passive,10825.0,4399.0,439.9,10.0,838.54,465.86,4542.0,3812,6,5833.0,0.8392778511668868,10825.0,2.4019999999999997,10.0,95.59799999999998,45.0,0.9237875288683604,exp_images/audio\PUNJABI\p_vase.wav,IMG_08_P_PWA,exp_images/images/boy_broke_vase.jpg,IMG_08,exp_images/sentences/Vase-passive.jpg,STIM_26,stimuli_list_subj_6_b.csv,PWA,passive_with_agent,non_agent_first,agent_overt,1.0,0.0
edf42,28,Punjabi,sentence_audio,passive_dropped_agent,10315.0,4459.0,445.9,10.0,971.23,426.14,4633.0,4633,3,5322.0,1.0,10315.0,4.430999999999999,10.0,110.766,36.0,0.9694619486185168,exp_images/audio\PUNJABI\p_woa_box.wav,IMG_05_P_PNA,exp_images/images/man_pushed_box.jpg,IMG_05,exp_images/sentences/Pushed-box-woa.jpg,STIM_41,stimuli_list_subj_6_b.csv,PNA,passive_dropped_agent,non_agent_first,agent_dropped,1.0,1.0
edf42,29,Punjabi,sentence_audio,passive_dropped_agent,10658.0,4700.0,2350.0,2.0,774.1,454.6,4948.0,4948,2,5666.0,1.0,10658.0,1.505,2.0,60.925,22.0,0.18765246762994933,exp_images/audio\PUNJABI\p_woa_shrub.wav,IMG_04_P_PNA,exp_images/images/man_cut_shrub.jpg,IMG_04,exp_images/sentences/Shrub-woa.jpg,STIM_40,stimuli_list_subj_6_b.csv,PNA,passive_dropped_agent,non_agent_first,agent_dropped,1.0,1.0
edf42,3,,free_viewing,,6035.0,4605.0,767.5,6.0,905.45,506.85000000000014,4782.0,4374,5,1043.0,0.9146800501882058,6035.0,3.49,6.0,96.52333333333333,35.0,0.9942004971002484,UNDEFINEDnull,UNDEFINEDnull,exp_images/images/girl_baked_cake.jpg,IMG_15,UNDEFINEDnull,UNDEFINEDnull,UNDEFINEDnull,UNDEFINEDnull,,,,,
edf42,30,Punjabi,sentence_audio,passive_dropped_agent,10588.0,4408.0,400.7272727272728,11.0,1125.1272727272726,550.0909090909091,4570.0,3400,5,5596.0,0.7439824945295405,10588.0,4.74,11.0,116.98181818181816,38.36363636363637,1.0389119758216852,exp_images/audio\PUNJABI\p_woa_window.wav,IMG_02_P_PNA,exp_images/images/girl_opened_window.jpg,IMG_02,exp_images/sentences/Window-woa.jpg,STIM_38,stimuli_list_subj_6_b.csv,PNA,passive_dropped_agent,non_agent_first,agent_dropped,1.0,1.0
edf42,31,English,sentence_audio,active,10728.0,4548.0,505.33333333333326,9.0,914.8666666666666,654.0888888888887,4706.0,4428,4,5736.0,0.9409264768380792,10728.0,3.1077777777777778,9.0,91.22555555555556,31.777777777777782,0.8389261744966443,exp_images/audio\ENGLISH\dug.wav,IMG_13_E_ACT,exp_images/images/dog_dug_hole.jpg,IMG_13,exp_images/sentences/active_dog_hole.jpg,STIM_67,stimuli_list_subj_6_b.csv,ACT,active,agent_first,agent_overt,0.0,
edf42,32,English,sentence_audio,active,10692.0,4550.0,758.3333333333335,6.0,936.35,516.0833333333334,4802.0,4656,3,5700.0,0.9695960016659724,10692.0,2.7916666666666674,6.0,76.82666666666667,31.66666666666667,0.5611672278338945,exp_images/audio\ENGLISH\veg.wav,IMG_18_E_ACT,exp_images/images/boy_cut_vegetables.jpg,IMG_18,exp_images/sentences/active_boy_vegetables.jpg,STIM_72,stimuli_list_subj_6_b.csv,ACT,active,agent_first,agent_overt,0.0,
edf42,33,English,sentence_audio,active,11030.0,4458.0,743.0,6.0,918.25,461.1,4770.0,4600,5,6038.0,0.9643605870020964,11030.0,3.7116666666666656,6.0,96.255,37.0,0.5439709882139621,exp_images/audio\ENGLISH\cake.wav,IMG_15_E_ACT,exp_images/images/girl_baked_cake.jpg,IMG_15,exp_images/sentences/active_girl_cake.jpg,STIM_69,stimuli_list_subj_6_b.csv,ACT,active,agent_first,agent_overt,0.0,
edf42,34,English,sentence_audio,passive,10738.0,4470.0,406.3636363636364,11.0,907.6727272727272,655.0272727272727,4666.0,4666,3,5746.0,1.0,10738.0,2.7054545454545456,11.0,76.86363636363636,29.63636363636364,1.0243993294840752,exp_images/audio\ENGLISH\p_clothes.wav,IMG_06_E_PWA,exp_images/images/women_fold_clothes.jpg,IMG_06,exp_images/sentences/passive_woman_clothes.jpg,STIM_78,stimuli_list_subj_6_b.csv,PWA,passive_with_agent,non_agent_first,agent_overt,1.0,0.0
edf42,35,English,sentence_audio,passive,10238.0,4418.0,490.88888888888886,9.0,1006.4111111111113,579.0999999999998,4674.0,4674,5,5246.0,1.0,10238.0,3.6022222222222213,9.0,93.31222222222223,35.333333333333336,0.8790779449111155,exp_images/audio\ENGLISH\p_letter.wav,IMG_17_E_PWA,exp_images/images/women_read_letter.jpg,IMG_17,exp_images/sentences/passive_women_letter.jpg,STIM_89,stimuli_list_subj_6_b.csv,PWA,passive_with_agent,non_agent_first,agent_overt,1.0,0.0
edf42,36,English,sentence_audio,passive,10778.0,4438.0,369.83333333333326,12.0,861.9166666666665,511.68333333333334,4599.0,4361,4,5785.0,0.9482496194824962,10778.0,3.12,12.0,84.805,32.833333333333336,1.1133791055854518,exp_images/audio\ENGLISH\p_lamp.wav,IMG_01_E_PWA,exp_images/images/girl_lighted_lamp.jpg,IMG_01,exp_images/sentences/passive_girl_lamp.jpg,STIM_73,stimuli_list_subj_6_b.csv,PWA,passive_with_agent,non_agent_first,agent_overt,1.0,0.0
edf42,4,,free_viewing,,5662.0,4446.0,444.6,10.0,910.29,385.61,4648.0,4198,5,670.0,0.903184165232358,5662.0,3.298,10.0,89.01299999999999,34.4,1.7661603673613564,UNDEFINEDnull,UNDEFINEDnull,exp_images/images/artiste_drew_picture.jpg,IMG_07,UNDEFINEDnull,UNDEFINEDnull,UNDEFINEDnull,UNDEFINEDnull,,,,,
edf42,5,,free_viewing,,5886.0,4524.0,646.2857142857142,7.0,931.0,565.7714285714285,4772.0,4772,5,894.0,1.0,5886.0,3.375714285714285,7.0,91.58571428571429,31.42857142857143,1.1892626571525653,UNDEFINEDnull,UNDEFINEDnull,exp_images/images/women_fold_clothes.jpg,IMG_06,UNDEFINEDnull,UNDEFINEDnull,UNDEFINEDnull,UNDEFINEDnull,,,,,
edf42,6,,free_viewing,,6091.0,4228.0,325.23076923076917,13.0,899.9692307692308,563.5230769230768,4471.0,4231,6,1099.0,0.9463207336166406,6091.0,4.598571428571428,14.0,111.39,38.0,2.298473157117058,UNDEFINEDnull,UNDEFINEDnull,exp_images/images/driver_wash_scooter.jpg,IMG_14,UNDEFINEDnull,UNDEFINEDnull,UNDEFINEDnull,UNDEFINEDnull,,,,,
edf42,7,,free_viewing,,5948.0,4362.0,436.2,10.0,932.9,617.77,4612.0,4404,5,956.0,0.9549002601908064,5948.0,4.32,10.0,104.23000000000002,38.0,1.6812373907195697,UNDEFINEDnull,UNDEFINEDnull,exp_images/images/boy_cut_vegetables.jpg,IMG_18,UNDEFINEDnull,UNDEFINEDnull,UNDEFINEDnull,UNDEFINEDnull,,,,,
edf42,8,,free_viewing,,5785.0,4351.0,362.58333333333326,12.0,813.2083333333335,560.3166666666666,4557.0,4557,5,792.0,1.0,5785.0,3.829166666666667,12.0,96.72416666666668,36.333333333333336,2.0743301642178045,UNDEFINEDnull,UNDEFINEDnull,exp_images/images/girl_lighted_lamp.jpg,IMG_01,UNDEFINEDnull,UNDEFINEDnull,UNDEFINEDnull,UNDEFINEDnull,,,,,
edf42,9,,free_viewing,,5815.0,4387.0,337.46153846153845,13.0,1028.9461538461535,471.0076923076923,4539.0,4179,5,1002.0,0.9206873760740252,5815.0,4.159230769230769,13.0,101.03769230769232,34.92307692307692,2.2355975924333618,UNDEFINEDnull,UNDEFINEDnull,exp_images/images/girl_opened_window.jpg,IMG_02,UNDEFINEDnull,UNDEFINEDnull,UNDEFINEDnull,UNDEFINEDnull,,,,,
edf43,1,,free_viewing,,5907.0,4333.0,309.5,14.0,934.7000000000003,500.7785714285714,4596.0,4596,7,917.0,1.0,5907.0,2.345,14.0,75.27071428571429,28.142857142857146,2.3700694091755543,UNDEFINEDnull,UNDEFINEDnull,exp_images/images/boy_filled_bucket.jpg,IMG_09,UNDEFINEDnull,UNDEFINEDnull,UNDEFINEDnull,UNDEFINEDnull,,,,,
edf43,10,,free_viewing,,5966.0,4482.0,560.25,8.0,875.6750000000002,645.8375,4714.0,2966,5,974.0,0.6291896478574459,5966.0,3.6375,8.0,94.8025,34.75,1.340931947703654,UNDEFINEDnull,UNDEFINEDnull,exp_images/images/girl_fed_dog.jpg,IMG_16,UNDEFINEDnull,UNDEFINEDnull,UNDEFINEDnull,UNDEFINEDnull,,,,,
edf43,11,,free_viewing,,6057.0,3970.0,283.57142857142856,14.0,1052.1785714285713,499.04999999999984,4250.0,3820,4,1372.0,0.8988235294117647,6057.0,4.566000000000002,15.0,124.19533333333334,50.66666666666666,2.4764735017335306,UNDEFINEDnull,UNDEFINEDnull,exp_images/images/girl_opened_window.jpg,IMG_02,UNDEFINEDnull,UNDEFINEDnull,UNDEFINEDnull,UNDEFINEDnull,,,,,
edf43,12,,free_viewing,,5646.0,3994.0,210.21052631578945,19.0,1024.4473684210525,518.8421052631579,4247.0,3190,10,934.0,0.7511184365434425,5646.0,4.251052631578949,19.0,100.75368421052632,39.26315789473684,3.365214311016649,UNDEFINEDnull,UNDEFINEDnull,exp_images/images/child_throw_frisbee.jpg,IMG_12,UNDEFINEDnull,UNDEFINEDnull,UNDEFINEDnull,UNDEFINEDnull,,,,,
edf43,13,,free_viewing,,5824.0,4460.0,405.45454545454544,11.0,988.1,409.50909090909096,4704.0,4538,3,832.0,0.9647108843537416,5824.0,2.0072727272727278,11.0,62.62272727272727,26.181818181818183,1.888736263736264,UNDEFINEDnull,UNDEFINEDnull,exp_images/images/artiste_drew_picture.jpg,IMG_07,UNDEFINEDnull,UNDEFINEDnull,UNDEFINEDnull,UNDEFINEDnull,,,,,
edf43,14,,free_viewing,,5903.0,4221.0,248.29411764705884,17.0,887.6117647058826,493.1,4455.0,3377,7,910.0,0.7580246913580246,5903.0,2.802941176470588,17.0,78.83647058823531,31.64705882352941,2.8798915805522616,UNDEFINEDnull,UNDEFINEDnull,exp_images/images/man_pushed_box.jpg,IMG_05,UNDEFINEDnull,UNDEFINEDnull,UNDEFINEDnull,UNDEFINEDnull,,,,,
edf43,15,,free_viewing,,6089.0,4195.0,246.7647058823529,17.0,878.3941176470589,488.75882352941176,4464.0,4152,5,1097.0,0.9301075268817204,6089.0,2.8176470588235287,17.0,80.90294117647059,31.058823529411764,2.7919198554770897,UNDEFINEDnull,UNDEFINEDnull,exp_images/images/boy_broke_vase.jpg,IMG_08,UNDEFINEDnull,UNDEFINEDnull,UNDEFINEDnull,UNDEFINEDnull,,,,,
edf43,16,,free_viewing,,5904.0,4136.0,295.42857142857144,14.0,966.9285714285717,723.4357142857143,4309.0,4136,4,1116.0,0.959851473659782,5904.0,3.4857142857142858,14.0,107.61642857142859,48.85714285714285,2.3712737127371275,UNDEFINEDnull,UNDEFINEDnull,exp_images/images/boy_cut_vegetables.jpg,IMG_18,UNDEFINEDnull,UNDEFINEDnull,UNDEFINEDnull,UNDEFINEDnull,,,,,
edf43,17,,free_viewing,,5962.0,3940.0,246.25,16.0,890.3124999999999,605.2125,4235.0,4019,8,969.0,0.9489964580873672,5962.0,3.656875,16.0,130.96375,47.375,2.6836632002683665,UNDEFINEDnull,UNDEFINEDnull,exp_images/images/boy_opened_door.jpg,IMG_10,UNDEFINEDnull,UNDEFINEDnull,UNDEFINEDnull,UNDEFINEDnull,,,,,
edf43,18,,free_viewing,,5738.0,4246.0,386.0,11.0,856.2545454545456,650.0363636363637,4408.0,3476,4,1152.0,0.7885662431941923,5738.0,3.2709090909090914,11.0,114.91727272727276,53.09090909090909,1.917044266294876,UNDEFINEDnull,UNDEFINEDnull,exp_images/images/girl_plant_tree.jpg,IMG_03,UNDEFINEDnull,UNDEFINEDnull,UNDEFINEDnull,UNDEFINEDnull,,,,,
edf43,19,Punjabi,sentence_audio,active,10289.0,4295.0,252.64705882352942,17.0,863.0823529411763,523.2235294117647,4482.0,3977,6,5516.0,0.8873270861222669,10289.0,2.618823529411765,17.0,77.21588235294116,30.0,1.6522499757022062,exp_images/audio\PUNJABI\tabla.wav,IMG_11_P_ACT,exp_images/images/child_play_tabla.jpg,IMG_11,exp_images/sentences/Tabla.jpg,STIM_11,stimuli_list_subj_7_b.csv,ACT,active,agent_first,agent_overt,0.0,
edf43,2,,free_viewing,,6041.0,4207.0,300.5,14.0,963.7285714285716,561.4714285714286,4532.0,4532,5,1049.0,1.0,6041.0,3.0892857142857144,14.0,85.80142857142856,32.857142857142854,2.317497103128621,UNDEFINEDnull,UNDEFINEDnull,exp_images/images/women_read_letter.jpg,IMG_17,UNDEFINEDnull,UNDEFINEDnull,UNDEFINEDnull,UNDEFINEDnull,,,,,
edf43,20,Punjabi,sentence_audio,active,11156.0,4142.0,295.85714285714283,14.0,920.0,493.55,4440.0,4242,12,6164.0,0.9554054054054054,11156.0,1.8314285714285716,14.0,96.4242857142857,39.42857142857143,1.2549300824668341,exp_images/audio\PUNJABI\door.wav,IMG_10_P_ACT,exp_images/images/boy_opened_door.jpg,IMG_10,exp_images/sentences/Closed-door.jpg,STIM_10,stimuli_list_subj_7_b.csv,ACT,active,agent_first,agent_overt,0.0,
edf43,21,Punjabi,sentence_audio,active,10209.0,4197.0,381.54545454545456,11.0,933.0636363636363,517.6999999999998,4385.0,4385,5,5340.0,1.0,10209.0,1.7250000000000003,12.0,124.4525,62.66666666666666,1.1754334410813991,exp_images/audio\PUNJABI\bucket.wav,IMG_09_P_ACT,exp_images/images/boy_filled_bucket.jpg,IMG_09,exp_images/sentences/Bucket.jpg,STIM_09,stimuli_list_subj_7_b.csv,ACT,active,agent_first,agent_overt,0.0,
edf43,22,Punjabi,sentence_audio,passive,10710.0,4438.0,369.83333333333326,12.0,882.4250000000002,705.1666666666665,4620.0,3068,6,5718.0,0.664069264069264,10710.0,2.845,12.0,85.58749999999998,31.0,1.1204481792717087,exp_images/audio\PUNJABI\p_fed.wav,IMG_16_P_PWA,exp_images/images/girl_fed_dog.jpg,IMG_16,exp_images/sentences/Fed-dog-passive.jpg,STIM_34,stimuli_list_subj_7_b.csv,PWA,passive_with_agent,non_agent_first,agent_overt,1.0,0.0
edf43,23,Punjabi,sentence_audio,passive,10331.0,4491.0,374.25,12.0,827.9583333333335,599.35,4560.0,3490,6,5339.0,0.7653508771929824,10331.0,4.104166666666667,12.0,99.35333333333332,36.0,1.1615526086535672,exp_images/audio\PUNJABI\p_scooter.wav,IMG_14_P_PWA,exp_images/images/driver_wash_scooter.jpg,IMG_14,exp_images/sentences/Washed-scooter-passive.jpg,STIM_32,stimuli_list_subj_7_b.csv,PWA,passive_with_agent,non_agent_first,agent_overt,1.0,0.0
edf43,24,Punjabi,sentence_audio,passive,11114.0,4144.0,414.4,10.0,875.8100000000002,546.4999999999999,4391.0,4391,5,6121.0,1.0,11114.0,3.825,10.0,123.024,60.2,0.8997660608241856,exp_images/audio\PUNJABI\p_picture.wav,IMG_07_P_PWA,exp_images/images/artiste_drew_picture.jpg,IMG_07,exp_images/sentences/Painting-passive.jpg,STIM_25,stimuli_list_subj_7_b.csv,PWA,passive_with_agent,non_agent_first,agent_overt,1.0,0.0
edf43,25,Punjabi,sentence_audio,passive_dropped_agent,10239.0,4683.0,1561.0,3.0,765.3000000000002,714.0666666666666,4906.0,4683,1,5502.0,0.9545454545454546,10239.0,2.0966666666666667,3.0,73.08,28.66666666666667,0.29299736302373275,exp_images/audio\PUNJABI\p_woa_sapling.wav,IMG_03_P_PNA,exp_images/images/girl_plant_tree.jpg,IMG_03,exp_images/sentences/Sapling-woa.jpg,STIM_39,stimuli_list_subj_7_b.csv,PNA,passive_dropped_agent,non_agent_first,agent_dropped,1.0,1.0
edf43,26,Punjabi,sentence_audio,passive_dropped_agent,10290.0,4172.0,219.578947368421,19.0,1069.0210526315786,520.2105263157895,4383.0,2574,6,5540.0,0.5872689938398358,10290.0,2.6870000000000003,20.0,79.048,31.4,1.9436345966958213,exp_images/audio\PUNJABI\p_woa_frisbee.wav,IMG_12_P_PNA,exp_images/images/child_throw_frisbee.jpg,IMG_12,exp_images/sentences/Frisbee-woa.jpg,STIM_48,stimuli_list_subj_7_b.csv,PNA,passive_dropped_agent,non_agent_first,agent_dropped,1.0,1.0
edf43,27,Punjabi,sentence_audio,passive_dropped_agent,10248.0,4418.0,1472.666666666667,3.0,878.7666666666668,485.83333333333326,4904.0,4904,3,5256.0,1.0,10248.0,2.623333333333333,3.0,81.34333333333333,29.33333333333333,0.2927400468384075,exp_images/audio\PUNJABI\p_woa_vase.wav,IMG_08_P_PNA,exp_images/images/boy_broke_vase.jpg,IMG_08,exp_images/sentences/Vase-woa.jpg,STIM_44,stimuli_list_subj_7_b.csv,PNA,passive_dropped_agent,non_agent_first,agent_dropped,1.0,1.0
edf43,28,English,sentence_audio,active,10758.0,4390.0,487.77777777777777,9.0,1000.3222222222224,494.6555555555555,4616.0,4422,8,5766.0,0.9579722703639516,10758.0,3.503333333333333,9.0,83.84555555555556,41.77777777777778,0.8365867261572784,exp_images/audio\ENGLISH\box.wav,IMG_05_E_ACT,exp_images/images/man_pushed_box.jpg,IMG_05,exp_images/sentences/active_man_box.jpg,STIM_59,stimuli_list_subj_7_b.csv,ACT,active,agent_first,agent_overt,0.0,
edf43,29,English,sentence_audio,active,10258.0,4434.0,295.6,15.0,895.2466666666667,598.64,4500.0,4290,8,5266.0,0.9533333333333334,10258.0,3.4033333333333338,15.0,90.28933333333332,32.8,1.4622733476311174,exp_images/audio\ENGLISH\shrub.wav,IMG_04_E_ACT,exp_images/images/man_cut_shrub.jpg,IMG_04,exp_images/sentences/active_man_shrub.jpg,STIM_58,stimuli_list_subj_7_b.csv,ACT,active,agent_first,agent_overt,0.0,
edf43,3,,free_viewing,,5983.0,4217.0,263.5625,16.0,939.31875,728.0125,4383.0,3228,6,990.0,0.7364818617385352,5983.0,4.478125,16.0,98.70000000000002,38.125,2.6742436904562927,UNDEFINEDnull,UNDEFINEDnull,exp_images/images/dog_dug_hole.jpg,IMG_13,UNDEFINEDnull,UNDEFINEDnull,UNDEFINEDnull,UNDEFINEDnull,,,,,
edf43,30,English,sentence_audio,active,10349.0,4265.0,284.3333333333333,15.0,1104.533333333333,457.42666666666673,4469.0,3562,3,5588.0,0.797046319087044,10349.0,3.3966666666666665,15.0,90.33066666666667,34.93333333333333,1.4494154024543433,exp_images/audio\ENGLISH\window.wav,IMG_02_E_ACT,exp_images/images/girl_opened_window.jpg,IMG_02,exp_images/sentences/active_girl_window.jpg,STIM_56,stimuli_list_subj_7_b.csv,ACT,active,agent_first,agent_overt,0.0,
edf43,31,English,sentence_audio,passive,10684.0,4268.0,1067.0,4.0,860.625,776.8,4645.0,1433,2,5691.0,0.3085037674919268,10684.0,3.0500000000000003,4.0,158.09250000000003,87.0,0.3743916136278548,exp_images/audio\ENGLISH\p_dug.wav,IMG_13_E_PWA,exp_images/images/dog_dug_hole.jpg,IMG_13,exp_images/sentences/passive_dog_hole.jpg,STIM_85,stimuli_list_subj_7_b.csv,PWA,passive_with_agent,non_agent_first,agent_overt,1.0,0.0
edf43,32,English,sentence_audio,passive,11001.0,4231.0,325.46153846153845,13.0,919.9692307692308,694.5615384615384,4402.0,3941,5,6218.0,0.8952748750567924,11001.0,2.5576923076923075,13.0,100.83692307692309,45.384615384615394,1.1817107535678577,exp_images/audio\ENGLISH\p_veg.wav,IMG_18_E_PWA,exp_images/images/boy_cut_vegetables.jpg,IMG_18,exp_images/sentences/passive_boy_vegetables.jpg,STIM_90,stimuli_list_subj_7_b.csv,PWA,passive_with_agent,non_agent_first,agent_overt,1.0,0.0
edf43,33,English,sentence_audio,passive,10894.0,4774.0,4774.0,1.0,933.6,614.4,4968.0,4968,1,5902.0,1.0,10894.0,1.31,1.0,53.48,24.0,0.09179364787956673,exp_images/audio\ENGLISH\p_cake.wav,IMG_15_E_PWA,exp_images/images/girl_baked_cake.jpg,IMG_15,exp_images/sentences/passive_girl_cake.jpg,STIM_87,stimuli_list_subj_7_b.csv,PWA,passive_with_agent,non_agent_first,agent_overt,1.0,0.0
edf43,34,English,sentence_audio,passive_dropped_agent,10717.0,1773.0,443.25,4.0,940.1,637.7,4875.0,1773,1,8872.0,0.3636923076923077,10717.0,2.475,4.0,71.6775,29.5,0.37323877950919104,exp_images/audio\ENGLISH\p_woa_clothes.wav,IMG_06_E_PNA,exp_images/images/women_fold_clothes.jpg,IMG_06,exp_images/sentences/noagent_woman_clothes.jpg,STIM_96,stimuli_list_subj_7_b.csv,PNA,passive_dropped_agent,non_agent_first,agent_dropped,1.0,1.0
edf43,35,English,sentence_audio,passive_dropped_agent,10815.0,4413.0,315.2142857142857,14.0,1001.1857142857143,531.1999999999998,4591.0,4457,7,5822.0,0.9708124591592244,10815.0,2.293571428571429,14.0,73.875,28.714285714285715,1.2944983818770228,exp_images/audio\ENGLISH\p_woa_letter.wav,IMG_17_E_PNA,exp_images/images/women_read_letter.jpg,IMG_17,exp_images/sentences/noagent_women_letter.jpg,STIM_107,stimuli_list_subj_7_b.csv,PNA,passive_dropped_agent,non_agent_first,agent_dropped,1.0,1.0
edf43,36,English,sentence_audio,passive_dropped_agent,11130.0,4344.0,310.2857142857143,14.0,847.0785714285714,507.0214285714286,4558.0,4114,8,6138.0,0.90258885476086,11130.0,2.510714285714286,14.0,72.59857142857143,31.0,1.2578616352201255,exp_images/audio\ENGLISH\p_woa_lamp.wav,IMG_01_E_PNA,exp_images/images/girl_lighted_lamp.jpg,IMG_01,exp_images/sentences/noagent_girl_lamp.jpg,STIM_91,stimuli_list_subj_7_b.csv,PNA,passive_dropped_agent,non_agent_first,agent_dropped,1.0,1.0
edf43,4,,free_viewing,,5737.0,4061.0,253.8125,16.0,885.3374999999999,609.00625,4249.0,2929,5,962.0,0.6893386679218639,5737.0,3.3018750000000003,16.0,110.135,46.5,2.788914066585323,UNDEFINEDnull,UNDEFINEDnull,exp_images/images/child_play_tabla.jpg,IMG_11,UNDEFINEDnull,UNDEFINEDnull,UNDEFINEDnull,UNDEFINEDnull,,,,,
edf43,5,,free_viewing,,5941.0,4403.0,366.91666666666674,12.0,962.8916666666664,513.1166666666667,4592.0,4438,6,949.0,0.9664634146341464,5941.0,3.316666666666667,12.0,89.80499999999998,33.333333333333336,2.0198619760983,UNDEFINEDnull,UNDEFINEDnull,exp_images/images/women_fold_clothes.jpg,IMG_06,UNDEFINEDnull,UNDEFINEDnull,UNDEFINEDnull,UNDEFINEDnull,,,,,
edf43,6,,free_viewing,,5830.0,4234.0,352.83333333333326,12.0,936.05,555.0916666666667,4494.0,4092,5,838.0,0.9105473965287049,5830.0,2.6425,12.0,112.19416666666666,41.5,2.0583190394511153,UNDEFINEDnull,UNDEFINEDnull,exp_images/images/girl_baked_cake.jpg,IMG_15,UNDEFINEDnull,UNDEFINEDnull,UNDEFINEDnull,UNDEFINEDnull,,,,,
edf43,7,,free_viewing,,6041.0,4425.0,442.5,10.0,823.5899999999998,529.5699999999998,4691.0,4691,6,1048.0,1.0,6041.0,2.7410000000000005,10.0,83.65100000000001,30.2,1.6553550736633007,UNDEFINEDnull,UNDEFINEDnull,exp_images/images/man_cut_shrub.jpg,IMG_04,UNDEFINEDnull,UNDEFINEDnull,UNDEFINEDnull,UNDEFINEDnull,,,,,
edf43,8,,free_viewing,,6045.0,4215.0,247.94117647058826,17.0,1026.1117647058825,700.4823529411763,4452.0,4452,3,1053.0,1.0,6045.0,3.0476470588235287,17.0,81.97235294117648,31.764705882352942,2.812241521918941,UNDEFINEDnull,UNDEFINEDnull,exp_images/images/driver_wash_scooter.jpg,IMG_14,UNDEFINEDnull,UNDEFINEDnull,UNDEFINEDnull,UNDEFINEDnull,,,,,
edf43,9,,free_viewing,,5676.0,4218.0,234.33333333333331,18.0,853.7888888888889,556.9499999999998,4394.0,3946,7,684.0,0.8980427856167501,5676.0,3.2872222222222214,18.0,88.30944444444445,33.22222222222222,3.171247357293869,UNDEFINEDnull,UNDEFINEDnull,exp_images/images/girl_lighted_lamp.jpg,IMG_01,UNDEFINEDnull,UNDEFINEDnull,UNDEFINEDnull,UNDEFINEDnull,,,,,
edf44,1,,free_viewing,,5695.0,4173.0,278.2,15.0,982.7933333333334,556.2933333333333,4394.0,2603,7,964.0,0.5923987255348202,5695.0,4.5120000000000005,15.0,105.20266666666666,39.73333333333333,2.633889376646181,UNDEFINEDnull,UNDEFINEDnull,exp_images/images/child_throw_frisbee.jpg,IMG_12,UNDEFINEDnull,UNDEFINEDnull,UNDEFINEDnull,UNDEFINEDnull,,,,,
edf44,10,,free_viewing,,5798.0,4324.0,270.25,16.0,899.1750000000002,522.1375,4499.0,4499,4,805.0,1.0,5798.0,2.69125,16.0,79.16250000000002,30.875,2.7595722662987243,UNDEFINEDnull,UNDEFINEDnull,exp_images/images/boy_opened_door.jpg,IMG_10,UNDEFINEDnull,UNDEFINEDnull,UNDEFINEDnull,UNDEFINEDnull,,,,,
edf44,11,,free_viewing,,6112.0,4106.0,186.63636363636363,22.0,930.7045454545456,543.6181818181817,4274.0,3746,7,1318.0,0.8764623303696771,6112.0,3.019565217391305,23.0,83.36,32.0,3.763089005235602,UNDEFINEDnull,UNDEFINEDnull,exp_images/images/girl_opened_window.jpg,IMG_02,UNDEFINEDnull,UNDEFINEDnull,UNDEFINEDnull,UNDEFINEDnull,,,,,
edf44,12,,free_viewing,,6103.0,4273.0,267.0625,16.0,944.3625,560.1937499999998,4523.0,4523,3,1110.0,1.0,6103.0,1.7375,16.0,64.069375,29.375,2.6216614779616583,UNDEFINEDnull,UNDEFINEDnull,exp_images/images/boy_filled_bucket.jpg,IMG_09,UNDEFINEDnull,UNDEFINEDnull,UNDEFINEDnull,UNDEFINEDnull,,,,,
edf44,13,,free_viewing,,5887.0,4161.0,208.05,20.0,912.98,572.03,4401.0,2847,7,894.0,0.6468984321745058,5887.0,2.3755,20.0,73.74900000000002,29.6,3.397316120264991,UNDEFINEDnull,UNDEFINEDnull,exp_images/images/girl_baked_cake.jpg,IMG_15,UNDEFINEDnull,UNDEFINEDnull,UNDEFINEDnull,UNDEFINEDnull,,,,,
edf44,14,,free_viewing,,6064.0,4182.0,232.33333333333331,18.0,830.7055555555555,697.55,4328.0,2954,6,1072.0,0.6825323475046211,6064.0,3.8772222222222217,18.0,96.65111111111109,36.888888888888886,2.9683377308707124,UNDEFINEDnull,UNDEFINEDnull,exp_images/images/dog_dug_hole.jpg,IMG_13,UNDEFINEDnull,UNDEFINEDnull,UNDEFINEDnull,UNDEFINEDnull,,,,,
edf44,15,,free_viewing,,5945.0,4281.0,225.31578947368425,19.0,937.2105263157896,571.2263157894737,4434.0,3039,3,1148.0,0.6853856562922869,5945.0,2.5278947368421054,19.0,73.39789473684213,29.36842105263158,3.1959629941126995,UNDEFINEDnull,UNDEFINEDnull,exp_images/images/child_play_tabla.jpg,IMG_11,UNDEFINEDnull,UNDEFINEDnull,UNDEFINEDnull,UNDEFINEDnull,,,,,
edf44,16,,free_viewing,,6054.0,3974.0,172.7826086956522,23.0,958.2695652173912,587.2347826086956,4134.0,3766,9,1062.0,0.9109820996613448,6054.0,4.184782608695654,23.0,101.73652173913042,37.30434782608695,3.799141063759498,UNDEFINEDnull,UNDEFINEDnull,exp_images/images/driver_wash_scooter.jpg,IMG_14,UNDEFINEDnull,UNDEFINEDnull,UNDEFINEDnull,UNDEFINEDnull,,,,,
edf44,17,,free_viewing,,5962.0,4148.0,207.4,20.0,907.655,513.7250000000001,4312.0,4080,3,970.0,0.9461966604823748,5962.0,3.4715000000000003,20.0,93.197,34.0,3.354579000335458,UNDEFINEDnull,UNDEFINEDnull,exp_images/images/artiste_drew_picture.jpg,IMG_07,UNDEFINEDnull,UNDEFINEDnull,UNDEFINEDnull,UNDEFINEDnull,,,,,
edf44,18,,free_viewing,,5783.0,4175.0,278.3333333333333,15.0,970.4533333333333,553.4600000000002,4411.0,4411,4,792.0,1.0,5783.0,3.8513333333333337,15.0,97.166,38.66666666666666,2.593809441466367,UNDEFINEDnull,UNDEFINEDnull,exp_images/images/man_cut_shrub.jpg,IMG_04,UNDEFINEDnull,UNDEFINEDnull,UNDEFINEDnull,UNDEFINEDnull,,,,,
edf44,19,Punjabi,sentence_audio,passive,11080.0,4234.0,235.22222222222226,18.0,859.638888888889,528.5333333333333,4386.0,3978,6,6282.0,0.9069767441860463,11080.0,2.78,18.0,78.23555555555555,33.666666666666664,1.624548736462094,exp_images/audio\PUNJABI\p_tabla.wav,IMG_11_P_PWA,exp_images/images/child_play_tabla.jpg,IMG_11,exp_images/sentences/Tabla-passive.jpg,STIM_29,stimuli_list_subj_8_b.csv,PWA,passive_with_agent,non_agent_first,agent_overt,1.0,0.0
edf44,2,,free_viewing,,5838.0,4390.0,399.09090909090907,11.0,831.8727272727272,506.4545454545454,4591.0,4591,7,845.0,1.0,5838.0,4.094545454545455,11.0,97.21636363636364,36.54545454545455,1.8842069201781435,UNDEFINEDnull,UNDEFINEDnull,exp_images/images/girl_lighted_lamp.jpg,IMG_01,UNDEFINEDnull,UNDEFINEDnull,UNDEFINEDnull,UNDEFINEDnull,,,,,
edf44,20,Punjabi,sentence_audio,passive,10801.0,4425.0,368.75,12.0,849.5083333333333,474.81666666666666,4588.0,4588,4,5809.0,1.0,10801.0,2.131666666666667,12.0,97.94916666666666,33.666666666666664,1.11100823997778,exp_images/audio\PUNJABI\p_door.wav,IMG_10_P_PWA,exp_images/images/boy_opened_door.jpg,IMG_10,exp_images/sentences/Closed-door-passive.jpg,STIM_28,stimuli_list_subj_8_b.csv,PWA,passive_with_agent,non_agent_first,agent_overt,1.0,0.0
edf44,21,Punjabi,sentence_audio,passive,10560.0,4444.0,493.77777777777777,9.0,925.3888888888887,546.611111111111,4656.0,4656,3,5568.0,1.0,10560.0,2.308888888888889,9.0,90.48555555555555,37.333333333333336,0.8522727272727272,exp_images/audio\PUNJABI\p_bucket.wav,IMG_09_P_PWA,exp_images/images/boy_filled_bucket.jpg,IMG_09,exp_images/sentences/Bucket-passive.jpg,STIM_27,stimuli_list_subj_8_b.csv,PWA,passive_with_agent,non_agent_first,agent_overt,1.0,0.0
edf44,22,Punjabi,sentence_audio,passive_dropped_agent,11035.0,4329.0,254.64705882352942,17.0,938.3411764705883,706.7470588235294,4485.0,1823,5,6042.0,0.4064659977703456,11035.0,2.6264705882352937,17.0,76.90411764705884,29.882352941176467,1.5405527865881286,exp_images/audio\PUNJABI\p_woa_fed.wav,IMG_16_P_PNA,exp_images/images/girl_fed_dog.jpg,IMG_16,exp_images/sentences/Fed-dog-woa.jpg,STIM_52,stimuli_list_subj_8_b.csv,PNA,passive_dropped_agent,non_agent_first,agent_dropped,1.0,1.0
edf44,23,Punjabi,sentence_audio,passive_dropped_agent,10662.0,4114.0,187.0,22.0,963.3909090909093,785.4636363636363,4253.0,3723,4,5669.0,0.8753820832353633,10662.0,3.1104545454545462,22.0,84.65545454545455,33.63636363636363,2.0634027386981804,exp_images/audio\PUNJABI\p_woa_scooter.wav,IMG_14_P_PNA,exp_images/images/driver_wash_scooter.jpg,IMG_14,exp_images/sentences/Washed-scooter-woa.jpg,STIM_50,stimuli_list_subj_8_b.csv,PNA,passive_dropped_agent,non_agent_first,agent_dropped,1.0,1.0
edf44,24,Punjabi,sentence_audio,passive_dropped_agent,11089.0,4423.0,276.4375,16.0,944.5875,499.55,4450.0,3420,5,6097.0,0.7685393258426966,11089.0,3.075,16.0,85.341875,33.875,1.4428713139146905,exp_images/audio\PUNJABI\p_woa_picture.wav,IMG_07_P_PNA,exp_images/images/artiste_drew_picture.jpg,IMG_07,exp_images/sentences/Painting-woa.jpg,STIM_43,stimuli_list_subj_8_b.csv,PNA,passive_dropped_agent,non_agent_first,agent_dropped,1.0,1.0
edf44,25,English,sentence_audio,active,10997.0,3997.0,181.6818181818182,22.0,869.1681818181821,599.4090909090911,4230.0,2981,7,6005.0,0.7047281323877068,10997.0,3.648636363636364,22.0,93.5118181818182,34.63636363636363,2.0005456033463678,exp_images/audio\ENGLISH\sapling.wav,IMG_03_E_ACT,exp_images/images/girl_plant_tree.jpg,IMG_03,exp_images/sentences/active_girl_sapling.jpg,STIM_57,stimuli_list_subj_8_b.csv,ACT,active,agent_first,agent_overt,0.0,
edf44,26,English,sentence_audio,active,10422.0,4060.0,203.0,20.0,1013.6,580.7,4274.0,3078,5,5682.0,0.7201684604585868,10422.0,3.612,20.0,92.94250000000002,35.9,1.9190174630589136,exp_images/audio\ENGLISH\frisbee.wav,IMG_12_E_ACT,exp_images/images/child_throw_frisbee.jpg,IMG_12,exp_images/sentences/active_child_frisbee.jpg,STIM_66,stimuli_list_subj_8_b.csv,ACT,active,agent_first,agent_overt,0.0,
edf44,27,English,sentence_audio,active,10620.0,4230.0,264.375,16.0,782.9812499999998,471.8375,4490.0,4210,4,5628.0,0.9376391982182628,10620.0,2.215625,16.0,71.68624999999999,31.375,1.506591337099812,exp_images/audio\ENGLISH\vase.wav,IMG_08_E_ACT,exp_images/images/boy_broke_vase.jpg,IMG_08,exp_images/sentences/active_boy_vase.jpg,STIM_62,stimuli_list_subj_8_b.csv,ACT,active,agent_first,agent_overt,0.0,
edf44,28,English,sentence_audio,passive,10808.0,4054.0,337.8333333333333,12.0,917.2916666666664,456.0166666666667,4575.0,4575,3,5815.0,1.0,10808.0,2.56,12.0,114.05333333333333,34.833333333333336,1.1102886750555143,exp_images/audio\ENGLISH\p_box.wav,IMG_05_E_PWA,exp_images/images/man_pushed_box.jpg,IMG_05,exp_images/sentences/passive_man_box.jpg,STIM_77,stimuli_list_subj_8_b.csv,PWA,passive_with_agent,non_agent_first,agent_overt,1.0,0.0
edf44,29,English,sentence_audio,passive,10368.0,3934.0,218.55555555555557,18.0,890.2222222222223,647.1555555555555,4193.0,3747,7,5375.0,0.8936322442165514,10368.0,4.597894736842107,19.0,128.5542105263158,43.05263157894736,1.8325617283950617,exp_images/audio\ENGLISH\p_shrub.wav,IMG_04_E_PWA,exp_images/images/man_cut_shrub.jpg,IMG_04,exp_images/sentences/passive_man_shrub.jpg,STIM_76,stimuli_list_subj_8_b.csv,PWA,passive_with_agent,non_agent_first,agent_overt,1.0,0.0
edf44,3,,free_viewing,,5704.0,4188.0,380.7272727272728,11.0,927.8181818181821,457.9363636363636,4379.0,4237,4,711.0,0.9675725051381594,5704.0,1.9181818181818182,11.0,210.14090909090908,55.81818181818182,1.9284712482468445,UNDEFINEDnull,UNDEFINEDnull,exp_images/images/boy_broke_vase.jpg,IMG_08,UNDEFINEDnull,UNDEFINEDnull,UNDEFINEDnull,UNDEFINEDnull,,,,,
edf44,30,English,sentence_audio,passive,11149.0,4485.0,407.7272727272728,11.0,960.4090909090908,485.21818181818185,4654.0,4485,4,6358.0,0.9636871508379888,11149.0,2.6218181818181816,11.0,74.05545454545455,30.72727272727273,0.986635572697103,exp_images/audio\ENGLISH\p_window.wav,IMG_02_E_PWA,exp_images/images/girl_opened_window.jpg,IMG_02,exp_images/sentences/passive_girl_window.jpg,STIM_74,stimuli_list_subj_8_b.csv,PWA,passive_with_agent,non_agent_first,agent_overt,1.0,0.0
edf44,31,English,sentence_audio,passive_dropped_agent,10419.0,4349.0,395.3636363636364,11.0,940.7818181818184,735.9727272727272,4519.0,4489,4,5426.0,0.9933613631334366,10419.0,2.499090909090909,11.0,169.64,43.09090909090909,1.05576350897399,exp_images/audio\ENGLISH\p_woa_dug.wav,IMG_13_E_PNA,exp_images/images/dog_dug_hole.jpg,IMG_13,exp_images/sentences/noagent_dog_hole.jpg,STIM_103,stimuli_list_subj_8_b.csv,PNA,passive_dropped_agent,non_agent_first,agent_dropped,1.0,1.0
edf44,32,English,sentence_audio,passive_dropped_agent,10910.0,4350.0,255.88235294117646,17.0,929.1764705882354,615.6941176470588,4505.0,3590,5,6114.0,0.7968923418423973,10910.0,2.2088235294117644,17.0,68.83705882352942,28.705882352941174,1.5582034830430798,exp_images/audio\ENGLISH\p_woa_veg.wav,IMG_18_E_PNA,exp_images/images/boy_cut_vegetables.jpg,IMG_18,exp_images/sentences/noagent_boy_vegetables.jpg,STIM_108,stimuli_list_subj_8_b.csv,PNA,passive_dropped_agent,non_agent_first,agent_dropped,1.0,1.0
edf44,33,English,sentence_audio,passive_dropped_agent,10532.0,4402.0,440.2,10.0,904.7099999999997,554.08,4639.0,4425,4,5539.0,0.9538693683983616,10532.0,2.8545454545454545,11.0,81.40909090909092,33.81818181818182,1.0444360045575392,exp_images/audio\ENGLISH\p_woa_cake.wav,IMG_15_E_PNA,exp_images/images/girl_baked_cake.jpg,IMG_15,exp_images/sentences/noagent_girl_cake.jpg,STIM_105,stimuli_list_subj_8_b.csv,PNA,passive_dropped_agent,non_agent_first,agent_dropped,1.0,1.0
edf44,34,Punjabi,sentence_audio,active,10923.0,4490.0,449.0,10.0,944.58,547.28,4676.0,4676,4,5932.0,1.0,10923.0,2.7245454545454546,11.0,80.73818181818181,30.363636363636363,1.0070493454179257,exp_images/audio\PUNJABI\clothes.wav,IMG_06_P_ACT,exp_images/images/women_fold_clothes.jpg,IMG_06,exp_images/sentences/Folded-clothes.jpg,STIM_06,stimuli_list_subj_8_b.csv,ACT,active,agent_first,agent_overt,0.0,
edf44,35,Punjabi,sentence_audio,active,10689.0,4313.0,431.3,10.0,927.9,503.34,4549.0,4313,4,5968.0,0.9481204660364916,10689.0,2.9389999999999996,10.0,86.91900000000003,44.4,0.9355412105903264,exp_images/audio\PUNJABI\letter.wav,IMG_17_P_ACT,exp_images/images/women_read_letter.jpg,IMG_17,exp_images/sentences/Letter.jpg,STIM_17,stimuli_list_subj_8_b.csv,ACT,active,agent_first,agent_overt,0.0,
edf44,36,Punjabi,sentence_audio,active,10738.0,4134.0,217.578947368421,19.0,871.0105263157894,495.6315789473685,4283.0,4283,7,5745.0,1.0,10738.0,3.798,20.0,93.8875,36.1,1.8625442354255917,exp_images/audio\PUNJABI\lamp.wav,IMG_01_P_ACT,exp_images/images/girl_lighted_lamp.jpg,IMG_01,exp_images/sentences/Lamp.jpg,STIM_01,stimuli_list_subj_8_b.csv,ACT,active,agent_first,agent_overt,0.0,
edf44,4,,free_viewing,,5762.0,4296.0,358.0,12.0,953.6833333333333,761.9749999999998,4572.0,4154,4,1098.0,0.9085739282589675,5762.0,3.68,12.0,93.195,35.0,2.0826102047900035,UNDEFINEDnull,UNDEFINEDnull,exp_images/images/boy_cut_vegetables.jpg,IMG_18,UNDEFINEDnull,UNDEFINEDnull,UNDEFINEDnull,UNDEFINEDnull,,,,,
edf44,5,,free_viewing,,5667.0,4251.0,265.6875,16.0,977.3624999999997,489.5625,4461.0,3973,7,674.0,0.8906074871105133,5667.0,3.039375,16.0,83.83437500000002,33.25,2.8233633315687316,UNDEFINEDnull,UNDEFINEDnull,exp_images/images/man_pushed_box.jpg,IMG_05,UNDEFINEDnull,UNDEFINEDnull,UNDEFINEDnull,UNDEFINEDnull,,,,,
edf44,6,,free_viewing,,5641.0,4429.0,402.6363636363636,11.0,928.1272727272728,569.1818181818181,4663.0,4233,6,648.0,0.9077846879691186,5641.0,2.567272727272728,11.0,74.8918181818182,30.0,1.9500088636766533,UNDEFINEDnull,UNDEFINEDnull,exp_images/images/women_fold_clothes.jpg,IMG_06,UNDEFINEDnull,UNDEFINEDnull,UNDEFINEDnull,UNDEFINEDnull,,,,,
edf44,7,,free_viewing,,6055.0,4384.0,548.0,8.0,963.25,546.875,4774.0,4384,4,1478.0,0.9183074989526604,6055.0,1.923333333333333,9.0,65.64888888888888,26.444444444444446,1.4863748967795212,UNDEFINEDnull,UNDEFINEDnull,exp_images/images/women_read_letter.jpg,IMG_17,UNDEFINEDnull,UNDEFINEDnull,UNDEFINEDnull,UNDEFINEDnull,,,,,
edf44,8,,free_viewing,,6088.0,4452.0,342.46153846153845,13.0,906.2153846153847,674.0461538461537,4665.0,3491,5,1095.0,0.7483386923901393,6088.0,1.7946153846153847,13.0,63.151538461538465,25.23076923076923,2.135348226018397,UNDEFINEDnull,UNDEFINEDnull,exp_images/images/girl_fed_dog.jpg,IMG_16,UNDEFINEDnull,UNDEFINEDnull,UNDEFINEDnull,UNDEFINEDnull,,,,,
edf44,9,,free_viewing,,5901.0,4091.0,215.31578947368425,19.0,875.9736842105265,576.4947368421052,4339.0,3353,5,908.0,0.7727587001613275,5901.0,3.4431578947368418,19.0,91.80157894736841,34.421052631578945,3.219793255380444,UNDEFINEDnull,UNDEFINEDnull,exp_images/images/girl_plant_tree.jpg,IMG_03,UNDEFINEDnull,UNDEFINEDnull,UNDEFINEDnull,UNDEFINEDnull,,,,,
edf45,1,,free_viewing,,6047.0,4178.0,261.125,16.0,993.38125,453.70625,4428.0,3816,9,1056.0,0.8617886178861789,6047.0,2.926470588235295,17.0,82.15588235294119,33.05882352941177,2.811311394079709,UNDEFINEDnull,UNDEFINEDnull,exp_images/images/man_pushed_box.jpg,IMG_05,UNDEFINEDnull,UNDEFINEDnull,UNDEFINEDnull,UNDEFINEDnull,,,,,
edf45,10,,free_viewing,,6040.0,4344.0,310.2857142857143,14.0,1004.7214285714284,513.6714285714286,4572.0,4572,5,1048.0,1.0,6040.0,2.5,14.0,72.82857142857142,30.0,2.3178807947019866,UNDEFINEDnull,UNDEFINEDnull,exp_images/images/boy_filled_bucket.jpg,IMG_09,UNDEFINEDnull,UNDEFINEDnull,UNDEFINEDnull,UNDEFINEDnull,,,,,
edf45,11,,free_viewing,,5810.0,4254.0,303.85714285714283,14.0,980.8,555.2071428571428,4561.0,4561,3,817.0,1.0,5810.0,2.3671428571428565,14.0,72.2357142857143,30.857142857142854,2.409638554216868,UNDEFINEDnull,UNDEFINEDnull,exp_images/images/women_fold_clothes.jpg,IMG_06,UNDEFINEDnull,UNDEFINEDnull,UNDEFINEDnull,UNDEFINEDnull,,,,,
edf45,12,,free_viewing,,5773.0,4181.0,220.05263157894737,19.0,976.542105263158,617.1315789473684,4401.0,2389,4,1036.0,0.5428311747330152,5773.0,2.5152631578947373,19.0,75.25315789473684,31.157894736842106,3.2911830937121085,UNDEFINEDnull,UNDEFINEDnull,exp_images/images/child_play_tabla.jpg,IMG_11,UNDEFINEDnull,UNDEFINEDnull,UNDEFINEDnull,UNDEFINEDnull,,,,,
edf45,13,,free_viewing,,5726.0,4086.0,240.35294117647058,17.0,914.7529411764706,518.8941176470589,4341.0,4341,9,733.0,1.0,5726.0,3.4870588235294124,17.0,110.115,37.0,2.9689137268599373,UNDEFINEDnull,UNDEFINEDnull,exp_images/images/boy_opened_door.jpg,IMG_10,UNDEFINEDnull,UNDEFINEDnull,UNDEFINEDnull,UNDEFINEDnull,,,,,
edf45,14,,free_viewing,,5683.0,4145.0,207.25,20.0,930.87,551.9649999999998,4388.0,3534,5,691.0,0.8053783044667274,5683.0,2.264,20.0,71.56200000000003,30.2,3.5192679922576104,UNDEFINEDnull,UNDEFINEDnull,exp_images/images/boy_broke_vase.jpg,IMG_08,UNDEFINEDnull,UNDEFINEDnull,UNDEFINEDnull,UNDEFINEDnull,,,,,
edf45,15,,free_viewing,,5870.0,4266.0,250.94117647058826,17.0,1075.5,528.3823529411766,4436.0,3618,4,1076.0,0.8155996393146979,5870.0,2.9376470588235293,17.0,82.89823529411765,32.70588235294117,2.8960817717206133,UNDEFINEDnull,UNDEFINEDnull,exp_images/images/child_throw_frisbee.jpg,IMG_12,UNDEFINEDnull,UNDEFINEDnull,UNDEFINEDnull,UNDEFINEDnull,,,,,
edf45,16,,free_viewing,,5762.0,4074.0,271.6,15.0,1009.4066666666665,598.9399999999998,4370.0,4242,3,880.0,0.9707093821510298,5762.0,2.988125,16.0,122.19,41.25,2.7768136063866717,UNDEFINEDnull,UNDEFINEDnull,exp_images/images/driver_wash_scooter.jpg,IMG_14,UNDEFINEDnull,UNDEFINEDnull,UNDEFINEDnull,UNDEFINEDnull,,,,,
edf45,17,,free_viewing,,5977.0,4203.0,280.2,15.0,962.74,672.9733333333334,4515.0,4515,5,984.0,1.0,5977.0,2.7526666666666677,15.0,82.14066666666666,31.86666666666667,2.5096202108080976,UNDEFINEDnull,UNDEFINEDnull,exp_images/images/boy_cut_vegetables.jpg,IMG_18,UNDEFINEDnull,UNDEFINEDnull,UNDEFINEDnull,UNDEFINEDnull,,,,,
edf45,18,,free_viewing,,6048.0,4036.0,212.421052631579,19.0,1004.473684210526,530.9578947368421,4331.0,4331,6,1055.0,1.0,6048.0,3.0847368421052628,19.0,83.88052631578948,34.8421052631579,3.141534391534392,UNDEFINEDnull,UNDEFINEDnull,exp_images/images/women_read_letter.jpg,IMG_17,UNDEFINEDnull,UNDEFINEDnull,UNDEFINEDnull,UNDEFINEDnull,,,,,
edf45,19,Punjabi,sentence_audio,passive_dropped_agent,10237.0,4211.0,350.91666666666674,12.0,895.9249999999997,509.44166666666666,4418.0,2615,7,5488.0,0.591896785875962,10237.0,3.0850000000000004,12.0,99.325,47.83333333333334,1.1722184233662205,exp_images/audio\PUNJABI\p_woa_tabla.wav,IMG_11_P_PNA,exp_images/images/child_play_tabla.jpg,IMG_11,exp_images/sentences/Tabla-woa.jpg,STIM_47,stimuli_list_subj_9_b.csv,PNA,passive_dropped_agent,non_agent_first,agent_dropped,1.0,1.0
edf45,2,,free_viewing,,6099.0,4387.0,438.7,10.0,1113.75,590.89,4611.0,3947,4,1360.0,0.8559965300368684,6099.0,3.6289999999999996,10.0,92.102,38.2,1.6396130513198883,UNDEFINEDnull,UNDEFINEDnull,exp_images/images/girl_opened_window.jpg,IMG_02,UNDEFINEDnull,UNDEFINEDnull,UNDEFINEDnull,UNDEFINEDnull,,,,,
edf45,20,Punjabi,sentence_audio,passive_dropped_agent,11028.0,4048.0,224.88888888888889,18.0,923.8777777777775,507.23888888888894,4334.0,4148,9,6036.0,0.9570835256114444,11028.0,2.489444444444444,18.0,102.54166666666664,36.555555555555564,1.6322089227421108,exp_images/audio\PUNJABI\p_woa_door.wav,IMG_10_P_PNA,exp_images/images/boy_opened_door.jpg,IMG_10,exp_images/sentences/Closed-door-woa.jpg,STIM_46,stimuli_list_subj_9_b.csv,PNA,passive_dropped_agent,non_agent_first,agent_dropped,1.0,1.0
edf45,21,Punjabi,sentence_audio,passive_dropped_agent,10330.0,4478.0,639.7142857142858,7.0,939.2571428571428,595.0142857142857,4678.0,4678,1,5338.0,1.0,10330.0,1.135714285714286,7.0,74.89857142857143,44.85714285714285,0.6776379477250726,exp_images/audio\PUNJABI\p_woa_tub.wav,IMG_09_P_PNA,exp_images/images/boy_filled_bucket.jpg,IMG_09,exp_images/sentences/Bucket-woa.jpg,STIM_45,stimuli_list_subj_9_b.csv,PNA,passive_dropped_agent,non_agent_first,agent_dropped,1.0,1.0
edf45,22,English,sentence_audio,active,10192.0,4326.0,360.5,12.0,929.2833333333334,664.925,4491.0,3533,5,5199.0,0.7866844800712536,10192.0,2.303333333333333,12.0,95.09583333333336,41.833333333333336,1.1773940345368916,exp_images/audio\ENGLISH\fed.wav,IMG_16_E_ACT,exp_images/images/girl_fed_dog.jpg,IMG_16,exp_images/sentences/active_girl_dog.jpg,STIM_70,stimuli_list_subj_9_b.csv,ACT,active,agent_first,agent_overt,0.0,
edf45,23,English,sentence_audio,active,11038.0,4276.0,267.25,16.0,1030.05,625.1249999999999,4467.0,4249,4,6045.0,0.9511976718155362,11038.0,2.95625,16.0,82.635625,32.875,1.4495379597753215,exp_images/audio\ENGLISH\scooter.wav,IMG_14_E_ACT,exp_images/images/driver_wash_scooter.jpg,IMG_14,exp_images/sentences/active_driver_scooter.jpg,STIM_68,stimuli_list_subj_9_b.csv,ACT,active,agent_first,agent_overt,0.0,
edf45,24,English,sentence_audio,active,10913.0,3863.0,227.2352941176471,17.0,960.0,452.17058823529413,4068.0,4068,6,5921.0,1.0,10913.0,3.6711764705882346,17.0,166.60882352941175,54.352941176470594,1.5577751305782097,exp_images/audio\ENGLISH\picture.wav,IMG_07_E_ACT,exp_images/images/artiste_drew_picture.jpg,IMG_07,exp_images/sentences/active_artist_picture.jpg,STIM_61,stimuli_list_subj_9_b.csv,ACT,active,agent_first,agent_overt,0.0,
edf45,25,English,sentence_audio,passive,10861.0,4382.0,313.0,14.0,853.342857142857,635.5642857142857,4396.0,3644,3,6136.0,0.8289353958143767,10861.0,2.667333333333333,15.0,118.39466666666664,41.06666666666667,1.3810882975784915,exp_images/audio\ENGLISH\p_sapling.wav,IMG_03_E_PWA,exp_images/images/girl_plant_tree.jpg,IMG_03,exp_images/sentences/passive_girl_sapling.jpg,STIM_75,stimuli_list_subj_9_b.csv,PWA,passive_with_agent,non_agent_first,agent_overt,1.0,0.0
edf45,26,English,sentence_audio,passive,10284.0,4038.0,269.2,15.0,992.44,470.80666666666673,4255.0,3708,4,5532.0,0.8714453584018801,10284.0,2.85,16.0,130.66062499999998,46.875,1.555814858031894,exp_images/audio\ENGLISH\p_frisbee.wav,IMG_12_E_PWA,exp_images/images/child_throw_frisbee.jpg,IMG_12,exp_images/sentences/passive_child_frisbee.jpg,STIM_84,stimuli_list_subj_9_b.csv,PWA,passive_with_agent,non_agent_first,agent_overt,1.0,0.0
edf45,27,English,sentence_audio,passive,11052.0,4412.0,401.09090909090907,11.0,926.3636363636364,514.8454545454545,4685.0,4685,4,6061.0,1.0,11052.0,2.002727272727273,11.0,64.1709090909091,27.818181818181817,0.9952949692363372,exp_images/audio\ENGLISH\p_vase.wav,IMG_08_E_PWA,exp_images/images/boy_broke_vase.jpg,IMG_08,exp_images/sentences/passive_boy_vase.jpg,STIM_80,stimuli_list_subj_9_b.csv,PWA,passive_with_agent,non_agent_first,agent_overt,1.0,0.0
edf45,28,English,sentence_audio,passive_dropped_agent,10723.0,4115.0,274.3333333333333,15.0,992.5333333333333,445.44,4331.0,3965,7,5730.0,0.9154929577464788,10723.0,3.1326666666666663,15.0,106.03466666666668,44.13333333333333,1.3988622586962602,exp_images/audio\ENGLISH\p_woa_box.wav,IMG_05_E_PNA,exp_images/images/man_pushed_box.jpg,IMG_05,exp_images/sentences/noagent_man_box.jpg,STIM_95,stimuli_list_subj_9_b.csv,PNA,passive_dropped_agent,non_agent_first,agent_dropped,1.0,1.0
edf45,29,English,sentence_audio,passive_dropped_agent,10783.0,4150.0,319.23076923076917,13.0,839.2538461538463,541.8307692307691,4371.0,3763,6,5791.0,0.8609013955616563,10783.0,3.3228571428571425,14.0,106.92142857142859,45.714285714285715,1.2983399795975146,exp_images/audio\ENGLISH\p_woa_shrub.wav,IMG_04_E_PNA,exp_images/images/man_cut_shrub.jpg,IMG_04,exp_images/sentences/noagent_man_shrub.jpg,STIM_94,stimuli_list_subj_9_b.csv,PNA,passive_dropped_agent,non_agent_first,agent_dropped,1.0,1.0
edf45,3,,free_viewing,,5819.0,4311.0,331.61538461538464,13.0,1005.2538461538463,609.223076923077,4556.0,4556,4,827.0,1.0,5819.0,3.301538461538461,13.0,89.3546153846154,33.53846153846154,2.234060835195051,UNDEFINEDnull,UNDEFINEDnull,exp_images/images/man_cut_shrub.jpg,IMG_04,UNDEFINEDnull,UNDEFINEDnull,UNDEFINEDnull,UNDEFINEDnull,,,,,
edf45,30,English,sentence_audio,passive_dropped_agent,10178.0,4180.0,298.57142857142856,14.0,1105.357142857143,491.60714285714295,4373.0,4180,4,5422.0,0.9558655385319004,10178.0,3.0585714285714287,14.0,95.01714285714287,44.14285714285715,1.3755158184319118,exp_images/audio\ENGLISH\p_woa_window.wav,IMG_02_E_PNA,exp_images/images/girl_opened_window.jpg,IMG_02,exp_images/sentences/noagent_girl_window.jpg,STIM_92,stimuli_list_subj_9_b.csv,PNA,passive_dropped_agent,non_agent_first,agent_dropped,1.0,1.0
edf45,31,Punjabi,sentence_audio,active,10311.0,4537.0,453.7,10.0,951.25,686.96,4687.0,3789,5,5318.0,0.8084062299978665,10311.0,2.52,10.0,78.26,30.6,0.9698380370478129,exp_images/audio\PUNJABI\dug.wav,IMG_13_P_ACT,exp_images/images/dog_dug_hole.jpg,IMG_13,exp_images/sentences/Dog-dug.jpg,STIM_13,stimuli_list_subj_9_b.csv,ACT,active,agent_first,agent_overt,0.0,
edf45,32,Punjabi,sentence_audio,active,10438.0,4186.0,279.06666666666666,15.0,983.9,678.4133333333333,4368.0,4180,6,5446.0,0.956959706959707,10438.0,2.814,15.0,103.72,41.6,1.4370569074535349,exp_images/audio\PUNJABI\veg.wav,IMG_18_P_ACT,exp_images/images/boy_cut_vegetables.jpg,IMG_18,exp_images/sentences/Veg.jpg,STIM_18,stimuli_list_subj_9_b.csv,ACT,active,agent_first,agent_overt,0.0,
edf45,33,Punjabi,sentence_audio,active,10968.0,4300.0,358.33333333333326,12.0,924.4666666666666,524.9833333333332,4474.0,4276,7,5976.0,0.9557443004023244,10968.0,2.6141666666666667,12.0,113.24500000000002,43.16666666666666,1.0940919037199124,exp_images/audio\PUNJABI\cake.wav,IMG_15_P_ACT,exp_images/images/girl_baked_cake.jpg,IMG_15,exp_images/sentences/Cake.jpg,STIM_15,stimuli_list_subj_9_b.csv,ACT,active,agent_first,agent_overt,0.0,
edf45,34,Punjabi,sentence_audio,passive,11112.0,4042.0,269.46666666666664,15.0,962.9666666666666,585.8133333333334,4252.0,4200,4,6120.0,0.9877704609595483,11112.0,2.484,15.0,92.18266666666665,49.33333333333334,1.3498920086393091,exp_images/audio\PUNJABI\p_clothes.wav,IMG_06_P_PWA,exp_images/images/women_fold_clothes.jpg,IMG_06,exp_images/sentences/Folded-clothes-passive.jpg,STIM_24,stimuli_list_subj_9_b.csv,PWA,passive_with_agent,non_agent_first,agent_overt,1.0,0.0
edf45,35,Punjabi,sentence_audio,passive,10236.0,4258.0,354.83333333333326,12.0,1031.2916666666667,616.85,4437.0,3850,6,5464.0,0.8677034032003607,10236.0,3.0583333333333336,12.0,91.51583333333332,46.33333333333334,1.1723329425556857,exp_images/audio\PUNJABI\p_letter.wav,IMG_17_P_PWA,exp_images/images/women_read_letter.jpg,IMG_17,exp_images/sentences/Letter-passive.jpg,STIM_35,stimuli_list_subj_9_b.csv,PWA,passive_with_agent,non_agent_first,agent_overt,1.0,0.0
edf45,36,Punjabi,sentence_audio,passive,10834.0,4240.0,201.90476190476193,21.0,930.9809523809523,556.7952380952382,4260.0,3912,9,5884.0,0.9183098591549296,10834.0,3.4890476190476187,21.0,90.76142857142857,34.857142857142854,1.9383422558611776,exp_images/audio\PUNJABI\p_lamp.wav,IMG_01_P_PWA,exp_images/images/girl_lighted_lamp.jpg,IMG_01,exp_images/sentences/Lamp-passive.jpg,STIM_19,stimuli_list_subj_9_b.csv,PWA,passive_with_agent,non_agent_first,agent_overt,1.0,0.0
edf45,4,,free_viewing,,6066.0,4260.0,355.0,12.0,1011.2583333333333,700.125,4414.0,3588,5,1074.0,0.8128681468056185,6066.0,3.3975000000000013,12.0,139.32416666666666,48.16666666666666,1.9782393669634024,UNDEFINEDnull,UNDEFINEDnull,exp_images/images/dog_dug_hole.jpg,IMG_13,UNDEFINEDnull,UNDEFINEDnull,UNDEFINEDnull,UNDEFINEDnull,,,,,
edf45,5,,free_viewing,,5753.0,4184.0,278.93333333333334,15.0,925.5,571.3733333333333,4446.0,4118,3,762.0,0.926225820962663,5753.0,3.274375,16.0,84.56625,35.25,2.781157656874674,UNDEFINEDnull,UNDEFINEDnull,exp_images/images/artiste_drew_picture.jpg,IMG_07,UNDEFINEDnull,UNDEFINEDnull,UNDEFINEDnull,UNDEFINEDnull,,,,,
edf45,6,,free_viewing,,5848.0,3950.0,197.5,20.0,909.525,609.3500000000001,4224.0,2984,5,928.0,0.7064393939393939,5848.0,3.1566666666666667,21.0,114.06238095238098,39.80952380952381,3.5909712722298224,UNDEFINEDnull,UNDEFINEDnull,exp_images/images/girl_plant_tree.jpg,IMG_03,UNDEFINEDnull,UNDEFINEDnull,UNDEFINEDnull,UNDEFINEDnull,,,,,
edf45,7,,free_viewing,,5937.0,4193.0,279.53333333333336,15.0,1003.1733333333333,532.0733333333333,4424.0,3622,7,945.0,0.8187160940325497,5937.0,3.9093333333333335,15.0,97.68666666666668,37.86666666666667,2.5265285497726118,UNDEFINEDnull,UNDEFINEDnull,exp_images/images/girl_lighted_lamp.jpg,IMG_01,UNDEFINEDnull,UNDEFINEDnull,UNDEFINEDnull,UNDEFINEDnull,,,,,
edf45,8,,free_viewing,,6032.0,4216.0,263.5,16.0,954.44375,710.8374999999999,4430.0,2144,3,1038.0,0.4839729119638826,6032.0,3.4117647058823524,17.0,89.17882352941177,34.23529411764706,2.8183023872679045,UNDEFINEDnull,UNDEFINEDnull,exp_images/images/girl_fed_dog.jpg,IMG_16,UNDEFINEDnull,UNDEFINEDnull,UNDEFINEDnull,UNDEFINEDnull,,,,,
edf45,9,,free_viewing,,5914.0,4390.0,399.09090909090907,11.0,948.8999999999997,542.1999999999998,4610.0,4264,5,922.0,0.924945770065076,5914.0,2.973636363636364,11.0,80.03818181818181,34.72727272727273,1.8599932363882317,UNDEFINEDnull,UNDEFINEDnull,exp_images/images/girl_baked_cake.jpg,IMG_15,UNDEFINEDnull,UNDEFINEDnull,UNDEFINEDnull,UNDEFINEDnull,,,,,
edf46,1,,free_viewing,,6133.0,3518.0,234.53333333333333,15.0,914.74,469.1066666666666,3772.0,3558,7,1138.0,0.9432661717921528,6133.0,4.75,16.0,152.475625,76.375,2.6088374368172182,UNDEFINEDnull,UNDEFINEDnull,exp_images/images/driver_wash_scooter.jpg,IMG_14,UNDEFINEDnull,UNDEFINEDnull,UNDEFINEDnull,UNDEFINEDnull,,,,,
edf46,10,,free_viewing,,6050.0,3978.0,209.36842105263162,19.0,976.0210526315786,677.3315789473685,4140.0,1958,6,1142.0,0.4729468599033816,6050.0,4.63,20.0,112.9095,47.0,3.3057851239669422,UNDEFINEDnull,UNDEFINEDnull,exp_images/images/girl_fed_dog.jpg,IMG_16,UNDEFINEDnull,UNDEFINEDnull,UNDEFINEDnull,UNDEFINEDnull,,,,,
edf46,11,,free_viewing,,6063.0,4095.0,255.9375,16.0,1016.9187499999997,555.9875000000002,4146.0,4146,5,1071.0,1.0,6063.0,4.093125,16.0,114.458125,52.875,2.6389576117433613,UNDEFINEDnull,UNDEFINEDnull,exp_images/images/man_cut_shrub.jpg,IMG_04,UNDEFINEDnull,UNDEFINEDnull,UNDEFINEDnull,UNDEFINEDnull,,,,,
edf46,12,,free_viewing,,6025.0,4317.0,269.8125,16.0,979.2625000000003,476.29374999999993,4436.0,4317,5,1206.0,0.9731740306582508,6025.0,3.369375,16.0,85.53625000000002,34.75,2.655601659751037,UNDEFINEDnull,UNDEFINEDnull,exp_images/images/women_read_letter.jpg,IMG_17,UNDEFINEDnull,UNDEFINEDnull,UNDEFINEDnull,UNDEFINEDnull,,,,,
edf46,13,,free_viewing,,5944.0,4088.0,272.53333333333336,15.0,1040.5933333333335,487.5666666666667,4264.0,3460,7,1176.0,0.8114446529080676,5944.0,4.263999999999999,15.0,117.95199999999998,48.53333333333333,2.5235531628532977,UNDEFINEDnull,UNDEFINEDnull,exp_images/images/child_throw_frisbee.jpg,IMG_12,UNDEFINEDnull,UNDEFINEDnull,UNDEFINEDnull,UNDEFINEDnull,,,,,
edf46,14,,free_viewing,,5978.0,4148.0,230.44444444444446,18.0,908.9388888888888,543.2388888888888,4338.0,4338,7,986.0,1.0,5978.0,3.6444444444444435,18.0,91.27888888888887,36.333333333333336,3.0110404817664773,UNDEFINEDnull,UNDEFINEDnull,exp_images/images/girl_lighted_lamp.jpg,IMG_01,UNDEFINEDnull,UNDEFINEDnull,UNDEFINEDnull,UNDEFINEDnull,,,,,
edf46,15,,free_viewing,,5746.0,4196.0,233.11111111111111,18.0,964.477777777778,719.7666666666665,4261.0,3839,6,753.0,0.9009622154423844,5746.0,2.983888888888889,18.0,92.61666666666667,40.66666666666666,3.1326139923424985,UNDEFINEDnull,UNDEFINEDnull,exp_images/images/dog_dug_hole.jpg,IMG_13,UNDEFINEDnull,UNDEFINEDnull,UNDEFINEDnull,UNDEFINEDnull,,,,,
edf46,16,,free_viewing,,5913.0,4375.0,243.05555555555557,18.0,911.1,372.22777777777776,4426.0,4426,4,921.0,1.0,5913.0,2.87,18.0,82.45888888888891,31.444444444444446,3.0441400304413997,UNDEFINEDnull,UNDEFINEDnull,exp_images/images/artiste_drew_picture.jpg,IMG_07,UNDEFINEDnull,UNDEFINEDnull,UNDEFINEDnull,UNDEFINEDnull,,,,,
edf46,17,,free_viewing,,5834.0,4542.0,504.66666666666674,9.0,936.7888888888887,784.6333333333333,4579.0,4579,2,841.0,1.0,5834.0,2.6355555555555563,9.0,108.3677777777778,46.0,1.5426808364758315,UNDEFINEDnull,UNDEFINEDnull,exp_images/images/boy_cut_vegetables.jpg,IMG_18,UNDEFINEDnull,UNDEFINEDnull,UNDEFINEDnull,UNDEFINEDnull,,,,,
edf46,18,,free_viewing,,5860.0,4298.0,268.625,16.0,862.0125,557.2687500000002,4366.0,3852,7,964.0,0.8822721026110857,5860.0,2.6674999999999995,16.0,95.354375,39.125,2.7303754266211597,UNDEFINEDnull,UNDEFINEDnull,exp_images/images/boy_opened_door.jpg,IMG_10,UNDEFINEDnull,UNDEFINEDnull,UNDEFINEDnull,UNDEFINEDnull,,,,,
edf46,19,English,sentence_audio,active,10620.0,3856.0,192.8,20.0,875.4400000000003,549.805,3919.0,2750,8,5992.0,0.7017096198009697,10620.0,3.5215000000000005,20.0,132.39899999999997,53.7,1.8832391713747647,exp_images/audio\ENGLISH\tabla.wav,IMG_11_E_ACT,exp_images/images/child_play_tabla.jpg,IMG_11,exp_images/sentences/active_child_tabla.jpg,STIM_65,stimuli_list_subj_10_b.csv,ACT,active,agent_first,agent_overt,0.0,
edf46,2,,free_viewing,,5980.0,3786.0,189.3,20.0,969.91,526.6600000000002,4029.0,2138,7,1276.0,0.5306527674360884,5980.0,3.5955,20.0,123.6405,48.2,3.3444816053511697,UNDEFINEDnull,UNDEFINEDnull,exp_images/images/child_play_tabla.jpg,IMG_11,UNDEFINEDnull,UNDEFINEDnull,UNDEFINEDnull,UNDEFINEDnull,,,,,
edf46,20,English,sentence_audio,active,10970.0,4180.0,298.57142857142856,14.0,923.2642857142856,543.7928571428571,4360.0,3946,11,5982.0,0.9050458715596329,10970.0,3.244666666666667,15.0,125.22933333333334,51.46666666666667,1.3673655423883315,exp_images/audio\ENGLISH\door.wav,IMG_10_E_ACT,exp_images/images/boy_opened_door.jpg,IMG_10,exp_images/sentences/active_boy_door.jpg,STIM_64,stimuli_list_subj_10_b.csv,ACT,active,agent_first,agent_overt,0.0,
edf46,21,English,sentence_audio,active,10622.0,4110.0,274.0,15.0,962.3666666666667,517.82,4146.0,4146,7,5630.0,1.0,10622.0,2.4268750000000003,16.0,146.73375,54.0,1.5063076633402372,exp_images/audio\ENGLISH\bucket.wav,IMG_09_E_ACT,exp_images/images/boy_filled_bucket.jpg,IMG_09,exp_images/sentences/active_boy_bucket.jpg,STIM_63,stimuli_list_subj_10_b.csv,ACT,active,agent_first,agent_overt,0.0,
edf46,22,English,sentence_audio,passive,11090.0,4174.0,245.52941176470588,17.0,923.5235294117647,650.8235294117649,4187.0,2827,6,6097.0,0.6751850967279676,11090.0,4.138823529411764,17.0,114.90058823529414,47.411764705882355,1.5329125338142469,exp_images/audio\ENGLISH\p_fed.wav,IMG_16_E_PWA,exp_images/images/girl_fed_dog.jpg,IMG_16,exp_images/sentences/passive_girl_dog.jpg,STIM_88,stimuli_list_subj_10_b.csv,PWA,passive_with_agent,non_agent_first,agent_overt,1.0,0.0
edf46,23,English,sentence_audio,passive,10972.0,3928.0,280.57142857142856,14.0,1023.2785714285714,739.992857142857,4227.0,3857,3,5979.0,0.9124674710196355,10972.0,3.7428571428571433,14.0,112.47642857142857,54.714285714285715,1.2759752096244987,exp_images/audio\ENGLISH\p_scooter.wav,IMG_14_E_PWA,exp_images/images/driver_wash_scooter.jpg,IMG_14,exp_images/sentences/passive_driver_scooter.jpg,STIM_86,stimuli_list_subj_10_b.csv,PWA,passive_with_agent,non_agent_first,agent_overt,1.0,0.0
edf46,24,English,sentence_audio,passive,10251.0,3578.0,238.53333333333333,15.0,828.7066666666666,483.52,3791.0,3791,8,5259.0,1.0,10251.0,4.7,16.0,138.76125,76.25,1.560823334308848,exp_images/audio\ENGLISH\p_artist.wav,IMG_07_E_PWA,exp_images/images/artiste_drew_picture.jpg,IMG_07,exp_images/sentences/passive_artist_picture.jpg,STIM_79,stimuli_list_subj_10_b.csv,PWA,passive_with_agent,non_agent_first,agent_overt,1.0,0.0
edf46,25,English,sentence_audio,passive_dropped_agent,10305.0,3760.0,221.17647058823533,17.0,859.1058823529413,557.2117647058824,4089.0,3681,9,5313.0,0.9002201027146002,10305.0,3.3261111111111115,18.0,120.22111111111107,51.111111111111114,1.7467248908296944,exp_images/audio\ENGLISH\p_woa_sapling.wav,IMG_03_E_PNA,exp_images/images/girl_plant_tree.jpg,IMG_03,exp_images/sentences/noagent_girl_sapling.jpg,STIM_93,stimuli_list_subj_10_b.csv,PNA,passive_dropped_agent,non_agent_first,agent_dropped,1.0,1.0
edf46,26,English,sentence_audio,passive_dropped_agent,10970.0,3956.0,247.25,16.0,1087.6062499999996,480.00625,4224.0,3510,5,6288.0,0.8309659090909091,10970.0,4.471875000000002,16.0,131.9975,48.0,1.4585232452142205,exp_images/audio\ENGLISH\p_woa_frisbee.wav,IMG_12_E_PNA,exp_images/images/child_throw_frisbee.jpg,IMG_12,exp_images/sentences/noagent_child_frisbee.jpg,STIM_102,stimuli_list_subj_10_b.csv,PNA,passive_dropped_agent,non_agent_first,agent_dropped,1.0,1.0
edf46,27,English,sentence_audio,passive_dropped_agent,11062.0,3948.0,246.75,16.0,800.2812499999999,515.8625000000002,4162.0,3394,7,6070.0,0.8154733301297453,11062.0,3.57125,16.0,123.844375,51.875,1.4463930573133248,exp_images/audio\ENGLISH\p_woa_vase.wav,IMG_08_E_PNA,exp_images/images/boy_broke_vase.jpg,IMG_08,exp_images/sentences/noagent_boy_vase.jpg,STIM_98,stimuli_list_subj_10_b.csv,PNA,passive_dropped_agent,non_agent_first,agent_dropped,1.0,1.0
edf46,28,Punjabi,sentence_audio,active,11049.0,3692.0,230.75,16.0,1053.45625,416.70625,3888.0,3580,7,6428.0,0.9207818930041152,11049.0,4.7676470588235285,17.0,128.19823529411764,66.11764705882354,1.538600778350982,exp_images/audio\PUNJABI\box.wav,IMG_05_P_ACT,exp_images/images/man_pushed_box.jpg,IMG_05,exp_images/sentences/Pushed-box.jpg,STIM_05,stimuli_list_subj_10_b.csv,ACT,active,agent_first,agent_overt,0.0,
edf46,29,Punjabi,sentence_audio,active,10888.0,3982.0,234.2352941176471,17.0,880.3882352941174,489.60588235294114,4037.0,4037,9,5895.0,1.0,10888.0,3.6094117647058814,17.0,146.78941176470587,56.235294117647065,1.5613519470977222,exp_images/audio\PUNJABI\shrub.wav,IMG_04_P_ACT,exp_images/images/man_cut_shrub.jpg,IMG_04,exp_images/sentences/Shrub.jpg,STIM_04,stimuli_list_subj_10_b.csv,ACT,active,agent_first,agent_overt,0.0,
edf46,3,,free_viewing,,5789.0,4059.0,253.6875,16.0,891.2437499999999,587.3249999999998,4222.0,2831,7,797.0,0.6705352913311227,5789.0,2.925625,16.0,124.16375,48.125,2.7638624978407327,UNDEFINEDnull,UNDEFINEDnull,exp_images/images/girl_baked_cake.jpg,IMG_15,UNDEFINEDnull,UNDEFINEDnull,UNDEFINEDnull,UNDEFINEDnull,,,,,
edf46,30,Punjabi,sentence_audio,active,10934.0,4126.0,257.875,16.0,1040.95625,468.03750000000014,4298.0,4298,5,5942.0,1.0,10934.0,3.875,16.0,113.57,43.375,1.4633254069873791,exp_images/audio\PUNJABI\window.wav,IMG_02_P_ACT,exp_images/images/girl_opened_window.jpg,IMG_02,exp_images/sentences/Window.jpg,STIM_02,stimuli_list_subj_10_b.csv,ACT,active,agent_first,agent_overt,0.0,
edf46,31,Punjabi,sentence_audio,passive,10538.0,4046.0,252.875,16.0,931.5125,669.5875,4196.0,3164,8,5780.0,0.7540514775977121,10538.0,3.146666666666667,18.0,115.36277777777781,50.77777777777778,1.708104004554944,exp_images/audio\PUNJABI\p_dug.wav,IMG_13_P_PWA,exp_images/images/dog_dug_hole.jpg,IMG_13,exp_images/sentences/Dog-dug-passive.jpg,STIM_31,stimuli_list_subj_10_b.csv,PWA,passive_with_agent,non_agent_first,agent_overt,1.0,0.0
edf46,32,Punjabi,sentence_audio,passive,10892.0,4260.0,304.2857142857143,14.0,982.8928571428571,588.6,4300.0,4260,7,5976.0,0.9906976744186048,10892.0,4.922142857142857,14.0,134.92214285714286,49.42857142857143,1.2853470437017995,exp_images/audio\PUNJABI\p_veg.wav,IMG_18_P_PWA,exp_images/images/boy_cut_vegetables.jpg,IMG_18,exp_images/sentences/Veg-passive.jpg,STIM_36,stimuli_list_subj_10_b.csv,PWA,passive_with_agent,non_agent_first,agent_overt,1.0,0.0
edf46,33,Punjabi,sentence_audio,passive,11039.0,4085.0,291.7857142857143,14.0,954.1857142857144,566.1857142857143,4123.0,3257,7,6046.0,0.7899587678874606,11039.0,2.5942857142857143,14.0,139.64357142857145,62.14285714285714,1.2682308180088775,exp_images/audio\PUNJABI\p_cake.wav,IMG_15_P_PWA,exp_images/images/girl_baked_cake.jpg,IMG_15,exp_images/sentences/Cake-passive.jpg,STIM_33,stimuli_list_subj_10_b.csv,PWA,passive_with_agent,non_agent_first,agent_overt,1.0,0.0
edf46,34,Punjabi,sentence_audio,passive_dropped_agent,10518.0,3704.0,231.5,16.0,966.7,559.05,3951.0,3951,7,5525.0,1.0,10518.0,2.889375,16.0,172.63125,65.125,1.5212017493820116,exp_images/audio\PUNJABI\p_woa_clothes.wav,IMG_06_P_PNA,exp_images/images/women_fold_clothes.jpg,IMG_06,exp_images/sentences/Folded-clothes-woa.jpg,STIM_42,stimuli_list_subj_10_b.csv,PNA,passive_dropped_agent,non_agent_first,agent_dropped,1.0,1.0
edf46,35,Punjabi,sentence_audio,passive_dropped_agent,10403.0,3704.0,284.92307692307685,13.0,993.6692307692308,477.33846153846156,3962.0,3962,7,5410.0,1.0,10403.0,2.78,13.0,124.58071428571428,75.0,1.249639527059502,exp_images/audio\PUNJABI\p_woa_letter.wav,IMG_17_P_PNA,exp_images/images/women_read_letter.jpg,IMG_17,exp_images/sentences/Letter-woa.jpg,STIM_53,stimuli_list_subj_10_b.csv,PNA,passive_dropped_agent,non_agent_first,agent_dropped,1.0,1.0
edf46,36,Punjabi,sentence_audio,passive_dropped_agent,10938.0,4098.0,256.125,16.0,962.93125,457.86875,4176.0,4176,5,5946.0,1.0,10938.0,3.3731250000000004,16.0,110.21705882352941,49.17647058823529,1.4627902724446882,exp_images/audio\PUNJABI\p_woa_lamp.wav,IMG_01_P_PNA,exp_images/images/girl_lighted_lamp.jpg,IMG_01,exp_images/sentences/Lamp-woa.jpg,STIM_37,stimuli_list_subj_10_b.csv,PNA,passive_dropped_agent,non_agent_first,agent_dropped,1.0,1.0
edf46,4,,free_viewing,,5784.0,3948.0,232.2352941176471,17.0,962.6823529411763,425.0,4160.0,4160,10,792.0,1.0,5784.0,4.305294117647058,17.0,115.38,48.941176470588225,2.9391424619640385,UNDEFINEDnull,UNDEFINEDnull,exp_images/images/man_pushed_box.jpg,IMG_05,UNDEFINEDnull,UNDEFINEDnull,UNDEFINEDnull,UNDEFINEDnull,,,,,
edf46,5,,free_viewing,,5927.0,3195.0,187.94117647058826,17.0,1015.7411764705884,463.07058823529417,3456.0,3195,10,1222.0,0.9244791666666666,5927.0,3.027058823529412,17.0,184.56117647058818,90.35294117647058,2.8682301332883418,UNDEFINEDnull,UNDEFINEDnull,exp_images/images/girl_opened_window.jpg,IMG_02,UNDEFINEDnull,UNDEFINEDnull,UNDEFINEDnull,UNDEFINEDnull,,,,,
edf46,6,,free_viewing,,5890.0,3548.0,221.75,16.0,849.10625,454.03125,3784.0,3784,13,898.0,1.0,5890.0,2.819375,16.0,128.674375,75.5,2.716468590831919,UNDEFINEDnull,UNDEFINEDnull,exp_images/images/boy_broke_vase.jpg,IMG_08,UNDEFINEDnull,UNDEFINEDnull,UNDEFINEDnull,UNDEFINEDnull,,,,,
edf46,7,,free_viewing,,5957.0,4207.0,247.4705882352941,17.0,965.8176470588237,436.48235294117654,4255.0,4083,10,1038.0,0.9595769682726204,5957.0,2.1288235294117643,17.0,112.69882352941177,43.411764705882355,2.8537854624811145,UNDEFINEDnull,UNDEFINEDnull,exp_images/images/boy_filled_bucket.jpg,IMG_09,UNDEFINEDnull,UNDEFINEDnull,UNDEFINEDnull,UNDEFINEDnull,,,,,
edf46,8,,free_viewing,,5750.0,4056.0,289.7142857142857,14.0,852.8642857142859,514.5714285714286,4114.0,3502,5,964.0,0.8512396694214877,5750.0,3.823571428571429,14.0,135.64357142857142,62.714285714285715,2.4347826086956523,UNDEFINEDnull,UNDEFINEDnull,exp_images/images/girl_plant_tree.jpg,IMG_03,UNDEFINEDnull,UNDEFINEDnull,UNDEFINEDnull,UNDEFINEDnull,,,,,
edf46,9,,free_viewing,,5949.0,3775.0,251.66666666666663,15.0,959.7933333333333,509.52,3983.0,3983,6,1244.0,1.0,5949.0,2.7225,16.0,142.74187500000005,73.125,2.6895276517061686,UNDEFINEDnull,UNDEFINEDnull,exp_images/images/women_fold_clothes.jpg,IMG_06,UNDEFINEDnull,UNDEFINEDnull,UNDEFINEDnull,UNDEFINEDnull,,,,,
edf47,1,,free_viewing,,6099.0,4294.0,390.3636363636364,11.0,941.2181818181816,454.19090909090914,4657.0,4445,5,1107.0,0.9544771312003436,6099.0,2.3045454545454542,11.0,70.73,30.363636363636363,1.8035743564518771,UNDEFINEDnull,UNDEFINEDnull,exp_images/images/boy_filled_bucket.jpg,IMG_09,UNDEFINEDnull,UNDEFINEDnull,UNDEFINEDnull,UNDEFINEDnull,,,,,
edf47,10,,free_viewing,,6008.0,4380.0,486.66666666666674,9.0,916.0,470.28888888888895,4659.0,3364,4,1338.0,0.7220433569435502,6008.0,3.6566666666666667,9.0,91.78777777777776,37.111111111111114,1.4980026631158456,UNDEFINEDnull,UNDEFINEDnull,exp_images/images/child_play_tabla.jpg,IMG_11,UNDEFINEDnull,UNDEFINEDnull,UNDEFINEDnull,UNDEFINEDnull,,,,,
edf47,11,,free_viewing,,6019.0,4475.0,559.375,8.0,873.6999999999998,529.6,4703.0,3987,3,1292.0,0.8477567510099936,6019.0,3.3175000000000003,8.0,86.2175,36.25,1.3291244392756272,UNDEFINEDnull,UNDEFINEDnull,exp_images/images/girl_fed_dog.jpg,IMG_16,UNDEFINEDnull,UNDEFINEDnull,UNDEFINEDnull,UNDEFINEDnull,,,,,
edf47,12,,free_viewing,,6016.0,4396.0,366.33333333333326,12.0,867.7333333333332,579.6083333333332,4438.0,3982,5,1024.0,0.8972510139702569,6016.0,3.635,12.0,123.78416666666668,46.16666666666666,1.9946808510638296,UNDEFINEDnull,UNDEFINEDnull,exp_images/images/girl_plant_tree.jpg,IMG_03,UNDEFINEDnull,UNDEFINEDnull,UNDEFINEDnull,UNDEFINEDnull,,,,,
edf47,13,,free_viewing,,5749.0,4451.0,1112.75,4.0,1111.475,353.0499999999999,4826.0,4826,4,757.0,1.0,5749.0,4.6675,4.0,105.1425,41.5,0.6957731779439903,UNDEFINEDnull,UNDEFINEDnull,exp_images/images/man_pushed_box.jpg,IMG_05,UNDEFINEDnull,UNDEFINEDnull,UNDEFINEDnull,UNDEFINEDnull,,,,,
edf47,14,,free_viewing,,5751.0,4309.0,331.46153846153845,13.0,996.2153846153847,652.153846153846,4539.0,4539,7,758.0,1.0,5751.0,3.2492307692307687,13.0,84.18846153846154,34.92307692307692,2.2604764388801946,UNDEFINEDnull,UNDEFINEDnull,exp_images/images/dog_dug_hole.jpg,IMG_13,UNDEFINEDnull,UNDEFINEDnull,UNDEFINEDnull,UNDEFINEDnull,,,,,
edf47,15,,free_viewing,,6098.0,4420.0,631.4285714285714,7.0,823.3714285714285,410.3714285714285,4703.0,4703,4,1105.0,1.0,6098.0,4.421428571428573,7.0,97.48714285714287,41.42857142857143,1.1479173499508035,UNDEFINEDnull,UNDEFINEDnull,exp_images/images/man_cut_shrub.jpg,IMG_04,UNDEFINEDnull,UNDEFINEDnull,UNDEFINEDnull,UNDEFINEDnull,,,,,
edf47,16,,free_viewing,,6107.0,4465.0,558.125,8.0,933.425,426.7125,4794.0,3552,2,1462.0,0.7409261576971214,6107.0,1.625,8.0,58.83875,24.75,1.3099721630915342,UNDEFINEDnull,UNDEFINEDnull,exp_images/images/girl_baked_cake.jpg,IMG_15,UNDEFINEDnull,UNDEFINEDnull,UNDEFINEDnull,UNDEFINEDnull,,,,,
edf47,17,,free_viewing,,5856.0,4412.0,441.2,10.0,936.44,484.14,4684.0,4684,1,864.0,1.0,5856.0,1.4720000000000002,10.0,74.712,30.8,1.7076502732240435,UNDEFINEDnull,UNDEFINEDnull,exp_images/images/boy_broke_vase.jpg,IMG_08,UNDEFINEDnull,UNDEFINEDnull,UNDEFINEDnull,UNDEFINEDnull,,,,,
edf47,18,,free_viewing,,6014.0,4286.0,476.22222222222223,9.0,1115.3000000000004,357.48888888888877,4562.0,4562,3,1030.0,1.0,6014.0,4.265454545454545,11.0,96.77727272727272,41.45454545454545,1.8290655138011307,UNDEFINEDnull,UNDEFINEDnull,exp_images/images/child_throw_frisbee.jpg,IMG_12,UNDEFINEDnull,UNDEFINEDnull,UNDEFINEDnull,UNDEFINEDnull,,,,,
edf47,19,English,sentence_audio,passive,10602.0,4262.0,355.16666666666674,12.0,936.725,374.975,4562.0,4262,6,5956.0,0.9342393686979396,10602.0,3.8325,12.0,93.49,35.666666666666664,1.1318619128466327,exp_images/audio\ENGLISH\p_tabla.wav,IMG_11_E_PWA,exp_images/images/child_play_tabla.jpg,IMG_11,exp_images/sentences/passive_child_tabla.jpg,STIM_83,stimuli_list_subj_11_b.csv,PWA,passive_with_agent,non_agent_first,agent_overt,1.0,0.0
edf47,2,,free_viewing,,6115.0,4275.0,328.84615384615387,13.0,1002.9923076923077,385.73076923076917,4548.0,4275,9,1424.0,0.9399736147757256,6115.0,3.1261538461538465,13.0,84.46384615384616,34.153846153846146,2.1259198691741616,UNDEFINEDnull,UNDEFINEDnull,exp_images/images/girl_opened_window.jpg,IMG_02,UNDEFINEDnull,UNDEFINEDnull,UNDEFINEDnull,UNDEFINEDnull,,,,,
edf47,20,English,sentence_audio,passive,10182.0,4342.0,542.75,8.0,953.825,356.7999999999999,4786.0,3326,2,5190.0,0.6949435854575846,10182.0,1.62625,8.0,60.33374999999999,25.75,0.7857002553525829,exp_images/audio\ENGLISH\p_door.wav,IMG_10_E_PWA,exp_images/images/boy_opened_door.jpg,IMG_10,exp_images/sentences/passive_boy_door.jpg,STIM_82,stimuli_list_subj_11_b.csv,PWA,passive_with_agent,non_agent_first,agent_overt,1.0,0.0
edf47,21,English,sentence_audio,passive,10342.0,4332.0,481.33333333333326,9.0,992.6333333333333,408.62222222222226,4759.0,3486,5,5804.0,0.7325068291657911,10342.0,1.6733333333333331,9.0,60.39555555555553,26.0,0.8702378650164377,exp_images/audio\ENGLISH\p_bucket.wav,IMG_09_E_PWA,exp_images/images/boy_filled_bucket.jpg,IMG_09,exp_images/sentences/passive_boy_bucket.jpg,STIM_81,stimuli_list_subj_11_b.csv,PWA,passive_with_agent,non_agent_first,agent_overt,1.0,0.0
edf47,22,English,sentence_audio,passive_dropped_agent,10720.0,4484.0,498.22222222222223,9.0,962.6555555555556,633.4444444444445,4689.0,3770,4,5962.0,0.8040093836638942,10720.0,2.798888888888889,9.0,77.78888888888888,33.77777777777778,0.8395522388059701,exp_images/audio\ENGLISH\p_woa_fed.wav,IMG_16_E_PNA,exp_images/images/girl_fed_dog.jpg,IMG_16,exp_images/sentences/noagent_girl_dog.jpg,STIM_106,stimuli_list_subj_11_b.csv,PNA,passive_dropped_agent,non_agent_first,agent_dropped,1.0,1.0
edf47,23,English,sentence_audio,passive_dropped_agent,10617.0,4143.0,460.33333333333326,9.0,1050.3000000000004,380.31111111111125,4511.0,3885,3,5624.0,0.8612281090667258,10617.0,3.963333333333333,9.0,107.8077777777778,53.555555555555564,0.8476970895733257,exp_images/audio\ENGLISH\p_woa_scooter.wav,IMG_14_E_PNA,exp_images/images/driver_wash_scooter.jpg,IMG_14,exp_images/sentences/noagent_driver_scooter.jpg,STIM_104,stimuli_list_subj_11_b.csv,PNA,passive_dropped_agent,non_agent_first,agent_dropped,1.0,1.0
edf47,24,English,sentence_audio,passive_dropped_agent,11025.0,4343.0,334.07692307692315,13.0,1008.7769230769233,250.9538461538461,4563.0,3881,5,6046.0,0.8505369274600044,11025.0,2.532142857142857,14.0,74.75857142857143,30.857142857142854,1.2698412698412698,exp_images/audio\ENGLISH\p_woa_draw.wav,IMG_07_E_PNA,exp_images/images/artiste_drew_picture.jpg,IMG_07,exp_images/sentences/noagent_artist_picture.jpg,STIM_97,stimuli_list_subj_11_b.csv,PNA,passive_dropped_agent,non_agent_first,agent_dropped,1.0,1.0
edf47,25,Punjabi,sentence_audio,active,10865.0,4427.0,442.7,10.0,831.4799999999998,593.39,4659.0,4659,3,5872.0,1.0,10865.0,3.03,10.0,85.178,33.4,0.9203865623561897,exp_images/audio\PUNJABI\sapling.wav,IMG_03_P_ACT,exp_images/images/girl_plant_tree.jpg,IMG_03,exp_images/sentences/Sapling.jpg,STIM_03,stimuli_list_subj_11_b.csv,ACT,active,agent_first,agent_overt,0.0,
edf47,26,Punjabi,sentence_audio,active,10371.0,4514.0,644.8571428571429,7.0,1119.0285714285717,278.5857142857143,4745.0,4745,1,5379.0,1.0,10371.0,1.9671428571428573,7.0,101.715,32.5,0.6749590203451933,exp_images/audio\PUNJABI\frisbee.wav,IMG_12_P_ACT,exp_images/images/child_throw_frisbee.jpg,IMG_12,exp_images/sentences/Frisbee.jpg,STIM_12,stimuli_list_subj_11_b.csv,ACT,active,agent_first,agent_overt,0.0,
edf47,27,Punjabi,sentence_audio,active,10308.0,4276.0,610.8571428571429,7.0,1006.257142857143,458.80000000000007,4748.0,4748,3,5316.0,1.0,10308.0,2.5375,8.0,75.60125,32.0,0.7760962359332557,exp_images/audio\PUNJABI\vase.wav,IMG_08_P_ACT,exp_images/images/boy_broke_vase.jpg,IMG_08,exp_images/sentences/Vase.jpg,STIM_08,stimuli_list_subj_11_b.csv,ACT,active,agent_first,agent_overt,0.0,
edf47,28,Punjabi,sentence_audio,passive,10849.0,4459.0,445.9,10.0,1195.0,434.72,4654.0,4654,3,5857.0,1.0,10849.0,3.1039999999999996,10.0,87.13300000000002,33.8,0.9217439395335976,exp_images/audio\PUNJABI\p_box.wav,IMG_05_P_PWA,exp_images/images/man_pushed_box.jpg,IMG_05,exp_images/sentences/Pushed-box-passive.jpg,STIM_23,stimuli_list_subj_11_b.csv,PWA,passive_with_agent,non_agent_first,agent_overt,1.0,0.0
edf47,29,Punjabi,sentence_audio,passive,10494.0,4308.0,391.6363636363636,11.0,942.0727272727272,411.3181818181818,4556.0,4556,5,5502.0,1.0,10494.0,3.4545454545454546,11.0,85.26,39.63636363636363,1.0482180293501049,exp_images/audio\PUNJABI\p_shrub.wav,IMG_04_P_PWA,exp_images/images/man_cut_shrub.jpg,IMG_04,exp_images/sentences/Shrub-passive.jpg,STIM_22,stimuli_list_subj_11_b.csv,PWA,passive_with_agent,non_agent_first,agent_overt,1.0,0.0
edf47,3,,free_viewing,,6115.0,4171.0,379.1818181818182,11.0,977.1909090909093,369.5,4524.0,4524,5,1123.0,1.0,6115.0,4.727272727272728,11.0,107.87909090909088,42.54545454545455,1.7988552739165984,UNDEFINEDnull,UNDEFINEDnull,exp_images/images/girl_lighted_lamp.jpg,IMG_01,UNDEFINEDnull,UNDEFINEDnull,UNDEFINEDnull,UNDEFINEDnull,,,,,
edf47,30,Punjabi,sentence_audio,passive,10327.0,4319.0,359.91666666666674,12.0,1141.8583333333333,288.26666666666665,4600.0,3618,7,5335.0,0.7865217391304348,10327.0,2.7383333333333333,12.0,80.44,32.666666666666664,1.1620025176721216,exp_images/audio\PUNJABI\p_window.wav,IMG_02_P_PWA,exp_images/images/girl_opened_window.jpg,IMG_02,exp_images/sentences/Window-passive.jpg,STIM_20,stimuli_list_subj_11_b.csv,PWA,passive_with_agent,non_agent_first,agent_overt,1.0,0.0
edf47,31,Punjabi,sentence_audio,passive_dropped_agent,10651.0,4235.0,470.5555555555555,9.0,1040.4888888888886,584.1999999999998,4568.0,3453,3,6034.0,0.7559106830122592,10651.0,2.7677777777777783,9.0,98.85111111111112,47.111111111111114,0.8449910806497043,exp_images/audio\PUNJABI\p_woa_dug.wav,IMG_13_P_PNA,exp_images/images/dog_dug_hole.jpg,IMG_13,exp_images/sentences/Dog-dug-woa.jpg,STIM_49,stimuli_list_subj_11_b.csv,PNA,passive_dropped_agent,non_agent_first,agent_dropped,1.0,1.0
edf47,32,Punjabi,sentence_audio,passive_dropped_agent,10765.0,4551.0,379.25,12.0,1052.25,566.0666666666666,4566.0,4566,5,5773.0,1.0,10765.0,2.9325,12.0,72.83833333333334,35.5,1.114723641430562,exp_images/audio\PUNJABI\p_woa_veg.wav,IMG_18_P_PNA,exp_images/images/boy_cut_vegetables.jpg,IMG_18,exp_images/sentences/Veg-woa.jpg,STIM_54,stimuli_list_subj_11_b.csv,PNA,passive_dropped_agent,non_agent_first,agent_dropped,1.0,1.0
edf47,33,Punjabi,sentence_audio,passive_dropped_agent,10447.0,4271.0,533.875,8.0,955.25,349.93750000000006,4681.0,3154,1,5900.0,0.6737876522110661,10447.0,1.84375,8.0,100.275,39.0,0.7657700775342204,exp_images/audio\PUNJABI\p_woa_cake.wav,IMG_15_P_PNA,exp_images/images/girl_baked_cake.jpg,IMG_15,exp_images/sentences/Cake-woa.jpg,STIM_51,stimuli_list_subj_11_b.csv,PNA,passive_dropped_agent,non_agent_first,agent_dropped,1.0,1.0
edf47,34,English,sentence_audio,active,10571.0,4449.0,556.125,8.0,1010.275,370.35,4696.0,4449,4,5856.0,0.9474020442930152,10571.0,3.6025000000000014,8.0,77.91624999999998,37.0,0.7567874373285404,exp_images/audio\ENGLISH\clothes.wav,IMG_06_E_ACT,exp_images/images/women_fold_clothes.jpg,IMG_06,exp_images/sentences/active_woman_clothes.jpg,STIM_60,stimuli_list_subj_11_b.csv,ACT,active,agent_first,agent_overt,0.0,
edf47,35,English,sentence_audio,active,10918.0,4592.0,765.3333333333335,6.0,1007.1166666666667,348.41666666666674,4836.0,4836,1,5926.0,1.0,10918.0,1.0985714285714283,7.0,46.34857142857143,24.857142857142854,0.6411430664956952,exp_images/audio\ENGLISH\letter.wav,IMG_17_E_ACT,exp_images/images/women_read_letter.jpg,IMG_17,exp_images/sentences/active_women_letter.jpg,STIM_71,stimuli_list_subj_11_b.csv,ACT,active,agent_first,agent_overt,0.0,
edf47,36,English,sentence_audio,active,11131.0,4287.0,428.7,10.0,943.9,349.16,4560.0,4560,5,6139.0,1.0,11131.0,3.309,10.0,117.329,43.2,0.898391878537418,exp_images/audio\ENGLISH\lamp.wav,IMG_01_E_ACT,exp_images/images/girl_lighted_lamp.jpg,IMG_01,exp_images/sentences/active_girl_lamp.jpg,STIM_55,stimuli_list_subj_11_b.csv,ACT,active,agent_first,agent_overt,0.0,
edf47,4,,free_viewing,,5719.0,4199.0,349.91666666666674,12.0,1009.275,507.28333333333336,4507.0,4507,3,726.0,1.0,5719.0,4.048333333333333,12.0,100.19916666666666,40.5,2.098268928134289,UNDEFINEDnull,UNDEFINEDnull,exp_images/images/driver_wash_scooter.jpg,IMG_14,UNDEFINEDnull,UNDEFINEDnull,UNDEFINEDnull,UNDEFINEDnull,,,,,
edf47,5,,free_viewing,,5816.0,4282.0,389.27272727272725,11.0,924.6727272727272,268.47272727272724,4517.0,3449,7,823.0,0.7635598848793447,5816.0,4.844545454545455,11.0,113.45545454545451,43.27272727272727,1.8913342503438793,UNDEFINEDnull,UNDEFINEDnull,exp_images/images/artiste_drew_picture.jpg,IMG_07,UNDEFINEDnull,UNDEFINEDnull,UNDEFINEDnull,UNDEFINEDnull,,,,,
edf47,6,,free_viewing,,6045.0,4317.0,479.66666666666674,9.0,948.8222222222223,486.85555555555567,4620.0,3841,6,1398.0,0.8313852813852813,6045.0,4.118888888888888,9.0,97.19222222222223,41.333333333333336,1.488833746898263,UNDEFINEDnull,UNDEFINEDnull,exp_images/images/women_fold_clothes.jpg,IMG_06,UNDEFINEDnull,UNDEFINEDnull,UNDEFINEDnull,UNDEFINEDnull,,,,,
edf47,7,,free_viewing,,5739.0,4217.0,351.41666666666674,12.0,979.0083333333333,681.85,4525.0,4525,5,760.0,1.0,5739.0,3.9769230769230766,13.0,91.64,36.769230769230774,2.265202997037812,UNDEFINEDnull,UNDEFINEDnull,exp_images/images/boy_cut_vegetables.jpg,IMG_18,UNDEFINEDnull,UNDEFINEDnull,UNDEFINEDnull,UNDEFINEDnull,,,,,
edf47,8,,free_viewing,,6050.0,4568.0,351.3846153846154,13.0,990.7615384615384,397.4307692307692,4592.0,4592,3,1058.0,1.0,6050.0,2.279230769230769,13.0,69.96846153846154,30.76923076923077,2.1487603305785123,UNDEFINEDnull,UNDEFINEDnull,exp_images/images/women_read_letter.jpg,IMG_17,UNDEFINEDnull,UNDEFINEDnull,UNDEFINEDnull,UNDEFINEDnull,,,,,
edf47,9,,free_viewing,,6067.0,4371.0,624.4285714285714,7.0,951.9,408.9428571428571,4815.0,4815,5,1074.0,1.0,6067.0,1.657142857142857,7.0,65.95,25.42857142857143,1.1537827591890557,UNDEFINEDnull,UNDEFINEDnull,exp_images/images/boy_opened_door.jpg,IMG_10,UNDEFINEDnull,UNDEFINEDnull,UNDEFINEDnull,UNDEFINEDnull,,,,,
edf48,1,,free_viewing,,6122.0,3758.0,417.5555555555555,9.0,915.7333333333332,510.6555555555555,3968.0,3968,5,1420.0,1.0,6122.0,2.648,10.0,215.551,101.4,1.6334531198954592,UNDEFINEDnull,UNDEFINEDnull,exp_images/images/women_fold_clothes.jpg,IMG_06,UNDEFINEDnull,UNDEFINEDnull,UNDEFINEDnull,UNDEFINEDnull,,,,,
edf48,10,,free_viewing,,5762.0,3484.0,248.85714285714286,14.0,792.2357142857144,615.3357142857143,3606.0,3240,5,1058.0,0.8985024958402662,5762.0,3.2231250000000005,16.0,211.784375,97.25,2.7768136063866717,UNDEFINEDnull,UNDEFINEDnull,exp_images/images/girl_lighted_lamp.jpg,IMG_01,UNDEFINEDnull,UNDEFINEDnull,UNDEFINEDnull,UNDEFINEDnull,,,,,
edf48,11,,free_viewing,,6032.0,3648.0,260.57142857142856,14.0,851.1642857142857,415.0214285714286,3717.0,3104,6,1308.0,0.8350820554210385,6032.0,3.9842857142857144,14.0,178.47214285714287,90.85714285714286,2.3209549071618043,UNDEFINEDnull,UNDEFINEDnull,exp_images/images/child_throw_frisbee.jpg,IMG_12,UNDEFINEDnull,UNDEFINEDnull,UNDEFINEDnull,UNDEFINEDnull,,,,,
edf48,12,,free_viewing,,5874.0,3674.0,244.9333333333333,15.0,865.1733333333333,454.30666666666673,3961.0,3652,4,1210.0,0.9219893966170161,5874.0,4.3375,16.0,254.14625,65.375,2.7238678924072186,UNDEFINEDnull,UNDEFINEDnull,exp_images/images/girl_plant_tree.jpg,IMG_03,UNDEFINEDnull,UNDEFINEDnull,UNDEFINEDnull,UNDEFINEDnull,,,,,
edf48,13,,free_viewing,,5673.0,3633.0,302.75,12.0,883.4083333333333,586.9416666666667,3747.0,2624,6,866.0,0.7002935681878837,5673.0,2.2638461538461536,13.0,175.9815384615385,99.84615384615385,2.2915564956812973,UNDEFINEDnull,UNDEFINEDnull,exp_images/images/girl_baked_cake.jpg,IMG_15,UNDEFINEDnull,UNDEFINEDnull,UNDEFINEDnull,UNDEFINEDnull,,,,,
edf48,14,,free_viewing,,6084.0,3648.0,304.0,12.0,1056.0166666666667,501.2833333333333,3820.0,3198,3,1094.0,0.8371727748691099,6084.0,2.7807692307692307,13.0,187.10461538461536,91.23076923076924,2.1367521367521367,UNDEFINEDnull,UNDEFINEDnull,exp_images/images/man_pushed_box.jpg,IMG_05,UNDEFINEDnull,UNDEFINEDnull,UNDEFINEDnull,UNDEFINEDnull,,,,,
edf48,15,,free_viewing,,6081.0,3873.0,297.92307692307685,13.0,958.7769230769233,540.2692307692306,4109.0,3715,5,1092.0,0.9041129228522756,6081.0,2.5223076923076917,13.0,110.69307692307692,67.69230769230771,2.137806281861536,UNDEFINEDnull,UNDEFINEDnull,exp_images/images/women_read_letter.jpg,IMG_17,UNDEFINEDnull,UNDEFINEDnull,UNDEFINEDnull,UNDEFINEDnull,,,,,
edf48,16,,free_viewing,,5979.0,3824.0,347.6363636363636,11.0,870.4090909090909,487.0272727272728,4027.0,3654,6,1220.0,0.9073752172833376,5979.0,3.648333333333333,12.0,142.42,81.66666666666667,2.007024586051179,UNDEFINEDnull,UNDEFINEDnull,exp_images/images/boy_opened_door.jpg,IMG_10,UNDEFINEDnull,UNDEFINEDnull,UNDEFINEDnull,UNDEFINEDnull,,,,,
edf48,17,,free_viewing,,5825.0,3715.0,232.1875,16.0,965.3125,436.15,3901.0,3577,3,1112.0,0.9169443732376312,5825.0,2.1852941176470586,17.0,132.53411764705882,77.05882352941177,2.918454935622317,UNDEFINEDnull,UNDEFINEDnull,exp_images/images/artiste_drew_picture.jpg,IMG_07,UNDEFINEDnull,UNDEFINEDnull,UNDEFINEDnull,UNDEFINEDnull,,,,,
edf48,18,,free_viewing,,6107.0,3755.0,288.84615384615387,13.0,764.969230769231,618.4307692307692,3975.0,3395,3,1372.0,0.8540880503144654,6107.0,3.088461538461538,13.0,126.44076923076919,78.0,2.1287047650237434,UNDEFINEDnull,UNDEFINEDnull,exp_images/images/child_play_tabla.jpg,IMG_11,UNDEFINEDnull,UNDEFINEDnull,UNDEFINEDnull,UNDEFINEDnull,,,,,
edf48,19,English,sentence_audio,passive_dropped_agent,11101.0,3507.0,269.76923076923083,13.0,759.7153846153847,546.4076923076923,3702.0,3507,7,6344.0,0.9473257698541327,11101.0,3.2930769230769235,13.0,201.4353846153846,98.76923076923076,1.171065669759481,exp_images/audio\ENGLISH\p_woa_tabla.wav,IMG_11_E_PNA,exp_images/images/child_play_tabla.jpg,IMG_11,exp_images/sentences/noagent_child_tabla.jpg,STIM_101,stimuli_list_subj_12_b.csv,PNA,passive_dropped_agent,non_agent_first,agent_dropped,1.0,1.0
edf48,2,,free_viewing,,6056.0,3724.0,266.0,14.0,922.2142857142856,530.8071428571428,3892.0,3892,3,1186.0,1.0,6056.0,1.848,15.0,207.06133333333332,79.73333333333333,2.4768824306472923,UNDEFINEDnull,UNDEFINEDnull,exp_images/images/driver_wash_scooter.jpg,IMG_14,UNDEFINEDnull,UNDEFINEDnull,UNDEFINEDnull,UNDEFINEDnull,,,,,
edf48,20,English,sentence_audio,passive_dropped_agent,11124.0,3366.0,336.6,10.0,833.9400000000003,502.25,3606.0,3366,3,6400.0,0.9334442595673876,11124.0,2.158,10.0,172.25400000000005,138.4,0.8989572096368212,exp_images/audio\ENGLISH\p_woa_door.wav,IMG_10_E_PNA,exp_images/images/boy_opened_door.jpg,IMG_10,exp_images/sentences/noagent_boy_door.jpg,STIM_100,stimuli_list_subj_12_b.csv,PNA,passive_dropped_agent,non_agent_first,agent_dropped,1.0,1.0
edf48,21,English,sentence_audio,passive_dropped_agent,10925.0,3535.0,392.77777777777777,9.0,894.0111111111113,510.91111111111115,3801.0,3801,5,5972.0,1.0,10925.0,2.1450000000000005,10.0,166.93400000000003,145.0,0.9153318077803204,exp_images/audio\ENGLISH\p_woa_bucket.wav,IMG_09_E_PNA,exp_images/images/boy_filled_bucket.jpg,IMG_09,exp_images/sentences/noagent_boy_bucket.jpg,STIM_99,stimuli_list_subj_12_b.csv,PNA,passive_dropped_agent,non_agent_first,agent_dropped,1.0,1.0
edf48,22,Punjabi,sentence_audio,active,10997.0,3283.0,298.45454545454544,11.0,822.2363636363639,654.9545454545455,3500.0,1286,4,6488.0,0.3674285714285713,10997.0,1.951818181818182,11.0,224.05818181818185,135.27272727272728,1.0002728016731837,exp_images/audio\PUNJABI\fed.wav,IMG_16_P_ACT,exp_images/images/girl_fed_dog.jpg,IMG_16,exp_images/sentences/Fed-dog.jpg,STIM_16,stimuli_list_subj_12_b.csv,ACT,active,agent_first,agent_overt,0.0,
edf48,23,Punjabi,sentence_audio,active,10568.0,3284.0,298.54545454545456,11.0,826.1090909090909,402.75454545454534,3574.0,2852,5,5620.0,0.7979854504756575,10568.0,2.711666666666668,12.0,246.85666666666665,136.33333333333334,1.1355034065102196,exp_images/audio\PUNJABI\scooter.wav,IMG_14_P_ACT,exp_images/images/driver_wash_scooter.jpg,IMG_14,exp_images/sentences/Washed-scooter.jpg,STIM_14,stimuli_list_subj_12_b.csv,ACT,active,agent_first,agent_overt,0.0,
edf48,24,Punjabi,sentence_audio,active,10953.0,3621.0,241.4,15.0,847.3599999999999,376.6,3681.0,3018,6,5964.0,0.8198859005704972,10953.0,3.154666666666667,15.0,174.38866666666667,87.2,1.3694878115584772,exp_images/audio\PUNJABI\picture.wav,IMG_07_P_ACT,exp_images/images/artiste_drew_picture.jpg,IMG_07,exp_images/sentences/Painting.jpg,STIM_07,stimuli_list_subj_12_b.csv,ACT,active,agent_first,agent_overt,0.0,
edf48,25,Punjabi,sentence_audio,passive,10902.0,3520.0,234.66666666666663,15.0,841.2600000000003,605.1399999999999,3748.0,2790,3,6184.0,0.7443970117395945,10902.0,3.2546666666666666,15.0,185.26466666666667,82.53333333333333,1.375894331315355,exp_images/audio\PUNJABI\p_sapling.wav,IMG_03_P_PWA,exp_images/images/girl_plant_tree.jpg,IMG_03,exp_images/sentences/Sapling-passive.jpg,STIM_21,stimuli_list_subj_12_b.csv,PWA,passive_with_agent,non_agent_first,agent_overt,1.0,0.0
edf48,26,Punjabi,sentence_audio,passive,10548.0,3458.0,384.22222222222223,9.0,958.8888888888887,354.4666666666667,3536.0,3450,5,5886.0,0.9756787330316742,10548.0,2.7636363636363632,11.0,243.37818181818184,148.0,1.042851725445582,exp_images/audio\PUNJABI\p_frisbee.wav,IMG_12_P_PWA,exp_images/images/child_throw_frisbee.jpg,IMG_12,exp_images/sentences/Frisbee-passive.jpg,STIM_30,stimuli_list_subj_12_b.csv,PWA,passive_with_agent,non_agent_first,agent_overt,1.0,0.0
edf48,27,Punjabi,sentence_audio,passive,11060.0,3350.0,304.54545454545456,11.0,846.4818181818181,480.08181818181816,3568.0,3568,4,6134.0,1.0,11060.0,2.22,12.0,151.43999999999997,137.33333333333334,1.08499095840868,exp_images/audio\PUNJABI\p_vase.wav,IMG_08_P_PWA,exp_images/images/boy_broke_vase.jpg,IMG_08,exp_images/sentences/Vase-passive.jpg,STIM_26,stimuli_list_subj_12_b.csv,PWA,passive_with_agent,non_agent_first,agent_overt,1.0,0.0
edf48,28,Punjabi,sentence_audio,passive_dropped_agent,10529.0,3351.0,257.76923076923083,13.0,841.7307692307692,432.2153846153846,3483.0,3483,3,5632.0,1.0,10529.0,2.571428571428572,14.0,188.6357142857143,121.14285714285714,1.3296609364612024,exp_images/audio\PUNJABI\p_woa_box.wav,IMG_05_P_PNA,exp_images/images/man_pushed_box.jpg,IMG_05,exp_images/sentences/Pushed-box-woa.jpg,STIM_41,stimuli_list_subj_12_b.csv,PNA,passive_dropped_agent,non_agent_first,agent_dropped,1.0,1.0
edf48,29,Punjabi,sentence_audio,passive_dropped_agent,10620.0,3598.0,359.8,10.0,749.97,494.39000000000016,3854.0,3598,3,5910.0,0.9335755059678256,10620.0,2.772,10.0,176.46200000000005,113.6,0.9416195856873824,exp_images/audio\PUNJABI\p_woa_shrub.wav,IMG_04_P_PNA,exp_images/images/man_cut_shrub.jpg,IMG_04,exp_images/sentences/Shrub-woa.jpg,STIM_40,stimuli_list_subj_12_b.csv,PNA,passive_dropped_agent,non_agent_first,agent_dropped,1.0,1.0
edf48,3,,free_viewing,,5807.0,3543.0,236.2,15.0,901.4666666666667,720.2266666666667,3641.0,2997,5,1012.0,0.8231255149684152,5807.0,2.14625,16.0,208.441875,91.125,2.755295333218529,UNDEFINEDnull,UNDEFINEDnull,exp_images/images/dog_dug_hole.jpg,IMG_13,UNDEFINEDnull,UNDEFINEDnull,UNDEFINEDnull,UNDEFINEDnull,,,,,
edf48,30,Punjabi,sentence_audio,passive_dropped_agent,10528.0,3348.0,304.3636363636364,11.0,796.3727272727272,483.21818181818185,3570.0,3570,1,5540.0,1.0,10528.0,1.9418181818181817,11.0,172.47,128.9090909090909,1.0448328267477205,exp_images/audio\PUNJABI\p_woa_window.wav,IMG_02_P_PNA,exp_images/images/girl_opened_window.jpg,IMG_02,exp_images/sentences/Window-woa.jpg,STIM_38,stimuli_list_subj_12_b.csv,PNA,passive_dropped_agent,non_agent_first,agent_dropped,1.0,1.0
edf48,31,English,sentence_audio,active,10338.0,3486.0,290.5,12.0,952.3833333333333,726.8583333333332,3594.0,2852,4,5520.0,0.7935447968836951,10338.0,2.4369230769230765,13.0,118.31769230769231,113.23076923076924,1.2574966144321922,exp_images/audio\ENGLISH\dug.wav,IMG_13_E_ACT,exp_images/images/dog_dug_hole.jpg,IMG_13,exp_images/sentences/active_dog_hole.jpg,STIM_67,stimuli_list_subj_12_b.csv,ACT,active,agent_first,agent_overt,0.0,
edf48,32,English,sentence_audio,active,10800.0,3116.0,222.57142857142856,14.0,952.3071428571428,822.0857142857145,3360.0,3116,1,6092.0,0.9273809523809524,10800.0,2.2393333333333336,15.0,144.056,109.86666666666666,1.3888888888888888,exp_images/audio\ENGLISH\veg.wav,IMG_18_E_ACT,exp_images/images/boy_cut_vegetables.jpg,IMG_18,exp_images/sentences/active_boy_vegetables.jpg,STIM_72,stimuli_list_subj_12_b.csv,ACT,active,agent_first,agent_overt,0.0,
edf48,33,English,sentence_audio,active,10781.0,3507.0,389.66666666666674,9.0,856.0777777777777,434.3444444444444,3740.0,3468,4,5791.0,0.9272727272727272,10781.0,2.2288888888888887,9.0,176.72333333333333,138.88888888888889,0.8348019664224098,exp_images/audio\ENGLISH\cake.wav,IMG_15_E_ACT,exp_images/images/girl_baked_cake.jpg,IMG_15,exp_images/sentences/active_girl_cake.jpg,STIM_69,stimuli_list_subj_12_b.csv,ACT,active,agent_first,agent_overt,0.0,
edf48,34,English,sentence_audio,passive,11114.0,3184.0,289.45454545454544,11.0,912.5818181818183,559.3181818181819,3428.0,3428,4,6344.0,1.0,11114.0,2.8841666666666668,12.0,127.98833333333334,131.83333333333334,1.0797192729890228,exp_images/audio\ENGLISH\p_clothes.wav,IMG_06_E_PWA,exp_images/images/women_fold_clothes.jpg,IMG_06,exp_images/sentences/passive_woman_clothes.jpg,STIM_78,stimuli_list_subj_12_b.csv,PWA,passive_with_agent,non_agent_first,agent_overt,1.0,0.0
edf48,35,English,sentence_audio,passive,10592.0,3338.0,222.53333333333333,15.0,959.0666666666667,573.1,3382.0,3264,5,5602.0,0.965109402720284,10592.0,4.564375,16.0,147.059375,101.5,1.5105740181268883,exp_images/audio\ENGLISH\p_letter.wav,IMG_17_E_PWA,exp_images/images/women_read_letter.jpg,IMG_17,exp_images/sentences/passive_women_letter.jpg,STIM_89,stimuli_list_subj_12_b.csv,PWA,passive_with_agent,non_agent_first,agent_overt,1.0,0.0
edf48,36,English,sentence_audio,passive,10851.0,3383.0,260.23076923076917,13.0,780.5538461538459,478.6153846153846,3635.0,3383,3,6146.0,0.9306740027510316,10851.0,2.2038461538461536,13.0,147.61923076923074,104.30769230769229,1.1980462630172333,exp_images/audio\ENGLISH\p_lamp.wav,IMG_01_E_PWA,exp_images/images/girl_lighted_lamp.jpg,IMG_01,exp_images/sentences/passive_girl_lamp.jpg,STIM_73,stimuli_list_subj_12_b.csv,PWA,passive_with_agent,non_agent_first,agent_overt,1.0,0.0
edf48,4,,free_viewing,,5715.0,3807.0,317.25,12.0,841.4416666666666,473.4083333333333,4017.0,4017,5,726.0,1.0,5715.0,2.4525,12.0,127.3225,81.0,2.0997375328083994,UNDEFINEDnull,UNDEFINEDnull,exp_images/images/boy_broke_vase.jpg,IMG_08,UNDEFINEDnull,UNDEFINEDnull,UNDEFINEDnull,UNDEFINEDnull,,,,,
edf48,5,,free_viewing,,6148.0,3726.0,232.875,16.0,844.8562499999998,449.425,3915.0,3012,6,1386.0,0.7693486590038314,6148.0,2.450625,16.0,157.2625,67.125,2.602472348731295,UNDEFINEDnull,UNDEFINEDnull,exp_images/images/man_cut_shrub.jpg,IMG_04,UNDEFINEDnull,UNDEFINEDnull,UNDEFINEDnull,UNDEFINEDnull,,,,,
edf48,6,,free_viewing,,6059.0,3603.0,300.25,12.0,887.7083333333335,713.2916666666665,3854.0,2107,6,1344.0,0.5467047223663726,6059.0,2.520833333333333,12.0,199.22916666666663,94.66666666666669,1.9805248390823569,UNDEFINEDnull,UNDEFINEDnull,exp_images/images/girl_fed_dog.jpg,IMG_16,UNDEFINEDnull,UNDEFINEDnull,UNDEFINEDnull,UNDEFINEDnull,,,,,
edf48,7,,free_viewing,,5801.0,3755.0,341.3636363636364,11.0,890.2363636363636,468.39090909090913,3969.0,3357,4,908.0,0.8458049886621315,5801.0,1.7125,12.0,194.995,98.83333333333331,2.068608860541286,UNDEFINEDnull,UNDEFINEDnull,exp_images/images/boy_filled_bucket.jpg,IMG_09,UNDEFINEDnull,UNDEFINEDnull,UNDEFINEDnull,UNDEFINEDnull,,,,,
edf48,8,,free_viewing,,5726.0,3762.0,470.25,8.0,943.5875,733.55,3878.0,3762,4,1026.0,0.9700876740587931,5726.0,4.04,9.0,226.5888888888889,140.88888888888889,1.5717778553964372,UNDEFINEDnull,UNDEFINEDnull,exp_images/images/boy_cut_vegetables.jpg,IMG_18,UNDEFINEDnull,UNDEFINEDnull,UNDEFINEDnull,UNDEFINEDnull,,,,,
edf48,9,,free_viewing,,6148.0,3594.0,359.4,10.0,1004.77,440.44,3850.0,3850,3,1142.0,1.0,6148.0,2.7769999999999997,10.0,196.475,115.6,1.6265452179570592,UNDEFINEDnull,UNDEFINEDnull,exp_images/images/girl_opened_window.jpg,IMG_02,UNDEFINEDnull,UNDEFINEDnull,UNDEFINEDnull,UNDEFINEDnull,,,,,
edf49,1,,free_viewing,,5819.0,3591.0,224.4375,16.0,909.7125,398.05,3762.0,3762,10,891.0,1.0,5819.0,3.954375,16.0,138.90375,72.875,2.7496133356246784,UNDEFINEDnull,UNDEFINEDnull,exp_images/images/man_pushed_box.jpg,IMG_05,UNDEFINEDnull,UNDEFINEDnull,UNDEFINEDnull,UNDEFINEDnull,,,,,
edf49,10,,free_viewing,,5892.0,4312.0,359.33333333333326,12.0,979.7583333333333,399.775,4553.0,4312,5,1174.0,0.9470678673402152,5892.0,2.0725,12.0,76.81,36.16666666666666,2.0366598778004072,UNDEFINEDnull,UNDEFINEDnull,exp_images/images/girl_opened_window.jpg,IMG_02,UNDEFINEDnull,UNDEFINEDnull,UNDEFINEDnull,UNDEFINEDnull,,,,,
edf49,11,,free_viewing,,6119.0,4240.0,265.0,16.0,960.4,461.31875,4504.0,4160,4,1114.0,0.9236234458259324,6119.0,2.3011764705882354,17.0,67.69470588235295,30.470588235294123,2.778231737211963,UNDEFINEDnull,UNDEFINEDnull,exp_images/images/women_read_letter.jpg,IMG_17,UNDEFINEDnull,UNDEFINEDnull,UNDEFINEDnull,UNDEFINEDnull,,,,,
edf49,12,,free_viewing,,6124.0,4246.0,386.0,11.0,975.3272727272728,550.4909090909091,4550.0,4550,7,1132.0,1.0,6124.0,4.6463636363636365,11.0,98.94363636363636,40.18181818181818,1.7962116263879817,UNDEFINEDnull,UNDEFINEDnull,exp_images/images/boy_cut_vegetables.jpg,IMG_18,UNDEFINEDnull,UNDEFINEDnull,UNDEFINEDnull,UNDEFINEDnull,,,,,
edf49,13,,free_viewing,,5689.0,4287.0,329.76923076923083,13.0,957.3923076923076,585.4230769230769,4535.0,3859,6,972.0,0.8509371554575523,5689.0,3.2092307692307687,13.0,83.5623076923077,34.92307692307692,2.2851116189136933,UNDEFINEDnull,UNDEFINEDnull,exp_images/images/girl_fed_dog.jpg,IMG_16,UNDEFINEDnull,UNDEFINEDnull,UNDEFINEDnull,UNDEFINEDnull,,,,,
edf49,14,,free_viewing,,5726.0,3994.0,249.625,16.0,876.1250000000001,662.95,4236.0,2726,6,1000.0,0.6435316336166195,5726.0,3.332941176470588,17.0,128.76529411764707,45.88235294117647,2.9689137268599373,UNDEFINEDnull,UNDEFINEDnull,exp_images/images/dog_dug_hole.jpg,IMG_13,UNDEFINEDnull,UNDEFINEDnull,UNDEFINEDnull,UNDEFINEDnull,,,,,
edf49,15,,free_viewing,,6087.0,4167.0,297.64285714285717,14.0,1016.7428571428572,468.38571428571436,4455.0,3933,8,1402.0,0.8828282828282829,6087.0,2.302142857142857,14.0,128.27928571428578,38.142857142857146,2.299983571545918,UNDEFINEDnull,UNDEFINEDnull,exp_images/images/boy_filled_bucket.jpg,IMG_09,UNDEFINEDnull,UNDEFINEDnull,UNDEFINEDnull,UNDEFINEDnull,,,,,
edf49,16,,free_viewing,,5915.0,4011.0,286.5,14.0,923.6142857142858,417.4214285714287,4309.0,3721,4,1356.0,0.8635414249245764,5915.0,1.9866666666666668,15.0,132.632,49.2,2.53592561284869,UNDEFINEDnull,UNDEFINEDnull,exp_images/images/girl_baked_cake.jpg,IMG_15,UNDEFINEDnull,UNDEFINEDnull,UNDEFINEDnull,UNDEFINEDnull,,,,,
edf49,17,,free_viewing,,5776.0,3976.0,220.88888888888889,18.0,931.4333333333336,493.5,4199.0,4199,9,787.0,1.0,5776.0,3.287222222222223,18.0,96.92833333333334,43.88888888888889,3.1163434903047094,UNDEFINEDnull,UNDEFINEDnull,exp_images/images/girl_lighted_lamp.jpg,IMG_01,UNDEFINEDnull,UNDEFINEDnull,UNDEFINEDnull,UNDEFINEDnull,,,,,
edf49,18,,free_viewing,,5930.0,3842.0,274.42857142857144,14.0,1051.3428571428572,436.9428571428571,4104.0,3754,4,940.0,0.9147173489278752,5930.0,3.232857142857143,14.0,144.56428571428572,63.28571428571429,2.360876897133221,UNDEFINEDnull,UNDEFINEDnull,exp_images/images/child_throw_frisbee.jpg,IMG_12,UNDEFINEDnull,UNDEFINEDnull,UNDEFINEDnull,UNDEFINEDnull,,,,,
edf49,19,Punjabi,sentence_audio,active,10613.0,4211.0,350.91666666666674,12.0,984.7333333333336,454.95833333333337,4464.0,4464,5,5623.0,1.0,10613.0,3.271666666666666,12.0,109.26333333333332,43.83333333333334,1.1306887779138792,exp_images/audio\PUNJABI\letter.wav,IMG_17_P_ACT,exp_images/images/women_read_letter.jpg,IMG_17,exp_images/sentences/Letter.jpg,STIM_17,stimuli_list_subj_1_a.csv,ACT,active,agent_first,agent_overt,0.0,
edf49,2,,free_viewing,,5958.0,4160.0,244.70588235294116,17.0,849.6235294117647,440.5941176470588,4472.0,4228,11,976.0,0.945438282647585,5958.0,2.31,18.0,113.62611111111113,39.111111111111114,3.0211480362537766,UNDEFINEDnull,UNDEFINEDnull,exp_images/images/boy_broke_vase.jpg,IMG_08,UNDEFINEDnull,UNDEFINEDnull,UNDEFINEDnull,UNDEFINEDnull,,,,,
edf49,20,Punjabi,sentence_audio,active,10922.0,3818.0,254.53333333333333,15.0,1021.4066666666668,459.77333333333337,4289.0,3713,7,5933.0,0.8657029610631849,10922.0,2.6060000000000003,15.0,134.4173333333333,46.66666666666666,1.3733748397729353,exp_images/audio\PUNJABI\bucket.wav,IMG_09_P_ACT,exp_images/images/boy_filled_bucket.jpg,IMG_09,exp_images/sentences/Bucket.jpg,STIM_09,stimuli_list_subj_1_a.csv,ACT,active,agent_first,agent_overt,0.0,
edf49,21,Punjabi,sentence_audio,active,10275.0,3961.0,330.0833333333333,12.0,1010.6333333333336,534.0166666666665,4191.0,3453,10,5410.0,0.8239083750894775,10275.0,5.553076923076923,13.0,173.7269230769231,62.615384615384606,1.265206812652068,exp_images/audio\PUNJABI\clothes.wav,IMG_06_P_ACT,exp_images/images/women_fold_clothes.jpg,IMG_06,exp_images/sentences/Folded-clothes.jpg,STIM_06,stimuli_list_subj_1_a.csv,ACT,active,agent_first,agent_overt,0.0,
edf49,22,Punjabi,sentence_audio,passive,10391.0,3835.0,239.6875,16.0,886.95,466.1,3999.0,3727,8,5426.0,0.9319829957489372,10391.0,2.5023529411764707,17.0,117.81176470588234,58.470588235294116,1.636031180829564,exp_images/audio\PUNJABI\p_door.wav,IMG_10_P_PWA,exp_images/images/boy_opened_door.jpg,IMG_10,exp_images/sentences/Closed-door-passive.jpg,STIM_28,stimuli_list_subj_1_a.csv,PWA,passive_with_agent,non_agent_first,agent_overt,1.0,0.0
edf49,23,Punjabi,sentence_audio,passive,10280.0,4100.0,273.3333333333333,15.0,854.8466666666666,464.8133333333333,4138.0,3996,10,5290.0,0.9656839052682455,10280.0,4.250000000000001,16.0,132.10125000000002,54.375,1.5564202334630348,exp_images/audio\PUNJABI\p_lamp.wav,IMG_01_P_PWA,exp_images/images/girl_lighted_lamp.jpg,IMG_01,exp_images/sentences/Lamp-passive.jpg,STIM_19,stimuli_list_subj_1_a.csv,PWA,passive_with_agent,non_agent_first,agent_overt,1.0,0.0
edf49,24,Punjabi,sentence_audio,passive,11072.0,3608.0,212.2352941176471,17.0,950.5588235294119,525.6705882352941,3818.0,3818,8,6082.0,1.0,11072.0,3.721176470588236,17.0,124.59176470588233,68.94117647058823,1.5354046242774568,exp_images/audio\PUNJABI\p_scooter.wav,IMG_14_P_PWA,exp_images/images/driver_wash_scooter.jpg,IMG_14,exp_images/sentences/Washed-scooter-passive.jpg,STIM_32,stimuli_list_subj_1_a.csv,PWA,passive_with_agent,non_agent_first,agent_overt,1.0,0.0
edf49,25,Punjabi,sentence_audio,passive_dropped_agent,11098.0,4030.0,403.0,10.0,1015.63,416.0,4276.0,2740,6,6588.0,0.6407857811038353,11098.0,2.4360000000000004,10.0,113.335,71.4,0.9010632546404757,exp_images/audio\PUNJABI\p_woa_box.wav,IMG_05_P_PNA,exp_images/images/man_pushed_box.jpg,IMG_05,exp_images/sentences/Pushed-box-woa.jpg,STIM_41,stimuli_list_subj_1_a.csv,PNA,passive_dropped_agent,non_agent_first,agent_dropped,1.0,1.0
edf49,26,Punjabi,sentence_audio,passive_dropped_agent,11080.0,4062.0,338.5,12.0,832.2166666666667,656.475,4324.0,3764,6,6092.0,0.8704902867715079,11080.0,3.0424999999999986,12.0,120.67166666666668,55.33333333333334,1.083032490974729,exp_images/audio\PUNJABI\p_woa_sapling.wav,IMG_03_P_PNA,exp_images/images/girl_plant_tree.jpg,IMG_03,exp_images/sentences/Sapling-woa.jpg,STIM_39,stimuli_list_subj_1_a.csv,PNA,passive_dropped_agent,non_agent_first,agent_dropped,1.0,1.0
edf49,27,Punjabi,sentence_audio,passive_dropped_agent,11042.0,3940.0,303.07692307692315,13.0,868.7153846153847,369.4,4132.0,4132,6,6122.0,1.0,11042.0,1.7900000000000005,14.0,152.22142857142856,74.28571428571429,1.2678862524904908,exp_images/audio\PUNJABI\p_woa_shrub.wav,IMG_04_P_PNA,exp_images/images/man_cut_shrub.jpg,IMG_04,exp_images/sentences/Shrub-woa.jpg,STIM_40,stimuli_list_subj_1_a.csv,PNA,passive_dropped_agent,non_agent_first,agent_dropped,1.0,1.0
edf49,28,English,sentence_audio,active,10951.0,3869.0,257.93333333333334,15.0,893.8466666666666,689.3,4104.0,2292,7,5961.0,0.5584795321637427,10951.0,2.7426666666666666,15.0,121.67466666666668,59.06666666666667,1.369737923477308,exp_images/audio\ENGLISH\dug.wav,IMG_13_E_ACT,exp_images/images/dog_dug_hole.jpg,IMG_13,exp_images/sentences/active_dog_hole.jpg,STIM_67,stimuli_list_subj_1_a.csv,ACT,active,agent_first,agent_overt,0.0,
edf49,29,English,sentence_audio,active,11042.0,4248.0,265.5,16.0,1032.95625,365.95,4280.0,3890,10,6052.0,0.9088785046728972,11042.0,3.965,16.0,108.146875,44.375,1.4490128599891323,exp_images/audio\ENGLISH\frisbee.wav,IMG_12_E_ACT,exp_images/images/child_throw_frisbee.jpg,IMG_12,exp_images/sentences/active_child_frisbee.jpg,STIM_66,stimuli_list_subj_1_a.csv,ACT,active,agent_first,agent_overt,0.0,
edf49,3,,free_viewing,,5932.0,4114.0,228.55555555555557,18.0,925.6888888888888,340.2888888888889,4350.0,4350,9,942.0,1.0,5932.0,3.525555555555555,18.0,92.4277777777778,35.555555555555564,3.034389750505732,UNDEFINEDnull,UNDEFINEDnull,exp_images/images/artiste_drew_picture.jpg,IMG_07,UNDEFINEDnull,UNDEFINEDnull,UNDEFINEDnull,UNDEFINEDnull,,,,,
edf49,30,English,sentence_audio,active,10227.0,3911.0,279.35714285714283,14.0,1002.65,465.8714285714285,4131.0,3036,6,5492.0,0.7349310094408134,10227.0,4.4264285714285725,14.0,186.21785714285718,61.28571428571429,1.3689253935660506,exp_images/audio\ENGLISH\tabla.wav,IMG_11_E_ACT,exp_images/images/child_play_tabla.jpg,IMG_11,exp_images/sentences/active_child_tabla.jpg,STIM_65,stimuli_list_subj_1_a.csv,ACT,active,agent_first,agent_overt,0.0,
edf49,31,English,sentence_audio,passive,11110.0,4160.0,297.14285714285717,14.0,920.6285714285713,301.86428571428576,4432.0,4174,8,6120.0,0.9417870036101084,11110.0,3.1433333333333326,15.0,111.788,38.266666666666666,1.35013501350135,exp_images/audio\ENGLISH\p_artist.wav,IMG_07_E_PWA,exp_images/images/artiste_drew_picture.jpg,IMG_07,exp_images/sentences/passive_artist_picture.jpg,STIM_79,stimuli_list_subj_1_a.csv,PWA,passive_with_agent,non_agent_first,agent_overt,1.0,0.0
edf49,32,English,sentence_audio,passive,10992.0,4500.0,642.8571428571429,7.0,905.9428571428572,499.0,4754.0,4502,5,6004.0,0.9469920067311738,10992.0,3.04,7.0,83.2057142857143,33.42857142857143,0.6368267831149926,exp_images/audio\ENGLISH\p_cake.wav,IMG_15_E_PWA,exp_images/images/girl_baked_cake.jpg,IMG_15,exp_images/sentences/passive_girl_cake.jpg,STIM_87,stimuli_list_subj_1_a.csv,PWA,passive_with_agent,non_agent_first,agent_overt,1.0,0.0
edf49,33,English,sentence_audio,passive,10674.0,3750.0,267.85714285714283,14.0,1009.2571428571428,395.3714285714285,4095.0,3591,7,5683.0,0.8769230769230769,10674.0,2.935714285714285,14.0,146.9207142857143,64.0,1.3115982761851228,exp_images/audio\ENGLISH\p_window.wav,IMG_02_E_PWA,exp_images/images/girl_opened_window.jpg,IMG_02,exp_images/sentences/passive_girl_window.jpg,STIM_74,stimuli_list_subj_1_a.csv,PWA,passive_with_agent,non_agent_first,agent_overt,1.0,0.0
edf49,34,English,sentence_audio,passive_dropped_agent,10465.0,4083.0,272.2,15.0,917.0066666666668,693.14,4325.0,2251,6,5930.0,0.5204624277456648,10465.0,2.507333333333333,15.0,102.98266666666667,44.26666666666666,1.4333492594362158,exp_images/audio\ENGLISH\p_woa_fed.wav,IMG_16_E_PNA,exp_images/images/girl_fed_dog.jpg,IMG_16,exp_images/sentences/noagent_girl_dog.jpg,STIM_106,stimuli_list_subj_1_a.csv,PNA,passive_dropped_agent,non_agent_first,agent_dropped,1.0,1.0
edf49,35,English,sentence_audio,passive_dropped_agent,10908.0,4180.0,321.53846153846155,13.0,995.4846153846154,756.9076923076923,4427.0,4275,4,5917.0,0.965665236051502,10908.0,2.3961538461538465,13.0,86.41538461538461,43.384615384615394,1.1917858452511918,exp_images/audio\ENGLISH\p_woa_veg.wav,IMG_18_E_PNA,exp_images/images/boy_cut_vegetables.jpg,IMG_18,exp_images/sentences/noagent_boy_vegetables.jpg,STIM_108,stimuli_list_subj_1_a.csv,PNA,passive_dropped_agent,non_agent_first,agent_dropped,1.0,1.0
edf49,36,English,sentence_audio,passive_dropped_agent,10994.0,4170.0,278.0,15.0,898.4866666666666,428.2666666666667,4459.0,4459,9,6005.0,1.0,10994.0,2.051333333333333,15.0,94.30733333333332,35.333333333333336,1.3643805712206658,exp_images/audio\ENGLISH\p_woa_vase.wav,IMG_08_E_PNA,exp_images/images/boy_broke_vase.jpg,IMG_08,exp_images/sentences/noagent_boy_vase.jpg,STIM_98,stimuli_list_subj_1_a.csv,PNA,passive_dropped_agent,non_agent_first,agent_dropped,1.0,1.0
edf49,4,,free_viewing,,6134.0,4276.0,237.55555555555557,18.0,941.7722222222225,434.05,4465.0,4197,11,1145.0,0.9399776035834266,6134.0,2.4683333333333333,18.0,77.07944444444443,29.11111111111111,2.9344636452559505,UNDEFINEDnull,UNDEFINEDnull,exp_images/images/boy_opened_door.jpg,IMG_10,UNDEFINEDnull,UNDEFINEDnull,UNDEFINEDnull,UNDEFINEDnull,,,,,
edf49,5,,free_viewing,,5934.0,4096.0,273.06666666666666,15.0,926.8466666666666,566.4600000000003,4389.0,4047,6,943.0,0.9220779220779219,5934.0,4.983333333333333,15.0,103.45866666666667,40.13333333333333,2.527805864509605,UNDEFINEDnull,UNDEFINEDnull,exp_images/images/driver_wash_scooter.jpg,IMG_14,UNDEFINEDnull,UNDEFINEDnull,UNDEFINEDnull,UNDEFINEDnull,,,,,
edf49,6,,free_viewing,,6144.0,4360.0,396.3636363636364,11.0,981.381818181818,479.09090909090895,4664.0,3392,4,1490.0,0.7272727272727273,6144.0,2.4436363636363634,11.0,73.54636363636364,29.63636363636364,1.7903645833333333,UNDEFINEDnull,UNDEFINEDnull,exp_images/images/women_fold_clothes.jpg,IMG_06,UNDEFINEDnull,UNDEFINEDnull,UNDEFINEDnull,UNDEFINEDnull,,,,,
edf49,7,,free_viewing,,6120.0,3976.0,233.88235294117646,17.0,975.3529411764708,492.4352941176471,4265.0,2660,7,1462.0,0.6236811254396248,6120.0,3.707647058823529,17.0,112.90117647058821,42.588235294117645,2.7777777777777777,UNDEFINEDnull,UNDEFINEDnull,exp_images/images/child_play_tabla.jpg,IMG_11,UNDEFINEDnull,UNDEFINEDnull,UNDEFINEDnull,UNDEFINEDnull,,,,,
edf49,8,,free_viewing,,6088.0,4132.0,243.05882352941174,17.0,926.5470588235297,478.54117647058814,4330.0,2956,8,1098.0,0.6826789838337183,6088.0,4.630000000000001,17.0,105.35588235294115,38.8235294117647,2.7923784494086727,UNDEFINEDnull,UNDEFINEDnull,exp_images/images/girl_plant_tree.jpg,IMG_03,UNDEFINEDnull,UNDEFINEDnull,UNDEFINEDnull,UNDEFINEDnull,,,,,
edf49,9,,free_viewing,,5885.0,4179.0,261.1875,16.0,919.76875,487.3875,4456.0,4456,6,895.0,1.0,5885.0,3.29625,16.0,85.40937500000003,33.375,2.7187765505522514,UNDEFINEDnull,UNDEFINEDnull,exp_images/images/man_cut_shrub.jpg,IMG_04,UNDEFINEDnull,UNDEFINEDnull,UNDEFINEDnull,UNDEFINEDnull,,,,,
edf50,1,,free_viewing,,5797.0,3918.0,230.4705882352941,17.0,801.7823529411763,802.9235294117647,4084.0,1360,4,910.0,0.3330068560235064,5797.0,2.184444444444444,18.0,118.42736842105263,53.57894736842106,3.1050543384509237,UNDEFINEDnull,UNDEFINEDnull,exp_images/images/dog_dug_hole.jpg,IMG_13,UNDEFINEDnull,UNDEFINEDnull,UNDEFINEDnull,UNDEFINEDnull,,,,,
edf50,10,,free_viewing,,5832.0,3678.0,204.33333333333331,18.0,882.338888888889,532.25,3946.0,3876,5,872.0,0.9822605169792196,5832.0,1.9873684210526317,19.0,127.67368421052629,68.84210526315789,3.2578875171467763,UNDEFINEDnull,UNDEFINEDnull,exp_images/images/boy_broke_vase.jpg,IMG_08,UNDEFINEDnull,UNDEFINEDnull,UNDEFINEDnull,UNDEFINEDnull,,,,,
edf50,11,,free_viewing,,5738.0,4048.0,506.0,8.0,919.2125,536.0500000000002,4302.0,4302,3,944.0,1.0,5738.0,2.478888888888889,9.0,149.62111111111108,82.0,1.5684907633321714,UNDEFINEDnull,UNDEFINEDnull,exp_images/images/women_fold_clothes.jpg,IMG_06,UNDEFINEDnull,UNDEFINEDnull,UNDEFINEDnull,UNDEFINEDnull,,,,,
edf50,12,,free_viewing,,5909.0,4409.0,2204.5,2.0,927.95,862.25,4754.0,4409,1,1302.0,0.9274295330248212,5909.0,2.9450000000000003,2.0,219.725,119.0,0.33846674564224066,UNDEFINEDnull,UNDEFINEDnull,exp_images/images/boy_cut_vegetables.jpg,IMG_18,UNDEFINEDnull,UNDEFINEDnull,UNDEFINEDnull,UNDEFINEDnull,,,,,
edf50,13,,free_viewing,,6044.0,3442.0,229.46666666666667,15.0,867.7066666666667,569.3133333333334,3582.0,3582,6,1086.0,1.0,6044.0,2.184705882352941,17.0,171.12823529411762,93.05882352941177,2.8127068166776965,UNDEFINEDnull,UNDEFINEDnull,exp_images/images/boy_opened_door.jpg,IMG_10,UNDEFINEDnull,UNDEFINEDnull,UNDEFINEDnull,UNDEFINEDnull,,,,,
edf50,14,,free_viewing,,5776.0,3812.0,238.25,16.0,887.30625,543.775,3875.0,2873,6,783.0,0.7414193548387097,5776.0,2.766875,16.0,145.8935294117647,66.94117647058823,2.770083102493075,UNDEFINEDnull,UNDEFINEDnull,exp_images/images/man_pushed_box.jpg,IMG_05,UNDEFINEDnull,UNDEFINEDnull,UNDEFINEDnull,UNDEFINEDnull,,,,,
edf50,15,,free_viewing,,5738.0,3534.0,321.27272727272725,11.0,891.1727272727272,596.5818181818181,3817.0,2422,3,2076.0,0.6345297353942887,5738.0,2.118181818181818,11.0,170.67363636363638,106.9090909090909,1.917044266294876,UNDEFINEDnull,UNDEFINEDnull,exp_images/images/girl_baked_cake.jpg,IMG_15,UNDEFINEDnull,UNDEFINEDnull,UNDEFINEDnull,UNDEFINEDnull,,,,,
edf50,16,,free_viewing,,5874.0,4094.0,511.75,8.0,934.8625,688.6625,4274.0,3240,3,882.0,0.7580720636406177,5874.0,3.535,8.0,155.185,89.75,1.3619339462036093,UNDEFINEDnull,UNDEFINEDnull,exp_images/images/girl_lighted_lamp.jpg,IMG_01,UNDEFINEDnull,UNDEFINEDnull,UNDEFINEDnull,UNDEFINEDnull,,,,,
edf50,17,,free_viewing,,5707.0,3651.0,365.1,10.0,1005.71,386.02,4294.0,3651,3,1394.0,0.8502561714019562,5707.0,2.427,10.0,108.306,69.8,1.7522340984755564,UNDEFINEDnull,UNDEFINEDnull,exp_images/images/artiste_drew_picture.jpg,IMG_07,UNDEFINEDnull,UNDEFINEDnull,UNDEFINEDnull,UNDEFINEDnull,,,,,
edf50,18,,free_viewing,,6022.0,3804.0,237.75,16.0,772.0749999999997,676.09375,4038.0,3800,3,1030.0,0.941059930658742,6022.0,1.9675,16.0,107.280625,59.625,2.6569246097641983,UNDEFINEDnull,UNDEFINEDnull,exp_images/images/girl_plant_tree.jpg,IMG_03,UNDEFINEDnull,UNDEFINEDnull,UNDEFINEDnull,UNDEFINEDnull,,,,,
edf50,19,Punjabi,sentence_audio,passive,10402.0,2760.0,197.14285714285717,14.0,772.1642857142857,696.7714285714287,2932.0,2632,6,5410.0,0.8976807639836291,10402.0,5.707142857142856,14.0,208.06571428571425,147.14285714285714,1.3458950201884254,exp_images/audio\PUNJABI\p_letter.wav,IMG_17_P_PWA,exp_images/images/women_read_letter.jpg,IMG_17,exp_images/sentences/Letter-passive.jpg,STIM_35,stimuli_list_subj_2_a.csv,PWA,passive_with_agent,non_agent_first,agent_overt,1.0,0.0
edf50,2,,free_viewing,,5771.0,3681.0,193.73684210526315,19.0,930.9210526315793,472.89473684210526,3805.0,2537,7,1158.0,0.666754270696452,5771.0,3.4865000000000004,20.0,116.794,65.6,3.4656038814763472,UNDEFINEDnull,UNDEFINEDnull,exp_images/images/child_throw_frisbee.jpg,IMG_12,UNDEFINEDnull,UNDEFINEDnull,UNDEFINEDnull,UNDEFINEDnull,,,,,
edf50,20,Punjabi,sentence_audio,passive,11108.0,3628.0,226.75,16.0,951.5375,594.7375000000002,3794.0,3462,6,6116.0,0.9124934106483922,11108.0,1.8500000000000003,17.0,123.58470588235296,71.52941176470588,1.5304285199855958,exp_images/audio\PUNJABI\p_bucket.wav,IMG_09_P_PWA,exp_images/images/boy_filled_bucket.jpg,IMG_09,exp_images/sentences/Bucket-passive.jpg,STIM_27,stimuli_list_subj_2_a.csv,PWA,passive_with_agent,non_agent_first,agent_overt,1.0,0.0
edf50,21,Punjabi,sentence_audio,passive,11048.0,3310.0,275.8333333333333,12.0,759.65,686.8916666666668,3513.0,3144,5,6610.0,0.8949615713065756,11048.0,8.332500000000001,12.0,187.11,123.33333333333331,1.0861694424330195,exp_images/audio\PUNJABI\p_clothes.wav,IMG_06_P_PWA,exp_images/images/women_fold_clothes.jpg,IMG_06,exp_images/sentences/Folded-clothes-passive.jpg,STIM_24,stimuli_list_subj_2_a.csv,PWA,passive_with_agent,non_agent_first,agent_overt,1.0,0.0
edf50,22,Punjabi,sentence_audio,passive_dropped_agent,11152.0,4256.0,608.0,7.0,848.1,643.4,4411.0,4411,4,6159.0,1.0,11152.0,1.91,7.0,147.05571428571423,83.14285714285714,0.6276901004304161,exp_images/audio\PUNJABI\p_woa_door.wav,IMG_10_P_PNA,exp_images/images/boy_opened_door.jpg,IMG_10,exp_images/sentences/Closed-door-woa.jpg,STIM_46,stimuli_list_subj_2_a.csv,PNA,passive_dropped_agent,non_agent_first,agent_dropped,1.0,1.0
edf50,23,Punjabi,sentence_audio,passive_dropped_agent,10816.0,3282.0,172.73684210526315,19.0,704.5052631578948,771.3210526315789,3308.0,1760,6,6278.0,0.532043530834341,10816.0,6.240000000000001,20.0,180.492,88.0,1.8491124260355027,exp_images/audio\PUNJABI\p_woa_lamp.wav,IMG_01_P_PNA,exp_images/images/girl_lighted_lamp.jpg,IMG_01,exp_images/sentences/Lamp-woa.jpg,STIM_37,stimuli_list_subj_2_a.csv,PNA,passive_dropped_agent,non_agent_first,agent_dropped,1.0,1.0
edf50,24,Punjabi,sentence_audio,passive_dropped_agent,11040.0,3632.0,242.13333333333333,15.0,1042.8866666666663,771.3266666666666,3774.0,3774,2,6182.0,1.0,11040.0,2.165625,16.0,146.08687500000005,84.875,1.4492753623188408,exp_images/audio\PUNJABI\p_woa_scooter.wav,IMG_14_P_PNA,exp_images/images/driver_wash_scooter.jpg,IMG_14,exp_images/sentences/Washed-scooter-woa.jpg,STIM_50,stimuli_list_subj_2_a.csv,PNA,passive_dropped_agent,non_agent_first,agent_dropped,1.0,1.0
edf50,25,English,sentence_audio,active,10921.0,3217.0,189.2352941176471,17.0,828.1117647058824,606.7235294117646,3257.0,2013,7,5928.0,0.618053423395763,10921.0,5.157647058823528,17.0,139.36117647058822,102.11764705882355,1.5566340078747367,exp_images/audio\ENGLISH\box.wav,IMG_05_E_ACT,exp_images/images/man_pushed_box.jpg,IMG_05,exp_images/sentences/active_man_box.jpg,STIM_59,stimuli_list_subj_2_a.csv,ACT,active,agent_first,agent_overt,0.0,
edf50,26,English,sentence_audio,active,10187.0,3779.0,269.92857142857144,14.0,896.2071428571428,647.7285714285715,3967.0,3499,2,5194.0,0.8820267204436602,10187.0,2.033571428571429,14.0,106.975,73.28571428571429,1.37430057916953,exp_images/audio\ENGLISH\sapling.wav,IMG_03_E_ACT,exp_images/images/girl_plant_tree.jpg,IMG_03,exp_images/sentences/active_girl_sapling.jpg,STIM_57,stimuli_list_subj_2_a.csv,ACT,active,agent_first,agent_overt,0.0,
edf50,27,English,sentence_audio,active,10570.0,3184.0,289.45454545454544,11.0,912.9272727272728,554.9454545454545,3358.0,3358,4,5734.0,1.0,10570.0,2.9291666666666667,12.0,129.15416666666667,147.33333333333334,1.1352885525070957,exp_images/audio\ENGLISH\shrub.wav,IMG_04_E_ACT,exp_images/images/man_cut_shrub.jpg,IMG_04,exp_images/sentences/active_man_shrub.jpg,STIM_58,stimuli_list_subj_2_a.csv,ACT,active,agent_first,agent_overt,0.0,
edf50,28,English,sentence_audio,passive,10389.0,3771.0,221.82352941176467,17.0,823.2176470588234,713.3294117647059,3959.0,2873,4,5398.0,0.7256883051275574,10389.0,1.854117647058824,17.0,110.62117647058822,60.70588235294117,1.6363461353354511,exp_images/audio\ENGLISH\p_dug.wav,IMG_13_E_PWA,exp_images/images/dog_dug_hole.jpg,IMG_13,exp_images/sentences/passive_dog_hole.jpg,STIM_85,stimuli_list_subj_2_a.csv,PWA,passive_with_agent,non_agent_first,agent_overt,1.0,0.0
edf50,29,English,sentence_audio,passive,10359.0,2618.0,238.0,11.0,975.7454545454547,409.74545454545466,2887.0,1502,6,5936.0,0.5202632490474541,10359.0,2.748333333333333,12.0,161.20833333333334,176.33333333333337,1.1584129742253113,exp_images/audio\ENGLISH\p_frisbee.wav,IMG_12_E_PWA,exp_images/images/child_throw_frisbee.jpg,IMG_12,exp_images/sentences/passive_child_frisbee.jpg,STIM_84,stimuli_list_subj_2_a.csv,PWA,passive_with_agent,non_agent_first,agent_overt,1.0,0.0
edf50,3,,free_viewing,,5695.0,4615.0,4615.0,1.0,827.7,518.3,4966.0,4966,1,703.0,1.0,5695.0,2.01,1.0,76.55,26.0,0.17559262510974538,UNDEFINEDnull,UNDEFINEDnull,exp_images/images/man_cut_shrub.jpg,IMG_04,UNDEFINEDnull,UNDEFINEDnull,UNDEFINEDnull,UNDEFINEDnull,,,,,
edf50,30,English,sentence_audio,passive,10674.0,4206.0,350.5,12.0,816.5416666666665,533.5333333333333,4406.0,4026,4,5918.0,0.9137539718565592,10674.0,2.2525,12.0,118.26538461538463,46.615384615384606,1.1242270938729624,exp_images/audio\ENGLISH\p_tabla.wav,IMG_11_E_PWA,exp_images/images/child_play_tabla.jpg,IMG_11,exp_images/sentences/passive_child_tabla.jpg,STIM_83,stimuli_list_subj_2_a.csv,PWA,passive_with_agent,non_agent_first,agent_overt,1.0,0.0
edf50,31,English,sentence_audio,passive_dropped_agent,11125.0,3839.0,319.9166666666667,12.0,930.0083333333333,425.325,4063.0,3801,4,6132.0,0.9355156288456804,11125.0,1.975833333333333,12.0,104.77416666666666,77.5,1.0786516853932584,exp_images/audio\ENGLISH\p_woa_draw.wav,IMG_07_E_PNA,exp_images/images/artiste_drew_picture.jpg,IMG_07,exp_images/sentences/noagent_artist_picture.jpg,STIM_97,stimuli_list_subj_2_a.csv,PNA,passive_dropped_agent,non_agent_first,agent_dropped,1.0,1.0
edf50,32,English,sentence_audio,passive_dropped_agent,10461.0,2906.0,322.8888888888889,9.0,905.4444444444445,540.2111111111112,3073.0,2591,4,5469.0,0.8431500162707452,10461.0,2.26,10.0,142.60500000000005,193.2,0.9559315553006404,exp_images/audio\ENGLISH\p_woa_cake.wav,IMG_15_E_PNA,exp_images/images/girl_baked_cake.jpg,IMG_15,exp_images/sentences/noagent_girl_cake.jpg,STIM_105,stimuli_list_subj_2_a.csv,PNA,passive_dropped_agent,non_agent_first,agent_dropped,1.0,1.0
edf50,33,English,sentence_audio,passive_dropped_agent,10530.0,3290.0,193.52941176470588,17.0,1133.8764705882354,563.0588235294118,3772.0,3642,4,5852.0,0.9655355249204666,10530.0,1.8811111111111112,18.0,96.76111111111112,69.66666666666667,1.7094017094017095,exp_images/audio\ENGLISH\p_woa_window.wav,IMG_02_E_PNA,exp_images/images/girl_opened_window.jpg,IMG_02,exp_images/sentences/noagent_girl_window.jpg,STIM_92,stimuli_list_subj_2_a.csv,PNA,passive_dropped_agent,non_agent_first,agent_dropped,1.0,1.0
edf50,34,Punjabi,sentence_audio,active,10622.0,3392.0,308.3636363636364,11.0,885.5272727272729,744.6818181818181,3559.0,1362,4,5832.0,0.3826917673503793,10622.0,2.71,11.0,195.50454545454548,130.36363636363637,1.035586518546413,exp_images/audio\PUNJABI\fed.wav,IMG_16_P_ACT,exp_images/images/girl_fed_dog.jpg,IMG_16,exp_images/sentences/Fed-dog.jpg,STIM_16,stimuli_list_subj_2_a.csv,ACT,active,agent_first,agent_overt,0.0,
edf50,35,Punjabi,sentence_audio,active,11123.0,3459.0,266.0769230769231,13.0,801.3692307692309,908.9461538461541,3671.0,2701,2,6534.0,0.7357668210296922,11123.0,3.1830769230769227,13.0,191.63846153846157,101.69230769230771,1.1687494381012318,exp_images/audio\PUNJABI\veg.wav,IMG_18_P_ACT,exp_images/images/boy_cut_vegetables.jpg,IMG_18,exp_images/sentences/Veg.jpg,STIM_18,stimuli_list_subj_2_a.csv,ACT,active,agent_first,agent_overt,0.0,
edf50,36,Punjabi,sentence_audio,active,11028.0,3834.0,239.625,16.0,914.50625,529.33125,3998.0,3998,3,6036.0,1.0,11028.0,1.5562500000000004,16.0,86.965,62.125,1.4508523757707652,exp_images/audio\PUNJABI\vase.wav,IMG_08_P_ACT,exp_images/images/boy_broke_vase.jpg,IMG_08,exp_images/sentences/Vase.jpg,STIM_08,stimuli_list_subj_2_a.csv,ACT,active,agent_first,agent_overt,0.0,
edf50,4,,free_viewing,,5986.0,3388.0,242.0,14.0,899.8214285714287,543.4357142857142,3546.0,3546,5,994.0,1.0,5986.0,2.18,15.0,155.78466666666668,97.6,2.505846976277982,UNDEFINEDnull,UNDEFINEDnull,exp_images/images/girl_opened_window.jpg,IMG_02,UNDEFINEDnull,UNDEFINEDnull,UNDEFINEDnull,UNDEFINEDnull,,,,,
edf50,5,,free_viewing,,6041.0,3901.0,278.64285714285717,14.0,811.4428571428572,680.7785714285714,3915.0,3057,4,1048.0,0.7808429118773946,6041.0,2.3821428571428576,14.0,168.15642857142856,77.0,2.317497103128621,UNDEFINEDnull,UNDEFINEDnull,exp_images/images/child_play_tabla.jpg,IMG_11,UNDEFINEDnull,UNDEFINEDnull,UNDEFINEDnull,UNDEFINEDnull,,,,,
edf50,6,,free_viewing,,5901.0,3905.0,260.3333333333333,15.0,967.3266666666664,642.2733333333333,4072.0,3919,2,909.0,0.9624263261296658,5901.0,3.1993333333333336,15.0,125.27,61.33333333333334,2.541942043721403,UNDEFINEDnull,UNDEFINEDnull,exp_images/images/driver_wash_scooter.jpg,IMG_14,UNDEFINEDnull,UNDEFINEDnull,UNDEFINEDnull,UNDEFINEDnull,,,,,
edf50,7,,free_viewing,,5828.0,3928.0,357.09090909090907,11.0,875.9909090909091,748.1909090909091,4089.0,1663,4,835.0,0.4067009048667156,5828.0,2.9209090909090905,11.0,125.68454545454546,82.18181818181819,1.887439945092656,UNDEFINEDnull,UNDEFINEDnull,exp_images/images/girl_fed_dog.jpg,IMG_16,UNDEFINEDnull,UNDEFINEDnull,UNDEFINEDnull,UNDEFINEDnull,,,,,
edf50,8,,free_viewing,,6111.0,3105.0,3105.0,1.0,942.9,598.1,4792.0,4792,1,1119.0,1.0,6111.0,1.59,1.0,393.49,200.0,0.16363933889707086,UNDEFINEDnull,UNDEFINEDnull,exp_images/images/boy_filled_bucket.jpg,IMG_09,UNDEFINEDnull,UNDEFINEDnull,UNDEFINEDnull,UNDEFINEDnull,,,,,
edf50,9,,free_viewing,,5776.0,3022.0,215.85714285714286,14.0,901.5214285714287,652.7714285714286,3286.0,2576,3,1384.0,0.7839318320146075,5776.0,2.955625,16.0,218.813125,111.25,2.770083102493075,UNDEFINEDnull,UNDEFINEDnull,exp_images/images/women_read_letter.jpg,IMG_17,UNDEFINEDnull,UNDEFINEDnull,UNDEFINEDnull,UNDEFINEDnull,,,,,
edf11,10,,free_viewing,,,,,,,,4993.0,4993,1,1115.0,1.0,,,,,,,UNDEFINEDnull,UNDEFINEDnull,exp_images/images/girl_fed_dog.jpg,IMG_16,UNDEFINEDnull,UNDEFINEDnull,UNDEFINEDnull,UNDEFINEDnull,,,,,
edf11,33,Punjabi,sentence_audio,passive_dropped_agent,,,,,,,4992.0,4992,1,5978.0,1.0,,,,,,,exp_images/audio\PUNJABI\p_woa_window.wav,IMG_02_P_PNA,exp_images/images/girl_opened_window.jpg,IMG_02,exp_images/sentences/Window-woa.jpg,STIM_38,stimuli_list_subj_11_a.csv,PNA,passive_dropped_agent,non_agent_first,agent_dropped,1.0,1.0
edf13,33,English,sentence_audio,passive,,,,,,,4992.0,4992,1,5712.0,1.0,,,,,,,exp_images/audio\ENGLISH\p_cake.wav,IMG_15_E_PWA,exp_images/images/girl_baked_cake.jpg,IMG_15,exp_images/sentences/passive_girl_cake.jpg,STIM_87,stimuli_list_subj_1_b.csv,PWA,passive_with_agent,non_agent_first,agent_overt,1.0,0.0
edf13,34,English,sentence_audio,passive_dropped_agent,,,,,,,4992.0,4992,1,5806.0,1.0,,,,,,,exp_images/audio\ENGLISH\p_woa_clothes.wav,IMG_06_E_PNA,exp_images/images/women_fold_clothes.jpg,IMG_06,exp_images/sentences/noagent_woman_clothes.jpg,STIM_96,stimuli_list_subj_1_b.csv,PNA,passive_dropped_agent,non_agent_first,agent_dropped,1.0,1.0
edf26,28,English,sentence_audio,passive,,,,,,,164.0,0,0,,0.0,10678.0,26.45,2.0,916.69,2613.0,0.18730099269526126,exp_images/audio\ENGLISH\p_dug.wav,IMG_13_E_PWA,exp_images/images/dog_dug_hole.jpg,IMG_13,exp_images/sentences/passive_dog_hole.jpg,STIM_85,stimuli_list_subj_2_a.csv,PWA,passive_with_agent,non_agent_first,agent_overt,1.0,0.0
edf36,1,,free_viewing,,,,,,,,4993.0,4993,1,1039.0,1.0,,,,,,,UNDEFINEDnull,UNDEFINEDnull,exp_images/images/driver_wash_scooter.jpg,IMG_14,UNDEFINEDnull,UNDEFINEDnull,UNDEFINEDnull,UNDEFINEDnull,,,,,
