participant_id,trial_id,language,session_type,sentence_type,fixation_trial_length_ms,fixation_total_fixation_duration,fixation_mean_fixation_duration,fixation_fixation_count,fixation_mean_fixation_x,fixation_mean_fixation_y,interest_area_trial_length_ms,interest_area_total_interest_area_dwell_time,interest_area_total_interest_area_entry_count,interest_area_min_time_to_first_fixation,interest_area_interest_area_dwell_time_normalized,saccade_trial_length_ms,saccade_mean_saccade_amplitude,saccade_saccade_count,saccade_mean_saccade_velocity,saccade_mean_saccade_duration,saccade_saccade_rate
edf01,1,,free_viewing,,6020.0,4282.0,356.8333333333333,12.0,851.5999999999999,566.4499999999999,4582.0,4582,6,1030.0,1.0,6020.0,3.376666666666667,12.0,91.26499999999999,34.0,1.993355481727575
edf01,10,,free_viewing,,6125.0,4327.0,309.07142857142856,14.0,910.9285714285713,593.9785714285715,4575.0,4575,5,1132.0,1.0,6125.0,2.782142857142857,14.0,82.73357142857142,29.857142857142858,2.2857142857142856
edf01,11,,free_viewing,,6095.0,4223.0,301.64285714285717,14.0,804.3214285714284,666.6999999999999,4475.0,3817,5,1102.0,0.8529608938547486,6095.0,2.7935714285714286,14.0,90.23285714285716,37.0,2.2969647251845777
edf01,12,,free_viewing,,6045.0,4475.0,406.8181818181818,11.0,881.318181818182,680.8818181818183,4657.0,3236,4,1052.0,0.6948679407343784,6045.0,3.357272727272728,11.0,89.06181818181818,30.545454545454547,1.8196856906534327
edf01,13,,free_viewing,,5812.0,4276.0,328.9230769230769,13.0,895.176923076923,694.7384615384615,4512.0,2722,4,820.0,0.6032801418439716,5812.0,2.8453846153846163,13.0,89.03615384615385,36.92307692307692,2.236751548520303
edf01,14,,free_viewing,,5757.0,4649.0,387.4166666666667,12.0,932.2416666666667,534.5666666666666,4665.0,4229,3,764.0,0.9065380493033226,5757.0,2.0691666666666664,12.0,69.58166666666666,27.333333333333332,2.084418968212611
edf01,15,,free_viewing,,5710.0,4446.0,494.0,9.0,1001.8666666666668,850.4666666666667,4714.0,4714,2,718.0,1.0,5710.0,2.631111111111111,9.0,81.63555555555556,30.88888888888889,1.5761821366024518
edf01,16,,free_viewing,,6040.0,4310.0,307.85714285714283,14.0,952.4642857142856,363.8571428571428,4534.0,4344,4,1048.0,0.9580943978826643,6040.0,3.031428571428571,14.0,81.04428571428572,32.714285714285715,2.3178807947019866
edf01,17,,free_viewing,,6136.0,4424.0,402.1818181818182,11.0,883.0454545454545,427.90000000000003,4673.0,4673,5,1143.0,1.0,6136.0,2.7572727272727273,11.0,79.91,29.09090909090909,1.7926988265971318
edf01,18,,free_viewing,,5757.0,4285.0,389.54545454545456,11.0,1017.8181818181816,550.5363636363637,4559.0,4317,5,764.0,0.9469181838122396,5757.0,2.2763636363636364,11.0,87.36636363636363,39.45454545454545,1.9107173875282266
edf01,19,Punjabi,sentence_audio,active,10523.0,4441.0,888.2,5.0,1035.74,559.2,4833.0,4833,3,5530.0,1.0,10523.0,2.8760000000000003,5.0,85.38199999999999,32.0,0.4751496721467262
edf01,2,,free_viewing,,5833.0,4313.0,431.3,10.0,876.4399999999999,622.5,4705.0,4705,4,840.0,1.0,5833.0,2.367,10.0,75.407,28.8,1.7143836790673752
edf01,20,Punjabi,sentence_audio,active,11049.0,4515.0,564.375,8.0,943.75,462.15,4726.0,4726,5,6057.0,1.0,11049.0,1.88625,8.0,88.41874999999999,33.25,0.7240474251063445
edf01,21,Punjabi,sentence_audio,active,10744.0,4438.0,634.0,7.0,943.4571428571428,706.6714285714286,4616.0,4438,1,6162.0,0.9614384748700173,10744.0,2.795,8.0,135.28625,47.25,0.7446016381236039
edf01,22,Punjabi,sentence_audio,passive,10317.0,4155.0,461.6666666666667,9.0,940.1111111111111,423.8999999999999,4217.0,4217,5,5324.0,1.0,10317.0,1.9366666666666665,9.0,180.08444444444444,86.22222222222223,0.8723466123873219
edf01,23,Punjabi,sentence_audio,passive,10772.0,4182.0,1045.5,4.0,930.45,461.07499999999993,4832.0,4832,3,5780.0,1.0,10772.0,3.9250000000000003,4.0,94.45750000000001,40.0,0.37133308577794283
edf01,24,Punjabi,sentence_audio,passive,10554.0,4154.0,415.4,10.0,912.8,440.01999999999987,4452.0,4452,5,5562.0,1.0,10554.0,3.5510000000000006,10.0,131.74400000000003,54.0,0.9475080538184575
edf01,25,Punjabi,sentence_audio,passive_dropped_agent,10864.0,4400.0,550.0,8.0,1087.8500000000001,390.17500000000007,4658.0,4658,6,5872.0,1.0,10864.0,2.6612499999999994,8.0,100.185,41.75,0.7363770250368188
edf01,26,Punjabi,sentence_audio,passive_dropped_agent,10411.0,4413.0,630.4285714285714,7.0,908.4857142857143,582.3,4669.0,4305,5,5418.0,0.9220389805097451,10411.0,3.6142857142857143,7.0,110.32428571428571,46.285714285714285,0.6723657669772356
edf01,27,Punjabi,sentence_audio,passive_dropped_agent,11145.0,4247.0,353.9166666666667,12.0,848.6416666666668,403.01666666666665,4425.0,3761,6,6152.0,0.8499435028248588,11145.0,1.8858333333333335,12.0,174.32083333333333,47.333333333333336,1.0767160161507403
edf01,28,English,sentence_audio,active,11082.0,4372.0,546.5,8.0,817.6625,615.15,4566.0,3998,3,6090.0,0.8756022777047744,11082.0,2.605,8.0,116.80375000000001,53.25,0.7218913553510197
edf01,29,English,sentence_audio,active,10430.0,4402.0,628.8571428571429,7.0,873.9285714285714,309.1571428571429,4691.0,4402,3,5762.0,0.9383926668087827,10430.0,2.545714285714286,7.0,221.64000000000004,43.142857142857146,0.6711409395973155
edf01,3,,free_viewing,,6032.0,4388.0,487.55555555555554,9.0,1047.0666666666666,630.8222222222222,4675.0,4675,2,1039.0,1.0,6032.0,2.1,9.0,75.93666666666667,35.333333333333336,1.4920424403183024
edf01,30,English,sentence_audio,active,10254.0,4362.0,436.2,10.0,883.3800000000001,469.66,4578.0,4158,3,5514.0,0.908256880733945,10254.0,3.338,10.0,132.02000000000004,41.4,0.9752291788570314
edf01,31,English,sentence_audio,passive,10196.0,4460.0,446.0,10.0,1005.71,321.69,4711.0,4711,3,5203.0,1.0,10196.0,2.2809999999999997,10.0,72.544,28.2,0.9807767752059632
edf01,32,English,sentence_audio,passive,10912.0,4486.0,747.6666666666666,6.0,971.6,636.0333333333333,4784.0,4692,1,5920.0,0.9807692307692307,10912.0,1.18,6.0,68.71666666666665,34.666666666666664,0.5498533724340176
edf01,33,English,sentence_audio,passive,10400.0,4422.0,442.2,10.0,1095.98,499.53999999999996,4653.0,4422,5,5674.0,0.950354609929078,10400.0,3.528,10.0,94.479,34.0,0.9615384615384615
edf01,34,English,sentence_audio,passive_dropped_agent,10936.0,4620.0,924.0,5.0,915.82,621.76,4800.0,3500,3,5944.0,0.7291666666666666,10936.0,2.5580000000000003,5.0,80.208,38.4,0.45720555961960496
edf01,35,English,sentence_audio,passive_dropped_agent,10851.0,4336.0,361.3333333333333,12.0,1063.8083333333334,603.8333333333334,4514.0,3680,4,6074.0,0.8152414709791759,10851.0,4.505384615384615,13.0,99.97384615384614,38.15384615384615,1.1980462630172333
edf01,36,English,sentence_audio,passive_dropped_agent,10826.0,3818.0,763.6,5.0,973.0600000000001,506.94000000000005,3836.0,3836,1,5834.0,1.0,10826.0,2.7960000000000003,5.0,240.42,231.2,0.46185109920561607
edf01,4,,free_viewing,,5654.0,4344.0,334.15384615384613,13.0,1026.6076923076923,460.5846153846154,4585.0,3884,3,928.0,0.8471101417666304,5654.0,2.927692307692308,13.0,83.85384615384615,31.384615384615383,2.2992571630703926
edf01,5,,free_viewing,,5837.0,4203.0,280.2,15.0,1041.7066666666665,532.3533333333332,4540.0,4540,3,845.0,1.0,5837.0,2.936666666666666,15.0,85.16933333333334,30.133333333333333,2.569813260236423
edf01,6,,free_viewing,,5800.0,4352.0,435.2,10.0,859.18,482.87,4725.0,3653,2,807.0,0.7731216931216931,5800.0,1.9849999999999999,10.0,66.613,26.8,1.7241379310344829
edf01,7,,free_viewing,,5816.0,4206.0,350.5,12.0,934.5833333333334,579.8083333333333,4495.0,4495,3,823.0,1.0,5816.0,2.4316666666666666,12.0,116.89999999999999,41.5,2.063273727647868
edf01,8,,free_viewing,,5942.0,4304.0,307.42857142857144,14.0,1026.3,583.6071428571429,4574.0,4304,4,1252.0,0.9409707039790118,5942.0,2.7464285714285714,14.0,84.01000000000002,29.857142857142858,2.356109054190508
edf01,9,,free_viewing,,5883.0,4445.0,444.5,10.0,807.0199999999999,614.1899999999998,4698.0,4445,3,1176.0,0.9461472967220094,5883.0,2.502,10.0,73.57,29.4,1.6998130205677375
edf02,1,,free_viewing,,5693.0,4230.0,282.0,15.0,923.5666666666665,713.5800000000002,4511.0,3597,6,699.0,0.7973841720239415,5693.0,2.9526666666666666,15.0,79.01,32.13333333333333,2.6348146847005096
edf02,10,,free_viewing,,5962.0,4192.0,698.6666666666666,6.0,916.1833333333334,403.8999999999999,4492.0,4492,4,970.0,1.0,5962.0,3.731666666666667,6.0,246.67333333333332,83.33333333333333,1.0063737001006374
edf02,11,,free_viewing,,6045.0,2915.0,182.1875,16.0,936.1562499999999,488.375,4198.0,4050,3,1053.0,0.9647451167222487,6045.0,1.2749999999999997,16.0,102.88375,49.625,2.6468155500413566
edf02,12,,free_viewing,,5674.0,4104.0,228.0,18.0,892.7055555555555,602.9777777777776,4204.0,3742,5,1076.0,0.890104662226451,5674.0,3.222105263157894,19.0,84.63315789473684,47.05263157894737,3.3486076841734222
edf02,13,,free_viewing,,6091.0,4314.0,359.5,12.0,878.2750000000001,449.3666666666666,4565.0,4565,3,1099.0,1.0,6091.0,1.2338461538461536,13.0,71.05461538461539,34.30769230769231,2.134296503037268
edf02,14,,free_viewing,,6086.0,4170.0,297.85714285714283,14.0,917.0285714285716,426.6928571428571,4399.0,4399,3,1095.0,1.0,6086.0,2.324,15.0,113.55,40.8,2.464673020046007
edf02,15,,free_viewing,,5676.0,3994.0,234.94117647058823,17.0,875.0882352941178,706.4411764705883,4204.0,2544,6,812.0,0.6051379638439581,5676.0,3.032222222222222,18.0,94.86722222222222,47.22222222222222,3.171247357293869
edf02,16,,free_viewing,,6021.0,4097.0,215.6315789473684,19.0,812.821052631579,422.06315789473683,4247.0,4055,8,1028.0,0.9547916176124323,6021.0,2.5136842105263155,19.0,110.07263157894738,39.26315789473684,3.1556219897027074
edf02,17,,free_viewing,,6043.0,4072.0,226.22222222222223,18.0,863.161111111111,479.4055555555555,4282.0,3480,5,1050.0,0.812704343764596,6043.0,2.0521052631578947,19.0,79.03631578947366,38.31578947368421,3.144133708422969
edf02,18,,free_viewing,,5859.0,4145.0,592.1428571428571,7.0,933.2571428571428,683.9857142857143,4403.0,4145,3,1172.0,0.941403588462412,5859.0,2.152857142857143,7.0,214.34857142857143,84.0,1.1947431302270013
edf02,19,Punjabi,sentence_audio,passive,11187.0,4148.0,460.8888888888889,9.0,961.6111111111111,474.5222222222222,4406.0,4406,3,6194.0,1.0,11187.0,1.566,10.0,141.452,59.8,0.8938946992044338
edf02,2,,free_viewing,,5790.0,4120.0,274.6666666666667,15.0,931.0666666666667,564.4399999999999,4405.0,4120,3,1110.0,0.9353007945516458,5790.0,1.5859999999999999,15.0,77.92533333333333,39.06666666666667,2.5906735751295336
edf02,20,Punjabi,sentence_audio,passive,10494.0,4150.0,377.27272727272725,11.0,945.9818181818181,460.5,4326.0,4326,5,5502.0,1.0,10494.0,1.3645454545454545,11.0,151.22545454545454,60.54545454545455,1.0482180293501049
edf02,21,Punjabi,sentence_audio,passive,10559.0,4025.0,365.90909090909093,11.0,900.0818181818181,516.8636363636364,4375.0,4041,4,5566.0,0.9236571428571428,10559.0,1.2254545454545456,11.0,89.3009090909091,56.18181818181818,1.0417653186854816
edf02,22,Punjabi,sentence_audio,passive_dropped_agent,10403.0,4313.0,431.3,10.0,860.1599999999999,514.5699999999999,4538.0,4398,4,5411.0,0.9691494050242397,10403.0,2.0780000000000003,10.0,119.306,45.4,0.9612611746611553
edf02,23,Punjabi,sentence_audio,passive_dropped_agent,10300.0,4308.0,538.5,8.0,762.5749999999999,461.52500000000003,4478.0,4478,3,5308.0,1.0,10300.0,1.9962500000000003,8.0,104.67999999999999,64.25,0.7766990291262136
edf02,24,Punjabi,sentence_audio,passive_dropped_agent,10333.0,4271.0,251.23529411764707,17.0,903.3823529411766,519.7117647058824,4510.0,4262,3,5341.0,0.9450110864745012,10333.0,1.8429411764705879,17.0,59.95705882352941,28.352941176470587,1.645214361753605
edf02,25,English,sentence_audio,active,10355.0,4389.0,877.8,5.0,1022.5,369.25999999999993,4618.0,4295,3,5363.0,0.9300563014291902,10355.0,1.282,5.0,149.064,74.8,0.48285852245292127
edf02,26,English,sentence_audio,active,10337.0,4059.0,225.5,18.0,815.3666666666668,603.8833333333332,4224.0,3420,7,5345.0,0.8096590909090909,10337.0,3.5433333333333334,18.0,110.43444444444444,42.666666666666664,1.7413175969817163
edf02,27,English,sentence_audio,active,11091.0,4663.0,666.1428571428571,7.0,890.6142857142858,534.2857142857143,4838.0,4838,3,6097.0,1.0,11091.0,1.2028571428571426,7.0,53.798571428571435,22.285714285714285,0.6311423676855108
edf02,28,English,sentence_audio,passive,10163.0,4203.0,467.0,9.0,985.6555555555553,667.9999999999999,4326.0,3366,5,5171.0,0.7780859916782247,10163.0,1.6577777777777778,9.0,79.77666666666667,74.0,0.885565285840795
edf02,29,English,sentence_audio,passive,10976.0,3936.0,281.14285714285717,14.0,1006.1857142857143,515.8928571428572,4132.0,3144,3,6216.0,0.7608906098741529,10976.0,2.3335714285714286,14.0,126.87357142857142,61.42857142857143,1.2755102040816326
edf02,3,,free_viewing,,5973.0,4105.0,293.2142857142857,14.0,946.9071428571427,446.64285714285705,4266.0,3778,5,981.0,0.8856071261134553,5973.0,1.7992857142857144,14.0,122.07928571428572,51.857142857142854,2.343880796919471
edf02,30,English,sentence_audio,passive,10732.0,4288.0,476.44444444444446,9.0,865.0333333333334,455.1000000000001,4452.0,3546,2,6100.0,0.7964959568733153,10732.0,1.2133333333333334,9.0,106.12666666666667,60.0,0.8386134923592994
edf02,31,English,sentence_audio,passive_dropped_agent,10678.0,4260.0,426.0,10.0,892.4699999999999,378.73,4425.0,4425,4,5685.0,1.0,10678.0,2.581,10.0,124.98300000000002,56.8,0.9365049634763064
edf02,32,English,sentence_audio,passive_dropped_agent,10649.0,4397.0,549.625,8.0,891.6375,544.5500000000001,4604.0,2710,3,5900.0,0.5886185925282363,10649.0,1.8325,8.0,145.2175,48.5,0.7512442482862242
edf02,33,English,sentence_audio,passive_dropped_agent,11006.0,4136.0,517.0,8.0,953.2125,476.76250000000005,4340.0,4140,5,6014.0,0.9539170506912442,11006.0,3.2437499999999995,8.0,183.8375,81.5,0.7268762493185535
edf02,34,Punjabi,sentence_audio,active,11107.0,4118.0,514.75,8.0,961.85,917.6874999999999,4340.0,3686,3,6252.0,0.8493087557603687,11107.0,4.247999999999999,10.0,160.43,76.4,0.9003331232556047
edf02,35,Punjabi,sentence_audio,active,10395.0,4465.0,744.1666666666666,6.0,916.8166666666666,657.3499999999999,4673.0,4673,3,5404.0,1.0,10395.0,1.51,6.0,145.91166666666666,53.0,0.5772005772005773
edf02,36,Punjabi,sentence_audio,active,11092.0,3252.0,3252.0,1.0,968.2,372.6,4657.0,4657,1,6099.0,1.0,11092.0,6.02,1.0,621.21,336.0,0.09015506671474936
edf02,4,,free_viewing,,6088.0,4292.0,330.15384615384613,13.0,956.446153846154,492.65384615384625,4464.0,2722,3,1294.0,0.6097670250896058,6088.0,1.942307692307692,13.0,99.67,40.61538461538461,2.135348226018397
edf02,5,,free_viewing,,5992.0,3972.0,441.3333333333333,9.0,868.7111111111112,501.0444444444444,4374.0,4374,5,1184.0,1.0,5992.0,1.89,10.0,163.69299999999998,69.0,1.6688918558077437
edf02,6,,free_viewing,,6127.0,4247.0,303.35714285714283,14.0,990.1999999999999,505.75714285714287,4440.0,4253,2,1135.0,0.9578828828828829,6127.0,1.082142857142857,14.0,79.62357142857142,39.42857142857143,2.2849681736575813
edf02,7,,free_viewing,,5698.0,4002.0,210.6315789473684,19.0,979.6315789473684,544.1421052631578,4224.0,2828,5,962.0,0.6695075757575758,5698.0,2.8805263157894743,19.0,96.88157894736844,40.421052631578945,3.334503334503334
edf02,8,,free_viewing,,5699.0,4283.0,356.9166666666667,12.0,863.8833333333333,470.29166666666674,4520.0,3799,4,707.0,0.8404867256637168,5699.0,1.3358333333333332,12.0,105.85583333333334,39.333333333333336,2.105632567117038
edf02,9,,free_viewing,,5892.0,4072.0,214.31578947368422,19.0,926.1368421052631,560.3526315789474,4253.0,4253,4,899.0,1.0,5892.0,2.318947368421053,19.0,89.18473684210528,38.94736842105263,3.224711473183978
edf03,1,,free_viewing,,6038.0,4418.0,401.6363636363636,11.0,1004.3090909090909,382.94545454545454,4679.0,4679,3,1047.0,1.0,6038.0,2.2827272727272727,11.0,69.42272727272727,28.363636363636363,1.82179529645578
edf03,10,,free_viewing,,5832.0,3674.0,244.93333333333334,15.0,890.0200000000001,540.5066666666667,3914.0,3404,5,840.0,0.8696985181400102,5832.0,3.1973333333333334,15.0,171.45866666666663,71.86666666666666,2.57201646090535
edf03,11,,free_viewing,,5661.0,4101.0,241.23529411764707,17.0,798.7117647058824,583.635294117647,4337.0,2635,7,1198.0,0.6075628314503113,5661.0,4.344117647058824,17.0,104.75823529411763,38.588235294117645,3.0030030030030033
edf03,12,,free_viewing,,5905.0,4347.0,334.38461538461536,13.0,882.4769230769232,356.6076923076923,4602.0,4602,3,913.0,1.0,5905.0,2.5230769230769234,13.0,75.31384615384616,30.0,2.201524132091448
edf03,13,,free_viewing,,5709.0,4343.0,334.0769230769231,13.0,947.9846153846154,683.7461538461539,4575.0,3655,6,716.0,0.7989071038251366,5709.0,2.6976923076923076,13.0,77.14307692307692,32.15384615384615,2.277106323349098
edf03,14,,free_viewing,,6016.0,4170.0,260.625,16.0,811.4812500000002,482.83125000000007,4216.0,3550,4,1024.0,0.8420303605313093,6016.0,2.6125,16.0,121.705625,48.5,2.6595744680851063
edf03,15,,free_viewing,,5803.0,4375.0,364.5833333333333,12.0,796.7083333333334,496.52500000000003,4633.0,4179,4,1098.0,0.9020073386574574,5803.0,2.6025,12.0,73.46499999999999,30.0,2.067895915905566
edf03,16,,free_viewing,,5787.0,4232.0,282.1333333333333,15.0,879.9333333333335,520.2799999999999,4490.0,1866,7,1314.0,0.4155902004454343,5787.0,2.7718749999999996,16.0,77.995,32.125,2.764817694833247
edf03,17,,free_viewing,,6080.0,4154.0,276.93333333333334,15.0,916.0133333333332,424.53999999999996,4434.0,3846,8,1088.0,0.8673883626522327,6080.0,4.028,15.0,95.78133333333332,37.2,2.4671052631578947
edf03,18,,free_viewing,,5841.0,4106.0,315.84615384615387,13.0,915.8846153846154,372.37692307692305,4346.0,3660,9,1128.0,0.8421537045559134,5841.0,3.6964285714285716,14.0,117.0542857142857,47.0,2.396849854476973
edf03,19,Punjabi,sentence_audio,passive_dropped_agent,10357.0,4357.0,335.15384615384613,13.0,926.0769230769231,385.34615384615375,4608.0,4608,3,5365.0,1.0,10357.0,2.184615384615385,13.0,67.90153846153846,29.53846153846154,1.255189726754852
edf03,2,,free_viewing,,5813.0,4299.0,358.25,12.0,879.7333333333331,546.8166666666667,4588.0,3401,4,1144.0,0.74128160418483,5813.0,3.561666666666666,12.0,90.13416666666666,33.666666666666664,2.0643385515224497
edf03,20,Punjabi,sentence_audio,passive_dropped_agent,10682.0,3810.0,293.0769230769231,13.0,868.3923076923076,383.6923076923077,4323.0,3865,7,5689.0,0.8940550543603979,10682.0,3.1369230769230763,13.0,134.77461538461537,51.53846153846154,1.217000561692567
edf03,21,Punjabi,sentence_audio,passive_dropped_agent,10456.0,4006.0,267.06666666666666,15.0,858.7866666666666,499.5200000000001,4212.0,4212,11,5464.0,1.0,10456.0,3.7953333333333337,15.0,123.42133333333335,52.0,1.434583014537108
edf03,22,English,sentence_audio,active,11005.0,4075.0,407.5,10.0,856.32,466.81000000000006,4258.0,3679,4,6224.0,0.8640206669798027,11005.0,2.567,10.0,125.822,73.4,0.9086778736937755
edf03,23,English,sentence_audio,active,10183.0,4031.0,310.0769230769231,13.0,783.0076923076923,412.8769230769231,4256.0,4061,8,5191.0,0.9541823308270677,10183.0,3.707692307692307,13.0,140.22538461538463,56.61538461538461,1.2766375331434745
edf03,24,English,sentence_audio,active,10656.0,4406.0,293.73333333333335,15.0,639.44,480.2733333333334,4482.0,4482,1,5664.0,1.0,10656.0,0.5599999999999999,15.0,45.18333333333333,34.0,1.4076576576576576
edf03,25,English,sentence_audio,passive,10316.0,3850.0,275.0,14.0,841.2071428571428,410.22142857142853,4108.0,3458,7,5324.0,0.8417721518987342,10316.0,4.04,14.0,134.77785714285716,63.142857142857146,1.3571151609150833
edf03,26,English,sentence_audio,passive,10716.0,3650.0,243.33333333333334,15.0,855.6133333333332,518.4066666666666,3855.0,3629,6,5723.0,0.9413748378728923,10716.0,3.2000000000000006,15.0,141.432,75.86666666666666,1.3997760358342666
edf03,27,English,sentence_audio,passive,10351.0,3620.0,190.52631578947367,19.0,634.5421052631579,476.7947368421052,3848.0,3848,1,5372.0,1.0,10351.0,0.7047619047619048,21.0,47.09095238095238,56.666666666666664,2.0287894889382665
edf03,28,English,sentence_audio,passive_dropped_agent,10627.0,4133.0,317.9230769230769,13.0,858.7461538461538,656.6384615384615,4318.0,3380,7,5635.0,0.7827698008337193,10627.0,2.921538461538461,13.0,103.33,51.84615384615385,1.2232991436905993
edf03,29,English,sentence_audio,passive_dropped_agent,10719.0,3791.0,180.52380952380952,21.0,627.0619047619048,480.8857142857144,3967.0,0,0,,0.0,10719.0,0.43142857142857144,21.0,47.99809523809524,48.857142857142854,1.9591379792891128
edf03,3,,free_viewing,,5875.0,4035.0,403.5,10.0,925.6899999999999,393.09000000000003,4554.0,4406,6,883.0,0.9675010979358806,5875.0,2.2250000000000005,10.0,106.63699999999999,43.8,1.702127659574468
edf03,30,English,sentence_audio,passive_dropped_agent,10994.0,3890.0,299.2307692307692,13.0,890.1307692307693,531.9769230769232,4189.0,3310,6,6324.0,0.7901647171162569,10994.0,3.5899999999999994,13.0,123.59384615384614,61.84615384615385,1.182463161724577
edf03,31,Punjabi,sentence_audio,active,11162.0,3786.0,236.625,16.0,831.31875,464.64375000000007,4061.0,3933,8,6169.0,0.9684806697857671,11162.0,4.60875,16.0,137.27117647058824,56.0,1.4334348683031715
edf03,32,Punjabi,sentence_audio,active,10563.0,4097.0,315.15384615384613,13.0,710.3615384615385,463.69230769230774,4440.0,914,2,5936.0,0.20585585585585586,10563.0,1.2353846153846153,13.0,66.81692307692308,42.46153846153846,1.230710972261668
edf03,33,Punjabi,sentence_audio,active,10627.0,4189.0,279.26666666666665,15.0,946.9066666666666,404.3466666666667,4337.0,3891,5,5634.0,0.8971639382061333,10627.0,2.994666666666667,15.0,99.42466666666665,43.733333333333334,1.4114990119506916
edf03,34,Punjabi,sentence_audio,passive,10783.0,4121.0,294.35714285714283,14.0,848.2214285714284,607.4142857142857,4331.0,3109,7,6028.0,0.7178480720387901,10783.0,2.977857142857143,14.0,112.33857142857143,47.285714285714285,1.2983399795975146
edf03,35,Punjabi,sentence_audio,passive,10785.0,3368.0,306.1818181818182,11.0,948.7727272727273,624.3363636363637,3591.0,3591,5,5793.0,1.0,10785.0,3.8449999999999993,12.0,172.9533333333333,118.33333333333333,1.1126564673157162
edf03,36,Punjabi,sentence_audio,passive,10256.0,3668.0,146.72,25.0,645.904,474.57200000000006,3903.0,3903,4,5263.0,1.0,10256.0,1.0776000000000001,25.0,67.9368,43.6,2.437597503900156
edf03,4,,free_viewing,,5956.0,4136.0,275.73333333333335,15.0,768.14,337.1333333333333,4405.0,4405,4,963.0,1.0,5956.0,3.7199999999999998,16.0,90.56125,37.875,2.6863666890530555
edf03,5,,free_viewing,,5880.0,4250.0,607.1428571428571,7.0,886.8571428571429,415.75714285714287,4530.0,3994,4,1184.0,0.8816777041942605,5880.0,1.8342857142857145,7.0,189.09571428571425,66.0,1.1904761904761905
edf03,6,,free_viewing,,6081.0,4223.0,301.64285714285717,14.0,938.0142857142856,684.9357142857142,4522.0,4522,6,1089.0,1.0,6081.0,3.3885714285714283,14.0,87.95785714285714,33.57142857142857,2.302252918927808
edf03,7,,free_viewing,,5713.0,4263.0,284.2,15.0,926.0799999999999,468.77333333333337,4527.0,4527,5,720.0,1.0,5713.0,2.723333333333333,15.0,76.26933333333334,31.066666666666666,2.625590757920532
edf03,8,,free_viewing,,6122.0,4432.0,492.44444444444446,9.0,927.9888888888888,483.36666666666656,4702.0,4702,5,1130.0,1.0,6122.0,3.1411111111111105,9.0,83.80000000000001,32.22222222222222,1.470107807905913
edf03,9,,free_viewing,,6016.0,4210.0,263.125,16.0,843.1374999999999,518.875,4432.0,4062,3,1024.0,0.9165162454873647,6016.0,3.4975,16.0,89.61,35.0,2.6595744680851063
edf04,1,,free_viewing,,5785.0,4403.0,440.3,10.0,1017.74,354.10999999999996,4650.0,4197,6,1076.0,0.9025806451612903,5785.0,3.3239999999999994,10.0,91.78799999999998,34.0,1.7286084701815039
edf04,10,,free_viewing,,5716.0,4184.0,321.84615384615387,13.0,966.4076923076923,479.88461538461536,4557.0,3971,5,723.0,0.8714066271669958,5716.0,3.5892307692307694,13.0,92.6353846153846,33.53846153846154,2.274317704688593
edf04,11,,free_viewing,,5669.0,4621.0,2310.5,2.0,943.5,378.5,4926.0,4926,1,677.0,1.0,5669.0,2.96,2.0,88.725,33.0,0.35279590756747226
edf04,12,,free_viewing,,6065.0,4268.0,284.53333333333336,15.0,879.56,625.1933333333333,4523.0,3417,6,1073.0,0.7554720318372762,6065.0,2.57125,16.0,79.31125,30.0,2.6380873866446826
edf04,13,,free_viewing,,5686.0,4266.0,387.8181818181818,11.0,935.8272727272725,539.9545454545455,4574.0,2664,6,1036.0,0.5824223874070835,5686.0,3.935454545454546,11.0,104.09454545454545,38.0,1.9345761519521631
edf04,14,,free_viewing,,5949.0,4477.0,639.5714285714286,7.0,1012.7142857142856,441.45714285714286,4806.0,4477,4,1312.0,0.9315439034540158,5949.0,2.2214285714285715,7.0,72.68857142857142,26.571428571428573,1.176668347621449
edf04,15,,free_viewing,,5845.0,4299.0,716.5,6.0,930.7666666666668,507.9333333333334,4760.0,4760,6,853.0,1.0,5845.0,3.686666666666667,6.0,96.19666666666667,38.666666666666664,1.0265183917878529
edf04,16,,free_viewing,,5954.0,4492.0,561.5,8.0,837.725,497.74999999999994,4761.0,4761,4,961.0,1.0,5954.0,2.0375,8.0,65.27,29.0,1.3436345314074571
edf04,17,,free_viewing,,6092.0,4210.0,382.72727272727275,11.0,975.9,421.3363636363636,4446.0,4446,3,1100.0,1.0,6092.0,1.7027272727272724,11.0,93.8690909090909,49.63636363636363,1.8056467498358504
edf04,18,,free_viewing,,5976.0,4336.0,361.3333333333333,12.0,951.4333333333333,511.24166666666673,4633.0,4633,5,983.0,1.0,5976.0,2.6016666666666666,12.0,78.52833333333335,30.0,2.0080321285140563
edf04,19,English,sentence_audio,active,10316.0,4386.0,398.72727272727275,11.0,935.1181818181819,513.1363636363636,4622.0,4198,3,5324.0,0.9082648204240589,10316.0,3.3872727272727277,11.0,87.62636363636364,33.63636363636363,1.0663047692904226
edf04,2,,free_viewing,,5887.0,4146.0,276.4,15.0,959.5800000000002,407.3066666666666,4431.0,4131,8,895.0,0.9322951929587001,5887.0,3.655625,16.0,95.223125,36.25,2.7178528962119928
edf04,20,English,sentence_audio,active,10720.0,4392.0,439.2,10.0,996.7000000000002,528.52,4622.0,4622,8,5728.0,1.0,10720.0,3.9669999999999996,10.0,106.999,37.0,0.9328358208955223
edf04,21,English,sentence_audio,active,10974.0,4376.0,364.6666666666667,12.0,969.2916666666666,424.7166666666667,4595.0,4197,7,5981.0,0.9133841131664853,10974.0,3.3641666666666663,12.0,95.68250000000002,33.166666666666664,1.0934937124111537
edf04,22,English,sentence_audio,passive,10742.0,4220.0,602.8571428571429,7.0,883.4571428571429,418.27142857142854,4670.0,4670,4,5750.0,1.0,10742.0,1.4142857142857144,7.0,108.4242857142857,46.0,0.6516477378514243
edf04,23,English,sentence_audio,passive,10465.0,3979.0,331.5833333333333,12.0,948.0750000000002,435.77500000000003,4265.0,3809,6,5472.0,0.8930832356389214,10465.0,4.270833333333334,12.0,145.34666666666666,60.666666666666664,1.1466794075489728
edf04,24,English,sentence_audio,passive,10942.0,4322.0,392.90909090909093,11.0,1011.081818181818,623.1818181818182,4576.0,4576,5,5950.0,1.0,10942.0,4.365454545454546,11.0,108.18090909090911,37.81818181818182,1.0053006762931822
edf04,25,English,sentence_audio,passive_dropped_agent,10268.0,4144.0,460.44444444444446,9.0,995.7000000000002,434.96666666666664,4648.0,4648,4,5276.0,1.0,10268.0,4.456666666666667,9.0,109.68666666666667,38.22222222222222,0.8765095442150369
edf04,26,English,sentence_audio,passive_dropped_agent,10589.0,4281.0,428.1,10.0,826.8699999999999,567.6000000000001,4624.0,4624,8,5597.0,1.0,10589.0,4.2490000000000006,10.0,110.526,36.8,0.9443762394938143
edf04,27,English,sentence_audio,passive_dropped_agent,10787.0,3941.0,281.5,14.0,930.6714285714285,470.6928571428571,4196.0,4196,9,5795.0,1.0,10787.0,5.1499999999999995,14.0,128.83214285714286,56.857142857142854,1.2978585334198571
edf04,28,Punjabi,sentence_audio,active,11141.0,4637.0,662.4285714285714,7.0,910.9714285714286,665.5142857142856,4789.0,3875,4,6148.0,0.8091459594904991,11141.0,2.3185714285714285,7.0,75.52428571428572,29.142857142857142,0.6283098465128804
edf04,29,Punjabi,sentence_audio,active,10477.0,4313.0,392.09090909090907,11.0,1086.081818181818,420.3272727272726,4520.0,4172,2,5485.0,0.9230088495575222,10477.0,3.209090909090909,11.0,100.36181818181818,42.90909090909091,1.0499188699055073
edf04,3,,free_viewing,,5990.0,4260.0,387.27272727272725,11.0,970.4727272727273,557.1636363636363,4573.0,4573,6,997.0,1.0,5990.0,4.356363636363637,11.0,106.51181818181817,38.18181818181818,1.8363939899833055
edf04,30,Punjabi,sentence_audio,active,10446.0,4312.0,431.2,10.0,869.5,486.89000000000004,4610.0,4312,7,5792.0,0.9353579175704989,10446.0,4.290000000000001,10.0,109.70299999999997,38.2,0.9573042312847023
edf04,31,Punjabi,sentence_audio,passive,10415.0,4311.0,287.4,15.0,911.9133333333334,400.56,4512.0,4512,5,5423.0,1.0,10415.0,3.1806666666666663,15.0,87.13266666666665,32.0,1.4402304368698993
edf04,32,Punjabi,sentence_audio,passive,11167.0,4417.0,401.54545454545456,11.0,910.5,464.05454545454546,4668.0,4256,5,6175.0,0.9117395029991431,11167.0,2.369090909090909,11.0,75.46090909090908,29.454545454545453,0.9850452225306707
edf04,33,Punjabi,sentence_audio,passive,10939.0,4343.0,434.3,10.0,1082.76,415.15999999999997,4685.0,4343,6,6324.0,0.9270010672358592,10939.0,2.75,10.0,84.96099999999998,30.8,0.9141603437242892
edf04,34,Punjabi,sentence_audio,passive_dropped_agent,10449.0,4075.0,291.07142857142856,14.0,929.9857142857142,690.5357142857143,4294.0,3534,4,5706.0,0.8230088495575221,10449.0,2.7278571428571428,14.0,107.31285714285715,49.857142857142854,1.3398411331227869
edf04,35,Punjabi,sentence_audio,passive_dropped_agent,10256.0,4450.0,370.8333333333333,12.0,989.2249999999999,728.2916666666665,4649.0,4649,4,5263.0,1.0,10256.0,2.7775000000000003,12.0,81.29166666666667,28.666666666666668,1.1700468018720749
edf04,36,Punjabi,sentence_audio,passive_dropped_agent,10522.0,4074.0,509.25,8.0,910.6125,458.15000000000003,4727.0,4727,4,5529.0,1.0,10522.0,2.98375,8.0,87.72125000000001,33.25,0.7603117278084014
edf04,4,,free_viewing,,5683.0,4347.0,310.5,14.0,1009.8857142857144,644.9714285714286,4605.0,4605,5,692.0,1.0,5683.0,2.337857142857143,14.0,72.86642857142859,27.571428571428573,2.4634875945803274
edf04,5,,free_viewing,,5874.0,4488.0,561.0,8.0,914.175,470.2875,4805.0,4805,3,881.0,1.0,5874.0,1.68875,8.0,62.44375,23.5,1.3619339462036093
edf04,6,,free_viewing,,5663.0,3975.0,1987.5,2.0,940.5,469.54999999999995,4941.0,4547,2,670.0,0.9202590568710788,5663.0,1.595,2.0,61.519999999999996,26.0,0.35316969803990816
edf04,7,,free_viewing,,5669.0,3707.0,3707.0,1.0,967.7,467.6,4967.0,4967,1,676.0,1.0,5669.0,1.79,1.0,67.28,26.0,0.17639795378373613
edf04,8,,free_viewing,,5643.0,4343.0,434.3,10.0,989.46,540.38,4641.0,4641,3,650.0,1.0,5643.0,3.7989999999999995,10.0,92.41900000000001,35.2,1.77210703526493
edf04,9,,free_viewing,,6009.0,4293.0,429.3,10.0,1002.5400000000002,573.2099999999999,4720.0,4720,5,1017.0,1.0,6009.0,2.0650000000000004,10.0,72.78900000000002,27.2,1.6641704110500914
edf05,1,,free_viewing,,6119.0,4318.0,431.8,10.0,1095.42,375.4,4652.0,4318,1,1502.0,0.9282029234737748,6119.0,1.1810000000000003,10.0,80.74600000000001,33.6,1.6342539630658606
edf05,10,,free_viewing,,5965.0,4057.0,368.8181818181818,11.0,1085.9636363636362,412.4454545454546,4352.0,4057,5,1298.0,0.9322150735294118,5965.0,2.679090909090909,11.0,122.30818181818182,58.18181818181818,1.8440905280804694
edf05,11,,free_viewing,,5969.0,4301.0,358.4166666666667,12.0,993.0666666666666,381.44166666666666,4541.0,4541,3,976.0,1.0,5969.0,2.779166666666667,12.0,101.21499999999999,37.666666666666664,2.010386999497403
edf05,12,,free_viewing,,5635.0,4061.0,338.4166666666667,12.0,928.9250000000001,469.02500000000003,4349.0,4349,3,742.0,1.0,5635.0,1.913076923076923,13.0,147.6130769230769,51.23076923076923,2.3070097604259097
edf05,13,,free_viewing,,6045.0,4191.0,349.25,12.0,914.3666666666667,643.9333333333334,4451.0,4191,3,1336.0,0.9415861604133903,6045.0,1.8791666666666667,12.0,123.42583333333336,45.166666666666664,1.9851116625310175
edf05,14,,free_viewing,,5836.0,4020.0,335.0,12.0,891.1500000000002,472.78333333333336,4279.0,4279,4,845.0,1.0,5836.0,2.535833333333333,12.0,141.60083333333333,59.333333333333336,2.05620287868403
edf05,15,,free_viewing,,5942.0,4172.0,347.6666666666667,12.0,928.1750000000002,622.7583333333333,4343.0,3875,6,949.0,0.8922403868293806,5942.0,2.7133333333333334,12.0,134.94833333333332,54.166666666666664,2.019522046449007
edf05,16,,free_viewing,,5979.0,4309.0,331.46153846153845,13.0,1049.2999999999997,503.5153846153847,4528.0,3908,5,987.0,0.8630742049469965,5979.0,2.613076923076923,13.0,98.22846153846154,35.69230769230769,2.1742766348887774
edf05,17,,free_viewing,,6042.0,3946.0,358.72727272727275,11.0,790.6272727272728,507.57272727272726,4216.0,4216,4,1050.0,1.0,6042.0,2.6554545454545457,11.0,150.25909090909093,70.54545454545455,1.8205892088712348
edf05,18,,free_viewing,,5808.0,4170.0,320.7692307692308,13.0,1035.0538461538463,670.1076923076923,4371.0,4371,4,815.0,1.0,5808.0,2.51,13.0,129.62846153846152,47.84615384615385,2.2382920110192837
edf05,19,English,sentence_audio,passive,11157.0,4326.0,360.5,12.0,1054.6333333333334,520.9333333333334,4335.0,4335,4,6163.0,1.0,11157.0,1.8325000000000005,12.0,153.19666666666663,54.833333333333336,1.0755579456843238
edf05,2,,free_viewing,,5754.0,4308.0,287.2,15.0,923.6199999999998,417.5466666666667,4633.0,4633,15,761.0,1.0,5754.0,1.4439999999999997,15.0,58.162000000000006,24.0,2.606882168925965
edf05,20,English,sentence_audio,passive,10586.0,3842.0,426.8888888888889,9.0,998.0222222222221,391.9666666666667,4137.0,4137,6,5593.0,1.0,10586.0,2.316,10.0,172.156,87.4,0.9446438692612885
edf05,21,English,sentence_audio,passive,10302.0,3784.0,315.3333333333333,12.0,920.6333333333336,491.25833333333327,4102.0,3784,3,5654.0,0.9224768405655778,10302.0,1.7191666666666663,12.0,152.6175,74.16666666666667,1.1648223645894002
edf05,22,English,sentence_audio,passive_dropped_agent,10818.0,4216.0,527.0,8.0,941.9625,350.0625,4383.0,4079,5,5825.0,0.9306411133926534,10818.0,1.51375,8.0,93.85875,76.25,0.7395082270290257
edf05,23,English,sentence_audio,passive_dropped_agent,10721.0,4223.0,422.3,10.0,887.1600000000001,425.96000000000004,4509.0,3976,7,5730.0,0.8817919716123309,10721.0,2.643,10.0,110.29400000000001,48.2,0.9327488107452663
edf05,24,English,sentence_audio,passive_dropped_agent,10344.0,3938.0,393.8,10.0,913.9,317.72,4411.0,4411,5,5353.0,1.0,10344.0,2.586,10.0,131.709,58.0,0.9667440061871617
edf05,25,Punjabi,sentence_audio,active,10328.0,3960.0,360.0,11.0,1079.0181818181818,381.57272727272726,4266.0,4236,5,5336.0,0.9929676511954993,10328.0,1.9645454545454542,11.0,143.80636363636364,66.0,1.0650658404337723
edf05,26,Punjabi,sentence_audio,active,10471.0,4117.0,457.44444444444446,9.0,860.3222222222223,427.23333333333335,4422.0,2310,5,5479.0,0.5223880597014925,10471.0,1.7622222222222224,9.0,131.80666666666667,63.333333333333336,0.8595167605768312
edf05,27,Punjabi,sentence_audio,active,10579.0,3977.0,284.07142857142856,14.0,926.0214285714285,368.0857142857143,4201.0,4003,12,5586.0,0.9528683646750774,10579.0,2.1171428571428574,14.0,107.90642857142858,56.57142857142857,1.3233765006144247
edf05,28,Punjabi,sentence_audio,passive,10999.0,4113.0,342.75,12.0,978.6583333333332,625.5916666666666,4300.0,2696,6,6007.0,0.6269767441860465,10999.0,2.1025,12.0,116.31833333333333,57.666666666666664,1.091008273479407
edf05,29,Punjabi,sentence_audio,passive,10516.0,4022.0,402.2,10.0,957.9699999999999,291.7099999999999,4470.0,2222,6,6006.0,0.4970917225950783,10516.0,2.968,10.0,106.904,52.2,0.9509319132750095
edf05,3,,free_viewing,,6066.0,4268.0,284.53333333333336,15.0,960.3533333333332,320.5133333333334,4547.0,4103,4,1073.0,0.9023531999120299,6066.0,2.523333333333333,15.0,80.15066666666668,29.733333333333334,2.472799208704253
edf05,30,Punjabi,sentence_audio,passive,10527.0,4321.0,432.1,10.0,863.97,472.10999999999996,4466.0,2862,4,5716.0,0.6408419167039857,10527.0,2.37,10.0,102.279,52.6,0.9499382540134892
edf05,31,Punjabi,sentence_audio,passive_dropped_agent,10675.0,4141.0,318.53846153846155,13.0,881.1461538461538,291.4230769230769,4356.0,4161,9,5683.0,0.9552341597796143,10675.0,3.2423076923076923,13.0,107.81615384615385,48.92307692307692,1.2177985948477752
edf05,32,Punjabi,sentence_audio,passive_dropped_agent,10789.0,4231.0,384.6363636363636,11.0,937.681818181818,431.51818181818186,4368.0,3395,4,5970.0,0.7772435897435898,10789.0,1.6445454545454545,11.0,112.43545454545455,56.72727272727273,1.019556956159051
edf05,33,Punjabi,sentence_audio,passive_dropped_agent,10504.0,4534.0,453.4,10.0,1002.5099999999999,353.84999999999997,4536.0,4372,5,5536.0,0.9638447971781305,10504.0,1.9300000000000002,10.0,93.01699999999998,45.6,0.952018278750952
edf05,34,English,sentence_audio,active,10511.0,4283.0,428.3,10.0,931.1000000000001,573.29,4512.0,3116,5,5519.0,0.6906028368794326,10511.0,2.478,10.0,105.48299999999999,48.0,0.9513842641042718
edf05,35,English,sentence_audio,active,10999.0,4119.0,316.84615384615387,13.0,990.5846153846154,583.1,4268.0,3483,4,6190.0,0.8160731021555764,10999.0,2.5015384615384613,13.0,106.96076923076923,55.69230769230769,1.181925629602691
edf05,36,English,sentence_audio,active,11043.0,4273.0,356.0833333333333,12.0,843.3000000000001,385.85833333333335,4524.0,4524,7,6051.0,1.0,11043.0,1.7899999999999998,12.0,86.05416666666667,39.0,1.0866612333605
edf05,4,,free_viewing,,6061.0,4537.0,648.1428571428571,7.0,939.4714285714286,425.4571428571429,4795.0,4795,4,1068.0,1.0,6061.0,2.325714285714286,7.0,73.45857142857143,28.285714285714285,1.1549249298795579
edf05,5,,free_viewing,,5775.0,4333.0,361.0833333333333,12.0,908.1833333333334,488.51666666666665,4607.0,3443,5,1090.0,0.7473410028217929,5775.0,3.26,12.0,92.70583333333333,32.166666666666664,2.0779220779220777
edf05,6,,free_viewing,,6006.0,4498.0,499.77777777777777,9.0,958.5,497.1555555555556,4765.0,4765,5,1013.0,1.0,6006.0,1.842222222222222,9.0,66.91666666666667,25.333333333333332,1.4985014985014984
edf05,7,,free_viewing,,5779.0,4292.0,330.15384615384613,13.0,762.6923076923078,586.7615384615385,4532.0,3952,4,786.0,0.8720211827007943,5779.0,2.0200000000000005,14.0,96.02428571428572,34.285714285714285,2.422564457518602
edf05,8,,free_viewing,,6108.0,4486.0,373.8333333333333,12.0,1038.4083333333333,375.97499999999997,4634.0,4634,6,1116.0,1.0,6108.0,2.4341666666666666,12.0,75.8775,29.833333333333332,1.9646365422396859
edf05,9,,free_viewing,,6082.0,4374.0,437.4,10.0,1026.3899999999999,618.5799999999999,4594.0,4594,3,1090.0,1.0,6082.0,3.0410000000000004,10.0,118.026,39.8,1.644195988161789
edf06,1,,free_viewing,,5725.0,3993.0,285.2142857142857,14.0,1031.1142857142856,496.2142857142857,4275.0,3993,7,1050.0,0.9340350877192982,5725.0,3.636428571428571,14.0,143.84,51.285714285714285,2.4454148471615724
edf06,10,,free_viewing,,5966.0,4276.0,305.42857142857144,14.0,957.8714285714285,721.157142857143,4443.0,3277,7,973.0,0.7375647085302723,5966.0,4.400714285714286,14.0,105.28214285714286,39.285714285714285,2.3466309084813943
edf06,11,,free_viewing,,6013.0,4281.0,305.7857142857143,14.0,1017.2571428571429,739.0857142857143,4500.0,4500,4,1021.0,1.0,6013.0,3.079999999999999,14.0,81.28999999999999,35.142857142857146,2.3282887077997674
edf06,12,,free_viewing,,6017.0,3848.0,240.5,16.0,900.9999999999999,673.7624999999999,4081.0,2797,6,1025.0,0.6853712325410438,6017.0,3.5729411764705885,17.0,141.58529411764707,54.705882352941174,2.8253282366627888
edf06,13,,free_viewing,,5925.0,4349.0,310.64285714285717,14.0,966.4,529.8071428571427,4557.0,4193,4,932.0,0.9201228878648233,5925.0,2.561428571428572,14.0,73.62285714285714,31.142857142857142,2.3628691983122363
edf06,14,,free_viewing,,5861.0,4136.0,258.5,16.0,982.45,553.7937499999999,4301.0,4301,5,869.0,1.0,5861.0,4.471176470588236,17.0,96.77529411764709,41.76470588235294,2.900528919979526
edf06,15,,free_viewing,,6138.0,4260.0,250.58823529411765,17.0,925.3470588235294,596.1882352941175,4440.0,2642,3,1358.0,0.5950450450450451,6138.0,2.901176470588235,17.0,79.66176470588233,32.470588235294116,2.7696318018898665
edf06,16,,free_viewing,,6025.0,4140.0,217.89473684210526,19.0,889.5526315789472,439.8894736842106,4307.0,4307,7,1033.0,1.0,6025.0,3.125,20.0,83.287,35.2,3.3195020746887964
edf06,17,,free_viewing,,6129.0,4417.0,294.46666666666664,15.0,964.9866666666665,484.1333333333333,4549.0,4549,9,1136.0,1.0,6129.0,2.3673333333333333,15.0,77.13799999999999,29.6,2.447381302006853
edf06,18,,free_viewing,,5912.0,4454.0,342.61538461538464,13.0,904.976923076923,515.3769230769232,4600.0,4392,10,920.0,0.9547826086956521,5912.0,2.352307692307692,13.0,74.42769230769231,30.153846153846153,2.198917456021651
edf06,19,English,sentence_audio,passive_dropped_agent,10696.0,4318.0,287.8666666666667,15.0,1013.9066666666666,501.64,4590.0,4124,6,5996.0,0.898474945533769,10696.0,1.8593333333333335,15.0,64.69466666666666,26.8,1.4023934181002244
edf06,2,,free_viewing,,5655.0,4066.0,271.06666666666666,15.0,1057.42,622.6466666666668,4399.0,2980,5,1030.0,0.6774266878836099,5655.0,4.0575,16.0,100.24687499999999,38.25,2.829354553492484
edf06,20,English,sentence_audio,passive_dropped_agent,10891.0,4375.0,336.53846153846155,13.0,949.1461538461537,485.31538461538463,4630.0,4630,6,5899.0,1.0,10891.0,2.1569230769230776,13.0,70.88230769230769,27.846153846153847,1.1936461298319714
edf06,21,English,sentence_audio,passive_dropped_agent,11131.0,3985.0,398.5,10.0,948.8699999999999,552.04,4269.0,4269,3,6138.0,1.0,11131.0,2.2570000000000006,10.0,162.10100000000003,72.4,0.898391878537418
edf06,22,Punjabi,sentence_audio,active,10376.0,4208.0,280.53333333333336,15.0,977.0533333333332,446.25333333333333,4541.0,4131,8,5383.0,0.9097115172869412,10376.0,2.2593333333333336,15.0,73.14866666666667,30.133333333333333,1.4456437933693138
edf06,23,Punjabi,sentence_audio,active,10651.0,4377.0,291.8,15.0,866.74,441.0533333333333,4562.0,4562,4,5659.0,1.0,10651.0,2.3353333333333337,15.0,71.98533333333333,28.666666666666668,1.408318467749507
edf06,24,Punjabi,sentence_audio,active,10481.0,4185.0,220.26315789473685,19.0,918.021052631579,532.7421052631579,4191.0,3593,8,5488.0,0.8573132903841565,10481.0,4.383157894736843,19.0,98.93105263157894,42.21052631578947,1.8128041217441084
edf06,25,Punjabi,sentence_audio,passive,10851.0,4033.0,336.0833333333333,12.0,931.6,404.72499999999997,4345.0,4128,7,5858.0,0.9500575373993095,10851.0,4.0275,12.0,134.20666666666665,54.0,1.105888858169754
edf06,26,Punjabi,sentence_audio,passive,10634.0,3844.0,240.25,16.0,888.4375000000002,549.56875,4122.0,3908,4,5642.0,0.9480834546336729,10634.0,2.6081250000000002,16.0,106.27624999999998,54.375,1.5046078615760767
edf06,27,Punjabi,sentence_audio,passive,10801.0,4347.0,310.5,14.0,853.657142857143,392.7357142857143,4603.0,4603,6,5808.0,1.0,10801.0,2.132857142857143,14.0,67.58214285714287,27.857142857142858,1.2961762799740764
edf06,28,Punjabi,sentence_audio,passive_dropped_agent,11081.0,4331.0,309.35714285714283,14.0,977.842857142857,686.7428571428571,4546.0,4424,6,6089.0,0.9731632204135504,11081.0,2.8392857142857144,14.0,83.80499999999999,31.857142857142858,1.2634238787113077
edf06,29,Punjabi,sentence_audio,passive_dropped_agent,10692.0,4178.0,321.38461538461536,13.0,974.1384615384615,439.1538461538461,4336.0,3460,6,5880.0,0.7979704797047971,10692.0,3.507692307692307,13.0,115.83384615384615,50.46153846153846,1.215862326973438
edf06,3,,free_viewing,,5656.0,4052.0,202.6,20.0,944.735,504.56499999999994,4381.0,4381,5,663.0,1.0,5656.0,2.882,20.0,81.45100000000002,30.6,3.5360678925035365
edf06,30,Punjabi,sentence_audio,passive_dropped_agent,10720.0,4252.0,265.75,16.0,911.9625,474.81875,4414.0,3716,7,5928.0,0.8418667874943362,10720.0,3.358125,16.0,81.64750000000001,36.125,1.4925373134328357
edf06,31,English,sentence_audio,active,10557.0,4391.0,313.64285714285717,14.0,974.8999999999999,420.1285714285714,4529.0,4529,7,5564.0,1.0,10557.0,3.6614285714285715,14.0,92.48,33.142857142857146,1.326134318461684
edf06,32,English,sentence_audio,active,10716.0,4310.0,431.0,10.0,924.47,470.2,4509.0,4509,6,5725.0,1.0,10716.0,2.3609999999999998,10.0,103.28299999999999,48.2,0.933184023889511
edf06,33,English,sentence_audio,active,10907.0,4487.0,373.9166666666667,12.0,1045.65,485.0833333333333,4628.0,3901,5,6082.0,0.8429127052722558,10907.0,2.6841666666666675,12.0,77.47166666666666,30.333333333333332,1.1002108737508023
edf06,34,English,sentence_audio,passive,10851.0,4352.0,334.7692307692308,13.0,920.5692307692309,636.6076923076923,4557.0,4007,6,5859.0,0.8793065613342111,10851.0,2.6750000000000003,14.0,72.56,32.285714285714285,1.2902036678647129
edf06,35,English,sentence_audio,passive,10838.0,4110.0,411.0,10.0,960.1599999999999,758.0,4506.0,4110,3,6286.0,0.9121171770972037,10838.0,3.1709090909090905,11.0,114.82545454545453,45.27272727272727,1.0149474072707143
edf06,36,English,sentence_audio,passive,11057.0,4315.0,359.5833333333333,12.0,886.5500000000001,483.32500000000005,4624.0,4222,6,6065.0,0.9130622837370242,11057.0,3.0025,12.0,81.0725,30.666666666666668,1.0852853396038709
edf06,4,,free_viewing,,5968.0,4222.0,263.875,16.0,1008.9874999999998,560.5562500000001,4451.0,3091,4,975.0,0.6944506852392721,5968.0,2.954999999999999,16.0,82.05,33.875,2.680965147453083
edf06,5,,free_viewing,,5840.0,4494.0,408.54545454545456,11.0,937.8272727272729,500.6818181818181,4670.0,4670,6,848.0,1.0,5840.0,2.1818181818181817,11.0,67.42272727272729,29.272727272727273,1.8835616438356164
edf06,6,,free_viewing,,5722.0,4370.0,336.15384615384613,13.0,965.3923076923077,485.55384615384617,4590.0,4590,4,730.0,1.0,5722.0,2.1938461538461542,13.0,65.0023076923077,30.923076923076923,2.271932890597693
edf06,7,,free_viewing,,5905.0,4031.0,251.9375,16.0,838.6937500000001,503.9375,4503.0,3929,5,912.0,0.8725294248278925,5905.0,2.5881250000000002,16.0,76.858125,30.625,2.7095681625740897
edf06,8,,free_viewing,,6121.0,4103.0,241.35294117647058,17.0,918.4705882352943,570.4470588235295,4377.0,4377,4,1128.0,1.0,6121.0,3.6399999999999997,17.0,90.45823529411764,36.23529411764706,2.777323966672112
edf06,9,,free_viewing,,5729.0,3951.0,246.9375,16.0,946.325,463.22499999999997,4215.0,3350,7,736.0,0.7947805456702254,5729.0,3.675625,16.0,107.498125,48.625,2.79280851806598
edf07,1,,free_viewing,,5693.0,4273.0,328.6923076923077,13.0,890.9153846153846,590.5692307692308,4540.0,4112,6,703.0,0.905726872246696,5693.0,3.6246153846153844,13.0,91.46307692307693,34.61538461538461,2.283506060073775
edf07,10,,free_viewing,,5818.0,4506.0,751.0,6.0,979.8666666666668,610.8666666666667,4660.0,4660,3,826.0,1.0,5818.0,2.195,6.0,114.19666666666667,55.333333333333336,1.0312822275696116
edf07,11,,free_viewing,,5943.0,4249.0,607.0,7.0,961.7285714285714,366.0571428571429,4604.0,4604,3,951.0,1.0,5943.0,2.327142857142857,7.0,100.87142857142858,55.42857142857143,1.1778563015312133
edf07,12,,free_viewing,,6037.0,4365.0,545.625,8.0,963.9875,213.85000000000002,4614.0,866,3,1322.0,0.18768964022540097,6037.0,1.67625,8.0,87.65249999999999,47.25,1.3251615040583071
edf07,13,,free_viewing,,5953.0,4317.0,1079.25,4.0,996.8,257.375,4725.0,2091,3,960.0,0.44253968253968257,5953.0,1.97,4.0,134.1525,67.0,0.6719301192675962
edf07,14,,free_viewing,,5789.0,3679.0,408.77777777777777,9.0,863.2333333333333,216.17777777777778,4195.0,2629,4,796.0,0.6266984505363528,5789.0,3.7077777777777774,9.0,177.25,88.66666666666667,1.554672655035412
edf07,15,,free_viewing,,6067.0,3863.0,482.875,8.0,938.1625,386.9875,4632.0,1714,3,1872.0,0.3700345423143351,6067.0,2.5375000000000005,8.0,107.9625,45.0,1.3186088676446348
edf07,16,,free_viewing,,5695.0,4471.0,1117.75,4.0,996.675,271.2,4703.0,4703,1,730.0,1.0,5695.0,1.6640000000000001,5.0,115.934,58.4,0.8779631255487269
edf07,17,,free_viewing,,5669.0,3491.0,436.375,8.0,871.925,219.22499999999997,4480.0,2210,4,677.0,0.49330357142857145,5669.0,3.38375,8.0,80.42,64.0,1.411183630269889
edf07,18,,free_viewing,,6004.0,4126.0,687.6666666666666,6.0,979.8499999999999,293.83333333333337,4506.0,1932,4,1470.0,0.42876165113182424,6004.0,4.485,6.0,161.54833333333335,81.0,0.999333777481679
edf07,19,Punjabi,sentence_audio,active,10979.0,4585.0,1146.25,4.0,1000.85,336.09999999999997,4732.0,4732,1,5987.0,1.0,10979.0,1.3075,4.0,108.665,65.0,0.3643319063667001
edf07,2,,free_viewing,,5665.0,4243.0,282.8666666666667,15.0,1114.8799999999999,383.64,4535.0,4243,4,994.0,0.9356119073869901,5665.0,2.5346666666666664,15.0,78.37933333333334,30.533333333333335,2.64783759929391
edf07,20,Punjabi,sentence_audio,active,10941.0,4291.0,1430.3333333333333,3.0,1012.1,143.53333333333333,4686.0,4520,2,5949.0,0.9645753307725139,10941.0,3.9233333333333333,3.0,157.53333333333333,102.0,0.2741979709350151
edf07,21,Punjabi,sentence_audio,active,10300.0,796.0,265.3333333333333,3.0,993.1333333333333,407.2,4877.0,4877,3,5307.0,1.0,10300.0,4.446666666666666,3.0,101.09666666666668,38.666666666666664,0.2912621359223301
edf07,22,Punjabi,sentence_audio,passive,10680.0,4252.0,2126.0,2.0,904.15,247.7,4769.0,517,1,5687.0,0.10840847137764731,10680.0,1.54,2.0,155.64,112.0,0.18726591760299627
edf07,23,Punjabi,sentence_audio,passive,10580.0,4470.0,1117.5,4.0,994.0500000000001,88.85,4689.0,1635,2,5587.0,0.3486884197056942,10580.0,2.3425,4.0,126.32499999999999,76.0,0.3780718336483932
edf07,24,Punjabi,sentence_audio,passive,10282.0,3800.0,316.6666666666667,12.0,813.0499999999998,193.27500000000006,4314.0,1592,2,5290.0,0.36903106165971256,10282.0,2.484166666666667,12.0,77.25500000000001,56.5,1.167088115152694
edf07,25,Punjabi,sentence_audio,passive_dropped_agent,10561.0,1135.0,378.3333333333333,3.0,960.5333333333333,112.66666666666667,4730.0,0,0,,0.0,10561.0,2.526666666666667,3.0,135.37333333333333,87.33333333333333,0.2840640090900483
edf07,26,Punjabi,sentence_audio,passive_dropped_agent,11065.0,2975.0,247.91666666666666,12.0,749.9,281.52500000000003,3691.0,1802,3,7746.0,0.48821457599566515,11065.0,4.5625,12.0,145.88250000000002,108.5,1.0845006778129236
edf07,27,Punjabi,sentence_audio,passive_dropped_agent,10317.0,4367.0,485.22222222222223,9.0,864.5555555555555,361.06666666666666,4598.0,4436,6,5325.0,0.9647672901261418,10317.0,2.517777777777778,9.0,103.4688888888889,43.77777777777778,0.8723466123873219
edf07,28,English,sentence_audio,active,10201.0,4575.0,457.5,10.0,850.9100000000001,616.67,4745.0,4439,4,5208.0,0.9355110642781875,10201.0,1.6490000000000002,10.0,60.55899999999999,24.8,0.9802960494069208
edf07,29,English,sentence_audio,active,10892.0,4060.0,451.1111111111111,9.0,928.1333333333334,11.666666666666666,4379.0,3045,3,5899.0,0.695364238410596,10892.0,5.796999999999999,10.0,89.59199999999998,63.2,0.9181050312155711
edf07,3,,free_viewing,,6046.0,4404.0,367.0,12.0,927.8916666666668,292.56666666666666,4607.0,4607,3,1053.0,1.0,6046.0,2.8366666666666664,12.0,77.86083333333335,32.166666666666664,1.9847833278200462
edf07,30,English,sentence_audio,active,10462.0,4608.0,658.2857142857143,7.0,836.8857142857142,468.2857142857143,4794.0,2662,3,5686.0,0.5552774301209845,10462.0,2.4042857142857144,7.0,74.7,28.285714285714285,0.6690881284649207
edf07,31,English,sentence_audio,passive,10947.0,4655.0,517.2222222222222,9.0,984.6666666666666,415.0777777777778,4682.0,4682,3,5955.0,1.0,10947.0,3.2433333333333336,9.0,85.23666666666666,34.44444444444444,0.8221430528912032
edf07,32,English,sentence_audio,passive,10577.0,4473.0,1491.0,3.0,905.1,236.23333333333335,4744.0,4053,1,5585.0,0.8543423271500843,10577.0,1.5833333333333333,3.0,151.69,82.66666666666667,0.2836343008414484
edf07,33,English,sentence_audio,passive,10592.0,4256.0,472.8888888888889,9.0,987.5888888888888,362.32222222222225,4483.0,3628,5,5852.0,0.8092795003345974,10592.0,2.685555555555555,9.0,95.50222222222223,56.666666666666664,0.8496978851963746
edf07,34,English,sentence_audio,passive_dropped_agent,10830.0,4412.0,1103.0,4.0,918.875,509.775,4696.0,2668,3,6256.0,0.5681431005110733,10830.0,2.748,5.0,142.3733333333333,77.33333333333333,0.4616805170821791
edf07,35,English,sentence_audio,passive_dropped_agent,10451.0,2365.0,2365.0,1.0,993.9,289.3,4970.0,4970,1,5459.0,1.0,10451.0,1.08,1.0,48.33,22.0,0.09568462348100659
edf07,36,English,sentence_audio,passive_dropped_agent,11077.0,4077.0,815.4,5.0,781.9399999999999,184.52000000000004,4460.0,1163,2,6085.0,0.260762331838565,11077.0,2.068,5.0,176.084,106.4,0.4513857542655954
edf07,4,,free_viewing,,5938.0,4596.0,1149.0,4.0,1005.7249999999999,288.325,4780.0,4596,3,1158.0,0.9615062761506277,5938.0,2.5324999999999998,4.0,137.785,53.0,0.6736274840013473
edf07,5,,free_viewing,,5802.0,4412.0,1103.0,4.0,916.375,250.27499999999998,4708.0,624,1,810.0,0.13254035683942225,5802.0,1.3575000000000002,4.0,189.1775,71.0,0.6894174422612892
edf07,6,,free_viewing,,5858.0,4298.0,330.61538461538464,13.0,964.7538461538462,372.86923076923074,4666.0,4236,4,866.0,0.9078439777111016,5858.0,1.5630769230769228,13.0,60.43923076923076,25.076923076923077,2.219187435984978
edf07,7,,free_viewing,,5701.0,4487.0,747.8333333333334,6.0,792.4833333333335,431.18333333333334,4820.0,4820,3,709.0,1.0,5701.0,2.276666666666667,6.0,69.76666666666667,28.666666666666668,1.0524469391334854
edf07,8,,free_viewing,,6109.0,4183.0,522.875,8.0,841.4999999999999,363.075,4583.0,3767,5,1116.0,0.8219506873227144,6109.0,2.89625,8.0,128.5825,51.25,1.3095432967752496
edf07,9,,free_viewing,,5931.0,4671.0,1557.0,3.0,880.3333333333334,236.19999999999996,4922.0,2093,2,939.0,0.4252336448598131,5931.0,1.0333333333333332,3.0,44.919999999999995,23.333333333333332,0.5058168942842691
edf08,1,,free_viewing,,5771.0,4302.0,286.8,15.0,910.1933333333333,584.5,4548.0,4548,4,780.0,1.0,5771.0,2.554,15.0,74.94933333333333,29.466666666666665,2.5992029111072603
edf08,10,,free_viewing,,5813.0,4343.0,394.8181818181818,11.0,925.7727272727273,699.5818181818181,4482.0,3739,4,821.0,0.8342257920571173,5813.0,2.9663636363636368,11.0,140.02272727272728,46.36363636363637,1.8923103388955789
edf08,11,,free_viewing,,6134.0,4302.0,268.875,16.0,912.9687500000001,554.1875,4499.0,3228,4,1368.0,0.7174927761724827,6134.0,2.8406249999999993,16.0,78.795,30.875,2.6084121291164
edf08,12,,free_viewing,,5804.0,4600.0,766.6666666666666,6.0,947.4499999999999,416.6166666666666,4817.0,4709,5,811.0,0.9775794062694623,5804.0,2.5100000000000002,6.0,81.64333333333333,29.333333333333332,1.0337698139214335
edf08,13,,free_viewing,,5733.0,4218.0,351.5,12.0,677.1583333333334,507.53333333333336,4421.0,3183,6,741.0,0.719972856819724,5733.0,2.915384615384615,13.0,92.99461538461539,45.38461538461539,2.2675736961451247
edf08,14,,free_viewing,,6072.0,4428.0,553.5,8.0,917.3625,434.34999999999997,4588.0,4480,5,1080.0,0.976460331299041,6072.0,3.065,8.0,100.62374999999999,50.5,1.3175230566534915
edf08,15,,free_viewing,,5846.0,4132.0,317.84615384615387,13.0,878.7461538461539,588.1076923076923,4383.0,3883,3,853.0,0.8859228838694958,5846.0,3.4215384615384616,13.0,125.36615384615386,46.92307692307692,2.223742730071844
edf08,16,,free_viewing,,5697.0,4613.0,461.3,10.0,994.55,672.1200000000001,4668.0,4668,4,705.0,1.0,5697.0,3.4010000000000007,10.0,85.771,32.4,1.75530981218185
edf08,17,,free_viewing,,5975.0,4595.0,656.4285714285714,7.0,990.9285714285713,392.0142857142857,4790.0,4790,3,983.0,1.0,5975.0,2.35,7.0,76.15714285714286,28.857142857142858,1.1715481171548119
edf08,18,,free_viewing,,5746.0,4412.0,882.4,5.0,940.2,541.8599999999999,4818.0,4818,3,754.0,1.0,5746.0,3.62,5.0,94.264,34.8,0.8701705534284719
edf08,19,Punjabi,sentence_audio,passive,10770.0,4392.0,366.0,12.0,1006.5416666666666,445.6666666666667,4622.0,4622,2,5778.0,1.0,10770.0,2.3825000000000003,12.0,75.41416666666667,30.833333333333332,1.1142061281337048
edf08,2,,free_viewing,,5865.0,4509.0,450.9,10.0,878.3399999999999,623.33,4687.0,3953,6,872.0,0.8433966289737572,5865.0,2.891,10.0,77.95599999999999,30.6,1.7050298380221653
edf08,20,Punjabi,sentence_audio,passive,10409.0,4329.0,393.54545454545456,11.0,956.1909090909089,455.50909090909096,4554.0,4454,4,5417.0,0.9780412823891085,10409.0,1.792727272727273,11.0,76.71545454545456,39.81818181818182,1.0567777884523009
edf08,21,Punjabi,sentence_audio,passive,10423.0,4729.0,1182.25,4.0,952.5999999999999,476.4,4878.0,4878,2,5431.0,1.0,10423.0,2.865,4.0,88.195,28.5,0.38376666986472224
edf08,22,Punjabi,sentence_audio,passive_dropped_agent,11042.0,4380.0,547.5,8.0,908.1374999999999,431.25,4624.0,4624,6,6050.0,1.0,11042.0,1.3425,8.0,111.635,46.0,0.7245064299945662
edf08,23,Punjabi,sentence_audio,passive_dropped_agent,11127.0,4081.0,408.1,10.0,749.9500000000002,455.15999999999997,4294.0,4294,4,6135.0,1.0,11127.0,2.458,10.0,114.89599999999999,69.8,0.8987148377819717
edf08,24,Punjabi,sentence_audio,passive_dropped_agent,10880.0,3730.0,266.42857142857144,14.0,1051.8714285714284,585.9714285714284,4510.0,4510,3,5888.0,1.0,10880.0,3.2746666666666666,15.0,87.44666666666666,32.8,1.3786764705882353
edf08,25,English,sentence_audio,active,10385.0,4427.0,402.45454545454544,11.0,1028.109090909091,354.10909090909087,4631.0,4219,7,5392.0,0.9110343338371842,10385.0,3.1345454545454543,11.0,92.29727272727273,32.90909090909091,1.059220028887819
edf08,26,English,sentence_audio,active,10240.0,4536.0,648.0,7.0,830.8285714285714,470.3428571428571,4785.0,4785,3,5247.0,1.0,10240.0,2.664285714285714,7.0,77.85,29.714285714285715,0.68359375
edf08,27,English,sentence_audio,active,10676.0,4536.0,567.0,8.0,791.125,429.41249999999997,4740.0,4740,2,5698.0,1.0,10676.0,2.2011111111111115,9.0,70.95777777777778,28.444444444444443,0.8430123641813413
edf08,28,English,sentence_audio,passive,11109.0,4157.0,519.625,8.0,923.6125,638.725,4398.0,4090,4,6117.0,0.929968167348795,11109.0,2.2,8.0,169.27,74.25,0.7201368259969394
edf08,29,English,sentence_audio,passive,10401.0,4661.0,932.2,5.0,922.3799999999999,314.2,4809.0,4397,4,5588.0,0.9143273029735912,10401.0,4.224,5.0,110.13799999999999,36.8,0.48072300740313434
edf08,3,,free_viewing,,6053.0,4225.0,352.0833333333333,12.0,732.6166666666667,606.3999999999999,4437.0,4437,4,1060.0,1.0,6053.0,3.254166666666667,12.0,114.41583333333334,46.333333333333336,1.9824880224681976
edf08,30,English,sentence_audio,passive,10834.0,4574.0,653.4285714285714,7.0,809.8571428571429,522.0428571428572,4767.0,4574,3,6058.0,0.959513320746801,10834.0,2.8628571428571425,7.0,78.69285714285715,32.285714285714285,0.6461140852870593
edf08,31,English,sentence_audio,passive_dropped_agent,10617.0,4307.0,478.55555555555554,9.0,964.8000000000001,364.9555555555555,4524.0,4358,3,5625.0,0.9633068081343943,10617.0,2.594444444444444,9.0,101.57333333333332,52.0,0.8476970895733257
edf08,32,English,sentence_audio,passive_dropped_agent,10854.0,4274.0,534.25,8.0,927.3375,398.90000000000003,4619.0,3950,3,6236.0,0.8551634552933536,10854.0,1.80625,8.0,119.99000000000001,46.75,0.7370554634236227
edf08,33,English,sentence_audio,passive_dropped_agent,10882.0,4702.0,427.45454545454544,11.0,1122.2636363636364,385.63636363636357,4724.0,4724,3,5890.0,1.0,10882.0,1.7418181818181822,11.0,65.34909090909093,24.363636363636363,1.010843594927403
edf08,34,Punjabi,sentence_audio,active,10774.0,4386.0,731.0,6.0,920.6166666666667,614.5500000000001,4580.0,4386,3,6012.0,0.9576419213973799,10774.0,3.6349999999999993,6.0,156.38500000000002,68.66666666666667,0.5568962316688324
edf08,35,Punjabi,sentence_audio,active,10584.0,4592.0,1530.6666666666667,3.0,936.5333333333333,626.0,4841.0,4841,4,5591.0,1.0,10584.0,7.760000000000001,3.0,162.04999999999998,50.666666666666664,0.2834467120181406
edf08,36,Punjabi,sentence_audio,active,10205.0,4511.0,4511.0,1.0,964.2,375.7,4966.0,4966,1,5213.0,1.0,10205.0,1.87,1.0,71.13,26.0,0.09799118079372857
edf08,4,,free_viewing,,5743.0,4603.0,575.375,8.0,1070.4874999999997,428.0,4784.0,4784,3,751.0,1.0,5743.0,1.8949999999999998,8.0,65.74125000000001,26.0,1.3930001741250218
edf08,5,,free_viewing,,5823.0,4339.0,289.26666666666665,15.0,900.9933333333333,370.78,4488.0,4211,5,831.0,0.9382798573975044,5823.0,3.452666666666667,15.0,93.10066666666667,33.6,2.575991756826378
edf08,6,,free_viewing,,5636.0,4358.0,396.1818181818182,11.0,1023.7909090909089,379.53636363636366,4505.0,4505,4,643.0,1.0,5636.0,2.3709090909090906,11.0,107.39545454545454,44.36363636363637,1.9517388218594747
edf08,7,,free_viewing,,5677.0,4757.0,951.4,5.0,986.22,403.84,4844.0,4844,3,685.0,1.0,5677.0,3.0140000000000002,5.0,86.912,29.6,0.8807468733485997
edf08,8,,free_viewing,,6046.0,4386.0,548.25,8.0,951.9,308.2125,4538.0,4386,6,1234.0,0.9665050683120318,6046.0,4.21375,8.0,135.1125,56.75,1.3231888852133642
edf08,9,,free_viewing,,5921.0,4605.0,575.625,8.0,928.0875,480.2,4780.0,4780,5,929.0,1.0,5921.0,2.2325000000000004,8.0,74.51125,26.5,1.3511231210944097
edf09,1,,free_viewing,,6067.0,4520.0,753.3333333333334,6.0,816.2833333333334,487.9333333333334,4832.0,4422,3,1076.0,0.9151490066225165,6067.0,1.9933333333333334,6.0,71.58666666666666,26.333333333333332,0.9889566507334762
edf09,10,,free_viewing,,5804.0,4360.0,396.3636363636364,11.0,939.781818181818,579.8,4619.0,2996,3,1460.0,0.6486252435592119,5804.0,3.516363636363636,11.0,93.27545454545454,34.0,1.8952446588559613
edf09,11,,free_viewing,,5975.0,3871.0,241.9375,16.0,944.95625,621.25625,4174.0,4174,3,983.0,1.0,5975.0,2.649375,16.0,115.38812499999997,51.125,2.677824267782427
edf09,12,,free_viewing,,6024.0,4288.0,357.3333333333333,12.0,863.6999999999999,514.7083333333333,4450.0,4106,3,1032.0,0.9226966292134832,6024.0,2.8683333333333327,12.0,91.1475,45.166666666666664,1.9920318725099602
edf09,13,,free_viewing,,5900.0,4274.0,474.8888888888889,9.0,955.188888888889,531.4000000000001,4512.0,4512,3,908.0,1.0,5900.0,2.141111111111111,9.0,90.95333333333333,53.333333333333336,1.5254237288135593
edf09,14,,free_viewing,,5675.0,3772.0,251.46666666666667,15.0,967.8866666666669,715.68,3985.0,3261,5,683.0,0.8183186951066499,5675.0,4.0337499999999995,16.0,181.15000000000003,64.25,2.8193832599118944
edf09,15,,free_viewing,,6134.0,4182.0,380.1818181818182,11.0,952.2636363636365,539.4909090909091,4512.0,4130,6,1142.0,0.9153368794326241,6134.0,2.1572727272727272,11.0,137.42636363636362,43.63636363636363,1.793283338767525
edf09,16,,free_viewing,,6054.0,4362.0,335.53846153846155,13.0,963.7615384615385,781.0,4562.0,4362,3,1338.0,0.9561595791319597,6054.0,2.2185714285714284,14.0,109.26857142857145,45.857142857142854,2.312520647505781
edf09,17,,free_viewing,,5823.0,4037.0,403.7,10.0,922.8299999999999,542.05,4250.0,2821,3,1076.0,0.6637647058823529,5823.0,2.2239999999999998,10.0,179.05599999999998,74.2,1.717327837884252
edf09,18,,free_viewing,,6033.0,4313.0,539.125,8.0,856.425,437.13749999999993,4488.0,4488,3,1041.0,1.0,6033.0,2.7424999999999997,8.0,131.63375000000002,63.0,1.3260401127134096
edf09,19,Punjabi,sentence_audio,passive_dropped_agent,10276.0,4308.0,478.6666666666667,9.0,1016.9222222222223,475.4555555555556,4324.0,4324,3,5284.0,1.0,10276.0,2.4011111111111108,9.0,90.45222222222223,74.22222222222223,0.8758271701050993
edf09,2,,free_viewing,,6009.0,4269.0,609.8571428571429,7.0,1123.042857142857,440.3142857142857,4505.0,4269,3,1282.0,0.9476137624861265,6009.0,2.5028571428571427,7.0,136.8457142857143,69.71428571428571,1.164919287735064
edf09,20,Punjabi,sentence_audio,passive_dropped_agent,10796.0,4552.0,505.77777777777777,9.0,932.1777777777778,512.4555555555556,4776.0,4088,3,5804.0,0.8559463986599665,10796.0,1.6366666666666667,9.0,63.46333333333333,24.0,0.8336420896628381
edf09,21,Punjabi,sentence_audio,passive_dropped_agent,10659.0,4407.0,367.25,12.0,909.7083333333334,616.8000000000001,4670.0,4159,4,5667.0,0.8905781584582441,10659.0,1.8208333333333335,12.0,62.68,26.833333333333332,1.125809175344779
edf09,22,English,sentence_audio,active,10794.0,4114.0,216.52631578947367,19.0,973.0263157894735,486.1631578947367,4274.0,4274,9,5802.0,1.0,10794.0,1.8526315789473682,19.0,65.30736842105264,37.78947368421053,1.76023716879748
edf09,23,English,sentence_audio,active,11082.0,4288.0,357.3333333333333,12.0,823.65,511.66666666666674,4488.0,4488,5,6090.0,1.0,11082.0,2.3024999999999998,12.0,77.70833333333333,42.0,1.0828370330265293
edf09,24,English,sentence_audio,active,10987.0,4361.0,311.5,14.0,934.057142857143,469.42857142857144,4559.0,4559,2,5994.0,1.0,10987.0,2.6707142857142863,14.0,79.3107142857143,31.0,1.274233184672795
edf09,25,English,sentence_audio,passive,10679.0,3817.0,272.64285714285717,14.0,1032.0285714285715,443.72142857142853,4039.0,4039,7,5686.0,1.0,10679.0,3.2535714285714286,14.0,107.28857142857143,68.14285714285714,1.3109841745481787
edf09,26,English,sentence_audio,passive,10881.0,3790.0,222.94117647058823,17.0,906.7705882352939,502.364705882353,4007.0,3565,6,5889.0,0.8896930371849264,10881.0,2.244444444444445,18.0,83.66722222222222,55.333333333333336,1.6542597187758479
edf09,27,English,sentence_audio,passive,10686.0,4418.0,441.8,10.0,901.8699999999999,468.45,4648.0,4494,4,5694.0,0.9668674698795181,10686.0,3.162,10.0,88.388,34.4,0.9358038555118847
edf09,28,English,sentence_audio,passive_dropped_agent,11074.0,4206.0,350.5,12.0,967.9416666666666,677.4,4377.0,3781,7,6081.0,0.8638336760338131,11074.0,3.2950000000000004,12.0,89.93833333333333,51.333333333333336,1.083619288423334
edf09,29,English,sentence_audio,passive_dropped_agent,10819.0,4269.0,284.6,15.0,1060.4933333333333,527.2266666666667,4501.0,2673,6,6290.0,0.5938680293268163,10819.0,3.1973333333333334,15.0,86.09333333333333,32.8,1.38644976430354
edf09,3,,free_viewing,,6075.0,4208.0,300.57142857142856,14.0,907.4642857142857,517.6857142857142,4515.0,3655,5,1083.0,0.8095238095238095,6075.0,4.509333333333333,15.0,90.72866666666667,33.2,2.4691358024691357
edf09,30,English,sentence_audio,passive_dropped_agent,11044.0,4516.0,410.54545454545456,11.0,841.8181818181816,478.2545454545454,4668.0,3628,6,6232.0,0.7772065124250214,11044.0,2.566363636363637,11.0,78.46454545454546,29.454545454545453,0.9960159362549801
edf09,31,Punjabi,sentence_audio,active,11258.0,4218.0,263.625,16.0,901.03125,424.68749999999994,4282.0,4040,4,6266.0,0.9434843531060252,11258.0,2.3787499999999997,16.0,83.645625,44.375,1.4212115828744005
edf09,32,Punjabi,sentence_audio,active,10812.0,3760.0,376.0,10.0,928.2400000000001,549.6700000000001,4205.0,3046,7,6286.0,0.7243757431629013,10812.0,1.9049999999999998,10.0,86.315,78.8,0.924898261191269
edf09,33,Punjabi,sentence_audio,active,10773.0,4084.0,371.27272727272725,11.0,1126.154545454545,525.1,4321.0,3618,2,6046.0,0.8373061791252026,10773.0,2.9608333333333334,12.0,108.01833333333333,57.666666666666664,1.113895850737956
edf09,34,Punjabi,sentence_audio,passive,10596.0,4232.0,705.3333333333334,6.0,959.0833333333334,652.8333333333333,4429.0,4397,2,5603.0,0.9927748927523143,10596.0,2.1133333333333333,6.0,73.36999999999999,94.0,0.5662514156285391
edf09,35,Punjabi,sentence_audio,passive,10929.0,3807.0,475.875,8.0,973.525,745.3749999999999,4004.0,4004,4,5937.0,1.0,10929.0,3.56375,8.0,234.195,123.5,0.731997438008967
edf09,36,Punjabi,sentence_audio,passive,10518.0,4166.0,416.6,10.0,906.55,487.76000000000005,4438.0,4438,3,5526.0,1.0,10518.0,2.242,10.0,162.251,55.4,0.9507510933637573
edf09,4,,free_viewing,,6042.0,4000.0,363.6363636363636,11.0,968.8,561.5636363636363,4481.0,4267,5,1049.0,0.952242802945771,6042.0,2.234545454545454,11.0,106.13272727272725,46.54545454545455,1.8205892088712348
edf09,5,,free_viewing,,6093.0,4201.0,323.15384615384613,13.0,948.6307692307694,499.36153846153843,4448.0,3801,3,1376.0,0.8545413669064749,6093.0,2.471538461538461,13.0,73.74307692307693,41.84615384615385,2.133595929755457
edf09,6,,free_viewing,,5731.0,4233.0,470.3333333333333,9.0,886.2333333333332,612.0333333333333,4462.0,3240,5,739.0,0.7261317794710892,5731.0,2.6544444444444446,9.0,87.31444444444445,58.888888888888886,1.5704065608096318
edf09,7,,free_viewing,,5646.0,4312.0,479.1111111111111,9.0,866.1333333333333,437.32222222222225,4518.0,4518,3,654.0,1.0,5646.0,2.227777777777778,9.0,87.89222222222223,52.666666666666664,1.5940488841657812
edf09,8,,free_viewing,,5998.0,4194.0,322.61538461538464,13.0,944.3461538461538,642.4000000000001,4444.0,4444,3,1006.0,1.0,5998.0,1.655384615384615,13.0,70.50153846153846,42.15384615384615,2.1673891297099033
edf09,9,,free_viewing,,5857.0,4223.0,351.9166666666667,12.0,1006.3416666666668,474.96666666666664,4452.0,4452,5,865.0,1.0,5857.0,1.9100000000000001,12.0,86.75166666666667,45.0,2.0488304592794946
edf10,1,,free_viewing,,6067.0,4118.0,343.1666666666667,12.0,1000.4916666666668,473.6333333333334,4451.0,4289,9,1073.0,0.9636036845652662,6067.0,5.228461538461537,13.0,113.70692307692306,42.15384615384615,2.1427394099225316
edf10,10,,free_viewing,,5673.0,3900.0,216.66666666666666,18.0,912.6222222222223,549.75,4112.0,4112,6,680.0,1.0,5673.0,4.165555555555556,18.0,112.30263157894734,47.36842105263158,3.1729243786356425
edf10,11,,free_viewing,,5642.0,3818.0,254.53333333333333,15.0,867.5333333333332,461.9533333333335,4260.0,4260,10,650.0,1.0,5642.0,3.7853333333333334,15.0,103.62666666666668,48.8,2.6586316908897554
edf10,12,,free_viewing,,6005.0,4059.0,312.2307692307692,13.0,918.8384615384615,522.7076923076924,4315.0,4019,5,1012.0,0.9314020857473928,6005.0,3.9038461538461537,13.0,106.56230769230768,52.15384615384615,2.1648626144879266
edf10,13,,free_viewing,,5943.0,3675.0,282.6923076923077,13.0,936.1461538461538,615.6999999999999,4033.0,4033,10,950.0,1.0,5943.0,5.506923076923077,13.0,123.11615384615385,73.84615384615384,2.187447417129396
edf10,14,,free_viewing,,5961.0,4137.0,318.2307692307692,13.0,827.0384615384615,576.3692307692307,4342.0,4102,3,969.0,0.9447259327498848,5961.0,3.05,13.0,106.82615384615383,50.0,2.1808421405804395
edf10,15,,free_viewing,,6116.0,4030.0,287.85714285714283,14.0,807.8642857142859,481.78571428571433,4311.0,3555,7,1123.0,0.824634655532359,6116.0,3.8528571428571428,14.0,112.54857142857142,48.714285714285715,2.289077828646174
edf10,16,,free_viewing,,5743.0,4081.0,240.05882352941177,17.0,996.2470588235294,426.9411764705882,4301.0,4301,5,750.0,1.0,5743.0,2.7288235294117644,17.0,82.71470588235293,40.705882352941174,2.960125370015671
edf10,17,,free_viewing,,5884.0,3828.0,348.0,11.0,822.5363636363636,389.17272727272723,4128.0,4128,6,892.0,1.0,5884.0,3.0290909090909093,11.0,107.07272727272726,78.54545454545455,1.8694765465669612
edf10,18,,free_viewing,,5916.0,4308.0,1436.0,3.0,926.6666666666666,421.4333333333334,4724.0,4724,1,924.0,1.0,5916.0,1.946666666666667,3.0,103.92666666666666,89.33333333333333,0.5070993914807302
edf10,19,English,sentence_audio,active,11139.0,4057.0,270.46666666666664,15.0,934.7466666666666,508.8933333333333,4212.0,3690,6,6147.0,0.8760683760683761,11139.0,4.240666666666666,15.0,103.84799999999998,52.0,1.3466199838405604
edf10,2,,free_viewing,,5693.0,4858.0,404.8333333333333,12.0,919.8916666666668,370.2166666666667,5172.0,5172,7,700.0,1.0,5693.0,3.9518181818181826,11.0,105.21090909090908,36.54545454545455,1.9321974354470404
edf10,20,English,sentence_audio,active,10375.0,4153.0,244.2941176470588,17.0,1009.4705882352941,488.3882352941176,4419.0,4419,9,5382.0,1.0,10375.0,2.9976470588235298,17.0,86.77352941176473,33.76470588235294,1.6385542168674698
edf10,21,English,sentence_audio,active,11063.0,3977.0,265.1333333333333,15.0,920.6266666666667,478.31999999999994,4400.0,3977,12,6540.0,0.9038636363636363,11063.0,4.3773333333333335,15.0,115.86666666666665,39.46666666666667,1.3558709210883124
edf10,22,English,sentence_audio,passive,10340.0,4044.0,404.4,10.0,896.5400000000002,413.35,4313.0,4167,6,5347.0,0.9661488523069789,10340.0,1.0989999999999998,10.0,71.497,68.0,0.9671179883945842
edf10,23,English,sentence_audio,passive,10228.0,4126.0,257.875,16.0,906.9062499999999,466.8,4408.0,3942,12,5236.0,0.8942831215970962,10228.0,3.756875,16.0,102.02062499999998,36.5,1.5643332029722332
edf10,24,English,sentence_audio,passive,11057.0,3621.0,190.57894736842104,19.0,822.1736842105262,490.42105263157896,3772.0,3086,7,6065.0,0.8181336161187699,11057.0,5.856315789473684,19.0,144.43157894736842,64.21052631578948,1.7183684543727955
edf10,25,English,sentence_audio,passive_dropped_agent,10390.0,4190.0,246.47058823529412,17.0,944.6176470588236,338.8411764705883,4369.0,4369,9,5399.0,1.0,10390.0,3.9441176470588233,17.0,105.02235294117648,36.588235294117645,1.6361886429258903
edf10,26,English,sentence_audio,passive_dropped_agent,10670.0,4038.0,288.42857142857144,14.0,799.7214285714286,516.4785714285715,4250.0,4250,11,5678.0,1.0,10670.0,4.780714285714287,14.0,121.68357142857143,53.0,1.3120899718837864
edf10,27,English,sentence_audio,passive_dropped_agent,11141.0,4007.0,333.9166666666667,12.0,848.1916666666667,441.49999999999994,4276.0,4276,5,6149.0,1.0,11141.0,4.055,12.0,116.23,59.666666666666664,1.0771025940220806
edf10,28,Punjabi,sentence_audio,active,10438.0,4254.0,425.4,10.0,919.47,534.3899999999999,4470.0,3896,2,5446.0,0.8715883668903803,10438.0,2.7439999999999998,10.0,86.103,52.2,0.9580379383023567
edf10,29,Punjabi,sentence_audio,active,10899.0,3405.0,227.0,15.0,1027.2066666666667,328.6866666666667,3591.0,2253,7,6412.0,0.6274018379281537,10899.0,6.261333333333334,15.0,166.95600000000002,93.46666666666667,1.3762730525736306
edf10,3,,free_viewing,,6016.0,3852.0,275.14285714285717,14.0,892.7714285714285,606.2928571428572,4165.0,3307,6,1023.0,0.7939975990396159,6016.0,3.9842857142857144,14.0,111.10428571428572,59.142857142857146,2.327127659574468
edf10,30,Punjabi,sentence_audio,active,11077.0,4145.0,207.25,20.0,988.485,395.385,4400.0,3306,7,6085.0,0.7513636363636363,11077.0,2.5655000000000006,20.0,76.66300000000001,29.6,1.8055430170623816
edf10,31,Punjabi,sentence_audio,passive,10754.0,3910.0,300.7692307692308,13.0,985.1461538461537,275.23846153846154,4274.0,3972,6,5762.0,0.9293401965372017,10754.0,4.724615384615385,13.0,129.16307692307691,55.23076923076923,1.208852519992561
edf10,32,Punjabi,sentence_audio,passive,10733.0,3995.0,332.9166666666667,12.0,883.8333333333334,438.22499999999997,4421.0,3715,5,5740.0,0.8403076227097942,10733.0,2.0399999999999996,12.0,82.77166666666666,47.666666666666664,1.118047144321252
edf10,33,Punjabi,sentence_audio,passive,10349.0,3905.0,244.0625,16.0,1003.2062500000001,378.10625,4146.0,3567,8,5620.0,0.8603473227206947,10349.0,3.6256250000000003,16.0,103.771875,52.875,1.5460430959512996
edf10,34,Punjabi,sentence_audio,passive_dropped_agent,10261.0,3765.0,198.1578947368421,19.0,926.2894736842105,646.4473684210527,4023.0,2503,8,5556.0,0.6221725080785483,10261.0,5.25421052631579,19.0,125.68684210526314,51.05263157894737,1.8516713770587663
edf10,35,Punjabi,sentence_audio,passive_dropped_agent,10818.0,3868.0,203.57894736842104,19.0,1012.3789473684211,465.0736842105263,3897.0,2996,10,6142.0,0.768796510136002,10818.0,6.564210526315789,19.0,138.82684210526315,57.68421052631579,1.756332039193936
edf10,36,Punjabi,sentence_audio,passive_dropped_agent,10334.0,3998.0,222.11111111111111,18.0,837.388888888889,434.57777777777784,4198.0,3814,8,5342.0,0.9085278704144831,10334.0,3.1877777777777783,18.0,95.94111111111111,44.111111111111114,1.7418231081865687
edf10,4,,free_viewing,,5782.0,4168.0,219.3684210526316,19.0,1060.4684210526316,477.7894736842105,4412.0,3670,5,1070.0,0.8318223028105167,5782.0,2.832105263157895,19.0,83.12368421052632,30.526315789473685,3.286060186786579
edf10,5,,free_viewing,,5879.0,3711.0,265.07142857142856,14.0,900.2428571428571,465.52142857142866,4416.0,3177,5,1634.0,0.7194293478260869,5879.0,2.496428571428571,14.0,84.57142857142857,41.142857142857146,2.3813573737030107
edf10,6,,free_viewing,,5828.0,3806.0,200.31578947368422,19.0,933.0473684210525,621.8052631578946,4045.0,3061,9,835.0,0.7567367119901113,5828.0,4.118947368421054,19.0,101.70052631578949,49.89473684210526,3.2601235415236784
edf10,7,,free_viewing,,5948.0,4070.0,254.375,16.0,972.4999999999999,510.31874999999997,4354.0,4354,8,956.0,1.0,5948.0,2.4387499999999998,16.0,80.579375,39.875,2.6899798251513114
edf10,8,,free_viewing,,6002.0,3892.0,228.94117647058823,17.0,870.064705882353,499.7235294117648,4159.0,3196,11,1312.0,0.768453955277711,6002.0,4.002941176470588,17.0,112.2005882352941,49.05882352941177,2.8323892035988005
edf10,9,,free_viewing,,6133.0,3810.0,211.66666666666666,18.0,972.9277777777776,475.1833333333334,4040.0,3810,7,1400.0,0.943069306930693,6133.0,4.435263157894736,19.0,112.9263157894737,51.1578947368421,3.0979944562204467
edf11,1,,free_viewing,,5967.0,4160.0,346.6666666666667,12.0,934.9166666666666,712.9083333333333,4600.0,4600,4,972.0,1.0,5967.0,3.0569230769230766,13.0,81.49,30.307692307692307,2.178649237472767
edf11,11,,free_viewing,,5846.0,4434.0,341.0769230769231,13.0,815.4538461538463,523.723076923077,4506.0,4314,8,854.0,0.9573901464713716,5846.0,4.007142857142857,14.0,100.03857142857142,36.0,2.3947998631542937
edf11,12,,free_viewing,,6116.0,4372.0,437.2,10.0,860.53,510.2499999999999,4629.0,4629,4,1123.0,1.0,6116.0,3.2318181818181824,11.0,88.74999999999999,34.18181818181818,1.7985611510791368
edf11,13,,free_viewing,,5810.0,4922.0,4922.0,1.0,952.1,549.7,4942.0,4922,1,888.0,0.9959530554431404,5810.0,9.42,1.0,189.59,50.0,0.17211703958691912
edf11,14,,free_viewing,,5950.0,1652.0,206.5,8.0,950.1375,420.2625,4097.0,4097,4,957.0,1.0,5950.0,3.3325,8.0,168.70125,112.0,1.3445378151260503
edf11,15,,free_viewing,,5976.0,4266.0,387.8181818181818,11.0,1084.081818181818,395.8545454545454,4656.0,4656,5,984.0,1.0,5976.0,2.6036363636363635,11.0,76.52545454545454,30.545454545454547,1.8406961178045516
edf11,16,,free_viewing,,5677.0,4327.0,332.84615384615387,13.0,945.7230769230769,462.9769230769231,4624.0,4624,8,685.0,1.0,5677.0,2.141538461538462,13.0,70.63538461538461,28.307692307692307,2.2899418707063592
edf11,17,,free_viewing,,6048.0,4148.0,345.6666666666667,12.0,904.7166666666666,446.34999999999997,4353.0,4353,8,1055.0,1.0,6048.0,2.5958333333333337,12.0,90.53916666666667,53.333333333333336,1.9841269841269842
edf11,18,,free_viewing,,5647.0,4401.0,4401.0,1.0,1174.8,490.2,4955.0,4955,2,654.0,1.0,5647.0,4.35,1.0,114.86,38.0,0.17708517797060386
edf11,19,English,sentence_audio,passive,10313.0,3981.0,331.75,12.0,961.8583333333332,389.7916666666667,4269.0,4269,1,5320.0,1.0,10313.0,1.26,12.0,79.72333333333333,60.333333333333336,1.1635799476389024
edf11,2,,free_viewing,,5791.0,4237.0,302.64285714285717,14.0,806.7785714285716,446.4285714285714,4449.0,3863,7,798.0,0.8682850078669364,5791.0,4.746428571428571,14.0,112.76928571428572,38.857142857142854,2.4175444655499914
edf11,20,English,sentence_audio,passive,10852.0,4338.0,433.8,10.0,950.6899999999999,395.45,4724.0,4066,6,5860.0,0.8607112616426758,10852.0,1.7419999999999998,10.0,63.507999999999996,26.8,0.9214891264283082
edf11,21,English,sentence_audio,passive,11038.0,2128.0,1064.0,2.0,894.8,479.0,4912.0,2128,2,8866.0,0.43322475570032576,11038.0,4.295,2.0,106.36,40.0,0.1811922449719152
edf11,22,English,sentence_audio,passive_dropped_agent,10209.0,4125.0,825.0,5.0,899.3399999999999,411.64,4397.0,4397,4,5216.0,1.0,10209.0,1.8519999999999999,5.0,126.25600000000001,119.2,0.4897639337839162
edf11,23,English,sentence_audio,passive_dropped_agent,10406.0,4602.0,1150.5,4.0,771.825,438.975,4849.0,4849,4,5415.0,1.0,10406.0,4.154999999999999,4.0,106.7825,35.5,0.3843936190659235
edf11,24,English,sentence_audio,passive_dropped_agent,10815.0,4295.0,477.22222222222223,9.0,875.0444444444444,270.4555555555556,4656.0,4656,6,5823.0,1.0,10815.0,4.093333333333334,9.0,98.5811111111111,37.333333333333336,0.8321775312066575
edf11,25,Punjabi,sentence_audio,active,10515.0,3926.0,302.0,13.0,1027.6384615384616,343.1923076923077,4173.0,4173,5,5523.0,1.0,10515.0,2.1885714285714286,14.0,111.9192857142857,59.857142857142854,1.3314312886352828
edf11,26,Punjabi,sentence_audio,active,10526.0,3902.0,278.7142857142857,14.0,869.5571428571428,484.5571428571428,4209.0,4047,7,5533.0,0.9615110477548111,10526.0,2.912142857142857,14.0,105.98357142857142,56.0,1.3300399011970359
edf11,27,Punjabi,sentence_audio,active,10522.0,4262.0,532.75,8.0,890.0625,337.8,4292.0,4152,5,5530.0,0.967381174277726,10522.0,3.4262500000000005,8.0,149.075,87.5,0.7603117278084014
edf11,28,Punjabi,sentence_audio,passive,10378.0,3656.0,281.2307692307692,13.0,915.5615384615384,646.4230769230769,3802.0,2254,5,5610.0,0.592845870594424,10378.0,4.372142857142858,14.0,117.44285714285714,97.28571428571429,1.3490075158990171
edf11,29,Punjabi,sentence_audio,passive,10214.0,3606.0,300.5,12.0,1332.9999999999998,774.7499999999999,3860.0,2502,4,5522.0,0.6481865284974093,10214.0,6.4750000000000005,14.0,126.98642857142856,82.42857142857143,1.3706677109849226
edf11,3,,free_viewing,,6023.0,4325.0,308.92857142857144,14.0,886.0428571428572,464.16428571428577,4600.0,4216,7,1031.0,0.9165217391304348,6023.0,2.186428571428571,14.0,73.73642857142856,28.0,2.324423044994189
edf11,30,Punjabi,sentence_audio,passive,10931.0,4181.0,380.09090909090907,11.0,931.3363636363636,386.8181818181818,4196.0,3895,4,5988.0,0.9282650142993327,10931.0,3.2827272727272727,11.0,122.7809090909091,72.36363636363636,1.006312322751807
edf11,31,Punjabi,sentence_audio,passive_dropped_agent,10398.0,4282.0,305.85714285714283,14.0,941.9928571428571,348.4857142857142,4321.0,4321,8,5405.0,1.0,10398.0,3.1807142857142847,14.0,114.60857142857141,48.0,1.3464127716868628
edf11,32,Punjabi,sentence_audio,passive_dropped_agent,11094.0,4126.0,412.6,10.0,888.25,476.95,4451.0,3686,7,6456.0,0.8281285104470906,11094.0,2.031,10.0,87.357,54.2,0.9013881377321075
edf11,34,English,sentence_audio,active,10364.0,4214.0,280.93333333333334,15.0,902.0866666666667,549.94,4236.0,3642,6,5602.0,0.8597733711048159,10364.0,2.756666666666667,15.0,84.65599999999999,50.4,1.4473176379776147
edf11,35,English,sentence_audio,active,10933.0,4397.0,488.55555555555554,9.0,907.2444444444445,684.9111111111112,4469.0,4469,4,5940.0,1.0,10933.0,2.742222222222223,9.0,87.96111111111111,58.22222222222222,0.8231958291411323
edf11,36,English,sentence_audio,active,10459.0,4299.0,477.6666666666667,9.0,859.8000000000001,384.74444444444447,4302.0,4135,6,5716.0,0.9611808461180846,10459.0,3.2122222222222216,9.0,136.71222222222224,76.66666666666667,0.8605029161487714
edf11,4,,free_viewing,,5961.0,4405.0,440.5,10.0,835.85,626.9100000000001,4621.0,4621,5,968.0,1.0,5961.0,3.9659999999999997,10.0,104.83099999999999,37.2,1.6775708773695688
edf11,5,,free_viewing,,5689.0,3755.0,375.5,10.0,1060.8899999999999,673.9100000000001,4359.0,4359,3,696.0,1.0,5689.0,2.5869999999999997,10.0,89.026,63.4,1.7577781683951486
edf11,6,,free_viewing,,5731.0,4673.0,1557.6666666666667,3.0,993.0,345.9333333333334,4870.0,4673,3,972.0,0.9595482546201232,5731.0,4.736666666666667,3.0,115.69666666666667,40.666666666666664,0.5234688536032106
edf11,7,,free_viewing,,5962.0,4104.0,315.6923076923077,13.0,976.8153846153845,363.4384615384615,4420.0,4202,5,970.0,0.9506787330316742,5962.0,2.875384615384615,13.0,95.81153846153846,44.0,2.1804763502180475
edf11,8,,free_viewing,,5849.0,3991.0,443.44444444444446,9.0,996.1444444444444,492.79999999999995,4405.0,4405,5,856.0,1.0,5849.0,2.8055555555555554,9.0,120.8477777777778,65.33333333333333,1.5387245683022739
edf11,9,,free_viewing,,5831.0,4271.0,474.55555555555554,9.0,793.9666666666667,458.5888888888888,4525.0,4525,4,838.0,1.0,5831.0,2.2533333333333334,9.0,91.76666666666668,52.0,1.5434745326702108
edf12,1,,free_viewing,,5963.0,4410.0,735.0,6.0,909.75,532.6833333333334,4791.0,4591,5,973.0,0.9582550615737842,5963.0,3.3066666666666666,6.0,96.02833333333335,33.0,1.006204930404159
edf12,10,,free_viewing,,5684.0,4424.0,402.1818181818182,11.0,805.7545454545456,518.2909090909092,4672.0,4378,5,692.0,0.9370719178082192,5684.0,2.691818181818182,11.0,79.6581818181818,29.09090909090909,1.9352568613652357
edf12,11,,free_viewing,,5741.0,4325.0,360.4166666666667,12.0,897.3083333333334,505.51666666666665,4542.0,4542,6,749.0,1.0,5741.0,4.3933333333333335,12.0,107.93083333333333,37.5,2.0902281832433376
edf12,12,,free_viewing,,5710.0,4372.0,437.2,10.0,939.76,503.0,4568.0,4568,3,718.0,1.0,5710.0,1.6060000000000003,10.0,81.73400000000001,42.4,1.7513134851138354
edf12,13,,free_viewing,,5815.0,4277.0,356.4166666666667,12.0,975.4250000000001,577.1416666666668,4589.0,4143,4,822.0,0.9028110699498801,5815.0,3.483333333333334,12.0,92.89916666666666,33.666666666666664,2.063628546861565
edf12,14,,free_viewing,,6090.0,4458.0,342.9230769230769,13.0,884.4076923076923,611.7307692307692,4604.0,3320,3,1398.0,0.7211120764552563,6090.0,2.913846153846154,13.0,85.25461538461538,29.846153846153847,2.134646962233169
edf12,15,,free_viewing,,5932.0,4240.0,353.3333333333333,12.0,974.6249999999999,699.0000000000001,4414.0,4414,4,972.0,1.0,5932.0,3.5176923076923075,13.0,122.33230769230771,44.46153846153846,2.191503708698584
edf12,16,,free_viewing,,5829.0,4345.0,289.6666666666667,15.0,1000.6,742.3933333333333,4502.0,3276,3,835.0,0.7276765881830297,5829.0,2.964,15.0,79.49266666666668,32.8,2.573340195573855
edf12,17,,free_viewing,,6014.0,4586.0,458.6,10.0,866.2400000000001,645.2900000000001,4715.0,4715,3,1021.0,1.0,6014.0,2.1830000000000003,10.0,69.045,27.8,1.6627868307283005
edf12,18,,free_viewing,,5843.0,4207.0,280.46666666666664,15.0,798.9733333333334,637.44,4363.0,4051,5,850.0,0.9284895713958286,5843.0,3.859333333333334,15.0,99.29466666666669,42.0,2.567174396714017
edf12,19,English,sentence_audio,passive_dropped_agent,10710.0,4068.0,813.6,5.0,955.0400000000002,372.72,4872.0,4872,1,5720.0,1.0,10710.0,1.466,5.0,56.782000000000004,23.6,0.46685340802987857
edf12,2,,free_viewing,,5942.0,4226.0,325.0769230769231,13.0,955.7461538461539,530.8153846153847,4290.0,3906,6,950.0,0.9104895104895104,5942.0,2.185,14.0,120.19714285714284,51.0,2.356109054190508
edf12,20,English,sentence_audio,passive_dropped_agent,10560.0,4282.0,535.25,8.0,1057.825,639.3,4424.0,4020,4,5568.0,0.9086799276672695,10560.0,4.84875,8.0,159.42749999999998,71.0,0.7575757575757576
edf12,21,English,sentence_audio,passive_dropped_agent,11013.0,4479.0,447.9,10.0,906.47,593.79,4606.0,4606,3,6021.0,1.0,11013.0,1.8310000000000002,10.0,89.489,38.6,0.9080177971488241
edf12,22,Punjabi,sentence_audio,active,11197.0,4463.0,557.875,8.0,912.6749999999998,434.5875,4615.0,4405,5,6204.0,0.9544962080173348,11197.0,1.32375,8.0,97.46124999999998,47.25,0.7144770920782353
edf12,23,Punjabi,sentence_audio,active,10441.0,4597.0,510.77777777777777,9.0,763.2222222222223,498.1777777777778,4748.0,4748,3,5449.0,1.0,10441.0,2.1577777777777776,9.0,74.04333333333334,27.11111111111111,0.8619863997701369
edf12,24,Punjabi,sentence_audio,active,10867.0,4015.0,286.7857142857143,14.0,884.0571428571429,398.2857142857143,4364.0,4364,7,5875.0,1.0,10867.0,3.6928571428571435,14.0,112.51285714285714,44.857142857142854,1.2883040397533816
edf12,25,Punjabi,sentence_audio,passive,10535.0,4649.0,464.9,10.0,1032.5000000000002,441.15,4674.0,4674,6,5543.0,1.0,10535.0,2.88,10.0,83.701,31.8,0.9492168960607499
edf12,26,Punjabi,sentence_audio,passive,11072.0,3978.0,265.2,15.0,910.0466666666667,615.2466666666668,4123.0,2829,5,6079.0,0.6861508610235265,11072.0,3.4,15.0,117.57333333333334,58.0,1.3547687861271678
edf12,27,Punjabi,sentence_audio,passive,10482.0,4204.0,323.38461538461536,13.0,883.6999999999999,526.2153846153847,4414.0,4414,6,5490.0,1.0,10482.0,2.82,13.0,94.18692307692307,44.46153846153846,1.240221331806907
edf12,28,Punjabi,sentence_audio,passive_dropped_agent,10233.0,4485.0,320.35714285714283,14.0,1026.357142857143,743.0285714285716,4534.0,4240,4,5241.0,0.9351565946184385,10233.0,3.1385714285714292,14.0,88.38214285714287,32.714285714285715,1.3681227401544023
edf12,29,Punjabi,sentence_audio,passive_dropped_agent,11059.0,4307.0,331.3076923076923,13.0,1075.2153846153847,348.0538461538462,4459.0,4307,3,6254.0,0.9659116393810271,11059.0,2.423076923076923,13.0,102.1869230769231,41.07692307692308,1.1755131567049464
edf12,3,,free_viewing,,5793.0,4561.0,506.77777777777777,9.0,1070.5222222222221,497.87777777777774,4713.0,4561,5,980.0,0.967748779970295,5793.0,3.17,9.0,87.8111111111111,31.11111111111111,1.5535991714137751
edf12,30,Punjabi,sentence_audio,passive_dropped_agent,10889.0,4381.0,273.8125,16.0,882.71875,485.86250000000007,4534.0,4063,4,6072.0,0.896118217909131,10889.0,2.589375,16.0,72.269375,28.625,1.4693727615024337
edf12,31,English,sentence_audio,active,10908.0,4264.0,328.0,13.0,917.5,326.723076923077,4424.0,3854,5,5916.0,0.8711573236889693,10908.0,2.7053846153846144,13.0,98.58153846153847,43.69230769230769,1.1917858452511918
edf12,32,English,sentence_audio,active,10840.0,3858.0,321.5,12.0,907.75,548.2916666666667,4221.0,2934,6,6236.0,0.6950959488272921,10840.0,2.160769230769231,13.0,108.12461538461538,60.76923076923077,1.1992619926199262
edf12,33,English,sentence_audio,active,10591.0,4367.0,436.7,10.0,985.3299999999999,483.27,4544.0,4410,4,5599.0,0.9705105633802817,10591.0,2.63,10.0,115.20000000000002,44.8,0.9441979038806535
edf12,34,English,sentence_audio,passive,10608.0,4146.0,318.9230769230769,13.0,844.3307692307692,607.6538461538461,4313.0,3419,5,5615.0,0.7927196846742407,10608.0,3.4130769230769236,13.0,100.5153846153846,52.30769230769231,1.2254901960784312
edf12,35,English,sentence_audio,passive,10524.0,4274.0,610.5714285714286,7.0,921.6999999999999,614.2571428571429,4527.0,4527,4,5531.0,1.0,10524.0,3.7437500000000004,8.0,132.17624999999998,59.5,0.7601672367920943
edf12,36,English,sentence_audio,passive,10564.0,3874.0,322.8333333333333,12.0,597.2666666666668,504.55,4128.0,3576,4,5572.0,0.8662790697674418,10564.0,8.998333333333333,12.0,145.49666666666667,72.0,1.135933358576297
edf12,4,,free_viewing,,6075.0,4549.0,649.8571428571429,7.0,927.1,673.7428571428571,4786.0,3895,3,1083.0,0.813832010029252,6075.0,2.654285714285714,7.0,75.95142857142856,29.428571428571427,1.1522633744855966
edf12,5,,free_viewing,,5955.0,4321.0,332.38461538461536,13.0,1008.3692307692309,352.776923076923,4477.0,4371,7,962.0,0.9763234308688854,5955.0,2.0100000000000002,13.0,89.98923076923076,39.69230769230769,2.1830394626364398
edf12,6,,free_viewing,,5966.0,4334.0,254.94117647058823,17.0,1052.994117647059,475.8588235294118,4473.0,3090,5,1142.0,0.6908115358819584,5966.0,3.088235294117647,17.0,87.59294117647059,30.58823529411765,2.8494803888702647
edf12,7,,free_viewing,,5968.0,4536.0,567.0,8.0,927.05,480.2625,4680.0,4680,3,976.0,1.0,5968.0,1.2037499999999999,8.0,101.42125,39.0,1.3404825737265416
edf12,8,,free_viewing,,6010.0,4466.0,406.0,11.0,922.8454545454547,725.6818181818181,4632.0,4020,5,1018.0,0.8678756476683938,6010.0,2.9258333333333333,12.0,89.22500000000001,31.0,1.9966722129783694
edf12,9,,free_viewing,,5813.0,4253.0,327.15384615384613,13.0,854.2615384615384,361.4846153846154,4460.0,4460,5,821.0,1.0,5813.0,2.6223076923076927,13.0,121.46615384615387,40.92307692307692,2.2363667641493206
edf13,1,,free_viewing,,5668.0,4132.0,196.76190476190476,21.0,1081.9809523809522,495.2333333333334,4314.0,4070,5,880.0,0.943439962911451,5668.0,3.057619047619047,21.0,82.49380952380953,32.285714285714285,3.705010585744531
edf13,10,,free_viewing,,5856.0,3568.0,237.86666666666667,15.0,988.3533333333332,653.3266666666666,4016.0,3760,4,864.0,0.9362549800796812,5856.0,4.4575,16.0,146.51625,62.125,2.73224043715847
edf13,11,,free_viewing,,5964.0,4224.0,301.7142857142857,14.0,827.5714285714284,483.08571428571435,4457.0,4457,5,971.0,1.0,5964.0,4.36,14.0,99.86857142857141,38.285714285714285,2.3474178403755865
edf13,12,,free_viewing,,5653.0,4121.0,242.41176470588235,17.0,1039.3470588235298,546.135294117647,4344.0,3221,7,922.0,0.7414825046040515,5653.0,4.293529411764706,17.0,98.38470588235295,38.11764705882353,3.007252786131258
edf13,13,,free_viewing,,6022.0,4324.0,1441.3333333333333,3.0,926.5,489.8333333333333,4893.0,4893,3,1029.0,1.0,6022.0,3.35,3.0,98.99333333333334,33.333333333333336,0.49817336433078707
edf13,14,,free_viewing,,5997.0,3782.0,236.375,16.0,959.38125,538.74375,4043.0,4043,4,1005.0,1.0,5997.0,3.8100000000000005,17.0,156.2329411764706,56.94117647058823,2.834750708687677
edf13,15,,free_viewing,,5965.0,4196.0,246.8235294117647,17.0,1000.3117647058825,511.12941176470594,4357.0,4357,6,973.0,1.0,5965.0,2.8405882352941174,17.0,127.10055555555557,36.0,2.8499580888516345
edf13,16,,free_viewing,,5764.0,4200.0,233.33333333333334,18.0,982.7722222222224,709.8833333333334,4479.0,4479,4,771.0,1.0,5764.0,2.612222222222222,18.0,74.35222222222222,28.555555555555557,3.1228313671061763
edf13,17,,free_viewing,,6057.0,3683.0,245.53333333333333,15.0,948.1600000000001,508.6533333333333,3881.0,3881,7,1064.0,1.0,6057.0,2.8960000000000004,15.0,193.74266666666665,74.13333333333334,2.476473501733531
edf13,18,,free_viewing,,5694.0,3946.0,232.11764705882354,17.0,913.1176470588235,643.5294117647059,4088.0,3142,5,874.0,0.7685909980430529,5694.0,4.3772222222222235,18.0,118.8872222222222,51.22222222222222,3.161222339304531
edf13,19,Punjabi,sentence_audio,active,10467.0,3837.0,239.8125,16.0,890.1625000000003,615.48125,4013.0,3216,5,5684.0,0.8013954647395963,10467.0,3.7425,16.0,139.794375,61.25,1.528613738415974
edf13,2,,free_viewing,,5687.0,4083.0,194.42857142857142,21.0,990.4190476190478,573.1190476190477,4292.0,3764,5,695.0,0.8769804287045666,5687.0,3.8428571428571425,21.0,98.37238095238096,33.333333333333336,3.6926323193247756
edf13,20,Punjabi,sentence_audio,active,10831.0,3951.0,263.4,15.0,867.2866666666666,520.9933333333333,4106.0,4106,8,5839.0,1.0,10831.0,3.1833333333333327,15.0,185.20333333333338,59.06666666666667,1.3849136737143386
edf13,21,Punjabi,sentence_audio,active,11070.0,4328.0,541.0,8.0,966.0250000000001,550.525,4518.0,4518,4,6078.0,1.0,11070.0,2.532222222222222,9.0,135.82555555555555,54.0,0.8130081300813008
edf13,22,Punjabi,sentence_audio,passive,10676.0,3840.0,240.0,16.0,915.0062499999999,675.4312499999999,4002.0,2882,8,5684.0,0.7201399300349826,10676.0,4.2837499999999995,16.0,156.90062500000002,61.875,1.4986886474334957
edf13,23,Punjabi,sentence_audio,passive,10992.0,3914.0,260.93333333333334,15.0,773.3533333333331,551.1133333333332,4042.0,3702,6,6000.0,0.9158832261256804,10992.0,7.862000000000001,15.0,158.31,63.333333333333336,1.3646288209606985
edf13,24,Punjabi,sentence_audio,passive,10617.0,3715.0,265.35714285714283,14.0,850.9857142857143,518.0214285714285,3926.0,3926,9,5623.0,1.0,10617.0,4.512857142857143,14.0,162.98285714285717,76.28571428571429,1.3186399171140621
edf13,25,Punjabi,sentence_audio,passive_dropped_agent,10808.0,4392.0,366.0,12.0,809.1750000000001,504.60833333333335,4576.0,4240,9,5816.0,0.9265734265734266,10808.0,3.453333333333333,12.0,95.59250000000002,34.666666666666664,1.1102886750555145
edf13,26,Punjabi,sentence_audio,passive_dropped_agent,10697.0,4069.0,290.64285714285717,14.0,1003.7357142857144,462.5928571428571,4222.0,3861,6,5890.0,0.9144954997631455,10697.0,3.772142857142857,14.0,120.41,55.0,1.308778162101524
edf13,27,Punjabi,sentence_audio,passive_dropped_agent,11061.0,3791.0,252.73333333333332,15.0,820.64,445.9266666666666,4026.0,4026,6,6069.0,1.0,11061.0,2.2800000000000002,15.0,142.79199999999997,64.4,1.3561160835367507
edf13,28,English,sentence_audio,active,11192.0,3484.0,232.26666666666668,15.0,941.8333333333335,448.52000000000004,3831.0,3699,7,6199.0,0.9655442443226312,11192.0,4.160666666666667,15.0,174.9226666666667,77.46666666666667,1.34024303073624
edf13,29,English,sentence_audio,active,10368.0,4690.0,1172.5,4.0,810.8,532.725,4868.0,3062,3,5376.0,0.6290057518488086,10368.0,2.825,4.0,87.82249999999999,31.0,0.38580246913580246
edf13,3,,free_viewing,,5973.0,4221.0,234.5,18.0,954.9500000000002,516.7611111111112,4272.0,3912,8,981.0,0.9157303370786517,5973.0,2.5977777777777775,18.0,110.61555555555556,40.0,3.0135610246107483
edf13,30,English,sentence_audio,active,10505.0,3273.0,204.5625,16.0,1089.4,470.84375000000006,4147.0,4147,4,5512.0,1.0,10505.0,2.47625,16.0,97.10249999999999,52.875,1.5230842455973346
edf13,31,English,sentence_audio,passive,10597.0,4607.0,658.1428571428571,7.0,1082.3714285714286,722.0,4769.0,4769,4,5604.0,1.0,10597.0,3.028571428571428,7.0,89.79428571428572,32.0,0.6605643106539587
edf13,32,English,sentence_audio,passive,10267.0,4015.0,250.9375,16.0,965.4562499999998,621.88125,4185.0,3493,6,5484.0,0.834647550776583,10267.0,2.4,16.0,84.101875,50.5,1.5583909613324243
edf13,35,English,sentence_audio,passive_dropped_agent,11040.0,3740.0,311.6666666666667,12.0,961.7166666666667,469.6583333333333,3954.0,3954,3,6048.0,1.0,11040.0,2.3969230769230774,13.0,202.24461538461537,80.76923076923077,1.177536231884058
edf13,36,English,sentence_audio,passive_dropped_agent,10212.0,3902.0,216.77777777777777,18.0,960.7722222222224,455.1055555555556,4062.0,3884,7,5220.0,0.9561792220580995,10212.0,2.6766666666666663,18.0,141.21500000000003,51.666666666666664,1.7626321974148063
edf13,4,,free_viewing,,6011.0,4169.0,189.5,22.0,969.5227272727271,651.6454545454546,4298.0,2604,5,1184.0,0.6058631921824105,6011.0,2.727727272727272,22.0,78.01772727272729,31.545454545454547,3.6599567459657294
edf13,5,,free_viewing,,5895.0,4363.0,207.76190476190476,21.0,887.0619047619049,512.5571428571427,4423.0,4081,5,902.0,0.9226769161202804,5895.0,2.0166666666666666,21.0,67.53523809523809,27.142857142857142,3.56234096692112
edf13,6,,free_viewing,,6102.0,4136.0,217.68421052631578,19.0,907.7631578947367,560.0684210526316,4332.0,3736,6,1110.0,0.8624192059095106,6102.0,3.49578947368421,19.0,91.09736842105262,34.73684210526316,3.113733202228777
edf13,7,,free_viewing,,5793.0,4278.0,213.9,20.0,938.555,711.9850000000001,4351.0,3375,6,801.0,0.7756837508618708,5793.0,3.072857142857143,21.0,89.24428571428572,31.428571428571427,3.625064733298809
edf13,8,,free_viewing,,5793.0,4171.0,208.55,20.0,843.95,588.43,4354.0,3080,5,801.0,0.707395498392283,5793.0,3.1984999999999997,20.0,86.012,31.9,3.452442603141723
edf13,9,,free_viewing,,6021.0,3963.0,220.16666666666666,18.0,1039.4444444444443,456.1499999999999,4179.0,3755,7,1028.0,0.8985403206508734,6021.0,3.565555555555555,18.0,116.2838888888889,45.22222222222222,2.9895366218236172
edf14,1,,free_viewing,,6001.0,4443.0,317.35714285714283,14.0,926.9214285714286,554.2642857142857,4644.0,4644,3,1009.0,1.0,6001.0,1.6200000000000003,14.0,61.25142857142856,24.857142857142858,2.3329445092484584
edf14,10,,free_viewing,,5939.0,4185.0,279.0,15.0,921.4066666666669,698.4200000000001,4344.0,2726,7,947.0,0.6275322283609577,5939.0,3.2160000000000006,15.0,107.47866666666667,43.2,2.5256777235224783
edf14,11,,free_viewing,,5672.0,3966.0,283.2857142857143,14.0,982.9071428571427,451.40000000000003,4237.0,4237,4,679.0,1.0,5672.0,2.2614285714285716,14.0,108.76142857142857,54.0,2.4682651622002822
edf14,12,,free_viewing,,5720.0,4180.0,232.22222222222223,18.0,936.6333333333334,563.5111111111112,4396.0,4396,4,728.0,1.0,5720.0,3.2216666666666662,18.0,89.55777777777777,33.111111111111114,3.146853146853147
edf14,13,,free_viewing,,5889.0,4161.0,260.0625,16.0,956.2375,754.41875,4302.0,4048,5,897.0,0.9409576940957695,5889.0,2.51375,16.0,92.0175,43.125,2.71692986924775
edf14,14,,free_viewing,,5781.0,4103.0,227.94444444444446,18.0,900.811111111111,735.0166666666667,4259.0,3119,6,788.0,0.7323315332237614,5781.0,3.3272222222222223,18.0,107.2438888888889,40.77777777777778,3.1136481577581736
edf14,15,,free_viewing,,5666.0,4020.0,251.25,16.0,946.7999999999998,590.375,4066.0,3750,3,674.0,0.9222823413674373,5666.0,4.19,16.0,129.27125,57.875,2.8238616307800917
edf14,16,,free_viewing,,6066.0,4126.0,275.06666666666666,15.0,1009.6666666666667,446.3133333333334,4286.0,4286,6,1074.0,1.0,6066.0,3.265333333333333,15.0,111.714,47.06666666666667,2.472799208704253
edf14,17,,free_viewing,,6112.0,4136.0,258.5,16.0,1001.1562499999999,500.24375000000003,4266.0,3928,5,1556.0,0.9207688701359588,6112.0,4.144705882352942,17.0,109.97058823529413,43.88235294117647,2.781413612565445
edf14,18,,free_viewing,,5907.0,4279.0,305.64285714285717,14.0,913.7357142857144,536.2785714285715,4423.0,4423,8,914.0,1.0,5907.0,2.4121428571428574,14.0,97.36142857142856,40.714285714285715,2.3700694091755543
edf14,19,Punjabi,sentence_audio,passive,10919.0,4213.0,324.0769230769231,13.0,878.1923076923075,540.1076923076922,4443.0,3697,3,6186.0,0.8320954310150799,10919.0,2.4284615384615384,13.0,96.39692307692309,42.30769230769231,1.1905852184265957
edf14,2,,free_viewing,,5851.0,4329.0,309.2142857142857,14.0,896.3785714285714,676.9142857142857,4562.0,2526,5,859.0,0.5537045155633494,5851.0,2.938571428571428,14.0,87.4492857142857,30.714285714285715,2.392753375491369
edf14,20,Punjabi,sentence_audio,passive,11020.0,4292.0,306.57142857142856,14.0,876.9857142857144,598.8642857142856,4322.0,4322,6,6028.0,1.0,11020.0,2.867857142857143,14.0,101.72785714285715,47.857142857142854,1.2704174228675136
edf14,21,Punjabi,sentence_audio,passive,10422.0,4376.0,312.57142857142856,14.0,906.4142857142855,534.1928571428572,4631.0,4631,4,5429.0,1.0,10422.0,1.7292857142857143,14.0,63.327857142857134,25.857142857142858,1.3433122241412396
edf14,22,Punjabi,sentence_audio,passive_dropped_agent,11037.0,4193.0,381.1818181818182,11.0,1010.2,755.3272727272728,4404.0,2579,3,6286.0,0.5856039963669392,11037.0,2.789090909090909,11.0,90.3190909090909,53.45454545454545,0.9966476397571803
edf14,23,Punjabi,sentence_audio,passive_dropped_agent,10334.0,4064.0,270.93333333333334,15.0,1053.313333333333,586.3666666666668,4350.0,4132,2,5342.0,0.9498850574712644,10334.0,3.068666666666666,15.0,106.55199999999999,42.8,1.4515192568221407
edf14,24,Punjabi,sentence_audio,passive_dropped_agent,10313.0,4306.0,358.8333333333333,12.0,922.2083333333334,499.0,4519.0,3895,3,5321.0,0.8619163531754813,10313.0,2.5933333333333333,12.0,95.33230769230771,37.38461538461539,1.1635799476389024
edf14,25,English,sentence_audio,active,10953.0,4171.0,347.5833333333333,12.0,804.1666666666666,603.5916666666666,4443.0,4169,4,5960.0,0.9383299572361017,10953.0,2.9525,12.0,92.45916666666666,45.833333333333336,1.0955902492467817
edf14,26,English,sentence_audio,active,10395.0,4477.0,407.0,11.0,975.5545454545453,378.19090909090914,4672.0,4313,4,5628.0,0.9231592465753424,10395.0,2.6236363636363635,11.0,80.54909090909089,29.09090909090909,1.0582010582010581
edf14,27,English,sentence_audio,active,10267.0,4194.0,233.0,18.0,869.7055555555555,548.561111111111,4373.0,3777,6,5275.0,0.8637091241710496,10267.0,2.205263157894737,19.0,83.18473684210528,33.578947368421055,1.8505892665822539
edf14,28,English,sentence_audio,passive,10589.0,4125.0,275.0,15.0,964.2666666666667,548.8333333333334,4334.0,2965,5,5597.0,0.6841255191508998,10589.0,3.5319999999999996,15.0,106.88400000000001,43.86666666666667,1.4165643592407215
edf14,29,English,sentence_audio,passive,10504.0,4502.0,409.27272727272725,11.0,836.1909090909091,575.2363636363636,4654.0,3710,5,5512.0,0.7971637301246239,10504.0,2.8536363636363635,11.0,86.11636363636363,30.727272727272727,1.0472201066260474
edf14,3,,free_viewing,,6024.0,4402.0,366.8333333333333,12.0,897.0083333333333,586.0333333333334,4621.0,4621,3,1031.0,1.0,6024.0,2.664166666666666,12.0,82.79166666666667,31.0,1.9920318725099602
edf14,30,English,sentence_audio,passive,10253.0,4511.0,375.9166666666667,12.0,919.4833333333332,460.5416666666666,4663.0,4663,3,5260.0,1.0,10253.0,2.3800000000000003,12.0,79.36333333333334,27.5,1.1703891543938358
edf14,31,English,sentence_audio,passive_dropped_agent,10341.0,3989.0,265.93333333333334,15.0,958.8533333333334,705.5533333333334,4350.0,3615,6,5349.0,0.8310344827586207,10341.0,2.72,15.0,97.51866666666666,42.8,1.4505366985784742
edf14,32,English,sentence_audio,passive_dropped_agent,10222.0,4276.0,475.1111111111111,9.0,942.8777777777777,742.9555555555556,4529.0,4285,3,5229.0,0.9461249724000883,10222.0,2.683333333333333,9.0,84.84111111111112,51.55555555555556,0.8804539229113677
edf14,33,English,sentence_audio,passive_dropped_agent,10566.0,4316.0,431.6,10.0,888.7700000000001,454.98,4540.0,3892,2,5830.0,0.8572687224669604,10566.0,2.048,10.0,83.885,45.2,0.946431951542684
edf14,34,Punjabi,sentence_audio,active,10606.0,4206.0,300.42857142857144,14.0,945.2857142857143,566.3,4275.0,4275,5,5613.0,1.0,10606.0,2.176428571428571,14.0,94.93785714285715,51.285714285714285,1.3200075429002451
edf14,35,Punjabi,sentence_audio,active,10197.0,4217.0,351.4166666666667,12.0,976.5333333333334,532.95,4580.0,4000,8,5205.0,0.8733624454148472,10197.0,3.1766666666666663,12.0,88.62333333333333,34.333333333333336,1.1768167107972933
edf14,36,Punjabi,sentence_audio,active,10254.0,4112.0,241.88235294117646,17.0,984.1470588235294,534.0,4296.0,3982,7,5262.0,0.9269087523277467,10254.0,3.367777777777777,18.0,90.41666666666667,39.666666666666664,1.7554125219426566
edf14,4,,free_viewing,,5879.0,4236.0,353.0,12.0,966.7166666666666,488.78333333333336,4448.0,3962,3,886.0,0.8907374100719424,5879.0,2.7123076923076925,13.0,106.76230769230772,43.23076923076923,2.2112604184385103
edf14,5,,free_viewing,,5655.0,4507.0,346.6923076923077,13.0,927.3076923076922,531.9076923076923,4645.0,3847,5,662.0,0.8282023681377826,5655.0,1.93,13.0,68.21846153846153,26.76923076923077,2.2988505747126435
edf14,6,,free_viewing,,5662.0,4418.0,315.57142857142856,14.0,975.3357142857143,545.2214285714286,4651.0,4651,2,669.0,1.0,5662.0,1.5764285714285715,14.0,61.79214285714285,24.428571428571427,2.472624514305899
edf14,7,,free_viewing,,5681.0,4251.0,236.16666666666666,18.0,1013.9055555555557,655.3888888888891,4434.0,1817,4,908.0,0.40978800180423997,5681.0,2.724444444444444,18.0,82.81555555555556,31.0,3.168456257701109
edf14,8,,free_viewing,,5948.0,4274.0,284.93333333333334,15.0,1051.0533333333335,549.2600000000001,4470.0,2638,3,1216.0,0.5901565995525727,5948.0,3.3613333333333335,15.0,93.07600000000001,34.8,2.5218560860793544
edf14,9,,free_viewing,,5860.0,4194.0,349.5,12.0,982.3166666666666,623.6166666666667,4430.0,3942,3,1134.0,0.8898419864559819,5860.0,3.771666666666667,12.0,113.35833333333335,46.833333333333336,2.04778156996587
edf15,1,,free_viewing,,5987.0,4239.0,302.7857142857143,14.0,941.1357142857142,469.55,4527.0,3935,10,1306.0,0.8692290700242986,5987.0,3.2478571428571423,14.0,89.28642857142857,33.142857142857146,2.3383998663771504
edf15,10,,free_viewing,,5915.0,4158.0,218.8421052631579,19.0,820.9105263157894,566.0789473684209,4359.0,3804,5,1156.0,0.8726772195457674,5915.0,3.021,20.0,84.9595,32.6,3.3812341504649197
edf15,11,,free_viewing,,5660.0,4374.0,312.42857142857144,14.0,987.4142857142857,457.89285714285717,4608.0,4608,3,668.0,1.0,5660.0,2.092857142857143,14.0,66.16214285714287,27.428571428571427,2.4734982332155475
edf15,12,,free_viewing,,5791.0,4069.0,239.35294117647058,17.0,920.8647058823528,490.5764705882352,4298.0,4298,5,799.0,1.0,5791.0,3.5823529411764703,17.0,108.00941176470587,40.8235294117647,2.9355897081678464
edf15,13,,free_viewing,,5689.0,4231.0,211.55,20.0,949.015,448.45500000000004,4426.0,4236,7,697.0,0.9570718481699051,5689.0,2.3144999999999993,20.0,73.85499999999999,28.3,3.515556336790297
edf15,14,,free_viewing,,5790.0,3834.0,273.85714285714283,14.0,939.1642857142858,571.65,4082.0,4040,7,798.0,0.9897109260166586,5790.0,2.305333333333333,15.0,147.21333333333334,61.46666666666667,2.5906735751295336
edf15,15,,free_viewing,,5933.0,4253.0,283.53333333333336,15.0,981.3066666666667,776.4400000000002,4453.0,4453,4,940.0,1.0,5933.0,2.526666666666666,15.0,88.91133333333332,36.0,2.5282319231417496
edf15,16,,free_viewing,,5639.0,4091.0,240.64705882352942,17.0,909.8411764705882,367.18823529411765,4149.0,4149,5,734.0,1.0,5639.0,3.176111111111111,18.0,124.21666666666664,50.333333333333336,3.192055328959035
edf15,17,,free_viewing,,5766.0,4176.0,208.8,20.0,1064.73,362.56999999999994,4378.0,4378,8,774.0,1.0,5766.0,2.6545,20.0,77.8035,30.7,3.46860908775581
edf15,18,,free_viewing,,5743.0,4147.0,243.94117647058823,17.0,845.8529411764705,396.6117647058823,4367.0,4367,10,750.0,1.0,5743.0,2.5905882352941174,17.0,90.05705882352943,36.8235294117647,2.960125370015671
edf15,19,Punjabi,sentence_audio,passive_dropped_agent,11052.0,4272.0,251.2941176470588,17.0,915.6529411764706,508.6705882352941,4438.0,3496,8,6256.0,0.7877422262280307,11052.0,3.014705882352941,17.0,86.78941176470587,32.588235294117645,1.5381831342743395
edf15,2,,free_viewing,,5783.0,4005.0,190.71428571428572,21.0,971.7238095238096,491.08571428571435,4303.0,4303,7,790.0,1.0,5783.0,3.183333333333333,21.0,86.48238095238094,32.857142857142854,3.6313332180529136
edf15,20,Punjabi,sentence_audio,passive_dropped_agent,10473.0,4409.0,400.8181818181818,11.0,941.2909090909089,434.19090909090914,4650.0,4650,9,5481.0,1.0,10473.0,1.8099999999999996,11.0,80.23727272727274,31.09090909090909,1.0503198701422705
edf15,21,Punjabi,sentence_audio,passive_dropped_agent,11112.0,4112.0,228.44444444444446,18.0,966.9888888888888,464.2277777777778,4522.0,4390,8,6120.0,0.9708093763821318,11112.0,1.798888888888889,18.0,61.25277777777779,26.11111111111111,1.6198704103671706
edf15,22,English,sentence_audio,active,10627.0,4125.0,206.25,20.0,918.515,604.185,4320.0,3557,10,5866.0,0.8233796296296296,10627.0,3.5164999999999997,20.0,91.4375,33.6,1.881998682600922
edf15,23,English,sentence_audio,active,10897.0,4073.0,214.3684210526316,19.0,953.9105263157896,486.79473684210535,4338.0,4338,5,5905.0,1.0,10897.0,3.758421052631579,19.0,97.48894736842107,34.421052631578945,1.7435991557309352
edf15,24,English,sentence_audio,active,10182.0,3616.0,172.1904761904762,21.0,873.6095238095238,395.1952380952381,3849.0,3717,10,5189.0,0.965705378020265,10182.0,3.325714285714285,21.0,120.3804761904762,54.476190476190474,2.0624631703005303
edf15,25,English,sentence_audio,passive,10286.0,4254.0,327.2307692307692,13.0,788.5307692307694,631.323076923077,4421.0,4421,6,5293.0,1.0,10286.0,3.073076923076923,13.0,91.28461538461539,44.0,1.2638537818393933
edf15,26,English,sentence_audio,passive,10322.0,4120.0,316.9230769230769,13.0,1019.1076923076923,359.1384615384616,4344.0,3830,5,5588.0,0.8816758747697975,10322.0,3.1976923076923076,13.0,116.62769230769229,49.84615384615385,1.2594458438287155
edf15,27,English,sentence_audio,passive,10865.0,4273.0,305.2142857142857,14.0,859.9857142857144,392.27142857142866,4442.0,4442,8,5873.0,1.0,10865.0,2.5042857142857144,14.0,88.89714285714285,39.285714285714285,1.2885411872986654
edf15,28,English,sentence_audio,passive_dropped_agent,10554.0,3916.0,195.8,20.0,997.68,345.64,4084.0,4084,9,5664.0,1.0,10554.0,2.655238095238095,21.0,116.58190476190478,44.857142857142854,1.9897669130187605
edf15,29,English,sentence_audio,passive_dropped_agent,10405.0,4259.0,250.52941176470588,17.0,868.3941176470588,424.72352941176473,4461.0,4461,6,5412.0,1.0,10405.0,3.005294117647059,17.0,84.20941176470588,31.294117647058822,1.6338298894762135
edf15,3,,free_viewing,,6024.0,4138.0,229.88888888888889,18.0,1037.0111111111112,418.8166666666666,4339.0,3944,6,1272.0,0.90896519935469,6024.0,3.81,18.0,98.15888888888887,36.333333333333336,2.9880478087649402
edf15,30,English,sentence_audio,passive_dropped_agent,10720.0,3646.0,227.875,16.0,944.46875,418.05,3890.0,3646,7,5998.0,0.9372750642673522,10720.0,3.73,16.0,131.92687500000002,68.875,1.4925373134328357
edf15,31,Punjabi,sentence_audio,active,10591.0,3901.0,205.31578947368422,19.0,960.521052631579,619.615789473684,4091.0,3683,8,5598.0,0.900268882913713,10591.0,2.751052631578947,19.0,129.5457894736842,47.473684210526315,1.7939760173732415
edf15,32,Punjabi,sentence_audio,active,10420.0,3882.0,242.625,16.0,983.3499999999999,663.525,4079.0,4033,6,5427.0,0.9887227261583722,10420.0,2.9612499999999997,16.0,99.88124999999998,57.125,1.5355086372360844
edf15,33,Punjabi,sentence_audio,active,10713.0,4224.0,234.66666666666666,18.0,900.4944444444443,444.3833333333333,4392.0,3948,8,5922.0,0.8989071038251366,10713.0,2.733157894736842,19.0,79.40157894736842,32.63157894736842,1.7735461588723982
edf15,34,Punjabi,sentence_audio,passive,10564.0,3910.0,230.0,17.0,958.9705882352943,521.835294117647,4115.0,4115,8,5571.0,1.0,10564.0,2.63,17.0,112.04411764705884,51.64705882352941,1.6092389246497538
edf15,35,Punjabi,sentence_audio,passive,10834.0,4368.0,291.2,15.0,1014.98,500.66,4561.0,4561,5,5841.0,1.0,10834.0,2.2100000000000004,15.0,71.11933333333332,28.8,1.3845301827579841
edf15,36,Punjabi,sentence_audio,passive,10799.0,4117.0,216.68421052631578,19.0,852.9684210526316,443.06315789473666,4280.0,4117,5,6002.0,0.9619158878504673,10799.0,2.816842105263158,19.0,86.27842105263159,37.473684210526315,1.7594221687193259
edf15,4,,free_viewing,,5790.0,4116.0,242.11764705882354,17.0,950.964705882353,357.6058823529412,4279.0,4279,12,797.0,1.0,5790.0,1.9500000000000002,18.0,121.92166666666668,40.333333333333336,3.1088082901554404
edf15,5,,free_viewing,,6033.0,4129.0,206.45,20.0,1047.45,708.12,4375.0,4312,5,1040.0,0.9856,6033.0,2.646,20.0,79.053,30.9,3.315100281783524
edf15,6,,free_viewing,,6120.0,4004.0,235.52941176470588,17.0,952.5411764705881,433.1705882352941,4234.0,4196,3,1128.0,0.9910250354274918,6120.0,2.8776470588235297,17.0,128.34764705882353,44.588235294117645,2.7777777777777777
edf15,7,,free_viewing,,5786.0,4258.0,354.8333333333333,12.0,954.6916666666667,418.1499999999999,4546.0,4546,7,794.0,1.0,5786.0,2.0991666666666666,12.0,104.2675,37.166666666666664,2.073971655720705
edf15,8,,free_viewing,,5697.0,4015.0,191.1904761904762,21.0,999.0904761904762,529.2666666666667,4236.0,2267,4,954.0,0.5351746931067044,5697.0,2.8790476190476193,21.0,87.71571428571428,36.0,3.686150605581885
edf15,9,,free_viewing,,6031.0,4126.0,217.1578947368421,19.0,844.7947368421053,525.5842105263158,4387.0,3995,7,1039.0,0.9106450877592888,6031.0,3.0205,20.0,83.08849999999998,31.2,3.3161996352180405
edf16,1,,free_viewing,,6100.0,4260.0,387.27272727272725,11.0,1017.1454545454548,498.5181818181818,4529.0,4529,7,1105.0,1.0,6100.0,3.1872727272727275,11.0,139.86,42.36363636363637,1.8032786885245902
edf16,10,,free_viewing,,6054.0,4412.0,441.2,10.0,1034.9299999999998,391.27,4597.0,4597,8,1061.0,1.0,6054.0,3.1320000000000006,10.0,112.228,39.6,1.6518004625041294
edf16,11,,free_viewing,,5645.0,4477.0,895.4,5.0,947.2,482.48,4695.0,4695,4,788.0,1.0,5645.0,2.838333333333333,6.0,158.25666666666666,52.0,1.062887511071745
edf16,12,,free_viewing,,6029.0,4519.0,903.8,5.0,1040.48,404.85999999999996,4806.0,4519,4,1358.0,0.9402829796088223,6029.0,4.022,5.0,103.91,37.2,0.829324929507381
edf16,13,,free_viewing,,5718.0,4372.0,437.2,10.0,828.0099999999999,443.07,4593.0,4593,4,725.0,1.0,5718.0,4.1579999999999995,10.0,97.761,40.0,1.7488632388947185
edf16,14,,free_viewing,,6055.0,4585.0,1146.25,4.0,963.6000000000001,455.57499999999993,4789.0,4789,3,1062.0,1.0,6055.0,1.9899999999999998,4.0,152.64749999999998,51.0,0.6606110652353427
edf16,15,,free_viewing,,6133.0,4079.0,291.35714285714283,14.0,952.6571428571431,466.6857142857143,4255.0,4111,7,1140.0,0.9661574618096357,6133.0,4.345714285714286,14.0,199.91571428571433,52.714285714285715,2.282732757215066
edf16,16,,free_viewing,,5991.0,4647.0,1161.75,4.0,987.95,656.475,4860.0,4860,4,999.0,1.0,5991.0,3.5149999999999997,4.0,102.2775,33.0,0.6676681689200468
edf16,17,,free_viewing,,5697.0,4563.0,760.5,6.0,987.3166666666666,313.0,4758.0,4563,5,934.0,0.9590163934426229,5697.0,3.783333333333333,6.0,90.46666666666665,39.0,1.05318588730911
edf16,18,,free_viewing,,6074.0,4436.0,1109.0,4.0,937.675,461.625,4790.0,4790,4,1154.0,1.0,6074.0,2.69,5.0,169.252,62.8,0.8231807704972012
edf16,19,English,sentence_audio,active,10205.0,4219.0,421.9,10.0,935.28,497.68999999999994,4471.0,3599,6,5490.0,0.8049653321404607,10205.0,4.013999999999999,10.0,129.078,52.4,0.9799118079372856
edf16,2,,free_viewing,,5689.0,4303.0,391.1818181818182,11.0,912.2727272727273,578.8909090909091,4536.0,4244,9,697.0,0.935626102292769,5689.0,4.379090909090909,11.0,99.9372727272727,41.45454545454545,1.9335559852346633
edf16,20,English,sentence_audio,active,10476.0,4494.0,642.0,7.0,933.0285714285714,455.24285714285713,4656.0,4406,5,5484.0,0.9463058419243986,10476.0,1.2285714285714284,7.0,177.93,48.0,0.6681939671630392
edf16,21,English,sentence_audio,active,10750.0,106.0,106.0,1.0,964.7,546.9,4846.0,4846,1,5758.0,1.0,10750.0,1.28,1.0,368.67,146.0,0.09302325581395349
edf16,22,English,sentence_audio,passive,10825.0,4434.0,554.25,8.0,914.2624999999999,536.725,4634.0,4634,5,5832.0,1.0,10825.0,2.5144444444444445,9.0,121.3188888888889,41.77777777777778,0.8314087759815243
edf16,23,English,sentence_audio,passive,10485.0,4463.0,557.875,8.0,932.7249999999999,495.76249999999993,4704.0,4704,5,5493.0,1.0,10485.0,4.135,8.0,110.18875,36.0,0.7629947544110635
edf16,24,English,sentence_audio,passive,10956.0,4444.0,888.8,5.0,986.64,443.5200000000001,4738.0,4738,3,5964.0,1.0,10956.0,1.802,5.0,161.21800000000002,50.8,0.45637093829864916
edf16,25,English,sentence_audio,passive_dropped_agent,11118.0,4394.0,627.7142857142857,7.0,869.4714285714286,497.4428571428572,4670.0,4236,4,6126.0,0.9070663811563169,11118.0,2.847142857142857,7.0,127.66714285714286,46.0,0.6296096420219464
edf16,26,English,sentence_audio,passive_dropped_agent,10227.0,3233.0,359.22222222222223,9.0,979.9333333333333,322.1222222222222,4554.0,3233,5,6586.0,0.709925340360123,10227.0,3.2222222222222223,9.0,116.95444444444443,48.666666666666664,0.8800234672924611
edf16,27,English,sentence_audio,passive_dropped_agent,10857.0,3129.0,625.8,5.0,869.32,433.94000000000005,4618.0,4618,2,5865.0,1.0,10857.0,1.538,5.0,233.012,74.8,0.46053237542599246
edf16,28,Punjabi,sentence_audio,active,10995.0,4089.0,454.3333333333333,9.0,1012.9333333333333,377.87777777777785,4467.0,4467,7,6002.0,1.0,10995.0,2.5855555555555556,9.0,163.07333333333335,58.44444444444444,0.8185538881309686
edf16,29,Punjabi,sentence_audio,active,10186.0,4406.0,629.4285714285714,7.0,927.6999999999998,414.17142857142863,4644.0,4294,5,5194.0,0.9246339362618432,10186.0,2.412857142857143,7.0,129.20428571428573,49.714285714285715,0.6872177498527391
edf16,3,,free_viewing,,6117.0,4179.0,245.8235294117647,17.0,941.4294117647058,374.1058823529412,4412.0,4128,7,1125.0,0.9356300997280145,6117.0,3.4958823529411767,17.0,86.84411764705884,34.11764705882353,2.7791401013568744
edf16,30,Punjabi,sentence_audio,active,11048.0,4302.0,478.0,9.0,1006.0666666666667,386.8777777777778,4534.0,4302,6,6314.0,0.948831054256727,11048.0,2.6300000000000003,9.0,220.68888888888893,50.888888888888886,0.8146270818247646
edf16,31,Punjabi,sentence_audio,passive,10255.0,4353.0,725.5,6.0,971.6666666666665,610.8000000000001,4532.0,4532,3,5263.0,1.0,10255.0,1.9899999999999995,6.0,197.42166666666665,76.66666666666667,0.5850804485616772
edf16,32,Punjabi,sentence_audio,passive,10800.0,4476.0,1119.0,4.0,961.5500000000001,539.15,4705.0,4705,3,5807.0,1.0,10800.0,5.1675,4.0,189.3125,72.0,0.37037037037037035
edf16,33,Punjabi,sentence_audio,passive,10735.0,4435.0,739.1666666666666,6.0,946.5333333333333,446.01666666666665,4683.0,4435,5,6018.0,0.9470424941276959,10735.0,2.1149999999999998,6.0,163.69666666666666,51.666666666666664,0.5589194224499302
edf16,34,Punjabi,sentence_audio,passive_dropped_agent,10627.0,4429.0,885.8,5.0,960.8199999999999,417.7,4683.0,4429,5,5920.0,0.9457612641469144,10627.0,3.378,5.0,206.95999999999998,62.0,0.4704996706502305
edf16,35,Punjabi,sentence_audio,passive_dropped_agent,10878.0,4416.0,1104.0,4.0,1004.675,436.1,4635.0,4635,3,5885.0,1.0,10878.0,3.2325,4.0,151.475,89.5,0.36771465342893916
edf16,36,Punjabi,sentence_audio,passive_dropped_agent,10877.0,4433.0,554.125,8.0,916.3625,441.6375,4645.0,3941,6,5884.0,0.8484391819160387,10877.0,1.99875,8.0,134.64624999999998,43.5,0.735496920106647
edf16,4,,free_viewing,,6108.0,4266.0,387.8181818181818,11.0,1013.8363636363637,424.909090909091,4545.0,4189,6,1115.0,0.9216721672167216,6108.0,2.581818181818182,11.0,134.04363636363635,40.72727272727273,1.8009168303863787
edf16,5,,free_viewing,,5918.0,4072.0,271.46666666666664,15.0,912.4,379.9133333333333,4281.0,4281,8,925.0,1.0,5918.0,4.411333333333332,15.0,124.06933333333332,47.46666666666667,2.5346400811084826
edf16,6,,free_viewing,,6115.0,4375.0,546.875,8.0,981.8249999999999,633.1,4579.0,4579,4,1122.0,1.0,6115.0,3.6350000000000002,8.0,122.86999999999999,51.75,1.3082583810302535
edf16,7,,free_viewing,,5779.0,4343.0,434.3,10.0,923.04,485.37000000000006,4362.0,3665,6,1118.0,0.8402109124254928,5779.0,3.872,10.0,165.304,63.0,1.7304031839418585
edf16,8,,free_viewing,,5812.0,4258.0,425.8,10.0,836.47,540.5600000000001,4496.0,4496,5,820.0,1.0,5812.0,3.325,10.0,139.11399999999998,49.6,1.7205781142463867
edf16,9,,free_viewing,,6059.0,4483.0,560.375,8.0,873.4875000000001,418.63750000000005,4742.0,4742,6,1067.0,1.0,6059.0,2.89125,8.0,88.61375,31.25,1.320349892721571
edf17,1,,free_viewing,,5688.0,4226.0,325.0769230769231,13.0,1046.5615384615382,441.9153846153846,4523.0,4022,7,1018.0,0.8892328100818041,5688.0,3.574615384615384,13.0,93.17692307692306,36.15384615384615,2.2855133614627285
edf17,10,,free_viewing,,5849.0,4565.0,2282.5,2.0,918.35,465.15,4936.0,4936,2,857.0,1.0,5849.0,2.145,2.0,74.115,28.0,0.34193879295606083
edf17,11,,free_viewing,,5770.0,4212.0,280.8,15.0,979.0266666666665,586.5066666666667,4493.0,2961,4,777.0,0.6590251502336969,5770.0,3.4819999999999998,15.0,94.788,33.333333333333336,2.5996533795493937
edf17,12,,free_viewing,,5775.0,3931.0,327.5833333333333,12.0,974.2000000000002,419.40833333333336,4167.0,3931,5,1048.0,0.943364530837533,5775.0,2.3766666666666665,12.0,116.37583333333335,68.83333333333333,2.0779220779220777
edf17,13,,free_viewing,,5774.0,4178.0,245.76470588235293,17.0,935.3117647058823,685.6705882352941,4404.0,2986,6,782.0,0.6780199818346957,5774.0,3.295,18.0,86.99555555555555,33.333333333333336,3.1174229303775545
edf17,14,,free_viewing,,6054.0,4532.0,1510.6666666666667,3.0,889.3333333333334,411.73333333333335,4906.0,4906,3,1062.0,1.0,6054.0,2.5766666666666667,3.0,84.23333333333333,28.666666666666668,0.4955401387512388
edf17,15,,free_viewing,,6026.0,4070.0,814.0,5.0,966.4400000000002,513.72,4807.0,4807,3,1033.0,1.0,6026.0,3.8579999999999997,5.0,95.68199999999999,37.2,0.8297378028542981
edf17,16,,free_viewing,,5737.0,4255.0,283.6666666666667,15.0,948.6666666666666,387.5133333333333,4426.0,4426,7,745.0,1.0,5737.0,4.421333333333333,15.0,102.76333333333332,37.733333333333334,2.6146069374237406
edf17,17,,free_viewing,,5773.0,4189.0,246.41176470588235,17.0,909.6352941176472,576.964705882353,4390.0,3626,6,781.0,0.8259681093394078,5773.0,3.3676470588235294,17.0,88.32705882352941,35.411764705882355,2.944742768058202
edf17,18,,free_viewing,,5849.0,4485.0,373.75,12.0,1044.8916666666667,381.0083333333334,4614.0,4404,4,857.0,0.9544863459037711,5849.0,3.1458333333333335,12.0,89.68666666666667,31.5,2.0516327577363653
edf17,19,English,sentence_audio,passive,10420.0,4114.0,257.125,16.0,934.95625,566.64375,4271.0,2092,6,5616.0,0.4898150316085226,10420.0,3.983125,16.0,129.56294117647056,43.64705882352941,1.5355086372360844
edf17,2,,free_viewing,,5654.0,4160.0,244.7058823529412,17.0,886.7529411764706,538.2058823529411,4381.0,3793,7,661.0,0.865784067564483,5654.0,3.561764705882353,17.0,86.73294117647058,36.0,3.0067209055535904
edf17,20,English,sentence_audio,passive,10850.0,3928.0,436.44444444444446,9.0,956.5888888888888,427.4555555555556,4312.0,4038,8,5858.0,0.936456400742115,10850.0,2.4655555555555555,9.0,114.7988888888889,75.55555555555556,0.8294930875576038
edf17,21,English,sentence_audio,passive,10527.0,4119.0,374.45454545454544,11.0,957.7636363636364,443.3545454545454,4543.0,4543,5,5534.0,1.0,10527.0,1.9009090909090909,11.0,79.16545454545454,40.90909090909091,1.044932079414838
edf17,22,English,sentence_audio,passive_dropped_agent,10945.0,4056.0,312.0,13.0,907.676923076923,699.6076923076923,4481.0,2446,5,6410.0,0.5458602990403928,10945.0,3.9957142857142856,14.0,104.67857142857143,37.857142857142854,1.2791228871630882
edf17,23,English,sentence_audio,passive_dropped_agent,10251.0,4207.0,280.46666666666664,15.0,1073.8999999999999,751.6066666666667,4445.0,4445,3,5258.0,1.0,10251.0,3.412666666666667,15.0,85.842,36.53333333333333,1.463271875914545
edf17,24,English,sentence_audio,passive_dropped_agent,10390.0,4346.0,310.42857142857144,14.0,959.35,428.3642857142857,4503.0,4503,5,5397.0,1.0,10390.0,3.6907142857142863,14.0,88.32285714285715,35.0,1.3474494706448508
edf17,25,Punjabi,sentence_audio,active,10614.0,3996.0,333.0,12.0,861.2333333333335,520.0916666666667,4375.0,4375,4,5623.0,1.0,10614.0,3.670833333333333,12.0,104.38666666666666,51.333333333333336,1.130582249858677
edf17,26,Punjabi,sentence_audio,active,10507.0,4248.0,354.0,12.0,964.1000000000003,396.50833333333327,4427.0,3896,4,5728.0,0.8800542127851818,10507.0,3.582499999999999,12.0,111.24307692307693,44.46153846153846,1.1420957456933474
edf17,27,Punjabi,sentence_audio,active,10223.0,4355.0,544.375,8.0,867.8375000000001,425.1125,4578.0,4578,5,5231.0,1.0,10223.0,2.54,8.0,100.66875000000002,51.75,0.7825491538687274
edf17,28,Punjabi,sentence_audio,passive,10547.0,4413.0,551.625,8.0,897.6874999999999,357.4125,4655.0,4655,3,5554.0,1.0,10547.0,1.6225,8.0,83.01625,42.25,0.7585095287759552
edf17,29,Punjabi,sentence_audio,passive,10840.0,3972.0,209.05263157894737,19.0,880.7000000000002,499.0105263157895,4177.0,4105,8,5847.0,0.9827627483840077,10840.0,2.98,19.0,86.03684210526315,42.94736842105263,1.7527675276752768
edf17,3,,free_viewing,,6106.0,4312.0,287.46666666666664,15.0,891.4066666666665,606.8133333333333,4501.0,4501,5,1115.0,1.0,6106.0,3.2866666666666666,15.0,88.09733333333334,32.666666666666664,2.456600065509335
edf17,30,Punjabi,sentence_audio,passive,10206.0,4286.0,252.11764705882354,17.0,957.0470588235294,437.1470588235294,4488.0,4108,7,5442.0,0.9153297682709447,10206.0,2.59,17.0,78.07000000000001,29.647058823529413,1.6656868508720362
edf17,31,Punjabi,sentence_audio,passive_dropped_agent,10776.0,4062.0,270.8,15.0,887.0933333333336,617.8066666666667,4196.0,3472,4,5784.0,0.8274547187797903,10776.0,3.007333333333334,15.0,88.58200000000001,53.06666666666667,1.3919821826280623
edf17,32,Punjabi,sentence_audio,passive_dropped_agent,10825.0,4605.0,767.5,6.0,956.0500000000001,620.8166666666667,4812.0,4698,3,5833.0,0.9763092269326683,10825.0,2.36,6.0,75.14,30.0,0.5542725173210162
edf17,33,Punjabi,sentence_audio,passive_dropped_agent,10710.0,4566.0,507.3333333333333,9.0,927.2111111111112,518.8111111111111,4745.0,4566,5,5926.0,0.9622760800842992,10710.0,2.197777777777778,9.0,77.82777777777777,27.555555555555557,0.8403361344537814
edf17,34,English,sentence_audio,active,10479.0,4209.0,420.9,10.0,959.97,513.96,4452.0,4209,4,5756.0,0.9454177897574124,10479.0,2.598,10.0,85.06200000000001,54.0,0.9542895314438401
edf17,35,English,sentence_audio,active,10559.0,4421.0,340.0769230769231,13.0,979.3076923076922,517.546153846154,4626.0,4237,3,5567.0,0.9159100734976221,10559.0,2.1115384615384616,13.0,68.72000000000001,28.153846153846153,1.2311771948101147
edf17,36,English,sentence_audio,active,10199.0,4239.0,326.0769230769231,13.0,943.9461538461538,510.176923076923,4475.0,4475,6,5206.0,1.0,10199.0,4.1946153846153855,13.0,100.70692307692308,39.84615384615385,1.2746347681145211
edf17,4,,free_viewing,,6070.0,4326.0,288.4,15.0,973.2400000000001,629.6933333333333,4503.0,1998,5,1286.0,0.44370419720186544,6070.0,3.1980000000000004,15.0,89.85200000000002,32.666666666666664,2.471169686985173
edf17,5,,free_viewing,,5934.0,4224.0,281.6,15.0,957.4400000000002,428.5199999999999,4401.0,3328,8,1150.0,0.7561917745966825,5934.0,4.542666666666666,15.0,108.92266666666664,39.46666666666667,2.5278058645096055
edf17,6,,free_viewing,,6105.0,4125.0,317.3076923076923,13.0,1008.3000000000001,503.49230769230775,4374.0,3962,4,1113.0,0.9058070416095108,6105.0,2.32,13.0,83.07846153846154,47.53846153846154,2.1294021294021293
edf17,7,,free_viewing,,5684.0,4436.0,403.27272727272725,11.0,1054.2545454545455,601.9090909090909,4682.0,4682,3,692.0,1.0,5684.0,2.2790909090909093,11.0,78.5218181818182,28.181818181818183,1.9352568613652357
edf17,8,,free_viewing,,6100.0,4310.0,307.85714285714283,14.0,1011.9571428571429,493.0142857142856,4497.0,4497,5,1107.0,1.0,6100.0,3.5807142857142855,14.0,87.75,35.42857142857143,2.295081967213115
edf17,9,,free_viewing,,5710.0,4364.0,290.93333333333334,15.0,939.2533333333333,516.9133333333333,4424.0,4424,7,718.0,1.0,5710.0,4.574,15.0,113.11133333333335,37.86666666666667,2.626970227670753
edf18,1,,free_viewing,,5800.0,4200.0,247.05882352941177,17.0,873.2941176470588,480.90000000000003,4444.0,4444,7,810.0,1.0,5800.0,2.7655555555555558,18.0,79.76388888888891,30.555555555555557,3.103448275862069
edf18,10,,free_viewing,,5751.0,3895.0,216.38888888888889,18.0,1008.4833333333333,520.0722222222222,3916.0,2583,6,958.0,0.6596016343207355,5751.0,4.049444444444445,18.0,168.02722222222224,59.77777777777778,3.1298904538341157
edf18,11,,free_viewing,,5915.0,4098.0,273.2,15.0,986.9666666666668,515.4,4271.0,3133,4,923.0,0.733551861390775,5915.0,3.2837500000000004,16.0,97.69999999999999,45.75,2.7049873203719357
edf18,12,,free_viewing,,5893.0,4117.0,316.6923076923077,13.0,775.6999999999999,634.3692307692307,4184.0,4184,4,901.0,1.0,5893.0,3.1876923076923074,13.0,156.24307692307693,62.15384615384615,2.2060071270999493
edf18,13,,free_viewing,,5684.0,4034.0,310.3076923076923,13.0,973.7538461538463,447.97692307692313,4302.0,4302,7,692.0,1.0,5684.0,2.496153846153846,13.0,148.43153846153848,53.07692307692308,2.287121745249824
edf18,14,,free_viewing,,6008.0,4228.0,248.7058823529412,17.0,909.7294117647058,386.4235294117648,4438.0,4438,5,1016.0,1.0,6008.0,2.8017647058823525,17.0,79.80823529411767,32.588235294117645,2.829560585885486
edf18,15,,free_viewing,,5826.0,4310.0,287.3333333333333,15.0,954.1066666666666,494.3733333333332,4395.0,3926,4,1074.0,0.893287827076223,5826.0,2.4766666666666666,15.0,91.93333333333335,39.86666666666667,2.5746652935118437
edf18,16,,free_viewing,,5638.0,4046.0,224.77777777777777,18.0,1105.2833333333333,473.26666666666665,4284.0,4046,4,1042.0,0.9444444444444444,5638.0,2.933684210526316,19.0,114.00578947368422,41.578947368421055,3.3699893579283433
edf18,17,,free_viewing,,5653.0,4063.0,203.15,20.0,895.3199999999999,463.01000000000005,4229.0,4101,5,760.0,0.9697327973516198,5653.0,2.970952380952381,21.0,105.10142857142857,40.857142857142854,3.714841676985672
edf18,18,,free_viewing,,5708.0,4114.0,242.0,17.0,864.635294117647,522.0529411764705,4275.0,4275,6,715.0,1.0,5708.0,2.810588235294117,17.0,124.66705882352939,42.23529411764706,2.9782761037140855
edf18,19,English,sentence_audio,passive_dropped_agent,11161.0,3975.0,265.0,15.0,835.5066666666667,512.08,4155.0,3189,5,6388.0,0.7675090252707581,11161.0,2.754666666666666,15.0,155.01466666666664,55.733333333333334,1.3439655944807813
edf18,2,,free_viewing,,6080.0,4328.0,309.14285714285717,14.0,769.2214285714286,526.7071428571428,4508.0,4172,6,1306.0,0.9254658385093167,6080.0,3.097857142857143,14.0,81.56642857142857,34.57142857142857,2.3026315789473686
edf18,20,English,sentence_audio,passive_dropped_agent,10374.0,3938.0,302.9230769230769,13.0,903.4307692307692,442.69999999999993,4138.0,4138,12,5382.0,1.0,10374.0,2.0214285714285714,14.0,230.40285714285716,62.285714285714285,1.3495276653171389
edf18,21,English,sentence_audio,passive_dropped_agent,10618.0,3944.0,328.6666666666667,12.0,962.5333333333334,407.55,4235.0,3961,7,5625.0,0.9353010625737899,10618.0,1.5041666666666667,12.0,232.36500000000004,63.166666666666664,1.1301563382934638
edf18,22,Punjabi,sentence_audio,active,10483.0,3877.0,242.3125,16.0,837.93125,486.22499999999997,4085.0,3981,8,5490.0,0.9745410036719706,10483.0,2.3493749999999993,16.0,189.90062500000005,56.75,1.5262806448535724
edf18,23,Punjabi,sentence_audio,active,10220.0,3984.0,249.0,16.0,929.6187500000002,365.70624999999995,4203.0,4203,5,5227.0,1.0,10220.0,2.328125,16.0,120.07125000000002,49.375,1.5655577299412915
edf18,24,Punjabi,sentence_audio,active,10398.0,3928.0,245.5,16.0,936.4187500000002,415.04999999999995,4143.0,4143,7,5405.0,1.0,10398.0,2.896875,16.0,141.335,53.125,1.5387574533564148
edf18,25,Punjabi,sentence_audio,passive,10512.0,3980.0,284.2857142857143,14.0,828.5357142857144,506.30714285714294,4200.0,4200,7,5520.0,1.0,10512.0,3.444285714285715,14.0,136.13714285714283,56.57142857142857,1.3318112633181125
edf18,26,Punjabi,sentence_audio,passive,10308.0,4096.0,341.3333333333333,12.0,981.75,386.51666666666665,4118.0,3986,6,5486.0,0.9679456046624575,10308.0,3.6933333333333334,12.0,162.32000000000002,72.83333333333333,1.1641443538998837
edf18,27,Punjabi,sentence_audio,passive,10400.0,3838.0,213.22222222222223,18.0,861.7833333333334,436.3166666666667,4068.0,4068,6,5502.0,1.0,10400.0,2.0657894736842106,19.0,137.4021052631579,53.05263157894737,1.8269230769230769
edf18,28,Punjabi,sentence_audio,passive_dropped_agent,11140.0,4188.0,380.72727272727275,11.0,1012.5545454545453,366.7181818181818,4361.0,4199,6,6147.0,0.9628525567530383,11140.0,1.9799999999999998,11.0,190.3527272727273,57.45454545454545,0.9874326750448833
edf18,29,Punjabi,sentence_audio,passive_dropped_agent,11055.0,4104.0,273.6,15.0,792.4266666666667,455.26000000000005,4277.0,4277,4,6063.0,1.0,11055.0,2.7306250000000003,16.0,100.85312499999999,45.375,1.4473089099954772
edf18,3,,free_viewing,,5809.0,4163.0,231.27777777777777,18.0,760.4388888888889,533.5944444444444,4342.0,4342,4,817.0,1.0,5809.0,2.3649999999999998,18.0,98.16777777777777,36.111111111111114,3.0986400413152007
edf18,30,Punjabi,sentence_audio,passive_dropped_agent,10339.0,3985.0,332.0833333333333,12.0,934.2333333333331,366.39166666666665,4181.0,3985,7,5740.0,0.9531212628557761,10339.0,2.2523076923076926,13.0,173.96615384615384,63.38461538461539,1.257374987909856
edf18,31,English,sentence_audio,active,10435.0,4075.0,339.5833333333333,12.0,1001.6333333333333,672.1583333333334,4260.0,4260,3,5443.0,1.0,10435.0,2.620833333333333,12.0,118.51333333333336,61.0,1.149976042165788
edf18,32,English,sentence_audio,active,10961.0,4257.0,354.75,12.0,972.6583333333333,576.3583333333333,4439.0,4309,5,5968.0,0.9707141248028835,10961.0,3.075833333333333,12.0,108.86083333333335,46.166666666666664,1.0947906212936775
edf18,33,English,sentence_audio,active,10821.0,3947.0,328.9166666666667,12.0,923.5500000000001,505.47499999999997,4164.0,4010,5,5829.0,0.9630163304514889,10821.0,1.9316666666666664,12.0,151.77333333333334,69.0,1.1089548100914888
edf18,34,English,sentence_audio,passive,10252.0,4406.0,367.1666666666667,12.0,968.1916666666666,487.30833333333334,4679.0,4593,4,5259.0,0.9816200042744176,10252.0,1.66,12.0,62.52250000000001,26.166666666666668,1.1705033164260632
edf18,35,English,sentence_audio,passive,10781.0,4099.0,315.3076923076923,13.0,963.946153846154,481.4384615384615,4462.0,4462,5,5789.0,1.0,10781.0,1.9715384615384617,13.0,83.01769230769231,40.76923076923077,1.2058250626101474
edf18,36,English,sentence_audio,passive,10969.0,3969.0,283.5,14.0,889.9428571428572,472.7785714285714,4237.0,4237,7,5976.0,1.0,10969.0,3.5042857142857144,14.0,128.93928571428572,54.0,1.2763241863433312
edf18,4,,free_viewing,,5942.0,4224.0,264.0,16.0,915.6125000000001,478.09999999999997,4232.0,4004,6,950.0,0.946124763705104,5942.0,1.8312499999999998,16.0,166.88875000000002,47.5,2.6926960619320095
edf18,5,,free_viewing,,6125.0,4407.0,400.6363636363636,11.0,981.6090909090908,481.0,4644.0,4396,6,1133.0,0.9465977605512489,6125.0,2.4936363636363637,11.0,74.77545454545454,31.636363636363637,1.7959183673469388
edf18,6,,free_viewing,,5893.0,4226.0,264.125,16.0,972.9000000000001,570.83125,4407.0,4123,6,901.0,0.9355570683004312,5893.0,3.578125,16.0,88.788125,36.625,2.7150856948922453
edf18,7,,free_viewing,,5751.0,4399.0,338.38461538461536,13.0,928.3846153846154,482.83846153846156,4631.0,4631,3,758.0,1.0,5751.0,1.9446153846153846,13.0,68.0076923076923,27.846153846153847,2.2604764388801946
edf18,8,,free_viewing,,5821.0,4263.0,236.83333333333334,18.0,918.8499999999998,703.9500000000002,4416.0,3814,5,829.0,0.863677536231884,5821.0,2.767777777777778,18.0,78.10722222222222,32.0,3.0922521903453015
edf18,9,,free_viewing,,6106.0,4138.0,295.57142857142856,14.0,912.6714285714285,701.8571428571429,4377.0,3341,10,1113.0,0.7633082019648161,6106.0,2.904285714285714,14.0,141.55785714285716,44.0,2.2928267278087127
edf19,1,,free_viewing,,5815.0,4071.0,271.4,15.0,808.12,560.9533333333334,4482.0,3815,6,1278.0,0.8511825078090138,5815.0,3.430666666666667,15.0,85.21333333333334,34.0,2.579535683576956
edf19,10,,free_viewing,,5784.0,4608.0,576.0,8.0,890.6374999999999,564.5875,4774.0,4774,5,792.0,1.0,5784.0,2.01625,8.0,65.65124999999999,27.25,1.3831258644536653
edf19,11,,free_viewing,,5916.0,3908.0,390.8,10.0,996.8000000000002,411.26000000000005,4059.0,4059,6,923.0,1.0,5916.0,3.2359999999999998,10.0,107.952,93.4,1.6903313049357673
edf19,12,,free_viewing,,6039.0,3997.0,363.3636363636364,11.0,949.3545454545456,537.3181818181819,4248.0,1926,5,1328.0,0.4533898305084746,6039.0,4.448181818181819,11.0,233.63636363636363,67.63636363636364,1.8214936247723135
edf19,13,,free_viewing,,5991.0,4429.0,442.9,10.0,844.5099999999999,532.5699999999999,4639.0,4273,3,1422.0,0.9211036861392542,5991.0,3.4650000000000007,10.0,87.54099999999998,35.4,1.669170422300117
edf19,14,,free_viewing,,5811.0,4501.0,500.1111111111111,9.0,835.3777777777779,491.3333333333333,4662.0,1610,4,819.0,0.34534534534534533,5811.0,1.2844444444444447,9.0,129.86111111111111,36.666666666666664,1.5487867836861127
edf19,15,,free_viewing,,5660.0,4448.0,494.22222222222223,9.0,950.5222222222221,409.3777777777778,4729.0,4729,5,667.0,1.0,5660.0,2.2422222222222223,9.0,68.95555555555556,29.333333333333332,1.5901060070671378
edf19,16,,free_viewing,,5928.0,4158.0,346.5,12.0,851.7333333333335,537.3583333333332,4313.0,4313,3,935.0,1.0,5928.0,2.624166666666667,12.0,188.48583333333332,56.666666666666664,2.0242914979757085
edf19,17,,free_viewing,,5760.0,4328.0,332.9230769230769,13.0,986.1692307692308,741.823076923077,4534.0,4534,4,838.0,1.0,5760.0,1.9528571428571424,14.0,111.16785714285716,39.142857142857146,2.430555555555556
edf19,18,,free_viewing,,5924.0,4050.0,810.0,5.0,490.94000000000005,579.6599999999999,4516.0,4448,1,932.0,0.9849424269264836,5924.0,4.6433333333333335,6.0,102.84333333333332,81.33333333333333,1.012829169480081
edf19,19,Punjabi,sentence_audio,active,11054.0,4182.0,298.7142857142857,14.0,894.0357142857143,501.4500000000001,4329.0,3378,8,6240.0,0.7803187803187803,11054.0,3.436428571428571,14.0,127.95500000000003,47.42857142857143,1.2665098606839154
edf19,2,,free_viewing,,6132.0,4204.0,300.2857142857143,14.0,852.2142857142857,616.4857142857143,4352.0,3200,6,1320.0,0.7352941176470589,6132.0,3.0349999999999997,14.0,116.40285714285712,45.714285714285715,2.2831050228310503
edf19,20,Punjabi,sentence_audio,active,10780.0,4482.0,498.0,9.0,880.6444444444445,470.68888888888887,4770.0,4770,4,5788.0,1.0,10780.0,1.5244444444444443,9.0,60.287777777777784,24.666666666666668,0.8348794063079777
edf19,21,Punjabi,sentence_audio,active,10598.0,4212.0,300.85714285714283,14.0,932.592857142857,557.2357142857143,4480.0,4480,7,5606.0,1.0,10598.0,1.6871428571428573,14.0,113.43857142857145,36.57142857142857,1.321003963011889
edf19,22,Punjabi,sentence_audio,passive,11042.0,1732.0,157.45454545454547,11.0,1073.7636363636361,627.6272727272726,1893.0,1869,7,6049.0,0.9873217115689382,11042.0,2.9050000000000002,10.0,476.032,312.4,0.9056330374932078
edf19,23,Punjabi,sentence_audio,passive,10261.0,3823.0,224.88235294117646,17.0,858.8941176470588,575.6764705882352,3924.0,3392,7,5269.0,0.8644240570846076,10261.0,3.3976470588235292,17.0,216.41058823529414,62.8235294117647,1.6567586005262647
edf19,24,Punjabi,sentence_audio,passive,10240.0,2896.0,241.33333333333334,12.0,837.7166666666667,453.0833333333333,2924.0,2792,6,5298.0,0.9548563611491108,10240.0,4.3753846153846165,13.0,376.1407692307693,160.30769230769232,1.26953125
edf19,25,Punjabi,sentence_audio,passive_dropped_agent,10356.0,1614.0,201.75,8.0,865.7125,444.54999999999995,2010.0,1124,3,5658.0,0.5592039800995025,10356.0,8.32,10.0,643.3109999999999,316.4,0.9656237929702588
edf19,26,Punjabi,sentence_audio,passive_dropped_agent,10406.0,2564.0,256.4,10.0,978.39,501.85,2745.0,1870,4,5694.0,0.6812386156648452,10406.0,3.4170000000000003,10.0,445.42600000000004,224.8,0.9609840476648087
edf19,27,Punjabi,sentence_audio,passive_dropped_agent,10191.0,4309.0,359.0833333333333,12.0,851.3916666666665,699.1999999999998,4568.0,3566,7,5199.0,0.7806479859894921,10191.0,2.9725,12.0,75.75083333333335,35.333333333333336,1.177509567265234
edf19,28,English,sentence_audio,active,11155.0,4137.0,376.09090909090907,11.0,972.5454545454545,460.609090909091,4294.0,3471,4,6354.0,0.8083372147182114,11155.0,2.462727272727273,11.0,219.62,63.45454545454545,0.9861048857014793
edf19,29,English,sentence_audio,active,10548.0,4436.0,492.8888888888889,9.0,788.3444444444444,541.1111111111111,4669.0,4669,4,5555.0,1.0,10548.0,2.65,9.0,144.68888888888887,36.0,0.8532423208191127
edf19,3,,free_viewing,,5944.0,4148.0,276.53333333333336,15.0,834.1866666666666,649.1333333333333,4285.0,2542,6,1126.0,0.5932322053675613,5944.0,4.054666666666667,15.0,137.99466666666666,47.2,2.5235531628532977
edf19,30,English,sentence_audio,active,10804.0,4238.0,605.4285714285714,7.0,979.2428571428571,462.64285714285717,4538.0,3882,5,6142.0,0.8554429263992949,10804.0,2.81,8.0,192.68125,58.25,0.7404664938911514
edf19,31,English,sentence_audio,passive,11003.0,4239.0,385.3636363636364,11.0,1080.2454545454545,727.7090909090908,4425.0,4199,5,6010.0,0.9489265536723164,11003.0,2.408181818181818,11.0,172.63454545454545,51.63636363636363,0.999727347087158
edf19,32,English,sentence_audio,passive,10683.0,3541.0,393.44444444444446,9.0,850.5666666666666,528.9888888888888,3841.0,3513,4,6018.0,0.9146055714657642,10683.0,3.6755555555555555,9.0,200.89888888888888,128.0,0.8424599831508004
edf19,33,English,sentence_audio,passive,10277.0,4249.0,472.1111111111111,9.0,745.2111111111111,494.9111111111111,4437.0,1887,4,5844.0,0.42528735632183906,10277.0,3.482,10.0,87.892,76.4,0.9730466089325679
edf19,34,English,sentence_audio,passive_dropped_agent,11072.0,3738.0,373.8,10.0,809.9100000000001,404.43,3895.0,3611,5,6079.0,0.9270860077021823,11072.0,4.842727272727273,11.0,122.67545454545456,100.72727272727273,0.9934971098265897
edf19,35,English,sentence_audio,passive_dropped_agent,10387.0,2869.0,220.69230769230768,13.0,852.7000000000002,408.40769230769234,3083.0,2701,4,6198.0,0.8760947129419396,10387.0,4.818461538461538,13.0,316.5038461538462,146.92307692307693,1.2515644555694618
edf19,36,English,sentence_audio,passive_dropped_agent,10638.0,4594.0,510.44444444444446,9.0,899.7555555555556,498.64444444444445,4712.0,4594,7,5794.0,0.9749575551782682,10638.0,1.7033333333333336,9.0,61.525555555555556,31.11111111111111,0.8460236886632826
edf19,4,,free_viewing,,5773.0,4221.0,324.6923076923077,13.0,786.3692307692309,730.0615384615386,4343.0,2529,6,966.0,0.582316371172001,5773.0,3.3207142857142857,14.0,124.43214285714285,47.142857142857146,2.425082279577343
edf19,5,,free_viewing,,5747.0,4469.0,343.7692307692308,13.0,776.8153846153847,463.96153846153845,4604.0,4469,2,932.0,0.9706776715899218,5747.0,2.6399999999999997,13.0,73.33384615384615,29.846153846153847,2.262049765094832
edf19,6,,free_viewing,,6107.0,4467.0,496.3333333333333,9.0,862.7333333333333,550.0333333333333,4668.0,4404,7,1115.0,0.9434447300771208,6107.0,3.4288888888888893,9.0,90.26333333333334,36.0,1.473718683477976
edf19,7,,free_viewing,,5804.0,4458.0,342.9230769230769,13.0,951.153846153846,560.1000000000001,4616.0,4458,7,1000.0,0.9657712305025996,5804.0,2.1792307692307693,13.0,64.11538461538463,28.923076923076923,2.2398345968297724
edf19,8,,free_viewing,,5649.0,4573.0,762.1666666666666,6.0,909.4666666666666,479.7166666666667,4736.0,4231,2,657.0,0.8933699324324325,5649.0,1.6616666666666664,6.0,186.25666666666666,42.666666666666664,1.0621348911311737
edf19,9,,free_viewing,,6072.0,4470.0,372.5,12.0,1017.7833333333334,660.1416666666667,4611.0,4611,3,1079.0,1.0,6072.0,2.5349999999999997,12.0,74.27583333333332,31.833333333333332,1.976284584980237
edf20,1,,free_viewing,,5933.0,4593.0,1531.0,3.0,988.4666666666667,465.90000000000003,4809.0,3807,2,1032.0,0.7916406737367436,5933.0,2.4050000000000002,4.0,229.9525,64.5,0.6741951795044666
edf20,10,,free_viewing,,5974.0,4358.0,335.2307692307692,13.0,795.1923076923077,529.7384615384615,4552.0,4292,5,982.0,0.9428822495606327,5974.0,3.3207692307692303,13.0,86.18153846153845,33.84615384615385,2.176096417810512
edf20,11,,free_viewing,,6132.0,4526.0,452.6,10.0,1033.21,495.03999999999985,4700.0,4700,2,1140.0,1.0,6132.0,2.4939999999999998,10.0,74.05699999999999,29.2,1.6307893020221789
edf20,12,,free_viewing,,5851.0,4251.0,265.6875,16.0,1010.5312500000001,462.2875000000001,4396.0,4222,5,859.0,0.9604185623293904,5851.0,3.133125,16.0,87.22312500000001,37.25,2.73457528627585
edf20,13,,free_viewing,,5999.0,4587.0,764.5,6.0,1095.3500000000001,462.26666666666665,4756.0,4116,3,1216.0,0.8654331370899916,5999.0,4.5683333333333325,6.0,108.16333333333334,39.333333333333336,1.0001666944490748
edf20,14,,free_viewing,,5733.0,4268.0,304.85714285714283,14.0,970.5571428571427,563.3214285714286,4457.0,4457,6,741.0,1.0,5733.0,3.962,15.0,96.19400000000003,36.93333333333333,2.6164311878597593
edf20,15,,free_viewing,,5758.0,4168.0,320.61538461538464,13.0,968.6999999999999,776.1923076923078,4588.0,4314,4,766.0,0.9402789886660854,5758.0,2.973846153846154,13.0,84.90076923076921,31.076923076923077,2.2577283779089963
edf20,16,,free_viewing,,6126.0,4378.0,486.44444444444446,9.0,825.7,599.4555555555556,4674.0,4378,2,1468.0,0.936670945656825,6126.0,3.6222222222222222,9.0,96.29222222222222,35.333333333333336,1.4691478942213516
edf20,17,,free_viewing,,5643.0,4321.0,432.1,10.0,886.79,680.97,4562.0,2102,5,651.0,0.4607628233231039,5643.0,3.8009999999999997,10.0,92.48299999999999,43.0,1.77210703526493
edf20,18,,free_viewing,,6093.0,4469.0,496.55555555555554,9.0,1064.8444444444444,387.9777777777778,4706.0,4706,6,1101.0,1.0,6093.0,2.7544444444444447,9.0,81.54777777777777,31.77777777777778,1.4771048744460857
edf20,19,Punjabi,sentence_audio,passive,10742.0,4376.0,437.6,10.0,813.1099999999999,537.4,4554.0,4038,4,5968.0,0.8866930171277997,10742.0,2.729,10.0,144.40699999999998,43.8,0.9309253397877489
edf20,2,,free_viewing,,6126.0,4232.0,282.1333333333333,15.0,879.1466666666664,560.3999999999999,4433.0,3497,6,1133.0,0.7888563049853372,6126.0,4.000666666666667,15.0,97.154,37.333333333333336,2.4485798237022527
edf20,20,Punjabi,sentence_audio,passive,10671.0,4521.0,452.1,10.0,962.4800000000001,424.65,4564.0,4564,5,5679.0,1.0,10671.0,1.921,10.0,137.597,42.8,0.93711929528629
edf20,21,Punjabi,sentence_audio,passive,10647.0,4548.0,649.7142857142857,7.0,899.0428571428572,476.95714285714297,4776.0,4776,3,5654.0,1.0,10647.0,1.73875,8.0,59.184999999999995,28.5,0.7513853667699821
edf20,22,Punjabi,sentence_audio,passive_dropped_agent,10211.0,4359.0,484.3333333333333,9.0,995.7111111111111,677.5000000000001,4569.0,2913,4,5454.0,0.6375574523965857,10211.0,3.385555555555556,9.0,100.89444444444445,47.111111111111114,0.8814024091665851
edf20,23,Punjabi,sentence_audio,passive_dropped_agent,10684.0,4088.0,408.8,10.0,1028.4900000000002,505.8299999999999,4440.0,4440,3,5692.0,1.0,10684.0,3.554,10.0,233.21300000000002,55.2,0.9359790340696369
edf20,24,Punjabi,sentence_audio,passive_dropped_agent,11052.0,4468.0,496.44444444444446,9.0,863.6222222222223,461.78888888888895,4722.0,4722,3,6060.0,1.0,11052.0,2.675555555555556,9.0,75.4388888888889,30.0,0.8143322475570033
edf20,25,English,sentence_audio,active,10635.0,4429.0,553.625,8.0,781.8374999999999,498.59999999999997,4616.0,4616,6,5643.0,1.0,10635.0,2.68375,8.0,152.4225,47.0,0.7522331922896098
edf20,26,English,sentence_audio,active,10974.0,4324.0,360.3333333333333,12.0,1011.8083333333334,459.65833333333336,4526.0,3554,6,6222.0,0.7852408307556341,10974.0,4.321666666666666,12.0,101.90416666666665,38.833333333333336,1.0934937124111537
edf20,27,English,sentence_audio,active,10615.0,4669.0,778.1666666666666,6.0,923.3666666666667,480.61666666666673,4820.0,4820,3,5623.0,1.0,10615.0,2.223333333333333,6.0,75.73,28.666666666666668,0.5652378709373528
edf20,28,English,sentence_audio,passive,10618.0,4456.0,371.3333333333333,12.0,1061.7333333333333,444.2,4626.0,4626,6,5626.0,1.0,10618.0,2.581666666666667,12.0,80.135,30.5,1.1301563382934638
edf20,29,English,sentence_audio,passive,10899.0,4567.0,652.4285714285714,7.0,826.842857142857,571.3714285714285,4742.0,4742,3,5907.0,1.0,10899.0,4.048571428571429,7.0,98.57142857142857,35.714285714285715,0.6422607578676943
edf20,3,,free_viewing,,5983.0,4423.0,552.875,8.0,952.2,502.275,4592.0,4592,5,991.0,1.0,5983.0,2.55625,8.0,172.17999999999998,50.0,1.3371218452281466
edf20,30,English,sentence_audio,passive,10935.0,4099.0,819.8,5.0,942.4200000000001,403.58000000000004,4744.0,4572,4,5941.0,0.9637436762225969,10935.0,2.7020000000000004,5.0,103.03999999999999,50.0,0.45724737082761774
edf20,31,English,sentence_audio,passive_dropped_agent,10323.0,4563.0,912.6,5.0,1051.1200000000001,657.9399999999999,4715.0,4715,3,5330.0,1.0,10323.0,2.6699999999999995,5.0,202.30200000000002,55.6,0.48435532306500045
edf20,32,English,sentence_audio,passive_dropped_agent,10478.0,4572.0,914.4,5.0,1008.28,616.26,4757.0,4572,2,5712.0,0.9611099432415388,10478.0,3.45,5.0,154.156,47.2,0.47719030349303304
edf20,33,English,sentence_audio,passive_dropped_agent,10695.0,4187.0,837.4,5.0,916.86,507.21999999999997,4753.0,4753,5,5702.0,1.0,10695.0,2.952,5.0,102.35000000000001,48.0,0.46750818139317435
edf20,34,Punjabi,sentence_audio,active,10663.0,4519.0,451.9,10.0,924.7000000000002,523.0200000000001,4685.0,4685,4,5670.0,1.0,10663.0,2.7199999999999998,10.0,73.934,30.8,0.9378223764419019
edf20,35,Punjabi,sentence_audio,active,10699.0,4593.0,417.54545454545456,11.0,1007.527272727273,517.1,4617.0,4617,5,5708.0,1.0,10699.0,2.260909090909091,11.0,72.65,34.0,1.028133470417796
edf20,36,Punjabi,sentence_audio,active,10196.0,4290.0,357.5,12.0,743.5,633.7166666666667,4474.0,4402,4,5204.0,0.983907018328118,10196.0,3.119230769230769,13.0,92.43153846153847,41.23076923076923,1.275009807767752
edf20,4,,free_viewing,,5932.0,4170.0,463.3333333333333,9.0,948.8555555555556,582.411111111111,4538.0,4194,3,940.0,0.9241956809167033,5932.0,2.4111111111111105,9.0,127.52777777777777,50.44444444444444,1.5171948752528657
edf20,5,,free_viewing,,6033.0,4213.0,263.3125,16.0,914.8437499999999,609.2062500000001,4435.0,4273,4,1042.0,0.9634723788049605,6033.0,3.56375,16.0,88.05625,34.75,2.652080225426819
edf20,6,,free_viewing,,5831.0,4449.0,370.75,12.0,1108.4166666666665,708.1083333333335,4607.0,4323,4,838.0,0.9383546776644237,5831.0,3.2433333333333336,12.0,85.0225,32.166666666666664,2.057966043560281
edf20,7,,free_viewing,,6004.0,4394.0,488.22222222222223,9.0,913.2444444444445,455.6555555555556,4741.0,4543,3,1011.0,0.9582366589327146,6004.0,2.2455555555555557,9.0,69.21777777777777,28.0,1.4990006662225184
edf20,8,,free_viewing,,5844.0,4384.0,365.3333333333333,12.0,1004.6666666666666,533.8916666666668,4612.0,4612,3,852.0,1.0,5844.0,2.9425000000000003,12.0,81.91083333333334,31.666666666666668,2.0533880903490758
edf20,9,,free_viewing,,6000.0,3768.0,628.0,6.0,998.7166666666667,514.0333333333333,4771.0,4771,4,1007.0,1.0,6000.0,3.5133333333333336,6.0,94.65333333333335,37.0,1.0
edf21,1,,free_viewing,,5841.0,3950.0,303.84615384615387,13.0,849.0384615384614,447.7230769230769,4158.0,3676,7,1236.0,0.8840788840788841,5841.0,2.782142857142858,14.0,233.5914285714286,59.714285714285715,2.396849854476973
edf21,10,,free_viewing,,5888.0,4350.0,362.5,12.0,912.3583333333332,462.5249999999999,4511.0,3879,9,895.0,0.8598980270450011,5888.0,2.2816666666666667,12.0,108.52749999999997,40.166666666666664,2.0380434782608696
edf21,11,,free_viewing,,5958.0,4116.0,343.0,12.0,1040.2333333333333,674.4583333333334,4302.0,4184,5,966.0,0.9725708972570897,5958.0,2.9366666666666674,12.0,119.4166666666667,57.5,2.014098690835851
edf21,12,,free_viewing,,5878.0,4302.0,330.9230769230769,13.0,999.2,444.723076923077,4461.0,4302,5,1080.0,0.9643577673167452,5878.0,2.3592307692307695,13.0,94.78923076923076,40.76923076923077,2.2116366110922083
edf21,13,,free_viewing,,5658.0,4178.0,379.8181818181818,11.0,961.2454545454544,411.97272727272724,4310.0,4310,6,666.0,1.0,5658.0,2.8363636363636364,11.0,140.4618181818182,62.0,1.9441498762813714
edf21,14,,free_viewing,,5713.0,4141.0,376.45454545454544,11.0,897.0727272727272,582.8181818181819,4201.0,3743,6,1088.0,0.8909783384908355,5713.0,2.791818181818182,11.0,146.54181818181817,72.0,1.9254332224750568
edf21,15,,free_viewing,,5940.0,4084.0,255.25,16.0,905.775,467.01249999999993,4354.0,4230,7,952.0,0.9715204409738172,5940.0,2.708333333333333,18.0,108.63833333333332,46.22222222222222,3.0303030303030303
edf21,16,,free_viewing,,5677.0,3835.0,191.75,20.0,965.8,436.44500000000016,4002.0,4002,7,685.0,1.0,5677.0,2.725,20.0,132.34,49.5,3.5229874933943988
edf21,17,,free_viewing,,6023.0,4033.0,288.07142857142856,14.0,964.1357142857144,554.8428571428572,4216.0,3206,5,1031.0,0.7604364326375711,6023.0,2.959285714285715,14.0,120.41357142857143,55.42857142857143,2.324423044994189
edf21,18,,free_viewing,,5789.0,3957.0,247.3125,16.0,1027.04375,399.55625,4096.0,4096,9,797.0,1.0,5789.0,2.551875,16.0,140.823125,56.0,2.7638624978407327
edf21,19,Punjabi,sentence_audio,passive_dropped_agent,11151.0,4041.0,269.4,15.0,820.8799999999999,556.3933333333332,4161.0,3459,8,6314.0,0.8312905551550108,11151.0,3.493333333333333,15.0,124.44866666666668,55.46666666666667,1.3451708366962605
edf21,2,,free_viewing,,5878.0,4248.0,303.42857142857144,14.0,935.0500000000001,674.4928571428571,4500.0,4500,6,886.0,1.0,5878.0,3.5021428571428572,14.0,85.11642857142856,35.142857142857146,2.3817625042531474
edf21,20,Punjabi,sentence_audio,passive_dropped_agent,11152.0,4224.0,384.0,11.0,849.7636363636364,461.95454545454544,4390.0,4248,6,6160.0,0.9676537585421412,11152.0,3.6075,12.0,101.95166666666667,51.666666666666664,1.0760401721664277
edf21,21,Punjabi,sentence_audio,passive_dropped_agent,11166.0,3912.0,300.9230769230769,13.0,963.6000000000001,455.4692307692308,4154.0,4030,7,6174.0,0.9701492537313433,11166.0,2.246153846153846,13.0,134.31999999999996,64.46153846153847,1.1642486118574242
edf21,22,English,sentence_audio,active,10371.0,4099.0,315.3076923076923,13.0,902.3538461538462,548.6153846153846,4270.0,4004,9,5379.0,0.9377049180327869,10371.0,2.5430769230769226,13.0,99.42230769230767,55.53846153846154,1.253495323498216
edf21,23,English,sentence_audio,active,10580.0,4096.0,315.0769230769231,13.0,967.3692307692309,344.13846153846146,4313.0,4227,4,5587.0,0.9800602828657548,10580.0,2.349230769230769,13.0,128.93615384615384,52.30769230769231,1.2287334593572778
edf21,24,English,sentence_audio,active,10248.0,4108.0,293.42857142857144,14.0,947.3214285714286,389.05000000000007,4266.0,4266,5,5256.0,1.0,10248.0,2.6514285714285712,14.0,119.44285714285714,51.857142857142854,1.3661202185792352
edf21,25,English,sentence_audio,passive,11137.0,3909.0,325.75,12.0,789.6166666666667,634.5,4021.0,4021,4,6490.0,1.0,11137.0,2.5869230769230764,13.0,116.28307692307693,78.15384615384616,1.167280237047679
edf21,26,English,sentence_audio,passive,10309.0,4333.0,619.0,7.0,1092.642857142857,349.9857142857142,4491.0,4333,1,5510.0,0.9648185259407704,10309.0,1.5157142857142856,7.0,171.25428571428571,71.71428571428571,0.6790183334950044
edf21,27,English,sentence_audio,passive,10372.0,3842.0,295.53846153846155,13.0,957.1999999999999,531.2692307692307,4186.0,3586,5,5380.0,0.8566650740563784,10372.0,4.91,13.0,134.18923076923076,62.0,1.253374469726186
edf21,28,English,sentence_audio,passive_dropped_agent,10224.0,4082.0,314.0,13.0,1090.576923076923,385.976923076923,4246.0,4120,8,5232.0,0.970325011775789,10224.0,3.0076923076923086,13.0,140.0223076923077,57.38461538461539,1.2715179968701096
edf21,29,English,sentence_audio,passive_dropped_agent,10911.0,4229.0,1409.6666666666667,3.0,855.7999999999998,458.1666666666667,4538.0,4538,2,5919.0,1.0,10911.0,2.3166666666666664,3.0,234.28,151.33333333333334,0.27495188342040144
edf21,3,,free_viewing,,5863.0,4077.0,239.8235294117647,17.0,966.364705882353,401.86470588235295,4237.0,3263,10,1068.0,0.7701203681850366,5863.0,3.65764705882353,17.0,137.75705882352943,44.470588235294116,2.8995394849053384
edf21,30,English,sentence_audio,passive_dropped_agent,11080.0,4252.0,531.5,8.0,1039.3874999999998,390.925,4412.0,4252,6,6282.0,0.9637352674524026,11080.0,2.99625,8.0,120.4,72.5,0.7220216606498195
edf21,31,Punjabi,sentence_audio,active,10835.0,4199.0,599.8571428571429,7.0,986.8714285714285,641.1428571428571,4361.0,4361,4,5842.0,1.0,10835.0,2.9071428571428575,7.0,134.81285714285715,90.28571428571429,0.6460544531610521
edf21,32,Punjabi,sentence_audio,active,10566.0,4068.0,452.0,9.0,947.4444444444445,563.2222222222222,4179.0,4179,4,5573.0,1.0,10566.0,2.997,10.0,135.331,83.2,0.946431951542684
edf21,33,Punjabi,sentence_audio,active,10682.0,3014.0,502.3333333333333,6.0,951.6666666666666,390.51666666666665,3392.0,3232,4,5690.0,0.9528301886792453,10682.0,2.6149999999999998,6.0,226.00999999999996,266.6666666666667,0.5616925669350309
edf21,34,Punjabi,sentence_audio,passive,10362.0,4444.0,1481.3333333333333,3.0,966.3333333333334,450.8333333333333,4599.0,4599,4,5369.0,1.0,10362.0,4.476666666666667,3.0,171.6,131.33333333333334,0.2895193977996526
edf21,35,Punjabi,sentence_audio,passive,10381.0,4695.0,4695.0,1.0,988.1,454.0,4960.0,4960,1,5389.0,1.0,10381.0,2.7,1.0,82.92,32.0,0.0963298333493883
edf21,36,Punjabi,sentence_audio,passive,10899.0,4233.0,470.3333333333333,9.0,865.4666666666667,412.20000000000005,4405.0,4233,6,6110.0,0.9609534619750284,10899.0,2.7744444444444443,9.0,115.47111111111111,65.33333333333333,0.8257638315441784
edf21,4,,free_viewing,,6050.0,4258.0,236.55555555555554,18.0,943.6777777777778,504.838888888889,4415.0,4415,9,1057.0,1.0,6050.0,1.8127777777777776,18.0,92.31388888888888,32.111111111111114,2.9752066115702482
edf21,5,,free_viewing,,6103.0,4259.0,354.9166666666667,12.0,1005.3416666666666,410.75,4267.0,3935,9,1110.0,0.9221935786266698,6103.0,3.0,12.0,149.56083333333333,60.5,1.9662461084712437
edf21,6,,free_viewing,,5642.0,4276.0,427.6,10.0,904.5699999999999,512.0899999999999,4441.0,4145,4,649.0,0.9333483449673496,5642.0,2.776,10.0,154.834,55.2,1.772421127259837
edf21,7,,free_viewing,,5841.0,3895.0,229.11764705882354,17.0,879.7705882352941,346.5529411764706,4078.0,3655,8,849.0,0.896272682687592,5841.0,3.603529411764706,17.0,128.0370588235294,53.76470588235294,2.9104605375791817
edf21,8,,free_viewing,,5709.0,4357.0,363.0833333333333,12.0,959.4,435.18333333333334,4402.0,4402,8,717.0,1.0,5709.0,2.2399999999999998,12.0,144.19166666666663,49.166666666666664,2.1019442984760905
edf21,9,,free_viewing,,5948.0,4138.0,258.625,16.0,914.8749999999999,473.20625,4320.0,4218,6,956.0,0.9763888888888889,5948.0,3.0256250000000002,16.0,98.06624999999998,42.0,2.6899798251513114
edf22,1,,free_viewing,,5795.0,3845.0,1281.6666666666667,3.0,876.4666666666667,386.06666666666666,4934.0,6818,5,799.0,1.3818402918524524,5956.0,2.46,13.0,74.76846153846155,32.61538461538461,2.1826729348556078
edf22,10,,free_viewing,,6039.0,3417.0,227.8,15.0,915.36,518.96,4437.0,7447,9,1260.0,1.6783862970475547,6039.0,3.1927272727272733,22.0,96.30409090909092,95.36363636363636,3.642987249544627
edf22,11,,free_viewing,,5710.0,4050.0,213.1578947368421,19.0,823.0526315789474,701.078947368421,4710.0,7244,11,874.0,1.5380042462845012,5795.0,1.6345161290322578,31.0,59.799032258064514,36.516129032258064,5.349439171699741
edf22,12,,free_viewing,,5715.0,4210.0,221.57894736842104,19.0,876.2052631578946,452.5052631578948,4338.0,6028,16,814.0,1.3895804518211157,5715.0,2.7758536585365863,41.0,81.17926829268295,39.1219512195122,7.1741032370953635
edf22,13,,free_viewing,,5681.0,4109.0,273.93333333333334,15.0,927.9666666666666,346.02000000000004,4466.0,8697,8,689.0,1.9473802060008956,6067.0,2.0727586206896556,29.0,73.52931034482759,43.6551724137931,4.779957145211801
edf22,14,,free_viewing,,5726.0,3770.0,377.0,10.0,845.2700000000001,380.73,4457.0,7307,7,1160.0,1.639443571909356,5913.0,2.1592307692307697,26.0,87.74576923076924,79.3076923076923,4.397091155082022
edf22,15,,free_viewing,,5840.0,3584.0,358.4,10.0,918.9400000000002,467.55999999999995,4910.0,5682,6,978.0,1.1572301425661915,5840.0,3.1426666666666665,15.0,110.32066666666667,68.8,2.568493150684932
edf22,16,,free_viewing,,5831.0,4153.0,244.2941176470588,17.0,904.2882352941174,534.3411764705882,4780.0,8481,12,838.0,1.7742677824267783,5883.0,1.5967999999999998,25.0,58.8316,29.04,4.249532551419344
edf22,17,,free_viewing,,6101.0,4309.0,269.3125,16.0,998.5437499999998,479.63125,4760.0,7254,7,661.0,1.5239495798319327,6101.0,1.9385714285714286,28.0,66.62214285714285,25.214285714285715,4.589411571873463
edf22,18,,free_viewing,,6134.0,2818.0,140.9,20.0,302.44000000000005,828.3800000000001,4718.0,5176,3,856.0,1.0970750317931326,6134.0,1.433125,32.0,66.174375,76.8125,5.2168242582328
edf22,19,English,sentence_audio,active,10653.0,4495.0,345.7692307692308,13.0,951.0384615384614,472.36923076923085,4803.0,6466,8,5846.0,1.3462419321257548,10653.0,1.8765,20.0,64.06550000000001,27.2,1.8774054257016801
edf22,2,,free_viewing,,5996.0,4344.0,394.90909090909093,11.0,889.1636363636364,652.6181818181819,4691.0,8156,6,738.0,1.7386484758047325,5996.0,2.571818181818182,22.0,83.42636363636363,40.54545454545455,3.669112741827885
edf22,20,English,sentence_audio,active,10511.0,4401.0,275.0625,16.0,860.275,558.69375,4835.0,9251,6,5519.0,1.913340227507756,10617.0,1.4508695652173909,23.0,55.943478260869576,24.434782608695652,2.166337006687388
edf22,21,English,sentence_audio,active,10790.0,4196.0,299.7142857142857,14.0,938.4571428571431,467.2357142857144,4807.0,7609,11,5798.0,1.582899937591013,11010.0,1.6976190476190476,21.0,69.74809523809525,38.666666666666664,1.9073569482288828
edf22,22,English,sentence_audio,passive,10673.0,3329.0,832.25,4.0,964.25,656.825,4725.0,8418,3,5680.0,1.7815873015873016,11115.0,2.1123076923076924,13.0,88.98769230769231,44.46153846153846,1.1695906432748537
edf22,23,English,sentence_audio,passive,10344.0,3970.0,283.57142857142856,14.0,1067.9857142857143,534.3928571428571,4607.0,7495,8,5352.0,1.626872151074452,11023.0,2.6047999999999996,25.0,78.8512,44.56,2.2679851220175995
edf22,24,English,sentence_audio,passive,10525.0,4171.0,297.92857142857144,14.0,850.0428571428571,433.67857142857144,4197.0,8311,11,5518.0,1.9802239695020252,10525.0,3.242580645161291,31.0,105.86870967741935,54.0,2.9453681710213777
edf22,25,English,sentence_audio,passive_dropped_agent,10556.0,4292.0,476.8888888888889,9.0,830.8222222222222,596.8666666666667,4445.0,7232,8,5740.0,1.6269966254218222,10735.0,2.527727272727272,22.0,84.61454545454546,62.45454545454545,2.049371215649744
edf22,26,English,sentence_audio,passive_dropped_agent,10680.0,2310.0,210.0,11.0,940.1727272727272,503.43636363636375,4710.0,6264,6,5884.0,1.329936305732484,11089.0,2.95695652173913,23.0,76.55086956521738,123.30434782608695,2.074127513752367
edf22,27,English,sentence_audio,passive_dropped_agent,10737.0,3509.0,501.2857142857143,7.0,815.4428571428571,457.15714285714284,4878.0,8789,4,5242.0,1.8017630176301762,10737.0,1.6741666666666666,12.0,89.3575,99.66666666666667,1.1176306230790725
edf22,28,Punjabi,sentence_audio,active,10531.0,4067.0,239.23529411764707,17.0,806.6352941176472,475.5941176470589,4926.0,7529,6,6072.0,1.5284206252537555,10708.0,1.492,20.0,56.626999999999995,24.0,1.8677624206200971
edf22,29,Punjabi,sentence_audio,active,11019.0,4117.0,316.6923076923077,13.0,840.6615384615384,445.89230769230767,4846.0,8257,8,5284.0,1.7038794882377217,11019.0,1.8842105263157893,19.0,76.40263157894736,38.0,1.724294400580815
edf22,3,,free_viewing,,5831.0,4415.0,294.3333333333333,15.0,978.6866666666665,365.18666666666667,4708.0,8416,11,706.0,1.7875955819881053,5831.0,1.946521739130435,23.0,65.59956521739132,26.434782608695652,3.944434916823872
edf22,30,Punjabi,sentence_audio,active,10436.0,3618.0,278.3076923076923,13.0,964.6615384615384,449.723076923077,4466.0,7970,12,5732.0,1.7845947156291984,10436.0,2.1134782608695653,23.0,95.31826086956521,96.34782608695652,2.2039095438865464
edf22,31,Punjabi,sentence_audio,passive,10529.0,1322.0,220.33333333333334,6.0,683.0500000000002,576.6500000000001,4541.0,4393,7,5916.0,0.9674080598987007,11087.0,5.299047619047619,21.0,109.30199999999999,206.85714285714286,1.8941102191756112
edf22,32,Punjabi,sentence_audio,passive,10665.0,4089.0,371.72727272727275,11.0,953.0909090909092,713.9454545454546,4863.0,8952,6,5870.0,1.8408389882788403,10863.0,2.39,15.0,95.35733333333332,45.333333333333336,1.3808340237503454
edf22,33,Punjabi,sentence_audio,passive,11104.0,3328.0,302.54545454545456,11.0,909.2272727272729,499.35454545454553,4763.0,6647,9,5996.0,1.3955490237245434,11104.0,1.0850000000000002,22.0,74.36863636363637,72.18181818181819,1.9812680115273777
edf22,34,Punjabi,sentence_audio,passive_dropped_agent,10715.0,2351.0,335.85714285714283,7.0,659.4428571428571,600.0285714285714,4842.0,6625,4,5384.0,1.3682362660057827,10715.0,3.2685714285714282,14.0,68.05571428571429,251.57142857142858,1.306579561362576
edf22,35,Punjabi,sentence_audio,passive_dropped_agent,10421.0,2763.0,172.6875,16.0,872.325,451.79375000000005,4681.0,7587,5,5429.0,1.6208075197607348,10763.0,1.4965,20.0,66.94149999999999,115.0,1.85821796896776
edf22,36,Punjabi,sentence_audio,passive_dropped_agent,10502.0,4192.0,220.6315789473684,19.0,930.1210526315789,605.1157894736842,4857.0,8705,6,5513.0,1.7922585958410542,10506.0,2.784615384615385,26.0,82.12653846153846,53.46153846153846,2.474776318294308
edf22,4,,free_viewing,,5957.0,4229.0,528.625,8.0,758.4375,432.13749999999993,4506.0,8496,6,965.0,1.885486018641811,5957.0,1.9357894736842103,19.0,89.10263157894737,57.473684210526315,3.1895249286553633
edf22,5,,free_viewing,,5963.0,4394.0,488.22222222222223,9.0,813.6444444444444,230.4888888888889,4765.0,8818,5,971.0,1.8505771248688352,5963.0,2.4029411764705886,17.0,74.71235294117648,28.58823529411765,2.85091396947845
edf22,6,,free_viewing,,5739.0,3707.0,308.9166666666667,12.0,985.3166666666666,373.09999999999997,4544.0,7501,12,1063.0,1.6507482394366197,6055.0,3.1233333333333335,24.0,91.125,58.916666666666664,3.9636663914120565
edf22,7,,free_viewing,,6054.0,4672.0,1557.3333333333333,3.0,951.5333333333333,477.3333333333333,4909.0,8637,11,917.0,1.7594214707679772,6054.0,2.371052631578947,19.0,83.96631578947367,43.68421052631579,3.138420878757846
edf22,8,,free_viewing,,5743.0,4109.0,241.7058823529412,17.0,865.0058823529413,553.135294117647,4656.0,8436,9,751.0,1.8118556701030928,6037.0,2.778888888888889,27.0,79.967037037037,30.962962962962962,4.472420076196786
edf22,9,,free_viewing,,6138.0,3916.0,279.7142857142857,14.0,863.9142857142858,484.62857142857143,4695.0,8697,11,921.0,1.8523961661341852,6138.0,2.193076923076924,26.0,68.67807692307693,42.38461538461539,4.235907461713913
edf23,1,,free_viewing,,5719.0,4488.0,561.0,8.0,1008.55,615.3375,4685.0,4282,6,954.0,0.9139807897545358,5719.0,4.1499999999999995,8.0,101.98249999999999,38.5,1.398845952089526
edf23,10,,free_viewing,,5970.0,4406.0,314.7142857142857,14.0,909.3642857142858,675.7071428571429,4536.0,3476,6,978.0,0.7663139329805997,5970.0,3.050714285714286,14.0,83.23357142857144,32.57142857142857,2.345058626465662
edf23,11,,free_viewing,,5792.0,4390.0,399.09090909090907,11.0,971.5727272727273,512.9181818181819,4426.0,4210,4,800.0,0.9511974694984184,5792.0,2.9990909090909095,11.0,107.50818181818181,51.45454545454545,1.899171270718232
edf23,12,,free_viewing,,6029.0,4133.0,275.53333333333336,15.0,750.1733333333333,489.6066666666666,4191.0,3577,5,1036.0,0.8534955857790504,6029.0,3.1046666666666662,15.0,86.00466666666668,53.46666666666667,2.487974788522143
edf23,13,,free_viewing,,6081.0,4043.0,237.8235294117647,17.0,942.9176470588235,536.3294117647059,4294.0,4294,11,1089.0,1.0,6081.0,3.014705882352941,17.0,81.3964705882353,41.05882352941177,2.7955928301266235
edf23,14,,free_viewing,,5854.0,4212.0,280.8,15.0,867.4333333333335,612.8133333333333,4434.0,3080,6,1110.0,0.6946323861073522,5854.0,3.4799999999999995,16.0,151.420625,35.75,2.733173898189272
edf23,15,,free_viewing,,5865.0,4117.0,294.07142857142856,14.0,918.4,487.24999999999994,4390.0,3508,6,1340.0,0.7990888382687927,5865.0,3.261428571428571,14.0,82.20642857142856,43.0,2.3870417732310316
edf23,16,,free_viewing,,5697.0,3957.0,263.8,15.0,1226.0733333333333,426.9933333333333,4143.0,3221,7,930.0,0.7774559497948347,5697.0,3.32625,16.0,80.305,55.375,2.80849569949096
edf23,17,,free_viewing,,5678.0,4040.0,404.0,10.0,913.93,434.93999999999994,4575.0,4433,4,685.0,0.9689617486338797,5678.0,1.3381818181818181,11.0,52.23909090909091,39.63636363636363,1.9373018668545263
edf23,18,,free_viewing,,5986.0,4526.0,502.8888888888889,9.0,947.6666666666666,689.4333333333333,4763.0,4763,4,993.0,1.0,5986.0,2.002222222222222,9.0,67.29888888888888,25.555555555555557,1.5035081857667891
edf23,19,English,sentence_audio,passive,11100.0,3836.0,255.73333333333332,15.0,954.5733333333333,553.6800000000001,3998.0,2778,7,6308.0,0.6948474237118559,11100.0,4.692500000000002,16.0,167.05937500000005,63.25,1.4414414414414416
edf23,2,,free_viewing,,5953.0,4171.0,297.92857142857144,14.0,781.3000000000001,568.5642857142858,4469.0,3991,8,960.0,0.8930409487581115,5953.0,4.053571428571429,14.0,100.11142857142856,37.42857142857143,2.3517554174365864
edf23,20,English,sentence_audio,passive,10763.0,2868.0,260.72727272727275,11.0,832.0454545454545,492.77272727272725,3031.0,2791,4,5771.0,0.9208182118112834,10763.0,2.640909090909091,11.0,248.03750000000002,165.0,1.022019882932268
edf23,21,English,sentence_audio,passive,10778.0,4478.0,1492.6666666666667,3.0,948.7333333333332,448.6666666666667,4891.0,4891,3,5785.0,1.0,10778.0,3.0400000000000005,3.0,88.63333333333334,34.0,0.27834477639636296
edf23,22,English,sentence_audio,passive_dropped_agent,10643.0,2152.0,165.53846153846155,13.0,1415.930769230769,356.2769230769231,2671.0,1158,3,6210.0,0.4335454885810558,10643.0,6.730714285714285,14.0,118.73428571428575,167.14285714285714,1.3154185849854363
edf23,23,English,sentence_audio,passive_dropped_agent,10489.0,4135.0,217.6315789473684,19.0,870.8052631578947,622.2315789473685,4342.0,3274,3,5497.0,0.7540304007369876,10489.0,3.3742105263157893,19.0,93.52315789473683,34.21052631578947,1.8114214891791398
edf23,24,English,sentence_audio,passive_dropped_agent,10507.0,4210.0,421.0,10.0,910.3100000000001,433.25,4627.0,2561,5,5515.0,0.5534903825372812,10507.0,2.46,11.0,87.66545454545454,34.90909090909091,1.0469211002189016
edf23,25,Punjabi,sentence_audio,active,10712.0,4170.0,278.0,15.0,784.9133333333334,572.3199999999999,4431.0,4431,10,5719.0,1.0,10712.0,3.4739999999999998,15.0,88.30600000000001,37.46666666666667,1.4002987303958179
edf23,26,Punjabi,sentence_audio,active,10856.0,3730.0,339.09090909090907,11.0,983.5727272727272,398.60909090909087,3922.0,1974,4,6086.0,0.5033146353901071,10856.0,3.965,12.0,225.62333333333333,90.16666666666667,1.105379513633014
edf23,27,Punjabi,sentence_audio,active,10268.0,4046.0,337.1666666666667,12.0,832.4583333333335,484.3083333333332,4315.0,3943,7,5275.0,0.9137891077636153,10268.0,2.501666666666667,12.0,126.51999999999997,56.5,1.168679392286716
edf23,28,Punjabi,sentence_audio,passive,10400.0,3722.0,310.1666666666667,12.0,1170.6000000000001,373.47499999999997,4007.0,3275,7,5409.0,0.8173196905415523,10400.0,7.478333333333334,12.0,125.18916666666665,82.0,1.1538461538461537
edf23,29,Punjabi,sentence_audio,passive,10327.0,3751.0,197.42105263157896,19.0,411.5,805.3421052631579,3963.0,3071,8,5334.0,0.7749179914206409,10327.0,6.577894736842105,19.0,133.93157894736842,54.21052631578947,1.839837319647526
edf23,3,,free_viewing,,6040.0,4474.0,447.4,10.0,786.48,458.08000000000004,4691.0,4339,6,1047.0,0.924962694521424,6040.0,2.5100000000000002,10.0,77.74000000000001,30.2,1.6556291390728477
edf23,30,Punjabi,sentence_audio,passive,11101.0,4271.0,305.07142857142856,14.0,881.9857142857143,523.657142857143,4458.0,4320,4,6109.0,0.9690444145356663,11101.0,3.8292857142857146,14.0,92.56071428571428,38.142857142857146,1.2611476443563643
edf23,31,Punjabi,sentence_audio,passive_dropped_agent,10506.0,4408.0,339.0769230769231,13.0,865.3846153846154,686.9461538461541,4588.0,3408,7,5514.0,0.7428073234524848,10506.0,2.9176923076923083,13.0,85.91307692307691,31.076923076923077,1.237388159147154
edf23,32,Punjabi,sentence_audio,passive_dropped_agent,10801.0,4147.0,460.77777777777777,9.0,973.1666666666665,707.3111111111111,4354.0,4354,5,5809.0,1.0,10801.0,3.9611111111111117,9.0,128.2444444444444,70.88888888888889,0.8332561799833349
edf23,33,Punjabi,sentence_audio,passive_dropped_agent,10932.0,4330.0,288.6666666666667,15.0,941.3599999999999,506.2,4378.0,2104,6,6778.0,0.48058474189127454,10932.0,3.4631250000000007,16.0,102.42875,45.375,1.4635931211123308
edf23,34,English,sentence_audio,active,10205.0,3188.0,318.8,10.0,1087.23,544.9800000000001,3406.0,3356,5,5212.0,0.9853200234879624,10205.0,4.995454545454546,11.0,152.87545454545455,145.8181818181818,1.0779029887310143
edf23,35,English,sentence_audio,active,10789.0,3152.0,225.14285714285714,14.0,1609.5142857142857,213.35714285714286,3365.0,2407,4,5797.0,0.7153046062407132,10789.0,12.309333333333335,15.0,206.05066666666664,109.73333333333333,1.3903049402168877
edf23,36,English,sentence_audio,active,10215.0,4323.0,288.2,15.0,917.6533333333335,430.6933333333333,4383.0,4323,10,5398.0,0.9863107460643394,10215.0,4.601874999999998,16.0,122.14124999999999,38.25,1.5663240332843857
edf23,4,,free_viewing,,5955.0,4365.0,311.7857142857143,14.0,902.7214285714284,468.9428571428571,4571.0,3877,8,1194.0,0.8481732662437104,5955.0,2.5464285714285717,14.0,76.79214285714285,30.142857142857142,2.3509655751469354
edf23,5,,free_viewing,,5734.0,3788.0,210.44444444444446,18.0,985.6888888888888,479.2555555555556,4046.0,3778,9,742.0,0.9337617399901137,5734.0,3.479444444444444,18.0,126.33500000000001,52.55555555555556,3.1391698639693058
edf23,6,,free_viewing,,6100.0,4388.0,292.53333333333336,15.0,904.1733333333333,491.4066666666667,4549.0,4268,3,1294.0,0.9382281820180259,6100.0,2.242666666666666,15.0,68.57533333333335,29.6,2.459016393442623
edf23,7,,free_viewing,,6070.0,4558.0,455.8,10.0,812.63,562.6,4712.0,4712,4,1078.0,1.0,6070.0,1.9979999999999998,10.0,65.74199999999999,28.0,1.6474464579901154
edf23,8,,free_viewing,,5971.0,3881.0,258.73333333333335,15.0,1069.7933333333335,541.1,4056.0,3520,4,979.0,0.8678500986193294,5971.0,3.1033333333333335,15.0,144.13133333333334,62.4,2.5121420197621838
edf23,9,,free_viewing,,5636.0,4172.0,231.77777777777777,18.0,950.2499999999998,466.5944444444445,4398.0,4398,7,644.0,1.0,5636.0,3.2605555555555554,18.0,85.32999999999998,33.0,3.1937544357700496
edf24,1,,free_viewing,,5985.0,4408.0,734.6666666666666,6.0,1032.1166666666666,354.1833333333334,4792.0,4336,5,994.0,0.9048414023372288,5985.0,2.467142857142857,7.0,80.65285714285713,28.285714285714285,1.1695906432748537
edf24,10,,free_viewing,,6114.0,4672.0,934.4,5.0,1000.0200000000001,601.62,4844.0,4844,3,1122.0,1.0,6114.0,2.43,5.0,68.71000000000001,29.6,0.8177952240758914
edf24,11,,free_viewing,,5762.0,4322.0,617.4285714285714,7.0,1034.557142857143,449.75714285714287,4803.0,3158,4,1280.0,0.6575057255881741,5762.0,1.8928571428571428,7.0,68.86142857142858,27.142857142857142,1.2148559527941687
edf24,12,,free_viewing,,5901.0,4571.0,653.0,7.0,863.3142857142858,550.9714285714286,4788.0,4788,3,909.0,1.0,5901.0,2.391428571428572,7.0,69.00857142857144,29.142857142857142,1.1862396204033214
edf24,13,,free_viewing,,5726.0,4506.0,409.6363636363636,11.0,1175.7272727272725,437.39090909090913,4664.0,4664,5,734.0,1.0,5726.0,2.4218181818181814,11.0,75.60454545454546,29.818181818181817,1.9210618232623122
edf24,14,,free_viewing,,5870.0,4228.0,302.0,14.0,1015.6857142857142,375.81428571428575,4467.0,4467,5,879.0,1.0,5870.0,3.7214285714285715,14.0,95.345,37.42857142857143,2.385008517887564
edf24,15,,free_viewing,,5941.0,4403.0,489.22222222222223,9.0,974.9888888888888,555.4888888888889,4663.0,4403,4,1242.0,0.9442419043534206,5941.0,2.91,9.0,74.09777777777778,36.666666666666664,1.514896482073725
edf24,16,,free_viewing,,6110.0,4476.0,406.90909090909093,11.0,968.1181818181817,343.92727272727274,4658.0,4510,4,1118.0,0.9682267067410906,6110.0,2.4781818181818185,11.0,75.78545454545456,30.363636363636363,1.8003273322422257
edf24,17,,free_viewing,,5904.0,4700.0,940.0,5.0,1001.28,392.78000000000003,4856.0,4506,2,912.0,0.9279242174629324,5904.0,2.138,5.0,74.71600000000001,27.2,0.8468834688346883
edf24,18,,free_viewing,,5891.0,4573.0,571.625,8.0,923.6625000000001,417.35,4775.0,4775,5,898.0,1.0,5891.0,2.05875,8.0,71.535,27.25,1.35800373451027
edf24,19,English,sentence_audio,passive_dropped_agent,10277.0,4611.0,1152.75,4.0,855.7249999999999,451.2,4872.0,4611,2,5582.0,0.9464285714285714,10277.0,2.7725,4.0,76.2875,30.0,0.38921864357302716
edf24,2,,free_viewing,,5719.0,4637.0,1545.6666666666667,3.0,938.3666666666667,674.8000000000001,4910.0,4449,2,1020.0,0.9061099796334012,5719.0,2.0833333333333335,3.0,71.56,27.333333333333332,0.5245672320335723
edf24,20,English,sentence_audio,passive_dropped_agent,11085.0,3017.0,431.0,7.0,1009.5428571428572,448.12857142857143,4163.0,4163,1,6168.0,1.0,11085.0,1.2412500000000002,8.0,138.39875,110.0,0.7216959855660803
edf24,21,English,sentence_audio,passive_dropped_agent,10783.0,4561.0,1520.3333333333333,3.0,957.9666666666667,450.6666666666667,4834.0,2206,3,5791.0,0.4563508481588746,10783.0,1.68,3.0,75.61333333333333,52.666666666666664,0.27821570991375316
edf24,22,Punjabi,sentence_audio,active,11145.0,4365.0,436.5,10.0,1007.96,653.84,4599.0,4189,3,6612.0,0.9108501848227876,11145.0,2.4579999999999997,10.0,60.84400000000001,39.4,0.8972633467922836
edf24,23,Punjabi,sentence_audio,active,11173.0,4325.0,360.4166666666667,12.0,1068.2833333333333,529.375,4566.0,4566,3,6181.0,1.0,11173.0,2.9675000000000007,12.0,78.34416666666667,35.5,1.0740177212924014
edf24,24,Punjabi,sentence_audio,active,10939.0,4503.0,500.3333333333333,9.0,1063.7,339.33333333333337,4738.0,4244,2,5947.0,0.8957365977205572,10939.0,2.23,9.0,71.99666666666667,28.22222222222222,0.8227443093518603
edf24,25,Punjabi,sentence_audio,passive,11040.0,4620.0,770.0,6.0,939.0833333333334,446.55,4846.0,4348,2,6048.0,0.8972348328518366,11040.0,1.615,6.0,57.791666666666664,24.333333333333332,0.5434782608695653
edf24,26,Punjabi,sentence_audio,passive,10611.0,4397.0,549.625,8.0,1071.4125,436.575,4729.0,4429,3,5620.0,0.9365616409388877,10611.0,2.26875,8.0,75.63,32.75,0.7539345961737819
edf24,27,Punjabi,sentence_audio,passive,10274.0,4630.0,1543.3333333333333,3.0,918.3333333333334,370.8,4908.0,3958,1,5282.0,0.8064384678076609,10274.0,2.23,3.0,68.22666666666667,28.0,0.2919992213354098
edf24,28,Punjabi,sentence_audio,passive_dropped_agent,10344.0,4444.0,555.5,8.0,1128.225,366.79999999999995,4787.0,3612,2,5724.0,0.7545435554627115,10344.0,1.8949999999999998,8.0,61.510000000000005,25.75,0.7733952049497294
edf24,29,Punjabi,sentence_audio,passive_dropped_agent,10726.0,4586.0,1146.5,4.0,914.375,396.90000000000003,4913.0,4913,3,5733.0,1.0,10726.0,0.91,4.0,44.9825,20.0,0.3729256013425321
edf24,3,,free_viewing,,6130.0,4670.0,4670.0,1.0,903.1,339.0,4960.0,4960,2,1138.0,1.0,6130.0,2.98,1.0,95.11,32.0,0.1631321370309951
edf24,30,Punjabi,sentence_audio,passive_dropped_agent,10579.0,4295.0,390.45454545454544,11.0,1067.9545454545455,416.0181818181818,4569.0,4227,7,5586.0,0.9251477347340775,10579.0,2.8754545454545455,11.0,72.9218181818182,38.54545454545455,1.0397958219113337
edf24,31,English,sentence_audio,active,11025.0,4561.0,570.125,8.0,1029.2875,676.0,4716.0,4329,4,6212.0,0.9179389312977099,11025.0,1.875,8.0,55.15375,34.5,0.7256235827664399
edf24,32,English,sentence_audio,active,11052.0,4676.0,1169.0,4.0,980.25,760.175,4893.0,4749,2,6061.0,0.970570202329859,11052.0,1.1775000000000002,4.0,53.8975,24.5,0.3619254433586681
edf24,33,English,sentence_audio,active,10818.0,2856.0,952.0,3.0,986.4,546.2666666666668,4937.0,4731,2,5825.0,0.9582742556208224,10818.0,0.7866666666666666,3.0,41.43,18.666666666666668,0.27731558513588467
edf24,34,English,sentence_audio,passive,11006.0,4522.0,565.25,8.0,956.2625,455.75,4779.0,4522,3,6300.0,0.9462230592174095,11006.0,1.91875,8.0,64.4975,26.75,0.7268762493185535
edf24,35,English,sentence_audio,passive,10746.0,4278.0,713.0,6.0,984.0833333333331,493.2,4755.0,3303,2,5755.0,0.6946372239747634,10746.0,2.5450000000000004,6.0,75.20666666666666,39.333333333333336,0.5583472920156337
edf24,36,English,sentence_audio,passive,10244.0,4358.0,435.8,10.0,820.5200000000001,403.93,4710.0,4434,4,5252.0,0.9414012738853503,10244.0,2.172,10.0,72.30499999999999,28.2,0.9761811792268645
edf24,4,,free_viewing,,5946.0,4408.0,551.0,8.0,985.7375000000001,461.2875,4665.0,4665,3,955.0,1.0,5946.0,4.57125,8.0,102.495,40.75,1.3454423141607805
edf24,5,,free_viewing,,5754.0,4498.0,749.6666666666666,6.0,1048.1333333333334,558.4833333333333,4764.0,4764,3,762.0,1.0,5754.0,4.14,6.0,101.65000000000002,38.0,1.0427528675703859
edf24,6,,free_viewing,,5842.0,4366.0,545.75,8.0,1077.075,460.025,4726.0,3996,5,850.0,0.845535336436733,5842.0,2.6375,8.0,74.97749999999999,33.25,1.3693940431359124
edf24,7,,free_viewing,,5639.0,4447.0,635.2857142857143,7.0,979.4285714285714,448.64285714285705,4731.0,4061,3,1038.0,0.8583808919890087,5639.0,3.844285714285714,7.0,94.04857142857144,37.142857142857146,1.2413548501507359
edf24,8,,free_viewing,,6040.0,4628.0,771.3333333333334,6.0,1038.05,277.6666666666667,4814.0,4814,3,1048.0,1.0,6040.0,2.6933333333333334,6.0,73.65166666666667,29.666666666666668,0.9933774834437086
edf24,9,,free_viewing,,5919.0,4623.0,924.6,5.0,982.1,356.26000000000005,4838.0,4838,3,927.0,1.0,5919.0,2.658,5.0,77.326,30.8,0.8447372867038352
edf25,1,,free_viewing,,5713.0,3859.0,214.38888888888889,18.0,810.0666666666667,605.7722222222222,4115.0,2908,6,722.0,0.7066828675577157,5713.0,2.9183333333333343,18.0,128.02999999999997,48.666666666666664,3.1507089095046386
edf25,10,,free_viewing,,5985.0,3813.0,224.2941176470588,17.0,814.0647058823531,657.3823529411765,3872.0,2808,5,993.0,0.7252066115702479,5985.0,2.377058823529412,17.0,142.71352941176468,65.88235294117646,2.8404344193817876
edf25,11,,free_viewing,,5666.0,3780.0,252.0,15.0,962.7000000000002,506.2,3958.0,3958,5,674.0,1.0,5666.0,2.906666666666667,15.0,176.33466666666664,68.93333333333334,2.647370278856336
edf25,12,,free_viewing,,5983.0,4212.0,324.0,13.0,895.5692307692308,504.3846153846155,4360.0,4360,11,990.0,1.0,5983.0,3.1942857142857144,14.0,116.92499999999998,46.57142857142857,2.3399632291492565
edf25,13,,free_viewing,,6020.0,3734.0,248.93333333333334,15.0,1356.3866666666665,650.2999999999998,3778.0,1308,5,1028.0,0.3462149285336157,6020.0,11.028666666666668,15.0,193.55999999999997,80.93333333333334,2.4916943521594686
edf25,14,,free_viewing,,5726.0,2894.0,206.71428571428572,14.0,1316.6785714285713,495.36428571428576,3134.0,1364,4,734.0,0.43522654754307594,5726.0,7.411333333333333,15.0,206.39866666666666,125.06666666666666,2.619629758994062
edf25,15,,free_viewing,,5976.0,3920.0,280.0,14.0,1031.442857142857,472.1642857142857,3966.0,3056,8,984.0,0.7705496722138174,5976.0,4.126,15.0,154.618,69.6,2.5100401606425704
edf25,16,,free_viewing,,5884.0,3892.0,243.25,16.0,877.2750000000001,532.33125,4020.0,3400,7,1190.0,0.845771144278607,5884.0,2.4475,16.0,117.04624999999997,60.75,2.719238613188307
edf25,17,,free_viewing,,5687.0,3729.0,233.0625,16.0,856.4562500000001,531.6875,3960.0,3192,10,695.0,0.806060606060606,5687.0,2.1225,16.0,110.97625000000001,64.5,2.813434148056972
edf25,18,,free_viewing,,6061.0,3448.0,287.3333333333333,12.0,980.6083333333332,652.9333333333333,3676.0,3176,6,1168.0,0.8639825897714908,6061.0,2.838571428571428,14.0,211.94714285714284,102.28571428571429,2.3098498597591157
edf25,19,Punjabi,sentence_audio,active,10944.0,4030.0,287.85714285714283,14.0,996.4714285714284,590.4142857142858,4310.0,4072,11,5952.0,0.9447795823665893,10944.0,2.4878571428571425,14.0,100.54285714285713,48.714285714285715,1.2792397660818713
edf25,2,,free_viewing,,6123.0,3388.0,211.75,16.0,969.9749999999999,812.6375,3555.0,1979,6,1131.0,0.5566807313642756,6123.0,3.7482352941176473,17.0,214.34176470588235,85.6470588235294,2.7764167891556424
edf25,20,Punjabi,sentence_audio,active,10820.0,3890.0,259.3333333333333,15.0,879.5133333333332,595.8599999999999,4043.0,3376,3,6008.0,0.8350234974029186,10820.0,2.1846666666666663,15.0,129.08800000000002,63.333333333333336,1.3863216266173752
edf25,21,Punjabi,sentence_audio,active,10731.0,3739.0,267.07142857142856,14.0,918.1785714285714,601.5857142857143,3887.0,3613,7,5918.0,0.9295086184718292,10731.0,2.982857142857143,14.0,163.15,78.85714285714286,1.304631441617743
edf25,22,Punjabi,sentence_audio,passive,10770.0,3904.0,325.3333333333333,12.0,878.0666666666666,545.8916666666667,4271.0,4271,9,5777.0,1.0,10770.0,4.313076923076923,13.0,116.52615384615385,57.07692307692308,1.2070566388115136
edf25,23,Punjabi,sentence_audio,passive,10421.0,3676.0,229.75,16.0,890.525,553.16875,3871.0,3651,8,5429.0,0.9431671402738311,10421.0,3.039411764705882,17.0,168.05764705882353,66.58823529411765,1.6313213703099512
edf25,24,Punjabi,sentence_audio,passive,10656.0,3580.0,275.38461538461536,13.0,980.8,471.99230769230775,3781.0,3659,3,5665.0,0.9677334038614124,10656.0,2.3315384615384613,13.0,163.58692307692309,93.07692307692308,1.21996996996997
edf25,25,Punjabi,sentence_audio,passive_dropped_agent,10440.0,3766.0,313.8333333333333,12.0,1052.1333333333332,507.86666666666673,3995.0,3773,8,5447.0,0.9444305381727159,10440.0,2.3091666666666666,12.0,146.21499999999997,83.16666666666667,1.149425287356322
edf25,26,Punjabi,sentence_audio,passive_dropped_agent,10651.0,3685.0,263.2142857142857,14.0,907.8571428571429,566.1785714285714,3829.0,2715,9,5856.0,0.7090624183860016,10651.0,2.998666666666667,15.0,130.16266666666664,80.4,1.408318467749507
edf25,27,Punjabi,sentence_audio,passive_dropped_agent,10568.0,3292.0,253.23076923076923,13.0,797.5692307692308,552.0692307692308,3634.0,3390,3,5578.0,0.9328563566318107,10568.0,3.6906666666666665,15.0,157.12666666666664,104.26666666666667,1.4193792581377744
edf25,28,English,sentence_audio,active,10475.0,3194.0,199.625,16.0,1000.40625,666.6999999999999,3326.0,1188,5,5672.0,0.3571858087793145,10475.0,4.853529411764706,17.0,184.62333333333333,96.33333333333333,1.62291169451074
edf25,29,English,sentence_audio,active,11114.0,3756.0,250.4,15.0,909.9400000000002,428.85333333333335,3950.0,3420,11,6378.0,0.8658227848101265,11114.0,4.046250000000001,16.0,146.551875,66.75,1.439625697318697
edf25,3,,free_viewing,,5997.0,3625.0,241.66666666666666,15.0,824.9400000000002,603.7133333333334,3737.0,1751,8,1004.0,0.46855766657746856,5997.0,2.298666666666667,15.0,197.19999999999996,83.73333333333333,2.5012506253126565
edf25,30,English,sentence_audio,active,10525.0,3807.0,237.9375,16.0,835.46875,568.5875,3862.0,1899,5,5533.0,0.49171413775245987,10525.0,2.7118749999999996,16.0,113.385625,70.625,1.520190023752969
edf25,31,English,sentence_audio,passive,10498.0,3546.0,221.625,16.0,845.26875,488.55625,3666.0,3666,9,5632.0,1.0,10498.0,3.1247058823529414,17.0,154.52411764705883,81.6470588235294,1.6193560678224426
edf25,32,English,sentence_audio,passive,10697.0,3791.0,236.9375,16.0,895.2124999999999,592.4062499999999,3838.0,2071,7,6124.0,0.5396039603960396,10697.0,3.1512499999999997,16.0,117.17937500000001,72.125,1.4957464709731703
edf25,33,English,sentence_audio,passive,10749.0,3641.0,280.0769230769231,13.0,978.923076923077,502.3230769230769,3859.0,3657,11,5838.0,0.9476548328582535,10749.0,3.117142857142857,14.0,173.44928571428574,87.28571428571429,1.3024467392315564
edf25,34,English,sentence_audio,passive_dropped_agent,10523.0,3683.0,245.53333333333333,15.0,832.3333333333333,671.9000000000001,3900.0,1972,7,5531.0,0.5056410256410256,10523.0,3.952666666666667,15.0,134.682,72.8,1.4254490164401787
edf25,35,English,sentence_audio,passive_dropped_agent,10581.0,3654.0,261.0,14.0,911.1285714285715,623.6642857142857,3850.0,3654,8,5922.0,0.9490909090909091,10581.0,3.1862500000000002,16.0,126.045625,82.875,1.5121444097911352
edf25,36,English,sentence_audio,passive_dropped_agent,11094.0,3644.0,520.5714285714286,7.0,860.642857142857,521.9571428571428,4081.0,4081,3,6101.0,1.0,11094.0,1.5485714285714285,7.0,185.11999999999998,130.28571428571428,0.6309716964124752
edf25,4,,free_viewing,,6079.0,4049.0,269.93333333333334,15.0,1042.3533333333337,558.9266666666666,4194.0,3331,5,1087.0,0.7942298521697664,6079.0,2.2846666666666673,15.0,142.68333333333334,53.2,2.4675111037999673
edf25,5,,free_viewing,,5644.0,3350.0,186.11111111111111,18.0,900.2666666666667,703.2777777777777,3572.0,3314,9,652.0,0.9277715565509519,5644.0,3.37,18.0,230.9261111111111,78.88888888888889,3.189227498228207
edf25,6,,free_viewing,,5969.0,3445.0,246.07142857142858,14.0,889.1857142857143,547.5357142857142,3681.0,2791,6,1366.0,0.7582178755772888,5969.0,1.4226666666666665,15.0,175.98066666666665,89.86666666666666,2.5129837493717537
edf25,7,,free_viewing,,5905.0,3575.0,238.33333333333334,15.0,788.7600000000001,588.3333333333334,3898.0,3575,3,1268.0,0.9171369933299128,5905.0,2.386666666666667,15.0,189.18666666666667,72.93333333333334,2.540220152413209
edf25,8,,free_viewing,,5663.0,3193.0,187.8235294117647,17.0,923.8294117647059,522.035294117647,3425.0,3425,11,892.0,1.0,5663.0,3.210555555555555,18.0,206.66722222222222,88.22222222222223,3.1785272823591733
edf25,9,,free_viewing,,6010.0,3776.0,269.7142857142857,14.0,772.7428571428571,587.3642857142858,3966.0,3600,6,1116.0,0.9077155824508321,6010.0,4.336250000000001,16.0,167.79937500000003,72.125,2.662229617304493
edf26,1,,free_viewing,,5820.0,4388.0,313.42857142857144,14.0,885.1357142857144,477.61428571428576,4647.0,4105,7,825.0,0.8833656122229395,5820.0,1.5714285714285712,14.0,60.014999999999986,24.857142857142858,2.4054982817869415
edf26,10,,free_viewing,,5780.0,4370.0,336.15384615384613,13.0,853.7153846153847,481.6923076923076,4583.0,3874,7,1038.0,0.8452978398428976,5780.0,3.1623076923076923,13.0,88.51076923076924,31.384615384615383,2.2491349480968856
edf26,11,,free_viewing,,5722.0,4278.0,237.66666666666666,18.0,1107.4833333333333,410.2444444444444,4435.0,4435,5,729.0,1.0,5722.0,1.8183333333333331,18.0,89.82833333333332,31.0,3.145753233135267
edf26,12,,free_viewing,,5889.0,3994.0,249.625,16.0,831.13125,529.7375,4317.0,3539,7,897.0,0.8197822561964327,5889.0,3.426470588235294,17.0,83.43882352941176,40.8235294117647,2.8867379860757345
edf26,13,,free_viewing,,5949.0,4447.0,444.7,10.0,972.35,504.2500000000001,4727.0,4727,4,958.0,1.0,5949.0,1.611,10.0,54.761,26.4,1.6809547823163558
edf26,14,,free_viewing,,6087.0,4161.0,346.75,12.0,819.725,508.0333333333333,4488.0,4161,4,1446.0,0.9271390374331551,6087.0,3.0208333333333335,12.0,142.4641666666667,42.0,1.971414489896501
edf26,15,,free_viewing,,5847.0,4099.0,341.5833333333333,12.0,832.125,460.66666666666674,4330.0,4330,5,855.0,1.0,5847.0,2.7100000000000004,12.0,85.59416666666665,55.166666666666664,2.052334530528476
edf26,16,,free_viewing,,5766.0,3872.0,242.0,16.0,948.2374999999998,459.94374999999997,4429.0,4261,5,773.0,0.96206818694965,5766.0,1.9093750000000003,16.0,102.98062499999999,35.25,2.774887270204648
edf26,17,,free_viewing,,5714.0,4722.0,1180.5,4.0,904.25,484.54999999999995,4874.0,4874,5,722.0,1.0,5714.0,1.96,4.0,63.894999999999996,29.5,0.7000350017500875
edf26,18,,free_viewing,,6070.0,4236.0,282.4,15.0,951.44,358.7466666666666,4463.0,4463,3,1077.0,1.0,6070.0,2.1886666666666668,15.0,99.14333333333333,35.333333333333336,2.471169686985173
edf26,19,Punjabi,sentence_audio,passive,10982.0,4448.0,494.22222222222223,9.0,1002.2666666666667,559.4222222222222,4692.0,4322,7,5990.0,0.9211423699914748,10982.0,2.9700000000000006,9.0,87.88555555555556,33.333333333333336,0.8195228555818613
edf26,2,,free_viewing,,5862.0,4306.0,307.57142857142856,14.0,976.3642857142858,719.0214285714285,4537.0,4306,4,1132.0,0.9490852986554992,5862.0,3.1571428571428575,14.0,89.60571428571428,32.57142857142857,2.3882633913340157
edf26,20,Punjabi,sentence_audio,passive,10401.0,4287.0,285.8,15.0,962.8733333333333,502.75333333333333,4498.0,4126,7,5407.0,0.9172965762561138,10401.0,2.5933333333333333,15.0,76.37133333333333,33.06666666666667,1.442169022209403
edf26,21,Punjabi,sentence_audio,passive,10428.0,4326.0,309.0,14.0,944.1214285714287,535.6428571428572,4521.0,4381,4,5435.0,0.969033399690334,10428.0,2.7735714285714286,14.0,79.7742857142857,33.714285714285715,1.3425393172228615
edf26,22,Punjabi,sentence_audio,passive_dropped_agent,10540.0,4560.0,570.0,8.0,906.8874999999999,493.94999999999993,4777.0,4777,5,5547.0,1.0,10540.0,1.7625,8.0,61.146249999999995,27.0,0.7590132827324478
edf26,23,Punjabi,sentence_audio,passive_dropped_agent,10440.0,4340.0,289.3333333333333,15.0,742.7666666666668,490.5,4513.0,4513,6,5447.0,1.0,10440.0,3.0493333333333337,15.0,84.00666666666667,32.0,1.4367816091954024
edf26,24,Punjabi,sentence_audio,passive_dropped_agent,11175.0,4199.0,299.92857142857144,14.0,1036.9857142857145,485.8357142857143,4606.0,4564,3,6183.0,0.9908814589665653,11175.0,2.1664285714285714,14.0,71.58428571428571,27.571428571428573,1.2527964205816553
edf26,25,English,sentence_audio,active,10208.0,4310.0,239.44444444444446,18.0,1047.9722222222224,405.6500000000001,4522.0,4358,7,5216.0,0.9637328615656789,10208.0,1.6366666666666667,18.0,54.40166666666667,26.11111111111111,1.7633228840125392
edf26,26,English,sentence_audio,active,10675.0,2298.0,74.12903225806451,31.0,960.8,196.65806451612903,2354.0,60,1,8302.0,0.025488530161427356,10675.0,1.6099999999999999,33.0,80.15303030303029,80.72727272727273,3.091334894613583
edf26,27,English,sentence_audio,active,10435.0,3564.0,137.07692307692307,26.0,955.5538461538464,345.8115384615384,3614.0,2322,5,5444.0,0.6425013835085778,10435.0,1.3477777777777777,27.0,58.45037037037037,51.7037037037037,2.5874460948730236
edf26,29,English,sentence_audio,passive,10741.0,3985.0,306.53846153846155,13.0,943.4692307692308,416.04615384615386,4200.0,3499,10,6006.0,0.8330952380952381,10741.0,5.74923076923077,13.0,160.98769230769233,60.92307692307692,1.2103156130714086
edf26,3,,free_viewing,,5645.0,4181.0,298.64285714285717,14.0,873.5571428571427,565.1857142857142,4474.0,3416,4,653.0,0.7635225748770675,5645.0,3.9042857142857144,14.0,93.33285714285715,37.0,2.4800708591674048
edf26,30,English,sentence_audio,passive,10550.0,4166.0,277.73333333333335,15.0,890.2666666666667,486.41999999999996,4354.0,3906,10,5786.0,0.8971061093247589,10550.0,5.132666666666667,15.0,115.83200000000001,42.53333333333333,1.4218009478672984
edf26,31,English,sentence_audio,passive_dropped_agent,10918.0,4086.0,227.0,18.0,992.25,383.6277777777778,4338.0,4338,3,6014.0,1.0,10918.0,2.4189473684210525,19.0,110.78105263157896,42.21052631578947,1.7402454662026012
edf26,32,English,sentence_audio,passive_dropped_agent,10660.0,4554.0,325.2857142857143,14.0,906.0142857142856,563.4642857142857,4559.0,3861,8,5667.0,0.8468962491774512,10660.0,2.477857142857143,14.0,76.57857142857142,31.0,1.3133208255159474
edf26,33,English,sentence_audio,passive_dropped_agent,11044.0,4242.0,282.8,15.0,1081.3666666666666,436.3933333333333,4504.0,4180,4,6052.0,0.9280639431616341,11044.0,2.6806666666666663,15.0,69.86200000000001,32.53333333333333,1.358203549438609
edf26,34,Punjabi,sentence_audio,active,10237.0,4311.0,287.4,15.0,927.8733333333333,661.7066666666667,4456.0,3217,7,5245.0,0.7219479353680431,10237.0,3.3446666666666665,15.0,87.24733333333334,35.733333333333334,1.4652730292077758
edf26,35,Punjabi,sentence_audio,active,10892.0,4468.0,558.5,8.0,979.1125000000001,642.95,4641.0,4240,5,6112.0,0.9135962077138547,10892.0,4.175555555555556,9.0,93.86222222222223,40.22222222222222,0.826294528094014
edf26,36,Punjabi,sentence_audio,active,10653.0,4433.0,341.0,13.0,955.0692307692308,514.176923076923,4648.0,4648,3,5661.0,1.0,10653.0,1.8769230769230771,13.0,64.73692307692306,26.46153846153846,1.220313526706092
edf26,4,,free_viewing,,6102.0,4118.0,228.77777777777777,18.0,1155.6888888888889,554.0499999999998,4348.0,4050,4,1110.0,0.9314627414903404,6102.0,3.092777777777777,18.0,84.43055555555557,35.77777777777778,2.949852507374631
edf26,5,,free_viewing,,5713.0,4202.0,247.1764705882353,17.0,863.7764705882354,671.1882352941177,4346.0,2760,6,906.0,0.6350667280257708,5713.0,3.56,18.0,94.66944444444444,36.888888888888886,3.1507089095046386
edf26,6,,free_viewing,,5935.0,4323.0,270.1875,16.0,824.575,552.3499999999999,4494.0,4494,4,943.0,1.0,5935.0,2.5249999999999995,16.0,77.38062500000001,31.125,2.695871946082561
edf26,7,,free_viewing,,5797.0,4371.0,291.4,15.0,946.8733333333334,718.6866666666668,4518.0,3116,4,805.0,0.6896857016378929,5797.0,3.146,15.0,86.40333333333334,31.6,2.587545282042436
edf26,8,,free_viewing,,5932.0,4330.0,309.2857142857143,14.0,960.7642857142857,501.19999999999993,4526.0,3084,4,1164.0,0.6813963764913831,5932.0,3.0085714285714285,14.0,80.26357142857144,33.285714285714285,2.360080917060013
edf26,9,,free_viewing,,6089.0,4323.0,332.53846153846155,13.0,957.6076923076921,521.876923076923,4653.0,4085,7,1096.0,0.8779282183537502,6089.0,1.7007692307692308,13.0,63.67923076923077,26.153846153846153,2.1349975365413036
edf27,1,,free_viewing,,5741.0,4621.0,577.625,8.0,923.7875,723.9499999999999,4756.0,4756,4,749.0,1.0,5741.0,3.26375,8.0,86.195,29.5,1.3934854554955582
edf27,10,,free_viewing,,5801.0,4333.0,481.44444444444446,9.0,909.3555555555556,488.44444444444446,4741.0,4741,4,808.0,1.0,5801.0,2.1166666666666663,9.0,67.05000000000001,28.0,1.5514566454059644
edf27,11,,free_viewing,,5736.0,3954.0,494.25,8.0,934.2625,365.48749999999995,4179.0,2150,4,998.0,0.5144771476429768,5736.0,3.39375,8.0,137.4475,101.75,1.394700139470014
edf27,12,,free_viewing,,5813.0,4451.0,635.8571428571429,7.0,884.8714285714286,461.22857142857134,4684.0,4145,5,1086.0,0.8849274124679761,5813.0,5.207142857142856,7.0,111.66857142857143,44.0,1.2041974883880957
edf27,13,,free_viewing,,5800.0,4540.0,648.5714285714286,7.0,736.1857142857143,521.2142857142857,4762.0,4762,4,808.0,1.0,5800.0,3.2099999999999995,7.0,83.16571428571429,32.857142857142854,1.206896551724138
edf27,14,,free_viewing,,6014.0,4618.0,769.6666666666666,6.0,927.0333333333333,440.1666666666666,4838.0,4838,3,1022.0,1.0,6014.0,1.973333333333333,6.0,69.56166666666665,25.666666666666668,0.9976720984369803
edf27,15,,free_viewing,,6057.0,4455.0,405.0,11.0,888.6909090909089,310.46363636363634,4700.0,3916,7,1065.0,0.8331914893617022,6057.0,1.9545454545454546,11.0,66.79272727272728,26.545454545454547,1.816080567937923
edf27,16,,free_viewing,,5839.0,4553.0,1517.6666666666667,3.0,927.7666666666668,423.7,4902.0,4902,2,847.0,1.0,5839.0,2.8899999999999992,3.0,78.16333333333333,30.0,0.5137866072957697
edf27,17,,free_viewing,,5997.0,4191.0,598.7142857142857,7.0,875.0571428571429,463.84285714285716,4461.0,3130,3,1292.0,0.7016364043936337,5997.0,2.0357142857142856,7.0,157.74428571428572,76.0,1.167250291812573
edf27,18,,free_viewing,,6060.0,4188.0,523.5,8.0,916.4625000000001,493.42500000000007,4483.0,4483,5,1067.0,1.0,6060.0,3.0175,8.0,118.50375000000001,63.75,1.3201320132013201
edf27,19,Punjabi,sentence_audio,passive_dropped_agent,10886.0,4358.0,335.2307692307692,13.0,973.2076923076924,518.3846153846154,4566.0,4566,7,5894.0,1.0,10886.0,3.2630769230769223,13.0,92.76307692307691,32.76923076923077,1.1941943781003124
edf27,2,,free_viewing,,5799.0,4369.0,397.1818181818182,11.0,879.7363636363636,637.0363636363636,4587.0,4061,6,806.0,0.8853281011554393,5799.0,3.805454545454545,11.0,95.43818181818183,36.90909090909091,1.8968787722021037
edf27,20,Punjabi,sentence_audio,passive_dropped_agent,10344.0,4134.0,1033.5,4.0,918.9750000000001,443.4,4889.0,4889,3,5351.0,1.0,10344.0,1.9625,4.0,70.81,26.0,0.3866976024748647
edf27,21,Punjabi,sentence_audio,passive_dropped_agent,10630.0,4368.0,436.8,10.0,912.5799999999999,576.05,4633.0,4633,5,5637.0,1.0,10630.0,3.675,10.0,91.596,36.0,0.940733772342427
edf27,22,English,sentence_audio,active,10461.0,4601.0,657.2857142857143,7.0,917.9142857142858,445.0285714285714,4850.0,4850,3,5469.0,1.0,10461.0,1.0071428571428573,7.0,46.688571428571436,20.285714285714285,0.6691520887104483
edf27,23,English,sentence_audio,active,10532.0,4564.0,760.6666666666666,6.0,829.3833333333333,403.8333333333333,4777.0,4777,6,5539.0,1.0,10532.0,4.36,6.0,116.95666666666666,36.0,0.569692366122294
edf27,24,English,sentence_audio,active,10615.0,4063.0,338.5833333333333,12.0,877.5666666666667,363.8333333333333,4335.0,4335,6,5650.0,1.0,10615.0,3.673076923076923,13.0,147.19692307692307,50.46153846153846,1.2246820536975978
edf27,25,English,sentence_audio,passive,11113.0,4531.0,647.2857142857143,7.0,1034.5285714285715,414.2285714285714,4773.0,4773,6,6120.0,1.0,11113.0,2.7114285714285713,7.0,80.55285714285715,31.428571428571427,0.6298929182039054
edf27,26,English,sentence_audio,passive,10529.0,4097.0,341.4166666666667,12.0,788.2333333333332,623.3916666666667,4341.0,4341,4,5536.0,1.0,10529.0,2.9258333333333333,12.0,93.4175,54.333333333333336,1.139709374109602
edf27,27,English,sentence_audio,passive,10333.0,4049.0,578.4285714285714,7.0,899.5142857142856,316.5857142857143,4279.0,3843,4,5342.0,0.898107034353821,10333.0,8.654285714285715,7.0,314.2142857142857,101.71428571428571,0.6774412077808961
edf27,28,English,sentence_audio,passive_dropped_agent,10799.0,4177.0,379.72727272727275,11.0,1000.3272727272728,721.3909090909091,4372.0,3999,3,6276.0,0.9146843549862763,10799.0,2.8290909090909087,11.0,97.41999999999999,56.36363636363637,1.018612834521715
edf27,29,English,sentence_audio,passive_dropped_agent,10642.0,4404.0,489.3333333333333,9.0,921.6111111111111,338.93333333333334,4679.0,3547,5,5649.0,0.7580679632400086,10642.0,3.1766666666666663,9.0,87.64777777777778,34.888888888888886,0.8457056944183424
edf27,3,,free_viewing,,5752.0,4384.0,438.4,10.0,1007.1199999999999,454.16999999999996,4620.0,4620,7,760.0,1.0,5752.0,3.9189999999999996,10.0,103.654,37.2,1.7385257301808068
edf27,30,English,sentence_audio,passive_dropped_agent,10992.0,4358.0,396.1818181818182,11.0,849.3090909090909,488.59090909090907,4613.0,4358,5,6300.0,0.944721439410362,10992.0,3.679090909090909,11.0,92.93363636363637,34.36363636363637,1.0007278020378456
edf27,31,Punjabi,sentence_audio,active,10859.0,4577.0,762.8333333333334,6.0,898.8666666666667,331.5833333333333,4759.0,4759,4,5890.0,1.0,10859.0,3.4614285714285713,7.0,85.46285714285715,38.57142857142857,0.644626577032876
edf27,32,Punjabi,sentence_audio,active,10697.0,4156.0,519.5,8.0,882.3375,362.75,4289.0,4191,2,5705.0,0.9771508510142224,10697.0,1.921111111111111,9.0,78.88444444444445,80.44444444444444,0.8413573899224083
edf27,33,Punjabi,sentence_audio,active,10548.0,4102.0,372.90909090909093,11.0,1074.8090909090909,385.99090909090904,4304.0,3914,4,5788.0,0.9093866171003717,10548.0,3.050833333333333,12.0,92.67916666666669,58.833333333333336,1.1376564277588168
edf27,34,Punjabi,sentence_audio,passive,10388.0,4372.0,624.5714285714286,7.0,917.3285714285714,651.6142857142858,4601.0,1392,5,5656.0,0.30254292545098893,10388.0,3.507142857142857,7.0,107.34857142857143,56.0,0.6738544474393531
edf27,35,Punjabi,sentence_audio,passive,10823.0,3809.0,190.45,20.0,1008.8100000000001,713.4849999999999,4039.0,3971,5,5830.0,0.9831641495419658,10823.0,2.0035,20.0,70.1895,47.7,1.8479164741753673
edf27,36,Punjabi,sentence_audio,passive,10427.0,3421.0,488.7142857142857,7.0,877.2571428571429,392.1714285714285,4300.0,4300,3,5435.0,1.0,10427.0,2.044285714285714,7.0,82.14857142857143,98.85714285714286,0.6713340366356575
edf27,4,,free_viewing,,6124.0,4452.0,556.5,8.0,877.4375,617.6625,4668.0,3980,5,1376.0,0.8526135389888603,6124.0,3.6088888888888895,9.0,88.49222222222221,38.0,1.4696276943174396
edf27,5,,free_viewing,,5919.0,4519.0,564.875,8.0,945.5125,561.4,4761.0,4672,3,926.0,0.9813064482251628,5919.0,2.3775000000000004,8.0,78.57499999999999,29.0,1.3515796587261362
edf27,6,,free_viewing,,5901.0,4586.0,917.2,5.0,725.72,652.4200000000001,4807.0,4807,2,909.0,1.0,5901.0,3.405,6.0,86.31666666666666,34.0,1.0167768174885612
edf27,7,,free_viewing,,5878.0,4542.0,567.75,8.0,942.725,682.325,4744.0,4744,5,886.0,1.0,5878.0,2.8125,8.0,85.86625000000001,31.0,1.3610071452875128
edf27,8,,free_viewing,,6090.0,4218.0,421.8,10.0,853.8099999999998,335.12,4472.0,4472,4,1098.0,1.0,6090.0,2.1870000000000003,10.0,94.62363636363638,49.09090909090909,1.6420361247947455
edf27,9,,free_viewing,,6133.0,4033.0,504.125,8.0,954.025,451.6625,4286.0,4033,4,1426.0,0.9409706019598694,6133.0,2.76,8.0,206.4375,88.25,1.3044187184086091
edf28,1,,free_viewing,,5847.0,4281.0,285.4,15.0,987.0666666666667,370.7066666666667,4487.0,4305,5,852.0,0.9594383775351014,5847.0,3.277333333333333,15.0,89.75733333333332,33.86666666666667,2.565418163160595
edf28,10,,free_viewing,,5816.0,4414.0,367.8333333333333,12.0,811.7083333333334,573.4833333333333,4687.0,4687,2,825.0,1.0,5816.0,1.5708333333333335,12.0,58.93416666666667,25.333333333333332,2.063273727647868
edf28,11,,free_viewing,,5747.0,3583.0,298.5833333333333,12.0,1023.6416666666668,439.23333333333335,4020.0,4020,1,755.0,1.0,5747.0,1.261666666666667,12.0,115.39083333333333,81.0,2.088045937010614
edf28,12,,free_viewing,,5710.0,4106.0,342.1666666666667,12.0,967.3333333333334,509.27500000000003,4391.0,4391,3,717.0,1.0,5710.0,1.0725,12.0,113.08416666666666,50.166666666666664,2.1015761821366024
edf28,13,,free_viewing,,5911.0,3612.0,225.75,16.0,942.9000000000001,420.43750000000006,3856.0,3856,7,918.0,1.0,5911.0,2.6952941176470584,17.0,98.38411764705882,68.0,2.875993909659956
edf28,14,,free_viewing,,5737.0,3818.0,347.09090909090907,11.0,961.1181818181819,450.6363636363636,4305.0,2968,5,1254.0,0.6894308943089431,5737.0,3.8674999999999997,12.0,216.01166666666668,58.833333333333336,2.0916855499389926
edf28,15,,free_viewing,,5867.0,4490.0,561.25,8.0,928.3125,426.26250000000005,4529.0,4320,3,942.0,0.9538529476705675,5867.0,2.8555555555555556,9.0,326.6366666666666,53.55555555555556,1.5340037497869439
edf28,16,,free_viewing,,5889.0,3831.0,255.4,15.0,1030.0,357.41333333333336,4049.0,3775,11,896.0,0.9323289701160781,5889.0,3.114,15.0,141.14399999999998,62.93333333333333,2.5471217524197654
edf28,17,,free_viewing,,5850.0,3838.0,348.90909090909093,11.0,846.5272727272728,463.5,3926.0,2352,6,1404.0,0.5990830361691288,5850.0,3.584545454545454,11.0,195.0018181818182,96.9090909090909,1.8803418803418805
edf28,18,,free_viewing,,5787.0,3049.0,179.35294117647058,17.0,941.7352941176471,538.6235294117648,3313.0,2944,8,1182.0,0.8886205855719891,5787.0,2.9983333333333335,18.0,117.67777777777776,97.66666666666667,3.1104199066874028
edf28,19,English,sentence_audio,active,10931.0,3861.0,351.0,11.0,969.2272727272727,534.8909090909091,4312.0,3724,4,6656.0,0.8636363636363636,10931.0,2.261818181818182,11.0,160.37727272727273,61.63636363636363,1.006312322751807
edf28,2,,free_viewing,,5675.0,4099.0,455.44444444444446,9.0,917.8777777777777,484.5666666666667,4632.0,4050,5,683.0,0.8743523316062176,5675.0,1.6533333333333333,9.0,173.12666666666667,40.0,1.5859030837004406
edf28,20,English,sentence_audio,active,10569.0,4163.0,346.9166666666667,12.0,958.3583333333335,564.6499999999999,4462.0,4462,4,5577.0,1.0,10569.0,1.6658333333333333,12.0,136.48,44.166666666666664,1.1353959693443088
edf28,21,English,sentence_audio,active,10286.0,4432.0,443.2,10.0,947.9100000000001,557.1200000000001,4687.0,4363,4,5293.0,0.9308726264134841,10286.0,2.5740000000000003,10.0,74.73499999999999,30.6,0.9721952167995334
edf28,22,English,sentence_audio,passive,10573.0,4343.0,620.4285714285714,7.0,999.1,491.58571428571435,4606.0,4606,1,5581.0,1.0,10573.0,1.1871428571428573,7.0,113.75142857142858,55.142857142857146,0.6620637472808096
edf28,23,English,sentence_audio,passive,10539.0,4580.0,572.5,8.0,700.8625,559.575,4785.0,4785,2,5547.0,1.0,10539.0,1.3655555555555556,9.0,54.97333333333333,24.22222222222222,0.8539709649871905
edf28,24,English,sentence_audio,passive,10346.0,3932.0,280.85714285714283,14.0,1014.9214285714287,393.38571428571424,4124.0,4124,2,5354.0,1.0,10346.0,1.8457142857142859,14.0,102.67499999999998,62.0,1.3531799729364005
edf28,25,English,sentence_audio,passive_dropped_agent,11141.0,4443.0,370.25,12.0,991.5333333333334,371.3833333333334,4662.0,4662,7,6149.0,1.0,11141.0,1.8125,12.0,64.42083333333333,27.5,1.0771025940220806
edf28,26,English,sentence_audio,passive_dropped_agent,10197.0,4434.0,443.4,10.0,668.6400000000001,697.2499999999999,4666.0,4666,2,5204.0,1.0,10197.0,2.4172727272727275,11.0,76.85909090909091,31.454545454545453,1.0787486515641855
edf28,27,English,sentence_audio,passive_dropped_agent,10169.0,4369.0,364.0833333333333,12.0,976.3083333333333,436.10833333333335,4612.0,4612,4,5177.0,1.0,10169.0,2.6641666666666666,12.0,82.66,31.666666666666668,1.1800570360900777
edf28,28,Punjabi,sentence_audio,active,11133.0,2968.0,156.21052631578948,19.0,938.1210526315789,615.742105263158,3119.0,1951,5,6141.0,0.6255210003206155,11133.0,2.3604999999999996,20.0,83.3835,94.6,1.796460971885386
edf28,29,Punjabi,sentence_audio,active,10897.0,4162.0,260.125,16.0,952.7937499999999,442.27500000000003,4179.0,3199,8,5905.0,0.7654941373534339,10897.0,3.9623529411764706,17.0,98.51176470588234,48.94117647058823,1.5600624024960998
edf28,3,,free_viewing,,5674.0,3866.0,297.38461538461536,13.0,864.1769230769229,517.4538461538461,4446.0,4446,7,682.0,1.0,5674.0,3.5815384615384613,13.0,85.09076923076921,42.0,2.2911526260133943
edf28,30,Punjabi,sentence_audio,active,11172.0,4422.0,402.0,11.0,863.5454545454547,535.7727272727271,4644.0,3778,4,6432.0,0.8135228251507322,11172.0,2.4116666666666666,12.0,75.5525,30.0,1.0741138560687433
edf28,31,Punjabi,sentence_audio,passive,10175.0,3901.0,216.72222222222223,18.0,1004.4222222222221,431.6555555555555,3995.0,3737,4,5516.0,0.9354192740926157,10175.0,2.5163157894736843,19.0,114.50526315789473,59.89473684210526,1.8673218673218672
edf28,32,Punjabi,sentence_audio,passive,10571.0,4133.0,375.72727272727275,11.0,963.9636363636364,457.80909090909097,4406.0,4055,5,5876.0,0.9203359055832955,10571.0,1.8127272727272727,11.0,123.62454545454547,53.27272727272727,1.040582726326743
edf28,33,Punjabi,sentence_audio,passive,11091.0,3816.0,272.57142857142856,14.0,1216.5714285714287,386.6357142857143,4224.0,2870,7,6532.0,0.6794507575757576,11091.0,2.8393333333333333,15.0,132.186,52.53333333333333,1.352447930754666
edf28,34,Punjabi,sentence_audio,passive_dropped_agent,10452.0,4536.0,504.0,9.0,931.3555555555556,691.2444444444444,4746.0,4268,2,5460.0,0.899283607248209,10452.0,1.3466666666666667,9.0,63.53555555555555,27.333333333333332,0.8610792192881745
edf28,35,Punjabi,sentence_audio,passive_dropped_agent,10535.0,3425.0,137.0,25.0,842.4680000000002,582.9519999999999,3609.0,2335,4,5788.0,0.6469936270435024,10535.0,1.5352000000000001,25.0,73.2428,55.28,2.3730422401518747
edf28,36,Punjabi,sentence_audio,passive_dropped_agent,10536.0,4312.0,253.64705882352942,17.0,847.6176470588238,531.9,4436.0,3902,5,5544.0,0.8796212804328224,10536.0,1.9516666666666664,18.0,71.21222222222222,31.88888888888889,1.7084282460136675
edf28,4,,free_viewing,,5814.0,3360.0,140.0,24.0,1036.445833333333,664.7291666666666,3551.0,847,4,821.0,0.23852435933539848,5814.0,2.297916666666667,24.0,131.07708333333332,60.083333333333336,4.12796697626419
edf28,5,,free_viewing,,6051.0,4355.0,362.9166666666667,12.0,926.4083333333332,681.3916666666668,4531.0,2923,5,1214.0,0.6451114544250717,6051.0,1.649230769230769,13.0,122.84846153846154,44.15384615384615,2.1484052222773093
edf28,6,,free_viewing,,5657.0,4259.0,425.9,10.0,1052.6799999999998,373.98999999999995,4485.0,4051,6,664.0,0.9032329988851728,5657.0,2.3649999999999998,10.0,144.949,50.8,1.7677214071062402
edf28,7,,free_viewing,,5697.0,3739.0,311.5833333333333,12.0,961.5583333333333,403.3166666666666,3983.0,3247,6,704.0,0.8152146623148381,5697.0,1.3358333333333332,12.0,241.61166666666668,84.16666666666667,2.10637177461822
edf28,8,,free_viewing,,5645.0,3831.0,225.35294117647058,17.0,889.0294117647057,431.929411764706,3877.0,3877,5,652.0,1.0,5645.0,2.4670588235294115,17.0,153.92647058823528,65.6470588235294,3.0115146147032776
edf28,9,,free_viewing,,6013.0,4067.0,369.72727272727275,11.0,1020.6272727272727,364.20909090909083,4346.0,3735,3,1344.0,0.859410952600092,6013.0,3.4318181818181817,11.0,87.1490909090909,58.72727272727273,1.8293696989855315
edf29,1,,free_viewing,,5734.0,4352.0,395.6363636363636,11.0,893.2272727272729,489.1454545454546,4583.0,4373,5,761.0,0.9541784857080515,5734.0,3.820909090909091,11.0,95.73727272727272,35.45454545454545,1.918381583536798
edf29,10,,free_viewing,,5884.0,4458.0,445.8,10.0,934.7,530.43,4719.0,4719,3,891.0,1.0,5884.0,1.7790000000000004,10.0,63.863000000000014,27.4,1.699524133242692
edf29,11,,free_viewing,,5916.0,4374.0,364.5,12.0,974.8666666666668,526.8583333333333,4597.0,4211,5,923.0,0.9160321949097238,5916.0,2.778333333333333,12.0,82.25166666666668,33.0,2.028397565922921
edf29,12,,free_viewing,,5994.0,4434.0,403.09090909090907,11.0,892.5363636363636,422.7181818181818,4662.0,4662,6,1002.0,1.0,5994.0,2.3227272727272728,11.0,77.29545454545456,30.0,1.8351685018351687
edf29,13,,free_viewing,,5876.0,4446.0,404.1818181818182,11.0,1004.9181818181819,706.1727272727272,4637.0,4251,4,883.0,0.9167565236144058,5876.0,3.171818181818182,11.0,94.62818181818183,32.36363636363637,1.8720217835262083
edf29,14,,free_viewing,,5781.0,4165.0,277.6666666666667,15.0,942.5600000000002,557.4599999999999,4366.0,3987,4,787.0,0.9131928538708199,5781.0,4.882666666666667,15.0,106.86,41.86666666666667,2.5947067981318113
edf29,15,,free_viewing,,5776.0,4354.0,483.77777777777777,9.0,920.5111111111112,485.4333333333333,4675.0,4675,5,785.0,1.0,5776.0,2.738888888888889,9.0,78.02888888888889,35.111111111111114,1.5581717451523547
edf29,16,,free_viewing,,5679.0,4507.0,450.7,10.0,1008.1999999999998,597.13,4665.0,4665,3,686.0,1.0,5679.0,2.918,10.0,80.04499999999999,32.8,1.7608733932030287
edf29,17,,free_viewing,,5760.0,4410.0,441.0,10.0,985.49,536.72,4693.0,4281,3,767.0,0.9122096739825272,5760.0,2.1700000000000004,10.0,75.184,30.0,1.7361111111111112
edf29,18,,free_viewing,,5912.0,4328.0,288.53333333333336,15.0,1117.8133333333337,517.2066666666667,4507.0,3357,4,919.0,0.7448413578877302,5912.0,3.126666666666667,15.0,88.08066666666669,32.4,2.537212449255751
edf29,19,English,sentence_audio,passive,10694.0,4244.0,424.4,10.0,1047.28,506.08000000000004,4425.0,4425,4,5701.0,1.0,10694.0,2.3890000000000002,10.0,92.91799999999999,56.8,0.9351037965214138
edf29,2,,free_viewing,,5849.0,4539.0,567.375,8.0,889.8499999999999,543.9875000000001,4741.0,3421,3,858.0,0.7215777262180975,5849.0,2.7424999999999997,8.0,81.99125000000001,31.25,1.3677551718242433
edf29,20,English,sentence_audio,passive,10774.0,4456.0,342.7692307692308,13.0,1012.6461538461538,490.4846153846153,4647.0,4647,3,5781.0,1.0,10774.0,1.973076923076923,13.0,67.60769230769232,26.615384615384617,1.2066085019491368
edf29,21,English,sentence_audio,passive,10847.0,4600.0,1150.0,4.0,983.55,522.7,4802.0,4802,3,5854.0,1.0,10847.0,3.2920000000000003,5.0,78.21600000000001,40.4,0.4609569466211856
edf29,22,English,sentence_audio,passive_dropped_agent,10652.0,4284.0,476.0,9.0,964.311111111111,412.61111111111114,4493.0,4493,4,5659.0,1.0,10652.0,1.8499999999999999,9.0,97.59333333333332,55.55555555555556,0.8449117536612843
edf29,23,English,sentence_audio,passive_dropped_agent,10929.0,4493.0,408.45454545454544,11.0,935.6636363636363,383.29999999999995,4698.0,4493,2,6176.0,0.9563644103873989,10929.0,1.8545454545454547,11.0,62.799090909090914,26.727272727272727,1.0064964772623295
edf29,24,English,sentence_audio,passive_dropped_agent,10241.0,4265.0,355.4166666666667,12.0,919.0499999999998,552.7583333333333,4482.0,3457,4,5249.0,0.7713074520303436,10241.0,5.0675,12.0,112.87916666666666,42.5,1.1717605702568108
edf29,25,Punjabi,sentence_audio,active,10379.0,4443.0,370.25,12.0,930.7083333333334,457.84999999999997,4629.0,3253,4,5386.0,0.7027435731259452,10379.0,2.3233333333333333,12.0,71.64833333333333,30.333333333333332,1.1561807495905194
edf29,26,Punjabi,sentence_audio,active,10322.0,4466.0,496.22222222222223,9.0,826.0,560.8111111111111,4700.0,4700,5,5330.0,1.0,10322.0,3.3088888888888888,9.0,97.06666666666666,32.44444444444444,0.8719240457275722
edf29,27,Punjabi,sentence_audio,active,10836.0,4312.0,308.0,14.0,908.5285714285714,489.6214285714286,4543.0,4543,5,5843.0,1.0,10836.0,2.828571428571429,14.0,85.26357142857141,32.142857142857146,1.2919896640826873
edf29,28,Punjabi,sentence_audio,passive,10906.0,4514.0,376.1666666666667,12.0,940.7333333333332,711.0666666666666,4649.0,4215,3,5913.0,0.906646590664659,10906.0,2.3625,12.0,74.27416666666667,28.666666666666668,1.1003117549972492
edf29,29,Punjabi,sentence_audio,passive,10832.0,4444.0,404.0,11.0,977.3090909090909,449.0727272727272,4627.0,3455,4,5839.0,0.7467041279446726,10832.0,3.4790909090909095,11.0,89.33909090909093,33.27272727272727,1.0155096011816838
edf29,3,,free_viewing,,6072.0,4476.0,639.4285714285714,7.0,986.9142857142857,515.8285714285714,4719.0,4719,3,1079.0,1.0,6072.0,3.5028571428571427,7.0,90.06999999999998,39.142857142857146,1.152832674571805
edf29,30,Punjabi,sentence_audio,passive,10432.0,4410.0,551.25,8.0,915.0875,599.725,4621.0,2508,2,5836.0,0.5427396667388011,10432.0,2.955,8.0,102.30666666666667,43.77777777777778,0.7668711656441718
edf29,31,Punjabi,sentence_audio,passive_dropped_agent,10933.0,4113.0,274.2,15.0,928.3066666666667,455.58,4273.0,3743,3,6364.0,0.8759653639129418,10933.0,2.980625,16.0,118.63000000000002,48.375,1.4634592518064575
edf29,32,Punjabi,sentence_audio,passive_dropped_agent,10749.0,3680.0,368.0,10.0,936.5899999999999,493.2799999999999,3892.0,3392,4,6206.0,0.8715313463514902,10749.0,2.7550000000000003,12.0,163.8975,96.66666666666667,1.116382919341334
edf29,33,Punjabi,sentence_audio,passive_dropped_agent,10557.0,4615.0,659.2857142857143,7.0,1098.3142857142857,390.31428571428575,4794.0,4794,4,5565.0,1.0,10557.0,2.3285714285714287,7.0,77.02142857142859,28.285714285714285,0.663067159230842
edf29,34,English,sentence_audio,active,10699.0,4483.0,560.375,8.0,908.1875000000001,662.2,4720.0,3813,4,5974.0,0.8078389830508474,10699.0,2.4225000000000003,8.0,70.1,34.0,0.7477334330311244
edf29,35,English,sentence_audio,active,10377.0,4427.0,442.7,10.0,968.5900000000001,588.3299999999999,4678.0,4284,4,5385.0,0.9157759726378795,10377.0,2.5650000000000004,10.0,72.78900000000002,31.4,0.9636696540425941
edf29,36,English,sentence_audio,active,10698.0,4308.0,359.0,12.0,879.5999999999999,419.9333333333334,4658.0,4418,6,5704.0,0.948475740661228,10698.0,2.0466666666666664,12.0,71.60666666666667,28.0,1.1217049915872126
edf29,4,,free_viewing,,5761.0,4365.0,436.5,10.0,1061.23,544.3999999999999,4573.0,4573,4,890.0,1.0,5761.0,2.468181818181818,11.0,100.26818181818182,39.09090909090909,1.9093907307759068
edf29,5,,free_viewing,,6083.0,4497.0,449.7,10.0,949.68,651.6300000000001,4659.0,2977,5,1286.0,0.638978321528225,6083.0,3.489,10.0,101.856,33.4,1.6439256945586058
edf29,6,,free_viewing,,6092.0,4510.0,501.1111111111111,9.0,1055.8555555555556,428.1333333333333,4699.0,4510,4,1310.0,0.9597786763141094,6092.0,2.5133333333333336,9.0,78.0311111111111,32.666666666666664,1.4773473407747868
edf29,7,,free_viewing,,5768.0,4396.0,399.6363636363636,11.0,1012.9545454545455,516.6636363636363,4648.0,4648,3,776.0,1.0,5768.0,2.4654545454545453,11.0,74.04454545454547,31.272727272727273,1.9070735090152566
edf29,8,,free_viewing,,5875.0,4359.0,363.25,12.0,942.6916666666666,622.2,4570.0,3135,3,1122.0,0.6859956236323851,5875.0,3.3491666666666657,12.0,83.22583333333333,35.333333333333336,2.0425531914893615
edf29,9,,free_viewing,,5676.0,4340.0,310.0,14.0,939.3857142857142,486.0357142857142,4535.0,2987,5,683.0,0.6586549062844542,5676.0,2.9857142857142853,14.0,80.39928571428571,32.714285714285715,2.466525722339676
edf30,1,,free_viewing,,5822.0,4530.0,503.3333333333333,9.0,863.1333333333332,467.5888888888889,4741.0,4741,6,829.0,1.0,5822.0,1.7744444444444443,9.0,64.35,28.0,1.5458605290278256
edf30,10,,free_viewing,,5815.0,3959.0,263.93333333333334,15.0,988.1533333333333,463.43333333333334,4221.0,4221,3,822.0,1.0,5815.0,2.4779999999999998,15.0,105.19133333333335,51.46666666666667,2.579535683576956
edf30,11,,free_viewing,,5778.0,4462.0,405.6363636363636,11.0,999.0363636363636,342.97272727272724,4707.0,4707,5,785.0,1.0,5778.0,1.6536363636363638,11.0,60.55818181818183,26.0,1.9037729318103151
edf30,12,,free_viewing,,6020.0,3986.0,249.125,16.0,880.6125,492.46874999999994,4290.0,4290,7,1028.0,1.0,6020.0,2.1599999999999997,16.0,98.97125000000001,43.875,2.6578073089700998
edf30,13,,free_viewing,,5955.0,4031.0,237.11764705882354,17.0,908.3176470588235,511.05294117647065,4232.0,3892,6,963.0,0.9196597353497165,5955.0,4.275294117647058,17.0,112.15411764705883,44.705882352941174,2.8547439126784213
edf30,14,,free_viewing,,5952.0,4308.0,253.41176470588235,17.0,944.4941176470588,455.6941176470589,4458.0,4458,11,960.0,1.0,5952.0,1.9605882352941175,17.0,97.11470588235294,31.41176470588235,2.856182795698925
edf30,15,,free_viewing,,5725.0,4255.0,327.3076923076923,13.0,814.5461538461539,504.41538461538465,4471.0,4471,6,734.0,1.0,5725.0,2.746923076923077,13.0,85.35153846153845,40.0,2.2707423580786026
edf30,16,,free_viewing,,6040.0,4154.0,259.625,16.0,828.80625,550.73125,4382.0,2696,4,1306.0,0.6152441807393884,6040.0,2.1668749999999997,16.0,98.41625,38.125,2.6490066225165565
edf30,17,,free_viewing,,5733.0,4059.0,193.28571428571428,21.0,865.1380952380952,452.995238095238,4255.0,4099,9,740.0,0.963337250293772,5733.0,2.3761904761904757,21.0,87.50333333333334,35.142857142857146,3.6630036630036633
edf30,18,,free_viewing,,6130.0,4332.0,541.5,8.0,958.8,539.9875,4490.0,4332,3,1322.0,0.9648106904231626,6130.0,2.161111111111111,9.0,168.19555555555556,57.77777777777778,1.468189233278956
edf30,19,English,sentence_audio,passive_dropped_agent,10291.0,3933.0,327.75,12.0,986.2000000000002,460.40833333333336,4226.0,4226,2,5297.0,1.0,10291.0,1.2683333333333335,12.0,250.39,64.0,1.1660674375668059
edf30,2,,free_viewing,,5787.0,4087.0,255.4375,16.0,943.2375,520.58125,4278.0,4278,9,795.0,1.0,5787.0,3.4218749999999996,16.0,113.50000000000001,44.625,2.764817694833247
edf30,20,English,sentence_audio,passive_dropped_agent,10685.0,4365.0,436.5,10.0,916.2899999999997,451.53999999999996,4633.0,4453,4,5692.0,0.9611482840492122,10685.0,1.299,10.0,75.15299999999999,36.0,0.9358914365933552
edf30,21,English,sentence_audio,passive_dropped_agent,10292.0,3802.0,271.57142857142856,14.0,931.4999999999999,594.8500000000001,4080.0,3802,3,5660.0,0.9318627450980392,10292.0,1.3833333333333333,15.0,137.45399999999998,71.6,1.4574426739214925
edf30,22,Punjabi,sentence_audio,active,10464.0,4010.0,267.3333333333333,15.0,894.4333333333333,428.06666666666666,4156.0,4156,11,5472.0,1.0,10464.0,1.4686666666666668,15.0,183.64,55.733333333333334,1.43348623853211
edf30,23,Punjabi,sentence_audio,active,10234.0,3940.0,231.76470588235293,17.0,868.5235294117646,486.3411764705882,4150.0,4150,7,5242.0,1.0,10234.0,3.061176470588235,17.0,132.57,49.529411764705884,1.6611295681063123
edf30,24,Punjabi,sentence_audio,active,10546.0,4090.0,255.625,16.0,896.9124999999999,510.54375,4324.0,4146,8,5554.0,0.9588344125809436,10546.0,3.163529411764705,17.0,114.10117647058826,40.35294117647059,1.6119855869523991
edf30,25,Punjabi,sentence_audio,passive,10870.0,4208.0,420.8,10.0,1037.0700000000002,379.61,4247.0,4031,5,5877.0,0.9491405698139863,10870.0,2.0620000000000003,10.0,302.63599999999997,74.6,0.9199632014719412
edf30,26,Punjabi,sentence_audio,passive,10875.0,4043.0,237.8235294117647,17.0,764.5470588235294,545.1058823529411,4215.0,4095,7,5930.0,0.9715302491103203,10875.0,2.155555555555556,18.0,95.57388888888887,49.77777777777778,1.6551724137931034
edf30,27,Punjabi,sentence_audio,passive,10649.0,4103.0,273.53333333333336,15.0,722.5799999999999,699.3533333333332,4335.0,4335,2,5656.0,1.0,10649.0,2.2373333333333334,15.0,115.10133333333334,43.86666666666667,1.4085829655366702
edf30,28,Punjabi,sentence_audio,passive_dropped_agent,11088.0,4302.0,286.8,15.0,877.7199999999999,530.7266666666667,4471.0,3805,4,6095.0,0.8510400357861776,11088.0,1.62,15.0,88.99133333333334,34.8,1.352813852813853
edf30,29,Punjabi,sentence_audio,passive_dropped_agent,10873.0,4284.0,357.0,12.0,929.6916666666667,317.6833333333333,4447.0,4284,8,6074.0,0.9633460760062964,10873.0,2.6792307692307693,13.0,125.06153846153846,43.38461538461539,1.1956221833900489
edf30,3,,free_viewing,,6130.0,4136.0,827.2,5.0,970.2,388.62,4819.0,4819,1,1137.0,1.0,6130.0,0.9219999999999999,5.0,58.742000000000004,34.8,0.8156606851549756
edf30,30,Punjabi,sentence_audio,passive_dropped_agent,10522.0,3848.0,427.55555555555554,9.0,896.0,502.78888888888883,4136.0,2890,4,5848.0,0.6987427466150871,10522.0,1.913333333333333,9.0,195.64,95.11111111111111,0.8553506937844516
edf30,31,English,sentence_audio,active,11032.0,4096.0,315.0769230769231,13.0,945.353846153846,403.78461538461545,4378.0,4378,6,6040.0,1.0,11032.0,3.0650000000000004,14.0,98.26928571428572,44.714285714285715,1.2690355329949239
edf30,32,English,sentence_audio,active,10775.0,4045.0,337.0833333333333,12.0,960.5083333333332,558.3333333333334,4657.0,4657,5,5782.0,1.0,10775.0,1.7316666666666667,12.0,69.53666666666668,28.0,1.1136890951276102
edf30,33,English,sentence_audio,active,10835.0,4229.0,264.3125,16.0,973.125,455.9,4365.0,3673,6,6006.0,0.8414662084765178,10835.0,2.1387500000000004,16.0,84.185625,39.25,1.4766958929395477
edf30,34,English,sentence_audio,passive,10856.0,4214.0,301.0,14.0,818.6000000000001,643.1,4388.0,2776,5,5864.0,0.6326344576116681,10856.0,1.650714285714286,14.0,119.79857142857146,43.142857142857146,1.2896094325718497
edf30,35,English,sentence_audio,passive,11101.0,4143.0,318.6923076923077,13.0,959.853846153846,639.2153846153846,4401.0,4261,3,6108.0,0.9681890479436491,11101.0,1.3976923076923078,13.0,100.39692307692309,45.53846153846154,1.171065669759481
edf30,36,English,sentence_audio,passive,10671.0,4411.0,441.1,10.0,945.0,541.9000000000002,4650.0,4650,3,5679.0,1.0,10671.0,1.56,10.0,108.40099999999998,34.2,0.93711929528629
edf30,4,,free_viewing,,5683.0,3973.0,397.3,10.0,959.15,618.99,4140.0,3260,4,691.0,0.7874396135265701,5683.0,1.9519999999999995,10.0,151.84300000000002,85.2,1.7596339961288052
edf30,5,,free_viewing,,6118.0,4382.0,486.8888888888889,9.0,906.4666666666667,428.3111111111111,4601.0,4299,5,1127.0,0.9343620951966963,6118.0,1.592222222222222,9.0,130.85555555555553,43.333333333333336,1.4710689767898004
edf30,6,,free_viewing,,6046.0,3972.0,496.5,8.0,967.6375,415.92499999999995,4222.0,4222,4,1054.0,1.0,6046.0,1.4662499999999998,8.0,145.46499999999997,96.25,1.3231888852133642
edf30,7,,free_viewing,,5850.0,4456.0,495.1111111111111,9.0,933.3444444444444,412.7333333333333,4719.0,4719,5,859.0,1.0,5850.0,2.53,9.0,75.69222222222223,30.22222222222222,1.5384615384615385
edf30,8,,free_viewing,,5892.0,4322.0,360.1666666666667,12.0,910.2166666666667,308.5166666666667,4572.0,4322,8,1178.0,0.9453193350831146,5892.0,3.1208333333333336,12.0,81.86583333333333,35.0,2.0366598778004072
edf30,9,,free_viewing,,5868.0,4162.0,320.15384615384613,13.0,895.0923076923077,673.2230769230769,4326.0,2694,3,1140.0,0.6227461858529819,5868.0,2.0185714285714282,14.0,86.60142857142856,48.714285714285715,2.385821404226312
edf31,1,,free_viewing,,5897.0,4413.0,441.3,10.0,962.7000000000002,680.4599999999999,4657.0,4657,4,906.0,1.0,5897.0,2.761,10.0,74.951,33.4,1.6957775139901645
edf31,10,,free_viewing,,6117.0,4130.0,206.5,20.0,846.665,661.445,4301.0,3110,5,1490.0,0.7230876540339456,6117.0,1.8428571428571427,21.0,82.72142857142858,33.80952380952381,3.4330554193231975
edf31,11,,free_viewing,,6007.0,3755.0,187.75,20.0,1063.665,500.9549999999999,3919.0,3919,3,1014.0,1.0,6007.0,2.0159999999999996,20.0,112.061,53.7,3.32944897619444
edf31,12,,free_viewing,,5940.0,4180.0,380.0,11.0,969.9636363636364,595.7818181818183,4456.0,4108,4,1030.0,0.921903052064632,5940.0,1.6416666666666668,12.0,126.50083333333335,49.5,2.02020202020202
edf31,13,,free_viewing,,5975.0,4373.0,312.35714285714283,14.0,1049.1142857142856,746.5571428571429,4612.0,3767,4,983.0,0.8167823070251518,5975.0,1.6449999999999998,14.0,62.45285714285715,27.142857142857142,2.3430962343096238
edf31,14,,free_viewing,,5911.0,4229.0,302.07142857142856,14.0,1019.8071428571428,331.2357142857142,4371.0,4371,3,960.0,1.0,5911.0,1.2946666666666666,15.0,127.89466666666668,47.06666666666667,2.537641684994079
edf31,15,,free_viewing,,6070.0,4198.0,299.85714285714283,14.0,952.6142857142856,490.9714285714286,4408.0,4408,3,1078.0,1.0,6070.0,2.422,15.0,87.34266666666666,40.13333333333333,2.471169686985173
edf31,16,,free_viewing,,6082.0,4238.0,223.05263157894737,19.0,833.0894736842106,586.4842105263158,4472.0,4472,7,1090.0,1.0,6082.0,2.0642105263157893,19.0,65.04684210526315,27.36842105263158,3.123972377507399
edf31,17,,free_viewing,,5678.0,4326.0,309.0,14.0,989.0142857142855,600.9357142857143,4484.0,4224,5,686.0,0.9420160570918823,5678.0,1.1071428571428572,14.0,79.405,36.285714285714285,2.4656569214512154
edf31,18,,free_viewing,,6026.0,4194.0,299.57142857142856,14.0,940.0500000000001,493.70714285714274,4319.0,4319,3,1033.0,1.0,6026.0,2.188571428571428,14.0,123.03071428571427,48.142857142857146,2.3232658479920345
edf31,19,Punjabi,sentence_audio,active,10581.0,4431.0,738.5,6.0,955.75,436.68333333333334,4744.0,4744,1,5589.0,1.0,10581.0,0.8566666666666666,6.0,152.46833333333333,41.333333333333336,0.5670541536716757
edf31,2,,free_viewing,,5955.0,4311.0,431.1,10.0,1025.56,376.49,4588.0,4588,3,963.0,1.0,5955.0,1.505,10.0,139.208,40.4,1.6792611251049538
edf31,20,Punjabi,sentence_audio,active,10257.0,4057.0,312.0769230769231,13.0,935.7923076923078,500.3307692307693,4402.0,4402,3,5265.0,1.0,10257.0,1.3546153846153846,13.0,122.97461538461538,45.38461538461539,1.267427122940431
edf31,21,Punjabi,sentence_audio,active,10417.0,3503.0,318.45454545454544,11.0,925.4636363636364,544.3363636363637,3755.0,3755,5,5430.0,1.0,10417.0,2.3783333333333334,12.0,262.29833333333335,105.0,1.1519631371796102
edf31,22,Punjabi,sentence_audio,passive,10830.0,4404.0,1468.0,3.0,882.0,440.3333333333333,4614.0,4614,1,5838.0,1.0,10830.0,0.4033333333333333,3.0,339.97333333333336,126.0,0.2770083102493075
edf31,23,Punjabi,sentence_audio,passive,10738.0,4056.0,213.47368421052633,19.0,788.9999999999999,455.0736842105263,4266.0,4196,7,5782.0,0.9835911861228317,10738.0,3.1854999999999993,20.0,77.29249999999999,39.8,1.8625442354255914
edf31,24,Punjabi,sentence_audio,passive,10221.0,4213.0,702.1666666666666,6.0,915.0166666666668,473.4666666666667,4643.0,4643,5,5228.0,1.0,10221.0,2.015,6.0,75.55333333333333,58.333333333333336,0.587026709715292
edf31,25,Punjabi,sentence_audio,passive_dropped_agent,11162.0,4476.0,497.3333333333333,9.0,1027.0555555555554,386.33333333333337,4637.0,4637,6,6169.0,1.0,11162.0,1.1922222222222225,9.0,106.87333333333332,39.55555555555556,0.8063071134205338
edf31,26,Punjabi,sentence_audio,passive_dropped_agent,10514.0,4302.0,268.875,16.0,1003.5875000000001,646.8249999999999,4307.0,2886,2,5778.0,0.6700719758532622,10514.0,1.7399999999999998,16.0,96.03375,42.875,1.5217804831653035
edf31,27,Punjabi,sentence_audio,passive_dropped_agent,10682.0,4148.0,377.09090909090907,11.0,828.6181818181817,405.2454545454546,4712.0,4712,3,5690.0,1.0,10682.0,1.5681818181818181,11.0,58.55181818181818,25.454545454545453,1.0297697060475566
edf31,28,English,sentence_audio,active,10526.0,4404.0,338.7692307692308,13.0,1011.676923076923,708.2076923076924,4697.0,4123,3,5533.0,0.8777943368107303,10526.0,1.2715384615384617,13.0,51.28230769230768,22.76923076923077,1.2350370511115334
edf31,29,English,sentence_audio,active,10802.0,4148.0,592.5714285714286,7.0,972.1714285714286,333.15714285714284,4457.0,4148,2,6158.0,0.9306708548350908,10802.0,1.5557142857142858,7.0,174.42857142857142,76.57142857142857,0.6480281429364932
edf31,3,,free_viewing,,5710.0,4282.0,329.38461538461536,13.0,893.0076923076923,666.6461538461537,4586.0,3262,4,754.0,0.7112952464020933,5710.0,1.945714285714286,14.0,75.74857142857142,34.285714285714285,2.4518388791593697
edf31,30,English,sentence_audio,active,10463.0,3809.0,317.4166666666667,12.0,1029.2333333333333,513.1833333333333,4249.0,3739,6,5472.0,0.8799717580607201,10463.0,7.714166666666667,12.0,200.96666666666667,61.833333333333336,1.1468985950492212
edf31,31,English,sentence_audio,passive,10355.0,3823.0,1911.5,2.0,817.75,283.6,4951.0,4951,2,5362.0,1.0,10355.0,0.935,2.0,44.595,21.0,0.1931434089811685
edf31,32,English,sentence_audio,passive,10344.0,4216.0,421.6,10.0,888.54,511.98,4475.0,3781,6,5353.0,0.8449162011173185,10344.0,2.2550000000000003,10.0,203.096,51.6,0.9667440061871617
edf31,33,English,sentence_audio,passive,10724.0,3852.0,385.2,10.0,1051.12,457.43999999999994,4169.0,4169,3,5733.0,1.0,10724.0,2.0780000000000003,10.0,195.63799999999998,82.2,0.9324878776575904
edf31,34,English,sentence_audio,passive_dropped_agent,10712.0,3466.0,247.57142857142858,14.0,817.7785714285716,690.7285714285715,3741.0,1987,4,5719.0,0.5311414060411654,10712.0,4.217333333333333,15.0,133.50733333333335,84.4,1.4002987303958179
edf31,35,English,sentence_audio,passive_dropped_agent,10332.0,4150.0,319.2307692307692,13.0,925.9923076923077,703.8076923076923,4319.0,4150,5,5534.0,0.9608705718916416,10332.0,3.410769230769231,13.0,103.97384615384615,51.84615384615385,1.2582268679829653
edf31,36,English,sentence_audio,passive_dropped_agent,11055.0,4173.0,321.0,13.0,848.4615384615383,435.0153846153845,4316.0,4316,5,6063.0,1.0,11055.0,1.6423076923076922,13.0,122.05538461538461,52.0,1.1759384893713252
edf31,4,,free_viewing,,5807.0,4261.0,236.72222222222223,18.0,810.661111111111,674.5111111111112,4510.0,3341,4,815.0,0.7407982261640799,5807.0,1.8794444444444447,18.0,61.92777777777778,26.77777777777778,3.0997072498708453
edf31,5,,free_viewing,,5769.0,4011.0,364.6363636363636,11.0,928.5,698.490909090909,4368.0,4368,3,777.0,1.0,5769.0,1.848181818181818,11.0,177.7527272727273,56.72727272727273,1.906742936384122
edf31,6,,free_viewing,,6024.0,4166.0,297.57142857142856,14.0,952.1000000000001,615.0,4472.0,4076,4,1032.0,0.9114490161001789,6024.0,1.6935714285714287,14.0,105.59142857142855,37.142857142857146,2.3240371845949537
edf31,7,,free_viewing,,6006.0,4120.0,242.35294117647058,17.0,814.135294117647,533.5176470588236,4349.0,4349,4,1013.0,1.0,6006.0,1.8747058823529412,17.0,69.43823529411765,37.88235294117647,2.8305028305028306
edf31,8,,free_viewing,,5720.0,4186.0,261.625,16.0,914.8375,515.90625,4313.0,4313,3,727.0,1.0,5720.0,1.703125,16.0,105.92124999999999,42.5,2.7972027972027975
edf31,9,,free_viewing,,5780.0,4116.0,294.0,14.0,908.2571428571429,489.9,4368.0,3138,4,1234.0,0.7184065934065934,5780.0,2.6871428571428564,14.0,111.38714285714285,44.57142857142857,2.422145328719723
edf32,1,,free_viewing,,5693.0,4441.0,403.72727272727275,11.0,871.5363636363637,372.46363636363634,4652.0,4199,5,701.0,0.9026225279449699,5693.0,3.027272727272728,11.0,85.29272727272728,30.90909090909091,1.9321974354470404
edf32,10,,free_viewing,,6048.0,4396.0,338.15384615384613,13.0,974.3923076923077,716.4846153846155,4623.0,2078,5,1310.0,0.44949167207441054,6048.0,2.2561538461538464,13.0,72.63384615384615,28.46153846153846,2.1494708994708995
edf32,11,,free_viewing,,6067.0,4272.0,388.3636363636364,11.0,1114.7363636363634,529.3272727272727,4464.0,4272,2,1292.0,0.956989247311828,6067.0,2.8774999999999995,12.0,117.91250000000002,45.666666666666664,1.9779133014669523
edf32,12,,free_viewing,,5995.0,4421.0,368.4166666666667,12.0,882.0166666666668,546.7916666666666,4639.0,3579,4,1252.0,0.7715024789825393,5995.0,2.5391666666666666,12.0,76.02583333333332,29.5,2.0016680567139282
edf32,13,,free_viewing,,5677.0,4359.0,544.875,8.0,894.875,475.5625,4771.0,4771,6,686.0,1.0,5677.0,2.2225,8.0,77.1525,27.5,1.4091949973577595
edf32,14,,free_viewing,,6042.0,4092.0,186.0,22.0,1041.4136363636364,487.4727272727272,4242.0,2906,8,1230.0,0.6850542197076851,6042.0,3.664090909090909,22.0,98.38227272727272,34.09090909090909,3.6411784177424695
edf32,15,,free_viewing,,5907.0,4359.0,272.4375,16.0,922.4312500000001,488.91875000000005,4555.0,4555,5,914.0,1.0,5907.0,2.248125,16.0,72.6025,27.375,2.7086507533434907
edf32,16,,free_viewing,,5799.0,4441.0,403.72727272727275,11.0,934.6999999999999,585.0909090909091,4684.0,4052,4,807.0,0.8650725875320239,5799.0,2.137272727272727,11.0,71.39181818181818,28.0,1.8968787722021037
edf32,17,,free_viewing,,5910.0,4204.0,221.26315789473685,19.0,866.3894736842104,526.0631578947368,4430.0,4192,5,918.0,0.94627539503386,5910.0,2.582631578947368,19.0,76.57368421052632,29.57894736842105,3.2148900169204735
edf32,18,,free_viewing,,5765.0,4167.0,277.8,15.0,935.8333333333333,583.2666666666667,4367.0,3595,5,940.0,0.823219601557133,5765.0,2.7700000000000005,16.0,126.27875,41.625,2.7753686036426712
edf32,19,Punjabi,sentence_audio,passive,10850.0,4272.0,854.4,5.0,1017.4799999999999,495.28000000000003,4858.0,4858,3,5858.0,1.0,10850.0,2.0520000000000005,5.0,67.458,26.8,0.4608294930875576
edf32,2,,free_viewing,,5930.0,4320.0,332.3076923076923,13.0,980.9692307692306,674.8000000000001,4566.0,4400,3,938.0,0.9636443276390714,5930.0,3.3669230769230767,13.0,87.33538461538463,32.76923076923077,2.1922428330522767
edf32,20,Punjabi,sentence_audio,passive,10261.0,4563.0,570.375,8.0,967.1250000000001,459.63750000000005,4775.0,4775,5,5268.0,1.0,10261.0,1.97875,8.0,66.45625000000001,27.25,0.7796511061300069
edf32,21,Punjabi,sentence_audio,passive,10448.0,4476.0,406.90909090909093,11.0,937.1818181818181,652.8909090909092,4512.0,4512,3,5456.0,1.0,10448.0,2.1981818181818182,11.0,144.9372727272727,43.63636363636363,1.052833078101072
edf32,22,Punjabi,sentence_audio,passive_dropped_agent,10434.0,4070.0,254.375,16.0,982.9374999999999,500.125,4275.0,4275,5,5441.0,1.0,10434.0,3.0656250000000003,16.0,122.795,44.875,1.5334483419589804
edf32,23,Punjabi,sentence_audio,passive_dropped_agent,10511.0,4159.0,259.9375,16.0,812.9375,635.2937499999999,4354.0,4354,4,5519.0,1.0,10511.0,2.9918750000000003,16.0,115.80875000000002,39.875,1.5222148225668348
edf32,24,Punjabi,sentence_audio,passive_dropped_agent,10516.0,4234.0,222.8421052631579,19.0,1046.1473684210525,663.7736842105263,4270.0,4116,3,5746.0,0.9639344262295082,10516.0,2.871578947368421,19.0,103.79684210526317,38.0,1.8067706352225181
edf32,25,English,sentence_audio,active,10778.0,4096.0,273.06666666666666,15.0,1029.0466666666666,469.1933333333334,4546.0,4238,7,5786.0,0.932248130224373,10778.0,2.582,15.0,78.07400000000001,29.733333333333334,1.3917238819818147
edf32,26,English,sentence_audio,active,10499.0,4083.0,255.1875,16.0,827.19375,679.2062500000001,4265.0,3923,5,5506.0,0.9198124267291911,10499.0,2.9912499999999995,16.0,128.80875,45.5,1.523954662348795
edf32,27,English,sentence_audio,active,10718.0,4264.0,328.0,13.0,832.1461538461538,510.80000000000007,4493.0,4493,3,5725.0,1.0,10718.0,2.2961538461538455,13.0,96.14307692307693,38.46153846153846,1.2129128568762828
edf32,28,English,sentence_audio,passive,10374.0,4298.0,286.53333333333336,15.0,939.1399999999999,718.76,4508.0,4014,4,5382.0,0.8904170363797693,10374.0,2.6062499999999997,16.0,78.761875,31.375,1.542317331791016
edf32,29,English,sentence_audio,passive,10851.0,4299.0,537.375,8.0,913.4749999999999,479.9125,4528.0,3781,4,6260.0,0.8350265017667845,10851.0,4.23,8.0,105.5475,58.0,0.7372592387798359
edf32,3,,free_viewing,,5935.0,4321.0,270.0625,16.0,963.71875,496.94374999999997,4551.0,4197,5,944.0,0.9222148978246539,5935.0,2.138125,16.0,68.739375,27.5,2.695871946082561
edf32,30,English,sentence_audio,passive,10758.0,4426.0,368.8333333333333,12.0,790.1250000000001,553.0083333333333,4646.0,4426,3,6020.0,0.9526474386569092,10758.0,2.2575,12.0,72.2575,28.833333333333332,1.1154489682097044
edf32,31,English,sentence_audio,passive_dropped_agent,10375.0,4281.0,251.8235294117647,17.0,912.164705882353,425.65882352941173,4445.0,4139,5,5382.0,0.9311586051743532,10375.0,3.235294117647059,17.0,83.18117647058824,32.23529411764706,1.6385542168674698
edf32,32,English,sentence_audio,passive_dropped_agent,10265.0,4127.0,375.1818181818182,11.0,949.2909090909089,599.6363636363636,4401.0,3499,5,5272.0,0.795046580322654,10265.0,2.7790909090909093,11.0,140.44545454545454,53.81818181818182,1.071602532878714
edf32,33,English,sentence_audio,passive_dropped_agent,10642.0,4202.0,420.2,10.0,1107.07,406.14,4497.0,4074,4,5968.0,0.9059372915276851,10642.0,2.374,10.0,161.964,49.6,0.9396729937981583
edf32,34,Punjabi,sentence_audio,active,10350.0,4052.0,368.3636363636364,11.0,833.9545454545455,692.0636363636363,4287.0,1997,3,5357.0,0.4658269185910893,10350.0,2.9799999999999995,11.0,154.62583333333336,60.0,1.0628019323671498
edf32,35,Punjabi,sentence_audio,active,11090.0,3948.0,564.0,7.0,940.3857142857142,843.1285714285714,4815.0,4815,1,6097.0,1.0,11090.0,1.7357142857142855,7.0,63.59285714285714,25.428571428571427,0.6311992786293958
edf32,36,Punjabi,sentence_audio,active,10979.0,4163.0,320.2307692307692,13.0,813.2846153846154,468.86153846153843,4482.0,4078,5,5987.0,0.9098616688978135,10979.0,2.470769230769231,13.0,96.26615384615386,39.23076923076923,1.1840786956917753
edf32,4,,free_viewing,,5874.0,4268.0,284.53333333333336,15.0,919.3933333333333,589.2733333333332,4526.0,4526,6,882.0,1.0,5874.0,3.0220000000000002,15.0,88.43400000000001,31.066666666666666,2.5536261491317673
edf32,5,,free_viewing,,5704.0,4444.0,404.0,11.0,966.3454545454547,758.4818181818181,4645.0,4645,4,711.0,1.0,5704.0,3.238181818181818,11.0,86.16272727272727,31.636363636363637,1.9284712482468445
edf32,6,,free_viewing,,6060.0,4216.0,301.14285714285717,14.0,914.1714285714287,681.6357142857142,4442.0,4176,4,1068.0,0.940117064385412,6060.0,2.07,14.0,125.9292857142857,39.285714285714285,2.31023102310231
edf32,7,,free_viewing,,6007.0,4361.0,363.4166666666667,12.0,972.5666666666666,458.10833333333335,4645.0,4327,3,1014.0,0.9315392895586653,6007.0,2.5858333333333334,12.0,76.67083333333333,29.0,1.997669385716664
edf32,8,,free_viewing,,5706.0,4112.0,216.42105263157896,19.0,988.0578947368421,653.9263157894738,4406.0,4152,7,714.0,0.9423513390830686,5706.0,2.755,20.0,83.06199999999998,30.2,3.5050823694356814
edf32,9,,free_viewing,,6050.0,4500.0,642.8571428571429,7.0,935.2714285714285,605.9285714285714,4769.0,4769,3,1057.0,1.0,6050.0,2.3162499999999997,8.0,70.37374999999999,29.5,1.322314049586777
edf33,1,,free_viewing,,6025.0,4259.0,283.93333333333334,15.0,1004.2599999999999,441.92,4479.0,3547,4,1496.0,0.7919178388033044,6025.0,3.068,15.0,85.08600000000001,34.4,2.4896265560165975
edf33,10,,free_viewing,,6080.0,4210.0,382.72727272727275,11.0,935.8909090909091,446.77272727272725,4462.0,4462,5,1088.0,1.0,6080.0,3.0790909090909095,11.0,92.48545454545454,48.18181818181818,1.8092105263157894
edf33,11,,free_viewing,,6125.0,3753.0,312.75,12.0,871.0083333333332,554.8166666666667,3999.0,3999,7,1132.0,1.0,6125.0,4.762499999999999,12.0,114.87416666666665,82.83333333333333,1.9591836734693877
edf33,12,,free_viewing,,5943.0,4155.0,296.7857142857143,14.0,851.6428571428571,382.95714285714286,4385.0,4093,4,950.0,0.9334093500570125,5943.0,2.4914285714285715,14.0,78.9092857142857,43.42857142857143,2.3557126030624267
edf33,13,,free_viewing,,5908.0,4100.0,512.5,8.0,877.1,434.4,4336.0,4336,3,916.0,1.0,5908.0,1.97,8.0,104.67250000000001,82.0,1.3540961408259986
edf33,14,,free_viewing,,5938.0,4400.0,366.6666666666667,12.0,1134.3916666666667,474.23333333333335,4648.0,4442,3,946.0,0.9556798623063684,5938.0,2.1966666666666668,12.0,69.625,28.666666666666668,2.020882452004042
edf33,15,,free_viewing,,5676.0,3918.0,391.8,10.0,981.0799999999999,504.12,4193.0,3068,4,1142.0,0.7316956832816599,5676.0,2.9499999999999997,11.0,100.58636363636364,74.54545454545455,1.937984496124031
edf33,16,,free_viewing,,6084.0,3806.0,292.7692307692308,13.0,903.0153846153846,540.623076923077,4066.0,4066,7,1092.0,1.0,6084.0,4.266153846153847,13.0,110.3623076923077,71.23076923076923,2.1367521367521367
edf33,17,,free_viewing,,5771.0,4377.0,364.75,12.0,978.0583333333333,564.6666666666666,4411.0,3965,4,778.0,0.8988891407844026,5771.0,2.8416666666666663,12.0,85.0975,48.5,2.0793623288858085
edf33,18,,free_viewing,,5639.0,3753.0,312.75,12.0,947.4916666666668,637.975,3933.0,2789,5,646.0,0.7091278921942538,5639.0,2.5033333333333334,12.0,110.455,88.33333333333333,2.12803688597269
edf33,19,Punjabi,sentence_audio,passive_dropped_agent,10383.0,4242.0,471.3333333333333,9.0,1002.1555555555556,581.8555555555555,4531.0,4242,6,5842.0,0.936217170602516,10383.0,2.998,10.0,103.64200000000001,48.0,0.9631127805065974
edf33,2,,free_viewing,,5665.0,4403.0,366.9166666666667,12.0,986.5416666666666,435.04999999999995,4602.0,4602,4,673.0,1.0,5665.0,2.845,12.0,82.44749999999999,32.5,2.118270079435128
edf33,20,Punjabi,sentence_audio,passive_dropped_agent,10546.0,4434.0,739.0,6.0,958.9833333333335,504.54999999999995,4648.0,4446,3,5554.0,0.9565404475043029,10546.0,1.5816666666666668,6.0,88.77166666666666,57.333333333333336,0.5689360895126114
edf33,21,Punjabi,sentence_audio,passive_dropped_agent,11128.0,4218.0,468.6666666666667,9.0,949.3666666666668,562.3444444444444,4502.0,4502,5,6136.0,1.0,11128.0,4.011111111111111,9.0,104.24555555555555,54.44444444444444,0.8087706685837527
edf33,22,English,sentence_audio,active,10887.0,4361.0,484.55555555555554,9.0,935.6333333333334,452.34444444444455,4590.0,4590,5,5895.0,1.0,10887.0,1.5344444444444445,9.0,76.35555555555555,44.666666666666664,0.8266740148801323
edf33,23,English,sentence_audio,active,10708.0,4592.0,918.4,5.0,912.0,424.73999999999995,4828.0,2274,4,5716.0,0.47100248550124274,10708.0,2.822,5.0,84.88199999999999,32.8,0.4669406051550243
edf33,24,English,sentence_audio,active,10273.0,4146.0,296.14285714285717,14.0,947.6142857142858,475.67857142857144,4207.0,4207,5,5281.0,1.0,10273.0,3.278666666666666,15.0,101.908,53.6,1.4601382264187677
edf33,25,English,sentence_audio,passive,10324.0,4214.0,301.0,14.0,973.3785714285715,425.55000000000007,4246.0,3572,7,5332.0,0.8412623645784267,10324.0,2.09,14.0,85.94285714285714,53.285714285714285,1.3560635412630764
edf33,26,English,sentence_audio,passive,10566.0,4188.0,465.3333333333333,9.0,837.5555555555555,538.9555555555555,4452.0,4452,7,5574.0,1.0,10566.0,4.422222222222222,9.0,102.53777777777778,60.0,0.8517887563884157
edf33,27,English,sentence_audio,passive,10787.0,4047.0,269.8,15.0,838.9333333333332,415.54,4289.0,4289,4,5794.0,1.0,10787.0,1.920666666666667,15.0,78.27266666666667,46.93333333333333,1.3905627143784183
edf33,28,English,sentence_audio,passive_dropped_agent,11116.0,4338.0,271.125,16.0,978.6875000000001,694.425,4507.0,4099,6,6123.0,0.9094741513201686,11116.0,2.2912500000000002,16.0,72.226875,30.375,1.439366678661389
edf33,29,English,sentence_audio,passive_dropped_agent,10694.0,4000.0,307.6923076923077,13.0,986.0615384615386,327.83846153846156,4207.0,3832,7,5940.0,0.9108628476348942,10694.0,3.547692307692308,13.0,106.14461538461538,60.46153846153846,1.215634935477838
edf33,3,,free_viewing,,5804.0,4196.0,466.22222222222223,9.0,904.6333333333333,426.62222222222215,4508.0,3758,4,1156.0,0.8336291038154392,5804.0,3.2699999999999996,9.0,97.54888888888888,53.77777777777778,1.5506547208821502
edf33,30,English,sentence_audio,passive_dropped_agent,10871.0,4595.0,919.0,5.0,894.1,446.16,4647.0,4595,3,5966.0,0.9888099849365182,10871.0,4.208,5.0,108.01200000000001,69.2,0.45993928801398215
edf33,31,Punjabi,sentence_audio,active,10628.0,4084.0,371.27272727272725,11.0,909.6999999999999,380.58181818181816,4312.0,4312,6,5636.0,1.0,10628.0,3.4909090909090907,11.0,105.54454545454546,61.81818181818182,1.0350018818216034
edf33,32,Punjabi,sentence_audio,active,11112.0,3914.0,326.1666666666667,12.0,909.0416666666669,480.71666666666664,4094.0,3216,6,6120.0,0.7855398143624817,11112.0,2.1199999999999997,12.0,103.52499999999999,74.83333333333333,1.079913606911447
edf33,33,Punjabi,sentence_audio,active,10919.0,3983.0,234.2941176470588,17.0,1063.2941176470588,449.5705882352942,4176.0,3779,6,6142.0,0.9049329501915708,10919.0,2.5541176470588236,17.0,90.45294117647059,48.0,1.5569191317886253
edf33,34,Punjabi,sentence_audio,passive,10993.0,4521.0,502.3333333333333,9.0,880.8333333333333,616.9333333333334,4730.0,3708,4,6236.0,0.7839323467230443,10993.0,2.2800000000000002,9.0,76.34333333333333,29.11111111111111,0.8187028108796507
edf33,35,Punjabi,sentence_audio,passive,10179.0,3965.0,305.0,13.0,957.7769230769231,634.4000000000001,4284.0,4284,4,5187.0,1.0,10179.0,2.215384615384615,13.0,84.63153846153847,54.46153846153846,1.277139208173691
edf33,36,Punjabi,sentence_audio,passive,10853.0,3775.0,314.5833333333333,12.0,812.75,395.1666666666667,4537.0,4537,5,5860.0,1.0,10853.0,1.7891666666666666,12.0,74.86416666666666,38.0,1.1056850640375933
edf33,4,,free_viewing,,5859.0,4212.0,351.0,12.0,1011.2833333333334,487.5083333333334,4426.0,4426,6,866.0,1.0,5859.0,2.433076923076923,13.0,78.66230769230768,45.07692307692308,2.2188086704215735
edf33,5,,free_viewing,,5797.0,4338.0,394.3636363636364,11.0,965.3090909090909,542.9,4607.0,3827,5,805.0,0.8306924245713045,5797.0,3.4627272727272724,11.0,95.65636363636364,35.09090909090909,1.8975332068311197
edf33,6,,free_viewing,,5939.0,4393.0,366.0833333333333,12.0,919.8750000000001,499.5250000000001,4627.0,3033,5,946.0,0.6555003241841366,5939.0,2.4291666666666667,12.0,78.03833333333333,30.5,2.020542178817983
edf33,7,,free_viewing,,5873.0,4297.0,429.7,10.0,906.75,524.73,4504.0,4504,5,881.0,1.0,5873.0,2.22,10.0,81.334,48.8,1.7027073046143368
edf33,8,,free_viewing,,5757.0,4049.0,368.09090909090907,11.0,872.8818181818183,687.9909090909091,4308.0,1876,4,1052.0,0.43546889507892295,5757.0,3.158181818181818,11.0,103.08363636363637,62.18181818181818,1.9107173875282266
edf33,9,,free_viewing,,5719.0,4409.0,440.9,10.0,1037.75,533.1600000000001,4481.0,4481,5,726.0,1.0,5719.0,2.852,10.0,82.93700000000001,51.2,1.7485574401119075
edf34,1,,free_viewing,,6027.0,4091.0,292.2142857142857,14.0,907.0714285714287,487.31428571428575,4221.0,4019,10,1036.0,0.9521440416962805,6027.0,2.6342857142857143,14.0,112.06714285714285,55.0,2.3228803716608595
edf34,10,,free_viewing,,5780.0,3764.0,198.10526315789474,19.0,925.3631578947367,520.0473684210526,3953.0,2402,7,1008.0,0.6076397672653681,5780.0,3.172105263157895,19.0,115.41263157894737,54.73684210526316,3.2871972318339098
edf34,11,,free_viewing,,6032.0,4008.0,286.2857142857143,14.0,935.2214285714286,479.5499999999999,4161.0,3678,5,1220.0,0.8839221341023792,6032.0,2.9085714285714284,14.0,117.04785714285715,59.42857142857143,2.320954907161804
edf34,12,,free_viewing,,6033.0,3643.0,214.2941176470588,17.0,954.6294117647058,690.3176470588235,3815.0,3065,7,1252.0,0.8034076015727392,6033.0,3.2729411764705882,17.0,130.74411764705883,69.17647058823529,2.817835239515995
edf34,13,,free_viewing,,5995.0,3403.0,261.7692307692308,13.0,994.8384615384616,509.6615384615385,3611.0,3611,5,1168.0,1.0,5995.0,3.170714285714286,14.0,165.08642857142857,105.28571428571429,2.335279399499583
edf34,14,,free_viewing,,5990.0,3828.0,225.1764705882353,17.0,1053.8705882352942,487.0235294117648,3973.0,3358,7,1356.0,0.8452051346589479,5990.0,4.234705882352942,17.0,134.97117647058823,60.0,2.8380634390651083
edf34,15,,free_viewing,,6079.0,4032.0,237.1764705882353,17.0,850.9294117647058,559.4411764705883,4214.0,3856,3,1086.0,0.9150450878025629,6079.0,3.7800000000000002,17.0,157.4088888888889,44.333333333333336,2.7965125843066296
edf34,16,,free_viewing,,5648.0,3632.0,213.64705882352942,17.0,906.1117647058825,504.6823529411765,3812.0,3812,7,756.0,1.0,5648.0,4.287894736842105,19.0,130.2773684210526,73.47368421052632,3.3640226628895187
edf34,17,,free_viewing,,5792.0,3606.0,225.375,16.0,975.5812500000002,456.11875,3770.0,3534,7,800.0,0.9374005305039788,5792.0,1.90125,16.0,134.10437499999998,76.375,2.7624309392265194
edf34,18,,free_viewing,,5659.0,3663.0,305.25,12.0,908.0583333333334,455.6833333333334,3809.0,3809,12,666.0,1.0,5659.0,1.9116666666666664,12.0,144.37833333333336,98.66666666666667,2.120515992224775
edf34,19,English,sentence_audio,active,10598.0,4288.0,389.8181818181818,11.0,1000.0363636363635,546.3909090909091,4498.0,4498,5,5608.0,1.0,10598.0,2.8345454545454545,11.0,114.50909090909092,44.72727272727273,1.037931685223627
edf34,2,,free_viewing,,5819.0,3798.0,172.63636363636363,22.0,937.3954545454544,415.57727272727277,3925.0,3925,10,827.0,1.0,5819.0,4.478695652173913,23.0,120.5113043478261,47.21739130434783,3.952569169960474
edf34,20,English,sentence_audio,active,11148.0,4136.0,344.6666666666667,12.0,943.1083333333332,526.4499999999999,4348.0,4228,6,6156.0,0.9724011039558418,11148.0,2.2225,12.0,144.78923076923076,50.61538461538461,1.0764262648008611
edf34,21,English,sentence_audio,active,10879.0,3819.0,254.6,15.0,937.4066666666669,581.3199999999999,3833.0,3833,6,5886.0,1.0,10879.0,2.7719999999999994,15.0,127.97666666666666,77.33333333333333,1.3788031988234213
edf34,22,English,sentence_audio,passive,10469.0,4443.0,634.7142857142857,7.0,900.2999999999998,435.45714285714286,4599.0,4599,6,5476.0,1.0,10469.0,1.5514285714285714,7.0,118.26857142857143,56.285714285714285,0.6686407488776388
edf34,23,English,sentence_audio,passive,10313.0,4029.0,309.9230769230769,13.0,984.7384615384616,457.1615384615385,4225.0,4225,5,5320.0,1.0,10313.0,3.4215384615384616,13.0,134.48461538461538,59.07692307692308,1.2605449432754774
edf34,24,English,sentence_audio,passive,10322.0,3760.0,250.66666666666666,15.0,731.6399999999999,430.96,4000.0,3610,5,5598.0,0.9025,10322.0,4.128235294117647,17.0,139.74764705882353,64.23529411764706,1.6469676419298587
edf34,25,English,sentence_audio,passive_dropped_agent,10475.0,3907.0,260.46666666666664,15.0,990.1933333333332,383.8333333333333,4081.0,4081,6,5654.0,1.0,10475.0,3.389375,16.0,113.918125,58.875,1.5274463007159904
edf34,26,English,sentence_audio,passive_dropped_agent,10453.0,3933.0,207.0,19.0,845.9315789473684,534.3368421052631,4139.0,3986,9,5460.0,0.9630345494080695,10453.0,3.371052631578947,19.0,107.29210526315788,44.94736842105263,1.8176600019133264
edf34,27,English,sentence_audio,passive_dropped_agent,10984.0,4328.0,393.45454545454544,11.0,944.4727272727275,420.95454545454544,4580.0,4580,5,5998.0,1.0,10984.0,3.454166666666666,12.0,88.52833333333332,36.0,1.0924981791697015
edf34,28,Punjabi,sentence_audio,active,11003.0,3733.0,207.38888888888889,18.0,959.3722222222223,635.9000000000001,3868.0,3792,8,6011.0,0.9803516028955532,11003.0,2.9177777777777782,18.0,118.03666666666666,62.44444444444444,1.635917477051713
edf34,29,Punjabi,sentence_audio,active,10942.0,3992.0,332.6666666666667,12.0,899.0166666666668,291.6416666666667,4130.0,3852,9,6122.0,0.9326876513317192,10942.0,3.8184615384615386,13.0,126.86692307692307,67.23076923076923,1.188082617437397
edf34,3,,free_viewing,,5740.0,4002.0,210.6315789473684,19.0,913.8947368421054,595.4684210526316,4222.0,3128,6,748.0,0.7408810990052108,5740.0,2.9625000000000004,20.0,102.124,39.4,3.484320557491289
edf34,30,Punjabi,sentence_audio,active,10978.0,3964.0,304.9230769230769,13.0,796.8153846153848,537.3153846153846,4111.0,2614,4,6168.0,0.6358550231087327,10978.0,3.059285714285714,14.0,112.53928571428571,63.857142857142854,1.275277828384041
edf34,31,Punjabi,sentence_audio,passive,10967.0,3860.0,257.3333333333333,15.0,1115.1066666666666,701.6933333333334,3968.0,1640,8,6080.0,0.41330645161290325,10967.0,4.998823529411764,17.0,139.17882352941177,67.88235294117646,1.5501048600346494
edf34,32,Punjabi,sentence_audio,passive,11011.0,3603.0,277.15384615384613,13.0,920.9999999999999,451.3538461538461,3738.0,3603,9,6188.0,0.963884430176565,11011.0,3.160769230769231,13.0,153.5169230769231,96.46153846153847,1.180637544273908
edf34,33,Punjabi,sentence_audio,passive,10429.0,4231.0,302.2142857142857,14.0,1171.2285714285715,409.2214285714286,4362.0,4362,3,5437.0,1.0,10429.0,3.016428571428572,14.0,103.73714285714284,45.0,1.3424105858663342
edf34,34,Punjabi,sentence_audio,passive_dropped_agent,10492.0,4010.0,401.0,10.0,896.7800000000001,706.1,4146.0,1296,5,5666.0,0.3125904486251809,10492.0,2.768,10.0,143.701,84.6,0.9531071292413267
edf34,35,Punjabi,sentence_audio,passive_dropped_agent,10642.0,3744.0,288.0,13.0,968.576923076923,474.7769230769231,3902.0,3560,4,5846.0,0.9123526396719631,10642.0,4.473571428571428,14.0,149.23214285714286,79.14285714285714,1.3155421913174217
edf34,36,Punjabi,sentence_audio,passive_dropped_agent,11147.0,3413.0,200.76470588235293,17.0,912.9764705882353,451.33529411764704,3548.0,3548,5,6155.0,1.0,11147.0,2.0888235294117647,17.0,208.01235294117646,84.94117647058823,1.5250740109446488
edf34,4,,free_viewing,,5868.0,4112.0,257.0,16.0,920.16875,461.86875,4250.0,3766,7,876.0,0.8861176470588236,5868.0,3.758125,16.0,119.86500000000001,46.375,2.7266530334014996
edf34,5,,free_viewing,,6011.0,4002.0,307.84615384615387,13.0,980.1846153846152,615.1,4150.0,4150,5,1018.0,1.0,6011.0,3.3030769230769232,13.0,125.64785714285712,61.142857142857146,2.1627017135252036
edf34,6,,free_viewing,,5890.0,3834.0,273.85714285714283,14.0,874.2142857142857,457.6571428571429,3966.0,3966,5,898.0,1.0,5890.0,2.5364285714285715,14.0,139.00714285714284,73.28571428571429,2.376910016977929
edf34,7,,free_viewing,,6092.0,3940.0,246.25,16.0,969.3125,515.01875,4117.0,3953,4,1099.0,0.9601651688122419,6092.0,3.69375,16.0,131.44125,54.75,2.6263952724885096
edf34,8,,free_viewing,,5879.0,3209.0,213.93333333333334,15.0,963.0133333333332,466.1333333333334,3519.0,3209,6,1316.0,0.9119067917021881,5879.0,2.5681249999999993,16.0,206.25437499999998,100.0,2.7215512842320124
edf34,9,,free_viewing,,5731.0,3607.0,225.4375,16.0,869.01875,683.2,3801.0,2992,5,738.0,0.7871612733491187,5731.0,3.486875,16.0,128.16562499999998,74.5,2.79183388588379
edf35,1,,free_viewing,,5848.0,3360.0,224.0,15.0,948.7333333333332,565.86,3401.0,2947,7,857.0,0.8665098500441046,5848.0,2.456666666666666,15.0,248.37133333333335,106.0,2.5649794801641588
edf35,10,,free_viewing,,5699.0,3660.0,406.6666666666667,9.0,945.6999999999999,477.76666666666665,3852.0,3852,5,706.0,1.0,5699.0,1.0739999999999998,10.0,288.072,116.0,1.7546938059308652
edf35,11,,free_viewing,,5966.0,3720.0,413.3333333333333,9.0,1026.3777777777777,366.73333333333335,3877.0,3657,4,973.0,0.9432550941449575,5966.0,2.5033333333333334,9.0,321.9611111111111,124.0,1.5085484411666108
edf35,12,,free_viewing,,5829.0,3662.0,523.1428571428571,7.0,780.7428571428571,456.11428571428576,3923.0,3923,2,837.0,1.0,5829.0,1.6099999999999999,8.0,172.18625,135.0,1.372448104306056
edf35,13,,free_viewing,,6080.0,3938.0,393.8,10.0,886.1399999999998,611.0,4084.0,3374,6,1274.0,0.82615083251714,6080.0,3.899000000000001,10.0,188.107,90.8,1.644736842105263
edf35,14,,free_viewing,,6076.0,3742.0,311.8333333333333,12.0,974.75,423.85833333333335,3904.0,3666,6,1084.0,0.9390368852459017,6076.0,3.833333333333334,12.0,188.47916666666666,90.66666666666667,1.9749835418038184
edf35,15,,free_viewing,,6060.0,3690.0,369.0,10.0,1036.67,348.4,3872.0,3690,3,1290.0,0.952995867768595,6060.0,2.341,10.0,252.996,112.0,1.6501650165016504
edf35,16,,free_viewing,,6004.0,4076.0,452.8888888888889,9.0,955.5111111111112,616.0666666666666,4240.0,4240,3,1012.0,1.0,6004.0,2.2344444444444447,9.0,184.74222222222224,83.55555555555556,1.4990006662225184
edf35,17,,free_viewing,,5863.0,3599.0,359.9,10.0,922.99,478.46000000000004,3836.0,3836,3,871.0,1.0,5863.0,1.22,10.0,272.56499999999994,115.6,1.7056114617090226
edf35,18,,free_viewing,,6063.0,3801.0,316.75,12.0,862.6750000000001,444.8083333333334,4017.0,4017,5,1070.0,1.0,6063.0,2.6333333333333333,12.0,190.43666666666664,81.33333333333333,1.9792182088075212
edf35,19,English,sentence_audio,passive,10655.0,3413.0,379.22222222222223,9.0,980.7888888888889,473.0111111111112,3775.0,3151,4,6140.0,0.8347019867549669,10655.0,2.367777777777778,9.0,395.56444444444446,135.11111111111111,0.8446738620366026
edf35,2,,free_viewing,,5677.0,4105.0,293.2142857142857,14.0,970.8857142857144,427.84285714285704,4119.0,3905,5,684.0,0.948045642146152,5677.0,3.3321428571428564,14.0,155.5742857142857,62.42857142857143,2.466091245376079
edf35,20,English,sentence_audio,passive,10181.0,3439.0,491.2857142857143,7.0,905.9857142857143,497.87142857142857,3678.0,3678,1,5189.0,1.0,10181.0,0.5271428571428572,7.0,357.7285714285714,187.71428571428572,0.6875552499754445
edf35,21,English,sentence_audio,passive,10502.0,3718.0,464.75,8.0,949.3375000000001,497.5875,4017.0,3249,4,5509.0,0.8088125466766244,10502.0,2.6237500000000002,8.0,308.92777777777775,110.66666666666667,0.7617596648257474
edf35,22,English,sentence_audio,passive_dropped_agent,10642.0,3130.0,313.0,10.0,933.7400000000001,474.4200000000001,3576.0,2714,6,5650.0,0.7589485458612976,10642.0,1.1450000000000002,10.0,230.43900000000002,141.6,0.9396729937981583
edf35,23,English,sentence_audio,passive_dropped_agent,10276.0,3638.0,363.8,10.0,797.22,499.2,3848.0,3848,4,5284.0,1.0,10276.0,2.1439999999999997,10.0,141.892,114.4,0.973141300116777
edf35,24,English,sentence_audio,passive_dropped_agent,10625.0,3613.0,401.44444444444446,9.0,920.1777777777778,425.6,3916.0,3916,3,5633.0,1.0,10625.0,1.808888888888889,9.0,324.0411111111111,119.55555555555556,0.8470588235294118
edf35,25,Punjabi,sentence_audio,active,10920.0,3626.0,329.6363636363636,11.0,970.1090909090909,374.71818181818185,3742.0,3742,5,5928.0,1.0,10920.0,2.3527272727272726,11.0,227.41727272727275,113.63636363636364,1.0073260073260073
edf35,26,Punjabi,sentence_audio,active,10640.0,3594.0,399.3333333333333,9.0,888.2111111111112,523.5333333333333,3832.0,3590,5,5648.0,0.9368475991649269,10640.0,2.64,9.0,267.94666666666666,128.88888888888889,0.8458646616541353
edf35,27,Punjabi,sentence_audio,active,10830.0,3308.0,413.5,8.0,847.0999999999999,430.84999999999997,3570.0,3570,2,5838.0,1.0,10830.0,1.195,8.0,269.0762500000001,177.75,0.7386888273314866
edf35,28,Punjabi,sentence_audio,passive,10775.0,3561.0,445.125,8.0,894.075,568.9125,3756.0,3756,1,5783.0,1.0,10775.0,0.705,8.0,403.32624999999996,154.5,0.7424593967517401
edf35,29,Punjabi,sentence_audio,passive,10903.0,3787.0,473.375,8.0,1041.7875000000001,425.45000000000005,4058.0,3550,2,6218.0,0.8748151798915722,10903.0,3.49125,8.0,286.5975,116.75,0.7337430065119691
edf35,3,,free_viewing,,5788.0,4248.0,424.8,10.0,964.9,556.5699999999999,4395.0,4395,6,795.0,1.0,5788.0,3.251,10.0,158.11899999999997,59.8,1.7277125086385625
edf35,30,Punjabi,sentence_audio,passive,11043.0,3283.0,298.45454545454544,11.0,859.0363636363636,491.9,3546.0,3127,9,6348.0,0.8818386914833616,11043.0,4.743636363636363,11.0,253.76181818181823,131.45454545454547,0.9961061305804583
edf35,31,Punjabi,sentence_audio,passive_dropped_agent,10549.0,3658.0,281.38461538461536,13.0,912.8230769230769,450.03846153846155,3856.0,3666,8,5556.0,0.9507261410788381,10549.0,4.81153846153846,13.0,222.75785714285712,82.14285714285714,1.2323442980377288
edf35,32,Punjabi,sentence_audio,passive_dropped_agent,10305.0,3491.0,349.1,10.0,944.25,491.94000000000005,3831.0,3491,4,5768.0,0.9112503262855651,10305.0,1.9445454545454546,11.0,246.5381818181818,118.36363636363636,1.0674429888403687
edf35,33,Punjabi,sentence_audio,passive_dropped_agent,10542.0,3436.0,286.3333333333333,12.0,1051.4750000000001,455.25833333333327,3582.0,3436,6,5728.0,0.9592406476828588,10542.0,3.4507692307692306,13.0,188.04846153846154,110.0,1.2331625877442611
edf35,34,English,sentence_audio,active,10334.0,3540.0,354.0,10.0,874.74,552.45,3796.0,3028,4,5812.0,0.79768177028451,10334.0,2.6109090909090913,11.0,223.80636363636367,112.0,1.064447455002903
edf35,35,English,sentence_audio,active,10604.0,3460.0,384.44444444444446,9.0,953.7555555555555,434.25555555555565,3734.0,3460,2,5926.0,0.9266202463845742,10604.0,2.313333333333333,9.0,245.08777777777777,139.77777777777777,0.8487363259147492
edf35,36,English,sentence_audio,active,10306.0,3356.0,419.5,8.0,844.125,424.63750000000005,3778.0,3614,5,5314.0,0.9565907887771308,10306.0,2.18625,8.0,344.30999999999995,151.75,0.7762468464971861
edf35,4,,free_viewing,,5739.0,4019.0,365.3636363636364,11.0,913.3545454545455,488.84545454545463,4170.0,4170,5,747.0,1.0,5739.0,1.8236363636363633,11.0,175.6518181818182,74.72727272727273,1.9167102282627635
edf35,5,,free_viewing,,5775.0,3827.0,382.7,10.0,1018.0,513.7900000000002,4232.0,4232,5,783.0,1.0,5775.0,2.8939999999999997,10.0,179.051,76.0,1.7316017316017316
edf35,6,,free_viewing,,6053.0,3817.0,381.7,10.0,962.6299999999999,472.2,3978.0,3817,6,1258.0,0.9595274007038713,6053.0,4.220000000000001,10.0,231.471,101.4,1.6520733520568314
edf35,7,,free_viewing,,5651.0,3833.0,319.4166666666667,12.0,829.7083333333334,528.1333333333333,4029.0,3833,6,882.0,0.9513526929759245,5651.0,3.186666666666667,12.0,153.61083333333332,80.33333333333333,2.123517961422757
edf35,8,,free_viewing,,5963.0,4230.0,423.0,10.0,1071.15,509.03999999999996,4398.0,4036,4,970.0,0.9176898590268304,5963.0,3.3790909090909085,11.0,140.67454545454547,55.09090909090909,1.8447090390742915
edf35,9,,free_viewing,,6100.0,3704.0,336.72727272727275,11.0,797.3636363636364,640.1727272727273,3950.0,3784,5,1108.0,0.9579746835443038,6100.0,2.962727272727273,11.0,176.40454545454546,94.72727272727273,1.8032786885245902
edf36,10,,free_viewing,,5936.0,4438.0,554.75,8.0,1034.0,405.2,4483.0,4438,4,1004.0,0.9899620789649788,5936.0,2.95375,8.0,191.87625,63.75,1.3477088948787062
edf36,11,,free_viewing,,5936.0,4262.0,426.2,10.0,1066.6799999999998,462.16999999999996,4506.0,4262,3,1224.0,0.9458499778073679,5936.0,2.744,10.0,116.739,48.6,1.6846361185983827
edf36,12,,free_viewing,,5952.0,4272.0,534.0,8.0,941.9125000000001,513.3625,4500.0,4500,3,960.0,1.0,5952.0,2.2555555555555555,9.0,113.43111111111112,56.22222222222222,1.5120967741935485
edf36,13,,free_viewing,,5864.0,4182.0,380.1818181818182,11.0,856.3727272727273,537.6545454545455,4418.0,3670,6,872.0,0.8306926210955183,5864.0,3.1354545454545457,11.0,117.26454545454544,52.18181818181818,1.8758526603001364
edf36,14,,free_viewing,,5882.0,4200.0,525.0,8.0,910.0250000000001,533.0,4597.0,3615,4,889.0,0.7863824233195562,5882.0,2.5625,8.0,96.75,49.5,1.3600816048962938
edf36,15,,free_viewing,,5781.0,4311.0,479.0,9.0,969.9666666666667,683.7555555555556,4697.0,4193,4,788.0,0.8926974664679582,5781.0,3.015555555555556,9.0,86.36777777777777,32.888888888888886,1.5568240788790868
edf36,16,,free_viewing,,5768.0,4414.0,490.44444444444446,9.0,995.5777777777779,421.15555555555557,4681.0,4414,5,1082.0,0.9429609057893612,5768.0,3.6611111111111114,9.0,99.18222222222221,34.666666666666664,1.5603328710124826
edf36,17,,free_viewing,,5738.0,4416.0,441.6,10.0,913.4300000000001,717.44,4680.0,3864,3,746.0,0.8256410256410256,5738.0,2.503,10.0,77.223,31.2,1.7427675148135238
edf36,18,,free_viewing,,6132.0,4496.0,562.0,8.0,959.3874999999999,571.95,4751.0,4751,4,1139.0,1.0,6132.0,2.38625,8.0,73.51,30.25,1.3046314416177431
edf36,19,English,sentence_audio,passive_dropped_agent,10685.0,4339.0,867.8,5.0,956.86,467.5,4830.0,4830,3,5693.0,1.0,10685.0,2.518,5.0,75.686,32.4,0.4679457182966776
edf36,2,,free_viewing,,6107.0,4199.0,381.72727272727275,11.0,976.2909090909092,516.1999999999999,4521.0,4521,5,1114.0,1.0,6107.0,4.02090909090909,11.0,122.91818181818181,42.90909090909091,1.8012117242508596
edf36,20,English,sentence_audio,passive_dropped_agent,10865.0,4411.0,367.5833333333333,12.0,944.3583333333332,532.8583333333333,4657.0,4352,5,5872.0,0.9345071934721924,10865.0,2.0258333333333334,12.0,70.63666666666667,28.0,1.1044638748274276
edf36,21,English,sentence_audio,passive_dropped_agent,10457.0,4357.0,622.4285714285714,7.0,942.1142857142858,573.3571428571428,4642.0,4642,4,5465.0,1.0,10457.0,2.3885714285714283,7.0,107.72714285714288,50.0,0.6694080520225686
edf36,22,Punjabi,sentence_audio,active,10228.0,4354.0,622.0,7.0,1274.7857142857142,637.6714285714287,4563.0,3907,5,5235.0,0.8562349331580101,10228.0,11.134285714285715,7.0,191.84714285714287,61.42857142857143,0.684395776300352
edf36,23,Punjabi,sentence_audio,active,10533.0,4473.0,447.3,10.0,896.3800000000001,507.71000000000004,4676.0,4676,4,5541.0,1.0,10533.0,2.877,10.0,83.977,31.6,0.949397132820659
edf36,24,Punjabi,sentence_audio,active,11134.0,4230.0,302.14285714285717,14.0,926.6214285714285,550.4428571428572,4428.0,3808,5,6142.0,0.8599819331526649,11134.0,3.3778571428571427,14.0,116.55133333333336,38.93333333333333,1.2574097359439553
edf36,25,Punjabi,sentence_audio,passive,10439.0,4267.0,355.5833333333333,12.0,915.9,485.76666666666665,4502.0,3998,5,5447.0,0.8880497556641492,10439.0,2.4925,12.0,92.41083333333331,40.833333333333336,1.1495353961107386
edf36,26,Punjabi,sentence_audio,passive,10882.0,4392.0,366.0,12.0,831.3833333333333,626.1083333333333,4624.0,4078,5,5890.0,0.8819204152249135,10882.0,2.630833333333334,12.0,79.33083333333333,30.666666666666668,1.1027384671935305
edf36,27,Punjabi,sentence_audio,passive,11147.0,4443.0,444.3,10.0,873.99,535.87,4676.0,4676,4,6155.0,1.0,11147.0,2.7290000000000005,10.0,80.65500000000002,31.6,0.8971023593792051
edf36,28,Punjabi,sentence_audio,passive_dropped_agent,10287.0,4503.0,409.3636363636364,11.0,876.4545454545455,717.5454545454545,4662.0,4135,3,5295.0,0.8869583869583869,10287.0,2.6045454545454545,11.0,80.91818181818182,30.0,1.0693107805968698
edf36,29,Punjabi,sentence_audio,passive_dropped_agent,10394.0,4262.0,355.1666666666667,12.0,953.8916666666668,454.49999999999994,4452.0,3516,4,5630.0,0.7897574123989218,10394.0,3.0825,12.0,117.4191666666667,45.0,1.1545122185876466
edf36,3,,free_viewing,,5813.0,4495.0,408.6363636363636,11.0,898.0909090909092,535.9181818181818,4547.0,4547,5,820.0,1.0,5813.0,3.6709090909090905,11.0,113.36454545454544,40.54545454545455,1.8923103388955789
edf36,30,Punjabi,sentence_audio,passive_dropped_agent,10620.0,4524.0,646.2857142857143,7.0,853.8142857142857,570.7285714285714,4757.0,3548,3,5898.0,0.7458482236703805,10620.0,2.8457142857142856,7.0,83.0642857142857,33.714285714285715,0.6591337099811676
edf36,31,English,sentence_audio,active,10931.0,4165.0,320.38461538461536,13.0,900.0692307692308,342.0153846153847,4392.0,4008,5,5939.0,0.912568306010929,10931.0,2.5300000000000002,13.0,93.27538461538461,46.15384615384615,1.1892781996157717
edf36,32,English,sentence_audio,active,11162.0,4072.0,407.2,10.0,890.21,486.2299999999999,4358.0,3762,4,6170.0,0.8632400183570446,11162.0,3.1072727272727265,11.0,115.53545454545456,58.72727272727273,0.9854864719584303
edf36,33,English,sentence_audio,active,10510.0,4230.0,384.54545454545456,11.0,1036.5545454545454,477.79999999999995,4459.0,4230,4,5782.0,0.9486431935411527,10510.0,3.0181818181818185,11.0,108.34636363636365,48.54545454545455,1.0466222645099905
edf36,34,English,sentence_audio,passive,10642.0,4120.0,316.9230769230769,13.0,873.8923076923076,664.5923076923076,4364.0,3216,6,5926.0,0.7369385884509624,10642.0,4.236923076923077,13.0,114.02846153846154,48.30769230769231,1.2215748919376057
edf36,35,English,sentence_audio,passive,10855.0,4503.0,750.5,6.0,979.8833333333332,701.8166666666666,4779.0,4503,3,6176.0,0.9422473320778405,10855.0,3.84,6.0,101.27499999999999,35.666666666666664,0.5527406725011516
edf36,36,English,sentence_audio,passive,10593.0,4553.0,650.4285714285714,7.0,854.9285714285714,451.3142857142857,4782.0,4782,3,5601.0,1.0,10593.0,2.474285714285714,7.0,75.9814285714286,30.0,0.6608137449258945
edf36,4,,free_viewing,,6074.0,4246.0,424.6,10.0,878.4200000000001,545.2900000000001,4499.0,3766,4,1368.0,0.8370749055345632,6074.0,3.178,10.0,105.91999999999999,49.4,1.6463615409944024
edf36,5,,free_viewing,,5952.0,4346.0,543.25,8.0,913.1374999999999,521.7249999999999,4624.0,4624,2,960.0,1.0,5952.0,1.8875,8.0,94.36374999999998,46.0,1.3440860215053763
edf36,6,,free_viewing,,5705.0,4237.0,529.625,8.0,907.55,409.2,4513.0,4513,4,712.0,1.0,5705.0,3.2987499999999996,8.0,116.57125000000002,60.0,1.4022787028922
edf36,7,,free_viewing,,5710.0,4524.0,1131.0,4.0,988.55,617.125,4827.0,4524,3,1056.0,0.9372280919825979,5710.0,5.7475,4.0,137.29500000000002,41.5,0.7005253940455342
edf36,8,,free_viewing,,5736.0,4554.0,759.0,6.0,823.6666666666666,642.5500000000001,4786.0,4786,4,744.0,1.0,5736.0,3.388333333333333,6.0,95.52166666666666,34.333333333333336,1.0460251046025104
edf36,9,,free_viewing,,5905.0,4373.0,728.8333333333334,6.0,1010.4166666666666,599.65,4700.0,4700,4,913.0,1.0,5905.0,2.983333333333333,6.0,114.01999999999998,48.666666666666664,1.0160880609652836
edf37,1,,free_viewing,,5765.0,4267.0,304.7857142857143,14.0,935.5642857142857,343.7571428571428,4475.0,4475,5,802.0,1.0,5765.0,3.816428571428571,14.0,97.41357142857142,34.857142857142854,2.4284475281873377
edf37,10,,free_viewing,,6036.0,4210.0,421.0,10.0,894.8299999999999,446.73999999999995,4368.0,4368,3,1044.0,1.0,6036.0,2.093,10.0,99.45599999999999,62.4,1.656726308813784
edf37,11,,free_viewing,,5933.0,4183.0,418.3,10.0,987.1800000000001,418.28999999999996,4432.0,4432,5,941.0,1.0,5933.0,3.6940000000000004,10.0,93.185,56.0,1.6854879487611665
edf37,12,,free_viewing,,5641.0,4319.0,431.9,10.0,861.4900000000001,544.6,4331.0,3463,5,648.0,0.7995843915954745,5641.0,4.008,10.0,218.994,66.2,1.7727353306151392
edf37,13,,free_viewing,,5760.0,4158.0,244.58823529411765,17.0,990.0529411764707,711.1470588235293,4319.0,4015,4,769.0,0.9296133364204677,5760.0,2.5123529411764705,17.0,97.28647058823529,39.529411764705884,2.951388888888889
edf37,14,,free_viewing,,5850.0,4282.0,251.88235294117646,17.0,930.935294117647,724.8176470588235,4434.0,3446,6,858.0,0.7771763644564728,5850.0,3.1335294117647066,17.0,87.97941176470589,32.8235294117647,2.9059829059829063
edf37,15,,free_viewing,,5786.0,4200.0,280.0,15.0,926.3466666666668,591.78,4378.0,4378,6,794.0,1.0,5786.0,4.413749999999999,16.0,102.01625000000001,39.0,2.7652955409609405
edf37,16,,free_viewing,,5772.0,4258.0,212.9,20.0,950.7900000000002,519.0600000000001,4404.0,4092,7,780.0,0.9291553133514986,5772.0,2.6325000000000003,20.0,78.46349999999998,29.4,3.465003465003465
edf37,17,,free_viewing,,5906.0,4264.0,304.57142857142856,14.0,977.892857142857,389.4142857142857,4416.0,3880,7,1118.0,0.8786231884057971,5906.0,2.076,15.0,78.03266666666669,39.06666666666667,2.5397900440230274
edf37,18,,free_viewing,,5927.0,4279.0,329.15384615384613,13.0,858.823076923077,397.8461538461539,4413.0,4413,10,934.0,1.0,5927.0,3.074615384615385,13.0,94.42384615384616,44.61538461538461,2.1933524548675556
edf37,19,Punjabi,sentence_audio,active,10838.0,4314.0,253.76470588235293,17.0,875.6235294117646,630.4058823529411,4382.0,3522,5,6142.0,0.8037425832952989,10838.0,4.233529411764706,17.0,102.01058823529411,35.88235294117647,1.5685550839638311
edf37,2,,free_viewing,,6119.0,4419.0,339.9230769230769,13.0,873.7692307692306,468.0615384615384,4582.0,4446,4,1127.0,0.9703186381492798,6119.0,3.136923076923077,13.0,84.08384615384615,31.53846153846154,2.124530151985619
edf37,20,Punjabi,sentence_audio,active,11070.0,4160.0,378.1818181818182,11.0,879.7545454545456,433.7363636363636,4300.0,4300,8,6078.0,1.0,11070.0,2.17,11.0,214.75181818181818,62.90909090909091,0.9936766034327009
edf37,21,Punjabi,sentence_audio,active,10977.0,4364.0,311.7142857142857,14.0,948.4714285714284,415.12142857142857,4581.0,4397,8,5985.0,0.9598340973586553,10977.0,1.8806666666666665,15.0,62.45399999999999,28.666666666666668,1.3664935774801859
edf37,22,Punjabi,sentence_audio,passive,10905.0,4372.0,336.3076923076923,13.0,836.2538461538462,615.6461538461538,4513.0,3637,6,5913.0,0.8058940837580324,10905.0,3.1550000000000002,14.0,86.69214285714285,35.0,1.2838147638697845
edf37,23,Punjabi,sentence_audio,passive,11141.0,4307.0,307.64285714285717,14.0,904.4428571428572,456.7428571428572,4458.0,4458,5,6149.0,1.0,11141.0,3.9278571428571425,14.0,92.15214285714286,38.142857142857146,1.2566196930257607
edf37,24,Punjabi,sentence_audio,passive,10578.0,4066.0,254.125,16.0,829.4875000000001,395.975,4198.0,4198,6,5586.0,1.0,10578.0,3.602499999999999,16.0,103.9625,49.625,1.5125732652675365
edf37,25,Punjabi,sentence_audio,passive_dropped_agent,11140.0,4096.0,315.0769230769231,13.0,855.2615384615383,500.1,4300.0,3830,8,6148.0,0.8906976744186047,11140.0,4.204615384615384,13.0,98.82538461538459,53.23076923076923,1.1669658886894074
edf37,26,Punjabi,sentence_audio,passive_dropped_agent,10872.0,4112.0,216.42105263157896,19.0,967.3000000000001,445.03157894736836,4267.0,3398,8,6070.0,0.796344035622217,10872.0,3.729,20.0,92.66550000000002,36.8,1.839587932303164
edf37,27,Punjabi,sentence_audio,passive_dropped_agent,10633.0,4281.0,356.75,12.0,863.0666666666667,431.77500000000003,4431.0,4431,9,5640.0,1.0,10633.0,2.8983333333333334,12.0,93.82166666666667,46.833333333333336,1.1285620238878962
edf37,28,English,sentence_audio,active,10533.0,4227.0,301.92857142857144,14.0,915.8071428571427,484.0571428571428,4298.0,4275,5,5541.0,0.9946486738017682,10533.0,3.3628571428571425,14.0,115.05428571428573,49.57142857142857,1.3291559859489226
edf37,29,English,sentence_audio,active,10564.0,4378.0,312.7142857142857,14.0,889.9714285714286,553.1,4571.0,4571,6,5571.0,1.0,10564.0,2.5264285714285712,14.0,75.92642857142857,30.142857142857142,1.3252555850056797
edf37,3,,free_viewing,,5773.0,3791.0,223.0,17.0,847.0823529411764,534.1823529411765,4052.0,3782,5,781.0,0.9333662388943732,5773.0,4.069999999999999,17.0,159.3270588235294,55.294117647058826,2.944742768058202
edf37,30,English,sentence_audio,active,10415.0,4585.0,573.125,8.0,954.5375000000001,408.0,4740.0,4610,3,5423.0,0.9725738396624473,10415.0,2.79,8.0,79.28875,31.5,0.7681228996639463
edf37,31,English,sentence_audio,passive,10465.0,4107.0,241.58823529411765,17.0,953.4,688.4235294117648,4263.0,3781,5,5472.0,0.886934083978419,10465.0,2.5088235294117647,17.0,88.67882352941177,42.94117647058823,1.6244624940277115
edf37,32,English,sentence_audio,passive,10529.0,4359.0,335.3076923076923,13.0,960.6923076923078,731.3846153846152,4524.0,4524,4,5537.0,1.0,10529.0,2.9846153846153842,13.0,69.48307692307691,36.0,1.2346851552854021
edf37,33,English,sentence_audio,passive,10621.0,4591.0,353.15384615384613,13.0,907.8076923076923,527.3076923076922,4669.0,4079,6,5628.0,0.8736346112657957,10621.0,1.7946153846153845,13.0,63.69923076923075,24.923076923076923,1.2239902080783354
edf37,34,English,sentence_audio,passive_dropped_agent,10748.0,4412.0,294.1333333333333,15.0,941.7733333333333,548.1666666666666,4605.0,4412,4,5972.0,0.9580890336590663,10748.0,1.8486666666666667,15.0,60.02733333333332,25.866666666666667,1.3956084852995907
edf37,35,English,sentence_audio,passive_dropped_agent,10933.0,3205.0,320.5,10.0,987.11,454.02,3388.0,2410,4,5941.0,0.7113341204250295,10933.0,2.177,10.0,171.79000000000002,160.4,0.914662032379036
edf37,36,English,sentence_audio,passive_dropped_agent,10651.0,3889.0,194.45,20.0,818.0699999999999,531.8399999999999,4099.0,3889,3,5894.0,0.9487679921932178,10651.0,2.0295,20.0,73.202,44.7,1.8777579569993428
edf37,4,,free_viewing,,5782.0,4132.0,344.3333333333333,12.0,906.8333333333335,493.6666666666667,4278.0,4036,8,790.0,0.9434315100514259,5782.0,2.405,12.0,179.6866666666667,59.5,2.0754064337599445
edf37,5,,free_viewing,,5941.0,4131.0,344.25,12.0,987.9583333333335,480.62500000000006,4271.0,3833,5,1126.0,0.8974479044720206,5941.0,4.448333333333333,12.0,131.76083333333335,60.166666666666664,2.0198619760983
edf37,6,,free_viewing,,5736.0,4252.0,327.0769230769231,13.0,862.0307692307692,527.2538461538462,4384.0,3674,6,912.0,0.8380474452554745,5736.0,3.5961538461538463,13.0,140.0253846153846,46.76923076923077,2.2663877266387726
edf37,7,,free_viewing,,5937.0,3971.0,220.61111111111111,18.0,823.9722222222222,584.1055555555556,4158.0,3764,7,945.0,0.9052429052429053,5937.0,3.4600000000000004,18.0,90.87833333333333,46.333333333333336,3.031834259727135
edf37,8,,free_viewing,,5741.0,4273.0,267.0625,16.0,1005.3500000000001,384.85625,4474.0,4166,7,749.0,0.9311578006258382,5741.0,3.0,16.0,83.87312499999999,32.375,2.7869709109911165
edf37,9,,free_viewing,,5760.0,4442.0,341.6923076923077,13.0,898.4846153846155,531.2846153846153,4576.0,4538,7,768.0,0.9916958041958042,5760.0,2.9923076923076923,13.0,81.82384615384616,32.0,2.2569444444444446
edf38,1,,free_viewing,,5807.0,4525.0,377.0833333333333,12.0,991.9416666666665,438.0333333333333,4673.0,4673,7,820.0,1.0,5807.0,2.4453846153846155,13.0,90.17692307692307,26.0,2.238677458240055
edf38,10,,free_viewing,,5843.0,4135.0,459.44444444444446,9.0,1060.8444444444444,564.0555555555554,4435.0,4393,6,850.0,0.9905298759864712,5843.0,5.8277777777777775,9.0,130.44666666666663,62.0,1.54030463802841
edf38,11,,free_viewing,,6092.0,3890.0,389.0,10.0,984.1700000000001,555.33,4210.0,3890,3,1450.0,0.9239904988123515,6092.0,2.693,10.0,96.826,78.2,1.6414970453053186
edf38,12,,free_viewing,,5659.0,4276.0,285.06666666666666,15.0,908.8133333333333,485.2,4517.0,4345,6,667.0,0.9619216294000443,5659.0,3.4099999999999997,16.0,104.86500000000001,30.875,2.8273546562996996
edf38,13,,free_viewing,,5955.0,4312.0,287.46666666666664,15.0,902.1733333333334,611.4599999999999,4557.0,3959,6,963.0,0.868773315777924,5955.0,3.350625,16.0,105.96374999999999,28.375,2.686817800167926
edf38,14,,free_viewing,,5894.0,4300.0,390.90909090909093,11.0,1056.527272727273,487.93636363636364,4576.0,4126,4,1206.0,0.9016608391608392,5894.0,3.158333333333333,12.0,116.63166666666667,36.166666666666664,2.035968781812012
edf38,15,,free_viewing,,5831.0,4391.0,337.7692307692308,13.0,908.2076923076924,533.6923076923077,4615.0,3756,5,1090.0,0.8138678223185265,5831.0,3.2361538461538464,13.0,100.43461538461537,29.076923076923077,2.229463213856971
edf38,16,,free_viewing,,5902.0,4262.0,304.42857142857144,14.0,1069.7285714285715,479.7785714285714,4495.0,4059,5,909.0,0.9030033370411569,5902.0,4.009285714285714,14.0,102.53142857142859,35.57142857142857,2.3720772619451034
edf38,17,,free_viewing,,6133.0,4407.0,489.6666666666667,9.0,1008.0333333333334,582.3888888888889,4697.0,4697,4,1140.0,1.0,6133.0,3.8200000000000003,9.0,106.40555555555555,32.888888888888886,1.4674710582096853
edf38,18,,free_viewing,,6052.0,4404.0,367.0,12.0,926.5750000000002,524.9416666666667,4656.0,4422,7,1060.0,0.9497422680412371,6052.0,3.435833333333333,12.0,110.33083333333332,28.0,1.9828155981493722
edf38,19,Punjabi,sentence_audio,passive,10445.0,4293.0,268.3125,16.0,972.90625,463.19999999999993,4541.0,3093,5,5730.0,0.6811275049548557,10445.0,3.04375,16.0,93.139375,28.25,1.5318334131163236
edf38,2,,free_viewing,,5719.0,4167.0,231.5,18.0,936.6111111111111,459.76111111111106,4462.0,4462,5,727.0,1.0,5719.0,3.2944444444444434,18.0,105.8811111111111,29.444444444444443,3.1474033922014337
edf38,20,Punjabi,sentence_audio,passive,10630.0,4400.0,733.3333333333334,6.0,980.4166666666666,481.7833333333333,4663.0,4663,4,5639.0,1.0,10630.0,3.237142857142857,7.0,139.50714285714284,49.42857142857143,0.658513640639699
edf38,21,Punjabi,sentence_audio,passive,10577.0,4164.0,260.25,16.0,986.7937499999999,482.8187500000001,4412.0,4130,7,5584.0,0.9360834088848595,10577.0,2.7568749999999995,16.0,97.14411764705882,35.411764705882355,1.5127162711543916
edf38,22,Punjabi,sentence_audio,passive_dropped_agent,10842.0,4410.0,367.5,12.0,947.7083333333334,735.3666666666667,4692.0,1706,4,6158.0,0.3635976129582268,10842.0,2.048333333333333,12.0,78.89666666666666,25.0,1.1068068622025455
edf38,23,Punjabi,sentence_audio,passive_dropped_agent,10711.0,4076.0,271.73333333333335,15.0,914.0133333333331,413.74666666666667,4299.0,4279,7,5719.0,0.9953477552919283,10711.0,3.495625,16.0,120.5875,44.0,1.4937914293716739
edf38,24,Punjabi,sentence_audio,passive_dropped_agent,10399.0,4269.0,304.92857142857144,14.0,920.0142857142857,398.5214285714286,4497.0,4453,6,5406.0,0.9902156993551257,10399.0,4.286428571428572,14.0,119.2507142857143,35.42857142857143,1.3462832964708147
edf38,25,English,sentence_audio,active,10948.0,4110.0,256.875,16.0,901.0375,555.48125,4340.0,3960,6,5956.0,0.9124423963133641,10948.0,3.358125,16.0,109.39500000000001,40.75,1.4614541468761417
edf38,26,English,sentence_audio,active,10978.0,4050.0,238.23529411764707,17.0,953.3117647058823,406.69411764705876,4295.0,3462,8,6258.0,0.8060535506402794,10978.0,4.1905882352941175,17.0,104.91470588235295,41.05882352941177,1.5485516487520496
edf38,27,English,sentence_audio,active,11002.0,4158.0,415.8,10.0,879.0,431.7900000000001,4402.0,4402,6,6010.0,1.0,11002.0,2.1945454545454544,11.0,85.85454545454544,54.72727272727273,0.9998182148700235
edf38,28,English,sentence_audio,passive,10317.0,4027.0,366.09090909090907,11.0,1127.4272727272728,413.60909090909087,4229.0,4057,6,5324.0,0.959328446441239,10317.0,3.785454545454546,11.0,137.4590909090909,69.45454545454545,1.06620141514006
edf38,29,English,sentence_audio,passive,10572.0,4206.0,323.53846153846155,13.0,957.5999999999999,447.20769230769235,4442.0,4176,7,5580.0,0.940117064385412,10572.0,2.823846153846154,13.0,111.50692307692309,42.30769230769231,1.2296632614453273
edf38,3,,free_viewing,,5985.0,4245.0,326.53846153846155,13.0,896.0153846153845,624.4384615384615,4473.0,4057,3,992.0,0.9069975408003577,5985.0,3.474615384615385,13.0,207.6192307692308,40.0,2.172096908939014
edf38,30,English,sentence_audio,passive,10413.0,4163.0,416.3,10.0,964.4300000000001,423.68,4500.0,4500,5,5421.0,1.0,10413.0,3.4579999999999997,10.0,110.271,49.2,0.9603380389897244
edf38,31,English,sentence_audio,passive_dropped_agent,10328.0,4630.0,356.15384615384613,13.0,967.7230769230769,672.1076923076924,4647.0,4647,5,5335.0,1.0,10328.0,2.4057142857142857,14.0,82.97142857142856,26.0,1.3555383423702556
edf38,32,English,sentence_audio,passive_dropped_agent,10419.0,4389.0,399.0,11.0,945.8727272727272,610.0818181818182,4609.0,4609,7,5426.0,1.0,10419.0,4.1054545454545455,11.0,102.28909090909092,34.90909090909091,1.0557635089739899
edf38,33,English,sentence_audio,passive_dropped_agent,10327.0,4179.0,278.6,15.0,908.4800000000001,462.74666666666667,4399.0,4027,5,5334.0,0.9154353262105024,10327.0,2.1546666666666665,15.0,90.44933333333334,39.6,1.452503147090152
edf38,34,Punjabi,sentence_audio,active,11174.0,4472.0,298.1333333333333,15.0,955.6533333333334,487.06666666666666,4516.0,4188,6,6182.0,0.9273693534100974,11174.0,3.2324999999999995,16.0,87.923125,30.5,1.431895471630571
edf38,35,Punjabi,sentence_audio,active,10208.0,4508.0,346.7692307692308,13.0,1023.8153846153847,488.7769230769231,4510.0,4510,5,5216.0,1.0,10208.0,2.0900000000000003,13.0,86.5876923076923,37.07692307692308,1.2735109717868338
edf38,36,Punjabi,sentence_audio,active,10478.0,4142.0,295.85714285714283,14.0,864.3285714285714,572.8142857142858,4326.0,3970,6,5498.0,0.917706888580675,10478.0,3.818125,16.0,112.08249999999998,43.375,1.5270089711777057
edf38,4,,free_viewing,,5670.0,4322.0,270.125,16.0,1001.6562500000001,439.70625,4573.0,4573,6,677.0,1.0,5670.0,2.26625,16.0,82.42937500000002,26.25,2.821869488536155
edf38,5,,free_viewing,,5726.0,4426.0,402.3636363636364,11.0,880.8090909090909,537.5545454545454,4674.0,4320,3,734.0,0.9242618741976893,5726.0,3.127272727272727,11.0,100.1590909090909,28.90909090909091,1.9210618232623122
edf38,6,,free_viewing,,5883.0,4315.0,269.6875,16.0,690.9937500000001,500.66875,4364.0,3830,9,891.0,0.8776351970669111,5883.0,7.025625,16.0,152.396875,39.25,2.71970083290838
edf38,7,,free_viewing,,5969.0,4489.0,498.77777777777777,9.0,934.5888888888888,471.77777777777777,4754.0,4754,5,977.0,1.0,5969.0,2.536666666666667,9.0,88.75,26.444444444444443,1.5077902496230524
edf38,8,,free_viewing,,6105.0,4291.0,357.5833333333333,12.0,995.2166666666667,502.4083333333333,4515.0,3232,5,1368.0,0.7158361018826135,6105.0,4.565833333333333,12.0,122.71333333333335,39.833333333333336,1.9656019656019654
edf38,9,,free_viewing,,5907.0,4363.0,290.8666666666667,15.0,895.0333333333334,442.62666666666667,4601.0,4601,4,914.0,1.0,5907.0,2.530666666666667,15.0,90.048,26.133333333333333,2.5393600812595225
edf39,1,,free_viewing,,6137.0,4373.0,336.38461538461536,13.0,942.1846153846152,458.576923076923,4653.0,4223,7,1146.0,0.9075865033311842,6137.0,1.7784615384615383,13.0,64.49153846153847,26.0,2.1182988430829397
edf39,10,,free_viewing,,5835.0,4223.0,527.875,8.0,1011.2499999999999,479.70000000000005,4752.0,4752,5,843.0,1.0,5835.0,2.2349999999999994,8.0,72.39749999999998,30.0,1.3710368466152527
edf39,11,,free_viewing,,6063.0,4035.0,310.38461538461536,13.0,975.6076923076923,501.2384615384615,4318.0,4010,8,1071.0,0.9286706808707735,6063.0,3.7915384615384613,13.0,105.67692307692309,51.84615384615385,2.1441530595414813
edf39,12,,free_viewing,,5988.0,4064.0,312.61538461538464,13.0,1121.0923076923077,444.8846153846153,4341.0,3354,4,1576.0,0.7726330338631652,5988.0,3.822307692307692,13.0,110.3453846153846,50.15384615384615,2.171008684034736
edf39,13,,free_viewing,,5934.0,4152.0,346.0,12.0,1010.1500000000001,529.2416666666667,4362.0,3750,5,1282.0,0.859697386519945,5934.0,2.5592307692307696,13.0,178.9023076923077,51.69230769230769,2.1907650825749916
edf39,14,,free_viewing,,5999.0,3933.0,437.0,9.0,845.4333333333334,502.9111111111111,4396.0,3928,7,1007.0,0.8935395814376706,5999.0,4.348888888888889,9.0,151.06333333333333,66.22222222222223,1.5002500416736124
edf39,15,,free_viewing,,6052.0,4228.0,384.3636363636364,11.0,944.9090909090909,614.5272727272727,4559.0,4031,7,1059.0,0.8841851283176135,6052.0,4.117272727272727,11.0,96.80636363636363,39.45454545454545,1.817580964970258
edf39,16,,free_viewing,,5767.0,4396.0,488.44444444444446,9.0,913.4666666666667,470.0222222222221,4669.0,4669,9,775.0,1.0,5767.0,5.225,10.0,139.332,34.2,1.7340038148083925
edf39,17,,free_viewing,,5693.0,3773.0,471.625,8.0,875.8875,484.0125,4587.0,4587,6,700.0,1.0,5693.0,3.50625,8.0,131.24375,50.75,1.4052344985069385
edf39,18,,free_viewing,,5903.0,3864.0,276.0,14.0,926.2642857142856,556.3142857142857,4075.0,3537,8,911.0,0.8679754601226994,5903.0,3.1460000000000004,15.0,137.712,61.86666666666667,2.5410808063696426
edf39,19,Punjabi,sentence_audio,passive_dropped_agent,10623.0,4213.0,300.92857142857144,14.0,911.3357142857145,635.85,4406.0,2775,5,6170.0,0.629822968679074,10623.0,4.766428571428571,14.0,105.96,41.714285714285715,1.3178951332015438
edf39,2,,free_viewing,,5857.0,4035.0,366.8181818181818,11.0,994.1,661.2363636363635,4358.0,4358,9,865.0,1.0,5857.0,5.512727272727273,11.0,152.93,57.63636363636363,1.87809458767287
edf39,20,Punjabi,sentence_audio,passive_dropped_agent,10327.0,4285.0,357.0833333333333,12.0,921.3916666666664,471.6000000000001,4553.0,4553,12,5334.0,1.0,10327.0,2.1325000000000003,12.0,76.74416666666667,36.666666666666664,1.1620025176721216
edf39,21,Punjabi,sentence_audio,passive_dropped_agent,10173.0,4306.0,331.2307692307692,13.0,960.6384615384615,481.52307692307687,4527.0,4267,9,5181.0,0.9425668212944555,10173.0,2.1485714285714286,14.0,75.07714285714287,34.57142857142857,1.3761918804679052
edf39,22,English,sentence_audio,active,10251.0,4107.0,273.8,15.0,882.1733333333334,576.92,4303.0,3851,7,5258.0,0.8949570067394841,10251.0,2.6573333333333338,15.0,119.11733333333333,46.0,1.463271875914545
edf39,23,English,sentence_audio,active,10673.0,3861.0,321.75,12.0,1014.5833333333331,544.1083333333333,4389.0,4389,3,5680.0,1.0,10673.0,3.1825000000000006,12.0,125.17,50.333333333333336,1.1243324276211
edf39,24,English,sentence_audio,active,10803.0,4069.0,290.64285714285717,14.0,971.9000000000002,378.2714285714286,4271.0,4115,5,5810.0,0.9634745961133224,10803.0,2.442142857142857,14.0,82.43285714285716,51.57142857142857,1.2959363139868554
edf39,25,English,sentence_audio,passive,10241.0,3821.0,272.92857142857144,14.0,999.3714285714285,593.9857142857144,4030.0,3083,7,5249.0,0.7650124069478909,10241.0,4.4399999999999995,14.0,128.64142857142858,68.71428571428571,1.367053998632946
edf39,26,English,sentence_audio,passive,10335.0,4175.0,298.2142857142857,14.0,1094.4714285714285,464.34285714285716,4394.0,3604,4,5343.0,0.8202093764223942,10335.0,2.68,14.0,82.45714285714284,42.714285714285715,1.3546202225447508
edf39,27,English,sentence_audio,passive,11132.0,3892.0,324.3333333333333,12.0,933.225,591.65,4246.0,3554,6,6140.0,0.8370230805463966,11132.0,4.0441666666666665,12.0,102.02846153846154,58.92307692307692,1.0779734099892202
edf39,28,English,sentence_audio,passive_dropped_agent,10993.0,3953.0,329.4166666666667,12.0,1213.2833333333335,582.0833333333333,4148.0,3600,8,6001.0,0.8678881388621023,10993.0,6.111666666666667,12.0,118.80166666666666,70.33333333333333,1.0916037478395342
edf39,29,English,sentence_audio,passive_dropped_agent,10752.0,4544.0,908.8,5.0,956.5200000000001,501.44000000000005,4814.0,4814,4,5760.0,1.0,10752.0,3.558,5.0,89.78799999999998,35.6,0.46502976190476186
edf39,3,,free_viewing,,5671.0,4181.0,418.1,10.0,901.43,601.3800000000001,4383.0,3555,7,916.0,0.811088295687885,5671.0,5.272,10.0,130.575,61.0,1.7633574325515782
edf39,30,English,sentence_audio,passive_dropped_agent,10635.0,4531.0,906.2,5.0,1084.8200000000002,499.43999999999994,4758.0,4335,4,5912.0,0.9110970996216898,10635.0,5.65,5.0,115.95800000000001,46.8,0.4701457451810061
edf39,31,Punjabi,sentence_audio,active,10299.0,3993.0,285.2142857142857,14.0,935.5571428571429,610.1999999999999,4161.0,2853,5,5314.0,0.6856524873828407,10299.0,2.536,15.0,98.99533333333333,56.0,1.4564520827264784
edf39,32,Punjabi,sentence_audio,active,10636.0,4188.0,322.15384615384613,13.0,990.853846153846,445.73076923076917,4402.0,3940,4,5644.0,0.8950477055883689,10636.0,2.515384615384615,13.0,96.39461538461539,45.38461538461539,1.2222640090259498
edf39,33,Punjabi,sentence_audio,active,10406.0,4342.0,394.72727272727275,11.0,885.1090909090908,459.9818181818182,4649.0,3348,5,5746.0,0.7201548720154872,10406.0,4.451666666666667,12.0,130.05916666666667,30.166666666666668,1.1531808571977704
edf39,34,Punjabi,sentence_audio,passive,11092.0,4092.0,341.0,12.0,998.3416666666667,450.42499999999995,4355.0,3961,6,6099.0,0.9095292766934558,11092.0,2.370833333333333,12.0,95.99333333333334,53.166666666666664,1.0818608005769923
edf39,35,Punjabi,sentence_audio,passive,10425.0,4241.0,706.8333333333334,6.0,1005.5500000000001,464.20000000000005,4447.0,4447,3,5432.0,1.0,10425.0,3.105,6.0,179.3083333333333,91.0,0.5755395683453237
edf39,36,Punjabi,sentence_audio,passive,10469.0,4127.0,294.7857142857143,14.0,988.9428571428571,531.2428571428571,4324.0,3746,7,5477.0,0.866327474560592,10469.0,3.5264285714285717,14.0,117.72857142857143,47.714285714285715,1.3372814977552776
edf39,4,,free_viewing,,5757.0,4203.0,323.3076923076923,13.0,925.5384615384615,534.576923076923,4484.0,3891,6,765.0,0.8677520071364853,5757.0,2.145384615384616,13.0,134.95846153846153,39.07692307692308,2.258120548896995
edf39,5,,free_viewing,,5781.0,4512.0,752.0,6.0,868.9499999999999,711.7666666666668,4665.0,2495,4,789.0,0.5348338692390139,5781.0,4.138333333333333,6.0,144.20142857142858,49.714285714285715,1.0378827192527245
edf39,6,,free_viewing,,5841.0,4087.0,314.38461538461536,13.0,895.5538461538464,658.6538461538462,4286.0,3019,7,849.0,0.7043863742417172,5841.0,3.2346153846153842,13.0,129.31615384615387,54.30769230769231,2.2256462934429035
edf39,7,,free_viewing,,6081.0,4173.0,298.07142857142856,14.0,1013.1857142857143,485.29285714285714,4230.0,4173,7,1184.0,0.9865248226950355,6081.0,2.577142857142857,14.0,149.97785714285715,54.42857142857143,2.302252918927808
edf39,8,,free_viewing,,6052.0,3878.0,352.54545454545456,11.0,1018.4818181818181,518.6999999999999,4329.0,4329,7,1059.0,1.0,6052.0,2.791818181818182,11.0,155.03636363636363,60.36363636363637,1.817580964970258
edf39,9,,free_viewing,,6025.0,4379.0,364.9166666666667,12.0,995.9416666666667,427.075,4648.0,4248,6,1033.0,0.9139414802065404,6025.0,2.7550000000000003,12.0,73.19166666666666,28.666666666666668,1.9917012448132778
edf40,1,,free_viewing,,5809.0,4203.0,280.2,15.0,906.52,459.56,4512.0,4512,9,813.0,1.0,5809.0,2.8166666666666673,15.0,81.02933333333334,32.266666666666666,2.582200034429334
edf40,10,,free_viewing,,5860.0,4266.0,328.15384615384613,13.0,963.123076923077,394.4153846153846,4508.0,4508,5,868.0,1.0,5860.0,3.1599999999999997,13.0,91.35461538461537,37.23076923076923,2.2184300341296925
edf40,11,,free_viewing,,5979.0,4394.0,488.22222222222223,9.0,990.3888888888889,371.8888888888889,4722.0,4722,5,986.0,1.0,5979.0,2.277,10.0,74.725,28.2,1.6725204883759826
edf40,12,,free_viewing,,6015.0,4440.0,444.0,10.0,1104.1600000000003,402.61999999999995,4651.0,4651,6,1023.0,1.0,6015.0,2.839090909090909,11.0,80.00909090909092,32.0,1.828761429758936
edf40,13,,free_viewing,,6011.0,4255.0,265.9375,16.0,908.1500000000001,440.38750000000005,4510.0,4406,7,1019.0,0.976940133037694,6011.0,2.4374999999999996,16.0,71.053125,30.125,2.6617867243387123
edf40,14,,free_viewing,,5952.0,4232.0,248.94117647058823,17.0,1024.935294117647,519.9588235294117,4413.0,4413,3,959.0,1.0,5952.0,3.2247058823529406,17.0,87.50117647058825,34.11764705882353,2.856182795698925
edf40,15,,free_viewing,,5820.0,4212.0,234.0,18.0,1017.2333333333333,384.9888888888889,4391.0,4141,5,827.0,0.9430653609656114,5820.0,2.9522222222222223,18.0,79.85333333333334,33.44444444444444,3.092783505154639
edf40,16,,free_viewing,,5781.0,4435.0,369.5833333333333,12.0,918.6916666666666,458.7583333333334,4623.0,4291,4,1006.0,0.9281851611507679,5781.0,2.6591666666666662,12.0,74.91833333333334,30.833333333333332,2.075765438505449
edf40,17,,free_viewing,,5999.0,4213.0,234.05555555555554,18.0,1051.072222222222,399.4277777777778,4216.0,3770,7,1007.0,0.894212523719165,5999.0,3.127777777777778,18.0,116.8861111111111,43.111111111111114,3.000500083347225
edf40,18,,free_viewing,,6105.0,4545.0,505.0,9.0,958.8222222222224,642.5666666666667,4727.0,4025,4,1318.0,0.8514914321980114,6105.0,2.4155555555555557,9.0,72.24000000000001,29.555555555555557,1.4742014742014742
edf40,19,English,sentence_audio,active,10433.0,4261.0,284.06666666666666,15.0,959.3266666666666,466.3933333333333,4440.0,3005,9,5648.0,0.6768018018018018,10433.0,3.522666666666667,15.0,92.05133333333333,36.8,1.4377456148758747
edf40,2,,free_viewing,,5820.0,4414.0,401.27272727272725,11.0,963.3272727272728,639.8909090909091,4606.0,4202,3,828.0,0.9122883195831524,5820.0,3.600909090909091,11.0,89.71636363636364,35.09090909090909,1.8900343642611683
edf40,20,English,sentence_audio,active,10989.0,3705.0,247.0,15.0,961.6533333333334,435.53333333333336,3921.0,3775,11,5996.0,0.9627646008671258,10989.0,2.147333333333333,15.0,128.9946666666667,71.46666666666667,1.3650013650013648
edf40,21,English,sentence_audio,active,10560.0,4400.0,366.6666666666667,12.0,991.5250000000001,471.7416666666666,4548.0,4302,8,5568.0,0.945910290237467,10560.0,2.4274999999999998,12.0,130.895,37.0,1.1363636363636362
edf40,22,English,sentence_audio,passive,10908.0,3740.0,340.0,11.0,926.3727272727273,540.3727272727273,3920.0,3136,7,5978.0,0.8,10908.0,3.703333333333333,12.0,242.6308333333333,98.33333333333333,1.1001100110011002
edf40,23,English,sentence_audio,passive,10792.0,4318.0,308.42857142857144,14.0,1021.4,402.45714285714286,4525.0,4525,5,5799.0,1.0,10792.0,3.2742857142857145,14.0,86.56500000000001,33.42857142857143,1.2972572275759822
edf40,24,English,sentence_audio,passive,10781.0,4123.0,317.15384615384613,13.0,1029.7230769230769,365.0615384615385,4286.0,4286,3,5789.0,1.0,10781.0,2.4069230769230767,13.0,165.09923076923073,54.30769230769231,1.2058250626101474
edf40,25,English,sentence_audio,passive_dropped_agent,10456.0,4152.0,461.3333333333333,9.0,911.0222222222224,472.3666666666667,4322.0,4322,5,5464.0,1.0,10456.0,3.016666666666667,9.0,211.45222222222222,74.44444444444444,0.8607498087222648
edf40,26,English,sentence_audio,passive_dropped_agent,10533.0,4359.0,544.875,8.0,1026.5874999999999,347.48749999999995,4568.0,4225,2,5782.0,0.9249124343257443,10533.0,3.3874999999999997,8.0,143.74750000000003,53.0,0.7595177062565271
edf40,27,English,sentence_audio,passive_dropped_agent,10913.0,4014.0,334.5,12.0,918.8583333333335,464.5833333333334,4251.0,4251,5,5921.0,1.0,10913.0,2.3976923076923073,13.0,92.61384615384615,58.46153846153846,1.1912398057362779
edf40,28,Punjabi,sentence_audio,active,11046.0,4192.0,322.46153846153845,13.0,1030.4230769230767,388.2461538461539,4250.0,3354,9,6216.0,0.7891764705882353,11046.0,2.716153846153846,13.0,166.0023076923077,57.07692307692308,1.1768966141589716
edf40,29,Punjabi,sentence_audio,active,10703.0,4005.0,210.78947368421052,19.0,939.578947368421,421.05263157894734,4173.0,4145,8,5710.0,0.9932901988976756,10703.0,3.2536842105263153,19.0,96.92473684210525,43.1578947368421,1.775203214052135
edf40,3,,free_viewing,,5890.0,4420.0,884.0,5.0,979.2199999999999,379.91999999999996,4783.0,4783,4,897.0,1.0,5890.0,2.804,5.0,91.0,42.0,0.8488964346349746
edf40,30,Punjabi,sentence_audio,active,10981.0,3816.0,224.47058823529412,17.0,969.1705882352942,470.2294117647059,3987.0,3765,8,5989.0,0.944319036869827,10981.0,3.350555555555556,18.0,154.25722222222225,56.44444444444444,1.6391949731354158
edf40,31,Punjabi,sentence_audio,passive,10930.0,4032.0,252.0,16.0,958.6562500000001,703.975,4177.0,3347,10,5937.0,0.8012927938711994,10930.0,3.8649999999999998,16.0,128.556875,51.0,1.463860933211345
edf40,32,Punjabi,sentence_audio,passive,11167.0,4191.0,419.1,10.0,996.78,576.1599999999999,4346.0,4191,2,6368.0,0.9643350207086977,11167.0,2.456,10.0,188.233,64.6,0.8954956568460644
edf40,33,Punjabi,sentence_audio,passive,10195.0,4433.0,554.125,8.0,988.4875,456.775,4514.0,3818,6,5203.0,0.845813026140895,10195.0,2.8649999999999998,8.0,156.98,59.75,0.784698381559588
edf40,34,Punjabi,sentence_audio,passive_dropped_agent,10951.0,4271.0,427.1,10.0,934.51,559.22,4503.0,4271,5,6226.0,0.9484787919165001,10951.0,2.752727272727273,11.0,150.51363636363638,67.45454545454545,1.0044744772166925
edf40,35,Punjabi,sentence_audio,passive_dropped_agent,10434.0,4154.0,377.6363636363636,11.0,1030.8,482.69090909090914,4398.0,4154,3,5764.0,0.9445202364711233,10434.0,2.439090909090909,11.0,135.73454545454547,54.0,1.054245735096799
edf40,36,Punjabi,sentence_audio,passive_dropped_agent,10344.0,3966.0,264.4,15.0,918.2,430.23999999999995,4183.0,4049,6,5351.0,0.9679655749462108,10344.0,2.1866666666666665,15.0,153.20466666666667,54.0,1.4501160092807426
edf40,4,,free_viewing,,6021.0,4342.0,482.44444444444446,9.0,1021.6666666666666,418.1333333333333,4689.0,4342,3,1416.0,0.9259970142887609,6021.0,2.6120000000000005,10.0,75.137,31.4,1.6608536787908985
edf40,5,,free_viewing,,6065.0,4345.0,310.35714285714283,14.0,1001.2499999999999,690.7142857142857,4575.0,4345,3,1334.0,0.9497267759562842,6065.0,2.6342857142857143,14.0,76.61214285714286,29.857142857142858,2.308326463314097
edf40,6,,free_viewing,,5838.0,4270.0,474.44444444444446,9.0,939.2111111111112,518.6888888888889,4514.0,4514,3,846.0,1.0,5838.0,2.7566666666666664,9.0,132.76333333333332,53.111111111111114,1.5416238437821173
edf40,7,,free_viewing,,5869.0,4435.0,554.375,8.0,975.7375000000001,505.15000000000003,4632.0,4632,4,877.0,1.0,5869.0,2.535,8.0,85.95624999999998,45.0,1.3630942238882264
edf40,8,,free_viewing,,5713.0,4473.0,559.125,8.0,988.5250000000002,489.91249999999997,4726.0,4574,3,721.0,0.9678374947101143,5713.0,3.1275000000000004,8.0,85.73,33.25,1.4003150708909504
edf40,9,,free_viewing,,5729.0,4441.0,444.1,10.0,905.0099999999999,474.65999999999997,4715.0,4007,4,736.0,0.8498409331919407,5729.0,2.07,10.0,65.852,27.8,1.7455053237912375
edf41,1,,free_viewing,,5654.0,3998.0,210.42105263157896,19.0,931.9789473684211,425.66842105263163,4214.0,3494,9,664.0,0.829140958709065,5654.0,3.901578947368421,19.0,111.7136842105263,40.8421052631579,3.3604527767951895
edf41,10,,free_viewing,,6100.0,4158.0,297.0,14.0,922.092857142857,511.35714285714283,4313.0,4313,4,1107.0,1.0,6100.0,2.2785714285714285,14.0,122.65999999999998,48.57142857142857,2.295081967213115
edf41,11,,free_viewing,,6135.0,3509.0,194.94444444444446,18.0,1050.622222222222,382.4388888888889,3735.0,3509,5,1452.0,0.9394912985274431,6135.0,2.146842105263158,19.0,147.1357894736842,76.42105263157895,3.0969845150774247
edf41,12,,free_viewing,,5782.0,4160.0,277.3333333333333,15.0,893.2,447.77333333333337,4316.0,3720,7,790.0,0.8619091751621872,5782.0,2.5313333333333334,15.0,95.60200000000002,45.06666666666667,2.5942580421999306
edf41,13,,free_viewing,,5694.0,4006.0,235.64705882352942,17.0,888.7529411764706,543.9117647058823,4156.0,3916,6,702.0,0.9422521655437921,5694.0,3.885882352941177,17.0,97.53470588235292,49.1764705882353,2.985598876009835
edf41,14,,free_viewing,,5999.0,4017.0,251.0625,16.0,984.15,631.9875,4067.0,3207,5,1008.0,0.7885419227932137,5999.0,2.531875,16.0,111.23937500000004,57.75,2.667111185197533
edf41,15,,free_viewing,,5862.0,3804.0,271.7142857142857,14.0,937.7714285714286,398.5928571428571,4086.0,4086,3,870.0,1.0,5862.0,1.9484615384615387,13.0,150.60230769230768,94.3076923076923,2.2176731490958717
edf41,16,,free_viewing,,5669.0,4007.0,267.1333333333333,15.0,911.1533333333332,449.87333333333333,4168.0,3626,6,864.0,0.8699616122840691,5669.0,3.341333333333334,15.0,110.33800000000004,54.93333333333333,2.645969306756042
edf41,17,,free_viewing,,5796.0,4158.0,415.8,10.0,850.01,465.38,4310.0,4310,2,802.0,1.0,5796.0,2.136,10.0,117.78599999999999,68.4,1.7253278122843339
edf41,18,,free_viewing,,5805.0,4177.0,596.7142857142857,7.0,921.7,423.68571428571437,4421.0,4421,3,812.0,1.0,5805.0,2.0671428571428567,7.0,156.17142857142855,81.71428571428571,1.2058570198105083
edf41,19,English,sentence_audio,passive,10615.0,4023.0,287.35714285714283,14.0,868.1999999999999,422.8785714285714,4234.0,4023,7,5870.0,0.9501653282947568,10615.0,2.7721428571428572,14.0,105.52499999999999,54.0,1.31888836552049
edf41,2,,free_viewing,,5765.0,4353.0,621.8571428571429,7.0,966.0571428571428,362.2714285714286,4630.0,4630,5,773.0,1.0,5765.0,1.887142857142857,7.0,118.93142857142857,51.714285714285715,1.2142237640936688
edf41,20,English,sentence_audio,passive,10844.0,4616.0,769.3333333333334,6.0,896.5499999999998,433.8,4628.0,4628,2,5852.0,1.0,10844.0,1.2033333333333334,6.0,108.97833333333334,60.666666666666664,0.5533013648100332
edf41,21,English,sentence_audio,passive,10982.0,4426.0,491.77777777777777,9.0,872.9666666666667,465.87777777777774,4450.0,4172,2,6164.0,0.9375280898876405,10982.0,1.419,10.0,104.63100000000001,62.8,0.9105809506465126
edf41,22,English,sentence_audio,passive_dropped_agent,10280.0,3320.0,301.8181818181818,11.0,811.3909090909091,565.6090909090909,3504.0,2562,3,5502.0,0.7311643835616438,10280.0,3.2018181818181817,11.0,263.91,135.27272727272728,1.0700389105058365
edf41,23,English,sentence_audio,passive_dropped_agent,10360.0,3852.0,350.1818181818182,11.0,970.0636363636364,561.4818181818181,4228.0,4228,3,5368.0,1.0,10360.0,2.5854545454545454,11.0,105.45454545454545,69.45454545454545,1.0617760617760619
edf41,24,English,sentence_audio,passive_dropped_agent,10621.0,3950.0,282.14285714285717,14.0,968.5999999999998,399.15,4129.0,4033,3,5629.0,0.9767498183579559,10621.0,2.5446666666666666,15.0,111.85066666666667,58.8,1.4122963939365407
edf41,25,Punjabi,sentence_audio,active,10815.0,3567.0,209.8235294117647,17.0,812.770588235294,577.9470588235295,3811.0,3577,9,5822.0,0.938598792967725,10815.0,2.848235294117647,17.0,130.51176470588234,69.52941176470588,1.5718908922792418
edf41,26,Punjabi,sentence_audio,active,10922.0,3680.0,230.0,16.0,839.71875,402.26875,3839.0,962,2,6194.0,0.2505860901276374,10922.0,1.96375,16.0,153.578125,72.125,1.4649331624244644
edf41,27,Punjabi,sentence_audio,active,10667.0,3407.0,262.0769230769231,13.0,861.3846153846154,491.6846153846153,3871.0,3871,3,5676.0,1.0,10667.0,1.4984615384615385,13.0,136.58307692307693,86.15384615384616,1.2187119152526484
edf41,28,Punjabi,sentence_audio,passive,10227.0,3402.0,261.6923076923077,13.0,958.2846153846154,387.81538461538463,3578.0,3382,6,5242.0,0.9452207937395193,10227.0,1.8228571428571427,14.0,238.82999999999998,96.4,1.3689253935660506
edf41,29,Punjabi,sentence_audio,passive,10618.0,3944.0,657.3333333333334,6.0,779.7833333333333,458.9333333333334,3968.0,3944,1,5712.0,0.9939516129032258,10618.0,2.1325,8.0,335.43250000000006,148.75,0.7534375588623092
edf41,3,,free_viewing,,6016.0,4390.0,731.6666666666666,6.0,860.35,481.3833333333334,4665.0,4499,4,1023.0,0.9644158628081457,6016.0,2.373333333333333,6.0,119.87833333333333,54.666666666666664,0.9973404255319149
edf41,30,Punjabi,sentence_audio,passive,10566.0,3528.0,320.72727272727275,11.0,953.4363636363636,358.90909090909093,3762.0,3624,3,5574.0,0.9633173843700159,10566.0,1.45,11.0,284.7136363636364,111.81818181818181,1.0410751466969523
edf41,31,Punjabi,sentence_audio,passive_dropped_agent,10517.0,4034.0,448.22222222222223,9.0,899.6777777777777,622.8444444444444,4204.0,4204,5,5524.0,1.0,10517.0,2.0940000000000003,10.0,167.696,80.0,0.9508414947228297
edf41,32,Punjabi,sentence_audio,passive_dropped_agent,10748.0,3784.0,315.3333333333333,12.0,890.5583333333334,572.1583333333334,3970.0,3552,6,5756.0,0.8947103274559194,10748.0,3.195833333333333,12.0,125.73333333333333,85.16666666666667,1.1164867882396725
edf41,33,Punjabi,sentence_audio,passive_dropped_agent,10759.0,3115.0,283.1818181818182,11.0,892.8818181818184,507.50909090909096,3366.0,3086,6,5767.0,0.916815210932858,10759.0,1.7290909090909088,11.0,283.87545454545455,147.8181818181818,1.0223998512872943
edf41,34,English,sentence_audio,active,10883.0,3759.0,313.25,12.0,901.2333333333335,498.8166666666666,3978.0,2497,6,6132.0,0.6277023629964806,10883.0,1.7458333333333333,12.0,160.08249999999998,84.5,1.1026371404943491
edf41,35,English,sentence_audio,active,10299.0,3599.0,327.1818181818182,11.0,928.0545454545455,377.9181818181818,3874.0,3874,3,5307.0,1.0,10299.0,1.8736363636363635,11.0,201.14181818181817,101.63636363636364,1.068064860666084
edf41,36,English,sentence_audio,active,11063.0,3915.0,489.375,8.0,763.3875,465.2,4108.0,3915,3,6294.0,0.9530185004868549,11063.0,2.33625,8.0,257.6825,110.5,0.7231311579137666
edf41,4,,free_viewing,,5691.0,4547.0,1515.6666666666667,3.0,911.4,368.2,4836.0,4363,1,1232.0,0.902191894127378,5691.0,1.7866666666666668,3.0,105.66666666666667,52.0,0.5271481286241434
edf41,5,,free_viewing,,5980.0,4242.0,353.5,12.0,862.4833333333335,470.5833333333333,4479.0,4242,6,1250.0,0.9470864032150034,5980.0,2.773333333333333,12.0,117.06666666666666,42.833333333333336,2.0066889632107023
edf41,6,,free_viewing,,5899.0,4223.0,351.9166666666667,12.0,947.0749999999999,500.91666666666674,4358.0,4236,3,907.0,0.9720055071133548,5899.0,2.504166666666667,12.0,106.35166666666667,52.833333333333336,2.0342430920495
edf41,7,,free_viewing,,5953.0,4275.0,534.375,8.0,864.9625000000001,296.0875,4591.0,4275,1,1398.0,0.9311696798083207,5953.0,1.2550000000000001,8.0,134.1925,50.25,1.3438602385351923
edf41,8,,free_viewing,,5663.0,4089.0,371.72727272727275,11.0,797.1363636363636,351.6545454545455,4367.0,4155,7,670.0,0.9514540874742387,5663.0,2.5000000000000004,11.0,134.4009090909091,56.90909090909091,1.9424333392194948
edf41,9,,free_viewing,,6085.0,3711.0,218.2941176470588,17.0,874.1294117647059,381.3235294117647,3747.0,3625,10,1250.0,0.9674406191619963,6085.0,2.488333333333334,18.0,147.5338888888889,69.33333333333333,2.9580936729663105
edf42,1,,free_viewing,,5677.0,4075.0,226.38888888888889,18.0,983.6666666666666,521.3944444444445,4326.0,2520,6,970.0,0.5825242718446602,5677.0,4.094444444444444,18.0,100.48111111111112,37.0,3.1706887440549587
edf42,10,,free_viewing,,5692.0,4278.0,285.2,15.0,950.22,683.6466666666666,4450.0,3296,6,700.0,0.7406741573033708,5692.0,4.31,15.0,104.60733333333334,36.13333333333333,2.635277582572031
edf42,11,,free_viewing,,6083.0,4293.0,429.3,10.0,829.65,504.9000000000001,4467.0,3933,4,1300.0,0.880456682337139,6083.0,3.732,10.0,108.208,52.6,1.6439256945586058
edf42,12,,free_viewing,,6021.0,4375.0,397.72727272727275,11.0,785.5090909090909,517.7909090909092,4600.0,4600,4,1029.0,1.0,6021.0,4.034545454545455,11.0,99.52363636363636,35.63636363636363,1.8269390466699884
edf42,13,,free_viewing,,5644.0,4342.0,334.0,13.0,958.4769230769232,583.323076923077,4558.0,4558,5,652.0,1.0,5644.0,3.4907692307692306,13.0,96.09769230769231,33.38461538461539,2.3033309709425938
edf42,14,,free_viewing,,6128.0,4284.0,306.0,14.0,979.3071428571428,470.04285714285714,4555.0,4555,5,1135.0,1.0,6128.0,3.061428571428572,14.0,84.67857142857143,31.285714285714285,2.2845953002610964
edf42,15,,free_viewing,,5951.0,4341.0,361.75,12.0,807.9,596.6583333333334,4561.0,3039,5,958.0,0.6663012497259373,5951.0,4.0025,12.0,97.1225,36.0,2.016467820534364
edf42,16,,free_viewing,,6129.0,4317.0,359.75,12.0,941.4250000000002,417.56666666666666,4585.0,4585,6,1136.0,1.0,6129.0,3.3116666666666674,12.0,89.27749999999999,34.0,1.9579050416054822
edf42,17,,free_viewing,,5788.0,4200.0,280.0,15.0,885.4466666666667,613.0066666666667,4434.0,2094,4,1500.0,0.4722598105548038,5788.0,4.52,16.0,107.039375,36.0,2.7643400138217
edf42,18,,free_viewing,,5985.0,4235.0,470.55555555555554,9.0,889.2111111111112,457.94444444444446,4378.0,4378,4,993.0,1.0,5985.0,2.428888888888889,9.0,122.84333333333332,68.22222222222223,1.5037593984962405
edf42,19,English,sentence_audio,passive_dropped_agent,10810.0,4478.0,407.09090909090907,11.0,944.8090909090909,486.94545454545454,4624.0,3486,4,6000.0,0.7538927335640139,10810.0,3.390000000000001,11.0,90.59,33.45454545454545,1.0175763182238668
edf42,2,,free_viewing,,5788.0,4328.0,332.9230769230769,13.0,951.7692307692306,460.5076923076922,4542.0,3888,5,796.0,0.8560105680317041,5788.0,3.674615384615385,13.0,99.24307692307694,34.61538461538461,2.2460262612301314
edf42,20,English,sentence_audio,passive_dropped_agent,10990.0,4322.0,360.1666666666667,12.0,935.7416666666667,488.10833333333335,4481.0,4481,8,5997.0,1.0,10990.0,2.8400000000000003,12.0,127.15916666666668,42.666666666666664,1.091901728844404
edf42,21,English,sentence_audio,passive_dropped_agent,10241.0,4331.0,481.22222222222223,9.0,974.0333333333333,525.5,4553.0,4553,3,5248.0,1.0,10241.0,2.4000000000000004,9.0,112.47666666666667,48.888888888888886,0.8788204276926082
edf42,22,Punjabi,sentence_audio,active,11079.0,4533.0,566.625,8.0,872.9125,567.4999999999999,4720.0,3954,6,6087.0,0.8377118644067797,11079.0,3.5975,8.0,92.89375000000001,34.0,0.7220868309414207
edf42,23,Punjabi,sentence_audio,active,10707.0,4455.0,445.5,10.0,992.8100000000001,500.11,4598.0,4158,4,5715.0,0.9043062200956937,10707.0,4.949,10.0,119.65599999999999,39.4,0.9339684318670028
edf42,24,Punjabi,sentence_audio,active,10515.0,4333.0,481.44444444444446,9.0,887.9999999999999,372.48888888888894,4516.0,4516,5,5523.0,1.0,10515.0,3.266666666666667,9.0,124.95555555555555,52.888888888888886,0.8559201141226819
edf42,25,Punjabi,sentence_audio,passive,11117.0,4413.0,367.75,12.0,808.25,479.3916666666667,4613.0,4613,5,6124.0,1.0,11117.0,3.154166666666667,12.0,88.72500000000001,31.666666666666668,1.079427903211298
edf42,26,Punjabi,sentence_audio,passive,10546.0,4294.0,429.4,10.0,975.82,431.0,4496.0,3922,5,5796.0,0.8723309608540926,10546.0,4.068181818181818,11.0,161.4218181818182,46.72727272727273,1.0430494974397877
edf42,27,Punjabi,sentence_audio,passive,10825.0,4399.0,439.9,10.0,838.54,465.85999999999996,4542.0,3812,6,5833.0,0.8392778511668868,10825.0,2.402,10.0,95.59799999999998,45.0,0.9237875288683604
edf42,28,Punjabi,sentence_audio,passive_dropped_agent,10315.0,4459.0,445.9,10.0,971.2300000000001,426.14,4633.0,4633,3,5322.0,1.0,10315.0,4.430999999999999,10.0,110.766,36.0,0.9694619486185168
edf42,29,Punjabi,sentence_audio,passive_dropped_agent,10658.0,4700.0,2350.0,2.0,774.1,454.6,4948.0,4948,2,5666.0,1.0,10658.0,1.505,2.0,60.925,22.0,0.18765246762994933
edf42,3,,free_viewing,,6035.0,4605.0,767.5,6.0,905.4499999999999,506.8500000000001,4782.0,4374,5,1043.0,0.9146800501882058,6035.0,3.4899999999999998,6.0,96.52333333333333,35.0,0.9942004971002485
edf42,30,Punjabi,sentence_audio,passive_dropped_agent,10588.0,4408.0,400.72727272727275,11.0,1125.1272727272726,550.0909090909091,4570.0,3400,5,5596.0,0.7439824945295405,10588.0,4.74,11.0,116.98181818181816,38.36363636363637,1.038911975821685
edf42,31,English,sentence_audio,active,10728.0,4548.0,505.3333333333333,9.0,914.8666666666666,654.0888888888888,4706.0,4428,4,5736.0,0.9409264768380791,10728.0,3.1077777777777778,9.0,91.22555555555557,31.77777777777778,0.8389261744966443
edf42,32,English,sentence_audio,active,10692.0,4550.0,758.3333333333334,6.0,936.3499999999999,516.0833333333334,4802.0,4656,3,5700.0,0.9695960016659725,10692.0,2.7916666666666674,6.0,76.82666666666667,31.666666666666668,0.5611672278338945
edf42,33,English,sentence_audio,active,11030.0,4458.0,743.0,6.0,918.2499999999999,461.09999999999997,4770.0,4600,5,6038.0,0.9643605870020965,11030.0,3.7116666666666664,6.0,96.255,37.0,0.543970988213962
edf42,34,English,sentence_audio,passive,10738.0,4470.0,406.3636363636364,11.0,907.6727272727272,655.0272727272727,4666.0,4666,3,5746.0,1.0,10738.0,2.7054545454545456,11.0,76.86363636363636,29.636363636363637,1.0243993294840752
edf42,35,English,sentence_audio,passive,10238.0,4418.0,490.8888888888889,9.0,1006.4111111111112,579.0999999999999,4674.0,4674,5,5246.0,1.0,10238.0,3.602222222222222,9.0,93.31222222222225,35.333333333333336,0.8790779449111155
edf42,36,English,sentence_audio,passive,10778.0,4438.0,369.8333333333333,12.0,861.9166666666665,511.6833333333334,4599.0,4361,4,5785.0,0.9482496194824962,10778.0,3.1199999999999997,12.0,84.805,32.833333333333336,1.1133791055854518
edf42,4,,free_viewing,,5662.0,4446.0,444.6,10.0,910.29,385.61,4648.0,4198,5,670.0,0.903184165232358,5662.0,3.2979999999999996,10.0,89.013,34.4,1.7661603673613564
edf42,5,,free_viewing,,5886.0,4524.0,646.2857142857143,7.0,931.0000000000001,565.7714285714285,4772.0,4772,5,894.0,1.0,5886.0,3.3757142857142854,7.0,91.58571428571429,31.428571428571427,1.1892626571525653
edf42,6,,free_viewing,,6091.0,4228.0,325.2307692307692,13.0,899.9692307692308,563.5230769230768,4471.0,4231,6,1099.0,0.9463207336166406,6091.0,4.598571428571428,14.0,111.38999999999999,38.0,2.298473157117058
edf42,7,,free_viewing,,5948.0,4362.0,436.2,10.0,932.8999999999999,617.77,4612.0,4404,5,956.0,0.9549002601908065,5948.0,4.32,10.0,104.23000000000002,38.0,1.6812373907195695
edf42,8,,free_viewing,,5785.0,4351.0,362.5833333333333,12.0,813.2083333333334,560.3166666666666,4557.0,4557,5,792.0,1.0,5785.0,3.829166666666667,12.0,96.72416666666668,36.333333333333336,2.0743301642178045
edf42,9,,free_viewing,,5815.0,4387.0,337.46153846153845,13.0,1028.9461538461537,471.0076923076923,4539.0,4179,5,1002.0,0.9206873760740251,5815.0,4.159230769230769,13.0,101.03769230769231,34.92307692307692,2.2355975924333618
edf43,1,,free_viewing,,5907.0,4333.0,309.5,14.0,934.7000000000002,500.7785714285714,4596.0,4596,7,917.0,1.0,5907.0,2.345,14.0,75.2707142857143,28.142857142857142,2.3700694091755543
edf43,10,,free_viewing,,5966.0,4482.0,560.25,8.0,875.6750000000001,645.8375,4714.0,2966,5,974.0,0.6291896478574459,5966.0,3.6375,8.0,94.80250000000001,34.75,1.340931947703654
edf43,11,,free_viewing,,6057.0,3970.0,283.57142857142856,14.0,1052.1785714285713,499.0499999999999,4250.0,3820,4,1372.0,0.8988235294117647,6057.0,4.566000000000001,15.0,124.19533333333334,50.666666666666664,2.476473501733531
edf43,12,,free_viewing,,5646.0,3994.0,210.21052631578948,19.0,1024.4473684210525,518.8421052631579,4247.0,3190,10,934.0,0.7511184365434425,5646.0,4.251052631578948,19.0,100.75368421052633,39.26315789473684,3.365214311016649
edf43,13,,free_viewing,,5824.0,4460.0,405.45454545454544,11.0,988.1,409.50909090909096,4704.0,4538,3,832.0,0.9647108843537415,5824.0,2.0072727272727273,11.0,62.62272727272727,26.181818181818183,1.8887362637362637
edf43,14,,free_viewing,,5903.0,4221.0,248.2941176470588,17.0,887.6117647058825,493.1,4455.0,3377,7,910.0,0.7580246913580246,5903.0,2.802941176470588,17.0,78.83647058823531,31.647058823529413,2.8798915805522616
edf43,15,,free_viewing,,6089.0,4195.0,246.76470588235293,17.0,878.3941176470589,488.75882352941176,4464.0,4152,5,1097.0,0.9301075268817204,6089.0,2.8176470588235287,17.0,80.90294117647059,31.058823529411764,2.7919198554770897
edf43,16,,free_viewing,,5904.0,4136.0,295.42857142857144,14.0,966.9285714285716,723.4357142857142,4309.0,4136,4,1116.0,0.9598514736597819,5904.0,3.485714285714286,14.0,107.61642857142859,48.857142857142854,2.3712737127371275
edf43,17,,free_viewing,,5962.0,3940.0,246.25,16.0,890.3124999999999,605.2125,4235.0,4019,8,969.0,0.9489964580873672,5962.0,3.656875,16.0,130.96375,47.375,2.6836632002683665
edf43,18,,free_viewing,,5738.0,4246.0,386.0,11.0,856.2545454545456,650.0363636363637,4408.0,3476,4,1152.0,0.7885662431941923,5738.0,3.2709090909090914,11.0,114.91727272727275,53.09090909090909,1.9170442662948761
edf43,19,Punjabi,sentence_audio,active,10289.0,4295.0,252.64705882352942,17.0,863.0823529411764,523.2235294117647,4482.0,3977,6,5516.0,0.8873270861222669,10289.0,2.618823529411765,17.0,77.21588235294116,30.0,1.6522499757022062
edf43,2,,free_viewing,,6041.0,4207.0,300.5,14.0,963.7285714285715,561.4714285714286,4532.0,4532,5,1049.0,1.0,6041.0,3.089285714285715,14.0,85.80142857142856,32.857142857142854,2.317497103128621
edf43,20,Punjabi,sentence_audio,active,11156.0,4142.0,295.85714285714283,14.0,919.9999999999999,493.55,4440.0,4242,12,6164.0,0.9554054054054054,11156.0,1.8314285714285714,14.0,96.4242857142857,39.42857142857143,1.254930082466834
edf43,21,Punjabi,sentence_audio,active,10209.0,4197.0,381.54545454545456,11.0,933.0636363636364,517.6999999999999,4385.0,4385,5,5340.0,1.0,10209.0,1.7250000000000003,12.0,124.4525,62.666666666666664,1.175433441081399
edf43,22,Punjabi,sentence_audio,passive,10710.0,4438.0,369.8333333333333,12.0,882.4250000000001,705.1666666666666,4620.0,3068,6,5718.0,0.664069264069264,10710.0,2.845,12.0,85.58749999999999,31.0,1.1204481792717087
edf43,23,Punjabi,sentence_audio,passive,10331.0,4491.0,374.25,12.0,827.9583333333334,599.35,4560.0,3490,6,5339.0,0.7653508771929824,10331.0,4.104166666666667,12.0,99.35333333333331,36.0,1.161552608653567
edf43,24,Punjabi,sentence_audio,passive,11114.0,4144.0,414.4,10.0,875.8100000000001,546.4999999999999,4391.0,4391,5,6121.0,1.0,11114.0,3.825,10.0,123.024,60.2,0.8997660608241856
edf43,25,Punjabi,sentence_audio,passive_dropped_agent,10239.0,4683.0,1561.0,3.0,765.3000000000001,714.0666666666666,4906.0,4683,1,5502.0,0.9545454545454546,10239.0,2.0966666666666667,3.0,73.08,28.666666666666668,0.29299736302373275
edf43,26,Punjabi,sentence_audio,passive_dropped_agent,10290.0,4172.0,219.57894736842104,19.0,1069.0210526315789,520.2105263157895,4383.0,2574,6,5540.0,0.5872689938398358,10290.0,2.6870000000000003,20.0,79.048,31.4,1.9436345966958213
edf43,27,Punjabi,sentence_audio,passive_dropped_agent,10248.0,4418.0,1472.6666666666667,3.0,878.7666666666668,485.8333333333333,4904.0,4904,3,5256.0,1.0,10248.0,2.6233333333333335,3.0,81.34333333333333,29.333333333333332,0.2927400468384075
edf43,28,English,sentence_audio,active,10758.0,4390.0,487.77777777777777,9.0,1000.3222222222224,494.6555555555555,4616.0,4422,8,5766.0,0.9579722703639515,10758.0,3.503333333333333,9.0,83.84555555555556,41.77777777777778,0.8365867261572784
edf43,29,English,sentence_audio,active,10258.0,4434.0,295.6,15.0,895.2466666666667,598.64,4500.0,4290,8,5266.0,0.9533333333333334,10258.0,3.4033333333333338,15.0,90.28933333333333,32.8,1.4622733476311174
edf43,3,,free_viewing,,5983.0,4217.0,263.5625,16.0,939.31875,728.0125,4383.0,3228,6,990.0,0.7364818617385352,5983.0,4.478125,16.0,98.70000000000002,38.125,2.674243690456293
edf43,30,English,sentence_audio,active,10349.0,4265.0,284.3333333333333,15.0,1104.533333333333,457.4266666666667,4469.0,3562,3,5588.0,0.797046319087044,10349.0,3.3966666666666665,15.0,90.33066666666667,34.93333333333333,1.4494154024543433
edf43,31,English,sentence_audio,passive,10684.0,4268.0,1067.0,4.0,860.625,776.8,4645.0,1433,2,5691.0,0.3085037674919268,10684.0,3.0500000000000003,4.0,158.09250000000003,87.0,0.3743916136278548
edf43,32,English,sentence_audio,passive,11001.0,4231.0,325.46153846153845,13.0,919.9692307692308,694.5615384615384,4402.0,3941,5,6218.0,0.8952748750567924,11001.0,2.5576923076923075,13.0,100.83692307692307,45.38461538461539,1.1817107535678575
edf43,33,English,sentence_audio,passive,10894.0,4774.0,4774.0,1.0,933.6,614.4,4968.0,4968,1,5902.0,1.0,10894.0,1.31,1.0,53.48,24.0,0.09179364787956673
edf43,34,English,sentence_audio,passive_dropped_agent,10717.0,1773.0,443.25,4.0,940.1,637.7,4875.0,1773,1,8872.0,0.3636923076923077,10717.0,2.475,4.0,71.6775,29.5,0.373238779509191
edf43,35,English,sentence_audio,passive_dropped_agent,10815.0,4413.0,315.2142857142857,14.0,1001.1857142857142,531.1999999999999,4591.0,4457,7,5822.0,0.9708124591592245,10815.0,2.293571428571429,14.0,73.875,28.714285714285715,1.2944983818770228
edf43,36,English,sentence_audio,passive_dropped_agent,11130.0,4344.0,310.2857142857143,14.0,847.0785714285715,507.0214285714286,4558.0,4114,8,6138.0,0.90258885476086,11130.0,2.510714285714286,14.0,72.59857142857143,31.0,1.2578616352201257
edf43,4,,free_viewing,,5737.0,4061.0,253.8125,16.0,885.3374999999999,609.00625,4249.0,2929,5,962.0,0.6893386679218639,5737.0,3.3018750000000003,16.0,110.13499999999999,46.5,2.788914066585323
edf43,5,,free_viewing,,5941.0,4403.0,366.9166666666667,12.0,962.8916666666665,513.1166666666667,4592.0,4438,6,949.0,0.9664634146341463,5941.0,3.316666666666667,12.0,89.80499999999999,33.333333333333336,2.0198619760983
edf43,6,,free_viewing,,5830.0,4234.0,352.8333333333333,12.0,936.0500000000001,555.0916666666666,4494.0,4092,5,838.0,0.910547396528705,5830.0,2.6425,12.0,112.19416666666666,41.5,2.058319039451115
edf43,7,,free_viewing,,6041.0,4425.0,442.5,10.0,823.5899999999999,529.5699999999999,4691.0,4691,6,1048.0,1.0,6041.0,2.7410000000000005,10.0,83.651,30.2,1.6553550736633007
edf43,8,,free_viewing,,6045.0,4215.0,247.94117647058823,17.0,1026.1117647058825,700.4823529411763,4452.0,4452,3,1053.0,1.0,6045.0,3.047647058823529,17.0,81.97235294117648,31.764705882352942,2.812241521918941
edf43,9,,free_viewing,,5676.0,4218.0,234.33333333333334,18.0,853.7888888888889,556.9499999999999,4394.0,3946,7,684.0,0.8980427856167501,5676.0,3.287222222222222,18.0,88.30944444444444,33.22222222222222,3.171247357293869
edf44,1,,free_viewing,,5695.0,4173.0,278.2,15.0,982.7933333333334,556.2933333333333,4394.0,2603,7,964.0,0.5923987255348202,5695.0,4.5120000000000005,15.0,105.20266666666666,39.733333333333334,2.633889376646181
edf44,10,,free_viewing,,5798.0,4324.0,270.25,16.0,899.1750000000001,522.1375,4499.0,4499,4,805.0,1.0,5798.0,2.6912499999999997,16.0,79.16250000000001,30.875,2.759572266298724
edf44,11,,free_viewing,,6112.0,4106.0,186.63636363636363,22.0,930.7045454545455,543.6181818181817,4274.0,3746,7,1318.0,0.8764623303696771,6112.0,3.0195652173913046,23.0,83.36,32.0,3.763089005235602
edf44,12,,free_viewing,,6103.0,4273.0,267.0625,16.0,944.3625,560.1937499999999,4523.0,4523,3,1110.0,1.0,6103.0,1.7375,16.0,64.069375,29.375,2.6216614779616583
edf44,13,,free_viewing,,5887.0,4161.0,208.05,20.0,912.9800000000001,572.03,4401.0,2847,7,894.0,0.6468984321745058,5887.0,2.3754999999999997,20.0,73.74900000000001,29.6,3.397316120264991
edf44,14,,free_viewing,,6064.0,4182.0,232.33333333333334,18.0,830.7055555555555,697.55,4328.0,2954,6,1072.0,0.6825323475046211,6064.0,3.8772222222222217,18.0,96.6511111111111,36.888888888888886,2.9683377308707124
edf44,15,,free_viewing,,5945.0,4281.0,225.31578947368422,19.0,937.2105263157895,571.2263157894737,4434.0,3039,3,1148.0,0.6853856562922869,5945.0,2.5278947368421054,19.0,73.39789473684212,29.36842105263158,3.1959629941126995
edf44,16,,free_viewing,,6054.0,3974.0,172.7826086956522,23.0,958.2695652173912,587.2347826086956,4134.0,3766,9,1062.0,0.9109820996613449,6054.0,4.184782608695654,23.0,101.73652173913042,37.30434782608695,3.799141063759498
edf44,17,,free_viewing,,5962.0,4148.0,207.4,20.0,907.6550000000001,513.7250000000001,4312.0,4080,3,970.0,0.9461966604823747,5962.0,3.4715000000000003,20.0,93.19699999999999,34.0,3.354579000335458
edf44,18,,free_viewing,,5783.0,4175.0,278.3333333333333,15.0,970.4533333333331,553.4600000000002,4411.0,4411,4,792.0,1.0,5783.0,3.851333333333334,15.0,97.16600000000001,38.666666666666664,2.593809441466367
edf44,19,Punjabi,sentence_audio,passive,11080.0,4234.0,235.22222222222223,18.0,859.638888888889,528.5333333333333,4386.0,3978,6,6282.0,0.9069767441860465,11080.0,2.78,18.0,78.23555555555555,33.666666666666664,1.6245487364620939
edf44,2,,free_viewing,,5838.0,4390.0,399.09090909090907,11.0,831.8727272727273,506.4545454545454,4591.0,4591,7,845.0,1.0,5838.0,4.094545454545455,11.0,97.21636363636365,36.54545454545455,1.8842069201781433
edf44,20,Punjabi,sentence_audio,passive,10801.0,4425.0,368.75,12.0,849.5083333333332,474.8166666666666,4588.0,4588,4,5809.0,1.0,10801.0,2.131666666666667,12.0,97.94916666666666,33.666666666666664,1.1110082399777799
edf44,21,Punjabi,sentence_audio,passive,10560.0,4444.0,493.77777777777777,9.0,925.3888888888889,546.611111111111,4656.0,4656,3,5568.0,1.0,10560.0,2.308888888888889,9.0,90.48555555555555,37.333333333333336,0.8522727272727272
edf44,22,Punjabi,sentence_audio,passive_dropped_agent,11035.0,4329.0,254.64705882352942,17.0,938.3411764705882,706.7470588235294,4485.0,1823,5,6042.0,0.4064659977703456,11035.0,2.6264705882352937,17.0,76.90411764705884,29.88235294117647,1.5405527865881286
edf44,23,Punjabi,sentence_audio,passive_dropped_agent,10662.0,4114.0,187.0,22.0,963.3909090909091,785.4636363636363,4253.0,3723,4,5669.0,0.8753820832353633,10662.0,3.110454545454546,22.0,84.65545454545455,33.63636363636363,2.0634027386981804
edf44,24,Punjabi,sentence_audio,passive_dropped_agent,11089.0,4423.0,276.4375,16.0,944.5875000000001,499.55,4450.0,3420,5,6097.0,0.7685393258426966,11089.0,3.075,16.0,85.341875,33.875,1.4428713139146903
edf44,25,English,sentence_audio,active,10997.0,3997.0,181.6818181818182,22.0,869.168181818182,599.4090909090911,4230.0,2981,7,6005.0,0.7047281323877068,10997.0,3.6486363636363635,22.0,93.51181818181821,34.63636363636363,2.0005456033463673
edf44,26,English,sentence_audio,active,10422.0,4060.0,203.0,20.0,1013.6000000000001,580.7,4274.0,3078,5,5682.0,0.7201684604585868,10422.0,3.6119999999999997,20.0,92.94250000000002,35.9,1.9190174630589136
edf44,27,English,sentence_audio,active,10620.0,4230.0,264.375,16.0,782.9812499999999,471.8375,4490.0,4210,4,5628.0,0.9376391982182628,10620.0,2.215625,16.0,71.68624999999999,31.375,1.5065913370998119
edf44,28,English,sentence_audio,passive,10808.0,4054.0,337.8333333333333,12.0,917.2916666666665,456.0166666666667,4575.0,4575,3,5815.0,1.0,10808.0,2.56,12.0,114.05333333333333,34.833333333333336,1.1102886750555145
edf44,29,English,sentence_audio,passive,10368.0,3934.0,218.55555555555554,18.0,890.2222222222223,647.1555555555555,4193.0,3747,7,5375.0,0.8936322442165514,10368.0,4.597894736842107,19.0,128.5542105263158,43.05263157894737,1.8325617283950617
edf44,3,,free_viewing,,5704.0,4188.0,380.72727272727275,11.0,927.8181818181819,457.9363636363636,4379.0,4237,4,711.0,0.9675725051381594,5704.0,1.918181818181818,11.0,210.1409090909091,55.81818181818182,1.9284712482468445
edf44,30,English,sentence_audio,passive,11149.0,4485.0,407.72727272727275,11.0,960.4090909090909,485.2181818181818,4654.0,4485,4,6358.0,0.9636871508379888,11149.0,2.621818181818182,11.0,74.05545454545455,30.727272727272727,0.986635572697103
edf44,31,English,sentence_audio,passive_dropped_agent,10419.0,4349.0,395.3636363636364,11.0,940.7818181818183,735.9727272727273,4519.0,4489,4,5426.0,0.9933613631334366,10419.0,2.499090909090909,11.0,169.64,43.09090909090909,1.0557635089739899
edf44,32,English,sentence_audio,passive_dropped_agent,10910.0,4350.0,255.88235294117646,17.0,929.1764705882352,615.6941176470588,4505.0,3590,5,6114.0,0.7968923418423973,10910.0,2.2088235294117644,17.0,68.83705882352942,28.705882352941178,1.5582034830430798
edf44,33,English,sentence_audio,passive_dropped_agent,10532.0,4402.0,440.2,10.0,904.7099999999998,554.08,4639.0,4425,4,5539.0,0.9538693683983617,10532.0,2.8545454545454545,11.0,81.40909090909092,33.81818181818182,1.044436004557539
edf44,34,Punjabi,sentence_audio,active,10923.0,4490.0,449.0,10.0,944.5799999999999,547.28,4676.0,4676,4,5932.0,1.0,10923.0,2.7245454545454546,11.0,80.73818181818181,30.363636363636363,1.0070493454179255
edf44,35,Punjabi,sentence_audio,active,10689.0,4313.0,431.3,10.0,927.9,503.34,4549.0,4313,4,5968.0,0.9481204660364916,10689.0,2.939,10.0,86.91900000000001,44.4,0.9355412105903265
edf44,36,Punjabi,sentence_audio,active,10738.0,4134.0,217.57894736842104,19.0,871.0105263157895,495.63157894736844,4283.0,4283,7,5745.0,1.0,10738.0,3.7979999999999996,20.0,93.8875,36.1,1.8625442354255914
edf44,4,,free_viewing,,5762.0,4296.0,358.0,12.0,953.6833333333333,761.9749999999999,4572.0,4154,4,1098.0,0.9085739282589677,5762.0,3.68,12.0,93.19500000000001,35.0,2.0826102047900035
edf44,5,,free_viewing,,5667.0,4251.0,265.6875,16.0,977.3624999999998,489.56249999999994,4461.0,3973,7,674.0,0.8906074871105133,5667.0,3.0393749999999997,16.0,83.83437500000001,33.25,2.823363331568731
edf44,6,,free_viewing,,5641.0,4429.0,402.6363636363636,11.0,928.1272727272727,569.1818181818181,4663.0,4233,6,648.0,0.9077846879691186,5641.0,2.5672727272727274,11.0,74.89181818181818,30.0,1.950008863676653
edf44,7,,free_viewing,,6055.0,4384.0,548.0,8.0,963.25,546.875,4774.0,4384,4,1478.0,0.9183074989526603,6055.0,1.9233333333333331,9.0,65.64888888888888,26.444444444444443,1.4863748967795212
edf44,8,,free_viewing,,6088.0,4452.0,342.46153846153845,13.0,906.2153846153847,674.0461538461537,4665.0,3491,5,1095.0,0.7483386923901393,6088.0,1.7946153846153847,13.0,63.151538461538465,25.23076923076923,2.135348226018397
edf44,9,,free_viewing,,5901.0,4091.0,215.31578947368422,19.0,875.9736842105264,576.4947368421052,4339.0,3353,5,908.0,0.7727587001613275,5901.0,3.443157894736842,19.0,91.8015789473684,34.421052631578945,3.219793255380444
edf45,1,,free_viewing,,6047.0,4178.0,261.125,16.0,993.3812500000001,453.70624999999995,4428.0,3816,9,1056.0,0.8617886178861789,6047.0,2.926470588235295,17.0,82.15588235294118,33.05882352941177,2.811311394079709
edf45,10,,free_viewing,,6040.0,4344.0,310.2857142857143,14.0,1004.7214285714284,513.6714285714285,4572.0,4572,5,1048.0,1.0,6040.0,2.4999999999999996,14.0,72.82857142857142,30.0,2.3178807947019866
edf45,11,,free_viewing,,5810.0,4254.0,303.85714285714283,14.0,980.8000000000001,555.2071428571428,4561.0,4561,3,817.0,1.0,5810.0,2.3671428571428565,14.0,72.2357142857143,30.857142857142858,2.4096385542168677
edf45,12,,free_viewing,,5773.0,4181.0,220.05263157894737,19.0,976.5421052631581,617.1315789473684,4401.0,2389,4,1036.0,0.5428311747330152,5773.0,2.5152631578947373,19.0,75.25315789473684,31.157894736842106,3.2911830937121085
edf45,13,,free_viewing,,5726.0,4086.0,240.35294117647058,17.0,914.7529411764706,518.8941176470589,4341.0,4341,9,733.0,1.0,5726.0,3.4870588235294124,17.0,110.11500000000001,37.0,2.9689137268599373
edf45,14,,free_viewing,,5683.0,4145.0,207.25,20.0,930.8699999999999,551.9649999999999,4388.0,3534,5,691.0,0.8053783044667274,5683.0,2.2640000000000002,20.0,71.56200000000001,30.2,3.5192679922576104
edf45,15,,free_viewing,,5870.0,4266.0,250.94117647058823,17.0,1075.5,528.3823529411765,4436.0,3618,4,1076.0,0.8155996393146979,5870.0,2.9376470588235293,17.0,82.89823529411765,32.705882352941174,2.8960817717206133
edf45,16,,free_viewing,,5762.0,4074.0,271.6,15.0,1009.4066666666666,598.9399999999999,4370.0,4242,3,880.0,0.9707093821510298,5762.0,2.988125,16.0,122.19,41.25,2.7768136063866713
edf45,17,,free_viewing,,5977.0,4203.0,280.2,15.0,962.74,672.9733333333334,4515.0,4515,5,984.0,1.0,5977.0,2.7526666666666673,15.0,82.14066666666666,31.866666666666667,2.5096202108080976
edf45,18,,free_viewing,,6048.0,4036.0,212.42105263157896,19.0,1004.4736842105261,530.9578947368421,4331.0,4331,6,1055.0,1.0,6048.0,3.0847368421052628,19.0,83.88052631578948,34.8421052631579,3.1415343915343916
edf45,19,Punjabi,sentence_audio,passive_dropped_agent,10237.0,4211.0,350.9166666666667,12.0,895.9249999999998,509.4416666666666,4418.0,2615,7,5488.0,0.591896785875962,10237.0,3.0850000000000004,12.0,99.325,47.833333333333336,1.1722184233662205
edf45,2,,free_viewing,,6099.0,4387.0,438.7,10.0,1113.75,590.89,4611.0,3947,4,1360.0,0.8559965300368684,6099.0,3.629,10.0,92.102,38.2,1.6396130513198885
edf45,20,Punjabi,sentence_audio,passive_dropped_agent,11028.0,4048.0,224.88888888888889,18.0,923.8777777777777,507.23888888888894,4334.0,4148,9,6036.0,0.9570835256114444,11028.0,2.4894444444444437,18.0,102.54166666666664,36.55555555555556,1.6322089227421108
edf45,21,Punjabi,sentence_audio,passive_dropped_agent,10330.0,4478.0,639.7142857142857,7.0,939.2571428571429,595.0142857142857,4678.0,4678,1,5338.0,1.0,10330.0,1.135714285714286,7.0,74.89857142857143,44.857142857142854,0.6776379477250726
edf45,22,English,sentence_audio,active,10192.0,4326.0,360.5,12.0,929.2833333333334,664.925,4491.0,3533,5,5199.0,0.7866844800712536,10192.0,2.3033333333333332,12.0,95.09583333333335,41.833333333333336,1.1773940345368916
edf45,23,English,sentence_audio,active,11038.0,4276.0,267.25,16.0,1030.05,625.1249999999999,4467.0,4249,4,6045.0,0.9511976718155362,11038.0,2.95625,16.0,82.635625,32.875,1.4495379597753215
edf45,24,English,sentence_audio,active,10913.0,3863.0,227.23529411764707,17.0,960.0,452.1705882352941,4068.0,4068,6,5921.0,1.0,10913.0,3.671176470588235,17.0,166.60882352941175,54.35294117647059,1.5577751305782095
edf45,25,English,sentence_audio,passive,10861.0,4382.0,313.0,14.0,853.342857142857,635.5642857142858,4396.0,3644,3,6136.0,0.8289353958143767,10861.0,2.667333333333333,15.0,118.39466666666665,41.06666666666667,1.3810882975784917
edf45,26,English,sentence_audio,passive,10284.0,4038.0,269.2,15.0,992.44,470.8066666666667,4255.0,3708,4,5532.0,0.8714453584018801,10284.0,2.8499999999999996,16.0,130.66062499999998,46.875,1.555814858031894
edf45,27,English,sentence_audio,passive,11052.0,4412.0,401.09090909090907,11.0,926.3636363636364,514.8454545454545,4685.0,4685,4,6061.0,1.0,11052.0,2.002727272727273,11.0,64.1709090909091,27.818181818181817,0.9952949692363373
edf45,28,English,sentence_audio,passive_dropped_agent,10723.0,4115.0,274.3333333333333,15.0,992.5333333333333,445.44,4331.0,3965,7,5730.0,0.9154929577464789,10723.0,3.1326666666666663,15.0,106.03466666666668,44.13333333333333,1.3988622586962602
edf45,29,English,sentence_audio,passive_dropped_agent,10783.0,4150.0,319.2307692307692,13.0,839.2538461538462,541.8307692307691,4371.0,3763,6,5791.0,0.8609013955616563,10783.0,3.3228571428571425,14.0,106.92142857142858,45.714285714285715,1.2983399795975146
edf45,3,,free_viewing,,5819.0,4311.0,331.61538461538464,13.0,1005.2538461538462,609.223076923077,4556.0,4556,4,827.0,1.0,5819.0,3.3015384615384615,13.0,89.3546153846154,33.53846153846154,2.234060835195051
edf45,30,English,sentence_audio,passive_dropped_agent,10178.0,4180.0,298.57142857142856,14.0,1105.357142857143,491.60714285714295,4373.0,4180,4,5422.0,0.9558655385319003,10178.0,3.0585714285714287,14.0,95.01714285714286,44.142857142857146,1.3755158184319118
edf45,31,Punjabi,sentence_audio,active,10311.0,4537.0,453.7,10.0,951.25,686.96,4687.0,3789,5,5318.0,0.8084062299978665,10311.0,2.52,10.0,78.26,30.6,0.969838037047813
edf45,32,Punjabi,sentence_audio,active,10438.0,4186.0,279.06666666666666,15.0,983.9,678.4133333333333,4368.0,4180,6,5446.0,0.956959706959707,10438.0,2.8139999999999996,15.0,103.72000000000001,41.6,1.437056907453535
edf45,33,Punjabi,sentence_audio,active,10968.0,4300.0,358.3333333333333,12.0,924.4666666666666,524.9833333333333,4474.0,4276,7,5976.0,0.9557443004023245,10968.0,2.614166666666667,12.0,113.24500000000002,43.166666666666664,1.0940919037199124
edf45,34,Punjabi,sentence_audio,passive,11112.0,4042.0,269.46666666666664,15.0,962.9666666666666,585.8133333333334,4252.0,4200,4,6120.0,0.9877704609595485,11112.0,2.484,15.0,92.18266666666665,49.333333333333336,1.349892008639309
edf45,35,Punjabi,sentence_audio,passive,10236.0,4258.0,354.8333333333333,12.0,1031.2916666666667,616.85,4437.0,3850,6,5464.0,0.8677034032003607,10236.0,3.0583333333333336,12.0,91.51583333333333,46.333333333333336,1.1723329425556857
edf45,36,Punjabi,sentence_audio,passive,10834.0,4240.0,201.9047619047619,21.0,930.9809523809523,556.7952380952382,4260.0,3912,9,5884.0,0.9183098591549296,10834.0,3.4890476190476187,21.0,90.76142857142857,34.857142857142854,1.9383422558611778
edf45,4,,free_viewing,,6066.0,4260.0,355.0,12.0,1011.2583333333333,700.125,4414.0,3588,5,1074.0,0.8128681468056185,6066.0,3.397500000000001,12.0,139.32416666666666,48.166666666666664,1.9782393669634026
edf45,5,,free_viewing,,5753.0,4184.0,278.93333333333334,15.0,925.5,571.3733333333333,4446.0,4118,3,762.0,0.926225820962663,5753.0,3.274375,16.0,84.56625,35.25,2.781157656874674
edf45,6,,free_viewing,,5848.0,3950.0,197.5,20.0,909.525,609.3500000000001,4224.0,2984,5,928.0,0.7064393939393939,5848.0,3.156666666666667,21.0,114.06238095238098,39.80952380952381,3.5909712722298224
edf45,7,,free_viewing,,5937.0,4193.0,279.53333333333336,15.0,1003.1733333333333,532.0733333333333,4424.0,3622,7,945.0,0.8187160940325497,5937.0,3.9093333333333335,15.0,97.68666666666668,37.86666666666667,2.526528549772612
edf45,8,,free_viewing,,6032.0,4216.0,263.5,16.0,954.4437499999999,710.8374999999999,4430.0,2144,3,1038.0,0.48397291196388265,6032.0,3.4117647058823524,17.0,89.17882352941176,34.23529411764706,2.8183023872679045
edf45,9,,free_viewing,,5914.0,4390.0,399.09090909090907,11.0,948.8999999999997,542.1999999999999,4610.0,4264,5,922.0,0.924945770065076,5914.0,2.9736363636363636,11.0,80.03818181818181,34.72727272727273,1.8599932363882314
edf46,1,,free_viewing,,6133.0,3518.0,234.53333333333333,15.0,914.74,469.1066666666666,3772.0,3558,7,1138.0,0.9432661717921527,6133.0,4.75,16.0,152.475625,76.375,2.6088374368172182
edf46,10,,free_viewing,,6050.0,3978.0,209.3684210526316,19.0,976.0210526315789,677.3315789473685,4140.0,1958,6,1142.0,0.47294685990338164,6050.0,4.63,20.0,112.90950000000001,47.0,3.3057851239669422
edf46,11,,free_viewing,,6063.0,4095.0,255.9375,16.0,1016.9187499999998,555.9875000000001,4146.0,4146,5,1071.0,1.0,6063.0,4.093125,16.0,114.458125,52.875,2.6389576117433613
edf46,12,,free_viewing,,6025.0,4317.0,269.8125,16.0,979.2625000000002,476.29374999999993,4436.0,4317,5,1206.0,0.9731740306582507,6025.0,3.3693749999999993,16.0,85.53625000000001,34.75,2.6556016597510372
edf46,13,,free_viewing,,5944.0,4088.0,272.53333333333336,15.0,1040.5933333333335,487.5666666666667,4264.0,3460,7,1176.0,0.8114446529080676,5944.0,4.264,15.0,117.95199999999998,48.53333333333333,2.5235531628532977
edf46,14,,free_viewing,,5978.0,4148.0,230.44444444444446,18.0,908.9388888888888,543.2388888888888,4338.0,4338,7,986.0,1.0,5978.0,3.644444444444444,18.0,91.27888888888887,36.333333333333336,3.0110404817664773
edf46,15,,free_viewing,,5746.0,4196.0,233.11111111111111,18.0,964.4777777777779,719.7666666666665,4261.0,3839,6,753.0,0.9009622154423844,5746.0,2.983888888888889,18.0,92.61666666666667,40.666666666666664,3.132613992342499
edf46,16,,free_viewing,,5913.0,4375.0,243.05555555555554,18.0,911.1000000000001,372.22777777777776,4426.0,4426,4,921.0,1.0,5913.0,2.8699999999999997,18.0,82.4588888888889,31.444444444444443,3.0441400304414
edf46,17,,free_viewing,,5834.0,4542.0,504.6666666666667,9.0,936.7888888888888,784.6333333333333,4579.0,4579,2,841.0,1.0,5834.0,2.635555555555556,9.0,108.36777777777779,46.0,1.5426808364758315
edf46,18,,free_viewing,,5860.0,4298.0,268.625,16.0,862.0125,557.2687500000001,4366.0,3852,7,964.0,0.8822721026110857,5860.0,2.6674999999999995,16.0,95.354375,39.125,2.73037542662116
edf46,19,English,sentence_audio,active,10620.0,3856.0,192.8,20.0,875.4400000000002,549.805,3919.0,2750,8,5992.0,0.7017096198009697,10620.0,3.5215000000000005,20.0,132.39899999999997,53.7,1.8832391713747647
edf46,2,,free_viewing,,5980.0,3786.0,189.3,20.0,969.9100000000001,526.6600000000001,4029.0,2138,7,1276.0,0.5306527674360884,5980.0,3.5955,20.0,123.6405,48.2,3.34448160535117
edf46,20,English,sentence_audio,active,10970.0,4180.0,298.57142857142856,14.0,923.2642857142857,543.7928571428571,4360.0,3946,11,5982.0,0.905045871559633,10970.0,3.244666666666667,15.0,125.22933333333334,51.46666666666667,1.3673655423883317
edf46,21,English,sentence_audio,active,10622.0,4110.0,274.0,15.0,962.3666666666667,517.82,4146.0,4146,7,5630.0,1.0,10622.0,2.4268750000000003,16.0,146.73375000000001,54.0,1.5063076633402372
edf46,22,English,sentence_audio,passive,11090.0,4174.0,245.52941176470588,17.0,923.5235294117647,650.8235294117649,4187.0,2827,6,6097.0,0.6751850967279676,11090.0,4.138823529411764,17.0,114.90058823529412,47.411764705882355,1.532912533814247
edf46,23,English,sentence_audio,passive,10972.0,3928.0,280.57142857142856,14.0,1023.2785714285712,739.9928571428571,4227.0,3857,3,5979.0,0.9124674710196357,10972.0,3.7428571428571433,14.0,112.47642857142857,54.714285714285715,1.2759752096244987
edf46,24,English,sentence_audio,passive,10251.0,3578.0,238.53333333333333,15.0,828.7066666666666,483.52000000000004,3791.0,3791,8,5259.0,1.0,10251.0,4.7,16.0,138.76125,76.25,1.560823334308848
edf46,25,English,sentence_audio,passive_dropped_agent,10305.0,3760.0,221.1764705882353,17.0,859.1058823529412,557.2117647058824,4089.0,3681,9,5313.0,0.9002201027146002,10305.0,3.3261111111111115,18.0,120.22111111111109,51.111111111111114,1.7467248908296944
edf46,26,English,sentence_audio,passive_dropped_agent,10970.0,3956.0,247.25,16.0,1087.6062499999998,480.00625,4224.0,3510,5,6288.0,0.8309659090909091,10970.0,4.471875000000001,16.0,131.9975,48.0,1.4585232452142205
edf46,27,English,sentence_audio,passive_dropped_agent,11062.0,3948.0,246.75,16.0,800.2812499999999,515.8625000000001,4162.0,3394,7,6070.0,0.8154733301297453,11062.0,3.5712499999999996,16.0,123.84437500000001,51.875,1.446393057313325
edf46,28,Punjabi,sentence_audio,active,11049.0,3692.0,230.75,16.0,1053.45625,416.70625,3888.0,3580,7,6428.0,0.9207818930041153,11049.0,4.767647058823529,17.0,128.19823529411764,66.11764705882354,1.538600778350982
edf46,29,Punjabi,sentence_audio,active,10888.0,3982.0,234.23529411764707,17.0,880.3882352941175,489.60588235294114,4037.0,4037,9,5895.0,1.0,10888.0,3.6094117647058823,17.0,146.78941176470587,56.23529411764706,1.5613519470977222
edf46,3,,free_viewing,,5789.0,4059.0,253.6875,16.0,891.2437499999999,587.3249999999999,4222.0,2831,7,797.0,0.6705352913311227,5789.0,2.925625,16.0,124.16375000000001,48.125,2.7638624978407327
edf46,30,Punjabi,sentence_audio,active,10934.0,4126.0,257.875,16.0,1040.95625,468.0375000000001,4298.0,4298,5,5942.0,1.0,10934.0,3.8749999999999996,16.0,113.57,43.375,1.463325406987379
edf46,31,Punjabi,sentence_audio,passive,10538.0,4046.0,252.875,16.0,931.5125,669.5875,4196.0,3164,8,5780.0,0.7540514775977121,10538.0,3.146666666666667,18.0,115.3627777777778,50.77777777777778,1.708104004554944
edf46,32,Punjabi,sentence_audio,passive,10892.0,4260.0,304.2857142857143,14.0,982.892857142857,588.6,4300.0,4260,7,5976.0,0.9906976744186047,10892.0,4.922142857142857,14.0,134.92214285714286,49.42857142857143,1.2853470437017995
edf46,33,Punjabi,sentence_audio,passive,11039.0,4085.0,291.7857142857143,14.0,954.1857142857143,566.1857142857143,4123.0,3257,7,6046.0,0.7899587678874606,11039.0,2.5942857142857143,14.0,139.64357142857145,62.142857142857146,1.2682308180088777
edf46,34,Punjabi,sentence_audio,passive_dropped_agent,10518.0,3704.0,231.5,16.0,966.6999999999999,559.05,3951.0,3951,7,5525.0,1.0,10518.0,2.889375,16.0,172.63125,65.125,1.5212017493820116
edf46,35,Punjabi,sentence_audio,passive_dropped_agent,10403.0,3704.0,284.9230769230769,13.0,993.6692307692308,477.3384615384615,3962.0,3962,7,5410.0,1.0,10403.0,2.7800000000000002,13.0,124.58071428571427,75.0,1.249639527059502
edf46,36,Punjabi,sentence_audio,passive_dropped_agent,10938.0,4098.0,256.125,16.0,962.9312500000001,457.86875000000003,4176.0,4176,5,5946.0,1.0,10938.0,3.3731250000000004,16.0,110.2170588235294,49.1764705882353,1.4627902724446882
edf46,4,,free_viewing,,5784.0,3948.0,232.23529411764707,17.0,962.6823529411764,425.0,4160.0,4160,10,792.0,1.0,5784.0,4.305294117647058,17.0,115.38000000000001,48.94117647058823,2.939142461964039
edf46,5,,free_viewing,,5927.0,3195.0,187.94117647058823,17.0,1015.7411764705884,463.07058823529417,3456.0,3195,10,1222.0,0.9244791666666666,5927.0,3.027058823529412,17.0,184.5611764705882,90.3529411764706,2.8682301332883418
edf46,6,,free_viewing,,5890.0,3548.0,221.75,16.0,849.10625,454.03125,3784.0,3784,13,898.0,1.0,5890.0,2.819375,16.0,128.674375,75.5,2.716468590831919
edf46,7,,free_viewing,,5957.0,4207.0,247.47058823529412,17.0,965.8176470588236,436.4823529411765,4255.0,4083,10,1038.0,0.9595769682726204,5957.0,2.1288235294117643,17.0,112.69882352941177,43.411764705882355,2.8537854624811145
edf46,8,,free_viewing,,5750.0,4056.0,289.7142857142857,14.0,852.8642857142859,514.5714285714286,4114.0,3502,5,964.0,0.8512396694214877,5750.0,3.823571428571429,14.0,135.64357142857142,62.714285714285715,2.4347826086956523
edf46,9,,free_viewing,,5949.0,3775.0,251.66666666666666,15.0,959.7933333333332,509.52000000000004,3983.0,3983,6,1244.0,1.0,5949.0,2.7225,16.0,142.74187500000002,73.125,2.689527651706169
edf47,1,,free_viewing,,6099.0,4294.0,390.3636363636364,11.0,941.2181818181817,454.19090909090914,4657.0,4445,5,1107.0,0.9544771312003436,6099.0,2.3045454545454542,11.0,70.73,30.363636363636363,1.8035743564518774
edf47,10,,free_viewing,,6008.0,4380.0,486.6666666666667,9.0,916.0,470.28888888888895,4659.0,3364,4,1338.0,0.7220433569435502,6008.0,3.656666666666667,9.0,91.78777777777776,37.111111111111114,1.4980026631158456
edf47,11,,free_viewing,,6019.0,4475.0,559.375,8.0,873.6999999999999,529.6,4703.0,3987,3,1292.0,0.8477567510099936,6019.0,3.3175000000000003,8.0,86.2175,36.25,1.3291244392756272
edf47,12,,free_viewing,,6016.0,4396.0,366.3333333333333,12.0,867.7333333333332,579.6083333333332,4438.0,3982,5,1024.0,0.8972510139702569,6016.0,3.6350000000000002,12.0,123.78416666666668,46.166666666666664,1.9946808510638299
edf47,13,,free_viewing,,5749.0,4451.0,1112.75,4.0,1111.4750000000001,353.04999999999995,4826.0,4826,4,757.0,1.0,5749.0,4.6675,4.0,105.1425,41.5,0.6957731779439903
edf47,14,,free_viewing,,5751.0,4309.0,331.46153846153845,13.0,996.2153846153847,652.153846153846,4539.0,4539,7,758.0,1.0,5751.0,3.2492307692307687,13.0,84.18846153846154,34.92307692307692,2.2604764388801946
edf47,15,,free_viewing,,6098.0,4420.0,631.4285714285714,7.0,823.3714285714285,410.37142857142857,4703.0,4703,4,1105.0,1.0,6098.0,4.421428571428572,7.0,97.48714285714287,41.42857142857143,1.1479173499508035
edf47,16,,free_viewing,,6107.0,4465.0,558.125,8.0,933.4250000000001,426.71250000000003,4794.0,3552,2,1462.0,0.7409261576971214,6107.0,1.625,8.0,58.83875,24.75,1.3099721630915342
edf47,17,,free_viewing,,5856.0,4412.0,441.2,10.0,936.4399999999999,484.14,4684.0,4684,1,864.0,1.0,5856.0,1.4720000000000002,10.0,74.712,30.8,1.7076502732240437
edf47,18,,free_viewing,,6014.0,4286.0,476.22222222222223,9.0,1115.3000000000002,357.4888888888888,4562.0,4562,3,1030.0,1.0,6014.0,4.265454545454545,11.0,96.77727272727272,41.45454545454545,1.8290655138011307
edf47,19,English,sentence_audio,passive,10602.0,4262.0,355.1666666666667,12.0,936.725,374.97499999999997,4562.0,4262,6,5956.0,0.9342393686979396,10602.0,3.8325,12.0,93.49000000000001,35.666666666666664,1.1318619128466327
edf47,2,,free_viewing,,6115.0,4275.0,328.84615384615387,13.0,1002.9923076923078,385.7307692307692,4548.0,4275,9,1424.0,0.9399736147757256,6115.0,3.126153846153846,13.0,84.46384615384615,34.15384615384615,2.1259198691741616
edf47,20,English,sentence_audio,passive,10182.0,4342.0,542.75,8.0,953.825,356.79999999999995,4786.0,3326,2,5190.0,0.6949435854575846,10182.0,1.62625,8.0,60.33374999999999,25.75,0.7857002553525829
edf47,21,English,sentence_audio,passive,10342.0,4332.0,481.3333333333333,9.0,992.6333333333332,408.62222222222226,4759.0,3486,5,5804.0,0.7325068291657911,10342.0,1.6733333333333333,9.0,60.395555555555546,26.0,0.8702378650164377
edf47,22,English,sentence_audio,passive_dropped_agent,10720.0,4484.0,498.22222222222223,9.0,962.6555555555557,633.4444444444445,4689.0,3770,4,5962.0,0.8040093836638942,10720.0,2.798888888888889,9.0,77.78888888888888,33.77777777777778,0.8395522388059701
edf47,23,English,sentence_audio,passive_dropped_agent,10617.0,4143.0,460.3333333333333,9.0,1050.3000000000002,380.3111111111112,4511.0,3885,3,5624.0,0.8612281090667258,10617.0,3.9633333333333334,9.0,107.80777777777779,53.55555555555556,0.8476970895733257
edf47,24,English,sentence_audio,passive_dropped_agent,11025.0,4343.0,334.0769230769231,13.0,1008.7769230769231,250.95384615384611,4563.0,3881,5,6046.0,0.8505369274600044,11025.0,2.5321428571428575,14.0,74.75857142857144,30.857142857142858,1.2698412698412698
edf47,25,Punjabi,sentence_audio,active,10865.0,4427.0,442.7,10.0,831.4799999999999,593.39,4659.0,4659,3,5872.0,1.0,10865.0,3.03,10.0,85.178,33.4,0.9203865623561895
edf47,26,Punjabi,sentence_audio,active,10371.0,4514.0,644.8571428571429,7.0,1119.0285714285715,278.5857142857143,4745.0,4745,1,5379.0,1.0,10371.0,1.9671428571428573,7.0,101.715,32.5,0.6749590203451933
edf47,27,Punjabi,sentence_audio,active,10308.0,4276.0,610.8571428571429,7.0,1006.257142857143,458.80000000000007,4748.0,4748,3,5316.0,1.0,10308.0,2.5375,8.0,75.60125,32.0,0.7760962359332557
edf47,28,Punjabi,sentence_audio,passive,10849.0,4459.0,445.9,10.0,1195.0,434.71999999999997,4654.0,4654,3,5857.0,1.0,10849.0,3.104,10.0,87.13300000000001,33.8,0.9217439395335976
edf47,29,Punjabi,sentence_audio,passive,10494.0,4308.0,391.6363636363636,11.0,942.0727272727273,411.3181818181818,4556.0,4556,5,5502.0,1.0,10494.0,3.4545454545454546,11.0,85.26,39.63636363636363,1.0482180293501049
edf47,3,,free_viewing,,6115.0,4171.0,379.1818181818182,11.0,977.1909090909091,369.49999999999994,4524.0,4524,5,1123.0,1.0,6115.0,4.7272727272727275,11.0,107.87909090909089,42.54545454545455,1.7988552739165984
edf47,30,Punjabi,sentence_audio,passive,10327.0,4319.0,359.9166666666667,12.0,1141.8583333333333,288.2666666666667,4600.0,3618,7,5335.0,0.7865217391304348,10327.0,2.7383333333333333,12.0,80.44,32.666666666666664,1.1620025176721216
edf47,31,Punjabi,sentence_audio,passive_dropped_agent,10651.0,4235.0,470.55555555555554,9.0,1040.4888888888888,584.1999999999999,4568.0,3453,3,6034.0,0.7559106830122592,10651.0,2.767777777777778,9.0,98.85111111111112,47.111111111111114,0.8449910806497043
edf47,32,Punjabi,sentence_audio,passive_dropped_agent,10765.0,4551.0,379.25,12.0,1052.25,566.0666666666666,4566.0,4566,5,5773.0,1.0,10765.0,2.9324999999999997,12.0,72.83833333333335,35.5,1.114723641430562
edf47,33,Punjabi,sentence_audio,passive_dropped_agent,10447.0,4271.0,533.875,8.0,955.25,349.93750000000006,4681.0,3154,1,5900.0,0.673787652211066,10447.0,1.84375,8.0,100.275,39.0,0.7657700775342204
edf47,34,English,sentence_audio,active,10571.0,4449.0,556.125,8.0,1010.275,370.35,4696.0,4449,4,5856.0,0.9474020442930153,10571.0,3.602500000000001,8.0,77.91624999999999,37.0,0.7567874373285404
edf47,35,English,sentence_audio,active,10918.0,4592.0,765.3333333333334,6.0,1007.1166666666667,348.4166666666667,4836.0,4836,1,5926.0,1.0,10918.0,1.0985714285714283,7.0,46.348571428571425,24.857142857142858,0.6411430664956952
edf47,36,English,sentence_audio,active,11131.0,4287.0,428.7,10.0,943.9,349.15999999999997,4560.0,4560,5,6139.0,1.0,11131.0,3.3089999999999997,10.0,117.329,43.2,0.898391878537418
edf47,4,,free_viewing,,5719.0,4199.0,349.9166666666667,12.0,1009.2750000000001,507.28333333333336,4507.0,4507,3,726.0,1.0,5719.0,4.048333333333333,12.0,100.19916666666666,40.5,2.098268928134289
edf47,5,,free_viewing,,5816.0,4282.0,389.27272727272725,11.0,924.6727272727271,268.47272727272724,4517.0,3449,7,823.0,0.7635598848793447,5816.0,4.844545454545455,11.0,113.45545454545453,43.27272727272727,1.891334250343879
edf47,6,,free_viewing,,6045.0,4317.0,479.6666666666667,9.0,948.8222222222222,486.8555555555556,4620.0,3841,6,1398.0,0.8313852813852813,6045.0,4.118888888888888,9.0,97.19222222222223,41.333333333333336,1.488833746898263
edf47,7,,free_viewing,,5739.0,4217.0,351.4166666666667,12.0,979.0083333333333,681.85,4525.0,4525,5,760.0,1.0,5739.0,3.976923076923077,13.0,91.64,36.76923076923077,2.2652029970378114
edf47,8,,free_viewing,,6050.0,4568.0,351.38461538461536,13.0,990.7615384615383,397.4307692307692,4592.0,4592,3,1058.0,1.0,6050.0,2.279230769230769,13.0,69.96846153846154,30.76923076923077,2.1487603305785123
edf47,9,,free_viewing,,6067.0,4371.0,624.4285714285714,7.0,951.9,408.9428571428571,4815.0,4815,5,1074.0,1.0,6067.0,1.657142857142857,7.0,65.95,25.428571428571427,1.1537827591890555
edf48,1,,free_viewing,,6122.0,3758.0,417.55555555555554,9.0,915.7333333333333,510.6555555555555,3968.0,3968,5,1420.0,1.0,6122.0,2.648,10.0,215.551,101.4,1.633453119895459
edf48,10,,free_viewing,,5762.0,3484.0,248.85714285714286,14.0,792.2357142857144,615.3357142857142,3606.0,3240,5,1058.0,0.8985024958402662,5762.0,3.2231250000000005,16.0,211.784375,97.25,2.7768136063866713
edf48,11,,free_viewing,,6032.0,3648.0,260.57142857142856,14.0,851.1642857142857,415.0214285714286,3717.0,3104,6,1308.0,0.8350820554210385,6032.0,3.984285714285715,14.0,178.47214285714287,90.85714285714286,2.320954907161804
edf48,12,,free_viewing,,5874.0,3674.0,244.93333333333334,15.0,865.1733333333333,454.3066666666667,3961.0,3652,4,1210.0,0.921989396617016,5874.0,4.3375,16.0,254.14625,65.375,2.7238678924072186
edf48,13,,free_viewing,,5673.0,3633.0,302.75,12.0,883.4083333333332,586.9416666666667,3747.0,2624,6,866.0,0.7002935681878837,5673.0,2.2638461538461536,13.0,175.9815384615385,99.84615384615384,2.2915564956812973
edf48,14,,free_viewing,,6084.0,3648.0,304.0,12.0,1056.0166666666667,501.2833333333333,3820.0,3198,3,1094.0,0.8371727748691099,6084.0,2.780769230769231,13.0,187.10461538461539,91.23076923076923,2.1367521367521367
edf48,15,,free_viewing,,6081.0,3873.0,297.9230769230769,13.0,958.7769230769233,540.2692307692307,4109.0,3715,5,1092.0,0.9041129228522755,6081.0,2.522307692307692,13.0,110.69307692307692,67.6923076923077,2.1378062818615358
edf48,16,,free_viewing,,5979.0,3824.0,347.6363636363636,11.0,870.4090909090909,487.02727272727276,4027.0,3654,6,1220.0,0.9073752172833375,5979.0,3.6483333333333334,12.0,142.42,81.66666666666667,2.007024586051179
edf48,17,,free_viewing,,5825.0,3715.0,232.1875,16.0,965.3124999999999,436.15000000000003,3901.0,3577,3,1112.0,0.9169443732376313,5825.0,2.1852941176470586,17.0,132.53411764705882,77.05882352941177,2.9184549356223175
edf48,18,,free_viewing,,6107.0,3755.0,288.84615384615387,13.0,764.969230769231,618.4307692307693,3975.0,3395,3,1372.0,0.8540880503144654,6107.0,3.088461538461538,13.0,126.44076923076919,78.0,2.1287047650237434
edf48,19,English,sentence_audio,passive_dropped_agent,11101.0,3507.0,269.7692307692308,13.0,759.7153846153846,546.4076923076923,3702.0,3507,7,6344.0,0.9473257698541329,11101.0,3.2930769230769235,13.0,201.4353846153846,98.76923076923077,1.171065669759481
edf48,2,,free_viewing,,6056.0,3724.0,266.0,14.0,922.2142857142857,530.8071428571428,3892.0,3892,3,1186.0,1.0,6056.0,1.8479999999999999,15.0,207.06133333333335,79.73333333333333,2.476882430647292
edf48,20,English,sentence_audio,passive_dropped_agent,11124.0,3366.0,336.6,10.0,833.9400000000002,502.25,3606.0,3366,3,6400.0,0.9334442595673876,11124.0,2.158,10.0,172.25400000000002,138.4,0.8989572096368212
edf48,21,English,sentence_audio,passive_dropped_agent,10925.0,3535.0,392.77777777777777,9.0,894.0111111111113,510.9111111111111,3801.0,3801,5,5972.0,1.0,10925.0,2.1450000000000005,10.0,166.93400000000003,145.0,0.9153318077803203
edf48,22,Punjabi,sentence_audio,active,10997.0,3283.0,298.45454545454544,11.0,822.2363636363639,654.9545454545455,3500.0,1286,4,6488.0,0.36742857142857144,10997.0,1.9518181818181821,11.0,224.05818181818185,135.27272727272728,1.0002728016731837
edf48,23,Punjabi,sentence_audio,active,10568.0,3284.0,298.54545454545456,11.0,826.1090909090909,402.7545454545454,3574.0,2852,5,5620.0,0.7979854504756575,10568.0,2.7116666666666673,12.0,246.85666666666665,136.33333333333334,1.1355034065102196
edf48,24,Punjabi,sentence_audio,active,10953.0,3621.0,241.4,15.0,847.3599999999999,376.59999999999997,3681.0,3018,6,5964.0,0.8198859005704972,10953.0,3.154666666666667,15.0,174.38866666666667,87.2,1.3694878115584772
edf48,25,Punjabi,sentence_audio,passive,10902.0,3520.0,234.66666666666666,15.0,841.2600000000002,605.1399999999999,3748.0,2790,3,6184.0,0.7443970117395945,10902.0,3.2546666666666666,15.0,185.26466666666667,82.53333333333333,1.375894331315355
edf48,26,Punjabi,sentence_audio,passive,10548.0,3458.0,384.22222222222223,9.0,958.8888888888889,354.4666666666667,3536.0,3450,5,5886.0,0.9756787330316742,10548.0,2.7636363636363632,11.0,243.37818181818182,148.0,1.042851725445582
edf48,27,Punjabi,sentence_audio,passive,11060.0,3350.0,304.54545454545456,11.0,846.4818181818181,480.08181818181816,3568.0,3568,4,6134.0,1.0,11060.0,2.22,12.0,151.43999999999997,137.33333333333334,1.0849909584086799
edf48,28,Punjabi,sentence_audio,passive_dropped_agent,10529.0,3351.0,257.7692307692308,13.0,841.7307692307693,432.2153846153846,3483.0,3483,3,5632.0,1.0,10529.0,2.5714285714285716,14.0,188.6357142857143,121.14285714285714,1.3296609364612024
edf48,29,Punjabi,sentence_audio,passive_dropped_agent,10620.0,3598.0,359.8,10.0,749.97,494.39000000000016,3854.0,3598,3,5910.0,0.9335755059678257,10620.0,2.772,10.0,176.46200000000002,113.6,0.9416195856873824
edf48,3,,free_viewing,,5807.0,3543.0,236.2,15.0,901.4666666666667,720.2266666666667,3641.0,2997,5,1012.0,0.8231255149684152,5807.0,2.1462499999999998,16.0,208.441875,91.125,2.755295333218529
edf48,30,Punjabi,sentence_audio,passive_dropped_agent,10528.0,3348.0,304.3636363636364,11.0,796.3727272727273,483.2181818181818,3570.0,3570,1,5540.0,1.0,10528.0,1.9418181818181817,11.0,172.47,128.9090909090909,1.0448328267477203
edf48,31,English,sentence_audio,active,10338.0,3486.0,290.5,12.0,952.3833333333332,726.8583333333332,3594.0,2852,4,5520.0,0.7935447968836951,10338.0,2.4369230769230765,13.0,118.31769230769231,113.23076923076923,1.257496614432192
edf48,32,English,sentence_audio,active,10800.0,3116.0,222.57142857142858,14.0,952.3071428571428,822.0857142857145,3360.0,3116,1,6092.0,0.9273809523809524,10800.0,2.2393333333333336,15.0,144.056,109.86666666666666,1.3888888888888888
edf48,33,English,sentence_audio,active,10781.0,3507.0,389.6666666666667,9.0,856.0777777777778,434.34444444444443,3740.0,3468,4,5791.0,0.9272727272727272,10781.0,2.2288888888888887,9.0,176.72333333333333,138.88888888888889,0.8348019664224098
edf48,34,English,sentence_audio,passive,11114.0,3184.0,289.45454545454544,11.0,912.5818181818183,559.3181818181819,3428.0,3428,4,6344.0,1.0,11114.0,2.884166666666667,12.0,127.98833333333334,131.83333333333334,1.0797192729890228
edf48,35,English,sentence_audio,passive,10592.0,3338.0,222.53333333333333,15.0,959.0666666666668,573.1,3382.0,3264,5,5602.0,0.9651094027202839,10592.0,4.564375,16.0,147.059375,101.5,1.510574018126888
edf48,36,English,sentence_audio,passive,10851.0,3383.0,260.2307692307692,13.0,780.553846153846,478.61538461538464,3635.0,3383,3,6146.0,0.9306740027510316,10851.0,2.2038461538461536,13.0,147.61923076923077,104.3076923076923,1.1980462630172333
edf48,4,,free_viewing,,5715.0,3807.0,317.25,12.0,841.4416666666666,473.4083333333333,4017.0,4017,5,726.0,1.0,5715.0,2.4525,12.0,127.3225,81.0,2.099737532808399
edf48,5,,free_viewing,,6148.0,3726.0,232.875,16.0,844.8562499999999,449.425,3915.0,3012,6,1386.0,0.7693486590038314,6148.0,2.450625,16.0,157.2625,67.125,2.602472348731295
edf48,6,,free_viewing,,6059.0,3603.0,300.25,12.0,887.7083333333335,713.2916666666666,3854.0,2107,6,1344.0,0.5467047223663726,6059.0,2.5208333333333335,12.0,199.22916666666663,94.66666666666667,1.9805248390823569
edf48,7,,free_viewing,,5801.0,3755.0,341.3636363636364,11.0,890.2363636363636,468.39090909090913,3969.0,3357,4,908.0,0.8458049886621315,5801.0,1.7125000000000001,12.0,194.995,98.83333333333333,2.068608860541286
edf48,8,,free_viewing,,5726.0,3762.0,470.25,8.0,943.5875,733.55,3878.0,3762,4,1026.0,0.9700876740587931,5726.0,4.04,9.0,226.58888888888887,140.88888888888889,1.5717778553964372
edf48,9,,free_viewing,,6148.0,3594.0,359.4,10.0,1004.7700000000001,440.43999999999994,3850.0,3850,3,1142.0,1.0,6148.0,2.777,10.0,196.475,115.6,1.6265452179570592
edf49,1,,free_viewing,,5819.0,3591.0,224.4375,16.0,909.7125000000001,398.04999999999995,3762.0,3762,10,891.0,1.0,5819.0,3.954375,16.0,138.90375,72.875,2.749613335624678
edf49,10,,free_viewing,,5892.0,4312.0,359.3333333333333,12.0,979.7583333333333,399.77500000000003,4553.0,4312,5,1174.0,0.9470678673402152,5892.0,2.0725,12.0,76.81,36.166666666666664,2.0366598778004072
edf49,11,,free_viewing,,6119.0,4240.0,265.0,16.0,960.4000000000001,461.31874999999997,4504.0,4160,4,1114.0,0.9236234458259325,6119.0,2.3011764705882354,17.0,67.69470588235295,30.470588235294116,2.778231737211963
edf49,12,,free_viewing,,6124.0,4246.0,386.0,11.0,975.3272727272728,550.4909090909091,4550.0,4550,7,1132.0,1.0,6124.0,4.646363636363636,11.0,98.94363636363636,40.18181818181818,1.7962116263879817
edf49,13,,free_viewing,,5689.0,4287.0,329.7692307692308,13.0,957.3923076923077,585.4230769230769,4535.0,3859,6,972.0,0.8509371554575523,5689.0,3.209230769230769,13.0,83.56230769230768,34.92307692307692,2.285111618913693
edf49,14,,free_viewing,,5726.0,3994.0,249.625,16.0,876.1250000000001,662.95,4236.0,2726,6,1000.0,0.6435316336166195,5726.0,3.332941176470588,17.0,128.76529411764707,45.88235294117647,2.9689137268599373
edf49,15,,free_viewing,,6087.0,4167.0,297.64285714285717,14.0,1016.7428571428572,468.3857142857143,4455.0,3933,8,1402.0,0.8828282828282829,6087.0,2.302142857142857,14.0,128.27928571428575,38.142857142857146,2.299983571545918
edf49,16,,free_viewing,,5915.0,4011.0,286.5,14.0,923.6142857142858,417.4214285714287,4309.0,3721,4,1356.0,0.8635414249245764,5915.0,1.9866666666666668,15.0,132.632,49.2,2.53592561284869
edf49,17,,free_viewing,,5776.0,3976.0,220.88888888888889,18.0,931.4333333333335,493.5,4199.0,4199,9,787.0,1.0,5776.0,3.287222222222223,18.0,96.92833333333334,43.888888888888886,3.1163434903047094
edf49,18,,free_viewing,,5930.0,3842.0,274.42857142857144,14.0,1051.3428571428572,436.9428571428571,4104.0,3754,4,940.0,0.9147173489278753,5930.0,3.232857142857143,14.0,144.56428571428572,63.285714285714285,2.3608768971332212
edf49,19,Punjabi,sentence_audio,active,10613.0,4211.0,350.9166666666667,12.0,984.7333333333335,454.9583333333334,4464.0,4464,5,5623.0,1.0,10613.0,3.271666666666666,12.0,109.26333333333332,43.833333333333336,1.1306887779138792
edf49,2,,free_viewing,,5958.0,4160.0,244.7058823529412,17.0,849.6235294117646,440.5941176470588,4472.0,4228,11,976.0,0.945438282647585,5958.0,2.31,18.0,113.62611111111111,39.111111111111114,3.021148036253776
edf49,20,Punjabi,sentence_audio,active,10922.0,3818.0,254.53333333333333,15.0,1021.4066666666669,459.77333333333337,4289.0,3713,7,5933.0,0.8657029610631849,10922.0,2.6060000000000003,15.0,134.4173333333333,46.666666666666664,1.3733748397729353
edf49,21,Punjabi,sentence_audio,active,10275.0,3961.0,330.0833333333333,12.0,1010.6333333333336,534.0166666666665,4191.0,3453,10,5410.0,0.8239083750894775,10275.0,5.553076923076923,13.0,173.72692307692307,62.61538461538461,1.2652068126520681
edf49,22,Punjabi,sentence_audio,passive,10391.0,3835.0,239.6875,16.0,886.95,466.1,3999.0,3727,8,5426.0,0.9319829957489373,10391.0,2.5023529411764707,17.0,117.81176470588234,58.470588235294116,1.636031180829564
edf49,23,Punjabi,sentence_audio,passive,10280.0,4100.0,273.3333333333333,15.0,854.8466666666666,464.81333333333333,4138.0,3996,10,5290.0,0.9656839052682455,10280.0,4.250000000000001,16.0,132.10125000000002,54.375,1.556420233463035
edf49,24,Punjabi,sentence_audio,passive,11072.0,3608.0,212.23529411764707,17.0,950.5588235294119,525.670588235294,3818.0,3818,8,6082.0,1.0,11072.0,3.7211764705882358,17.0,124.59176470588233,68.94117647058823,1.5354046242774568
edf49,25,Punjabi,sentence_audio,passive_dropped_agent,11098.0,4030.0,403.0,10.0,1015.6300000000001,416.0,4276.0,2740,6,6588.0,0.6407857811038353,11098.0,2.4360000000000004,10.0,113.335,71.4,0.9010632546404757
edf49,26,Punjabi,sentence_audio,passive_dropped_agent,11080.0,4062.0,338.5,12.0,832.2166666666668,656.475,4324.0,3764,6,6092.0,0.8704902867715079,11080.0,3.042499999999999,12.0,120.67166666666667,55.333333333333336,1.0830324909747293
edf49,27,Punjabi,sentence_audio,passive_dropped_agent,11042.0,3940.0,303.0769230769231,13.0,868.7153846153846,369.4,4132.0,4132,6,6122.0,1.0,11042.0,1.7900000000000003,14.0,152.22142857142856,74.28571428571429,1.2678862524904908
edf49,28,English,sentence_audio,active,10951.0,3869.0,257.93333333333334,15.0,893.8466666666666,689.3,4104.0,2292,7,5961.0,0.5584795321637427,10951.0,2.7426666666666666,15.0,121.67466666666668,59.06666666666667,1.369737923477308
edf49,29,English,sentence_audio,active,11042.0,4248.0,265.5,16.0,1032.95625,365.95,4280.0,3890,10,6052.0,0.9088785046728972,11042.0,3.9650000000000003,16.0,108.14687500000001,44.375,1.4490128599891323
edf49,3,,free_viewing,,5932.0,4114.0,228.55555555555554,18.0,925.6888888888888,340.2888888888889,4350.0,4350,9,942.0,1.0,5932.0,3.525555555555555,18.0,92.42777777777779,35.55555555555556,3.0343897505057313
edf49,30,English,sentence_audio,active,10227.0,3911.0,279.35714285714283,14.0,1002.6499999999999,465.87142857142857,4131.0,3036,6,5492.0,0.7349310094408134,10227.0,4.426428571428572,14.0,186.21785714285716,61.285714285714285,1.3689253935660506
edf49,31,English,sentence_audio,passive,11110.0,4160.0,297.14285714285717,14.0,920.6285714285714,301.86428571428576,4432.0,4174,8,6120.0,0.9417870036101083,11110.0,3.1433333333333326,15.0,111.788,38.266666666666666,1.3501350135013501
edf49,32,English,sentence_audio,passive,10992.0,4500.0,642.8571428571429,7.0,905.9428571428571,499.0,4754.0,4502,5,6004.0,0.9469920067311738,10992.0,3.0399999999999996,7.0,83.2057142857143,33.42857142857143,0.6368267831149926
edf49,33,English,sentence_audio,passive,10674.0,3750.0,267.85714285714283,14.0,1009.2571428571429,395.37142857142857,4095.0,3591,7,5683.0,0.8769230769230769,10674.0,2.9357142857142855,14.0,146.92071428571427,64.0,1.3115982761851228
edf49,34,English,sentence_audio,passive_dropped_agent,10465.0,4083.0,272.2,15.0,917.0066666666668,693.14,4325.0,2251,6,5930.0,0.5204624277456648,10465.0,2.507333333333333,15.0,102.98266666666667,44.266666666666666,1.433349259436216
edf49,35,English,sentence_audio,passive_dropped_agent,10908.0,4180.0,321.53846153846155,13.0,995.4846153846152,756.9076923076923,4427.0,4275,4,5917.0,0.9656652360515021,10908.0,2.3961538461538465,13.0,86.41538461538461,43.38461538461539,1.1917858452511918
edf49,36,English,sentence_audio,passive_dropped_agent,10994.0,4170.0,278.0,15.0,898.4866666666666,428.2666666666667,4459.0,4459,9,6005.0,1.0,10994.0,2.0513333333333335,15.0,94.30733333333332,35.333333333333336,1.3643805712206658
edf49,4,,free_viewing,,6134.0,4276.0,237.55555555555554,18.0,941.7722222222224,434.04999999999995,4465.0,4197,11,1145.0,0.9399776035834266,6134.0,2.468333333333333,18.0,77.07944444444443,29.11111111111111,2.9344636452559505
edf49,5,,free_viewing,,5934.0,4096.0,273.06666666666666,15.0,926.8466666666666,566.4600000000002,4389.0,4047,6,943.0,0.922077922077922,5934.0,4.983333333333333,15.0,103.45866666666667,40.13333333333333,2.5278058645096055
edf49,6,,free_viewing,,6144.0,4360.0,396.3636363636364,11.0,981.3818181818181,479.090909090909,4664.0,3392,4,1490.0,0.7272727272727273,6144.0,2.4436363636363634,11.0,73.54636363636364,29.636363636363637,1.7903645833333333
edf49,7,,free_viewing,,6120.0,3976.0,233.88235294117646,17.0,975.3529411764708,492.4352941176471,4265.0,2660,7,1462.0,0.6236811254396248,6120.0,3.7076470588235293,17.0,112.90117647058821,42.588235294117645,2.7777777777777777
edf49,8,,free_viewing,,6088.0,4132.0,243.05882352941177,17.0,926.5470588235295,478.5411764705882,4330.0,2956,8,1098.0,0.6826789838337183,6088.0,4.630000000000001,17.0,105.35588235294117,38.8235294117647,2.7923784494086727
edf49,9,,free_viewing,,5885.0,4179.0,261.1875,16.0,919.7687500000001,487.3875,4456.0,4456,6,895.0,1.0,5885.0,3.29625,16.0,85.40937500000001,33.375,2.7187765505522514
edf50,1,,free_viewing,,5797.0,3918.0,230.47058823529412,17.0,801.7823529411764,802.9235294117647,4084.0,1360,4,910.0,0.3330068560235064,5797.0,2.184444444444444,18.0,118.42736842105262,53.578947368421055,3.1050543384509233
edf50,10,,free_viewing,,5832.0,3678.0,204.33333333333334,18.0,882.338888888889,532.25,3946.0,3876,5,872.0,0.9822605169792195,5832.0,1.987368421052632,19.0,127.6736842105263,68.84210526315789,3.2578875171467763
edf50,11,,free_viewing,,5738.0,4048.0,506.0,8.0,919.2125,536.0500000000001,4302.0,4302,3,944.0,1.0,5738.0,2.478888888888889,9.0,149.6211111111111,82.0,1.5684907633321714
edf50,12,,free_viewing,,5909.0,4409.0,2204.5,2.0,927.95,862.25,4754.0,4409,1,1302.0,0.9274295330248212,5909.0,2.9450000000000003,2.0,219.725,119.0,0.33846674564224066
edf50,13,,free_viewing,,6044.0,3442.0,229.46666666666667,15.0,867.7066666666667,569.3133333333334,3582.0,3582,6,1086.0,1.0,6044.0,2.184705882352941,17.0,171.12823529411762,93.05882352941177,2.812706816677697
edf50,14,,free_viewing,,5776.0,3812.0,238.25,16.0,887.30625,543.775,3875.0,2873,6,783.0,0.7414193548387097,5776.0,2.766875,16.0,145.8935294117647,66.94117647058823,2.770083102493075
edf50,15,,free_viewing,,5738.0,3534.0,321.27272727272725,11.0,891.1727272727272,596.5818181818181,3817.0,2422,3,2076.0,0.6345297353942887,5738.0,2.118181818181818,11.0,170.67363636363635,106.9090909090909,1.9170442662948761
edf50,16,,free_viewing,,5874.0,4094.0,511.75,8.0,934.8625,688.6625,4274.0,3240,3,882.0,0.7580720636406177,5874.0,3.5349999999999997,8.0,155.185,89.75,1.3619339462036093
edf50,17,,free_viewing,,5707.0,3651.0,365.1,10.0,1005.71,386.02000000000004,4294.0,3651,3,1394.0,0.8502561714019562,5707.0,2.427,10.0,108.30600000000001,69.8,1.7522340984755564
edf50,18,,free_viewing,,6022.0,3804.0,237.75,16.0,772.0749999999997,676.09375,4038.0,3800,3,1030.0,0.9410599306587419,6022.0,1.9675,16.0,107.280625,59.625,2.656924609764198
edf50,19,Punjabi,sentence_audio,passive,10402.0,2760.0,197.14285714285714,14.0,772.1642857142857,696.7714285714286,2932.0,2632,6,5410.0,0.897680763983629,10402.0,5.707142857142856,14.0,208.06571428571422,147.14285714285714,1.3458950201884254
edf50,2,,free_viewing,,5771.0,3681.0,193.73684210526315,19.0,930.9210526315792,472.89473684210526,3805.0,2537,7,1158.0,0.666754270696452,5771.0,3.4865000000000004,20.0,116.79400000000001,65.6,3.4656038814763472
edf50,20,Punjabi,sentence_audio,passive,11108.0,3628.0,226.75,16.0,951.5374999999999,594.7375000000001,3794.0,3462,6,6116.0,0.9124934106483922,11108.0,1.8500000000000003,17.0,123.58470588235295,71.52941176470588,1.5304285199855958
edf50,21,Punjabi,sentence_audio,passive,11048.0,3310.0,275.8333333333333,12.0,759.65,686.8916666666668,3513.0,3144,5,6610.0,0.8949615713065756,11048.0,8.332500000000001,12.0,187.11,123.33333333333333,1.0861694424330195
edf50,22,Punjabi,sentence_audio,passive_dropped_agent,11152.0,4256.0,608.0,7.0,848.1,643.4,4411.0,4411,4,6159.0,1.0,11152.0,1.91,7.0,147.05571428571426,83.14285714285714,0.6276901004304161
edf50,23,Punjabi,sentence_audio,passive_dropped_agent,10816.0,3282.0,172.73684210526315,19.0,704.5052631578948,771.321052631579,3308.0,1760,6,6278.0,0.532043530834341,10816.0,6.240000000000001,20.0,180.49199999999996,88.0,1.8491124260355027
edf50,24,Punjabi,sentence_audio,passive_dropped_agent,11040.0,3632.0,242.13333333333333,15.0,1042.8866666666665,771.3266666666666,3774.0,3774,2,6182.0,1.0,11040.0,2.165625,16.0,146.08687500000002,84.875,1.4492753623188408
edf50,25,English,sentence_audio,active,10921.0,3217.0,189.23529411764707,17.0,828.1117647058824,606.7235294117646,3257.0,2013,7,5928.0,0.618053423395763,10921.0,5.157647058823529,17.0,139.3611764705882,102.11764705882354,1.556634007874737
edf50,26,English,sentence_audio,active,10187.0,3779.0,269.92857142857144,14.0,896.2071428571428,647.7285714285715,3967.0,3499,2,5194.0,0.8820267204436602,10187.0,2.033571428571429,14.0,106.97500000000001,73.28571428571429,1.37430057916953
edf50,27,English,sentence_audio,active,10570.0,3184.0,289.45454545454544,11.0,912.9272727272728,554.9454545454545,3358.0,3358,4,5734.0,1.0,10570.0,2.9291666666666667,12.0,129.15416666666667,147.33333333333334,1.1352885525070955
edf50,28,English,sentence_audio,passive,10389.0,3771.0,221.8235294117647,17.0,823.2176470588234,713.329411764706,3959.0,2873,4,5398.0,0.7256883051275574,10389.0,1.8541176470588236,17.0,110.62117647058824,60.705882352941174,1.6363461353354511
edf50,29,English,sentence_audio,passive,10359.0,2618.0,238.0,11.0,975.7454545454548,409.7454545454546,2887.0,1502,6,5936.0,0.5202632490474541,10359.0,2.748333333333333,12.0,161.20833333333334,176.33333333333334,1.1584129742253113
edf50,3,,free_viewing,,5695.0,4615.0,4615.0,1.0,827.7,518.3,4966.0,4966,1,703.0,1.0,5695.0,2.01,1.0,76.55,26.0,0.17559262510974538
edf50,30,English,sentence_audio,passive,10674.0,4206.0,350.5,12.0,816.5416666666666,533.5333333333333,4406.0,4026,4,5918.0,0.9137539718565593,10674.0,2.2525,12.0,118.26538461538463,46.61538461538461,1.1242270938729624
edf50,31,English,sentence_audio,passive_dropped_agent,11125.0,3839.0,319.9166666666667,12.0,930.0083333333332,425.325,4063.0,3801,4,6132.0,0.9355156288456805,11125.0,1.9758333333333333,12.0,104.77416666666666,77.5,1.0786516853932584
edf50,32,English,sentence_audio,passive_dropped_agent,10461.0,2906.0,322.8888888888889,9.0,905.4444444444445,540.2111111111112,3073.0,2591,4,5469.0,0.8431500162707452,10461.0,2.2600000000000002,10.0,142.60500000000002,193.2,0.9559315553006404
edf50,33,English,sentence_audio,passive_dropped_agent,10530.0,3290.0,193.52941176470588,17.0,1133.8764705882354,563.0588235294117,3772.0,3642,4,5852.0,0.9655355249204666,10530.0,1.8811111111111112,18.0,96.76111111111112,69.66666666666667,1.7094017094017095
edf50,34,Punjabi,sentence_audio,active,10622.0,3392.0,308.3636363636364,11.0,885.527272727273,744.6818181818181,3559.0,1362,4,5832.0,0.3826917673503793,10622.0,2.71,11.0,195.50454545454548,130.36363636363637,1.035586518546413
edf50,35,Punjabi,sentence_audio,active,11123.0,3459.0,266.0769230769231,13.0,801.3692307692307,908.946153846154,3671.0,2701,2,6534.0,0.7357668210296922,11123.0,3.1830769230769227,13.0,191.63846153846154,101.6923076923077,1.1687494381012318
edf50,36,Punjabi,sentence_audio,active,11028.0,3834.0,239.625,16.0,914.50625,529.33125,3998.0,3998,3,6036.0,1.0,11028.0,1.5562500000000004,16.0,86.965,62.125,1.4508523757707652
edf50,4,,free_viewing,,5986.0,3388.0,242.0,14.0,899.8214285714286,543.4357142857142,3546.0,3546,5,994.0,1.0,5986.0,2.18,15.0,155.7846666666667,97.6,2.505846976277982
edf50,5,,free_viewing,,6041.0,3901.0,278.64285714285717,14.0,811.4428571428572,680.7785714285714,3915.0,3057,4,1048.0,0.7808429118773946,6041.0,2.3821428571428576,14.0,168.15642857142856,77.0,2.317497103128621
edf50,6,,free_viewing,,5901.0,3905.0,260.3333333333333,15.0,967.3266666666665,642.2733333333333,4072.0,3919,2,909.0,0.962426326129666,5901.0,3.1993333333333336,15.0,125.27,61.333333333333336,2.541942043721403
edf50,7,,free_viewing,,5828.0,3928.0,357.09090909090907,11.0,875.9909090909091,748.1909090909091,4089.0,1663,4,835.0,0.40670090486671556,5828.0,2.9209090909090905,11.0,125.68454545454546,82.18181818181819,1.887439945092656
edf50,8,,free_viewing,,6111.0,3105.0,3105.0,1.0,942.9,598.1,4792.0,4792,1,1119.0,1.0,6111.0,1.59,1.0,393.49,200.0,0.16363933889707086
edf50,9,,free_viewing,,5776.0,3022.0,215.85714285714286,14.0,901.5214285714288,652.7714285714286,3286.0,2576,3,1384.0,0.7839318320146075,5776.0,2.955625,16.0,218.81312499999999,111.25,2.770083102493075
edf11,10,,free_viewing,,,,,,,,4993.0,4993,1,1115.0,1.0,,,,,,
edf11,33,Punjabi,sentence_audio,passive_dropped_agent,,,,,,,4992.0,4992,1,5978.0,1.0,,,,,,
edf13,33,English,sentence_audio,passive,,,,,,,4992.0,4992,1,5712.0,1.0,,,,,,
edf13,34,English,sentence_audio,passive_dropped_agent,,,,,,,4992.0,4992,1,5806.0,1.0,,,,,,
edf26,28,English,sentence_audio,passive,,,,,,,164.0,0,0,,0.0,10678.0,26.45,2.0,916.69,2613.0,0.18730099269526126
edf36,1,,free_viewing,,,,,,,,4993.0,4993,1,1039.0,1.0,,,,,,
