participant_id,trial_id,language,session_type,sentence_type,trial_length_ms,total_fixation_duration,mean_fixation_duration,fixation_count,mean_fixation_x,mean_fixation_y
edf01,1,,free_viewing,,6020,4282,356.8333333333333,12,851.5999999999999,566.4499999999999
edf01,10,,free_viewing,,6125,4327,309.07142857142856,14,910.9285714285713,593.9785714285715
edf01,11,,free_viewing,,6095,4223,301.64285714285717,14,804.3214285714284,666.6999999999999
edf01,12,,free_viewing,,6045,4475,406.8181818181818,11,881.318181818182,680.8818181818183
edf01,13,,free_viewing,,5812,4276,328.9230769230769,13,895.176923076923,694.7384615384615
edf01,14,,free_viewing,,5757,4649,387.4166666666667,12,932.2416666666667,534.5666666666666
edf01,15,,free_viewing,,5710,4446,494.0,9,1001.8666666666668,850.4666666666667
edf01,16,,free_viewing,,6040,4310,307.85714285714283,14,952.4642857142856,363.8571428571428
edf01,17,,free_viewing,,6136,4424,402.1818181818182,11,883.0454545454545,427.90000000000003
edf01,18,,free_viewing,,5757,4285,389.54545454545456,11,1017.8181818181816,550.5363636363637
edf01,19,Punjabi,sentence_audio,active,10523,4441,888.2,5,1035.74,559.2
edf01,2,,free_viewing,,5833,4313,431.3,10,876.4399999999999,622.5
edf01,20,Punjabi,sentence_audio,active,11049,4515,564.375,8,943.75,462.15
edf01,21,Punjabi,sentence_audio,active,10744,4438,634.0,7,943.4571428571428,706.6714285714286
edf01,22,Punjabi,sentence_audio,passive,10317,4155,461.6666666666667,9,940.1111111111111,423.8999999999999
edf01,23,Punjabi,sentence_audio,passive,10772,4182,1045.5,4,930.45,461.07499999999993
edf01,24,Punjabi,sentence_audio,passive,10554,4154,415.4,10,912.8,440.01999999999987
edf01,25,Punjabi,sentence_audio,passive_dropped_agent,10864,4400,550.0,8,1087.8500000000001,390.17500000000007
edf01,26,Punjabi,sentence_audio,passive_dropped_agent,10411,4413,630.4285714285714,7,908.4857142857143,582.3
edf01,27,Punjabi,sentence_audio,passive_dropped_agent,11145,4247,353.9166666666667,12,848.6416666666668,403.01666666666665
edf01,28,English,sentence_audio,active,11082,4372,546.5,8,817.6625,615.15
edf01,29,English,sentence_audio,active,10430,4402,628.8571428571429,7,873.9285714285714,309.1571428571429
edf01,3,,free_viewing,,6032,4388,487.55555555555554,9,1047.0666666666666,630.8222222222222
edf01,30,English,sentence_audio,active,10254,4362,436.2,10,883.3800000000001,469.66
edf01,31,English,sentence_audio,passive,10196,4460,446.0,10,1005.71,321.69
edf01,32,English,sentence_audio,passive,10912,4486,747.6666666666666,6,971.6,636.0333333333333
edf01,33,English,sentence_audio,passive,10400,4422,442.2,10,1095.98,499.53999999999996
edf01,34,English,sentence_audio,passive_dropped_agent,10936,4620,924.0,5,915.82,621.76
edf01,35,English,sentence_audio,passive_dropped_agent,10851,4336,361.3333333333333,12,1063.8083333333334,603.8333333333334
edf01,36,English,sentence_audio,passive_dropped_agent,10826,3818,763.6,5,973.0600000000001,506.94000000000005
edf01,4,,free_viewing,,5654,4344,334.15384615384613,13,1026.6076923076923,460.5846153846154
edf01,5,,free_viewing,,5837,4203,280.2,15,1041.7066666666665,532.3533333333332
edf01,6,,free_viewing,,5800,4352,435.2,10,859.18,482.87
edf01,7,,free_viewing,,5816,4206,350.5,12,934.5833333333334,579.8083333333333
edf01,8,,free_viewing,,5942,4304,307.42857142857144,14,1026.3,583.6071428571429
edf01,9,,free_viewing,,5883,4445,444.5,10,807.0199999999999,614.1899999999998
edf02,1,,free_viewing,,5693,4230,282.0,15,923.5666666666665,713.5800000000002
edf02,10,,free_viewing,,5962,4192,698.6666666666666,6,916.1833333333334,403.8999999999999
edf02,11,,free_viewing,,6045,2915,182.1875,16,936.1562499999999,488.375
edf02,12,,free_viewing,,5674,4104,228.0,18,892.7055555555555,602.9777777777776
edf02,13,,free_viewing,,6091,4314,359.5,12,878.2750000000001,449.3666666666666
edf02,14,,free_viewing,,6086,4170,297.85714285714283,14,917.0285714285716,426.6928571428571
edf02,15,,free_viewing,,5676,3994,234.94117647058823,17,875.0882352941178,706.4411764705883
edf02,16,,free_viewing,,6021,4097,215.6315789473684,19,812.821052631579,422.06315789473683
edf02,17,,free_viewing,,6043,4072,226.22222222222223,18,863.161111111111,479.4055555555555
edf02,18,,free_viewing,,5859,4145,592.1428571428571,7,933.2571428571428,683.9857142857143
edf02,19,Punjabi,sentence_audio,passive,11187,4148,460.8888888888889,9,961.6111111111111,474.5222222222222
edf02,2,,free_viewing,,5790,4120,274.6666666666667,15,931.0666666666667,564.4399999999999
edf02,20,Punjabi,sentence_audio,passive,10494,4150,377.27272727272725,11,945.9818181818181,460.5
edf02,21,Punjabi,sentence_audio,passive,10559,4025,365.90909090909093,11,900.0818181818181,516.8636363636364
edf02,22,Punjabi,sentence_audio,passive_dropped_agent,10403,4313,431.3,10,860.1599999999999,514.5699999999999
edf02,23,Punjabi,sentence_audio,passive_dropped_agent,10300,4308,538.5,8,762.5749999999999,461.52500000000003
edf02,24,Punjabi,sentence_audio,passive_dropped_agent,10333,4271,251.23529411764707,17,903.3823529411766,519.7117647058824
edf02,25,English,sentence_audio,active,10355,4389,877.8,5,1022.5,369.25999999999993
edf02,26,English,sentence_audio,active,10337,4059,225.5,18,815.3666666666668,603.8833333333332
edf02,27,English,sentence_audio,active,11091,4663,666.1428571428571,7,890.6142857142858,534.2857142857143
edf02,28,English,sentence_audio,passive,10163,4203,467.0,9,985.6555555555553,667.9999999999999
edf02,29,English,sentence_audio,passive,10976,3936,281.14285714285717,14,1006.1857142857143,515.8928571428572
edf02,3,,free_viewing,,5973,4105,293.2142857142857,14,946.9071428571427,446.64285714285705
edf02,30,English,sentence_audio,passive,10732,4288,476.44444444444446,9,865.0333333333334,455.1000000000001
edf02,31,English,sentence_audio,passive_dropped_agent,10678,4260,426.0,10,892.4699999999999,378.73
edf02,32,English,sentence_audio,passive_dropped_agent,10649,4397,549.625,8,891.6375,544.5500000000001
edf02,33,English,sentence_audio,passive_dropped_agent,11006,4136,517.0,8,953.2125,476.76250000000005
edf02,34,Punjabi,sentence_audio,active,11107,4118,514.75,8,961.85,917.6874999999999
edf02,35,Punjabi,sentence_audio,active,10395,4465,744.1666666666666,6,916.8166666666666,657.3499999999999
edf02,36,Punjabi,sentence_audio,active,11092,3252,3252.0,1,968.2,372.6
edf02,4,,free_viewing,,6088,4292,330.15384615384613,13,956.446153846154,492.65384615384625
edf02,5,,free_viewing,,5992,3972,441.3333333333333,9,868.7111111111112,501.0444444444444
edf02,6,,free_viewing,,6127,4247,303.35714285714283,14,990.1999999999999,505.75714285714287
edf02,7,,free_viewing,,5698,4002,210.6315789473684,19,979.6315789473684,544.1421052631578
edf02,8,,free_viewing,,5699,4283,356.9166666666667,12,863.8833333333333,470.29166666666674
edf02,9,,free_viewing,,5892,4072,214.31578947368422,19,926.1368421052631,560.3526315789474
edf03,1,,free_viewing,,6038,4418,401.6363636363636,11,1004.3090909090909,382.94545454545454
edf03,10,,free_viewing,,5832,3674,244.93333333333334,15,890.0200000000001,540.5066666666667
edf03,11,,free_viewing,,5661,4101,241.23529411764707,17,798.7117647058824,583.635294117647
edf03,12,,free_viewing,,5905,4347,334.38461538461536,13,882.4769230769232,356.6076923076923
edf03,13,,free_viewing,,5709,4343,334.0769230769231,13,947.9846153846154,683.7461538461539
edf03,14,,free_viewing,,6016,4170,260.625,16,811.4812500000002,482.83125000000007
edf03,15,,free_viewing,,5803,4375,364.5833333333333,12,796.7083333333334,496.52500000000003
edf03,16,,free_viewing,,5787,4232,282.1333333333333,15,879.9333333333335,520.2799999999999
edf03,17,,free_viewing,,6080,4154,276.93333333333334,15,916.0133333333332,424.53999999999996
edf03,18,,free_viewing,,5841,4106,315.84615384615387,13,915.8846153846154,372.37692307692305
edf03,19,Punjabi,sentence_audio,passive_dropped_agent,10357,4357,335.15384615384613,13,926.0769230769231,385.34615384615375
edf03,2,,free_viewing,,5813,4299,358.25,12,879.7333333333331,546.8166666666667
edf03,20,Punjabi,sentence_audio,passive_dropped_agent,10682,3810,293.0769230769231,13,868.3923076923076,383.6923076923077
edf03,21,Punjabi,sentence_audio,passive_dropped_agent,10456,4006,267.06666666666666,15,858.7866666666666,499.5200000000001
edf03,22,English,sentence_audio,active,11005,4075,407.5,10,856.32,466.81000000000006
edf03,23,English,sentence_audio,active,10183,4031,310.0769230769231,13,783.0076923076923,412.8769230769231
edf03,24,English,sentence_audio,active,10656,4406,293.73333333333335,15,639.44,480.2733333333334
edf03,25,English,sentence_audio,passive,10316,3850,275.0,14,841.2071428571428,410.22142857142853
edf03,26,English,sentence_audio,passive,10716,3650,243.33333333333334,15,855.6133333333332,518.4066666666666
edf03,27,English,sentence_audio,passive,10351,3620,190.52631578947367,19,634.5421052631579,476.7947368421052
edf03,28,English,sentence_audio,passive_dropped_agent,10627,4133,317.9230769230769,13,858.7461538461538,656.6384615384615
edf03,29,English,sentence_audio,passive_dropped_agent,10719,3791,180.52380952380952,21,627.0619047619048,480.8857142857144
edf03,3,,free_viewing,,5875,4035,403.5,10,925.6899999999999,393.09000000000003
edf03,30,English,sentence_audio,passive_dropped_agent,10994,3890,299.2307692307692,13,890.1307692307693,531.9769230769232
edf03,31,Punjabi,sentence_audio,active,11162,3786,236.625,16,831.31875,464.64375000000007
edf03,32,Punjabi,sentence_audio,active,10563,4097,315.15384615384613,13,710.3615384615385,463.69230769230774
edf03,33,Punjabi,sentence_audio,active,10627,4189,279.26666666666665,15,946.9066666666666,404.3466666666667
edf03,34,Punjabi,sentence_audio,passive,10783,4121,294.35714285714283,14,848.2214285714284,607.4142857142857
edf03,35,Punjabi,sentence_audio,passive,10785,3368,306.1818181818182,11,948.7727272727273,624.3363636363637
edf03,36,Punjabi,sentence_audio,passive,10256,3668,146.72,25,645.904,474.57200000000006
edf03,4,,free_viewing,,5956,4136,275.73333333333335,15,768.14,337.1333333333333
edf03,5,,free_viewing,,5880,4250,607.1428571428571,7,886.8571428571429,415.75714285714287
edf03,6,,free_viewing,,6081,4223,301.64285714285717,14,938.0142857142856,684.9357142857142
edf03,7,,free_viewing,,5713,4263,284.2,15,926.0799999999999,468.77333333333337
edf03,8,,free_viewing,,6122,4432,492.44444444444446,9,927.9888888888888,483.36666666666656
edf03,9,,free_viewing,,6016,4210,263.125,16,843.1374999999999,518.875
edf04,1,,free_viewing,,5785,4403,440.3,10,1017.74,354.10999999999996
edf04,10,,free_viewing,,5716,4184,321.84615384615387,13,966.4076923076923,479.88461538461536
edf04,11,,free_viewing,,5669,4621,2310.5,2,943.5,378.5
edf04,12,,free_viewing,,6065,4268,284.53333333333336,15,879.56,625.1933333333333
edf04,13,,free_viewing,,5686,4266,387.8181818181818,11,935.8272727272725,539.9545454545455
edf04,14,,free_viewing,,5949,4477,639.5714285714286,7,1012.7142857142856,441.45714285714286
edf04,15,,free_viewing,,5845,4299,716.5,6,930.7666666666668,507.9333333333334
edf04,16,,free_viewing,,5954,4492,561.5,8,837.725,497.74999999999994
edf04,17,,free_viewing,,6092,4210,382.72727272727275,11,975.9,421.3363636363636
edf04,18,,free_viewing,,5976,4336,361.3333333333333,12,951.4333333333333,511.24166666666673
edf04,19,English,sentence_audio,active,10316,4386,398.72727272727275,11,935.1181818181819,513.1363636363636
edf04,2,,free_viewing,,5887,4146,276.4,15,959.5800000000002,407.3066666666666
edf04,20,English,sentence_audio,active,10720,4392,439.2,10,996.7000000000002,528.52
edf04,21,English,sentence_audio,active,10974,4376,364.6666666666667,12,969.2916666666666,424.7166666666667
edf04,22,English,sentence_audio,passive,10742,4220,602.8571428571429,7,883.4571428571429,418.27142857142854
edf04,23,English,sentence_audio,passive,10465,3979,331.5833333333333,12,948.0750000000002,435.77500000000003
edf04,24,English,sentence_audio,passive,10942,4322,392.90909090909093,11,1011.081818181818,623.1818181818182
edf04,25,English,sentence_audio,passive_dropped_agent,10268,4144,460.44444444444446,9,995.7000000000002,434.96666666666664
edf04,26,English,sentence_audio,passive_dropped_agent,10589,4281,428.1,10,826.8699999999999,567.6000000000001
edf04,27,English,sentence_audio,passive_dropped_agent,10787,3941,281.5,14,930.6714285714285,470.6928571428571
edf04,28,Punjabi,sentence_audio,active,11141,4637,662.4285714285714,7,910.9714285714286,665.5142857142856
edf04,29,Punjabi,sentence_audio,active,10477,4313,392.09090909090907,11,1086.081818181818,420.3272727272726
edf04,3,,free_viewing,,5990,4260,387.27272727272725,11,970.4727272727273,557.1636363636363
edf04,30,Punjabi,sentence_audio,active,10446,4312,431.2,10,869.5,486.89000000000004
edf04,31,Punjabi,sentence_audio,passive,10415,4311,287.4,15,911.9133333333334,400.56
edf04,32,Punjabi,sentence_audio,passive,11167,4417,401.54545454545456,11,910.5,464.05454545454546
edf04,33,Punjabi,sentence_audio,passive,10939,4343,434.3,10,1082.76,415.15999999999997
edf04,34,Punjabi,sentence_audio,passive_dropped_agent,10449,4075,291.07142857142856,14,929.9857142857142,690.5357142857143
edf04,35,Punjabi,sentence_audio,passive_dropped_agent,10256,4450,370.8333333333333,12,989.2249999999999,728.2916666666665
edf04,36,Punjabi,sentence_audio,passive_dropped_agent,10522,4074,509.25,8,910.6125,458.15000000000003
edf04,4,,free_viewing,,5683,4347,310.5,14,1009.8857142857144,644.9714285714286
edf04,5,,free_viewing,,5874,4488,561.0,8,914.175,470.2875
edf04,6,,free_viewing,,5663,3975,1987.5,2,940.5,469.54999999999995
edf04,7,,free_viewing,,5669,3707,3707.0,1,967.7,467.6
edf04,8,,free_viewing,,5643,4343,434.3,10,989.46,540.38
edf04,9,,free_viewing,,6009,4293,429.3,10,1002.5400000000002,573.2099999999999
edf05,1,,free_viewing,,6119,4318,431.8,10,1095.42,375.4
edf05,10,,free_viewing,,5965,4057,368.8181818181818,11,1085.9636363636362,412.4454545454546
edf05,11,,free_viewing,,5969,4301,358.4166666666667,12,993.0666666666666,381.44166666666666
edf05,12,,free_viewing,,5635,4061,338.4166666666667,12,928.9250000000001,469.02500000000003
edf05,13,,free_viewing,,6045,4191,349.25,12,914.3666666666667,643.9333333333334
edf05,14,,free_viewing,,5836,4020,335.0,12,891.1500000000002,472.78333333333336
edf05,15,,free_viewing,,5942,4172,347.6666666666667,12,928.1750000000002,622.7583333333333
edf05,16,,free_viewing,,5979,4309,331.46153846153845,13,1049.2999999999997,503.5153846153847
edf05,17,,free_viewing,,6042,3946,358.72727272727275,11,790.6272727272728,507.57272727272726
edf05,18,,free_viewing,,5808,4170,320.7692307692308,13,1035.0538461538463,670.1076923076923
edf05,19,English,sentence_audio,passive,11157,4326,360.5,12,1054.6333333333334,520.9333333333334
edf05,2,,free_viewing,,5754,4308,287.2,15,923.6199999999998,417.5466666666667
edf05,20,English,sentence_audio,passive,10586,3842,426.8888888888889,9,998.0222222222221,391.9666666666667
edf05,21,English,sentence_audio,passive,10302,3784,315.3333333333333,12,920.6333333333336,491.25833333333327
edf05,22,English,sentence_audio,passive_dropped_agent,10818,4216,527.0,8,941.9625,350.0625
edf05,23,English,sentence_audio,passive_dropped_agent,10721,4223,422.3,10,887.1600000000001,425.96000000000004
edf05,24,English,sentence_audio,passive_dropped_agent,10344,3938,393.8,10,913.9,317.72
edf05,25,Punjabi,sentence_audio,active,10328,3960,360.0,11,1079.0181818181818,381.57272727272726
edf05,26,Punjabi,sentence_audio,active,10471,4117,457.44444444444446,9,860.3222222222223,427.23333333333335
edf05,27,Punjabi,sentence_audio,active,10579,3977,284.07142857142856,14,926.0214285714285,368.0857142857143
edf05,28,Punjabi,sentence_audio,passive,10999,4113,342.75,12,978.6583333333332,625.5916666666666
edf05,29,Punjabi,sentence_audio,passive,10516,4022,402.2,10,957.9699999999999,291.7099999999999
edf05,3,,free_viewing,,6066,4268,284.53333333333336,15,960.3533333333332,320.5133333333334
edf05,30,Punjabi,sentence_audio,passive,10527,4321,432.1,10,863.97,472.10999999999996
edf05,31,Punjabi,sentence_audio,passive_dropped_agent,10675,4141,318.53846153846155,13,881.1461538461538,291.4230769230769
edf05,32,Punjabi,sentence_audio,passive_dropped_agent,10789,4231,384.6363636363636,11,937.681818181818,431.51818181818186
edf05,33,Punjabi,sentence_audio,passive_dropped_agent,10504,4534,453.4,10,1002.5099999999999,353.84999999999997
edf05,34,English,sentence_audio,active,10511,4283,428.3,10,931.1000000000001,573.29
edf05,35,English,sentence_audio,active,10999,4119,316.84615384615387,13,990.5846153846154,583.1
edf05,36,English,sentence_audio,active,11043,4273,356.0833333333333,12,843.3000000000001,385.85833333333335
edf05,4,,free_viewing,,6061,4537,648.1428571428571,7,939.4714285714286,425.4571428571429
edf05,5,,free_viewing,,5775,4333,361.0833333333333,12,908.1833333333334,488.51666666666665
edf05,6,,free_viewing,,6006,4498,499.77777777777777,9,958.5,497.1555555555556
edf05,7,,free_viewing,,5779,4292,330.15384615384613,13,762.6923076923078,586.7615384615385
edf05,8,,free_viewing,,6108,4486,373.8333333333333,12,1038.4083333333333,375.97499999999997
edf05,9,,free_viewing,,6082,4374,437.4,10,1026.3899999999999,618.5799999999999
edf06,1,,free_viewing,,5725,3993,285.2142857142857,14,1031.1142857142856,496.2142857142857
edf06,10,,free_viewing,,5966,4276,305.42857142857144,14,957.8714285714285,721.157142857143
edf06,11,,free_viewing,,6013,4281,305.7857142857143,14,1017.2571428571429,739.0857142857143
edf06,12,,free_viewing,,6017,3848,240.5,16,900.9999999999999,673.7624999999999
edf06,13,,free_viewing,,5925,4349,310.64285714285717,14,966.4,529.8071428571427
edf06,14,,free_viewing,,5861,4136,258.5,16,982.45,553.7937499999999
edf06,15,,free_viewing,,6138,4260,250.58823529411765,17,925.3470588235294,596.1882352941175
edf06,16,,free_viewing,,6025,4140,217.89473684210526,19,889.5526315789472,439.8894736842106
edf06,17,,free_viewing,,6129,4417,294.46666666666664,15,964.9866666666665,484.1333333333333
edf06,18,,free_viewing,,5912,4454,342.61538461538464,13,904.976923076923,515.3769230769232
edf06,19,English,sentence_audio,passive_dropped_agent,10696,4318,287.8666666666667,15,1013.9066666666666,501.64
edf06,2,,free_viewing,,5655,4066,271.06666666666666,15,1057.42,622.6466666666668
edf06,20,English,sentence_audio,passive_dropped_agent,10891,4375,336.53846153846155,13,949.1461538461537,485.31538461538463
edf06,21,English,sentence_audio,passive_dropped_agent,11131,3985,398.5,10,948.8699999999999,552.04
edf06,22,Punjabi,sentence_audio,active,10376,4208,280.53333333333336,15,977.0533333333332,446.25333333333333
edf06,23,Punjabi,sentence_audio,active,10651,4377,291.8,15,866.74,441.0533333333333
edf06,24,Punjabi,sentence_audio,active,10481,4185,220.26315789473685,19,918.021052631579,532.7421052631579
edf06,25,Punjabi,sentence_audio,passive,10851,4033,336.0833333333333,12,931.6,404.72499999999997
edf06,26,Punjabi,sentence_audio,passive,10634,3844,240.25,16,888.4375000000002,549.56875
edf06,27,Punjabi,sentence_audio,passive,10801,4347,310.5,14,853.657142857143,392.7357142857143
edf06,28,Punjabi,sentence_audio,passive_dropped_agent,11081,4331,309.35714285714283,14,977.842857142857,686.7428571428571
edf06,29,Punjabi,sentence_audio,passive_dropped_agent,10692,4178,321.38461538461536,13,974.1384615384615,439.1538461538461
edf06,3,,free_viewing,,5656,4052,202.6,20,944.735,504.56499999999994
edf06,30,Punjabi,sentence_audio,passive_dropped_agent,10720,4252,265.75,16,911.9625,474.81875
edf06,31,English,sentence_audio,active,10557,4391,313.64285714285717,14,974.8999999999999,420.1285714285714
edf06,32,English,sentence_audio,active,10716,4310,431.0,10,924.47,470.2
edf06,33,English,sentence_audio,active,10907,4487,373.9166666666667,12,1045.65,485.0833333333333
edf06,34,English,sentence_audio,passive,10851,4352,334.7692307692308,13,920.5692307692309,636.6076923076923
edf06,35,English,sentence_audio,passive,10838,4110,411.0,10,960.1599999999999,758.0
edf06,36,English,sentence_audio,passive,11057,4315,359.5833333333333,12,886.5500000000001,483.32500000000005
edf06,4,,free_viewing,,5968,4222,263.875,16,1008.9874999999998,560.5562500000001
edf06,5,,free_viewing,,5840,4494,408.54545454545456,11,937.8272727272729,500.6818181818181
edf06,6,,free_viewing,,5722,4370,336.15384615384613,13,965.3923076923077,485.55384615384617
edf06,7,,free_viewing,,5905,4031,251.9375,16,838.6937500000001,503.9375
edf06,8,,free_viewing,,6121,4103,241.35294117647058,17,918.4705882352943,570.4470588235295
edf06,9,,free_viewing,,5729,3951,246.9375,16,946.325,463.22499999999997
edf07,1,,free_viewing,,5693,4273,328.6923076923077,13,890.9153846153846,590.5692307692308
edf07,10,,free_viewing,,5818,4506,751.0,6,979.8666666666668,610.8666666666667
edf07,11,,free_viewing,,5943,4249,607.0,7,961.7285714285714,366.0571428571429
edf07,12,,free_viewing,,6037,4365,545.625,8,963.9875,213.85000000000002
edf07,13,,free_viewing,,5953,4317,1079.25,4,996.8,257.375
edf07,14,,free_viewing,,5789,3679,408.77777777777777,9,863.2333333333333,216.17777777777778
edf07,15,,free_viewing,,6067,3863,482.875,8,938.1625,386.9875
edf07,16,,free_viewing,,5695,4471,1117.75,4,996.675,271.2
edf07,17,,free_viewing,,5669,3491,436.375,8,871.925,219.22499999999997
edf07,18,,free_viewing,,6004,4126,687.6666666666666,6,979.8499999999999,293.83333333333337
edf07,19,Punjabi,sentence_audio,active,10979,4585,1146.25,4,1000.85,336.09999999999997
edf07,2,,free_viewing,,5665,4243,282.8666666666667,15,1114.8799999999999,383.64
edf07,20,Punjabi,sentence_audio,active,10941,4291,1430.3333333333333,3,1012.1,143.53333333333333
edf07,21,Punjabi,sentence_audio,active,10300,796,265.3333333333333,3,993.1333333333333,407.2
edf07,22,Punjabi,sentence_audio,passive,10680,4252,2126.0,2,904.15,247.7
edf07,23,Punjabi,sentence_audio,passive,10580,4470,1117.5,4,994.0500000000001,88.85
edf07,24,Punjabi,sentence_audio,passive,10282,3800,316.6666666666667,12,813.0499999999998,193.27500000000006
edf07,25,Punjabi,sentence_audio,passive_dropped_agent,10561,1135,378.3333333333333,3,960.5333333333333,112.66666666666667
edf07,26,Punjabi,sentence_audio,passive_dropped_agent,11065,2975,247.91666666666666,12,749.9,281.52500000000003
edf07,27,Punjabi,sentence_audio,passive_dropped_agent,10317,4367,485.22222222222223,9,864.5555555555555,361.06666666666666
edf07,28,English,sentence_audio,active,10201,4575,457.5,10,850.9100000000001,616.67
edf07,29,English,sentence_audio,active,10892,4060,451.1111111111111,9,928.1333333333334,11.666666666666666
edf07,3,,free_viewing,,6046,4404,367.0,12,927.8916666666668,292.56666666666666
edf07,30,English,sentence_audio,active,10462,4608,658.2857142857143,7,836.8857142857142,468.2857142857143
edf07,31,English,sentence_audio,passive,10947,4655,517.2222222222222,9,984.6666666666666,415.0777777777778
edf07,32,English,sentence_audio,passive,10577,4473,1491.0,3,905.1,236.23333333333335
edf07,33,English,sentence_audio,passive,10592,4256,472.8888888888889,9,987.5888888888888,362.32222222222225
edf07,34,English,sentence_audio,passive_dropped_agent,10830,4412,1103.0,4,918.875,509.775
edf07,35,English,sentence_audio,passive_dropped_agent,10451,2365,2365.0,1,993.9,289.3
edf07,36,English,sentence_audio,passive_dropped_agent,11077,4077,815.4,5,781.9399999999999,184.52000000000004
edf07,4,,free_viewing,,5938,4596,1149.0,4,1005.7249999999999,288.325
edf07,5,,free_viewing,,5802,4412,1103.0,4,916.375,250.27499999999998
edf07,6,,free_viewing,,5858,4298,330.61538461538464,13,964.7538461538462,372.86923076923074
edf07,7,,free_viewing,,5701,4487,747.8333333333334,6,792.4833333333335,431.18333333333334
edf07,8,,free_viewing,,6109,4183,522.875,8,841.4999999999999,363.075
edf07,9,,free_viewing,,5931,4671,1557.0,3,880.3333333333334,236.19999999999996
edf08,1,,free_viewing,,5771,4302,286.8,15,910.1933333333333,584.5
edf08,10,,free_viewing,,5813,4343,394.8181818181818,11,925.7727272727273,699.5818181818181
edf08,11,,free_viewing,,6134,4302,268.875,16,912.9687500000001,554.1875
edf08,12,,free_viewing,,5804,4600,766.6666666666666,6,947.4499999999999,416.6166666666666
edf08,13,,free_viewing,,5733,4218,351.5,12,677.1583333333334,507.53333333333336
edf08,14,,free_viewing,,6072,4428,553.5,8,917.3625,434.34999999999997
edf08,15,,free_viewing,,5846,4132,317.84615384615387,13,878.7461538461539,588.1076923076923
edf08,16,,free_viewing,,5697,4613,461.3,10,994.55,672.1200000000001
edf08,17,,free_viewing,,5975,4595,656.4285714285714,7,990.9285714285713,392.0142857142857
edf08,18,,free_viewing,,5746,4412,882.4,5,940.2,541.8599999999999
edf08,19,Punjabi,sentence_audio,passive,10770,4392,366.0,12,1006.5416666666666,445.6666666666667
edf08,2,,free_viewing,,5865,4509,450.9,10,878.3399999999999,623.33
edf08,20,Punjabi,sentence_audio,passive,10409,4329,393.54545454545456,11,956.1909090909089,455.50909090909096
edf08,21,Punjabi,sentence_audio,passive,10423,4729,1182.25,4,952.5999999999999,476.4
edf08,22,Punjabi,sentence_audio,passive_dropped_agent,11042,4380,547.5,8,908.1374999999999,431.25
edf08,23,Punjabi,sentence_audio,passive_dropped_agent,11127,4081,408.1,10,749.9500000000002,455.15999999999997
edf08,24,Punjabi,sentence_audio,passive_dropped_agent,10880,3730,266.42857142857144,14,1051.8714285714284,585.9714285714284
edf08,25,English,sentence_audio,active,10385,4427,402.45454545454544,11,1028.109090909091,354.10909090909087
edf08,26,English,sentence_audio,active,10240,4536,648.0,7,830.8285714285714,470.3428571428571
edf08,27,English,sentence_audio,active,10676,4536,567.0,8,791.125,429.41249999999997
edf08,28,English,sentence_audio,passive,11109,4157,519.625,8,923.6125,638.725
edf08,29,English,sentence_audio,passive,10401,4661,932.2,5,922.3799999999999,314.2
edf08,3,,free_viewing,,6053,4225,352.0833333333333,12,732.6166666666667,606.3999999999999
edf08,30,English,sentence_audio,passive,10834,4574,653.4285714285714,7,809.8571428571429,522.0428571428572
edf08,31,English,sentence_audio,passive_dropped_agent,10617,4307,478.55555555555554,9,964.8000000000001,364.9555555555555
edf08,32,English,sentence_audio,passive_dropped_agent,10854,4274,534.25,8,927.3375,398.90000000000003
edf08,33,English,sentence_audio,passive_dropped_agent,10882,4702,427.45454545454544,11,1122.2636363636364,385.63636363636357
edf08,34,Punjabi,sentence_audio,active,10774,4386,731.0,6,920.6166666666667,614.5500000000001
edf08,35,Punjabi,sentence_audio,active,10584,4592,1530.6666666666667,3,936.5333333333333,626.0
edf08,36,Punjabi,sentence_audio,active,10205,4511,4511.0,1,964.2,375.7
edf08,4,,free_viewing,,5743,4603,575.375,8,1070.4874999999997,428.0
edf08,5,,free_viewing,,5823,4339,289.26666666666665,15,900.9933333333333,370.78
edf08,6,,free_viewing,,5636,4358,396.1818181818182,11,1023.7909090909089,379.53636363636366
edf08,7,,free_viewing,,5677,4757,951.4,5,986.22,403.84
edf08,8,,free_viewing,,6046,4386,548.25,8,951.9,308.2125
edf08,9,,free_viewing,,5921,4605,575.625,8,928.0875,480.2
edf09,1,,free_viewing,,6067,4520,753.3333333333334,6,816.2833333333334,487.9333333333334
edf09,10,,free_viewing,,5804,4360,396.3636363636364,11,939.781818181818,579.8
edf09,11,,free_viewing,,5975,3871,241.9375,16,944.95625,621.25625
edf09,12,,free_viewing,,6024,4288,357.3333333333333,12,863.6999999999999,514.7083333333333
edf09,13,,free_viewing,,5900,4274,474.8888888888889,9,955.188888888889,531.4000000000001
edf09,14,,free_viewing,,5675,3772,251.46666666666667,15,967.8866666666669,715.68
edf09,15,,free_viewing,,6134,4182,380.1818181818182,11,952.2636363636365,539.4909090909091
edf09,16,,free_viewing,,6054,4362,335.53846153846155,13,963.7615384615385,781.0
edf09,17,,free_viewing,,5823,4037,403.7,10,922.8299999999999,542.05
edf09,18,,free_viewing,,6033,4313,539.125,8,856.425,437.13749999999993
edf09,19,Punjabi,sentence_audio,passive_dropped_agent,10276,4308,478.6666666666667,9,1016.9222222222223,475.4555555555556
edf09,2,,free_viewing,,6009,4269,609.8571428571429,7,1123.042857142857,440.3142857142857
edf09,20,Punjabi,sentence_audio,passive_dropped_agent,10796,4552,505.77777777777777,9,932.1777777777778,512.4555555555556
edf09,21,Punjabi,sentence_audio,passive_dropped_agent,10659,4407,367.25,12,909.7083333333334,616.8000000000001
edf09,22,English,sentence_audio,active,10794,4114,216.52631578947367,19,973.0263157894735,486.1631578947367
edf09,23,English,sentence_audio,active,11082,4288,357.3333333333333,12,823.65,511.66666666666674
edf09,24,English,sentence_audio,active,10987,4361,311.5,14,934.057142857143,469.42857142857144
edf09,25,English,sentence_audio,passive,10679,3817,272.64285714285717,14,1032.0285714285715,443.72142857142853
edf09,26,English,sentence_audio,passive,10881,3790,222.94117647058823,17,906.7705882352939,502.364705882353
edf09,27,English,sentence_audio,passive,10686,4418,441.8,10,901.8699999999999,468.45
edf09,28,English,sentence_audio,passive_dropped_agent,11074,4206,350.5,12,967.9416666666666,677.4
edf09,29,English,sentence_audio,passive_dropped_agent,10819,4269,284.6,15,1060.4933333333333,527.2266666666667
edf09,3,,free_viewing,,6075,4208,300.57142857142856,14,907.4642857142857,517.6857142857142
edf09,30,English,sentence_audio,passive_dropped_agent,11044,4516,410.54545454545456,11,841.8181818181816,478.2545454545454
edf09,31,Punjabi,sentence_audio,active,11258,4218,263.625,16,901.03125,424.68749999999994
edf09,32,Punjabi,sentence_audio,active,10812,3760,376.0,10,928.2400000000001,549.6700000000001
edf09,33,Punjabi,sentence_audio,active,10773,4084,371.27272727272725,11,1126.154545454545,525.1
edf09,34,Punjabi,sentence_audio,passive,10596,4232,705.3333333333334,6,959.0833333333334,652.8333333333333
edf09,35,Punjabi,sentence_audio,passive,10929,3807,475.875,8,973.525,745.3749999999999
edf09,36,Punjabi,sentence_audio,passive,10518,4166,416.6,10,906.55,487.76000000000005
edf09,4,,free_viewing,,6042,4000,363.6363636363636,11,968.8,561.5636363636363
edf09,5,,free_viewing,,6093,4201,323.15384615384613,13,948.6307692307694,499.36153846153843
edf09,6,,free_viewing,,5731,4233,470.3333333333333,9,886.2333333333332,612.0333333333333
edf09,7,,free_viewing,,5646,4312,479.1111111111111,9,866.1333333333333,437.32222222222225
edf09,8,,free_viewing,,5998,4194,322.61538461538464,13,944.3461538461538,642.4000000000001
edf09,9,,free_viewing,,5857,4223,351.9166666666667,12,1006.3416666666668,474.96666666666664
edf10,1,,free_viewing,,6067,4118,343.1666666666667,12,1000.4916666666668,473.6333333333334
edf10,10,,free_viewing,,5673,3900,216.66666666666666,18,912.6222222222223,549.75
edf10,11,,free_viewing,,5642,3818,254.53333333333333,15,867.5333333333332,461.9533333333335
edf10,12,,free_viewing,,6005,4059,312.2307692307692,13,918.8384615384615,522.7076923076924
edf10,13,,free_viewing,,5943,3675,282.6923076923077,13,936.1461538461538,615.6999999999999
edf10,14,,free_viewing,,5961,4137,318.2307692307692,13,827.0384615384615,576.3692307692307
edf10,15,,free_viewing,,6116,4030,287.85714285714283,14,807.8642857142859,481.78571428571433
edf10,16,,free_viewing,,5743,4081,240.05882352941177,17,996.2470588235294,426.9411764705882
edf10,17,,free_viewing,,5884,3828,348.0,11,822.5363636363636,389.17272727272723
edf10,18,,free_viewing,,5916,4308,1436.0,3,926.6666666666666,421.4333333333334
edf10,19,English,sentence_audio,active,11139,4057,270.46666666666664,15,934.7466666666666,508.8933333333333
edf10,2,,free_viewing,,5693,4858,404.8333333333333,12,919.8916666666668,370.2166666666667
edf10,20,English,sentence_audio,active,10375,4153,244.2941176470588,17,1009.4705882352941,488.3882352941176
edf10,21,English,sentence_audio,active,11063,3977,265.1333333333333,15,920.6266666666667,478.31999999999994
edf10,22,English,sentence_audio,passive,10340,4044,404.4,10,896.5400000000002,413.35
edf10,23,English,sentence_audio,passive,10228,4126,257.875,16,906.9062499999999,466.8
edf10,24,English,sentence_audio,passive,11057,3621,190.57894736842104,19,822.1736842105262,490.42105263157896
edf10,25,English,sentence_audio,passive_dropped_agent,10390,4190,246.47058823529412,17,944.6176470588236,338.8411764705883
edf10,26,English,sentence_audio,passive_dropped_agent,10670,4038,288.42857142857144,14,799.7214285714286,516.4785714285715
edf10,27,English,sentence_audio,passive_dropped_agent,11141,4007,333.9166666666667,12,848.1916666666667,441.49999999999994
edf10,28,Punjabi,sentence_audio,active,10438,4254,425.4,10,919.47,534.3899999999999
edf10,29,Punjabi,sentence_audio,active,10899,3405,227.0,15,1027.2066666666667,328.6866666666667
edf10,3,,free_viewing,,6016,3852,275.14285714285717,14,892.7714285714285,606.2928571428572
edf10,30,Punjabi,sentence_audio,active,11077,4145,207.25,20,988.485,395.385
edf10,31,Punjabi,sentence_audio,passive,10754,3910,300.7692307692308,13,985.1461538461537,275.23846153846154
edf10,32,Punjabi,sentence_audio,passive,10733,3995,332.9166666666667,12,883.8333333333334,438.22499999999997
edf10,33,Punjabi,sentence_audio,passive,10349,3905,244.0625,16,1003.2062500000001,378.10625
edf10,34,Punjabi,sentence_audio,passive_dropped_agent,10261,3765,198.1578947368421,19,926.2894736842105,646.4473684210527
edf10,35,Punjabi,sentence_audio,passive_dropped_agent,10818,3868,203.57894736842104,19,1012.3789473684211,465.0736842105263
edf10,36,Punjabi,sentence_audio,passive_dropped_agent,10334,3998,222.11111111111111,18,837.388888888889,434.57777777777784
edf10,4,,free_viewing,,5782,4168,219.3684210526316,19,1060.4684210526316,477.7894736842105
edf10,5,,free_viewing,,5879,3711,265.07142857142856,14,900.2428571428571,465.52142857142866
edf10,6,,free_viewing,,5828,3806,200.31578947368422,19,933.0473684210525,621.8052631578946
edf10,7,,free_viewing,,5948,4070,254.375,16,972.4999999999999,510.31874999999997
edf10,8,,free_viewing,,6002,3892,228.94117647058823,17,870.064705882353,499.7235294117648
edf10,9,,free_viewing,,6133,3810,211.66666666666666,18,972.9277777777776,475.1833333333334
edf11,1,,free_viewing,,5967,4160,346.6666666666667,12,934.9166666666666,712.9083333333333
edf11,11,,free_viewing,,5846,4434,341.0769230769231,13,815.4538461538463,523.723076923077
edf11,12,,free_viewing,,6116,4372,437.2,10,860.53,510.2499999999999
edf11,13,,free_viewing,,5810,4922,4922.0,1,952.1,549.7
edf11,14,,free_viewing,,5950,1652,206.5,8,950.1375,420.2625
edf11,15,,free_viewing,,5976,4266,387.8181818181818,11,1084.081818181818,395.8545454545454
edf11,16,,free_viewing,,5677,4327,332.84615384615387,13,945.7230769230769,462.9769230769231
edf11,17,,free_viewing,,6048,4148,345.6666666666667,12,904.7166666666666,446.34999999999997
edf11,18,,free_viewing,,5647,4401,4401.0,1,1174.8,490.2
edf11,19,English,sentence_audio,passive,10313,3981,331.75,12,961.8583333333332,389.7916666666667
edf11,2,,free_viewing,,5791,4237,302.64285714285717,14,806.7785714285716,446.4285714285714
edf11,20,English,sentence_audio,passive,10852,4338,433.8,10,950.6899999999999,395.45
edf11,21,English,sentence_audio,passive,11038,2128,1064.0,2,894.8,479.0
edf11,22,English,sentence_audio,passive_dropped_agent,10209,4125,825.0,5,899.3399999999999,411.64
edf11,23,English,sentence_audio,passive_dropped_agent,10406,4602,1150.5,4,771.825,438.975
edf11,24,English,sentence_audio,passive_dropped_agent,10815,4295,477.22222222222223,9,875.0444444444444,270.4555555555556
edf11,25,Punjabi,sentence_audio,active,10515,3926,302.0,13,1027.6384615384616,343.1923076923077
edf11,26,Punjabi,sentence_audio,active,10526,3902,278.7142857142857,14,869.5571428571428,484.5571428571428
edf11,27,Punjabi,sentence_audio,active,10522,4262,532.75,8,890.0625,337.8
edf11,28,Punjabi,sentence_audio,passive,10378,3656,281.2307692307692,13,915.5615384615384,646.4230769230769
edf11,29,Punjabi,sentence_audio,passive,10214,3606,300.5,12,1332.9999999999998,774.7499999999999
edf11,3,,free_viewing,,6023,4325,308.92857142857144,14,886.0428571428572,464.16428571428577
edf11,30,Punjabi,sentence_audio,passive,10931,4181,380.09090909090907,11,931.3363636363636,386.8181818181818
edf11,31,Punjabi,sentence_audio,passive_dropped_agent,10398,4282,305.85714285714283,14,941.9928571428571,348.4857142857142
edf11,32,Punjabi,sentence_audio,passive_dropped_agent,11094,4126,412.6,10,888.25,476.95
edf11,34,English,sentence_audio,active,10364,4214,280.93333333333334,15,902.0866666666667,549.94
edf11,35,English,sentence_audio,active,10933,4397,488.55555555555554,9,907.2444444444445,684.9111111111112
edf11,36,English,sentence_audio,active,10459,4299,477.6666666666667,9,859.8000000000001,384.74444444444447
edf11,4,,free_viewing,,5961,4405,440.5,10,835.85,626.9100000000001
edf11,5,,free_viewing,,5689,3755,375.5,10,1060.8899999999999,673.9100000000001
edf11,6,,free_viewing,,5731,4673,1557.6666666666667,3,993.0,345.9333333333334
edf11,7,,free_viewing,,5962,4104,315.6923076923077,13,976.8153846153845,363.4384615384615
edf11,8,,free_viewing,,5849,3991,443.44444444444446,9,996.1444444444444,492.79999999999995
edf11,9,,free_viewing,,5831,4271,474.55555555555554,9,793.9666666666667,458.5888888888888
edf12,1,,free_viewing,,5963,4410,735.0,6,909.75,532.6833333333334
edf12,10,,free_viewing,,5684,4424,402.1818181818182,11,805.7545454545456,518.2909090909092
edf12,11,,free_viewing,,5741,4325,360.4166666666667,12,897.3083333333334,505.51666666666665
edf12,12,,free_viewing,,5710,4372,437.2,10,939.76,503.0
edf12,13,,free_viewing,,5815,4277,356.4166666666667,12,975.4250000000001,577.1416666666668
edf12,14,,free_viewing,,6090,4458,342.9230769230769,13,884.4076923076923,611.7307692307692
edf12,15,,free_viewing,,5932,4240,353.3333333333333,12,974.6249999999999,699.0000000000001
edf12,16,,free_viewing,,5829,4345,289.6666666666667,15,1000.6,742.3933333333333
edf12,17,,free_viewing,,6014,4586,458.6,10,866.2400000000001,645.2900000000001
edf12,18,,free_viewing,,5843,4207,280.46666666666664,15,798.9733333333334,637.44
edf12,19,English,sentence_audio,passive_dropped_agent,10710,4068,813.6,5,955.0400000000002,372.72
edf12,2,,free_viewing,,5942,4226,325.0769230769231,13,955.7461538461539,530.8153846153847
edf12,20,English,sentence_audio,passive_dropped_agent,10560,4282,535.25,8,1057.825,639.3
edf12,21,English,sentence_audio,passive_dropped_agent,11013,4479,447.9,10,906.47,593.79
edf12,22,Punjabi,sentence_audio,active,11197,4463,557.875,8,912.6749999999998,434.5875
edf12,23,Punjabi,sentence_audio,active,10441,4597,510.77777777777777,9,763.2222222222223,498.1777777777778
edf12,24,Punjabi,sentence_audio,active,10867,4015,286.7857142857143,14,884.0571428571429,398.2857142857143
edf12,25,Punjabi,sentence_audio,passive,10535,4649,464.9,10,1032.5000000000002,441.15
edf12,26,Punjabi,sentence_audio,passive,11072,3978,265.2,15,910.0466666666667,615.2466666666668
edf12,27,Punjabi,sentence_audio,passive,10482,4204,323.38461538461536,13,883.6999999999999,526.2153846153847
edf12,28,Punjabi,sentence_audio,passive_dropped_agent,10233,4485,320.35714285714283,14,1026.357142857143,743.0285714285716
edf12,29,Punjabi,sentence_audio,passive_dropped_agent,11059,4307,331.3076923076923,13,1075.2153846153847,348.0538461538462
edf12,3,,free_viewing,,5793,4561,506.77777777777777,9,1070.5222222222221,497.87777777777774
edf12,30,Punjabi,sentence_audio,passive_dropped_agent,10889,4381,273.8125,16,882.71875,485.86250000000007
edf12,31,English,sentence_audio,active,10908,4264,328.0,13,917.5,326.723076923077
edf12,32,English,sentence_audio,active,10840,3858,321.5,12,907.75,548.2916666666667
edf12,33,English,sentence_audio,active,10591,4367,436.7,10,985.3299999999999,483.27
edf12,34,English,sentence_audio,passive,10608,4146,318.9230769230769,13,844.3307692307692,607.6538461538461
edf12,35,English,sentence_audio,passive,10524,4274,610.5714285714286,7,921.6999999999999,614.2571428571429
edf12,36,English,sentence_audio,passive,10564,3874,322.8333333333333,12,597.2666666666668,504.55
edf12,4,,free_viewing,,6075,4549,649.8571428571429,7,927.1,673.7428571428571
edf12,5,,free_viewing,,5955,4321,332.38461538461536,13,1008.3692307692309,352.776923076923
edf12,6,,free_viewing,,5966,4334,254.94117647058823,17,1052.994117647059,475.8588235294118
edf12,7,,free_viewing,,5968,4536,567.0,8,927.05,480.2625
edf12,8,,free_viewing,,6010,4466,406.0,11,922.8454545454547,725.6818181818181
edf12,9,,free_viewing,,5813,4253,327.15384615384613,13,854.2615384615384,361.4846153846154
edf13,1,,free_viewing,,5668,4132,196.76190476190476,21,1081.9809523809522,495.2333333333334
edf13,10,,free_viewing,,5856,3568,237.86666666666667,15,988.3533333333332,653.3266666666666
edf13,11,,free_viewing,,5964,4224,301.7142857142857,14,827.5714285714284,483.08571428571435
edf13,12,,free_viewing,,5653,4121,242.41176470588235,17,1039.3470588235298,546.135294117647
edf13,13,,free_viewing,,6022,4324,1441.3333333333333,3,926.5,489.8333333333333
edf13,14,,free_viewing,,5997,3782,236.375,16,959.38125,538.74375
edf13,15,,free_viewing,,5965,4196,246.8235294117647,17,1000.3117647058825,511.12941176470594
edf13,16,,free_viewing,,5764,4200,233.33333333333334,18,982.7722222222224,709.8833333333334
edf13,17,,free_viewing,,6057,3683,245.53333333333333,15,948.1600000000001,508.6533333333333
edf13,18,,free_viewing,,5694,3946,232.11764705882354,17,913.1176470588235,643.5294117647059
edf13,19,Punjabi,sentence_audio,active,10467,3837,239.8125,16,890.1625000000003,615.48125
edf13,2,,free_viewing,,5687,4083,194.42857142857142,21,990.4190476190478,573.1190476190477
edf13,20,Punjabi,sentence_audio,active,10831,3951,263.4,15,867.2866666666666,520.9933333333333
edf13,21,Punjabi,sentence_audio,active,11070,4328,541.0,8,966.0250000000001,550.525
edf13,22,Punjabi,sentence_audio,passive,10676,3840,240.0,16,915.0062499999999,675.4312499999999
edf13,23,Punjabi,sentence_audio,passive,10992,3914,260.93333333333334,15,773.3533333333331,551.1133333333332
edf13,24,Punjabi,sentence_audio,passive,10617,3715,265.35714285714283,14,850.9857142857143,518.0214285714285
edf13,25,Punjabi,sentence_audio,passive_dropped_agent,10808,4392,366.0,12,809.1750000000001,504.60833333333335
edf13,26,Punjabi,sentence_audio,passive_dropped_agent,10697,4069,290.64285714285717,14,1003.7357142857144,462.5928571428571
edf13,27,Punjabi,sentence_audio,passive_dropped_agent,11061,3791,252.73333333333332,15,820.64,445.9266666666666
edf13,28,English,sentence_audio,active,11192,3484,232.26666666666668,15,941.8333333333335,448.52000000000004
edf13,29,English,sentence_audio,active,10368,4690,1172.5,4,810.8,532.725
edf13,3,,free_viewing,,5973,4221,234.5,18,954.9500000000002,516.7611111111112
edf13,30,English,sentence_audio,active,10505,3273,204.5625,16,1089.4,470.84375000000006
edf13,31,English,sentence_audio,passive,10597,4607,658.1428571428571,7,1082.3714285714286,722.0
edf13,32,English,sentence_audio,passive,10267,4015,250.9375,16,965.4562499999998,621.88125
edf13,35,English,sentence_audio,passive_dropped_agent,11040,3740,311.6666666666667,12,961.7166666666667,469.6583333333333
edf13,36,English,sentence_audio,passive_dropped_agent,10212,3902,216.77777777777777,18,960.7722222222224,455.1055555555556
edf13,4,,free_viewing,,6011,4169,189.5,22,969.5227272727271,651.6454545454546
edf13,5,,free_viewing,,5895,4363,207.76190476190476,21,887.0619047619049,512.5571428571427
edf13,6,,free_viewing,,6102,4136,217.68421052631578,19,907.7631578947367,560.0684210526316
edf13,7,,free_viewing,,5793,4278,213.9,20,938.555,711.9850000000001
edf13,8,,free_viewing,,5793,4171,208.55,20,843.95,588.43
edf13,9,,free_viewing,,6021,3963,220.16666666666666,18,1039.4444444444443,456.1499999999999
edf14,1,,free_viewing,,6001,4443,317.35714285714283,14,926.9214285714286,554.2642857142857
edf14,10,,free_viewing,,5939,4185,279.0,15,921.4066666666669,698.4200000000001
edf14,11,,free_viewing,,5672,3966,283.2857142857143,14,982.9071428571427,451.40000000000003
edf14,12,,free_viewing,,5720,4180,232.22222222222223,18,936.6333333333334,563.5111111111112
edf14,13,,free_viewing,,5889,4161,260.0625,16,956.2375,754.41875
edf14,14,,free_viewing,,5781,4103,227.94444444444446,18,900.811111111111,735.0166666666667
edf14,15,,free_viewing,,5666,4020,251.25,16,946.7999999999998,590.375
edf14,16,,free_viewing,,6066,4126,275.06666666666666,15,1009.6666666666667,446.3133333333334
edf14,17,,free_viewing,,6112,4136,258.5,16,1001.1562499999999,500.24375000000003
edf14,18,,free_viewing,,5907,4279,305.64285714285717,14,913.7357142857144,536.2785714285715
edf14,19,Punjabi,sentence_audio,passive,10919,4213,324.0769230769231,13,878.1923076923075,540.1076923076922
edf14,2,,free_viewing,,5851,4329,309.2142857142857,14,896.3785714285714,676.9142857142857
edf14,20,Punjabi,sentence_audio,passive,11020,4292,306.57142857142856,14,876.9857142857144,598.8642857142856
edf14,21,Punjabi,sentence_audio,passive,10422,4376,312.57142857142856,14,906.4142857142855,534.1928571428572
edf14,22,Punjabi,sentence_audio,passive_dropped_agent,11037,4193,381.1818181818182,11,1010.2,755.3272727272728
edf14,23,Punjabi,sentence_audio,passive_dropped_agent,10334,4064,270.93333333333334,15,1053.313333333333,586.3666666666668
edf14,24,Punjabi,sentence_audio,passive_dropped_agent,10313,4306,358.8333333333333,12,922.2083333333334,499.0
edf14,25,English,sentence_audio,active,10953,4171,347.5833333333333,12,804.1666666666666,603.5916666666666
edf14,26,English,sentence_audio,active,10395,4477,407.0,11,975.5545454545453,378.19090909090914
edf14,27,English,sentence_audio,active,10267,4194,233.0,18,869.7055555555555,548.561111111111
edf14,28,English,sentence_audio,passive,10589,4125,275.0,15,964.2666666666667,548.8333333333334
edf14,29,English,sentence_audio,passive,10504,4502,409.27272727272725,11,836.1909090909091,575.2363636363636
edf14,3,,free_viewing,,6024,4402,366.8333333333333,12,897.0083333333333,586.0333333333334
edf14,30,English,sentence_audio,passive,10253,4511,375.9166666666667,12,919.4833333333332,460.5416666666666
edf14,31,English,sentence_audio,passive_dropped_agent,10341,3989,265.93333333333334,15,958.8533333333334,705.5533333333334
edf14,32,English,sentence_audio,passive_dropped_agent,10222,4276,475.1111111111111,9,942.8777777777777,742.9555555555556
edf14,33,English,sentence_audio,passive_dropped_agent,10566,4316,431.6,10,888.7700000000001,454.98
edf14,34,Punjabi,sentence_audio,active,10606,4206,300.42857142857144,14,945.2857142857143,566.3
edf14,35,Punjabi,sentence_audio,active,10197,4217,351.4166666666667,12,976.5333333333334,532.95
edf14,36,Punjabi,sentence_audio,active,10254,4112,241.88235294117646,17,984.1470588235294,534.0
edf14,4,,free_viewing,,5879,4236,353.0,12,966.7166666666666,488.78333333333336
edf14,5,,free_viewing,,5655,4507,346.6923076923077,13,927.3076923076922,531.9076923076923
edf14,6,,free_viewing,,5662,4418,315.57142857142856,14,975.3357142857143,545.2214285714286
edf14,7,,free_viewing,,5681,4251,236.16666666666666,18,1013.9055555555557,655.3888888888891
edf14,8,,free_viewing,,5948,4274,284.93333333333334,15,1051.0533333333335,549.2600000000001
edf14,9,,free_viewing,,5860,4194,349.5,12,982.3166666666666,623.6166666666667
edf15,1,,free_viewing,,5987,4239,302.7857142857143,14,941.1357142857142,469.55
edf15,10,,free_viewing,,5915,4158,218.8421052631579,19,820.9105263157894,566.0789473684209
edf15,11,,free_viewing,,5660,4374,312.42857142857144,14,987.4142857142857,457.89285714285717
edf15,12,,free_viewing,,5791,4069,239.35294117647058,17,920.8647058823528,490.5764705882352
edf15,13,,free_viewing,,5689,4231,211.55,20,949.015,448.45500000000004
edf15,14,,free_viewing,,5790,3834,273.85714285714283,14,939.1642857142858,571.65
edf15,15,,free_viewing,,5933,4253,283.53333333333336,15,981.3066666666667,776.4400000000002
edf15,16,,free_viewing,,5639,4091,240.64705882352942,17,909.8411764705882,367.18823529411765
edf15,17,,free_viewing,,5766,4176,208.8,20,1064.73,362.56999999999994
edf15,18,,free_viewing,,5743,4147,243.94117647058823,17,845.8529411764705,396.6117647058823
edf15,19,Punjabi,sentence_audio,passive_dropped_agent,11052,4272,251.2941176470588,17,915.6529411764706,508.6705882352941
edf15,2,,free_viewing,,5783,4005,190.71428571428572,21,971.7238095238096,491.08571428571435
edf15,20,Punjabi,sentence_audio,passive_dropped_agent,10473,4409,400.8181818181818,11,941.2909090909089,434.19090909090914
edf15,21,Punjabi,sentence_audio,passive_dropped_agent,11112,4112,228.44444444444446,18,966.9888888888888,464.2277777777778
edf15,22,English,sentence_audio,active,10627,4125,206.25,20,918.515,604.185
edf15,23,English,sentence_audio,active,10897,4073,214.3684210526316,19,953.9105263157896,486.79473684210535
edf15,24,English,sentence_audio,active,10182,3616,172.1904761904762,21,873.6095238095238,395.1952380952381
edf15,25,English,sentence_audio,passive,10286,4254,327.2307692307692,13,788.5307692307694,631.323076923077
edf15,26,English,sentence_audio,passive,10322,4120,316.9230769230769,13,1019.1076923076923,359.1384615384616
edf15,27,English,sentence_audio,passive,10865,4273,305.2142857142857,14,859.9857142857144,392.27142857142866
edf15,28,English,sentence_audio,passive_dropped_agent,10554,3916,195.8,20,997.68,345.64
edf15,29,English,sentence_audio,passive_dropped_agent,10405,4259,250.52941176470588,17,868.3941176470588,424.72352941176473
edf15,3,,free_viewing,,6024,4138,229.88888888888889,18,1037.0111111111112,418.8166666666666
edf15,30,English,sentence_audio,passive_dropped_agent,10720,3646,227.875,16,944.46875,418.05
edf15,31,Punjabi,sentence_audio,active,10591,3901,205.31578947368422,19,960.521052631579,619.615789473684
edf15,32,Punjabi,sentence_audio,active,10420,3882,242.625,16,983.3499999999999,663.525
edf15,33,Punjabi,sentence_audio,active,10713,4224,234.66666666666666,18,900.4944444444443,444.3833333333333
edf15,34,Punjabi,sentence_audio,passive,10564,3910,230.0,17,958.9705882352943,521.835294117647
edf15,35,Punjabi,sentence_audio,passive,10834,4368,291.2,15,1014.98,500.66
edf15,36,Punjabi,sentence_audio,passive,10799,4117,216.68421052631578,19,852.9684210526316,443.06315789473666
edf15,4,,free_viewing,,5790,4116,242.11764705882354,17,950.964705882353,357.6058823529412
edf15,5,,free_viewing,,6033,4129,206.45,20,1047.45,708.12
edf15,6,,free_viewing,,6120,4004,235.52941176470588,17,952.5411764705881,433.1705882352941
edf15,7,,free_viewing,,5786,4258,354.8333333333333,12,954.6916666666667,418.1499999999999
edf15,8,,free_viewing,,5697,4015,191.1904761904762,21,999.0904761904762,529.2666666666667
edf15,9,,free_viewing,,6031,4126,217.1578947368421,19,844.7947368421053,525.5842105263158
edf16,1,,free_viewing,,6100,4260,387.27272727272725,11,1017.1454545454548,498.5181818181818
edf16,10,,free_viewing,,6054,4412,441.2,10,1034.9299999999998,391.27
edf16,11,,free_viewing,,5645,4477,895.4,5,947.2,482.48
edf16,12,,free_viewing,,6029,4519,903.8,5,1040.48,404.85999999999996
edf16,13,,free_viewing,,5718,4372,437.2,10,828.0099999999999,443.07
edf16,14,,free_viewing,,6055,4585,1146.25,4,963.6000000000001,455.57499999999993
edf16,15,,free_viewing,,6133,4079,291.35714285714283,14,952.6571428571431,466.6857142857143
edf16,16,,free_viewing,,5991,4647,1161.75,4,987.95,656.475
edf16,17,,free_viewing,,5697,4563,760.5,6,987.3166666666666,313.0
edf16,18,,free_viewing,,6074,4436,1109.0,4,937.675,461.625
edf16,19,English,sentence_audio,active,10205,4219,421.9,10,935.28,497.68999999999994
edf16,2,,free_viewing,,5689,4303,391.1818181818182,11,912.2727272727273,578.8909090909091
edf16,20,English,sentence_audio,active,10476,4494,642.0,7,933.0285714285714,455.24285714285713
edf16,21,English,sentence_audio,active,10750,106,106.0,1,964.7,546.9
edf16,22,English,sentence_audio,passive,10825,4434,554.25,8,914.2624999999999,536.725
edf16,23,English,sentence_audio,passive,10485,4463,557.875,8,932.7249999999999,495.76249999999993
edf16,24,English,sentence_audio,passive,10956,4444,888.8,5,986.64,443.5200000000001
edf16,25,English,sentence_audio,passive_dropped_agent,11118,4394,627.7142857142857,7,869.4714285714286,497.4428571428572
edf16,26,English,sentence_audio,passive_dropped_agent,10227,3233,359.22222222222223,9,979.9333333333333,322.1222222222222
edf16,27,English,sentence_audio,passive_dropped_agent,10857,3129,625.8,5,869.32,433.94000000000005
edf16,28,Punjabi,sentence_audio,active,10995,4089,454.3333333333333,9,1012.9333333333333,377.87777777777785
edf16,29,Punjabi,sentence_audio,active,10186,4406,629.4285714285714,7,927.6999999999998,414.17142857142863
edf16,3,,free_viewing,,6117,4179,245.8235294117647,17,941.4294117647058,374.1058823529412
edf16,30,Punjabi,sentence_audio,active,11048,4302,478.0,9,1006.0666666666667,386.8777777777778
edf16,31,Punjabi,sentence_audio,passive,10255,4353,725.5,6,971.6666666666665,610.8000000000001
edf16,32,Punjabi,sentence_audio,passive,10800,4476,1119.0,4,961.5500000000001,539.15
edf16,33,Punjabi,sentence_audio,passive,10735,4435,739.1666666666666,6,946.5333333333333,446.01666666666665
edf16,34,Punjabi,sentence_audio,passive_dropped_agent,10627,4429,885.8,5,960.8199999999999,417.7
edf16,35,Punjabi,sentence_audio,passive_dropped_agent,10878,4416,1104.0,4,1004.675,436.1
edf16,36,Punjabi,sentence_audio,passive_dropped_agent,10877,4433,554.125,8,916.3625,441.6375
edf16,4,,free_viewing,,6108,4266,387.8181818181818,11,1013.8363636363637,424.909090909091
edf16,5,,free_viewing,,5918,4072,271.46666666666664,15,912.4,379.9133333333333
edf16,6,,free_viewing,,6115,4375,546.875,8,981.8249999999999,633.1
edf16,7,,free_viewing,,5779,4343,434.3,10,923.04,485.37000000000006
edf16,8,,free_viewing,,5812,4258,425.8,10,836.47,540.5600000000001
edf16,9,,free_viewing,,6059,4483,560.375,8,873.4875000000001,418.63750000000005
edf17,1,,free_viewing,,5688,4226,325.0769230769231,13,1046.5615384615382,441.9153846153846
edf17,10,,free_viewing,,5849,4565,2282.5,2,918.35,465.15
edf17,11,,free_viewing,,5770,4212,280.8,15,979.0266666666665,586.5066666666667
edf17,12,,free_viewing,,5775,3931,327.5833333333333,12,974.2000000000002,419.40833333333336
edf17,13,,free_viewing,,5774,4178,245.76470588235293,17,935.3117647058823,685.6705882352941
edf17,14,,free_viewing,,6054,4532,1510.6666666666667,3,889.3333333333334,411.73333333333335
edf17,15,,free_viewing,,6026,4070,814.0,5,966.4400000000002,513.72
edf17,16,,free_viewing,,5737,4255,283.6666666666667,15,948.6666666666666,387.5133333333333
edf17,17,,free_viewing,,5773,4189,246.41176470588235,17,909.6352941176472,576.964705882353
edf17,18,,free_viewing,,5849,4485,373.75,12,1044.8916666666667,381.0083333333334
edf17,19,English,sentence_audio,passive,10420,4114,257.125,16,934.95625,566.64375
edf17,2,,free_viewing,,5654,4160,244.7058823529412,17,886.7529411764706,538.2058823529411
edf17,20,English,sentence_audio,passive,10850,3928,436.44444444444446,9,956.5888888888888,427.4555555555556
edf17,21,English,sentence_audio,passive,10527,4119,374.45454545454544,11,957.7636363636364,443.3545454545454
edf17,22,English,sentence_audio,passive_dropped_agent,10945,4056,312.0,13,907.676923076923,699.6076923076923
edf17,23,English,sentence_audio,passive_dropped_agent,10251,4207,280.46666666666664,15,1073.8999999999999,751.6066666666667
edf17,24,English,sentence_audio,passive_dropped_agent,10390,4346,310.42857142857144,14,959.35,428.3642857142857
edf17,25,Punjabi,sentence_audio,active,10614,3996,333.0,12,861.2333333333335,520.0916666666667
edf17,26,Punjabi,sentence_audio,active,10507,4248,354.0,12,964.1000000000003,396.50833333333327
edf17,27,Punjabi,sentence_audio,active,10223,4355,544.375,8,867.8375000000001,425.1125
edf17,28,Punjabi,sentence_audio,passive,10547,4413,551.625,8,897.6874999999999,357.4125
edf17,29,Punjabi,sentence_audio,passive,10840,3972,209.05263157894737,19,880.7000000000002,499.0105263157895
edf17,3,,free_viewing,,6106,4312,287.46666666666664,15,891.4066666666665,606.8133333333333
edf17,30,Punjabi,sentence_audio,passive,10206,4286,252.11764705882354,17,957.0470588235294,437.1470588235294
edf17,31,Punjabi,sentence_audio,passive_dropped_agent,10776,4062,270.8,15,887.0933333333336,617.8066666666667
edf17,32,Punjabi,sentence_audio,passive_dropped_agent,10825,4605,767.5,6,956.0500000000001,620.8166666666667
edf17,33,Punjabi,sentence_audio,passive_dropped_agent,10710,4566,507.3333333333333,9,927.2111111111112,518.8111111111111
edf17,34,English,sentence_audio,active,10479,4209,420.9,10,959.97,513.96
edf17,35,English,sentence_audio,active,10559,4421,340.0769230769231,13,979.3076923076922,517.546153846154
edf17,36,English,sentence_audio,active,10199,4239,326.0769230769231,13,943.9461538461538,510.176923076923
edf17,4,,free_viewing,,6070,4326,288.4,15,973.2400000000001,629.6933333333333
edf17,5,,free_viewing,,5934,4224,281.6,15,957.4400000000002,428.5199999999999
edf17,6,,free_viewing,,6105,4125,317.3076923076923,13,1008.3000000000001,503.49230769230775
edf17,7,,free_viewing,,5684,4436,403.27272727272725,11,1054.2545454545455,601.9090909090909
edf17,8,,free_viewing,,6100,4310,307.85714285714283,14,1011.9571428571429,493.0142857142856
edf17,9,,free_viewing,,5710,4364,290.93333333333334,15,939.2533333333333,516.9133333333333
edf18,1,,free_viewing,,5800,4200,247.05882352941177,17,873.2941176470588,480.90000000000003
edf18,10,,free_viewing,,5751,3895,216.38888888888889,18,1008.4833333333333,520.0722222222222
edf18,11,,free_viewing,,5915,4098,273.2,15,986.9666666666668,515.4
edf18,12,,free_viewing,,5893,4117,316.6923076923077,13,775.6999999999999,634.3692307692307
edf18,13,,free_viewing,,5684,4034,310.3076923076923,13,973.7538461538463,447.97692307692313
edf18,14,,free_viewing,,6008,4228,248.7058823529412,17,909.7294117647058,386.4235294117648
edf18,15,,free_viewing,,5826,4310,287.3333333333333,15,954.1066666666666,494.3733333333332
edf18,16,,free_viewing,,5638,4046,224.77777777777777,18,1105.2833333333333,473.26666666666665
edf18,17,,free_viewing,,5653,4063,203.15,20,895.3199999999999,463.01000000000005
edf18,18,,free_viewing,,5708,4114,242.0,17,864.635294117647,522.0529411764705
edf18,19,English,sentence_audio,passive_dropped_agent,11161,3975,265.0,15,835.5066666666667,512.08
edf18,2,,free_viewing,,6080,4328,309.14285714285717,14,769.2214285714286,526.7071428571428
edf18,20,English,sentence_audio,passive_dropped_agent,10374,3938,302.9230769230769,13,903.4307692307692,442.69999999999993
edf18,21,English,sentence_audio,passive_dropped_agent,10618,3944,328.6666666666667,12,962.5333333333334,407.55
edf18,22,Punjabi,sentence_audio,active,10483,3877,242.3125,16,837.93125,486.22499999999997
edf18,23,Punjabi,sentence_audio,active,10220,3984,249.0,16,929.6187500000002,365.70624999999995
edf18,24,Punjabi,sentence_audio,active,10398,3928,245.5,16,936.4187500000002,415.04999999999995
edf18,25,Punjabi,sentence_audio,passive,10512,3980,284.2857142857143,14,828.5357142857144,506.30714285714294
edf18,26,Punjabi,sentence_audio,passive,10308,4096,341.3333333333333,12,981.75,386.51666666666665
edf18,27,Punjabi,sentence_audio,passive,10400,3838,213.22222222222223,18,861.7833333333334,436.3166666666667
edf18,28,Punjabi,sentence_audio,passive_dropped_agent,11140,4188,380.72727272727275,11,1012.5545454545453,366.7181818181818
edf18,29,Punjabi,sentence_audio,passive_dropped_agent,11055,4104,273.6,15,792.4266666666667,455.26000000000005
edf18,3,,free_viewing,,5809,4163,231.27777777777777,18,760.4388888888889,533.5944444444444
edf18,30,Punjabi,sentence_audio,passive_dropped_agent,10339,3985,332.0833333333333,12,934.2333333333331,366.39166666666665
edf18,31,English,sentence_audio,active,10435,4075,339.5833333333333,12,1001.6333333333333,672.1583333333334
edf18,32,English,sentence_audio,active,10961,4257,354.75,12,972.6583333333333,576.3583333333333
edf18,33,English,sentence_audio,active,10821,3947,328.9166666666667,12,923.5500000000001,505.47499999999997
edf18,34,English,sentence_audio,passive,10252,4406,367.1666666666667,12,968.1916666666666,487.30833333333334
edf18,35,English,sentence_audio,passive,10781,4099,315.3076923076923,13,963.946153846154,481.4384615384615
edf18,36,English,sentence_audio,passive,10969,3969,283.5,14,889.9428571428572,472.7785714285714
edf18,4,,free_viewing,,5942,4224,264.0,16,915.6125000000001,478.09999999999997
edf18,5,,free_viewing,,6125,4407,400.6363636363636,11,981.6090909090908,481.0
edf18,6,,free_viewing,,5893,4226,264.125,16,972.9000000000001,570.83125
edf18,7,,free_viewing,,5751,4399,338.38461538461536,13,928.3846153846154,482.83846153846156
edf18,8,,free_viewing,,5821,4263,236.83333333333334,18,918.8499999999998,703.9500000000002
edf18,9,,free_viewing,,6106,4138,295.57142857142856,14,912.6714285714285,701.8571428571429
edf19,1,,free_viewing,,5815,4071,271.4,15,808.12,560.9533333333334
edf19,10,,free_viewing,,5784,4608,576.0,8,890.6374999999999,564.5875
edf19,11,,free_viewing,,5916,3908,390.8,10,996.8000000000002,411.26000000000005
edf19,12,,free_viewing,,6039,3997,363.3636363636364,11,949.3545454545456,537.3181818181819
edf19,13,,free_viewing,,5991,4429,442.9,10,844.5099999999999,532.5699999999999
edf19,14,,free_viewing,,5811,4501,500.1111111111111,9,835.3777777777779,491.3333333333333
edf19,15,,free_viewing,,5660,4448,494.22222222222223,9,950.5222222222221,409.3777777777778
edf19,16,,free_viewing,,5928,4158,346.5,12,851.7333333333335,537.3583333333332
edf19,17,,free_viewing,,5760,4328,332.9230769230769,13,986.1692307692308,741.823076923077
edf19,18,,free_viewing,,5924,4050,810.0,5,490.94000000000005,579.6599999999999
edf19,19,Punjabi,sentence_audio,active,11054,4182,298.7142857142857,14,894.0357142857143,501.4500000000001
edf19,2,,free_viewing,,6132,4204,300.2857142857143,14,852.2142857142857,616.4857142857143
edf19,20,Punjabi,sentence_audio,active,10780,4482,498.0,9,880.6444444444445,470.68888888888887
edf19,21,Punjabi,sentence_audio,active,10598,4212,300.85714285714283,14,932.592857142857,557.2357142857143
edf19,22,Punjabi,sentence_audio,passive,11042,1732,157.45454545454547,11,1073.7636363636361,627.6272727272726
edf19,23,Punjabi,sentence_audio,passive,10261,3823,224.88235294117646,17,858.8941176470588,575.6764705882352
edf19,24,Punjabi,sentence_audio,passive,10240,2896,241.33333333333334,12,837.7166666666667,453.0833333333333
edf19,25,Punjabi,sentence_audio,passive_dropped_agent,10356,1614,201.75,8,865.7125,444.54999999999995
edf19,26,Punjabi,sentence_audio,passive_dropped_agent,10406,2564,256.4,10,978.39,501.85
edf19,27,Punjabi,sentence_audio,passive_dropped_agent,10191,4309,359.0833333333333,12,851.3916666666665,699.1999999999998
edf19,28,English,sentence_audio,active,11155,4137,376.09090909090907,11,972.5454545454545,460.609090909091
edf19,29,English,sentence_audio,active,10548,4436,492.8888888888889,9,788.3444444444444,541.1111111111111
edf19,3,,free_viewing,,5944,4148,276.53333333333336,15,834.1866666666666,649.1333333333333
edf19,30,English,sentence_audio,active,10804,4238,605.4285714285714,7,979.2428571428571,462.64285714285717
edf19,31,English,sentence_audio,passive,11003,4239,385.3636363636364,11,1080.2454545454545,727.7090909090908
edf19,32,English,sentence_audio,passive,10683,3541,393.44444444444446,9,850.5666666666666,528.9888888888888
edf19,33,English,sentence_audio,passive,10277,4249,472.1111111111111,9,745.2111111111111,494.9111111111111
edf19,34,English,sentence_audio,passive_dropped_agent,11072,3738,373.8,10,809.9100000000001,404.43
edf19,35,English,sentence_audio,passive_dropped_agent,10387,2869,220.69230769230768,13,852.7000000000002,408.40769230769234
edf19,36,English,sentence_audio,passive_dropped_agent,10638,4594,510.44444444444446,9,899.7555555555556,498.64444444444445
edf19,4,,free_viewing,,5773,4221,324.6923076923077,13,786.3692307692309,730.0615384615386
edf19,5,,free_viewing,,5747,4469,343.7692307692308,13,776.8153846153847,463.96153846153845
edf19,6,,free_viewing,,6107,4467,496.3333333333333,9,862.7333333333333,550.0333333333333
edf19,7,,free_viewing,,5804,4458,342.9230769230769,13,951.153846153846,560.1000000000001
edf19,8,,free_viewing,,5649,4573,762.1666666666666,6,909.4666666666666,479.7166666666667
edf19,9,,free_viewing,,6072,4470,372.5,12,1017.7833333333334,660.1416666666667
edf20,1,,free_viewing,,5933,4593,1531.0,3,988.4666666666667,465.90000000000003
edf20,10,,free_viewing,,5974,4358,335.2307692307692,13,795.1923076923077,529.7384615384615
edf20,11,,free_viewing,,6132,4526,452.6,10,1033.21,495.03999999999985
edf20,12,,free_viewing,,5851,4251,265.6875,16,1010.5312500000001,462.2875000000001
edf20,13,,free_viewing,,5999,4587,764.5,6,1095.3500000000001,462.26666666666665
edf20,14,,free_viewing,,5733,4268,304.85714285714283,14,970.5571428571427,563.3214285714286
edf20,15,,free_viewing,,5758,4168,320.61538461538464,13,968.6999999999999,776.1923076923078
edf20,16,,free_viewing,,6126,4378,486.44444444444446,9,825.7,599.4555555555556
edf20,17,,free_viewing,,5643,4321,432.1,10,886.79,680.97
edf20,18,,free_viewing,,6093,4469,496.55555555555554,9,1064.8444444444444,387.9777777777778
edf20,19,Punjabi,sentence_audio,passive,10742,4376,437.6,10,813.1099999999999,537.4
edf20,2,,free_viewing,,6126,4232,282.1333333333333,15,879.1466666666664,560.3999999999999
edf20,20,Punjabi,sentence_audio,passive,10671,4521,452.1,10,962.4800000000001,424.65
edf20,21,Punjabi,sentence_audio,passive,10647,4548,649.7142857142857,7,899.0428571428572,476.95714285714297
edf20,22,Punjabi,sentence_audio,passive_dropped_agent,10211,4359,484.3333333333333,9,995.7111111111111,677.5000000000001
edf20,23,Punjabi,sentence_audio,passive_dropped_agent,10684,4088,408.8,10,1028.4900000000002,505.8299999999999
edf20,24,Punjabi,sentence_audio,passive_dropped_agent,11052,4468,496.44444444444446,9,863.6222222222223,461.78888888888895
edf20,25,English,sentence_audio,active,10635,4429,553.625,8,781.8374999999999,498.59999999999997
edf20,26,English,sentence_audio,active,10974,4324,360.3333333333333,12,1011.8083333333334,459.65833333333336
edf20,27,English,sentence_audio,active,10615,4669,778.1666666666666,6,923.3666666666667,480.61666666666673
edf20,28,English,sentence_audio,passive,10618,4456,371.3333333333333,12,1061.7333333333333,444.2
edf20,29,English,sentence_audio,passive,10899,4567,652.4285714285714,7,826.842857142857,571.3714285714285
edf20,3,,free_viewing,,5983,4423,552.875,8,952.2,502.275
edf20,30,English,sentence_audio,passive,10935,4099,819.8,5,942.4200000000001,403.58000000000004
edf20,31,English,sentence_audio,passive_dropped_agent,10323,4563,912.6,5,1051.1200000000001,657.9399999999999
edf20,32,English,sentence_audio,passive_dropped_agent,10478,4572,914.4,5,1008.28,616.26
edf20,33,English,sentence_audio,passive_dropped_agent,10695,4187,837.4,5,916.86,507.21999999999997
edf20,34,Punjabi,sentence_audio,active,10663,4519,451.9,10,924.7000000000002,523.0200000000001
edf20,35,Punjabi,sentence_audio,active,10699,4593,417.54545454545456,11,1007.527272727273,517.1
edf20,36,Punjabi,sentence_audio,active,10196,4290,357.5,12,743.5,633.7166666666667
edf20,4,,free_viewing,,5932,4170,463.3333333333333,9,948.8555555555556,582.411111111111
edf20,5,,free_viewing,,6033,4213,263.3125,16,914.8437499999999,609.2062500000001
edf20,6,,free_viewing,,5831,4449,370.75,12,1108.4166666666665,708.1083333333335
edf20,7,,free_viewing,,6004,4394,488.22222222222223,9,913.2444444444445,455.6555555555556
edf20,8,,free_viewing,,5844,4384,365.3333333333333,12,1004.6666666666666,533.8916666666668
edf20,9,,free_viewing,,6000,3768,628.0,6,998.7166666666667,514.0333333333333
edf21,1,,free_viewing,,5841,3950,303.84615384615387,13,849.0384615384614,447.7230769230769
edf21,10,,free_viewing,,5888,4350,362.5,12,912.3583333333332,462.5249999999999
edf21,11,,free_viewing,,5958,4116,343.0,12,1040.2333333333333,674.4583333333334
edf21,12,,free_viewing,,5878,4302,330.9230769230769,13,999.2,444.723076923077
edf21,13,,free_viewing,,5658,4178,379.8181818181818,11,961.2454545454544,411.97272727272724
edf21,14,,free_viewing,,5713,4141,376.45454545454544,11,897.0727272727272,582.8181818181819
edf21,15,,free_viewing,,5940,4084,255.25,16,905.775,467.01249999999993
edf21,16,,free_viewing,,5677,3835,191.75,20,965.8,436.44500000000016
edf21,17,,free_viewing,,6023,4033,288.07142857142856,14,964.1357142857144,554.8428571428572
edf21,18,,free_viewing,,5789,3957,247.3125,16,1027.04375,399.55625
edf21,19,Punjabi,sentence_audio,passive_dropped_agent,11151,4041,269.4,15,820.8799999999999,556.3933333333332
edf21,2,,free_viewing,,5878,4248,303.42857142857144,14,935.0500000000001,674.4928571428571
edf21,20,Punjabi,sentence_audio,passive_dropped_agent,11152,4224,384.0,11,849.7636363636364,461.95454545454544
edf21,21,Punjabi,sentence_audio,passive_dropped_agent,11166,3912,300.9230769230769,13,963.6000000000001,455.4692307692308
edf21,22,English,sentence_audio,active,10371,4099,315.3076923076923,13,902.3538461538462,548.6153846153846
edf21,23,English,sentence_audio,active,10580,4096,315.0769230769231,13,967.3692307692309,344.13846153846146
edf21,24,English,sentence_audio,active,10248,4108,293.42857142857144,14,947.3214285714286,389.05000000000007
edf21,25,English,sentence_audio,passive,11137,3909,325.75,12,789.6166666666667,634.5
edf21,26,English,sentence_audio,passive,10309,4333,619.0,7,1092.642857142857,349.9857142857142
edf21,27,English,sentence_audio,passive,10372,3842,295.53846153846155,13,957.1999999999999,531.2692307692307
edf21,28,English,sentence_audio,passive_dropped_agent,10224,4082,314.0,13,1090.576923076923,385.976923076923
edf21,29,English,sentence_audio,passive_dropped_agent,10911,4229,1409.6666666666667,3,855.7999999999998,458.1666666666667
edf21,3,,free_viewing,,5863,4077,239.8235294117647,17,966.364705882353,401.86470588235295
edf21,30,English,sentence_audio,passive_dropped_agent,11080,4252,531.5,8,1039.3874999999998,390.925
edf21,31,Punjabi,sentence_audio,active,10835,4199,599.8571428571429,7,986.8714285714285,641.1428571428571
edf21,32,Punjabi,sentence_audio,active,10566,4068,452.0,9,947.4444444444445,563.2222222222222
edf21,33,Punjabi,sentence_audio,active,10682,3014,502.3333333333333,6,951.6666666666666,390.51666666666665
edf21,34,Punjabi,sentence_audio,passive,10362,4444,1481.3333333333333,3,966.3333333333334,450.8333333333333
edf21,35,Punjabi,sentence_audio,passive,10381,4695,4695.0,1,988.1,454.0
edf21,36,Punjabi,sentence_audio,passive,10899,4233,470.3333333333333,9,865.4666666666667,412.20000000000005
edf21,4,,free_viewing,,6050,4258,236.55555555555554,18,943.6777777777778,504.838888888889
edf21,5,,free_viewing,,6103,4259,354.9166666666667,12,1005.3416666666666,410.75
edf21,6,,free_viewing,,5642,4276,427.6,10,904.5699999999999,512.0899999999999
edf21,7,,free_viewing,,5841,3895,229.11764705882354,17,879.7705882352941,346.5529411764706
edf21,8,,free_viewing,,5709,4357,363.0833333333333,12,959.4,435.18333333333334
edf21,9,,free_viewing,,5948,4138,258.625,16,914.8749999999999,473.20625
edf22,1,,free_viewing,,5795,3845,1281.6666666666667,3,876.4666666666667,386.06666666666666
edf22,10,,free_viewing,,6039,3417,227.8,15,915.36,518.96
edf22,11,,free_viewing,,5710,4050,213.1578947368421,19,823.0526315789474,701.078947368421
edf22,12,,free_viewing,,5715,4210,221.57894736842104,19,876.2052631578946,452.5052631578948
edf22,13,,free_viewing,,5681,4109,273.93333333333334,15,927.9666666666666,346.02000000000004
edf22,14,,free_viewing,,5726,3770,377.0,10,845.2700000000001,380.73
edf22,15,,free_viewing,,5840,3584,358.4,10,918.9400000000002,467.55999999999995
edf22,16,,free_viewing,,5831,4153,244.2941176470588,17,904.2882352941174,534.3411764705882
edf22,17,,free_viewing,,6101,4309,269.3125,16,998.5437499999998,479.63125
edf22,18,,free_viewing,,6134,2818,140.9,20,302.44000000000005,828.3800000000001
edf22,19,English,sentence_audio,active,10653,4495,345.7692307692308,13,951.0384615384614,472.36923076923085
edf22,2,,free_viewing,,5996,4344,394.90909090909093,11,889.1636363636364,652.6181818181819
edf22,20,English,sentence_audio,active,10511,4401,275.0625,16,860.275,558.69375
edf22,21,English,sentence_audio,active,10790,4196,299.7142857142857,14,938.4571428571431,467.2357142857144
edf22,22,English,sentence_audio,passive,10673,3329,832.25,4,964.25,656.825
edf22,23,English,sentence_audio,passive,10344,3970,283.57142857142856,14,1067.9857142857143,534.3928571428571
edf22,24,English,sentence_audio,passive,10525,4171,297.92857142857144,14,850.0428571428571,433.67857142857144
edf22,25,English,sentence_audio,passive_dropped_agent,10556,4292,476.8888888888889,9,830.8222222222222,596.8666666666667
edf22,26,English,sentence_audio,passive_dropped_agent,10680,2310,210.0,11,940.1727272727272,503.43636363636375
edf22,27,English,sentence_audio,passive_dropped_agent,10737,3509,501.2857142857143,7,815.4428571428571,457.15714285714284
edf22,28,Punjabi,sentence_audio,active,10531,4067,239.23529411764707,17,806.6352941176472,475.5941176470589
edf22,29,Punjabi,sentence_audio,active,11019,4117,316.6923076923077,13,840.6615384615384,445.89230769230767
edf22,3,,free_viewing,,5831,4415,294.3333333333333,15,978.6866666666665,365.18666666666667
edf22,30,Punjabi,sentence_audio,active,10436,3618,278.3076923076923,13,964.6615384615384,449.723076923077
edf22,31,Punjabi,sentence_audio,passive,10529,1322,220.33333333333334,6,683.0500000000002,576.6500000000001
edf22,32,Punjabi,sentence_audio,passive,10665,4089,371.72727272727275,11,953.0909090909092,713.9454545454546
edf22,33,Punjabi,sentence_audio,passive,11104,3328,302.54545454545456,11,909.2272727272729,499.35454545454553
edf22,34,Punjabi,sentence_audio,passive_dropped_agent,10715,2351,335.85714285714283,7,659.4428571428571,600.0285714285714
edf22,35,Punjabi,sentence_audio,passive_dropped_agent,10421,2763,172.6875,16,872.325,451.79375000000005
edf22,36,Punjabi,sentence_audio,passive_dropped_agent,10502,4192,220.6315789473684,19,930.1210526315789,605.1157894736842
edf22,4,,free_viewing,,5957,4229,528.625,8,758.4375,432.13749999999993
edf22,5,,free_viewing,,5963,4394,488.22222222222223,9,813.6444444444444,230.4888888888889
edf22,6,,free_viewing,,5739,3707,308.9166666666667,12,985.3166666666666,373.09999999999997
edf22,7,,free_viewing,,6054,4672,1557.3333333333333,3,951.5333333333333,477.3333333333333
edf22,8,,free_viewing,,5743,4109,241.7058823529412,17,865.0058823529413,553.135294117647
edf22,9,,free_viewing,,6138,3916,279.7142857142857,14,863.9142857142858,484.62857142857143
edf23,1,,free_viewing,,5719,4488,561.0,8,1008.55,615.3375
edf23,10,,free_viewing,,5970,4406,314.7142857142857,14,909.3642857142858,675.7071428571429
edf23,11,,free_viewing,,5792,4390,399.09090909090907,11,971.5727272727273,512.9181818181819
edf23,12,,free_viewing,,6029,4133,275.53333333333336,15,750.1733333333333,489.6066666666666
edf23,13,,free_viewing,,6081,4043,237.8235294117647,17,942.9176470588235,536.3294117647059
edf23,14,,free_viewing,,5854,4212,280.8,15,867.4333333333335,612.8133333333333
edf23,15,,free_viewing,,5865,4117,294.07142857142856,14,918.4,487.24999999999994
edf23,16,,free_viewing,,5697,3957,263.8,15,1226.0733333333333,426.9933333333333
edf23,17,,free_viewing,,5678,4040,404.0,10,913.93,434.93999999999994
edf23,18,,free_viewing,,5986,4526,502.8888888888889,9,947.6666666666666,689.4333333333333
edf23,19,English,sentence_audio,passive,11100,3836,255.73333333333332,15,954.5733333333333,553.6800000000001
edf23,2,,free_viewing,,5953,4171,297.92857142857144,14,781.3000000000001,568.5642857142858
edf23,20,English,sentence_audio,passive,10763,2868,260.72727272727275,11,832.0454545454545,492.77272727272725
edf23,21,English,sentence_audio,passive,10778,4478,1492.6666666666667,3,948.7333333333332,448.6666666666667
edf23,22,English,sentence_audio,passive_dropped_agent,10643,2152,165.53846153846155,13,1415.930769230769,356.2769230769231
edf23,23,English,sentence_audio,passive_dropped_agent,10489,4135,217.6315789473684,19,870.8052631578947,622.2315789473685
edf23,24,English,sentence_audio,passive_dropped_agent,10507,4210,421.0,10,910.3100000000001,433.25
edf23,25,Punjabi,sentence_audio,active,10712,4170,278.0,15,784.9133333333334,572.3199999999999
edf23,26,Punjabi,sentence_audio,active,10856,3730,339.09090909090907,11,983.5727272727272,398.60909090909087
edf23,27,Punjabi,sentence_audio,active,10268,4046,337.1666666666667,12,832.4583333333335,484.3083333333332
edf23,28,Punjabi,sentence_audio,passive,10400,3722,310.1666666666667,12,1170.6000000000001,373.47499999999997
edf23,29,Punjabi,sentence_audio,passive,10327,3751,197.42105263157896,19,411.5,805.3421052631579
edf23,3,,free_viewing,,6040,4474,447.4,10,786.48,458.08000000000004
edf23,30,Punjabi,sentence_audio,passive,11101,4271,305.07142857142856,14,881.9857142857143,523.657142857143
edf23,31,Punjabi,sentence_audio,passive_dropped_agent,10506,4408,339.0769230769231,13,865.3846153846154,686.9461538461541
edf23,32,Punjabi,sentence_audio,passive_dropped_agent,10801,4147,460.77777777777777,9,973.1666666666665,707.3111111111111
edf23,33,Punjabi,sentence_audio,passive_dropped_agent,10932,4330,288.6666666666667,15,941.3599999999999,506.2
edf23,34,English,sentence_audio,active,10205,3188,318.8,10,1087.23,544.9800000000001
edf23,35,English,sentence_audio,active,10789,3152,225.14285714285714,14,1609.5142857142857,213.35714285714286
edf23,36,English,sentence_audio,active,10215,4323,288.2,15,917.6533333333335,430.6933333333333
edf23,4,,free_viewing,,5955,4365,311.7857142857143,14,902.7214285714284,468.9428571428571
edf23,5,,free_viewing,,5734,3788,210.44444444444446,18,985.6888888888888,479.2555555555556
edf23,6,,free_viewing,,6100,4388,292.53333333333336,15,904.1733333333333,491.4066666666667
edf23,7,,free_viewing,,6070,4558,455.8,10,812.63,562.6
edf23,8,,free_viewing,,5971,3881,258.73333333333335,15,1069.7933333333335,541.1
edf23,9,,free_viewing,,5636,4172,231.77777777777777,18,950.2499999999998,466.5944444444445
edf24,1,,free_viewing,,5985,4408,734.6666666666666,6,1032.1166666666666,354.1833333333334
edf24,10,,free_viewing,,6114,4672,934.4,5,1000.0200000000001,601.62
edf24,11,,free_viewing,,5762,4322,617.4285714285714,7,1034.557142857143,449.75714285714287
edf24,12,,free_viewing,,5901,4571,653.0,7,863.3142857142858,550.9714285714286
edf24,13,,free_viewing,,5726,4506,409.6363636363636,11,1175.7272727272725,437.39090909090913
edf24,14,,free_viewing,,5870,4228,302.0,14,1015.6857142857142,375.81428571428575
edf24,15,,free_viewing,,5941,4403,489.22222222222223,9,974.9888888888888,555.4888888888889
edf24,16,,free_viewing,,6110,4476,406.90909090909093,11,968.1181818181817,343.92727272727274
edf24,17,,free_viewing,,5904,4700,940.0,5,1001.28,392.78000000000003
edf24,18,,free_viewing,,5891,4573,571.625,8,923.6625000000001,417.35
edf24,19,English,sentence_audio,passive_dropped_agent,10277,4611,1152.75,4,855.7249999999999,451.2
edf24,2,,free_viewing,,5719,4637,1545.6666666666667,3,938.3666666666667,674.8000000000001
edf24,20,English,sentence_audio,passive_dropped_agent,11085,3017,431.0,7,1009.5428571428572,448.12857142857143
edf24,21,English,sentence_audio,passive_dropped_agent,10783,4561,1520.3333333333333,3,957.9666666666667,450.6666666666667
edf24,22,Punjabi,sentence_audio,active,11145,4365,436.5,10,1007.96,653.84
edf24,23,Punjabi,sentence_audio,active,11173,4325,360.4166666666667,12,1068.2833333333333,529.375
edf24,24,Punjabi,sentence_audio,active,10939,4503,500.3333333333333,9,1063.7,339.33333333333337
edf24,25,Punjabi,sentence_audio,passive,11040,4620,770.0,6,939.0833333333334,446.55
edf24,26,Punjabi,sentence_audio,passive,10611,4397,549.625,8,1071.4125,436.575
edf24,27,Punjabi,sentence_audio,passive,10274,4630,1543.3333333333333,3,918.3333333333334,370.8
edf24,28,Punjabi,sentence_audio,passive_dropped_agent,10344,4444,555.5,8,1128.225,366.79999999999995
edf24,29,Punjabi,sentence_audio,passive_dropped_agent,10726,4586,1146.5,4,914.375,396.90000000000003
edf24,3,,free_viewing,,6130,4670,4670.0,1,903.1,339.0
edf24,30,Punjabi,sentence_audio,passive_dropped_agent,10579,4295,390.45454545454544,11,1067.9545454545455,416.0181818181818
edf24,31,English,sentence_audio,active,11025,4561,570.125,8,1029.2875,676.0
edf24,32,English,sentence_audio,active,11052,4676,1169.0,4,980.25,760.175
edf24,33,English,sentence_audio,active,10818,2856,952.0,3,986.4,546.2666666666668
edf24,34,English,sentence_audio,passive,11006,4522,565.25,8,956.2625,455.75
edf24,35,English,sentence_audio,passive,10746,4278,713.0,6,984.0833333333331,493.2
edf24,36,English,sentence_audio,passive,10244,4358,435.8,10,820.5200000000001,403.93
edf24,4,,free_viewing,,5946,4408,551.0,8,985.7375000000001,461.2875
edf24,5,,free_viewing,,5754,4498,749.6666666666666,6,1048.1333333333334,558.4833333333333
edf24,6,,free_viewing,,5842,4366,545.75,8,1077.075,460.025
edf24,7,,free_viewing,,5639,4447,635.2857142857143,7,979.4285714285714,448.64285714285705
edf24,8,,free_viewing,,6040,4628,771.3333333333334,6,1038.05,277.6666666666667
edf24,9,,free_viewing,,5919,4623,924.6,5,982.1,356.26000000000005
edf25,1,,free_viewing,,5713,3859,214.38888888888889,18,810.0666666666667,605.7722222222222
edf25,10,,free_viewing,,5985,3813,224.2941176470588,17,814.0647058823531,657.3823529411765
edf25,11,,free_viewing,,5666,3780,252.0,15,962.7000000000002,506.2
edf25,12,,free_viewing,,5983,4212,324.0,13,895.5692307692308,504.3846153846155
edf25,13,,free_viewing,,6020,3734,248.93333333333334,15,1356.3866666666665,650.2999999999998
edf25,14,,free_viewing,,5726,2894,206.71428571428572,14,1316.6785714285713,495.36428571428576
edf25,15,,free_viewing,,5976,3920,280.0,14,1031.442857142857,472.1642857142857
edf25,16,,free_viewing,,5884,3892,243.25,16,877.2750000000001,532.33125
edf25,17,,free_viewing,,5687,3729,233.0625,16,856.4562500000001,531.6875
edf25,18,,free_viewing,,6061,3448,287.3333333333333,12,980.6083333333332,652.9333333333333
edf25,19,Punjabi,sentence_audio,active,10944,4030,287.85714285714283,14,996.4714285714284,590.4142857142858
edf25,2,,free_viewing,,6123,3388,211.75,16,969.9749999999999,812.6375
edf25,20,Punjabi,sentence_audio,active,10820,3890,259.3333333333333,15,879.5133333333332,595.8599999999999
edf25,21,Punjabi,sentence_audio,active,10731,3739,267.07142857142856,14,918.1785714285714,601.5857142857143
edf25,22,Punjabi,sentence_audio,passive,10770,3904,325.3333333333333,12,878.0666666666666,545.8916666666667
edf25,23,Punjabi,sentence_audio,passive,10421,3676,229.75,16,890.525,553.16875
edf25,24,Punjabi,sentence_audio,passive,10656,3580,275.38461538461536,13,980.8,471.99230769230775
edf25,25,Punjabi,sentence_audio,passive_dropped_agent,10440,3766,313.8333333333333,12,1052.1333333333332,507.86666666666673
edf25,26,Punjabi,sentence_audio,passive_dropped_agent,10651,3685,263.2142857142857,14,907.8571428571429,566.1785714285714
edf25,27,Punjabi,sentence_audio,passive_dropped_agent,10568,3292,253.23076923076923,13,797.5692307692308,552.0692307692308
edf25,28,English,sentence_audio,active,10475,3194,199.625,16,1000.40625,666.6999999999999
edf25,29,English,sentence_audio,active,11114,3756,250.4,15,909.9400000000002,428.85333333333335
edf25,3,,free_viewing,,5997,3625,241.66666666666666,15,824.9400000000002,603.7133333333334
edf25,30,English,sentence_audio,active,10525,3807,237.9375,16,835.46875,568.5875
edf25,31,English,sentence_audio,passive,10498,3546,221.625,16,845.26875,488.55625
edf25,32,English,sentence_audio,passive,10697,3791,236.9375,16,895.2124999999999,592.4062499999999
edf25,33,English,sentence_audio,passive,10749,3641,280.0769230769231,13,978.923076923077,502.3230769230769
edf25,34,English,sentence_audio,passive_dropped_agent,10523,3683,245.53333333333333,15,832.3333333333333,671.9000000000001
edf25,35,English,sentence_audio,passive_dropped_agent,10581,3654,261.0,14,911.1285714285715,623.6642857142857
edf25,36,English,sentence_audio,passive_dropped_agent,11094,3644,520.5714285714286,7,860.642857142857,521.9571428571428
edf25,4,,free_viewing,,6079,4049,269.93333333333334,15,1042.3533333333337,558.9266666666666
edf25,5,,free_viewing,,5644,3350,186.11111111111111,18,900.2666666666667,703.2777777777777
edf25,6,,free_viewing,,5969,3445,246.07142857142858,14,889.1857142857143,547.5357142857142
edf25,7,,free_viewing,,5905,3575,238.33333333333334,15,788.7600000000001,588.3333333333334
edf25,8,,free_viewing,,5663,3193,187.8235294117647,17,923.8294117647059,522.035294117647
edf25,9,,free_viewing,,6010,3776,269.7142857142857,14,772.7428571428571,587.3642857142858
edf26,1,,free_viewing,,5820,4388,313.42857142857144,14,885.1357142857144,477.61428571428576
edf26,10,,free_viewing,,5780,4370,336.15384615384613,13,853.7153846153847,481.6923076923076
edf26,11,,free_viewing,,5722,4278,237.66666666666666,18,1107.4833333333333,410.2444444444444
edf26,12,,free_viewing,,5889,3994,249.625,16,831.13125,529.7375
edf26,13,,free_viewing,,5949,4447,444.7,10,972.35,504.2500000000001
edf26,14,,free_viewing,,6087,4161,346.75,12,819.725,508.0333333333333
edf26,15,,free_viewing,,5847,4099,341.5833333333333,12,832.125,460.66666666666674
edf26,16,,free_viewing,,5766,3872,242.0,16,948.2374999999998,459.94374999999997
edf26,17,,free_viewing,,5714,4722,1180.5,4,904.25,484.54999999999995
edf26,18,,free_viewing,,6070,4236,282.4,15,951.44,358.7466666666666
edf26,19,Punjabi,sentence_audio,passive,10982,4448,494.22222222222223,9,1002.2666666666667,559.4222222222222
edf26,2,,free_viewing,,5862,4306,307.57142857142856,14,976.3642857142858,719.0214285714285
edf26,20,Punjabi,sentence_audio,passive,10401,4287,285.8,15,962.8733333333333,502.75333333333333
edf26,21,Punjabi,sentence_audio,passive,10428,4326,309.0,14,944.1214285714287,535.6428571428572
edf26,22,Punjabi,sentence_audio,passive_dropped_agent,10540,4560,570.0,8,906.8874999999999,493.94999999999993
edf26,23,Punjabi,sentence_audio,passive_dropped_agent,10440,4340,289.3333333333333,15,742.7666666666668,490.5
edf26,24,Punjabi,sentence_audio,passive_dropped_agent,11175,4199,299.92857142857144,14,1036.9857142857145,485.8357142857143
edf26,25,English,sentence_audio,active,10208,4310,239.44444444444446,18,1047.9722222222224,405.6500000000001
edf26,26,English,sentence_audio,active,10675,2298,74.12903225806451,31,960.8,196.65806451612903
edf26,27,English,sentence_audio,active,10435,3564,137.07692307692307,26,955.5538461538464,345.8115384615384
edf26,29,English,sentence_audio,passive,10741,3985,306.53846153846155,13,943.4692307692308,416.04615384615386
edf26,3,,free_viewing,,5645,4181,298.64285714285717,14,873.5571428571427,565.1857142857142
edf26,30,English,sentence_audio,passive,10550,4166,277.73333333333335,15,890.2666666666667,486.41999999999996
edf26,31,English,sentence_audio,passive_dropped_agent,10918,4086,227.0,18,992.25,383.6277777777778
edf26,32,English,sentence_audio,passive_dropped_agent,10660,4554,325.2857142857143,14,906.0142857142856,563.4642857142857
edf26,33,English,sentence_audio,passive_dropped_agent,11044,4242,282.8,15,1081.3666666666666,436.3933333333333
edf26,34,Punjabi,sentence_audio,active,10237,4311,287.4,15,927.8733333333333,661.7066666666667
edf26,35,Punjabi,sentence_audio,active,10892,4468,558.5,8,979.1125000000001,642.95
edf26,36,Punjabi,sentence_audio,active,10653,4433,341.0,13,955.0692307692308,514.176923076923
edf26,4,,free_viewing,,6102,4118,228.77777777777777,18,1155.6888888888889,554.0499999999998
edf26,5,,free_viewing,,5713,4202,247.1764705882353,17,863.7764705882354,671.1882352941177
edf26,6,,free_viewing,,5935,4323,270.1875,16,824.575,552.3499999999999
edf26,7,,free_viewing,,5797,4371,291.4,15,946.8733333333334,718.6866666666668
edf26,8,,free_viewing,,5932,4330,309.2857142857143,14,960.7642857142857,501.19999999999993
edf26,9,,free_viewing,,6089,4323,332.53846153846155,13,957.6076923076921,521.876923076923
edf27,1,,free_viewing,,5741,4621,577.625,8,923.7875,723.9499999999999
edf27,10,,free_viewing,,5801,4333,481.44444444444446,9,909.3555555555556,488.44444444444446
edf27,11,,free_viewing,,5736,3954,494.25,8,934.2625,365.48749999999995
edf27,12,,free_viewing,,5813,4451,635.8571428571429,7,884.8714285714286,461.22857142857134
edf27,13,,free_viewing,,5800,4540,648.5714285714286,7,736.1857142857143,521.2142857142857
edf27,14,,free_viewing,,6014,4618,769.6666666666666,6,927.0333333333333,440.1666666666666
edf27,15,,free_viewing,,6057,4455,405.0,11,888.6909090909089,310.46363636363634
edf27,16,,free_viewing,,5839,4553,1517.6666666666667,3,927.7666666666668,423.7
edf27,17,,free_viewing,,5997,4191,598.7142857142857,7,875.0571428571429,463.84285714285716
edf27,18,,free_viewing,,6060,4188,523.5,8,916.4625000000001,493.42500000000007
edf27,19,Punjabi,sentence_audio,passive_dropped_agent,10886,4358,335.2307692307692,13,973.2076923076924,518.3846153846154
edf27,2,,free_viewing,,5799,4369,397.1818181818182,11,879.7363636363636,637.0363636363636
edf27,20,Punjabi,sentence_audio,passive_dropped_agent,10344,4134,1033.5,4,918.9750000000001,443.4
edf27,21,Punjabi,sentence_audio,passive_dropped_agent,10630,4368,436.8,10,912.5799999999999,576.05
edf27,22,English,sentence_audio,active,10461,4601,657.2857142857143,7,917.9142857142858,445.0285714285714
edf27,23,English,sentence_audio,active,10532,4564,760.6666666666666,6,829.3833333333333,403.8333333333333
edf27,24,English,sentence_audio,active,10615,4063,338.5833333333333,12,877.5666666666667,363.8333333333333
edf27,25,English,sentence_audio,passive,11113,4531,647.2857142857143,7,1034.5285714285715,414.2285714285714
edf27,26,English,sentence_audio,passive,10529,4097,341.4166666666667,12,788.2333333333332,623.3916666666667
edf27,27,English,sentence_audio,passive,10333,4049,578.4285714285714,7,899.5142857142856,316.5857142857143
edf27,28,English,sentence_audio,passive_dropped_agent,10799,4177,379.72727272727275,11,1000.3272727272728,721.3909090909091
edf27,29,English,sentence_audio,passive_dropped_agent,10642,4404,489.3333333333333,9,921.6111111111111,338.93333333333334
edf27,3,,free_viewing,,5752,4384,438.4,10,1007.1199999999999,454.16999999999996
edf27,30,English,sentence_audio,passive_dropped_agent,10992,4358,396.1818181818182,11,849.3090909090909,488.59090909090907
edf27,31,Punjabi,sentence_audio,active,10859,4577,762.8333333333334,6,898.8666666666667,331.5833333333333
edf27,32,Punjabi,sentence_audio,active,10697,4156,519.5,8,882.3375,362.75
edf27,33,Punjabi,sentence_audio,active,10548,4102,372.90909090909093,11,1074.8090909090909,385.99090909090904
edf27,34,Punjabi,sentence_audio,passive,10388,4372,624.5714285714286,7,917.3285714285714,651.6142857142858
edf27,35,Punjabi,sentence_audio,passive,10823,3809,190.45,20,1008.8100000000001,713.4849999999999
edf27,36,Punjabi,sentence_audio,passive,10427,3421,488.7142857142857,7,877.2571428571429,392.1714285714285
edf27,4,,free_viewing,,6124,4452,556.5,8,877.4375,617.6625
edf27,5,,free_viewing,,5919,4519,564.875,8,945.5125,561.4
edf27,6,,free_viewing,,5901,4586,917.2,5,725.72,652.4200000000001
edf27,7,,free_viewing,,5878,4542,567.75,8,942.725,682.325
edf27,8,,free_viewing,,6090,4218,421.8,10,853.8099999999998,335.12
edf27,9,,free_viewing,,6133,4033,504.125,8,954.025,451.6625
edf28,1,,free_viewing,,5847,4281,285.4,15,987.0666666666667,370.7066666666667
edf28,10,,free_viewing,,5816,4414,367.8333333333333,12,811.7083333333334,573.4833333333333
edf28,11,,free_viewing,,5747,3583,298.5833333333333,12,1023.6416666666668,439.23333333333335
edf28,12,,free_viewing,,5710,4106,342.1666666666667,12,967.3333333333334,509.27500000000003
edf28,13,,free_viewing,,5911,3612,225.75,16,942.9000000000001,420.43750000000006
edf28,14,,free_viewing,,5737,3818,347.09090909090907,11,961.1181818181819,450.6363636363636
edf28,15,,free_viewing,,5867,4490,561.25,8,928.3125,426.26250000000005
edf28,16,,free_viewing,,5889,3831,255.4,15,1030.0,357.41333333333336
edf28,17,,free_viewing,,5850,3838,348.90909090909093,11,846.5272727272728,463.5
edf28,18,,free_viewing,,5787,3049,179.35294117647058,17,941.7352941176471,538.6235294117648
edf28,19,English,sentence_audio,active,10931,3861,351.0,11,969.2272727272727,534.8909090909091
edf28,2,,free_viewing,,5675,4099,455.44444444444446,9,917.8777777777777,484.5666666666667
edf28,20,English,sentence_audio,active,10569,4163,346.9166666666667,12,958.3583333333335,564.6499999999999
edf28,21,English,sentence_audio,active,10286,4432,443.2,10,947.9100000000001,557.1200000000001
edf28,22,English,sentence_audio,passive,10573,4343,620.4285714285714,7,999.1,491.58571428571435
edf28,23,English,sentence_audio,passive,10539,4580,572.5,8,700.8625,559.575
edf28,24,English,sentence_audio,passive,10346,3932,280.85714285714283,14,1014.9214285714287,393.38571428571424
edf28,25,English,sentence_audio,passive_dropped_agent,11141,4443,370.25,12,991.5333333333334,371.3833333333334
edf28,26,English,sentence_audio,passive_dropped_agent,10197,4434,443.4,10,668.6400000000001,697.2499999999999
edf28,27,English,sentence_audio,passive_dropped_agent,10169,4369,364.0833333333333,12,976.3083333333333,436.10833333333335
edf28,28,Punjabi,sentence_audio,active,11133,2968,156.21052631578948,19,938.1210526315789,615.742105263158
edf28,29,Punjabi,sentence_audio,active,10897,4162,260.125,16,952.7937499999999,442.27500000000003
edf28,3,,free_viewing,,5674,3866,297.38461538461536,13,864.1769230769229,517.4538461538461
edf28,30,Punjabi,sentence_audio,active,11172,4422,402.0,11,863.5454545454547,535.7727272727271
edf28,31,Punjabi,sentence_audio,passive,10175,3901,216.72222222222223,18,1004.4222222222221,431.6555555555555
edf28,32,Punjabi,sentence_audio,passive,10571,4133,375.72727272727275,11,963.9636363636364,457.80909090909097
edf28,33,Punjabi,sentence_audio,passive,11091,3816,272.57142857142856,14,1216.5714285714287,386.6357142857143
edf28,34,Punjabi,sentence_audio,passive_dropped_agent,10452,4536,504.0,9,931.3555555555556,691.2444444444444
edf28,35,Punjabi,sentence_audio,passive_dropped_agent,10535,3425,137.0,25,842.4680000000002,582.9519999999999
edf28,36,Punjabi,sentence_audio,passive_dropped_agent,10536,4312,253.64705882352942,17,847.6176470588238,531.9
edf28,4,,free_viewing,,5814,3360,140.0,24,1036.445833333333,664.7291666666666
edf28,5,,free_viewing,,6051,4355,362.9166666666667,12,926.4083333333332,681.3916666666668
edf28,6,,free_viewing,,5657,4259,425.9,10,1052.6799999999998,373.98999999999995
edf28,7,,free_viewing,,5697,3739,311.5833333333333,12,961.5583333333333,403.3166666666666
edf28,8,,free_viewing,,5645,3831,225.35294117647058,17,889.0294117647057,431.929411764706
edf28,9,,free_viewing,,6013,4067,369.72727272727275,11,1020.6272727272727,364.20909090909083
edf29,1,,free_viewing,,5734,4352,395.6363636363636,11,893.2272727272729,489.1454545454546
edf29,10,,free_viewing,,5884,4458,445.8,10,934.7,530.43
edf29,11,,free_viewing,,5916,4374,364.5,12,974.8666666666668,526.8583333333333
edf29,12,,free_viewing,,5994,4434,403.09090909090907,11,892.5363636363636,422.7181818181818
edf29,13,,free_viewing,,5876,4446,404.1818181818182,11,1004.9181818181819,706.1727272727272
edf29,14,,free_viewing,,5781,4165,277.6666666666667,15,942.5600000000002,557.4599999999999
edf29,15,,free_viewing,,5776,4354,483.77777777777777,9,920.5111111111112,485.4333333333333
edf29,16,,free_viewing,,5679,4507,450.7,10,1008.1999999999998,597.13
edf29,17,,free_viewing,,5760,4410,441.0,10,985.49,536.72
edf29,18,,free_viewing,,5912,4328,288.53333333333336,15,1117.8133333333337,517.2066666666667
edf29,19,English,sentence_audio,passive,10694,4244,424.4,10,1047.28,506.08000000000004
edf29,2,,free_viewing,,5849,4539,567.375,8,889.8499999999999,543.9875000000001
edf29,20,English,sentence_audio,passive,10774,4456,342.7692307692308,13,1012.6461538461538,490.4846153846153
edf29,21,English,sentence_audio,passive,10847,4600,1150.0,4,983.55,522.7
edf29,22,English,sentence_audio,passive_dropped_agent,10652,4284,476.0,9,964.311111111111,412.61111111111114
edf29,23,English,sentence_audio,passive_dropped_agent,10929,4493,408.45454545454544,11,935.6636363636363,383.29999999999995
edf29,24,English,sentence_audio,passive_dropped_agent,10241,4265,355.4166666666667,12,919.0499999999998,552.7583333333333
edf29,25,Punjabi,sentence_audio,active,10379,4443,370.25,12,930.7083333333334,457.84999999999997
edf29,26,Punjabi,sentence_audio,active,10322,4466,496.22222222222223,9,826.0,560.8111111111111
edf29,27,Punjabi,sentence_audio,active,10836,4312,308.0,14,908.5285714285714,489.6214285714286
edf29,28,Punjabi,sentence_audio,passive,10906,4514,376.1666666666667,12,940.7333333333332,711.0666666666666
edf29,29,Punjabi,sentence_audio,passive,10832,4444,404.0,11,977.3090909090909,449.0727272727272
edf29,3,,free_viewing,,6072,4476,639.4285714285714,7,986.9142857142857,515.8285714285714
edf29,30,Punjabi,sentence_audio,passive,10432,4410,551.25,8,915.0875,599.725
edf29,31,Punjabi,sentence_audio,passive_dropped_agent,10933,4113,274.2,15,928.3066666666667,455.58
edf29,32,Punjabi,sentence_audio,passive_dropped_agent,10749,3680,368.0,10,936.5899999999999,493.2799999999999
edf29,33,Punjabi,sentence_audio,passive_dropped_agent,10557,4615,659.2857142857143,7,1098.3142857142857,390.31428571428575
edf29,34,English,sentence_audio,active,10699,4483,560.375,8,908.1875000000001,662.2
edf29,35,English,sentence_audio,active,10377,4427,442.7,10,968.5900000000001,588.3299999999999
edf29,36,English,sentence_audio,active,10698,4308,359.0,12,879.5999999999999,419.9333333333334
edf29,4,,free_viewing,,5761,4365,436.5,10,1061.23,544.3999999999999
edf29,5,,free_viewing,,6083,4497,449.7,10,949.68,651.6300000000001
edf29,6,,free_viewing,,6092,4510,501.1111111111111,9,1055.8555555555556,428.1333333333333
edf29,7,,free_viewing,,5768,4396,399.6363636363636,11,1012.9545454545455,516.6636363636363
edf29,8,,free_viewing,,5875,4359,363.25,12,942.6916666666666,622.2
edf29,9,,free_viewing,,5676,4340,310.0,14,939.3857142857142,486.0357142857142
edf30,1,,free_viewing,,5822,4530,503.3333333333333,9,863.1333333333332,467.5888888888889
edf30,10,,free_viewing,,5815,3959,263.93333333333334,15,988.1533333333333,463.43333333333334
edf30,11,,free_viewing,,5778,4462,405.6363636363636,11,999.0363636363636,342.97272727272724
edf30,12,,free_viewing,,6020,3986,249.125,16,880.6125,492.46874999999994
edf30,13,,free_viewing,,5955,4031,237.11764705882354,17,908.3176470588235,511.05294117647065
edf30,14,,free_viewing,,5952,4308,253.41176470588235,17,944.4941176470588,455.6941176470589
edf30,15,,free_viewing,,5725,4255,327.3076923076923,13,814.5461538461539,504.41538461538465
edf30,16,,free_viewing,,6040,4154,259.625,16,828.80625,550.73125
edf30,17,,free_viewing,,5733,4059,193.28571428571428,21,865.1380952380952,452.995238095238
edf30,18,,free_viewing,,6130,4332,541.5,8,958.8,539.9875
edf30,19,English,sentence_audio,passive_dropped_agent,10291,3933,327.75,12,986.2000000000002,460.40833333333336
edf30,2,,free_viewing,,5787,4087,255.4375,16,943.2375,520.58125
edf30,20,English,sentence_audio,passive_dropped_agent,10685,4365,436.5,10,916.2899999999997,451.53999999999996
edf30,21,English,sentence_audio,passive_dropped_agent,10292,3802,271.57142857142856,14,931.4999999999999,594.8500000000001
edf30,22,Punjabi,sentence_audio,active,10464,4010,267.3333333333333,15,894.4333333333333,428.06666666666666
edf30,23,Punjabi,sentence_audio,active,10234,3940,231.76470588235293,17,868.5235294117646,486.3411764705882
edf30,24,Punjabi,sentence_audio,active,10546,4090,255.625,16,896.9124999999999,510.54375
edf30,25,Punjabi,sentence_audio,passive,10870,4208,420.8,10,1037.0700000000002,379.61
edf30,26,Punjabi,sentence_audio,passive,10875,4043,237.8235294117647,17,764.5470588235294,545.1058823529411
edf30,27,Punjabi,sentence_audio,passive,10649,4103,273.53333333333336,15,722.5799999999999,699.3533333333332
edf30,28,Punjabi,sentence_audio,passive_dropped_agent,11088,4302,286.8,15,877.7199999999999,530.7266666666667
edf30,29,Punjabi,sentence_audio,passive_dropped_agent,10873,4284,357.0,12,929.6916666666667,317.6833333333333
edf30,3,,free_viewing,,6130,4136,827.2,5,970.2,388.62
edf30,30,Punjabi,sentence_audio,passive_dropped_agent,10522,3848,427.55555555555554,9,896.0,502.78888888888883
edf30,31,English,sentence_audio,active,11032,4096,315.0769230769231,13,945.353846153846,403.78461538461545
edf30,32,English,sentence_audio,active,10775,4045,337.0833333333333,12,960.5083333333332,558.3333333333334
edf30,33,English,sentence_audio,active,10835,4229,264.3125,16,973.125,455.9
edf30,34,English,sentence_audio,passive,10856,4214,301.0,14,818.6000000000001,643.1
edf30,35,English,sentence_audio,passive,11101,4143,318.6923076923077,13,959.853846153846,639.2153846153846
edf30,36,English,sentence_audio,passive,10671,4411,441.1,10,945.0,541.9000000000002
edf30,4,,free_viewing,,5683,3973,397.3,10,959.15,618.99
edf30,5,,free_viewing,,6118,4382,486.8888888888889,9,906.4666666666667,428.3111111111111
edf30,6,,free_viewing,,6046,3972,496.5,8,967.6375,415.92499999999995
edf30,7,,free_viewing,,5850,4456,495.1111111111111,9,933.3444444444444,412.7333333333333
edf30,8,,free_viewing,,5892,4322,360.1666666666667,12,910.2166666666667,308.5166666666667
edf30,9,,free_viewing,,5868,4162,320.15384615384613,13,895.0923076923077,673.2230769230769
edf31,1,,free_viewing,,5897,4413,441.3,10,962.7000000000002,680.4599999999999
edf31,10,,free_viewing,,6117,4130,206.5,20,846.665,661.445
edf31,11,,free_viewing,,6007,3755,187.75,20,1063.665,500.9549999999999
edf31,12,,free_viewing,,5940,4180,380.0,11,969.9636363636364,595.7818181818183
edf31,13,,free_viewing,,5975,4373,312.35714285714283,14,1049.1142857142856,746.5571428571429
edf31,14,,free_viewing,,5911,4229,302.07142857142856,14,1019.8071428571428,331.2357142857142
edf31,15,,free_viewing,,6070,4198,299.85714285714283,14,952.6142857142856,490.9714285714286
edf31,16,,free_viewing,,6082,4238,223.05263157894737,19,833.0894736842106,586.4842105263158
edf31,17,,free_viewing,,5678,4326,309.0,14,989.0142857142855,600.9357142857143
edf31,18,,free_viewing,,6026,4194,299.57142857142856,14,940.0500000000001,493.70714285714274
edf31,19,Punjabi,sentence_audio,active,10581,4431,738.5,6,955.75,436.68333333333334
edf31,2,,free_viewing,,5955,4311,431.1,10,1025.56,376.49
edf31,20,Punjabi,sentence_audio,active,10257,4057,312.0769230769231,13,935.7923076923078,500.3307692307693
edf31,21,Punjabi,sentence_audio,active,10417,3503,318.45454545454544,11,925.4636363636364,544.3363636363637
edf31,22,Punjabi,sentence_audio,passive,10830,4404,1468.0,3,882.0,440.3333333333333
edf31,23,Punjabi,sentence_audio,passive,10738,4056,213.47368421052633,19,788.9999999999999,455.0736842105263
edf31,24,Punjabi,sentence_audio,passive,10221,4213,702.1666666666666,6,915.0166666666668,473.4666666666667
edf31,25,Punjabi,sentence_audio,passive_dropped_agent,11162,4476,497.3333333333333,9,1027.0555555555554,386.33333333333337
edf31,26,Punjabi,sentence_audio,passive_dropped_agent,10514,4302,268.875,16,1003.5875000000001,646.8249999999999
edf31,27,Punjabi,sentence_audio,passive_dropped_agent,10682,4148,377.09090909090907,11,828.6181818181817,405.2454545454546
edf31,28,English,sentence_audio,active,10526,4404,338.7692307692308,13,1011.676923076923,708.2076923076924
edf31,29,English,sentence_audio,active,10802,4148,592.5714285714286,7,972.1714285714286,333.15714285714284
edf31,3,,free_viewing,,5710,4282,329.38461538461536,13,893.0076923076923,666.6461538461537
edf31,30,English,sentence_audio,active,10463,3809,317.4166666666667,12,1029.2333333333333,513.1833333333333
edf31,31,English,sentence_audio,passive,10355,3823,1911.5,2,817.75,283.6
edf31,32,English,sentence_audio,passive,10344,4216,421.6,10,888.54,511.98
edf31,33,English,sentence_audio,passive,10724,3852,385.2,10,1051.12,457.43999999999994
edf31,34,English,sentence_audio,passive_dropped_agent,10712,3466,247.57142857142858,14,817.7785714285716,690.7285714285715
edf31,35,English,sentence_audio,passive_dropped_agent,10332,4150,319.2307692307692,13,925.9923076923077,703.8076923076923
edf31,36,English,sentence_audio,passive_dropped_agent,11055,4173,321.0,13,848.4615384615383,435.0153846153845
edf31,4,,free_viewing,,5807,4261,236.72222222222223,18,810.661111111111,674.5111111111112
edf31,5,,free_viewing,,5769,4011,364.6363636363636,11,928.5,698.490909090909
edf31,6,,free_viewing,,6024,4166,297.57142857142856,14,952.1000000000001,615.0
edf31,7,,free_viewing,,6006,4120,242.35294117647058,17,814.135294117647,533.5176470588236
edf31,8,,free_viewing,,5720,4186,261.625,16,914.8375,515.90625
edf31,9,,free_viewing,,5780,4116,294.0,14,908.2571428571429,489.9
edf32,1,,free_viewing,,5693,4441,403.72727272727275,11,871.5363636363637,372.46363636363634
edf32,10,,free_viewing,,6048,4396,338.15384615384613,13,974.3923076923077,716.4846153846155
edf32,11,,free_viewing,,6067,4272,388.3636363636364,11,1114.7363636363634,529.3272727272727
edf32,12,,free_viewing,,5995,4421,368.4166666666667,12,882.0166666666668,546.7916666666666
edf32,13,,free_viewing,,5677,4359,544.875,8,894.875,475.5625
edf32,14,,free_viewing,,6042,4092,186.0,22,1041.4136363636364,487.4727272727272
edf32,15,,free_viewing,,5907,4359,272.4375,16,922.4312500000001,488.91875000000005
edf32,16,,free_viewing,,5799,4441,403.72727272727275,11,934.6999999999999,585.0909090909091
edf32,17,,free_viewing,,5910,4204,221.26315789473685,19,866.3894736842104,526.0631578947368
edf32,18,,free_viewing,,5765,4167,277.8,15,935.8333333333333,583.2666666666667
edf32,19,Punjabi,sentence_audio,passive,10850,4272,854.4,5,1017.4799999999999,495.28000000000003
edf32,2,,free_viewing,,5930,4320,332.3076923076923,13,980.9692307692306,674.8000000000001
edf32,20,Punjabi,sentence_audio,passive,10261,4563,570.375,8,967.1250000000001,459.63750000000005
edf32,21,Punjabi,sentence_audio,passive,10448,4476,406.90909090909093,11,937.1818181818181,652.8909090909092
edf32,22,Punjabi,sentence_audio,passive_dropped_agent,10434,4070,254.375,16,982.9374999999999,500.125
edf32,23,Punjabi,sentence_audio,passive_dropped_agent,10511,4159,259.9375,16,812.9375,635.2937499999999
edf32,24,Punjabi,sentence_audio,passive_dropped_agent,10516,4234,222.8421052631579,19,1046.1473684210525,663.7736842105263
edf32,25,English,sentence_audio,active,10778,4096,273.06666666666666,15,1029.0466666666666,469.1933333333334
edf32,26,English,sentence_audio,active,10499,4083,255.1875,16,827.19375,679.2062500000001
edf32,27,English,sentence_audio,active,10718,4264,328.0,13,832.1461538461538,510.80000000000007
edf32,28,English,sentence_audio,passive,10374,4298,286.53333333333336,15,939.1399999999999,718.76
edf32,29,English,sentence_audio,passive,10851,4299,537.375,8,913.4749999999999,479.9125
edf32,3,,free_viewing,,5935,4321,270.0625,16,963.71875,496.94374999999997
edf32,30,English,sentence_audio,passive,10758,4426,368.8333333333333,12,790.1250000000001,553.0083333333333
edf32,31,English,sentence_audio,passive_dropped_agent,10375,4281,251.8235294117647,17,912.164705882353,425.65882352941173
edf32,32,English,sentence_audio,passive_dropped_agent,10265,4127,375.1818181818182,11,949.2909090909089,599.6363636363636
edf32,33,English,sentence_audio,passive_dropped_agent,10642,4202,420.2,10,1107.07,406.14
edf32,34,Punjabi,sentence_audio,active,10350,4052,368.3636363636364,11,833.9545454545455,692.0636363636363
edf32,35,Punjabi,sentence_audio,active,11090,3948,564.0,7,940.3857142857142,843.1285714285714
edf32,36,Punjabi,sentence_audio,active,10979,4163,320.2307692307692,13,813.2846153846154,468.86153846153843
edf32,4,,free_viewing,,5874,4268,284.53333333333336,15,919.3933333333333,589.2733333333332
edf32,5,,free_viewing,,5704,4444,404.0,11,966.3454545454547,758.4818181818181
edf32,6,,free_viewing,,6060,4216,301.14285714285717,14,914.1714285714287,681.6357142857142
edf32,7,,free_viewing,,6007,4361,363.4166666666667,12,972.5666666666666,458.10833333333335
edf32,8,,free_viewing,,5706,4112,216.42105263157896,19,988.0578947368421,653.9263157894738
edf32,9,,free_viewing,,6050,4500,642.8571428571429,7,935.2714285714285,605.9285714285714
edf33,1,,free_viewing,,6025,4259,283.93333333333334,15,1004.2599999999999,441.92
edf33,10,,free_viewing,,6080,4210,382.72727272727275,11,935.8909090909091,446.77272727272725
edf33,11,,free_viewing,,6125,3753,312.75,12,871.0083333333332,554.8166666666667
edf33,12,,free_viewing,,5943,4155,296.7857142857143,14,851.6428571428571,382.95714285714286
edf33,13,,free_viewing,,5908,4100,512.5,8,877.1,434.4
edf33,14,,free_viewing,,5938,4400,366.6666666666667,12,1134.3916666666667,474.23333333333335
edf33,15,,free_viewing,,5676,3918,391.8,10,981.0799999999999,504.12
edf33,16,,free_viewing,,6084,3806,292.7692307692308,13,903.0153846153846,540.623076923077
edf33,17,,free_viewing,,5771,4377,364.75,12,978.0583333333333,564.6666666666666
edf33,18,,free_viewing,,5639,3753,312.75,12,947.4916666666668,637.975
edf33,19,Punjabi,sentence_audio,passive_dropped_agent,10383,4242,471.3333333333333,9,1002.1555555555556,581.8555555555555
edf33,2,,free_viewing,,5665,4403,366.9166666666667,12,986.5416666666666,435.04999999999995
edf33,20,Punjabi,sentence_audio,passive_dropped_agent,10546,4434,739.0,6,958.9833333333335,504.54999999999995
edf33,21,Punjabi,sentence_audio,passive_dropped_agent,11128,4218,468.6666666666667,9,949.3666666666668,562.3444444444444
edf33,22,English,sentence_audio,active,10887,4361,484.55555555555554,9,935.6333333333334,452.34444444444455
edf33,23,English,sentence_audio,active,10708,4592,918.4,5,912.0,424.73999999999995
edf33,24,English,sentence_audio,active,10273,4146,296.14285714285717,14,947.6142857142858,475.67857142857144
edf33,25,English,sentence_audio,passive,10324,4214,301.0,14,973.3785714285715,425.55000000000007
edf33,26,English,sentence_audio,passive,10566,4188,465.3333333333333,9,837.5555555555555,538.9555555555555
edf33,27,English,sentence_audio,passive,10787,4047,269.8,15,838.9333333333332,415.54
edf33,28,English,sentence_audio,passive_dropped_agent,11116,4338,271.125,16,978.6875000000001,694.425
edf33,29,English,sentence_audio,passive_dropped_agent,10694,4000,307.6923076923077,13,986.0615384615386,327.83846153846156
edf33,3,,free_viewing,,5804,4196,466.22222222222223,9,904.6333333333333,426.62222222222215
edf33,30,English,sentence_audio,passive_dropped_agent,10871,4595,919.0,5,894.1,446.16
edf33,31,Punjabi,sentence_audio,active,10628,4084,371.27272727272725,11,909.6999999999999,380.58181818181816
edf33,32,Punjabi,sentence_audio,active,11112,3914,326.1666666666667,12,909.0416666666669,480.71666666666664
edf33,33,Punjabi,sentence_audio,active,10919,3983,234.2941176470588,17,1063.2941176470588,449.5705882352942
edf33,34,Punjabi,sentence_audio,passive,10993,4521,502.3333333333333,9,880.8333333333333,616.9333333333334
edf33,35,Punjabi,sentence_audio,passive,10179,3965,305.0,13,957.7769230769231,634.4000000000001
edf33,36,Punjabi,sentence_audio,passive,10853,3775,314.5833333333333,12,812.75,395.1666666666667
edf33,4,,free_viewing,,5859,4212,351.0,12,1011.2833333333334,487.5083333333334
edf33,5,,free_viewing,,5797,4338,394.3636363636364,11,965.3090909090909,542.9
edf33,6,,free_viewing,,5939,4393,366.0833333333333,12,919.8750000000001,499.5250000000001
edf33,7,,free_viewing,,5873,4297,429.7,10,906.75,524.73
edf33,8,,free_viewing,,5757,4049,368.09090909090907,11,872.8818181818183,687.9909090909091
edf33,9,,free_viewing,,5719,4409,440.9,10,1037.75,533.1600000000001
edf34,1,,free_viewing,,6027,4091,292.2142857142857,14,907.0714285714287,487.31428571428575
edf34,10,,free_viewing,,5780,3764,198.10526315789474,19,925.3631578947367,520.0473684210526
edf34,11,,free_viewing,,6032,4008,286.2857142857143,14,935.2214285714286,479.5499999999999
edf34,12,,free_viewing,,6033,3643,214.2941176470588,17,954.6294117647058,690.3176470588235
edf34,13,,free_viewing,,5995,3403,261.7692307692308,13,994.8384615384616,509.6615384615385
edf34,14,,free_viewing,,5990,3828,225.1764705882353,17,1053.8705882352942,487.0235294117648
edf34,15,,free_viewing,,6079,4032,237.1764705882353,17,850.9294117647058,559.4411764705883
edf34,16,,free_viewing,,5648,3632,213.64705882352942,17,906.1117647058825,504.6823529411765
edf34,17,,free_viewing,,5792,3606,225.375,16,975.5812500000002,456.11875
edf34,18,,free_viewing,,5659,3663,305.25,12,908.0583333333334,455.6833333333334
edf34,19,English,sentence_audio,active,10598,4288,389.8181818181818,11,1000.0363636363635,546.3909090909091
edf34,2,,free_viewing,,5819,3798,172.63636363636363,22,937.3954545454544,415.57727272727277
edf34,20,English,sentence_audio,active,11148,4136,344.6666666666667,12,943.1083333333332,526.4499999999999
edf34,21,English,sentence_audio,active,10879,3819,254.6,15,937.4066666666669,581.3199999999999
edf34,22,English,sentence_audio,passive,10469,4443,634.7142857142857,7,900.2999999999998,435.45714285714286
edf34,23,English,sentence_audio,passive,10313,4029,309.9230769230769,13,984.7384615384616,457.1615384615385
edf34,24,English,sentence_audio,passive,10322,3760,250.66666666666666,15,731.6399999999999,430.96
edf34,25,English,sentence_audio,passive_dropped_agent,10475,3907,260.46666666666664,15,990.1933333333332,383.8333333333333
edf34,26,English,sentence_audio,passive_dropped_agent,10453,3933,207.0,19,845.9315789473684,534.3368421052631
edf34,27,English,sentence_audio,passive_dropped_agent,10984,4328,393.45454545454544,11,944.4727272727275,420.95454545454544
edf34,28,Punjabi,sentence_audio,active,11003,3733,207.38888888888889,18,959.3722222222223,635.9000000000001
edf34,29,Punjabi,sentence_audio,active,10942,3992,332.6666666666667,12,899.0166666666668,291.6416666666667
edf34,3,,free_viewing,,5740,4002,210.6315789473684,19,913.8947368421054,595.4684210526316
edf34,30,Punjabi,sentence_audio,active,10978,3964,304.9230769230769,13,796.8153846153848,537.3153846153846
edf34,31,Punjabi,sentence_audio,passive,10967,3860,257.3333333333333,15,1115.1066666666666,701.6933333333334
edf34,32,Punjabi,sentence_audio,passive,11011,3603,277.15384615384613,13,920.9999999999999,451.3538461538461
edf34,33,Punjabi,sentence_audio,passive,10429,4231,302.2142857142857,14,1171.2285714285715,409.2214285714286
edf34,34,Punjabi,sentence_audio,passive_dropped_agent,10492,4010,401.0,10,896.7800000000001,706.1
edf34,35,Punjabi,sentence_audio,passive_dropped_agent,10642,3744,288.0,13,968.576923076923,474.7769230769231
edf34,36,Punjabi,sentence_audio,passive_dropped_agent,11147,3413,200.76470588235293,17,912.9764705882353,451.33529411764704
edf34,4,,free_viewing,,5868,4112,257.0,16,920.16875,461.86875
edf34,5,,free_viewing,,6011,4002,307.84615384615387,13,980.1846153846152,615.1
edf34,6,,free_viewing,,5890,3834,273.85714285714283,14,874.2142857142857,457.6571428571429
edf34,7,,free_viewing,,6092,3940,246.25,16,969.3125,515.01875
edf34,8,,free_viewing,,5879,3209,213.93333333333334,15,963.0133333333332,466.1333333333334
edf34,9,,free_viewing,,5731,3607,225.4375,16,869.01875,683.2
edf35,1,,free_viewing,,5848,3360,224.0,15,948.7333333333332,565.86
edf35,10,,free_viewing,,5699,3660,406.6666666666667,9,945.6999999999999,477.76666666666665
edf35,11,,free_viewing,,5966,3720,413.3333333333333,9,1026.3777777777777,366.73333333333335
edf35,12,,free_viewing,,5829,3662,523.1428571428571,7,780.7428571428571,456.11428571428576
edf35,13,,free_viewing,,6080,3938,393.8,10,886.1399999999998,611.0
edf35,14,,free_viewing,,6076,3742,311.8333333333333,12,974.75,423.85833333333335
edf35,15,,free_viewing,,6060,3690,369.0,10,1036.67,348.4
edf35,16,,free_viewing,,6004,4076,452.8888888888889,9,955.5111111111112,616.0666666666666
edf35,17,,free_viewing,,5863,3599,359.9,10,922.99,478.46000000000004
edf35,18,,free_viewing,,6063,3801,316.75,12,862.6750000000001,444.8083333333334
edf35,19,English,sentence_audio,passive,10655,3413,379.22222222222223,9,980.7888888888889,473.0111111111112
edf35,2,,free_viewing,,5677,4105,293.2142857142857,14,970.8857142857144,427.84285714285704
edf35,20,English,sentence_audio,passive,10181,3439,491.2857142857143,7,905.9857142857143,497.87142857142857
edf35,21,English,sentence_audio,passive,10502,3718,464.75,8,949.3375000000001,497.5875
edf35,22,English,sentence_audio,passive_dropped_agent,10642,3130,313.0,10,933.7400000000001,474.4200000000001
edf35,23,English,sentence_audio,passive_dropped_agent,10276,3638,363.8,10,797.22,499.2
edf35,24,English,sentence_audio,passive_dropped_agent,10625,3613,401.44444444444446,9,920.1777777777778,425.6
edf35,25,Punjabi,sentence_audio,active,10920,3626,329.6363636363636,11,970.1090909090909,374.71818181818185
edf35,26,Punjabi,sentence_audio,active,10640,3594,399.3333333333333,9,888.2111111111112,523.5333333333333
edf35,27,Punjabi,sentence_audio,active,10830,3308,413.5,8,847.0999999999999,430.84999999999997
edf35,28,Punjabi,sentence_audio,passive,10775,3561,445.125,8,894.075,568.9125
edf35,29,Punjabi,sentence_audio,passive,10903,3787,473.375,8,1041.7875000000001,425.45000000000005
edf35,3,,free_viewing,,5788,4248,424.8,10,964.9,556.5699999999999
edf35,30,Punjabi,sentence_audio,passive,11043,3283,298.45454545454544,11,859.0363636363636,491.9
edf35,31,Punjabi,sentence_audio,passive_dropped_agent,10549,3658,281.38461538461536,13,912.8230769230769,450.03846153846155
edf35,32,Punjabi,sentence_audio,passive_dropped_agent,10305,3491,349.1,10,944.25,491.94000000000005
edf35,33,Punjabi,sentence_audio,passive_dropped_agent,10542,3436,286.3333333333333,12,1051.4750000000001,455.25833333333327
edf35,34,English,sentence_audio,active,10334,3540,354.0,10,874.74,552.45
edf35,35,English,sentence_audio,active,10604,3460,384.44444444444446,9,953.7555555555555,434.25555555555565
edf35,36,English,sentence_audio,active,10306,3356,419.5,8,844.125,424.63750000000005
edf35,4,,free_viewing,,5739,4019,365.3636363636364,11,913.3545454545455,488.84545454545463
edf35,5,,free_viewing,,5775,3827,382.7,10,1018.0,513.7900000000002
edf35,6,,free_viewing,,6053,3817,381.7,10,962.6299999999999,472.2
edf35,7,,free_viewing,,5651,3833,319.4166666666667,12,829.7083333333334,528.1333333333333
edf35,8,,free_viewing,,5963,4230,423.0,10,1071.15,509.03999999999996
edf35,9,,free_viewing,,6100,3704,336.72727272727275,11,797.3636363636364,640.1727272727273
edf36,10,,free_viewing,,5936,4438,554.75,8,1034.0,405.2
edf36,11,,free_viewing,,5936,4262,426.2,10,1066.6799999999998,462.16999999999996
edf36,12,,free_viewing,,5952,4272,534.0,8,941.9125000000001,513.3625
edf36,13,,free_viewing,,5864,4182,380.1818181818182,11,856.3727272727273,537.6545454545455
edf36,14,,free_viewing,,5882,4200,525.0,8,910.0250000000001,533.0
edf36,15,,free_viewing,,5781,4311,479.0,9,969.9666666666667,683.7555555555556
edf36,16,,free_viewing,,5768,4414,490.44444444444446,9,995.5777777777779,421.15555555555557
edf36,17,,free_viewing,,5738,4416,441.6,10,913.4300000000001,717.44
edf36,18,,free_viewing,,6132,4496,562.0,8,959.3874999999999,571.95
edf36,19,English,sentence_audio,passive_dropped_agent,10685,4339,867.8,5,956.86,467.5
edf36,2,,free_viewing,,6107,4199,381.72727272727275,11,976.2909090909092,516.1999999999999
edf36,20,English,sentence_audio,passive_dropped_agent,10865,4411,367.5833333333333,12,944.3583333333332,532.8583333333333
edf36,21,English,sentence_audio,passive_dropped_agent,10457,4357,622.4285714285714,7,942.1142857142858,573.3571428571428
edf36,22,Punjabi,sentence_audio,active,10228,4354,622.0,7,1274.7857142857142,637.6714285714287
edf36,23,Punjabi,sentence_audio,active,10533,4473,447.3,10,896.3800000000001,507.71000000000004
edf36,24,Punjabi,sentence_audio,active,11134,4230,302.14285714285717,14,926.6214285714285,550.4428571428572
edf36,25,Punjabi,sentence_audio,passive,10439,4267,355.5833333333333,12,915.9,485.76666666666665
edf36,26,Punjabi,sentence_audio,passive,10882,4392,366.0,12,831.3833333333333,626.1083333333333
edf36,27,Punjabi,sentence_audio,passive,11147,4443,444.3,10,873.99,535.87
edf36,28,Punjabi,sentence_audio,passive_dropped_agent,10287,4503,409.3636363636364,11,876.4545454545455,717.5454545454545
edf36,29,Punjabi,sentence_audio,passive_dropped_agent,10394,4262,355.1666666666667,12,953.8916666666668,454.49999999999994
edf36,3,,free_viewing,,5813,4495,408.6363636363636,11,898.0909090909092,535.9181818181818
edf36,30,Punjabi,sentence_audio,passive_dropped_agent,10620,4524,646.2857142857143,7,853.8142857142857,570.7285714285714
edf36,31,English,sentence_audio,active,10931,4165,320.38461538461536,13,900.0692307692308,342.0153846153847
edf36,32,English,sentence_audio,active,11162,4072,407.2,10,890.21,486.2299999999999
edf36,33,English,sentence_audio,active,10510,4230,384.54545454545456,11,1036.5545454545454,477.79999999999995
edf36,34,English,sentence_audio,passive,10642,4120,316.9230769230769,13,873.8923076923076,664.5923076923076
edf36,35,English,sentence_audio,passive,10855,4503,750.5,6,979.8833333333332,701.8166666666666
edf36,36,English,sentence_audio,passive,10593,4553,650.4285714285714,7,854.9285714285714,451.3142857142857
edf36,4,,free_viewing,,6074,4246,424.6,10,878.4200000000001,545.2900000000001
edf36,5,,free_viewing,,5952,4346,543.25,8,913.1374999999999,521.7249999999999
edf36,6,,free_viewing,,5705,4237,529.625,8,907.55,409.2
edf36,7,,free_viewing,,5710,4524,1131.0,4,988.55,617.125
edf36,8,,free_viewing,,5736,4554,759.0,6,823.6666666666666,642.5500000000001
edf36,9,,free_viewing,,5905,4373,728.8333333333334,6,1010.4166666666666,599.65
edf37,1,,free_viewing,,5765,4267,304.7857142857143,14,935.5642857142857,343.7571428571428
edf37,10,,free_viewing,,6036,4210,421.0,10,894.8299999999999,446.73999999999995
edf37,11,,free_viewing,,5933,4183,418.3,10,987.1800000000001,418.28999999999996
edf37,12,,free_viewing,,5641,4319,431.9,10,861.4900000000001,544.6
edf37,13,,free_viewing,,5760,4158,244.58823529411765,17,990.0529411764707,711.1470588235293
edf37,14,,free_viewing,,5850,4282,251.88235294117646,17,930.935294117647,724.8176470588235
edf37,15,,free_viewing,,5786,4200,280.0,15,926.3466666666668,591.78
edf37,16,,free_viewing,,5772,4258,212.9,20,950.7900000000002,519.0600000000001
edf37,17,,free_viewing,,5906,4264,304.57142857142856,14,977.892857142857,389.4142857142857
edf37,18,,free_viewing,,5927,4279,329.15384615384613,13,858.823076923077,397.8461538461539
edf37,19,Punjabi,sentence_audio,active,10838,4314,253.76470588235293,17,875.6235294117646,630.4058823529411
edf37,2,,free_viewing,,6119,4419,339.9230769230769,13,873.7692307692306,468.0615384615384
edf37,20,Punjabi,sentence_audio,active,11070,4160,378.1818181818182,11,879.7545454545456,433.7363636363636
edf37,21,Punjabi,sentence_audio,active,10977,4364,311.7142857142857,14,948.4714285714284,415.12142857142857
edf37,22,Punjabi,sentence_audio,passive,10905,4372,336.3076923076923,13,836.2538461538462,615.6461538461538
edf37,23,Punjabi,sentence_audio,passive,11141,4307,307.64285714285717,14,904.4428571428572,456.7428571428572
edf37,24,Punjabi,sentence_audio,passive,10578,4066,254.125,16,829.4875000000001,395.975
edf37,25,Punjabi,sentence_audio,passive_dropped_agent,11140,4096,315.0769230769231,13,855.2615384615383,500.1
edf37,26,Punjabi,sentence_audio,passive_dropped_agent,10872,4112,216.42105263157896,19,967.3000000000001,445.03157894736836
edf37,27,Punjabi,sentence_audio,passive_dropped_agent,10633,4281,356.75,12,863.0666666666667,431.77500000000003
edf37,28,English,sentence_audio,active,10533,4227,301.92857142857144,14,915.8071428571427,484.0571428571428
edf37,29,English,sentence_audio,active,10564,4378,312.7142857142857,14,889.9714285714286,553.1
edf37,3,,free_viewing,,5773,3791,223.0,17,847.0823529411764,534.1823529411765
edf37,30,English,sentence_audio,active,10415,4585,573.125,8,954.5375000000001,408.0
edf37,31,English,sentence_audio,passive,10465,4107,241.58823529411765,17,953.4,688.4235294117648
edf37,32,English,sentence_audio,passive,10529,4359,335.3076923076923,13,960.6923076923078,731.3846153846152
edf37,33,English,sentence_audio,passive,10621,4591,353.15384615384613,13,907.8076923076923,527.3076923076922
edf37,34,English,sentence_audio,passive_dropped_agent,10748,4412,294.1333333333333,15,941.7733333333333,548.1666666666666
edf37,35,English,sentence_audio,passive_dropped_agent,10933,3205,320.5,10,987.11,454.02
edf37,36,English,sentence_audio,passive_dropped_agent,10651,3889,194.45,20,818.0699999999999,531.8399999999999
edf37,4,,free_viewing,,5782,4132,344.3333333333333,12,906.8333333333335,493.6666666666667
edf37,5,,free_viewing,,5941,4131,344.25,12,987.9583333333335,480.62500000000006
edf37,6,,free_viewing,,5736,4252,327.0769230769231,13,862.0307692307692,527.2538461538462
edf37,7,,free_viewing,,5937,3971,220.61111111111111,18,823.9722222222222,584.1055555555556
edf37,8,,free_viewing,,5741,4273,267.0625,16,1005.3500000000001,384.85625
edf37,9,,free_viewing,,5760,4442,341.6923076923077,13,898.4846153846155,531.2846153846153
edf38,1,,free_viewing,,5807,4525,377.0833333333333,12,991.9416666666665,438.0333333333333
edf38,10,,free_viewing,,5843,4135,459.44444444444446,9,1060.8444444444444,564.0555555555554
edf38,11,,free_viewing,,6092,3890,389.0,10,984.1700000000001,555.33
edf38,12,,free_viewing,,5659,4276,285.06666666666666,15,908.8133333333333,485.2
edf38,13,,free_viewing,,5955,4312,287.46666666666664,15,902.1733333333334,611.4599999999999
edf38,14,,free_viewing,,5894,4300,390.90909090909093,11,1056.527272727273,487.93636363636364
edf38,15,,free_viewing,,5831,4391,337.7692307692308,13,908.2076923076924,533.6923076923077
edf38,16,,free_viewing,,5902,4262,304.42857142857144,14,1069.7285714285715,479.7785714285714
edf38,17,,free_viewing,,6133,4407,489.6666666666667,9,1008.0333333333334,582.3888888888889
edf38,18,,free_viewing,,6052,4404,367.0,12,926.5750000000002,524.9416666666667
edf38,19,Punjabi,sentence_audio,passive,10445,4293,268.3125,16,972.90625,463.19999999999993
edf38,2,,free_viewing,,5719,4167,231.5,18,936.6111111111111,459.76111111111106
edf38,20,Punjabi,sentence_audio,passive,10630,4400,733.3333333333334,6,980.4166666666666,481.7833333333333
edf38,21,Punjabi,sentence_audio,passive,10577,4164,260.25,16,986.7937499999999,482.8187500000001
edf38,22,Punjabi,sentence_audio,passive_dropped_agent,10842,4410,367.5,12,947.7083333333334,735.3666666666667
edf38,23,Punjabi,sentence_audio,passive_dropped_agent,10711,4076,271.73333333333335,15,914.0133333333331,413.74666666666667
edf38,24,Punjabi,sentence_audio,passive_dropped_agent,10399,4269,304.92857142857144,14,920.0142857142857,398.5214285714286
edf38,25,English,sentence_audio,active,10948,4110,256.875,16,901.0375,555.48125
edf38,26,English,sentence_audio,active,10978,4050,238.23529411764707,17,953.3117647058823,406.69411764705876
edf38,27,English,sentence_audio,active,11002,4158,415.8,10,879.0,431.7900000000001
edf38,28,English,sentence_audio,passive,10317,4027,366.09090909090907,11,1127.4272727272728,413.60909090909087
edf38,29,English,sentence_audio,passive,10572,4206,323.53846153846155,13,957.5999999999999,447.20769230769235
edf38,3,,free_viewing,,5985,4245,326.53846153846155,13,896.0153846153845,624.4384615384615
edf38,30,English,sentence_audio,passive,10413,4163,416.3,10,964.4300000000001,423.68
edf38,31,English,sentence_audio,passive_dropped_agent,10328,4630,356.15384615384613,13,967.7230769230769,672.1076923076924
edf38,32,English,sentence_audio,passive_dropped_agent,10419,4389,399.0,11,945.8727272727272,610.0818181818182
edf38,33,English,sentence_audio,passive_dropped_agent,10327,4179,278.6,15,908.4800000000001,462.74666666666667
edf38,34,Punjabi,sentence_audio,active,11174,4472,298.1333333333333,15,955.6533333333334,487.06666666666666
edf38,35,Punjabi,sentence_audio,active,10208,4508,346.7692307692308,13,1023.8153846153847,488.7769230769231
edf38,36,Punjabi,sentence_audio,active,10478,4142,295.85714285714283,14,864.3285714285714,572.8142857142858
edf38,4,,free_viewing,,5670,4322,270.125,16,1001.6562500000001,439.70625
edf38,5,,free_viewing,,5726,4426,402.3636363636364,11,880.8090909090909,537.5545454545454
edf38,6,,free_viewing,,5883,4315,269.6875,16,690.9937500000001,500.66875
edf38,7,,free_viewing,,5969,4489,498.77777777777777,9,934.5888888888888,471.77777777777777
edf38,8,,free_viewing,,6105,4291,357.5833333333333,12,995.2166666666667,502.4083333333333
edf38,9,,free_viewing,,5907,4363,290.8666666666667,15,895.0333333333334,442.62666666666667
edf39,1,,free_viewing,,6137,4373,336.38461538461536,13,942.1846153846152,458.576923076923
edf39,10,,free_viewing,,5835,4223,527.875,8,1011.2499999999999,479.70000000000005
edf39,11,,free_viewing,,6063,4035,310.38461538461536,13,975.6076923076923,501.2384615384615
edf39,12,,free_viewing,,5988,4064,312.61538461538464,13,1121.0923076923077,444.8846153846153
edf39,13,,free_viewing,,5934,4152,346.0,12,1010.1500000000001,529.2416666666667
edf39,14,,free_viewing,,5999,3933,437.0,9,845.4333333333334,502.9111111111111
edf39,15,,free_viewing,,6052,4228,384.3636363636364,11,944.9090909090909,614.5272727272727
edf39,16,,free_viewing,,5767,4396,488.44444444444446,9,913.4666666666667,470.0222222222221
edf39,17,,free_viewing,,5693,3773,471.625,8,875.8875,484.0125
edf39,18,,free_viewing,,5903,3864,276.0,14,926.2642857142856,556.3142857142857
edf39,19,Punjabi,sentence_audio,passive_dropped_agent,10623,4213,300.92857142857144,14,911.3357142857145,635.85
edf39,2,,free_viewing,,5857,4035,366.8181818181818,11,994.1,661.2363636363635
edf39,20,Punjabi,sentence_audio,passive_dropped_agent,10327,4285,357.0833333333333,12,921.3916666666664,471.6000000000001
edf39,21,Punjabi,sentence_audio,passive_dropped_agent,10173,4306,331.2307692307692,13,960.6384615384615,481.52307692307687
edf39,22,English,sentence_audio,active,10251,4107,273.8,15,882.1733333333334,576.92
edf39,23,English,sentence_audio,active,10673,3861,321.75,12,1014.5833333333331,544.1083333333333
edf39,24,English,sentence_audio,active,10803,4069,290.64285714285717,14,971.9000000000002,378.2714285714286
edf39,25,English,sentence_audio,passive,10241,3821,272.92857142857144,14,999.3714285714285,593.9857142857144
edf39,26,English,sentence_audio,passive,10335,4175,298.2142857142857,14,1094.4714285714285,464.34285714285716
edf39,27,English,sentence_audio,passive,11132,3892,324.3333333333333,12,933.225,591.65
edf39,28,English,sentence_audio,passive_dropped_agent,10993,3953,329.4166666666667,12,1213.2833333333335,582.0833333333333
edf39,29,English,sentence_audio,passive_dropped_agent,10752,4544,908.8,5,956.5200000000001,501.44000000000005
edf39,3,,free_viewing,,5671,4181,418.1,10,901.43,601.3800000000001
edf39,30,English,sentence_audio,passive_dropped_agent,10635,4531,906.2,5,1084.8200000000002,499.43999999999994
edf39,31,Punjabi,sentence_audio,active,10299,3993,285.2142857142857,14,935.5571428571429,610.1999999999999
edf39,32,Punjabi,sentence_audio,active,10636,4188,322.15384615384613,13,990.853846153846,445.73076923076917
edf39,33,Punjabi,sentence_audio,active,10406,4342,394.72727272727275,11,885.1090909090908,459.9818181818182
edf39,34,Punjabi,sentence_audio,passive,11092,4092,341.0,12,998.3416666666667,450.42499999999995
edf39,35,Punjabi,sentence_audio,passive,10425,4241,706.8333333333334,6,1005.5500000000001,464.20000000000005
edf39,36,Punjabi,sentence_audio,passive,10469,4127,294.7857142857143,14,988.9428571428571,531.2428571428571
edf39,4,,free_viewing,,5757,4203,323.3076923076923,13,925.5384615384615,534.576923076923
edf39,5,,free_viewing,,5781,4512,752.0,6,868.9499999999999,711.7666666666668
edf39,6,,free_viewing,,5841,4087,314.38461538461536,13,895.5538461538464,658.6538461538462
edf39,7,,free_viewing,,6081,4173,298.07142857142856,14,1013.1857142857143,485.29285714285714
edf39,8,,free_viewing,,6052,3878,352.54545454545456,11,1018.4818181818181,518.6999999999999
edf39,9,,free_viewing,,6025,4379,364.9166666666667,12,995.9416666666667,427.075
edf40,1,,free_viewing,,5809,4203,280.2,15,906.52,459.56
edf40,10,,free_viewing,,5860,4266,328.15384615384613,13,963.123076923077,394.4153846153846
edf40,11,,free_viewing,,5979,4394,488.22222222222223,9,990.3888888888889,371.8888888888889
edf40,12,,free_viewing,,6015,4440,444.0,10,1104.1600000000003,402.61999999999995
edf40,13,,free_viewing,,6011,4255,265.9375,16,908.1500000000001,440.38750000000005
edf40,14,,free_viewing,,5952,4232,248.94117647058823,17,1024.935294117647,519.9588235294117
edf40,15,,free_viewing,,5820,4212,234.0,18,1017.2333333333333,384.9888888888889
edf40,16,,free_viewing,,5781,4435,369.5833333333333,12,918.6916666666666,458.7583333333334
edf40,17,,free_viewing,,5999,4213,234.05555555555554,18,1051.072222222222,399.4277777777778
edf40,18,,free_viewing,,6105,4545,505.0,9,958.8222222222224,642.5666666666667
edf40,19,English,sentence_audio,active,10433,4261,284.06666666666666,15,959.3266666666666,466.3933333333333
edf40,2,,free_viewing,,5820,4414,401.27272727272725,11,963.3272727272728,639.8909090909091
edf40,20,English,sentence_audio,active,10989,3705,247.0,15,961.6533333333334,435.53333333333336
edf40,21,English,sentence_audio,active,10560,4400,366.6666666666667,12,991.5250000000001,471.7416666666666
edf40,22,English,sentence_audio,passive,10908,3740,340.0,11,926.3727272727273,540.3727272727273
edf40,23,English,sentence_audio,passive,10792,4318,308.42857142857144,14,1021.4,402.45714285714286
edf40,24,English,sentence_audio,passive,10781,4123,317.15384615384613,13,1029.7230769230769,365.0615384615385
edf40,25,English,sentence_audio,passive_dropped_agent,10456,4152,461.3333333333333,9,911.0222222222224,472.3666666666667
edf40,26,English,sentence_audio,passive_dropped_agent,10533,4359,544.875,8,1026.5874999999999,347.48749999999995
edf40,27,English,sentence_audio,passive_dropped_agent,10913,4014,334.5,12,918.8583333333335,464.5833333333334
edf40,28,Punjabi,sentence_audio,active,11046,4192,322.46153846153845,13,1030.4230769230767,388.2461538461539
edf40,29,Punjabi,sentence_audio,active,10703,4005,210.78947368421052,19,939.578947368421,421.05263157894734
edf40,3,,free_viewing,,5890,4420,884.0,5,979.2199999999999,379.91999999999996
edf40,30,Punjabi,sentence_audio,active,10981,3816,224.47058823529412,17,969.1705882352942,470.2294117647059
edf40,31,Punjabi,sentence_audio,passive,10930,4032,252.0,16,958.6562500000001,703.975
edf40,32,Punjabi,sentence_audio,passive,11167,4191,419.1,10,996.78,576.1599999999999
edf40,33,Punjabi,sentence_audio,passive,10195,4433,554.125,8,988.4875,456.775
edf40,34,Punjabi,sentence_audio,passive_dropped_agent,10951,4271,427.1,10,934.51,559.22
edf40,35,Punjabi,sentence_audio,passive_dropped_agent,10434,4154,377.6363636363636,11,1030.8,482.69090909090914
edf40,36,Punjabi,sentence_audio,passive_dropped_agent,10344,3966,264.4,15,918.2,430.23999999999995
edf40,4,,free_viewing,,6021,4342,482.44444444444446,9,1021.6666666666666,418.1333333333333
edf40,5,,free_viewing,,6065,4345,310.35714285714283,14,1001.2499999999999,690.7142857142857
edf40,6,,free_viewing,,5838,4270,474.44444444444446,9,939.2111111111112,518.6888888888889
edf40,7,,free_viewing,,5869,4435,554.375,8,975.7375000000001,505.15000000000003
edf40,8,,free_viewing,,5713,4473,559.125,8,988.5250000000002,489.91249999999997
edf40,9,,free_viewing,,5729,4441,444.1,10,905.0099999999999,474.65999999999997
edf41,1,,free_viewing,,5654,3998,210.42105263157896,19,931.9789473684211,425.66842105263163
edf41,10,,free_viewing,,6100,4158,297.0,14,922.092857142857,511.35714285714283
edf41,11,,free_viewing,,6135,3509,194.94444444444446,18,1050.622222222222,382.4388888888889
edf41,12,,free_viewing,,5782,4160,277.3333333333333,15,893.2,447.77333333333337
edf41,13,,free_viewing,,5694,4006,235.64705882352942,17,888.7529411764706,543.9117647058823
edf41,14,,free_viewing,,5999,4017,251.0625,16,984.15,631.9875
edf41,15,,free_viewing,,5862,3804,271.7142857142857,14,937.7714285714286,398.5928571428571
edf41,16,,free_viewing,,5669,4007,267.1333333333333,15,911.1533333333332,449.87333333333333
edf41,17,,free_viewing,,5796,4158,415.8,10,850.01,465.38
edf41,18,,free_viewing,,5805,4177,596.7142857142857,7,921.7,423.68571428571437
edf41,19,English,sentence_audio,passive,10615,4023,287.35714285714283,14,868.1999999999999,422.8785714285714
edf41,2,,free_viewing,,5765,4353,621.8571428571429,7,966.0571428571428,362.2714285714286
edf41,20,English,sentence_audio,passive,10844,4616,769.3333333333334,6,896.5499999999998,433.8
edf41,21,English,sentence_audio,passive,10982,4426,491.77777777777777,9,872.9666666666667,465.87777777777774
edf41,22,English,sentence_audio,passive_dropped_agent,10280,3320,301.8181818181818,11,811.3909090909091,565.6090909090909
edf41,23,English,sentence_audio,passive_dropped_agent,10360,3852,350.1818181818182,11,970.0636363636364,561.4818181818181
edf41,24,English,sentence_audio,passive_dropped_agent,10621,3950,282.14285714285717,14,968.5999999999998,399.15
edf41,25,Punjabi,sentence_audio,active,10815,3567,209.8235294117647,17,812.770588235294,577.9470588235295
edf41,26,Punjabi,sentence_audio,active,10922,3680,230.0,16,839.71875,402.26875
edf41,27,Punjabi,sentence_audio,active,10667,3407,262.0769230769231,13,861.3846153846154,491.6846153846153
edf41,28,Punjabi,sentence_audio,passive,10227,3402,261.6923076923077,13,958.2846153846154,387.81538461538463
edf41,29,Punjabi,sentence_audio,passive,10618,3944,657.3333333333334,6,779.7833333333333,458.9333333333334
edf41,3,,free_viewing,,6016,4390,731.6666666666666,6,860.35,481.3833333333334
edf41,30,Punjabi,sentence_audio,passive,10566,3528,320.72727272727275,11,953.4363636363636,358.90909090909093
edf41,31,Punjabi,sentence_audio,passive_dropped_agent,10517,4034,448.22222222222223,9,899.6777777777777,622.8444444444444
edf41,32,Punjabi,sentence_audio,passive_dropped_agent,10748,3784,315.3333333333333,12,890.5583333333334,572.1583333333334
edf41,33,Punjabi,sentence_audio,passive_dropped_agent,10759,3115,283.1818181818182,11,892.8818181818184,507.50909090909096
edf41,34,English,sentence_audio,active,10883,3759,313.25,12,901.2333333333335,498.8166666666666
edf41,35,English,sentence_audio,active,10299,3599,327.1818181818182,11,928.0545454545455,377.9181818181818
edf41,36,English,sentence_audio,active,11063,3915,489.375,8,763.3875,465.2
edf41,4,,free_viewing,,5691,4547,1515.6666666666667,3,911.4,368.2
edf41,5,,free_viewing,,5980,4242,353.5,12,862.4833333333335,470.5833333333333
edf41,6,,free_viewing,,5899,4223,351.9166666666667,12,947.0749999999999,500.91666666666674
edf41,7,,free_viewing,,5953,4275,534.375,8,864.9625000000001,296.0875
edf41,8,,free_viewing,,5663,4089,371.72727272727275,11,797.1363636363636,351.6545454545455
edf41,9,,free_viewing,,6085,3711,218.2941176470588,17,874.1294117647059,381.3235294117647
edf42,1,,free_viewing,,5677,4075,226.38888888888889,18,983.6666666666666,521.3944444444445
edf42,10,,free_viewing,,5692,4278,285.2,15,950.22,683.6466666666666
edf42,11,,free_viewing,,6083,4293,429.3,10,829.65,504.9000000000001
edf42,12,,free_viewing,,6021,4375,397.72727272727275,11,785.5090909090909,517.7909090909092
edf42,13,,free_viewing,,5644,4342,334.0,13,958.4769230769232,583.323076923077
edf42,14,,free_viewing,,6128,4284,306.0,14,979.3071428571428,470.04285714285714
edf42,15,,free_viewing,,5951,4341,361.75,12,807.9,596.6583333333334
edf42,16,,free_viewing,,6129,4317,359.75,12,941.4250000000002,417.56666666666666
edf42,17,,free_viewing,,5788,4200,280.0,15,885.4466666666667,613.0066666666667
edf42,18,,free_viewing,,5985,4235,470.55555555555554,9,889.2111111111112,457.94444444444446
edf42,19,English,sentence_audio,passive_dropped_agent,10810,4478,407.09090909090907,11,944.8090909090909,486.94545454545454
edf42,2,,free_viewing,,5788,4328,332.9230769230769,13,951.7692307692306,460.5076923076922
edf42,20,English,sentence_audio,passive_dropped_agent,10990,4322,360.1666666666667,12,935.7416666666667,488.10833333333335
edf42,21,English,sentence_audio,passive_dropped_agent,10241,4331,481.22222222222223,9,974.0333333333333,525.5
edf42,22,Punjabi,sentence_audio,active,11079,4533,566.625,8,872.9125,567.4999999999999
edf42,23,Punjabi,sentence_audio,active,10707,4455,445.5,10,992.8100000000001,500.11
edf42,24,Punjabi,sentence_audio,active,10515,4333,481.44444444444446,9,887.9999999999999,372.48888888888894
edf42,25,Punjabi,sentence_audio,passive,11117,4413,367.75,12,808.25,479.3916666666667
edf42,26,Punjabi,sentence_audio,passive,10546,4294,429.4,10,975.82,431.0
edf42,27,Punjabi,sentence_audio,passive,10825,4399,439.9,10,838.54,465.85999999999996
edf42,28,Punjabi,sentence_audio,passive_dropped_agent,10315,4459,445.9,10,971.2300000000001,426.14
edf42,29,Punjabi,sentence_audio,passive_dropped_agent,10658,4700,2350.0,2,774.1,454.6
edf42,3,,free_viewing,,6035,4605,767.5,6,905.4499999999999,506.8500000000001
edf42,30,Punjabi,sentence_audio,passive_dropped_agent,10588,4408,400.72727272727275,11,1125.1272727272726,550.0909090909091
edf42,31,English,sentence_audio,active,10728,4548,505.3333333333333,9,914.8666666666666,654.0888888888888
edf42,32,English,sentence_audio,active,10692,4550,758.3333333333334,6,936.3499999999999,516.0833333333334
edf42,33,English,sentence_audio,active,11030,4458,743.0,6,918.2499999999999,461.09999999999997
edf42,34,English,sentence_audio,passive,10738,4470,406.3636363636364,11,907.6727272727272,655.0272727272727
edf42,35,English,sentence_audio,passive,10238,4418,490.8888888888889,9,1006.4111111111112,579.0999999999999
edf42,36,English,sentence_audio,passive,10778,4438,369.8333333333333,12,861.9166666666665,511.6833333333334
edf42,4,,free_viewing,,5662,4446,444.6,10,910.29,385.61
edf42,5,,free_viewing,,5886,4524,646.2857142857143,7,931.0000000000001,565.7714285714285
edf42,6,,free_viewing,,6091,4228,325.2307692307692,13,899.9692307692308,563.5230769230768
edf42,7,,free_viewing,,5948,4362,436.2,10,932.8999999999999,617.77
edf42,8,,free_viewing,,5785,4351,362.5833333333333,12,813.2083333333334,560.3166666666666
edf42,9,,free_viewing,,5815,4387,337.46153846153845,13,1028.9461538461537,471.0076923076923
edf43,1,,free_viewing,,5907,4333,309.5,14,934.7000000000002,500.7785714285714
edf43,10,,free_viewing,,5966,4482,560.25,8,875.6750000000001,645.8375
edf43,11,,free_viewing,,6057,3970,283.57142857142856,14,1052.1785714285713,499.0499999999999
edf43,12,,free_viewing,,5646,3994,210.21052631578948,19,1024.4473684210525,518.8421052631579
edf43,13,,free_viewing,,5824,4460,405.45454545454544,11,988.1,409.50909090909096
edf43,14,,free_viewing,,5903,4221,248.2941176470588,17,887.6117647058825,493.1
edf43,15,,free_viewing,,6089,4195,246.76470588235293,17,878.3941176470589,488.75882352941176
edf43,16,,free_viewing,,5904,4136,295.42857142857144,14,966.9285714285716,723.4357142857142
edf43,17,,free_viewing,,5962,3940,246.25,16,890.3124999999999,605.2125
edf43,18,,free_viewing,,5738,4246,386.0,11,856.2545454545456,650.0363636363637
edf43,19,Punjabi,sentence_audio,active,10289,4295,252.64705882352942,17,863.0823529411764,523.2235294117647
edf43,2,,free_viewing,,6041,4207,300.5,14,963.7285714285715,561.4714285714286
edf43,20,Punjabi,sentence_audio,active,11156,4142,295.85714285714283,14,919.9999999999999,493.55
edf43,21,Punjabi,sentence_audio,active,10209,4197,381.54545454545456,11,933.0636363636364,517.6999999999999
edf43,22,Punjabi,sentence_audio,passive,10710,4438,369.8333333333333,12,882.4250000000001,705.1666666666666
edf43,23,Punjabi,sentence_audio,passive,10331,4491,374.25,12,827.9583333333334,599.35
edf43,24,Punjabi,sentence_audio,passive,11114,4144,414.4,10,875.8100000000001,546.4999999999999
edf43,25,Punjabi,sentence_audio,passive_dropped_agent,10239,4683,1561.0,3,765.3000000000001,714.0666666666666
edf43,26,Punjabi,sentence_audio,passive_dropped_agent,10290,4172,219.57894736842104,19,1069.0210526315789,520.2105263157895
edf43,27,Punjabi,sentence_audio,passive_dropped_agent,10248,4418,1472.6666666666667,3,878.7666666666668,485.8333333333333
edf43,28,English,sentence_audio,active,10758,4390,487.77777777777777,9,1000.3222222222224,494.6555555555555
edf43,29,English,sentence_audio,active,10258,4434,295.6,15,895.2466666666667,598.64
edf43,3,,free_viewing,,5983,4217,263.5625,16,939.31875,728.0125
edf43,30,English,sentence_audio,active,10349,4265,284.3333333333333,15,1104.533333333333,457.4266666666667
edf43,31,English,sentence_audio,passive,10684,4268,1067.0,4,860.625,776.8
edf43,32,English,sentence_audio,passive,11001,4231,325.46153846153845,13,919.9692307692308,694.5615384615384
edf43,33,English,sentence_audio,passive,10894,4774,4774.0,1,933.6,614.4
edf43,34,English,sentence_audio,passive_dropped_agent,10717,1773,443.25,4,940.1,637.7
edf43,35,English,sentence_audio,passive_dropped_agent,10815,4413,315.2142857142857,14,1001.1857142857142,531.1999999999999
edf43,36,English,sentence_audio,passive_dropped_agent,11130,4344,310.2857142857143,14,847.0785714285715,507.0214285714286
edf43,4,,free_viewing,,5737,4061,253.8125,16,885.3374999999999,609.00625
edf43,5,,free_viewing,,5941,4403,366.9166666666667,12,962.8916666666665,513.1166666666667
edf43,6,,free_viewing,,5830,4234,352.8333333333333,12,936.0500000000001,555.0916666666666
edf43,7,,free_viewing,,6041,4425,442.5,10,823.5899999999999,529.5699999999999
edf43,8,,free_viewing,,6045,4215,247.94117647058823,17,1026.1117647058825,700.4823529411763
edf43,9,,free_viewing,,5676,4218,234.33333333333334,18,853.7888888888889,556.9499999999999
edf44,1,,free_viewing,,5695,4173,278.2,15,982.7933333333334,556.2933333333333
edf44,10,,free_viewing,,5798,4324,270.25,16,899.1750000000001,522.1375
edf44,11,,free_viewing,,6112,4106,186.63636363636363,22,930.7045454545455,543.6181818181817
edf44,12,,free_viewing,,6103,4273,267.0625,16,944.3625,560.1937499999999
edf44,13,,free_viewing,,5887,4161,208.05,20,912.9800000000001,572.03
edf44,14,,free_viewing,,6064,4182,232.33333333333334,18,830.7055555555555,697.55
edf44,15,,free_viewing,,5945,4281,225.31578947368422,19,937.2105263157895,571.2263157894737
edf44,16,,free_viewing,,6054,3974,172.7826086956522,23,958.2695652173912,587.2347826086956
edf44,17,,free_viewing,,5962,4148,207.4,20,907.6550000000001,513.7250000000001
edf44,18,,free_viewing,,5783,4175,278.3333333333333,15,970.4533333333331,553.4600000000002
edf44,19,Punjabi,sentence_audio,passive,11080,4234,235.22222222222223,18,859.638888888889,528.5333333333333
edf44,2,,free_viewing,,5838,4390,399.09090909090907,11,831.8727272727273,506.4545454545454
edf44,20,Punjabi,sentence_audio,passive,10801,4425,368.75,12,849.5083333333332,474.8166666666666
edf44,21,Punjabi,sentence_audio,passive,10560,4444,493.77777777777777,9,925.3888888888889,546.611111111111
edf44,22,Punjabi,sentence_audio,passive_dropped_agent,11035,4329,254.64705882352942,17,938.3411764705882,706.7470588235294
edf44,23,Punjabi,sentence_audio,passive_dropped_agent,10662,4114,187.0,22,963.3909090909091,785.4636363636363
edf44,24,Punjabi,sentence_audio,passive_dropped_agent,11089,4423,276.4375,16,944.5875000000001,499.55
edf44,25,English,sentence_audio,active,10997,3997,181.6818181818182,22,869.168181818182,599.4090909090911
edf44,26,English,sentence_audio,active,10422,4060,203.0,20,1013.6000000000001,580.7
edf44,27,English,sentence_audio,active,10620,4230,264.375,16,782.9812499999999,471.8375
edf44,28,English,sentence_audio,passive,10808,4054,337.8333333333333,12,917.2916666666665,456.0166666666667
edf44,29,English,sentence_audio,passive,10368,3934,218.55555555555554,18,890.2222222222223,647.1555555555555
edf44,3,,free_viewing,,5704,4188,380.72727272727275,11,927.8181818181819,457.9363636363636
edf44,30,English,sentence_audio,passive,11149,4485,407.72727272727275,11,960.4090909090909,485.2181818181818
edf44,31,English,sentence_audio,passive_dropped_agent,10419,4349,395.3636363636364,11,940.7818181818183,735.9727272727273
edf44,32,English,sentence_audio,passive_dropped_agent,10910,4350,255.88235294117646,17,929.1764705882352,615.6941176470588
edf44,33,English,sentence_audio,passive_dropped_agent,10532,4402,440.2,10,904.7099999999998,554.08
edf44,34,Punjabi,sentence_audio,active,10923,4490,449.0,10,944.5799999999999,547.28
edf44,35,Punjabi,sentence_audio,active,10689,4313,431.3,10,927.9,503.34
edf44,36,Punjabi,sentence_audio,active,10738,4134,217.57894736842104,19,871.0105263157895,495.63157894736844
edf44,4,,free_viewing,,5762,4296,358.0,12,953.6833333333333,761.9749999999999
edf44,5,,free_viewing,,5667,4251,265.6875,16,977.3624999999998,489.56249999999994
edf44,6,,free_viewing,,5641,4429,402.6363636363636,11,928.1272727272727,569.1818181818181
edf44,7,,free_viewing,,6055,4384,548.0,8,963.25,546.875
edf44,8,,free_viewing,,6088,4452,342.46153846153845,13,906.2153846153847,674.0461538461537
edf44,9,,free_viewing,,5901,4091,215.31578947368422,19,875.9736842105264,576.4947368421052
edf45,1,,free_viewing,,6047,4178,261.125,16,993.3812500000001,453.70624999999995
edf45,10,,free_viewing,,6040,4344,310.2857142857143,14,1004.7214285714284,513.6714285714285
edf45,11,,free_viewing,,5810,4254,303.85714285714283,14,980.8000000000001,555.2071428571428
edf45,12,,free_viewing,,5773,4181,220.05263157894737,19,976.5421052631581,617.1315789473684
edf45,13,,free_viewing,,5726,4086,240.35294117647058,17,914.7529411764706,518.8941176470589
edf45,14,,free_viewing,,5683,4145,207.25,20,930.8699999999999,551.9649999999999
edf45,15,,free_viewing,,5870,4266,250.94117647058823,17,1075.5,528.3823529411765
edf45,16,,free_viewing,,5762,4074,271.6,15,1009.4066666666666,598.9399999999999
edf45,17,,free_viewing,,5977,4203,280.2,15,962.74,672.9733333333334
edf45,18,,free_viewing,,6048,4036,212.42105263157896,19,1004.4736842105261,530.9578947368421
edf45,19,Punjabi,sentence_audio,passive_dropped_agent,10237,4211,350.9166666666667,12,895.9249999999998,509.4416666666666
edf45,2,,free_viewing,,6099,4387,438.7,10,1113.75,590.89
edf45,20,Punjabi,sentence_audio,passive_dropped_agent,11028,4048,224.88888888888889,18,923.8777777777777,507.23888888888894
edf45,21,Punjabi,sentence_audio,passive_dropped_agent,10330,4478,639.7142857142857,7,939.2571428571429,595.0142857142857
edf45,22,English,sentence_audio,active,10192,4326,360.5,12,929.2833333333334,664.925
edf45,23,English,sentence_audio,active,11038,4276,267.25,16,1030.05,625.1249999999999
edf45,24,English,sentence_audio,active,10913,3863,227.23529411764707,17,960.0,452.1705882352941
edf45,25,English,sentence_audio,passive,10861,4382,313.0,14,853.342857142857,635.5642857142858
edf45,26,English,sentence_audio,passive,10284,4038,269.2,15,992.44,470.8066666666667
edf45,27,English,sentence_audio,passive,11052,4412,401.09090909090907,11,926.3636363636364,514.8454545454545
edf45,28,English,sentence_audio,passive_dropped_agent,10723,4115,274.3333333333333,15,992.5333333333333,445.44
edf45,29,English,sentence_audio,passive_dropped_agent,10783,4150,319.2307692307692,13,839.2538461538462,541.8307692307691
edf45,3,,free_viewing,,5819,4311,331.61538461538464,13,1005.2538461538462,609.223076923077
edf45,30,English,sentence_audio,passive_dropped_agent,10178,4180,298.57142857142856,14,1105.357142857143,491.60714285714295
edf45,31,Punjabi,sentence_audio,active,10311,4537,453.7,10,951.25,686.96
edf45,32,Punjabi,sentence_audio,active,10438,4186,279.06666666666666,15,983.9,678.4133333333333
edf45,33,Punjabi,sentence_audio,active,10968,4300,358.3333333333333,12,924.4666666666666,524.9833333333333
edf45,34,Punjabi,sentence_audio,passive,11112,4042,269.46666666666664,15,962.9666666666666,585.8133333333334
edf45,35,Punjabi,sentence_audio,passive,10236,4258,354.8333333333333,12,1031.2916666666667,616.85
edf45,36,Punjabi,sentence_audio,passive,10834,4240,201.9047619047619,21,930.9809523809523,556.7952380952382
edf45,4,,free_viewing,,6066,4260,355.0,12,1011.2583333333333,700.125
edf45,5,,free_viewing,,5753,4184,278.93333333333334,15,925.5,571.3733333333333
edf45,6,,free_viewing,,5848,3950,197.5,20,909.525,609.3500000000001
edf45,7,,free_viewing,,5937,4193,279.53333333333336,15,1003.1733333333333,532.0733333333333
edf45,8,,free_viewing,,6032,4216,263.5,16,954.4437499999999,710.8374999999999
edf45,9,,free_viewing,,5914,4390,399.09090909090907,11,948.8999999999997,542.1999999999999
edf46,1,,free_viewing,,6133,3518,234.53333333333333,15,914.74,469.1066666666666
edf46,10,,free_viewing,,6050,3978,209.3684210526316,19,976.0210526315789,677.3315789473685
edf46,11,,free_viewing,,6063,4095,255.9375,16,1016.9187499999998,555.9875000000001
edf46,12,,free_viewing,,6025,4317,269.8125,16,979.2625000000002,476.29374999999993
edf46,13,,free_viewing,,5944,4088,272.53333333333336,15,1040.5933333333335,487.5666666666667
edf46,14,,free_viewing,,5978,4148,230.44444444444446,18,908.9388888888888,543.2388888888888
edf46,15,,free_viewing,,5746,4196,233.11111111111111,18,964.4777777777779,719.7666666666665
edf46,16,,free_viewing,,5913,4375,243.05555555555554,18,911.1000000000001,372.22777777777776
edf46,17,,free_viewing,,5834,4542,504.6666666666667,9,936.7888888888888,784.6333333333333
edf46,18,,free_viewing,,5860,4298,268.625,16,862.0125,557.2687500000001
edf46,19,English,sentence_audio,active,10620,3856,192.8,20,875.4400000000002,549.805
edf46,2,,free_viewing,,5980,3786,189.3,20,969.9100000000001,526.6600000000001
edf46,20,English,sentence_audio,active,10970,4180,298.57142857142856,14,923.2642857142857,543.7928571428571
edf46,21,English,sentence_audio,active,10622,4110,274.0,15,962.3666666666667,517.82
edf46,22,English,sentence_audio,passive,11090,4174,245.52941176470588,17,923.5235294117647,650.8235294117649
edf46,23,English,sentence_audio,passive,10972,3928,280.57142857142856,14,1023.2785714285712,739.9928571428571
edf46,24,English,sentence_audio,passive,10251,3578,238.53333333333333,15,828.7066666666666,483.52000000000004
edf46,25,English,sentence_audio,passive_dropped_agent,10305,3760,221.1764705882353,17,859.1058823529412,557.2117647058824
edf46,26,English,sentence_audio,passive_dropped_agent,10970,3956,247.25,16,1087.6062499999998,480.00625
edf46,27,English,sentence_audio,passive_dropped_agent,11062,3948,246.75,16,800.2812499999999,515.8625000000001
edf46,28,Punjabi,sentence_audio,active,11049,3692,230.75,16,1053.45625,416.70625
edf46,29,Punjabi,sentence_audio,active,10888,3982,234.23529411764707,17,880.3882352941175,489.60588235294114
edf46,3,,free_viewing,,5789,4059,253.6875,16,891.2437499999999,587.3249999999999
edf46,30,Punjabi,sentence_audio,active,10934,4126,257.875,16,1040.95625,468.0375000000001
edf46,31,Punjabi,sentence_audio,passive,10538,4046,252.875,16,931.5125,669.5875
edf46,32,Punjabi,sentence_audio,passive,10892,4260,304.2857142857143,14,982.892857142857,588.6
edf46,33,Punjabi,sentence_audio,passive,11039,4085,291.7857142857143,14,954.1857142857143,566.1857142857143
edf46,34,Punjabi,sentence_audio,passive_dropped_agent,10518,3704,231.5,16,966.6999999999999,559.05
edf46,35,Punjabi,sentence_audio,passive_dropped_agent,10403,3704,284.9230769230769,13,993.6692307692308,477.3384615384615
edf46,36,Punjabi,sentence_audio,passive_dropped_agent,10938,4098,256.125,16,962.9312500000001,457.86875000000003
edf46,4,,free_viewing,,5784,3948,232.23529411764707,17,962.6823529411764,425.0
edf46,5,,free_viewing,,5927,3195,187.94117647058823,17,1015.7411764705884,463.07058823529417
edf46,6,,free_viewing,,5890,3548,221.75,16,849.10625,454.03125
edf46,7,,free_viewing,,5957,4207,247.47058823529412,17,965.8176470588236,436.4823529411765
edf46,8,,free_viewing,,5750,4056,289.7142857142857,14,852.8642857142859,514.5714285714286
edf46,9,,free_viewing,,5949,3775,251.66666666666666,15,959.7933333333332,509.52000000000004
edf47,1,,free_viewing,,6099,4294,390.3636363636364,11,941.2181818181817,454.19090909090914
edf47,10,,free_viewing,,6008,4380,486.6666666666667,9,916.0,470.28888888888895
edf47,11,,free_viewing,,6019,4475,559.375,8,873.6999999999999,529.6
edf47,12,,free_viewing,,6016,4396,366.3333333333333,12,867.7333333333332,579.6083333333332
edf47,13,,free_viewing,,5749,4451,1112.75,4,1111.4750000000001,353.04999999999995
edf47,14,,free_viewing,,5751,4309,331.46153846153845,13,996.2153846153847,652.153846153846
edf47,15,,free_viewing,,6098,4420,631.4285714285714,7,823.3714285714285,410.37142857142857
edf47,16,,free_viewing,,6107,4465,558.125,8,933.4250000000001,426.71250000000003
edf47,17,,free_viewing,,5856,4412,441.2,10,936.4399999999999,484.14
edf47,18,,free_viewing,,6014,4286,476.22222222222223,9,1115.3000000000002,357.4888888888888
edf47,19,English,sentence_audio,passive,10602,4262,355.1666666666667,12,936.725,374.97499999999997
edf47,2,,free_viewing,,6115,4275,328.84615384615387,13,1002.9923076923078,385.7307692307692
edf47,20,English,sentence_audio,passive,10182,4342,542.75,8,953.825,356.79999999999995
edf47,21,English,sentence_audio,passive,10342,4332,481.3333333333333,9,992.6333333333332,408.62222222222226
edf47,22,English,sentence_audio,passive_dropped_agent,10720,4484,498.22222222222223,9,962.6555555555557,633.4444444444445
edf47,23,English,sentence_audio,passive_dropped_agent,10617,4143,460.3333333333333,9,1050.3000000000002,380.3111111111112
edf47,24,English,sentence_audio,passive_dropped_agent,11025,4343,334.0769230769231,13,1008.7769230769231,250.95384615384611
edf47,25,Punjabi,sentence_audio,active,10865,4427,442.7,10,831.4799999999999,593.39
edf47,26,Punjabi,sentence_audio,active,10371,4514,644.8571428571429,7,1119.0285714285715,278.5857142857143
edf47,27,Punjabi,sentence_audio,active,10308,4276,610.8571428571429,7,1006.257142857143,458.80000000000007
edf47,28,Punjabi,sentence_audio,passive,10849,4459,445.9,10,1195.0,434.71999999999997
edf47,29,Punjabi,sentence_audio,passive,10494,4308,391.6363636363636,11,942.0727272727273,411.3181818181818
edf47,3,,free_viewing,,6115,4171,379.1818181818182,11,977.1909090909091,369.49999999999994
edf47,30,Punjabi,sentence_audio,passive,10327,4319,359.9166666666667,12,1141.8583333333333,288.2666666666667
edf47,31,Punjabi,sentence_audio,passive_dropped_agent,10651,4235,470.55555555555554,9,1040.4888888888888,584.1999999999999
edf47,32,Punjabi,sentence_audio,passive_dropped_agent,10765,4551,379.25,12,1052.25,566.0666666666666
edf47,33,Punjabi,sentence_audio,passive_dropped_agent,10447,4271,533.875,8,955.25,349.93750000000006
edf47,34,English,sentence_audio,active,10571,4449,556.125,8,1010.275,370.35
edf47,35,English,sentence_audio,active,10918,4592,765.3333333333334,6,1007.1166666666667,348.4166666666667
edf47,36,English,sentence_audio,active,11131,4287,428.7,10,943.9,349.15999999999997
edf47,4,,free_viewing,,5719,4199,349.9166666666667,12,1009.2750000000001,507.28333333333336
edf47,5,,free_viewing,,5816,4282,389.27272727272725,11,924.6727272727271,268.47272727272724
edf47,6,,free_viewing,,6045,4317,479.6666666666667,9,948.8222222222222,486.8555555555556
edf47,7,,free_viewing,,5739,4217,351.4166666666667,12,979.0083333333333,681.85
edf47,8,,free_viewing,,6050,4568,351.38461538461536,13,990.7615384615383,397.4307692307692
edf47,9,,free_viewing,,6067,4371,624.4285714285714,7,951.9,408.9428571428571
edf48,1,,free_viewing,,6122,3758,417.55555555555554,9,915.7333333333333,510.6555555555555
edf48,10,,free_viewing,,5762,3484,248.85714285714286,14,792.2357142857144,615.3357142857142
edf48,11,,free_viewing,,6032,3648,260.57142857142856,14,851.1642857142857,415.0214285714286
edf48,12,,free_viewing,,5874,3674,244.93333333333334,15,865.1733333333333,454.3066666666667
edf48,13,,free_viewing,,5673,3633,302.75,12,883.4083333333332,586.9416666666667
edf48,14,,free_viewing,,6084,3648,304.0,12,1056.0166666666667,501.2833333333333
edf48,15,,free_viewing,,6081,3873,297.9230769230769,13,958.7769230769233,540.2692307692307
edf48,16,,free_viewing,,5979,3824,347.6363636363636,11,870.4090909090909,487.02727272727276
edf48,17,,free_viewing,,5825,3715,232.1875,16,965.3124999999999,436.15000000000003
edf48,18,,free_viewing,,6107,3755,288.84615384615387,13,764.969230769231,618.4307692307693
edf48,19,English,sentence_audio,passive_dropped_agent,11101,3507,269.7692307692308,13,759.7153846153846,546.4076923076923
edf48,2,,free_viewing,,6056,3724,266.0,14,922.2142857142857,530.8071428571428
edf48,20,English,sentence_audio,passive_dropped_agent,11124,3366,336.6,10,833.9400000000002,502.25
edf48,21,English,sentence_audio,passive_dropped_agent,10925,3535,392.77777777777777,9,894.0111111111113,510.9111111111111
edf48,22,Punjabi,sentence_audio,active,10997,3283,298.45454545454544,11,822.2363636363639,654.9545454545455
edf48,23,Punjabi,sentence_audio,active,10568,3284,298.54545454545456,11,826.1090909090909,402.7545454545454
edf48,24,Punjabi,sentence_audio,active,10953,3621,241.4,15,847.3599999999999,376.59999999999997
edf48,25,Punjabi,sentence_audio,passive,10902,3520,234.66666666666666,15,841.2600000000002,605.1399999999999
edf48,26,Punjabi,sentence_audio,passive,10548,3458,384.22222222222223,9,958.8888888888889,354.4666666666667
edf48,27,Punjabi,sentence_audio,passive,11060,3350,304.54545454545456,11,846.4818181818181,480.08181818181816
edf48,28,Punjabi,sentence_audio,passive_dropped_agent,10529,3351,257.7692307692308,13,841.7307692307693,432.2153846153846
edf48,29,Punjabi,sentence_audio,passive_dropped_agent,10620,3598,359.8,10,749.97,494.39000000000016
edf48,3,,free_viewing,,5807,3543,236.2,15,901.4666666666667,720.2266666666667
edf48,30,Punjabi,sentence_audio,passive_dropped_agent,10528,3348,304.3636363636364,11,796.3727272727273,483.2181818181818
edf48,31,English,sentence_audio,active,10338,3486,290.5,12,952.3833333333332,726.8583333333332
edf48,32,English,sentence_audio,active,10800,3116,222.57142857142858,14,952.3071428571428,822.0857142857145
edf48,33,English,sentence_audio,active,10781,3507,389.6666666666667,9,856.0777777777778,434.34444444444443
edf48,34,English,sentence_audio,passive,11114,3184,289.45454545454544,11,912.5818181818183,559.3181818181819
edf48,35,English,sentence_audio,passive,10592,3338,222.53333333333333,15,959.0666666666668,573.1
edf48,36,English,sentence_audio,passive,10851,3383,260.2307692307692,13,780.553846153846,478.61538461538464
edf48,4,,free_viewing,,5715,3807,317.25,12,841.4416666666666,473.4083333333333
edf48,5,,free_viewing,,6148,3726,232.875,16,844.8562499999999,449.425
edf48,6,,free_viewing,,6059,3603,300.25,12,887.7083333333335,713.2916666666666
edf48,7,,free_viewing,,5801,3755,341.3636363636364,11,890.2363636363636,468.39090909090913
edf48,8,,free_viewing,,5726,3762,470.25,8,943.5875,733.55
edf48,9,,free_viewing,,6148,3594,359.4,10,1004.7700000000001,440.43999999999994
edf49,1,,free_viewing,,5819,3591,224.4375,16,909.7125000000001,398.04999999999995
edf49,10,,free_viewing,,5892,4312,359.3333333333333,12,979.7583333333333,399.77500000000003
edf49,11,,free_viewing,,6119,4240,265.0,16,960.4000000000001,461.31874999999997
edf49,12,,free_viewing,,6124,4246,386.0,11,975.3272727272728,550.4909090909091
edf49,13,,free_viewing,,5689,4287,329.7692307692308,13,957.3923076923077,585.4230769230769
edf49,14,,free_viewing,,5726,3994,249.625,16,876.1250000000001,662.95
edf49,15,,free_viewing,,6087,4167,297.64285714285717,14,1016.7428571428572,468.3857142857143
edf49,16,,free_viewing,,5915,4011,286.5,14,923.6142857142858,417.4214285714287
edf49,17,,free_viewing,,5776,3976,220.88888888888889,18,931.4333333333335,493.5
edf49,18,,free_viewing,,5930,3842,274.42857142857144,14,1051.3428571428572,436.9428571428571
edf49,19,Punjabi,sentence_audio,active,10613,4211,350.9166666666667,12,984.7333333333335,454.9583333333334
edf49,2,,free_viewing,,5958,4160,244.7058823529412,17,849.6235294117646,440.5941176470588
edf49,20,Punjabi,sentence_audio,active,10922,3818,254.53333333333333,15,1021.4066666666669,459.77333333333337
edf49,21,Punjabi,sentence_audio,active,10275,3961,330.0833333333333,12,1010.6333333333336,534.0166666666665
edf49,22,Punjabi,sentence_audio,passive,10391,3835,239.6875,16,886.95,466.1
edf49,23,Punjabi,sentence_audio,passive,10280,4100,273.3333333333333,15,854.8466666666666,464.81333333333333
edf49,24,Punjabi,sentence_audio,passive,11072,3608,212.23529411764707,17,950.5588235294119,525.670588235294
edf49,25,Punjabi,sentence_audio,passive_dropped_agent,11098,4030,403.0,10,1015.6300000000001,416.0
edf49,26,Punjabi,sentence_audio,passive_dropped_agent,11080,4062,338.5,12,832.2166666666668,656.475
edf49,27,Punjabi,sentence_audio,passive_dropped_agent,11042,3940,303.0769230769231,13,868.7153846153846,369.4
edf49,28,English,sentence_audio,active,10951,3869,257.93333333333334,15,893.8466666666666,689.3
edf49,29,English,sentence_audio,active,11042,4248,265.5,16,1032.95625,365.95
edf49,3,,free_viewing,,5932,4114,228.55555555555554,18,925.6888888888888,340.2888888888889
edf49,30,English,sentence_audio,active,10227,3911,279.35714285714283,14,1002.6499999999999,465.87142857142857
edf49,31,English,sentence_audio,passive,11110,4160,297.14285714285717,14,920.6285714285714,301.86428571428576
edf49,32,English,sentence_audio,passive,10992,4500,642.8571428571429,7,905.9428571428571,499.0
edf49,33,English,sentence_audio,passive,10674,3750,267.85714285714283,14,1009.2571428571429,395.37142857142857
edf49,34,English,sentence_audio,passive_dropped_agent,10465,4083,272.2,15,917.0066666666668,693.14
edf49,35,English,sentence_audio,passive_dropped_agent,10908,4180,321.53846153846155,13,995.4846153846152,756.9076923076923
edf49,36,English,sentence_audio,passive_dropped_agent,10994,4170,278.0,15,898.4866666666666,428.2666666666667
edf49,4,,free_viewing,,6134,4276,237.55555555555554,18,941.7722222222224,434.04999999999995
edf49,5,,free_viewing,,5934,4096,273.06666666666666,15,926.8466666666666,566.4600000000002
edf49,6,,free_viewing,,6144,4360,396.3636363636364,11,981.3818181818181,479.090909090909
edf49,7,,free_viewing,,6120,3976,233.88235294117646,17,975.3529411764708,492.4352941176471
edf49,8,,free_viewing,,6088,4132,243.05882352941177,17,926.5470588235295,478.5411764705882
edf49,9,,free_viewing,,5885,4179,261.1875,16,919.7687500000001,487.3875
edf50,1,,free_viewing,,5797,3918,230.47058823529412,17,801.7823529411764,802.9235294117647
edf50,10,,free_viewing,,5832,3678,204.33333333333334,18,882.338888888889,532.25
edf50,11,,free_viewing,,5738,4048,506.0,8,919.2125,536.0500000000001
edf50,12,,free_viewing,,5909,4409,2204.5,2,927.95,862.25
edf50,13,,free_viewing,,6044,3442,229.46666666666667,15,867.7066666666667,569.3133333333334
edf50,14,,free_viewing,,5776,3812,238.25,16,887.30625,543.775
edf50,15,,free_viewing,,5738,3534,321.27272727272725,11,891.1727272727272,596.5818181818181
edf50,16,,free_viewing,,5874,4094,511.75,8,934.8625,688.6625
edf50,17,,free_viewing,,5707,3651,365.1,10,1005.71,386.02000000000004
edf50,18,,free_viewing,,6022,3804,237.75,16,772.0749999999997,676.09375
edf50,19,Punjabi,sentence_audio,passive,10402,2760,197.14285714285714,14,772.1642857142857,696.7714285714286
edf50,2,,free_viewing,,5771,3681,193.73684210526315,19,930.9210526315792,472.89473684210526
edf50,20,Punjabi,sentence_audio,passive,11108,3628,226.75,16,951.5374999999999,594.7375000000001
edf50,21,Punjabi,sentence_audio,passive,11048,3310,275.8333333333333,12,759.65,686.8916666666668
edf50,22,Punjabi,sentence_audio,passive_dropped_agent,11152,4256,608.0,7,848.1,643.4
edf50,23,Punjabi,sentence_audio,passive_dropped_agent,10816,3282,172.73684210526315,19,704.5052631578948,771.321052631579
edf50,24,Punjabi,sentence_audio,passive_dropped_agent,11040,3632,242.13333333333333,15,1042.8866666666665,771.3266666666666
edf50,25,English,sentence_audio,active,10921,3217,189.23529411764707,17,828.1117647058824,606.7235294117646
edf50,26,English,sentence_audio,active,10187,3779,269.92857142857144,14,896.2071428571428,647.7285714285715
edf50,27,English,sentence_audio,active,10570,3184,289.45454545454544,11,912.9272727272728,554.9454545454545
edf50,28,English,sentence_audio,passive,10389,3771,221.8235294117647,17,823.2176470588234,713.329411764706
edf50,29,English,sentence_audio,passive,10359,2618,238.0,11,975.7454545454548,409.7454545454546
edf50,3,,free_viewing,,5695,4615,4615.0,1,827.7,518.3
edf50,30,English,sentence_audio,passive,10674,4206,350.5,12,816.5416666666666,533.5333333333333
edf50,31,English,sentence_audio,passive_dropped_agent,11125,3839,319.9166666666667,12,930.0083333333332,425.325
edf50,32,English,sentence_audio,passive_dropped_agent,10461,2906,322.8888888888889,9,905.4444444444445,540.2111111111112
edf50,33,English,sentence_audio,passive_dropped_agent,10530,3290,193.52941176470588,17,1133.8764705882354,563.0588235294117
edf50,34,Punjabi,sentence_audio,active,10622,3392,308.3636363636364,11,885.527272727273,744.6818181818181
edf50,35,Punjabi,sentence_audio,active,11123,3459,266.0769230769231,13,801.3692307692307,908.946153846154
edf50,36,Punjabi,sentence_audio,active,11028,3834,239.625,16,914.50625,529.33125
edf50,4,,free_viewing,,5986,3388,242.0,14,899.8214285714286,543.4357142857142
edf50,5,,free_viewing,,6041,3901,278.64285714285717,14,811.4428571428572,680.7785714285714
edf50,6,,free_viewing,,5901,3905,260.3333333333333,15,967.3266666666665,642.2733333333333
edf50,7,,free_viewing,,5828,3928,357.09090909090907,11,875.9909090909091,748.1909090909091
edf50,8,,free_viewing,,6111,3105,3105.0,1,942.9,598.1
edf50,9,,free_viewing,,5776,3022,215.85714285714286,14,901.5214285714288,652.7714285714286
