participant_id,trial_id,language,session_type,sentence_type,trial_length_ms,total_interest_area_dwell_time,total_interest_area_entry_count,min_time_to_first_fixation,interest_area_dwell_time_normalized
edf01,1,,free_viewing,,4582.0,4582,6,1030.0,1.0
edf01,10,,free_viewing,,4575.0,4575,5,1132.0,1.0
edf01,11,,free_viewing,,4475.0,3817,5,1102.0,0.8529608938547486
edf01,12,,free_viewing,,4657.0,3236,4,1052.0,0.6948679407343784
edf01,13,,free_viewing,,4512.0,2722,4,820.0,0.6032801418439716
edf01,14,,free_viewing,,4665.0,4229,3,764.0,0.9065380493033226
edf01,15,,free_viewing,,4714.0,4714,2,718.0,1.0
edf01,16,,free_viewing,,4534.0,4344,4,1048.0,0.9580943978826643
edf01,17,,free_viewing,,4673.0,4673,5,1143.0,1.0
edf01,18,,free_viewing,,4559.0,4317,5,764.0,0.9469181838122396
edf01,19,Punjabi,sentence_audio,active,4833.0,4833,3,5530.0,1.0
edf01,2,,free_viewing,,4705.0,4705,4,840.0,1.0
edf01,20,Punjabi,sentence_audio,active,4726.0,4726,5,6057.0,1.0
edf01,21,Punjabi,sentence_audio,active,4616.0,4438,1,6162.0,0.9614384748700173
edf01,22,Punjabi,sentence_audio,passive,4217.0,4217,5,5324.0,1.0
edf01,23,Punjabi,sentence_audio,passive,4832.0,4832,3,5780.0,1.0
edf01,24,Punjabi,sentence_audio,passive,4452.0,4452,5,5562.0,1.0
edf01,25,Punjabi,sentence_audio,passive_dropped_agent,4658.0,4658,6,5872.0,1.0
edf01,26,Punjabi,sentence_audio,passive_dropped_agent,4669.0,4305,5,5418.0,0.9220389805097451
edf01,27,Punjabi,sentence_audio,passive_dropped_agent,4425.0,3761,6,6152.0,0.8499435028248588
edf01,28,English,sentence_audio,active,4566.0,3998,3,6090.0,0.8756022777047744
edf01,29,English,sentence_audio,active,4691.0,4402,3,5762.0,0.9383926668087827
edf01,3,,free_viewing,,4675.0,4675,2,1039.0,1.0
edf01,30,English,sentence_audio,active,4578.0,4158,3,5514.0,0.908256880733945
edf01,31,English,sentence_audio,passive,4711.0,4711,3,5203.0,1.0
edf01,32,English,sentence_audio,passive,4784.0,4692,1,5920.0,0.9807692307692307
edf01,33,English,sentence_audio,passive,4653.0,4422,5,5674.0,0.950354609929078
edf01,34,English,sentence_audio,passive_dropped_agent,4800.0,3500,3,5944.0,0.7291666666666666
edf01,35,English,sentence_audio,passive_dropped_agent,4514.0,3680,4,6074.0,0.8152414709791759
edf01,36,English,sentence_audio,passive_dropped_agent,3836.0,3836,1,5834.0,1.0
edf01,4,,free_viewing,,4585.0,3884,3,928.0,0.8471101417666304
edf01,5,,free_viewing,,4540.0,4540,3,845.0,1.0
edf01,6,,free_viewing,,4725.0,3653,2,807.0,0.7731216931216931
edf01,7,,free_viewing,,4495.0,4495,3,823.0,1.0
edf01,8,,free_viewing,,4574.0,4304,4,1252.0,0.9409707039790118
edf01,9,,free_viewing,,4698.0,4445,3,1176.0,0.9461472967220094
edf02,1,,free_viewing,,4511.0,3597,6,699.0,0.7973841720239415
edf02,10,,free_viewing,,4492.0,4492,4,970.0,1.0
edf02,11,,free_viewing,,4198.0,4050,3,1053.0,0.9647451167222487
edf02,12,,free_viewing,,4204.0,3742,5,1076.0,0.890104662226451
edf02,13,,free_viewing,,4565.0,4565,3,1099.0,1.0
edf02,14,,free_viewing,,4399.0,4399,3,1095.0,1.0
edf02,15,,free_viewing,,4204.0,2544,6,812.0,0.6051379638439581
edf02,16,,free_viewing,,4247.0,4055,8,1028.0,0.9547916176124323
edf02,17,,free_viewing,,4282.0,3480,5,1050.0,0.812704343764596
edf02,18,,free_viewing,,4403.0,4145,3,1172.0,0.941403588462412
edf02,19,Punjabi,sentence_audio,passive,4406.0,4406,3,6194.0,1.0
edf02,2,,free_viewing,,4405.0,4120,3,1110.0,0.9353007945516458
edf02,20,Punjabi,sentence_audio,passive,4326.0,4326,5,5502.0,1.0
edf02,21,Punjabi,sentence_audio,passive,4375.0,4041,4,5566.0,0.9236571428571428
edf02,22,Punjabi,sentence_audio,passive_dropped_agent,4538.0,4398,4,5411.0,0.9691494050242397
edf02,23,Punjabi,sentence_audio,passive_dropped_agent,4478.0,4478,3,5308.0,1.0
edf02,24,Punjabi,sentence_audio,passive_dropped_agent,4510.0,4262,3,5341.0,0.9450110864745012
edf02,25,English,sentence_audio,active,4618.0,4295,3,5363.0,0.9300563014291902
edf02,26,English,sentence_audio,active,4224.0,3420,7,5345.0,0.8096590909090909
edf02,27,English,sentence_audio,active,4838.0,4838,3,6097.0,1.0
edf02,28,English,sentence_audio,passive,4326.0,3366,5,5171.0,0.7780859916782247
edf02,29,English,sentence_audio,passive,4132.0,3144,3,6216.0,0.7608906098741529
edf02,3,,free_viewing,,4266.0,3778,5,981.0,0.8856071261134553
edf02,30,English,sentence_audio,passive,4452.0,3546,2,6100.0,0.7964959568733153
edf02,31,English,sentence_audio,passive_dropped_agent,4425.0,4425,4,5685.0,1.0
edf02,32,English,sentence_audio,passive_dropped_agent,4604.0,2710,3,5900.0,0.5886185925282363
edf02,33,English,sentence_audio,passive_dropped_agent,4340.0,4140,5,6014.0,0.9539170506912442
edf02,34,Punjabi,sentence_audio,active,4340.0,3686,3,6252.0,0.8493087557603687
edf02,35,Punjabi,sentence_audio,active,4673.0,4673,3,5404.0,1.0
edf02,36,Punjabi,sentence_audio,active,4657.0,4657,1,6099.0,1.0
edf02,4,,free_viewing,,4464.0,2722,3,1294.0,0.6097670250896058
edf02,5,,free_viewing,,4374.0,4374,5,1184.0,1.0
edf02,6,,free_viewing,,4440.0,4253,2,1135.0,0.9578828828828829
edf02,7,,free_viewing,,4224.0,2828,5,962.0,0.6695075757575758
edf02,8,,free_viewing,,4520.0,3799,4,707.0,0.8404867256637168
edf02,9,,free_viewing,,4253.0,4253,4,899.0,1.0
edf03,1,,free_viewing,,4679.0,4679,3,1047.0,1.0
edf03,10,,free_viewing,,3914.0,3404,5,840.0,0.8696985181400102
edf03,11,,free_viewing,,4337.0,2635,7,1198.0,0.6075628314503113
edf03,12,,free_viewing,,4602.0,4602,3,913.0,1.0
edf03,13,,free_viewing,,4575.0,3655,6,716.0,0.7989071038251366
edf03,14,,free_viewing,,4216.0,3550,4,1024.0,0.8420303605313093
edf03,15,,free_viewing,,4633.0,4179,4,1098.0,0.9020073386574574
edf03,16,,free_viewing,,4490.0,1866,7,1314.0,0.4155902004454343
edf03,17,,free_viewing,,4434.0,3846,8,1088.0,0.8673883626522327
edf03,18,,free_viewing,,4346.0,3660,9,1128.0,0.8421537045559134
edf03,19,Punjabi,sentence_audio,passive_dropped_agent,4608.0,4608,3,5365.0,1.0
edf03,2,,free_viewing,,4588.0,3401,4,1144.0,0.74128160418483
edf03,20,Punjabi,sentence_audio,passive_dropped_agent,4323.0,3865,7,5689.0,0.8940550543603979
edf03,21,Punjabi,sentence_audio,passive_dropped_agent,4212.0,4212,11,5464.0,1.0
edf03,22,English,sentence_audio,active,4258.0,3679,4,6224.0,0.8640206669798027
edf03,23,English,sentence_audio,active,4256.0,4061,8,5191.0,0.9541823308270677
edf03,24,English,sentence_audio,active,4482.0,4482,1,5664.0,1.0
edf03,25,English,sentence_audio,passive,4108.0,3458,7,5324.0,0.8417721518987342
edf03,26,English,sentence_audio,passive,3855.0,3629,6,5723.0,0.9413748378728923
edf03,27,English,sentence_audio,passive,3848.0,3848,1,5372.0,1.0
edf03,28,English,sentence_audio,passive_dropped_agent,4318.0,3380,7,5635.0,0.7827698008337193
edf03,29,English,sentence_audio,passive_dropped_agent,3967.0,0,0,,0.0
edf03,3,,free_viewing,,4554.0,4406,6,883.0,0.9675010979358806
edf03,30,English,sentence_audio,passive_dropped_agent,4189.0,3310,6,6324.0,0.7901647171162569
edf03,31,Punjabi,sentence_audio,active,4061.0,3933,8,6169.0,0.9684806697857671
edf03,32,Punjabi,sentence_audio,active,4440.0,914,2,5936.0,0.20585585585585586
edf03,33,Punjabi,sentence_audio,active,4337.0,3891,5,5634.0,0.8971639382061333
edf03,34,Punjabi,sentence_audio,passive,4331.0,3109,7,6028.0,0.7178480720387901
edf03,35,Punjabi,sentence_audio,passive,3591.0,3591,5,5793.0,1.0
edf03,36,Punjabi,sentence_audio,passive,3903.0,3903,4,5263.0,1.0
edf03,4,,free_viewing,,4405.0,4405,4,963.0,1.0
edf03,5,,free_viewing,,4530.0,3994,4,1184.0,0.8816777041942605
edf03,6,,free_viewing,,4522.0,4522,6,1089.0,1.0
edf03,7,,free_viewing,,4527.0,4527,5,720.0,1.0
edf03,8,,free_viewing,,4702.0,4702,5,1130.0,1.0
edf03,9,,free_viewing,,4432.0,4062,3,1024.0,0.9165162454873647
edf04,1,,free_viewing,,4650.0,4197,6,1076.0,0.9025806451612903
edf04,10,,free_viewing,,4557.0,3971,5,723.0,0.8714066271669958
edf04,11,,free_viewing,,4926.0,4926,1,677.0,1.0
edf04,12,,free_viewing,,4523.0,3417,6,1073.0,0.7554720318372762
edf04,13,,free_viewing,,4574.0,2664,6,1036.0,0.5824223874070835
edf04,14,,free_viewing,,4806.0,4477,4,1312.0,0.9315439034540158
edf04,15,,free_viewing,,4760.0,4760,6,853.0,1.0
edf04,16,,free_viewing,,4761.0,4761,4,961.0,1.0
edf04,17,,free_viewing,,4446.0,4446,3,1100.0,1.0
edf04,18,,free_viewing,,4633.0,4633,5,983.0,1.0
edf04,19,English,sentence_audio,active,4622.0,4198,3,5324.0,0.9082648204240589
edf04,2,,free_viewing,,4431.0,4131,8,895.0,0.9322951929587001
edf04,20,English,sentence_audio,active,4622.0,4622,8,5728.0,1.0
edf04,21,English,sentence_audio,active,4595.0,4197,7,5981.0,0.9133841131664853
edf04,22,English,sentence_audio,passive,4670.0,4670,4,5750.0,1.0
edf04,23,English,sentence_audio,passive,4265.0,3809,6,5472.0,0.8930832356389214
edf04,24,English,sentence_audio,passive,4576.0,4576,5,5950.0,1.0
edf04,25,English,sentence_audio,passive_dropped_agent,4648.0,4648,4,5276.0,1.0
edf04,26,English,sentence_audio,passive_dropped_agent,4624.0,4624,8,5597.0,1.0
edf04,27,English,sentence_audio,passive_dropped_agent,4196.0,4196,9,5795.0,1.0
edf04,28,Punjabi,sentence_audio,active,4789.0,3875,4,6148.0,0.8091459594904991
edf04,29,Punjabi,sentence_audio,active,4520.0,4172,2,5485.0,0.9230088495575222
edf04,3,,free_viewing,,4573.0,4573,6,997.0,1.0
edf04,30,Punjabi,sentence_audio,active,4610.0,4312,7,5792.0,0.9353579175704989
edf04,31,Punjabi,sentence_audio,passive,4512.0,4512,5,5423.0,1.0
edf04,32,Punjabi,sentence_audio,passive,4668.0,4256,5,6175.0,0.9117395029991431
edf04,33,Punjabi,sentence_audio,passive,4685.0,4343,6,6324.0,0.9270010672358592
edf04,34,Punjabi,sentence_audio,passive_dropped_agent,4294.0,3534,4,5706.0,0.8230088495575221
edf04,35,Punjabi,sentence_audio,passive_dropped_agent,4649.0,4649,4,5263.0,1.0
edf04,36,Punjabi,sentence_audio,passive_dropped_agent,4727.0,4727,4,5529.0,1.0
edf04,4,,free_viewing,,4605.0,4605,5,692.0,1.0
edf04,5,,free_viewing,,4805.0,4805,3,881.0,1.0
edf04,6,,free_viewing,,4941.0,4547,2,670.0,0.9202590568710788
edf04,7,,free_viewing,,4967.0,4967,1,676.0,1.0
edf04,8,,free_viewing,,4641.0,4641,3,650.0,1.0
edf04,9,,free_viewing,,4720.0,4720,5,1017.0,1.0
edf05,1,,free_viewing,,4652.0,4318,1,1502.0,0.9282029234737748
edf05,10,,free_viewing,,4352.0,4057,5,1298.0,0.9322150735294118
edf05,11,,free_viewing,,4541.0,4541,3,976.0,1.0
edf05,12,,free_viewing,,4349.0,4349,3,742.0,1.0
edf05,13,,free_viewing,,4451.0,4191,3,1336.0,0.9415861604133903
edf05,14,,free_viewing,,4279.0,4279,4,845.0,1.0
edf05,15,,free_viewing,,4343.0,3875,6,949.0,0.8922403868293806
edf05,16,,free_viewing,,4528.0,3908,5,987.0,0.8630742049469965
edf05,17,,free_viewing,,4216.0,4216,4,1050.0,1.0
edf05,18,,free_viewing,,4371.0,4371,4,815.0,1.0
edf05,19,English,sentence_audio,passive,4335.0,4335,4,6163.0,1.0
edf05,2,,free_viewing,,4633.0,4633,15,761.0,1.0
edf05,20,English,sentence_audio,passive,4137.0,4137,6,5593.0,1.0
edf05,21,English,sentence_audio,passive,4102.0,3784,3,5654.0,0.9224768405655778
edf05,22,English,sentence_audio,passive_dropped_agent,4383.0,4079,5,5825.0,0.9306411133926534
edf05,23,English,sentence_audio,passive_dropped_agent,4509.0,3976,7,5730.0,0.8817919716123309
edf05,24,English,sentence_audio,passive_dropped_agent,4411.0,4411,5,5353.0,1.0
edf05,25,Punjabi,sentence_audio,active,4266.0,4236,5,5336.0,0.9929676511954993
edf05,26,Punjabi,sentence_audio,active,4422.0,2310,5,5479.0,0.5223880597014925
edf05,27,Punjabi,sentence_audio,active,4201.0,4003,12,5586.0,0.9528683646750774
edf05,28,Punjabi,sentence_audio,passive,4300.0,2696,6,6007.0,0.6269767441860465
edf05,29,Punjabi,sentence_audio,passive,4470.0,2222,6,6006.0,0.4970917225950783
edf05,3,,free_viewing,,4547.0,4103,4,1073.0,0.9023531999120299
edf05,30,Punjabi,sentence_audio,passive,4466.0,2862,4,5716.0,0.6408419167039857
edf05,31,Punjabi,sentence_audio,passive_dropped_agent,4356.0,4161,9,5683.0,0.9552341597796143
edf05,32,Punjabi,sentence_audio,passive_dropped_agent,4368.0,3395,4,5970.0,0.7772435897435898
edf05,33,Punjabi,sentence_audio,passive_dropped_agent,4536.0,4372,5,5536.0,0.9638447971781305
edf05,34,English,sentence_audio,active,4512.0,3116,5,5519.0,0.6906028368794326
edf05,35,English,sentence_audio,active,4268.0,3483,4,6190.0,0.8160731021555764
edf05,36,English,sentence_audio,active,4524.0,4524,7,6051.0,1.0
edf05,4,,free_viewing,,4795.0,4795,4,1068.0,1.0
edf05,5,,free_viewing,,4607.0,3443,5,1090.0,0.7473410028217929
edf05,6,,free_viewing,,4765.0,4765,5,1013.0,1.0
edf05,7,,free_viewing,,4532.0,3952,4,786.0,0.8720211827007943
edf05,8,,free_viewing,,4634.0,4634,6,1116.0,1.0
edf05,9,,free_viewing,,4594.0,4594,3,1090.0,1.0
edf06,1,,free_viewing,,4275.0,3993,7,1050.0,0.9340350877192982
edf06,10,,free_viewing,,4443.0,3277,7,973.0,0.7375647085302723
edf06,11,,free_viewing,,4500.0,4500,4,1021.0,1.0
edf06,12,,free_viewing,,4081.0,2797,6,1025.0,0.6853712325410438
edf06,13,,free_viewing,,4557.0,4193,4,932.0,0.9201228878648233
edf06,14,,free_viewing,,4301.0,4301,5,869.0,1.0
edf06,15,,free_viewing,,4440.0,2642,3,1358.0,0.5950450450450451
edf06,16,,free_viewing,,4307.0,4307,7,1033.0,1.0
edf06,17,,free_viewing,,4549.0,4549,9,1136.0,1.0
edf06,18,,free_viewing,,4600.0,4392,10,920.0,0.9547826086956521
edf06,19,English,sentence_audio,passive_dropped_agent,4590.0,4124,6,5996.0,0.898474945533769
edf06,2,,free_viewing,,4399.0,2980,5,1030.0,0.6774266878836099
edf06,20,English,sentence_audio,passive_dropped_agent,4630.0,4630,6,5899.0,1.0
edf06,21,English,sentence_audio,passive_dropped_agent,4269.0,4269,3,6138.0,1.0
edf06,22,Punjabi,sentence_audio,active,4541.0,4131,8,5383.0,0.9097115172869412
edf06,23,Punjabi,sentence_audio,active,4562.0,4562,4,5659.0,1.0
edf06,24,Punjabi,sentence_audio,active,4191.0,3593,8,5488.0,0.8573132903841565
edf06,25,Punjabi,sentence_audio,passive,4345.0,4128,7,5858.0,0.9500575373993095
edf06,26,Punjabi,sentence_audio,passive,4122.0,3908,4,5642.0,0.9480834546336729
edf06,27,Punjabi,sentence_audio,passive,4603.0,4603,6,5808.0,1.0
edf06,28,Punjabi,sentence_audio,passive_dropped_agent,4546.0,4424,6,6089.0,0.9731632204135504
edf06,29,Punjabi,sentence_audio,passive_dropped_agent,4336.0,3460,6,5880.0,0.7979704797047971
edf06,3,,free_viewing,,4381.0,4381,5,663.0,1.0
edf06,30,Punjabi,sentence_audio,passive_dropped_agent,4414.0,3716,7,5928.0,0.8418667874943362
edf06,31,English,sentence_audio,active,4529.0,4529,7,5564.0,1.0
edf06,32,English,sentence_audio,active,4509.0,4509,6,5725.0,1.0
edf06,33,English,sentence_audio,active,4628.0,3901,5,6082.0,0.8429127052722558
edf06,34,English,sentence_audio,passive,4557.0,4007,6,5859.0,0.8793065613342111
edf06,35,English,sentence_audio,passive,4506.0,4110,3,6286.0,0.9121171770972037
edf06,36,English,sentence_audio,passive,4624.0,4222,6,6065.0,0.9130622837370242
edf06,4,,free_viewing,,4451.0,3091,4,975.0,0.6944506852392721
edf06,5,,free_viewing,,4670.0,4670,6,848.0,1.0
edf06,6,,free_viewing,,4590.0,4590,4,730.0,1.0
edf06,7,,free_viewing,,4503.0,3929,5,912.0,0.8725294248278925
edf06,8,,free_viewing,,4377.0,4377,4,1128.0,1.0
edf06,9,,free_viewing,,4215.0,3350,7,736.0,0.7947805456702254
edf07,1,,free_viewing,,4540.0,4112,6,703.0,0.905726872246696
edf07,10,,free_viewing,,4660.0,4660,3,826.0,1.0
edf07,11,,free_viewing,,4604.0,4604,3,951.0,1.0
edf07,12,,free_viewing,,4614.0,866,3,1322.0,0.18768964022540097
edf07,13,,free_viewing,,4725.0,2091,3,960.0,0.44253968253968257
edf07,14,,free_viewing,,4195.0,2629,4,796.0,0.6266984505363528
edf07,15,,free_viewing,,4632.0,1714,3,1872.0,0.3700345423143351
edf07,16,,free_viewing,,4703.0,4703,1,730.0,1.0
edf07,17,,free_viewing,,4480.0,2210,4,677.0,0.49330357142857145
edf07,18,,free_viewing,,4506.0,1932,4,1470.0,0.42876165113182424
edf07,19,Punjabi,sentence_audio,active,4732.0,4732,1,5987.0,1.0
edf07,2,,free_viewing,,4535.0,4243,4,994.0,0.9356119073869901
edf07,20,Punjabi,sentence_audio,active,4686.0,4520,2,5949.0,0.9645753307725139
edf07,21,Punjabi,sentence_audio,active,4877.0,4877,3,5307.0,1.0
edf07,22,Punjabi,sentence_audio,passive,4769.0,517,1,5687.0,0.10840847137764731
edf07,23,Punjabi,sentence_audio,passive,4689.0,1635,2,5587.0,0.3486884197056942
edf07,24,Punjabi,sentence_audio,passive,4314.0,1592,2,5290.0,0.36903106165971256
edf07,25,Punjabi,sentence_audio,passive_dropped_agent,4730.0,0,0,,0.0
edf07,26,Punjabi,sentence_audio,passive_dropped_agent,3691.0,1802,3,7746.0,0.48821457599566515
edf07,27,Punjabi,sentence_audio,passive_dropped_agent,4598.0,4436,6,5325.0,0.9647672901261418
edf07,28,English,sentence_audio,active,4745.0,4439,4,5208.0,0.9355110642781875
edf07,29,English,sentence_audio,active,4379.0,3045,3,5899.0,0.695364238410596
edf07,3,,free_viewing,,4607.0,4607,3,1053.0,1.0
edf07,30,English,sentence_audio,active,4794.0,2662,3,5686.0,0.5552774301209845
edf07,31,English,sentence_audio,passive,4682.0,4682,3,5955.0,1.0
edf07,32,English,sentence_audio,passive,4744.0,4053,1,5585.0,0.8543423271500843
edf07,33,English,sentence_audio,passive,4483.0,3628,5,5852.0,0.8092795003345974
edf07,34,English,sentence_audio,passive_dropped_agent,4696.0,2668,3,6256.0,0.5681431005110733
edf07,35,English,sentence_audio,passive_dropped_agent,4970.0,4970,1,5459.0,1.0
edf07,36,English,sentence_audio,passive_dropped_agent,4460.0,1163,2,6085.0,0.260762331838565
edf07,4,,free_viewing,,4780.0,4596,3,1158.0,0.9615062761506277
edf07,5,,free_viewing,,4708.0,624,1,810.0,0.13254035683942225
edf07,6,,free_viewing,,4666.0,4236,4,866.0,0.9078439777111016
edf07,7,,free_viewing,,4820.0,4820,3,709.0,1.0
edf07,8,,free_viewing,,4583.0,3767,5,1116.0,0.8219506873227144
edf07,9,,free_viewing,,4922.0,2093,2,939.0,0.4252336448598131
edf08,1,,free_viewing,,4548.0,4548,4,780.0,1.0
edf08,10,,free_viewing,,4482.0,3739,4,821.0,0.8342257920571173
edf08,11,,free_viewing,,4499.0,3228,4,1368.0,0.7174927761724827
edf08,12,,free_viewing,,4817.0,4709,5,811.0,0.9775794062694623
edf08,13,,free_viewing,,4421.0,3183,6,741.0,0.719972856819724
edf08,14,,free_viewing,,4588.0,4480,5,1080.0,0.976460331299041
edf08,15,,free_viewing,,4383.0,3883,3,853.0,0.8859228838694958
edf08,16,,free_viewing,,4668.0,4668,4,705.0,1.0
edf08,17,,free_viewing,,4790.0,4790,3,983.0,1.0
edf08,18,,free_viewing,,4818.0,4818,3,754.0,1.0
edf08,19,Punjabi,sentence_audio,passive,4622.0,4622,2,5778.0,1.0
edf08,2,,free_viewing,,4687.0,3953,6,872.0,0.8433966289737572
edf08,20,Punjabi,sentence_audio,passive,4554.0,4454,4,5417.0,0.9780412823891085
edf08,21,Punjabi,sentence_audio,passive,4878.0,4878,2,5431.0,1.0
edf08,22,Punjabi,sentence_audio,passive_dropped_agent,4624.0,4624,6,6050.0,1.0
edf08,23,Punjabi,sentence_audio,passive_dropped_agent,4294.0,4294,4,6135.0,1.0
edf08,24,Punjabi,sentence_audio,passive_dropped_agent,4510.0,4510,3,5888.0,1.0
edf08,25,English,sentence_audio,active,4631.0,4219,7,5392.0,0.9110343338371842
edf08,26,English,sentence_audio,active,4785.0,4785,3,5247.0,1.0
edf08,27,English,sentence_audio,active,4740.0,4740,2,5698.0,1.0
edf08,28,English,sentence_audio,passive,4398.0,4090,4,6117.0,0.929968167348795
edf08,29,English,sentence_audio,passive,4809.0,4397,4,5588.0,0.9143273029735912
edf08,3,,free_viewing,,4437.0,4437,4,1060.0,1.0
edf08,30,English,sentence_audio,passive,4767.0,4574,3,6058.0,0.959513320746801
edf08,31,English,sentence_audio,passive_dropped_agent,4524.0,4358,3,5625.0,0.9633068081343943
edf08,32,English,sentence_audio,passive_dropped_agent,4619.0,3950,3,6236.0,0.8551634552933536
edf08,33,English,sentence_audio,passive_dropped_agent,4724.0,4724,3,5890.0,1.0
edf08,34,Punjabi,sentence_audio,active,4580.0,4386,3,6012.0,0.9576419213973799
edf08,35,Punjabi,sentence_audio,active,4841.0,4841,4,5591.0,1.0
edf08,36,Punjabi,sentence_audio,active,4966.0,4966,1,5213.0,1.0
edf08,4,,free_viewing,,4784.0,4784,3,751.0,1.0
edf08,5,,free_viewing,,4488.0,4211,5,831.0,0.9382798573975044
edf08,6,,free_viewing,,4505.0,4505,4,643.0,1.0
edf08,7,,free_viewing,,4844.0,4844,3,685.0,1.0
edf08,8,,free_viewing,,4538.0,4386,6,1234.0,0.9665050683120318
edf08,9,,free_viewing,,4780.0,4780,5,929.0,1.0
edf09,1,,free_viewing,,4832.0,4422,3,1076.0,0.9151490066225165
edf09,10,,free_viewing,,4619.0,2996,3,1460.0,0.6486252435592119
edf09,11,,free_viewing,,4174.0,4174,3,983.0,1.0
edf09,12,,free_viewing,,4450.0,4106,3,1032.0,0.9226966292134832
edf09,13,,free_viewing,,4512.0,4512,3,908.0,1.0
edf09,14,,free_viewing,,3985.0,3261,5,683.0,0.8183186951066499
edf09,15,,free_viewing,,4512.0,4130,6,1142.0,0.9153368794326241
edf09,16,,free_viewing,,4562.0,4362,3,1338.0,0.9561595791319597
edf09,17,,free_viewing,,4250.0,2821,3,1076.0,0.6637647058823529
edf09,18,,free_viewing,,4488.0,4488,3,1041.0,1.0
edf09,19,Punjabi,sentence_audio,passive_dropped_agent,4324.0,4324,3,5284.0,1.0
edf09,2,,free_viewing,,4505.0,4269,3,1282.0,0.9476137624861265
edf09,20,Punjabi,sentence_audio,passive_dropped_agent,4776.0,4088,3,5804.0,0.8559463986599665
edf09,21,Punjabi,sentence_audio,passive_dropped_agent,4670.0,4159,4,5667.0,0.8905781584582441
edf09,22,English,sentence_audio,active,4274.0,4274,9,5802.0,1.0
edf09,23,English,sentence_audio,active,4488.0,4488,5,6090.0,1.0
edf09,24,English,sentence_audio,active,4559.0,4559,2,5994.0,1.0
edf09,25,English,sentence_audio,passive,4039.0,4039,7,5686.0,1.0
edf09,26,English,sentence_audio,passive,4007.0,3565,6,5889.0,0.8896930371849264
edf09,27,English,sentence_audio,passive,4648.0,4494,4,5694.0,0.9668674698795181
edf09,28,English,sentence_audio,passive_dropped_agent,4377.0,3781,7,6081.0,0.8638336760338131
edf09,29,English,sentence_audio,passive_dropped_agent,4501.0,2673,6,6290.0,0.5938680293268163
edf09,3,,free_viewing,,4515.0,3655,5,1083.0,0.8095238095238095
edf09,30,English,sentence_audio,passive_dropped_agent,4668.0,3628,6,6232.0,0.7772065124250214
edf09,31,Punjabi,sentence_audio,active,4282.0,4040,4,6266.0,0.9434843531060252
edf09,32,Punjabi,sentence_audio,active,4205.0,3046,7,6286.0,0.7243757431629013
edf09,33,Punjabi,sentence_audio,active,4321.0,3618,2,6046.0,0.8373061791252026
edf09,34,Punjabi,sentence_audio,passive,4429.0,4397,2,5603.0,0.9927748927523143
edf09,35,Punjabi,sentence_audio,passive,4004.0,4004,4,5937.0,1.0
edf09,36,Punjabi,sentence_audio,passive,4438.0,4438,3,5526.0,1.0
edf09,4,,free_viewing,,4481.0,4267,5,1049.0,0.952242802945771
edf09,5,,free_viewing,,4448.0,3801,3,1376.0,0.8545413669064749
edf09,6,,free_viewing,,4462.0,3240,5,739.0,0.7261317794710892
edf09,7,,free_viewing,,4518.0,4518,3,654.0,1.0
edf09,8,,free_viewing,,4444.0,4444,3,1006.0,1.0
edf09,9,,free_viewing,,4452.0,4452,5,865.0,1.0
edf10,1,,free_viewing,,4451.0,4289,9,1073.0,0.9636036845652662
edf10,10,,free_viewing,,4112.0,4112,6,680.0,1.0
edf10,11,,free_viewing,,4260.0,4260,10,650.0,1.0
edf10,12,,free_viewing,,4315.0,4019,5,1012.0,0.9314020857473928
edf10,13,,free_viewing,,4033.0,4033,10,950.0,1.0
edf10,14,,free_viewing,,4342.0,4102,3,969.0,0.9447259327498848
edf10,15,,free_viewing,,4311.0,3555,7,1123.0,0.824634655532359
edf10,16,,free_viewing,,4301.0,4301,5,750.0,1.0
edf10,17,,free_viewing,,4128.0,4128,6,892.0,1.0
edf10,18,,free_viewing,,4724.0,4724,1,924.0,1.0
edf10,19,English,sentence_audio,active,4212.0,3690,6,6147.0,0.8760683760683761
edf10,2,,free_viewing,,5172.0,5172,7,700.0,1.0
edf10,20,English,sentence_audio,active,4419.0,4419,9,5382.0,1.0
edf10,21,English,sentence_audio,active,4400.0,3977,12,6540.0,0.9038636363636363
edf10,22,English,sentence_audio,passive,4313.0,4167,6,5347.0,0.9661488523069789
edf10,23,English,sentence_audio,passive,4408.0,3942,12,5236.0,0.8942831215970962
edf10,24,English,sentence_audio,passive,3772.0,3086,7,6065.0,0.8181336161187699
edf10,25,English,sentence_audio,passive_dropped_agent,4369.0,4369,9,5399.0,1.0
edf10,26,English,sentence_audio,passive_dropped_agent,4250.0,4250,11,5678.0,1.0
edf10,27,English,sentence_audio,passive_dropped_agent,4276.0,4276,5,6149.0,1.0
edf10,28,Punjabi,sentence_audio,active,4470.0,3896,2,5446.0,0.8715883668903803
edf10,29,Punjabi,sentence_audio,active,3591.0,2253,7,6412.0,0.6274018379281537
edf10,3,,free_viewing,,4165.0,3307,6,1023.0,0.7939975990396159
edf10,30,Punjabi,sentence_audio,active,4400.0,3306,7,6085.0,0.7513636363636363
edf10,31,Punjabi,sentence_audio,passive,4274.0,3972,6,5762.0,0.9293401965372017
edf10,32,Punjabi,sentence_audio,passive,4421.0,3715,5,5740.0,0.8403076227097942
edf10,33,Punjabi,sentence_audio,passive,4146.0,3567,8,5620.0,0.8603473227206947
edf10,34,Punjabi,sentence_audio,passive_dropped_agent,4023.0,2503,8,5556.0,0.6221725080785483
edf10,35,Punjabi,sentence_audio,passive_dropped_agent,3897.0,2996,10,6142.0,0.768796510136002
edf10,36,Punjabi,sentence_audio,passive_dropped_agent,4198.0,3814,8,5342.0,0.9085278704144831
edf10,4,,free_viewing,,4412.0,3670,5,1070.0,0.8318223028105167
edf10,5,,free_viewing,,4416.0,3177,5,1634.0,0.7194293478260869
edf10,6,,free_viewing,,4045.0,3061,9,835.0,0.7567367119901113
edf10,7,,free_viewing,,4354.0,4354,8,956.0,1.0
edf10,8,,free_viewing,,4159.0,3196,11,1312.0,0.768453955277711
edf10,9,,free_viewing,,4040.0,3810,7,1400.0,0.943069306930693
edf11,1,,free_viewing,,4600.0,4600,4,972.0,1.0
edf11,10,,free_viewing,,4993.0,4993,1,1115.0,1.0
edf11,11,,free_viewing,,4506.0,4314,8,854.0,0.9573901464713716
edf11,12,,free_viewing,,4629.0,4629,4,1123.0,1.0
edf11,13,,free_viewing,,4942.0,4922,1,888.0,0.9959530554431404
edf11,14,,free_viewing,,4097.0,4097,4,957.0,1.0
edf11,15,,free_viewing,,4656.0,4656,5,984.0,1.0
edf11,16,,free_viewing,,4624.0,4624,8,685.0,1.0
edf11,17,,free_viewing,,4353.0,4353,8,1055.0,1.0
edf11,18,,free_viewing,,4955.0,4955,2,654.0,1.0
edf11,19,English,sentence_audio,passive,4269.0,4269,1,5320.0,1.0
edf11,2,,free_viewing,,4449.0,3863,7,798.0,0.8682850078669364
edf11,20,English,sentence_audio,passive,4724.0,4066,6,5860.0,0.8607112616426758
edf11,21,English,sentence_audio,passive,4912.0,2128,2,8866.0,0.43322475570032576
edf11,22,English,sentence_audio,passive_dropped_agent,4397.0,4397,4,5216.0,1.0
edf11,23,English,sentence_audio,passive_dropped_agent,4849.0,4849,4,5415.0,1.0
edf11,24,English,sentence_audio,passive_dropped_agent,4656.0,4656,6,5823.0,1.0
edf11,25,Punjabi,sentence_audio,active,4173.0,4173,5,5523.0,1.0
edf11,26,Punjabi,sentence_audio,active,4209.0,4047,7,5533.0,0.9615110477548111
edf11,27,Punjabi,sentence_audio,active,4292.0,4152,5,5530.0,0.967381174277726
edf11,28,Punjabi,sentence_audio,passive,3802.0,2254,5,5610.0,0.592845870594424
edf11,29,Punjabi,sentence_audio,passive,3860.0,2502,4,5522.0,0.6481865284974093
edf11,3,,free_viewing,,4600.0,4216,7,1031.0,0.9165217391304348
edf11,30,Punjabi,sentence_audio,passive,4196.0,3895,4,5988.0,0.9282650142993327
edf11,31,Punjabi,sentence_audio,passive_dropped_agent,4321.0,4321,8,5405.0,1.0
edf11,32,Punjabi,sentence_audio,passive_dropped_agent,4451.0,3686,7,6456.0,0.8281285104470906
edf11,33,Punjabi,sentence_audio,passive_dropped_agent,4992.0,4992,1,5978.0,1.0
edf11,34,English,sentence_audio,active,4236.0,3642,6,5602.0,0.8597733711048159
edf11,35,English,sentence_audio,active,4469.0,4469,4,5940.0,1.0
edf11,36,English,sentence_audio,active,4302.0,4135,6,5716.0,0.9611808461180846
edf11,4,,free_viewing,,4621.0,4621,5,968.0,1.0
edf11,5,,free_viewing,,4359.0,4359,3,696.0,1.0
edf11,6,,free_viewing,,4870.0,4673,3,972.0,0.9595482546201232
edf11,7,,free_viewing,,4420.0,4202,5,970.0,0.9506787330316742
edf11,8,,free_viewing,,4405.0,4405,5,856.0,1.0
edf11,9,,free_viewing,,4525.0,4525,4,838.0,1.0
edf12,1,,free_viewing,,4791.0,4591,5,973.0,0.9582550615737842
edf12,10,,free_viewing,,4672.0,4378,5,692.0,0.9370719178082192
edf12,11,,free_viewing,,4542.0,4542,6,749.0,1.0
edf12,12,,free_viewing,,4568.0,4568,3,718.0,1.0
edf12,13,,free_viewing,,4589.0,4143,4,822.0,0.9028110699498801
edf12,14,,free_viewing,,4604.0,3320,3,1398.0,0.7211120764552563
edf12,15,,free_viewing,,4414.0,4414,4,972.0,1.0
edf12,16,,free_viewing,,4502.0,3276,3,835.0,0.7276765881830297
edf12,17,,free_viewing,,4715.0,4715,3,1021.0,1.0
edf12,18,,free_viewing,,4363.0,4051,5,850.0,0.9284895713958286
edf12,19,English,sentence_audio,passive_dropped_agent,4872.0,4872,1,5720.0,1.0
edf12,2,,free_viewing,,4290.0,3906,6,950.0,0.9104895104895104
edf12,20,English,sentence_audio,passive_dropped_agent,4424.0,4020,4,5568.0,0.9086799276672695
edf12,21,English,sentence_audio,passive_dropped_agent,4606.0,4606,3,6021.0,1.0
edf12,22,Punjabi,sentence_audio,active,4615.0,4405,5,6204.0,0.9544962080173348
edf12,23,Punjabi,sentence_audio,active,4748.0,4748,3,5449.0,1.0
edf12,24,Punjabi,sentence_audio,active,4364.0,4364,7,5875.0,1.0
edf12,25,Punjabi,sentence_audio,passive,4674.0,4674,6,5543.0,1.0
edf12,26,Punjabi,sentence_audio,passive,4123.0,2829,5,6079.0,0.6861508610235265
edf12,27,Punjabi,sentence_audio,passive,4414.0,4414,6,5490.0,1.0
edf12,28,Punjabi,sentence_audio,passive_dropped_agent,4534.0,4240,4,5241.0,0.9351565946184385
edf12,29,Punjabi,sentence_audio,passive_dropped_agent,4459.0,4307,3,6254.0,0.9659116393810271
edf12,3,,free_viewing,,4713.0,4561,5,980.0,0.967748779970295
edf12,30,Punjabi,sentence_audio,passive_dropped_agent,4534.0,4063,4,6072.0,0.896118217909131
edf12,31,English,sentence_audio,active,4424.0,3854,5,5916.0,0.8711573236889693
edf12,32,English,sentence_audio,active,4221.0,2934,6,6236.0,0.6950959488272921
edf12,33,English,sentence_audio,active,4544.0,4410,4,5599.0,0.9705105633802817
edf12,34,English,sentence_audio,passive,4313.0,3419,5,5615.0,0.7927196846742407
edf12,35,English,sentence_audio,passive,4527.0,4527,4,5531.0,1.0
edf12,36,English,sentence_audio,passive,4128.0,3576,4,5572.0,0.8662790697674418
edf12,4,,free_viewing,,4786.0,3895,3,1083.0,0.813832010029252
edf12,5,,free_viewing,,4477.0,4371,7,962.0,0.9763234308688854
edf12,6,,free_viewing,,4473.0,3090,5,1142.0,0.6908115358819584
edf12,7,,free_viewing,,4680.0,4680,3,976.0,1.0
edf12,8,,free_viewing,,4632.0,4020,5,1018.0,0.8678756476683938
edf12,9,,free_viewing,,4460.0,4460,5,821.0,1.0
edf13,1,,free_viewing,,4314.0,4070,5,880.0,0.943439962911451
edf13,10,,free_viewing,,4016.0,3760,4,864.0,0.9362549800796812
edf13,11,,free_viewing,,4457.0,4457,5,971.0,1.0
edf13,12,,free_viewing,,4344.0,3221,7,922.0,0.7414825046040515
edf13,13,,free_viewing,,4893.0,4893,3,1029.0,1.0
edf13,14,,free_viewing,,4043.0,4043,4,1005.0,1.0
edf13,15,,free_viewing,,4357.0,4357,6,973.0,1.0
edf13,16,,free_viewing,,4479.0,4479,4,771.0,1.0
edf13,17,,free_viewing,,3881.0,3881,7,1064.0,1.0
edf13,18,,free_viewing,,4088.0,3142,5,874.0,0.7685909980430529
edf13,19,Punjabi,sentence_audio,active,4013.0,3216,5,5684.0,0.8013954647395963
edf13,2,,free_viewing,,4292.0,3764,5,695.0,0.8769804287045666
edf13,20,Punjabi,sentence_audio,active,4106.0,4106,8,5839.0,1.0
edf13,21,Punjabi,sentence_audio,active,4518.0,4518,4,6078.0,1.0
edf13,22,Punjabi,sentence_audio,passive,4002.0,2882,8,5684.0,0.7201399300349826
edf13,23,Punjabi,sentence_audio,passive,4042.0,3702,6,6000.0,0.9158832261256804
edf13,24,Punjabi,sentence_audio,passive,3926.0,3926,9,5623.0,1.0
edf13,25,Punjabi,sentence_audio,passive_dropped_agent,4576.0,4240,9,5816.0,0.9265734265734266
edf13,26,Punjabi,sentence_audio,passive_dropped_agent,4222.0,3861,6,5890.0,0.9144954997631455
edf13,27,Punjabi,sentence_audio,passive_dropped_agent,4026.0,4026,6,6069.0,1.0
edf13,28,English,sentence_audio,active,3831.0,3699,7,6199.0,0.9655442443226312
edf13,29,English,sentence_audio,active,4868.0,3062,3,5376.0,0.6290057518488086
edf13,3,,free_viewing,,4272.0,3912,8,981.0,0.9157303370786517
edf13,30,English,sentence_audio,active,4147.0,4147,4,5512.0,1.0
edf13,31,English,sentence_audio,passive,4769.0,4769,4,5604.0,1.0
edf13,32,English,sentence_audio,passive,4185.0,3493,6,5484.0,0.834647550776583
edf13,33,English,sentence_audio,passive,4992.0,4992,1,5712.0,1.0
edf13,34,English,sentence_audio,passive_dropped_agent,4992.0,4992,1,5806.0,1.0
edf13,35,English,sentence_audio,passive_dropped_agent,3954.0,3954,3,6048.0,1.0
edf13,36,English,sentence_audio,passive_dropped_agent,4062.0,3884,7,5220.0,0.9561792220580995
edf13,4,,free_viewing,,4298.0,2604,5,1184.0,0.6058631921824105
edf13,5,,free_viewing,,4423.0,4081,5,902.0,0.9226769161202804
edf13,6,,free_viewing,,4332.0,3736,6,1110.0,0.8624192059095106
edf13,7,,free_viewing,,4351.0,3375,6,801.0,0.7756837508618708
edf13,8,,free_viewing,,4354.0,3080,5,801.0,0.707395498392283
edf13,9,,free_viewing,,4179.0,3755,7,1028.0,0.8985403206508734
edf14,1,,free_viewing,,4644.0,4644,3,1009.0,1.0
edf14,10,,free_viewing,,4344.0,2726,7,947.0,0.6275322283609577
edf14,11,,free_viewing,,4237.0,4237,4,679.0,1.0
edf14,12,,free_viewing,,4396.0,4396,4,728.0,1.0
edf14,13,,free_viewing,,4302.0,4048,5,897.0,0.9409576940957695
edf14,14,,free_viewing,,4259.0,3119,6,788.0,0.7323315332237614
edf14,15,,free_viewing,,4066.0,3750,3,674.0,0.9222823413674373
edf14,16,,free_viewing,,4286.0,4286,6,1074.0,1.0
edf14,17,,free_viewing,,4266.0,3928,5,1556.0,0.9207688701359588
edf14,18,,free_viewing,,4423.0,4423,8,914.0,1.0
edf14,19,Punjabi,sentence_audio,passive,4443.0,3697,3,6186.0,0.8320954310150799
edf14,2,,free_viewing,,4562.0,2526,5,859.0,0.5537045155633494
edf14,20,Punjabi,sentence_audio,passive,4322.0,4322,6,6028.0,1.0
edf14,21,Punjabi,sentence_audio,passive,4631.0,4631,4,5429.0,1.0
edf14,22,Punjabi,sentence_audio,passive_dropped_agent,4404.0,2579,3,6286.0,0.5856039963669392
edf14,23,Punjabi,sentence_audio,passive_dropped_agent,4350.0,4132,2,5342.0,0.9498850574712644
edf14,24,Punjabi,sentence_audio,passive_dropped_agent,4519.0,3895,3,5321.0,0.8619163531754813
edf14,25,English,sentence_audio,active,4443.0,4169,4,5960.0,0.9383299572361017
edf14,26,English,sentence_audio,active,4672.0,4313,4,5628.0,0.9231592465753424
edf14,27,English,sentence_audio,active,4373.0,3777,6,5275.0,0.8637091241710496
edf14,28,English,sentence_audio,passive,4334.0,2965,5,5597.0,0.6841255191508998
edf14,29,English,sentence_audio,passive,4654.0,3710,5,5512.0,0.7971637301246239
edf14,3,,free_viewing,,4621.0,4621,3,1031.0,1.0
edf14,30,English,sentence_audio,passive,4663.0,4663,3,5260.0,1.0
edf14,31,English,sentence_audio,passive_dropped_agent,4350.0,3615,6,5349.0,0.8310344827586207
edf14,32,English,sentence_audio,passive_dropped_agent,4529.0,4285,3,5229.0,0.9461249724000883
edf14,33,English,sentence_audio,passive_dropped_agent,4540.0,3892,2,5830.0,0.8572687224669604
edf14,34,Punjabi,sentence_audio,active,4275.0,4275,5,5613.0,1.0
edf14,35,Punjabi,sentence_audio,active,4580.0,4000,8,5205.0,0.8733624454148472
edf14,36,Punjabi,sentence_audio,active,4296.0,3982,7,5262.0,0.9269087523277467
edf14,4,,free_viewing,,4448.0,3962,3,886.0,0.8907374100719424
edf14,5,,free_viewing,,4645.0,3847,5,662.0,0.8282023681377826
edf14,6,,free_viewing,,4651.0,4651,2,669.0,1.0
edf14,7,,free_viewing,,4434.0,1817,4,908.0,0.40978800180423997
edf14,8,,free_viewing,,4470.0,2638,3,1216.0,0.5901565995525727
edf14,9,,free_viewing,,4430.0,3942,3,1134.0,0.8898419864559819
edf15,1,,free_viewing,,4527.0,3935,10,1306.0,0.8692290700242986
edf15,10,,free_viewing,,4359.0,3804,5,1156.0,0.8726772195457674
edf15,11,,free_viewing,,4608.0,4608,3,668.0,1.0
edf15,12,,free_viewing,,4298.0,4298,5,799.0,1.0
edf15,13,,free_viewing,,4426.0,4236,7,697.0,0.9570718481699051
edf15,14,,free_viewing,,4082.0,4040,7,798.0,0.9897109260166586
edf15,15,,free_viewing,,4453.0,4453,4,940.0,1.0
edf15,16,,free_viewing,,4149.0,4149,5,734.0,1.0
edf15,17,,free_viewing,,4378.0,4378,8,774.0,1.0
edf15,18,,free_viewing,,4367.0,4367,10,750.0,1.0
edf15,19,Punjabi,sentence_audio,passive_dropped_agent,4438.0,3496,8,6256.0,0.7877422262280307
edf15,2,,free_viewing,,4303.0,4303,7,790.0,1.0
edf15,20,Punjabi,sentence_audio,passive_dropped_agent,4650.0,4650,9,5481.0,1.0
edf15,21,Punjabi,sentence_audio,passive_dropped_agent,4522.0,4390,8,6120.0,0.9708093763821318
edf15,22,English,sentence_audio,active,4320.0,3557,10,5866.0,0.8233796296296296
edf15,23,English,sentence_audio,active,4338.0,4338,5,5905.0,1.0
edf15,24,English,sentence_audio,active,3849.0,3717,10,5189.0,0.965705378020265
edf15,25,English,sentence_audio,passive,4421.0,4421,6,5293.0,1.0
edf15,26,English,sentence_audio,passive,4344.0,3830,5,5588.0,0.8816758747697975
edf15,27,English,sentence_audio,passive,4442.0,4442,8,5873.0,1.0
edf15,28,English,sentence_audio,passive_dropped_agent,4084.0,4084,9,5664.0,1.0
edf15,29,English,sentence_audio,passive_dropped_agent,4461.0,4461,6,5412.0,1.0
edf15,3,,free_viewing,,4339.0,3944,6,1272.0,0.90896519935469
edf15,30,English,sentence_audio,passive_dropped_agent,3890.0,3646,7,5998.0,0.9372750642673522
edf15,31,Punjabi,sentence_audio,active,4091.0,3683,8,5598.0,0.900268882913713
edf15,32,Punjabi,sentence_audio,active,4079.0,4033,6,5427.0,0.9887227261583722
edf15,33,Punjabi,sentence_audio,active,4392.0,3948,8,5922.0,0.8989071038251366
edf15,34,Punjabi,sentence_audio,passive,4115.0,4115,8,5571.0,1.0
edf15,35,Punjabi,sentence_audio,passive,4561.0,4561,5,5841.0,1.0
edf15,36,Punjabi,sentence_audio,passive,4280.0,4117,5,6002.0,0.9619158878504673
edf15,4,,free_viewing,,4279.0,4279,12,797.0,1.0
edf15,5,,free_viewing,,4375.0,4312,5,1040.0,0.9856
edf15,6,,free_viewing,,4234.0,4196,3,1128.0,0.9910250354274918
edf15,7,,free_viewing,,4546.0,4546,7,794.0,1.0
edf15,8,,free_viewing,,4236.0,2267,4,954.0,0.5351746931067044
edf15,9,,free_viewing,,4387.0,3995,7,1039.0,0.9106450877592888
edf16,1,,free_viewing,,4529.0,4529,7,1105.0,1.0
edf16,10,,free_viewing,,4597.0,4597,8,1061.0,1.0
edf16,11,,free_viewing,,4695.0,4695,4,788.0,1.0
edf16,12,,free_viewing,,4806.0,4519,4,1358.0,0.9402829796088223
edf16,13,,free_viewing,,4593.0,4593,4,725.0,1.0
edf16,14,,free_viewing,,4789.0,4789,3,1062.0,1.0
edf16,15,,free_viewing,,4255.0,4111,7,1140.0,0.9661574618096357
edf16,16,,free_viewing,,4860.0,4860,4,999.0,1.0
edf16,17,,free_viewing,,4758.0,4563,5,934.0,0.9590163934426229
edf16,18,,free_viewing,,4790.0,4790,4,1154.0,1.0
edf16,19,English,sentence_audio,active,4471.0,3599,6,5490.0,0.8049653321404607
edf16,2,,free_viewing,,4536.0,4244,9,697.0,0.935626102292769
edf16,20,English,sentence_audio,active,4656.0,4406,5,5484.0,0.9463058419243986
edf16,21,English,sentence_audio,active,4846.0,4846,1,5758.0,1.0
edf16,22,English,sentence_audio,passive,4634.0,4634,5,5832.0,1.0
edf16,23,English,sentence_audio,passive,4704.0,4704,5,5493.0,1.0
edf16,24,English,sentence_audio,passive,4738.0,4738,3,5964.0,1.0
edf16,25,English,sentence_audio,passive_dropped_agent,4670.0,4236,4,6126.0,0.9070663811563169
edf16,26,English,sentence_audio,passive_dropped_agent,4554.0,3233,5,6586.0,0.709925340360123
edf16,27,English,sentence_audio,passive_dropped_agent,4618.0,4618,2,5865.0,1.0
edf16,28,Punjabi,sentence_audio,active,4467.0,4467,7,6002.0,1.0
edf16,29,Punjabi,sentence_audio,active,4644.0,4294,5,5194.0,0.9246339362618432
edf16,3,,free_viewing,,4412.0,4128,7,1125.0,0.9356300997280145
edf16,30,Punjabi,sentence_audio,active,4534.0,4302,6,6314.0,0.948831054256727
edf16,31,Punjabi,sentence_audio,passive,4532.0,4532,3,5263.0,1.0
edf16,32,Punjabi,sentence_audio,passive,4705.0,4705,3,5807.0,1.0
edf16,33,Punjabi,sentence_audio,passive,4683.0,4435,5,6018.0,0.9470424941276959
edf16,34,Punjabi,sentence_audio,passive_dropped_agent,4683.0,4429,5,5920.0,0.9457612641469144
edf16,35,Punjabi,sentence_audio,passive_dropped_agent,4635.0,4635,3,5885.0,1.0
edf16,36,Punjabi,sentence_audio,passive_dropped_agent,4645.0,3941,6,5884.0,0.8484391819160387
edf16,4,,free_viewing,,4545.0,4189,6,1115.0,0.9216721672167216
edf16,5,,free_viewing,,4281.0,4281,8,925.0,1.0
edf16,6,,free_viewing,,4579.0,4579,4,1122.0,1.0
edf16,7,,free_viewing,,4362.0,3665,6,1118.0,0.8402109124254928
edf16,8,,free_viewing,,4496.0,4496,5,820.0,1.0
edf16,9,,free_viewing,,4742.0,4742,6,1067.0,1.0
edf17,1,,free_viewing,,4523.0,4022,7,1018.0,0.8892328100818041
edf17,10,,free_viewing,,4936.0,4936,2,857.0,1.0
edf17,11,,free_viewing,,4493.0,2961,4,777.0,0.6590251502336969
edf17,12,,free_viewing,,4167.0,3931,5,1048.0,0.943364530837533
edf17,13,,free_viewing,,4404.0,2986,6,782.0,0.6780199818346957
edf17,14,,free_viewing,,4906.0,4906,3,1062.0,1.0
edf17,15,,free_viewing,,4807.0,4807,3,1033.0,1.0
edf17,16,,free_viewing,,4426.0,4426,7,745.0,1.0
edf17,17,,free_viewing,,4390.0,3626,6,781.0,0.8259681093394078
edf17,18,,free_viewing,,4614.0,4404,4,857.0,0.9544863459037711
edf17,19,English,sentence_audio,passive,4271.0,2092,6,5616.0,0.4898150316085226
edf17,2,,free_viewing,,4381.0,3793,7,661.0,0.865784067564483
edf17,20,English,sentence_audio,passive,4312.0,4038,8,5858.0,0.936456400742115
edf17,21,English,sentence_audio,passive,4543.0,4543,5,5534.0,1.0
edf17,22,English,sentence_audio,passive_dropped_agent,4481.0,2446,5,6410.0,0.5458602990403928
edf17,23,English,sentence_audio,passive_dropped_agent,4445.0,4445,3,5258.0,1.0
edf17,24,English,sentence_audio,passive_dropped_agent,4503.0,4503,5,5397.0,1.0
edf17,25,Punjabi,sentence_audio,active,4375.0,4375,4,5623.0,1.0
edf17,26,Punjabi,sentence_audio,active,4427.0,3896,4,5728.0,0.8800542127851818
edf17,27,Punjabi,sentence_audio,active,4578.0,4578,5,5231.0,1.0
edf17,28,Punjabi,sentence_audio,passive,4655.0,4655,3,5554.0,1.0
edf17,29,Punjabi,sentence_audio,passive,4177.0,4105,8,5847.0,0.9827627483840077
edf17,3,,free_viewing,,4501.0,4501,5,1115.0,1.0
edf17,30,Punjabi,sentence_audio,passive,4488.0,4108,7,5442.0,0.9153297682709447
edf17,31,Punjabi,sentence_audio,passive_dropped_agent,4196.0,3472,4,5784.0,0.8274547187797903
edf17,32,Punjabi,sentence_audio,passive_dropped_agent,4812.0,4698,3,5833.0,0.9763092269326683
edf17,33,Punjabi,sentence_audio,passive_dropped_agent,4745.0,4566,5,5926.0,0.9622760800842992
edf17,34,English,sentence_audio,active,4452.0,4209,4,5756.0,0.9454177897574124
edf17,35,English,sentence_audio,active,4626.0,4237,3,5567.0,0.9159100734976221
edf17,36,English,sentence_audio,active,4475.0,4475,6,5206.0,1.0
edf17,4,,free_viewing,,4503.0,1998,5,1286.0,0.44370419720186544
edf17,5,,free_viewing,,4401.0,3328,8,1150.0,0.7561917745966825
edf17,6,,free_viewing,,4374.0,3962,4,1113.0,0.9058070416095108
edf17,7,,free_viewing,,4682.0,4682,3,692.0,1.0
edf17,8,,free_viewing,,4497.0,4497,5,1107.0,1.0
edf17,9,,free_viewing,,4424.0,4424,7,718.0,1.0
edf18,1,,free_viewing,,4444.0,4444,7,810.0,1.0
edf18,10,,free_viewing,,3916.0,2583,6,958.0,0.6596016343207355
edf18,11,,free_viewing,,4271.0,3133,4,923.0,0.733551861390775
edf18,12,,free_viewing,,4184.0,4184,4,901.0,1.0
edf18,13,,free_viewing,,4302.0,4302,7,692.0,1.0
edf18,14,,free_viewing,,4438.0,4438,5,1016.0,1.0
edf18,15,,free_viewing,,4395.0,3926,4,1074.0,0.893287827076223
edf18,16,,free_viewing,,4284.0,4046,4,1042.0,0.9444444444444444
edf18,17,,free_viewing,,4229.0,4101,5,760.0,0.9697327973516198
edf18,18,,free_viewing,,4275.0,4275,6,715.0,1.0
edf18,19,English,sentence_audio,passive_dropped_agent,4155.0,3189,5,6388.0,0.7675090252707581
edf18,2,,free_viewing,,4508.0,4172,6,1306.0,0.9254658385093167
edf18,20,English,sentence_audio,passive_dropped_agent,4138.0,4138,12,5382.0,1.0
edf18,21,English,sentence_audio,passive_dropped_agent,4235.0,3961,7,5625.0,0.9353010625737899
edf18,22,Punjabi,sentence_audio,active,4085.0,3981,8,5490.0,0.9745410036719706
edf18,23,Punjabi,sentence_audio,active,4203.0,4203,5,5227.0,1.0
edf18,24,Punjabi,sentence_audio,active,4143.0,4143,7,5405.0,1.0
edf18,25,Punjabi,sentence_audio,passive,4200.0,4200,7,5520.0,1.0
edf18,26,Punjabi,sentence_audio,passive,4118.0,3986,6,5486.0,0.9679456046624575
edf18,27,Punjabi,sentence_audio,passive,4068.0,4068,6,5502.0,1.0
edf18,28,Punjabi,sentence_audio,passive_dropped_agent,4361.0,4199,6,6147.0,0.9628525567530383
edf18,29,Punjabi,sentence_audio,passive_dropped_agent,4277.0,4277,4,6063.0,1.0
edf18,3,,free_viewing,,4342.0,4342,4,817.0,1.0
edf18,30,Punjabi,sentence_audio,passive_dropped_agent,4181.0,3985,7,5740.0,0.9531212628557761
edf18,31,English,sentence_audio,active,4260.0,4260,3,5443.0,1.0
edf18,32,English,sentence_audio,active,4439.0,4309,5,5968.0,0.9707141248028835
edf18,33,English,sentence_audio,active,4164.0,4010,5,5829.0,0.9630163304514889
edf18,34,English,sentence_audio,passive,4679.0,4593,4,5259.0,0.9816200042744176
edf18,35,English,sentence_audio,passive,4462.0,4462,5,5789.0,1.0
edf18,36,English,sentence_audio,passive,4237.0,4237,7,5976.0,1.0
edf18,4,,free_viewing,,4232.0,4004,6,950.0,0.946124763705104
edf18,5,,free_viewing,,4644.0,4396,6,1133.0,0.9465977605512489
edf18,6,,free_viewing,,4407.0,4123,6,901.0,0.9355570683004312
edf18,7,,free_viewing,,4631.0,4631,3,758.0,1.0
edf18,8,,free_viewing,,4416.0,3814,5,829.0,0.863677536231884
edf18,9,,free_viewing,,4377.0,3341,10,1113.0,0.7633082019648161
edf19,1,,free_viewing,,4482.0,3815,6,1278.0,0.8511825078090138
edf19,10,,free_viewing,,4774.0,4774,5,792.0,1.0
edf19,11,,free_viewing,,4059.0,4059,6,923.0,1.0
edf19,12,,free_viewing,,4248.0,1926,5,1328.0,0.4533898305084746
edf19,13,,free_viewing,,4639.0,4273,3,1422.0,0.9211036861392542
edf19,14,,free_viewing,,4662.0,1610,4,819.0,0.34534534534534533
edf19,15,,free_viewing,,4729.0,4729,5,667.0,1.0
edf19,16,,free_viewing,,4313.0,4313,3,935.0,1.0
edf19,17,,free_viewing,,4534.0,4534,4,838.0,1.0
edf19,18,,free_viewing,,4516.0,4448,1,932.0,0.9849424269264836
edf19,19,Punjabi,sentence_audio,active,4329.0,3378,8,6240.0,0.7803187803187803
edf19,2,,free_viewing,,4352.0,3200,6,1320.0,0.7352941176470589
edf19,20,Punjabi,sentence_audio,active,4770.0,4770,4,5788.0,1.0
edf19,21,Punjabi,sentence_audio,active,4480.0,4480,7,5606.0,1.0
edf19,22,Punjabi,sentence_audio,passive,1893.0,1869,7,6049.0,0.9873217115689382
edf19,23,Punjabi,sentence_audio,passive,3924.0,3392,7,5269.0,0.8644240570846076
edf19,24,Punjabi,sentence_audio,passive,2924.0,2792,6,5298.0,0.9548563611491108
edf19,25,Punjabi,sentence_audio,passive_dropped_agent,2010.0,1124,3,5658.0,0.5592039800995025
edf19,26,Punjabi,sentence_audio,passive_dropped_agent,2745.0,1870,4,5694.0,0.6812386156648452
edf19,27,Punjabi,sentence_audio,passive_dropped_agent,4568.0,3566,7,5199.0,0.7806479859894921
edf19,28,English,sentence_audio,active,4294.0,3471,4,6354.0,0.8083372147182114
edf19,29,English,sentence_audio,active,4669.0,4669,4,5555.0,1.0
edf19,3,,free_viewing,,4285.0,2542,6,1126.0,0.5932322053675613
edf19,30,English,sentence_audio,active,4538.0,3882,5,6142.0,0.8554429263992949
edf19,31,English,sentence_audio,passive,4425.0,4199,5,6010.0,0.9489265536723164
edf19,32,English,sentence_audio,passive,3841.0,3513,4,6018.0,0.9146055714657642
edf19,33,English,sentence_audio,passive,4437.0,1887,4,5844.0,0.42528735632183906
edf19,34,English,sentence_audio,passive_dropped_agent,3895.0,3611,5,6079.0,0.9270860077021823
edf19,35,English,sentence_audio,passive_dropped_agent,3083.0,2701,4,6198.0,0.8760947129419396
edf19,36,English,sentence_audio,passive_dropped_agent,4712.0,4594,7,5794.0,0.9749575551782682
edf19,4,,free_viewing,,4343.0,2529,6,966.0,0.582316371172001
edf19,5,,free_viewing,,4604.0,4469,2,932.0,0.9706776715899218
edf19,6,,free_viewing,,4668.0,4404,7,1115.0,0.9434447300771208
edf19,7,,free_viewing,,4616.0,4458,7,1000.0,0.9657712305025996
edf19,8,,free_viewing,,4736.0,4231,2,657.0,0.8933699324324325
edf19,9,,free_viewing,,4611.0,4611,3,1079.0,1.0
edf20,1,,free_viewing,,4809.0,3807,2,1032.0,0.7916406737367436
edf20,10,,free_viewing,,4552.0,4292,5,982.0,0.9428822495606327
edf20,11,,free_viewing,,4700.0,4700,2,1140.0,1.0
edf20,12,,free_viewing,,4396.0,4222,5,859.0,0.9604185623293904
edf20,13,,free_viewing,,4756.0,4116,3,1216.0,0.8654331370899916
edf20,14,,free_viewing,,4457.0,4457,6,741.0,1.0
edf20,15,,free_viewing,,4588.0,4314,4,766.0,0.9402789886660854
edf20,16,,free_viewing,,4674.0,4378,2,1468.0,0.936670945656825
edf20,17,,free_viewing,,4562.0,2102,5,651.0,0.4607628233231039
edf20,18,,free_viewing,,4706.0,4706,6,1101.0,1.0
edf20,19,Punjabi,sentence_audio,passive,4554.0,4038,4,5968.0,0.8866930171277997
edf20,2,,free_viewing,,4433.0,3497,6,1133.0,0.7888563049853372
edf20,20,Punjabi,sentence_audio,passive,4564.0,4564,5,5679.0,1.0
edf20,21,Punjabi,sentence_audio,passive,4776.0,4776,3,5654.0,1.0
edf20,22,Punjabi,sentence_audio,passive_dropped_agent,4569.0,2913,4,5454.0,0.6375574523965857
edf20,23,Punjabi,sentence_audio,passive_dropped_agent,4440.0,4440,3,5692.0,1.0
edf20,24,Punjabi,sentence_audio,passive_dropped_agent,4722.0,4722,3,6060.0,1.0
edf20,25,English,sentence_audio,active,4616.0,4616,6,5643.0,1.0
edf20,26,English,sentence_audio,active,4526.0,3554,6,6222.0,0.7852408307556341
edf20,27,English,sentence_audio,active,4820.0,4820,3,5623.0,1.0
edf20,28,English,sentence_audio,passive,4626.0,4626,6,5626.0,1.0
edf20,29,English,sentence_audio,passive,4742.0,4742,3,5907.0,1.0
edf20,3,,free_viewing,,4592.0,4592,5,991.0,1.0
edf20,30,English,sentence_audio,passive,4744.0,4572,4,5941.0,0.9637436762225969
edf20,31,English,sentence_audio,passive_dropped_agent,4715.0,4715,3,5330.0,1.0
edf20,32,English,sentence_audio,passive_dropped_agent,4757.0,4572,2,5712.0,0.9611099432415388
edf20,33,English,sentence_audio,passive_dropped_agent,4753.0,4753,5,5702.0,1.0
edf20,34,Punjabi,sentence_audio,active,4685.0,4685,4,5670.0,1.0
edf20,35,Punjabi,sentence_audio,active,4617.0,4617,5,5708.0,1.0
edf20,36,Punjabi,sentence_audio,active,4474.0,4402,4,5204.0,0.983907018328118
edf20,4,,free_viewing,,4538.0,4194,3,940.0,0.9241956809167033
edf20,5,,free_viewing,,4435.0,4273,4,1042.0,0.9634723788049605
edf20,6,,free_viewing,,4607.0,4323,4,838.0,0.9383546776644237
edf20,7,,free_viewing,,4741.0,4543,3,1011.0,0.9582366589327146
edf20,8,,free_viewing,,4612.0,4612,3,852.0,1.0
edf20,9,,free_viewing,,4771.0,4771,4,1007.0,1.0
edf21,1,,free_viewing,,4158.0,3676,7,1236.0,0.8840788840788841
edf21,10,,free_viewing,,4511.0,3879,9,895.0,0.8598980270450011
edf21,11,,free_viewing,,4302.0,4184,5,966.0,0.9725708972570897
edf21,12,,free_viewing,,4461.0,4302,5,1080.0,0.9643577673167452
edf21,13,,free_viewing,,4310.0,4310,6,666.0,1.0
edf21,14,,free_viewing,,4201.0,3743,6,1088.0,0.8909783384908355
edf21,15,,free_viewing,,4354.0,4230,7,952.0,0.9715204409738172
edf21,16,,free_viewing,,4002.0,4002,7,685.0,1.0
edf21,17,,free_viewing,,4216.0,3206,5,1031.0,0.7604364326375711
edf21,18,,free_viewing,,4096.0,4096,9,797.0,1.0
edf21,19,Punjabi,sentence_audio,passive_dropped_agent,4161.0,3459,8,6314.0,0.8312905551550108
edf21,2,,free_viewing,,4500.0,4500,6,886.0,1.0
edf21,20,Punjabi,sentence_audio,passive_dropped_agent,4390.0,4248,6,6160.0,0.9676537585421412
edf21,21,Punjabi,sentence_audio,passive_dropped_agent,4154.0,4030,7,6174.0,0.9701492537313433
edf21,22,English,sentence_audio,active,4270.0,4004,9,5379.0,0.9377049180327869
edf21,23,English,sentence_audio,active,4313.0,4227,4,5587.0,0.9800602828657548
edf21,24,English,sentence_audio,active,4266.0,4266,5,5256.0,1.0
edf21,25,English,sentence_audio,passive,4021.0,4021,4,6490.0,1.0
edf21,26,English,sentence_audio,passive,4491.0,4333,1,5510.0,0.9648185259407704
edf21,27,English,sentence_audio,passive,4186.0,3586,5,5380.0,0.8566650740563784
edf21,28,English,sentence_audio,passive_dropped_agent,4246.0,4120,8,5232.0,0.970325011775789
edf21,29,English,sentence_audio,passive_dropped_agent,4538.0,4538,2,5919.0,1.0
edf21,3,,free_viewing,,4237.0,3263,10,1068.0,0.7701203681850366
edf21,30,English,sentence_audio,passive_dropped_agent,4412.0,4252,6,6282.0,0.9637352674524026
edf21,31,Punjabi,sentence_audio,active,4361.0,4361,4,5842.0,1.0
edf21,32,Punjabi,sentence_audio,active,4179.0,4179,4,5573.0,1.0
edf21,33,Punjabi,sentence_audio,active,3392.0,3232,4,5690.0,0.9528301886792453
edf21,34,Punjabi,sentence_audio,passive,4599.0,4599,4,5369.0,1.0
edf21,35,Punjabi,sentence_audio,passive,4960.0,4960,1,5389.0,1.0
edf21,36,Punjabi,sentence_audio,passive,4405.0,4233,6,6110.0,0.9609534619750284
edf21,4,,free_viewing,,4415.0,4415,9,1057.0,1.0
edf21,5,,free_viewing,,4267.0,3935,9,1110.0,0.9221935786266698
edf21,6,,free_viewing,,4441.0,4145,4,649.0,0.9333483449673496
edf21,7,,free_viewing,,4078.0,3655,8,849.0,0.896272682687592
edf21,8,,free_viewing,,4402.0,4402,8,717.0,1.0
edf21,9,,free_viewing,,4320.0,4218,6,956.0,0.9763888888888889
edf22,1,,free_viewing,,4934.0,6818,5,799.0,1.3818402918524524
edf22,10,,free_viewing,,4437.0,7447,9,1260.0,1.6783862970475547
edf22,11,,free_viewing,,4710.0,7244,11,874.0,1.5380042462845012
edf22,12,,free_viewing,,4338.0,6028,16,814.0,1.3895804518211157
edf22,13,,free_viewing,,4466.0,8697,8,689.0,1.9473802060008956
edf22,14,,free_viewing,,4457.0,7307,7,1160.0,1.639443571909356
edf22,15,,free_viewing,,4910.0,5682,6,978.0,1.1572301425661915
edf22,16,,free_viewing,,4780.0,8481,12,838.0,1.7742677824267783
edf22,17,,free_viewing,,4760.0,7254,7,661.0,1.5239495798319327
edf22,18,,free_viewing,,4718.0,5176,3,856.0,1.0970750317931326
edf22,19,English,sentence_audio,active,4803.0,6466,8,5846.0,1.3462419321257548
edf22,2,,free_viewing,,4691.0,8156,6,738.0,1.7386484758047325
edf22,20,English,sentence_audio,active,4835.0,9251,6,5519.0,1.913340227507756
edf22,21,English,sentence_audio,active,4807.0,7609,11,5798.0,1.582899937591013
edf22,22,English,sentence_audio,passive,4725.0,8418,3,5680.0,1.7815873015873016
edf22,23,English,sentence_audio,passive,4607.0,7495,8,5352.0,1.626872151074452
edf22,24,English,sentence_audio,passive,4197.0,8311,11,5518.0,1.9802239695020252
edf22,25,English,sentence_audio,passive_dropped_agent,4445.0,7232,8,5740.0,1.6269966254218222
edf22,26,English,sentence_audio,passive_dropped_agent,4710.0,6264,6,5884.0,1.329936305732484
edf22,27,English,sentence_audio,passive_dropped_agent,4878.0,8789,4,5242.0,1.8017630176301762
edf22,28,Punjabi,sentence_audio,active,4926.0,7529,6,6072.0,1.5284206252537555
edf22,29,Punjabi,sentence_audio,active,4846.0,8257,8,5284.0,1.7038794882377217
edf22,3,,free_viewing,,4708.0,8416,11,706.0,1.7875955819881053
edf22,30,Punjabi,sentence_audio,active,4466.0,7970,12,5732.0,1.7845947156291984
edf22,31,Punjabi,sentence_audio,passive,4541.0,4393,7,5916.0,0.9674080598987007
edf22,32,Punjabi,sentence_audio,passive,4863.0,8952,6,5870.0,1.8408389882788403
edf22,33,Punjabi,sentence_audio,passive,4763.0,6647,9,5996.0,1.3955490237245434
edf22,34,Punjabi,sentence_audio,passive_dropped_agent,4842.0,6625,4,5384.0,1.3682362660057827
edf22,35,Punjabi,sentence_audio,passive_dropped_agent,4681.0,7587,5,5429.0,1.6208075197607348
edf22,36,Punjabi,sentence_audio,passive_dropped_agent,4857.0,8705,6,5513.0,1.7922585958410542
edf22,4,,free_viewing,,4506.0,8496,6,965.0,1.885486018641811
edf22,5,,free_viewing,,4765.0,8818,5,971.0,1.8505771248688352
edf22,6,,free_viewing,,4544.0,7501,12,1063.0,1.6507482394366197
edf22,7,,free_viewing,,4909.0,8637,11,917.0,1.7594214707679772
edf22,8,,free_viewing,,4656.0,8436,9,751.0,1.8118556701030928
edf22,9,,free_viewing,,4695.0,8697,11,921.0,1.8523961661341852
edf23,1,,free_viewing,,4685.0,4282,6,954.0,0.9139807897545358
edf23,10,,free_viewing,,4536.0,3476,6,978.0,0.7663139329805997
edf23,11,,free_viewing,,4426.0,4210,4,800.0,0.9511974694984184
edf23,12,,free_viewing,,4191.0,3577,5,1036.0,0.8534955857790504
edf23,13,,free_viewing,,4294.0,4294,11,1089.0,1.0
edf23,14,,free_viewing,,4434.0,3080,6,1110.0,0.6946323861073522
edf23,15,,free_viewing,,4390.0,3508,6,1340.0,0.7990888382687927
edf23,16,,free_viewing,,4143.0,3221,7,930.0,0.7774559497948347
edf23,17,,free_viewing,,4575.0,4433,4,685.0,0.9689617486338797
edf23,18,,free_viewing,,4763.0,4763,4,993.0,1.0
edf23,19,English,sentence_audio,passive,3998.0,2778,7,6308.0,0.6948474237118559
edf23,2,,free_viewing,,4469.0,3991,8,960.0,0.8930409487581115
edf23,20,English,sentence_audio,passive,3031.0,2791,4,5771.0,0.9208182118112834
edf23,21,English,sentence_audio,passive,4891.0,4891,3,5785.0,1.0
edf23,22,English,sentence_audio,passive_dropped_agent,2671.0,1158,3,6210.0,0.4335454885810558
edf23,23,English,sentence_audio,passive_dropped_agent,4342.0,3274,3,5497.0,0.7540304007369876
edf23,24,English,sentence_audio,passive_dropped_agent,4627.0,2561,5,5515.0,0.5534903825372812
edf23,25,Punjabi,sentence_audio,active,4431.0,4431,10,5719.0,1.0
edf23,26,Punjabi,sentence_audio,active,3922.0,1974,4,6086.0,0.5033146353901071
edf23,27,Punjabi,sentence_audio,active,4315.0,3943,7,5275.0,0.9137891077636153
edf23,28,Punjabi,sentence_audio,passive,4007.0,3275,7,5409.0,0.8173196905415523
edf23,29,Punjabi,sentence_audio,passive,3963.0,3071,8,5334.0,0.7749179914206409
edf23,3,,free_viewing,,4691.0,4339,6,1047.0,0.924962694521424
edf23,30,Punjabi,sentence_audio,passive,4458.0,4320,4,6109.0,0.9690444145356663
edf23,31,Punjabi,sentence_audio,passive_dropped_agent,4588.0,3408,7,5514.0,0.7428073234524848
edf23,32,Punjabi,sentence_audio,passive_dropped_agent,4354.0,4354,5,5809.0,1.0
edf23,33,Punjabi,sentence_audio,passive_dropped_agent,4378.0,2104,6,6778.0,0.48058474189127454
edf23,34,English,sentence_audio,active,3406.0,3356,5,5212.0,0.9853200234879624
edf23,35,English,sentence_audio,active,3365.0,2407,4,5797.0,0.7153046062407132
edf23,36,English,sentence_audio,active,4383.0,4323,10,5398.0,0.9863107460643394
edf23,4,,free_viewing,,4571.0,3877,8,1194.0,0.8481732662437104
edf23,5,,free_viewing,,4046.0,3778,9,742.0,0.9337617399901137
edf23,6,,free_viewing,,4549.0,4268,3,1294.0,0.9382281820180259
edf23,7,,free_viewing,,4712.0,4712,4,1078.0,1.0
edf23,8,,free_viewing,,4056.0,3520,4,979.0,0.8678500986193294
edf23,9,,free_viewing,,4398.0,4398,7,644.0,1.0
edf24,1,,free_viewing,,4792.0,4336,5,994.0,0.9048414023372288
edf24,10,,free_viewing,,4844.0,4844,3,1122.0,1.0
edf24,11,,free_viewing,,4803.0,3158,4,1280.0,0.6575057255881741
edf24,12,,free_viewing,,4788.0,4788,3,909.0,1.0
edf24,13,,free_viewing,,4664.0,4664,5,734.0,1.0
edf24,14,,free_viewing,,4467.0,4467,5,879.0,1.0
edf24,15,,free_viewing,,4663.0,4403,4,1242.0,0.9442419043534206
edf24,16,,free_viewing,,4658.0,4510,4,1118.0,0.9682267067410906
edf24,17,,free_viewing,,4856.0,4506,2,912.0,0.9279242174629324
edf24,18,,free_viewing,,4775.0,4775,5,898.0,1.0
edf24,19,English,sentence_audio,passive_dropped_agent,4872.0,4611,2,5582.0,0.9464285714285714
edf24,2,,free_viewing,,4910.0,4449,2,1020.0,0.9061099796334012
edf24,20,English,sentence_audio,passive_dropped_agent,4163.0,4163,1,6168.0,1.0
edf24,21,English,sentence_audio,passive_dropped_agent,4834.0,2206,3,5791.0,0.4563508481588746
edf24,22,Punjabi,sentence_audio,active,4599.0,4189,3,6612.0,0.9108501848227876
edf24,23,Punjabi,sentence_audio,active,4566.0,4566,3,6181.0,1.0
edf24,24,Punjabi,sentence_audio,active,4738.0,4244,2,5947.0,0.8957365977205572
edf24,25,Punjabi,sentence_audio,passive,4846.0,4348,2,6048.0,0.8972348328518366
edf24,26,Punjabi,sentence_audio,passive,4729.0,4429,3,5620.0,0.9365616409388877
edf24,27,Punjabi,sentence_audio,passive,4908.0,3958,1,5282.0,0.8064384678076609
edf24,28,Punjabi,sentence_audio,passive_dropped_agent,4787.0,3612,2,5724.0,0.7545435554627115
edf24,29,Punjabi,sentence_audio,passive_dropped_agent,4913.0,4913,3,5733.0,1.0
edf24,3,,free_viewing,,4960.0,4960,2,1138.0,1.0
edf24,30,Punjabi,sentence_audio,passive_dropped_agent,4569.0,4227,7,5586.0,0.9251477347340775
edf24,31,English,sentence_audio,active,4716.0,4329,4,6212.0,0.9179389312977099
edf24,32,English,sentence_audio,active,4893.0,4749,2,6061.0,0.970570202329859
edf24,33,English,sentence_audio,active,4937.0,4731,2,5825.0,0.9582742556208224
edf24,34,English,sentence_audio,passive,4779.0,4522,3,6300.0,0.9462230592174095
edf24,35,English,sentence_audio,passive,4755.0,3303,2,5755.0,0.6946372239747634
edf24,36,English,sentence_audio,passive,4710.0,4434,4,5252.0,0.9414012738853503
edf24,4,,free_viewing,,4665.0,4665,3,955.0,1.0
edf24,5,,free_viewing,,4764.0,4764,3,762.0,1.0
edf24,6,,free_viewing,,4726.0,3996,5,850.0,0.845535336436733
edf24,7,,free_viewing,,4731.0,4061,3,1038.0,0.8583808919890087
edf24,8,,free_viewing,,4814.0,4814,3,1048.0,1.0
edf24,9,,free_viewing,,4838.0,4838,3,927.0,1.0
edf25,1,,free_viewing,,4115.0,2908,6,722.0,0.7066828675577157
edf25,10,,free_viewing,,3872.0,2808,5,993.0,0.7252066115702479
edf25,11,,free_viewing,,3958.0,3958,5,674.0,1.0
edf25,12,,free_viewing,,4360.0,4360,11,990.0,1.0
edf25,13,,free_viewing,,3778.0,1308,5,1028.0,0.3462149285336157
edf25,14,,free_viewing,,3134.0,1364,4,734.0,0.43522654754307594
edf25,15,,free_viewing,,3966.0,3056,8,984.0,0.7705496722138174
edf25,16,,free_viewing,,4020.0,3400,7,1190.0,0.845771144278607
edf25,17,,free_viewing,,3960.0,3192,10,695.0,0.806060606060606
edf25,18,,free_viewing,,3676.0,3176,6,1168.0,0.8639825897714908
edf25,19,Punjabi,sentence_audio,active,4310.0,4072,11,5952.0,0.9447795823665893
edf25,2,,free_viewing,,3555.0,1979,6,1131.0,0.5566807313642756
edf25,20,Punjabi,sentence_audio,active,4043.0,3376,3,6008.0,0.8350234974029186
edf25,21,Punjabi,sentence_audio,active,3887.0,3613,7,5918.0,0.9295086184718292
edf25,22,Punjabi,sentence_audio,passive,4271.0,4271,9,5777.0,1.0
edf25,23,Punjabi,sentence_audio,passive,3871.0,3651,8,5429.0,0.9431671402738311
edf25,24,Punjabi,sentence_audio,passive,3781.0,3659,3,5665.0,0.9677334038614124
edf25,25,Punjabi,sentence_audio,passive_dropped_agent,3995.0,3773,8,5447.0,0.9444305381727159
edf25,26,Punjabi,sentence_audio,passive_dropped_agent,3829.0,2715,9,5856.0,0.7090624183860016
edf25,27,Punjabi,sentence_audio,passive_dropped_agent,3634.0,3390,3,5578.0,0.9328563566318107
edf25,28,English,sentence_audio,active,3326.0,1188,5,5672.0,0.3571858087793145
edf25,29,English,sentence_audio,active,3950.0,3420,11,6378.0,0.8658227848101265
edf25,3,,free_viewing,,3737.0,1751,8,1004.0,0.46855766657746856
edf25,30,English,sentence_audio,active,3862.0,1899,5,5533.0,0.49171413775245987
edf25,31,English,sentence_audio,passive,3666.0,3666,9,5632.0,1.0
edf25,32,English,sentence_audio,passive,3838.0,2071,7,6124.0,0.5396039603960396
edf25,33,English,sentence_audio,passive,3859.0,3657,11,5838.0,0.9476548328582535
edf25,34,English,sentence_audio,passive_dropped_agent,3900.0,1972,7,5531.0,0.5056410256410256
edf25,35,English,sentence_audio,passive_dropped_agent,3850.0,3654,8,5922.0,0.9490909090909091
edf25,36,English,sentence_audio,passive_dropped_agent,4081.0,4081,3,6101.0,1.0
edf25,4,,free_viewing,,4194.0,3331,5,1087.0,0.7942298521697664
edf25,5,,free_viewing,,3572.0,3314,9,652.0,0.9277715565509519
edf25,6,,free_viewing,,3681.0,2791,6,1366.0,0.7582178755772888
edf25,7,,free_viewing,,3898.0,3575,3,1268.0,0.9171369933299128
edf25,8,,free_viewing,,3425.0,3425,11,892.0,1.0
edf25,9,,free_viewing,,3966.0,3600,6,1116.0,0.9077155824508321
edf26,1,,free_viewing,,4647.0,4105,7,825.0,0.8833656122229395
edf26,10,,free_viewing,,4583.0,3874,7,1038.0,0.8452978398428976
edf26,11,,free_viewing,,4435.0,4435,5,729.0,1.0
edf26,12,,free_viewing,,4317.0,3539,7,897.0,0.8197822561964327
edf26,13,,free_viewing,,4727.0,4727,4,958.0,1.0
edf26,14,,free_viewing,,4488.0,4161,4,1446.0,0.9271390374331551
edf26,15,,free_viewing,,4330.0,4330,5,855.0,1.0
edf26,16,,free_viewing,,4429.0,4261,5,773.0,0.96206818694965
edf26,17,,free_viewing,,4874.0,4874,5,722.0,1.0
edf26,18,,free_viewing,,4463.0,4463,3,1077.0,1.0
edf26,19,Punjabi,sentence_audio,passive,4692.0,4322,7,5990.0,0.9211423699914748
edf26,2,,free_viewing,,4537.0,4306,4,1132.0,0.9490852986554992
edf26,20,Punjabi,sentence_audio,passive,4498.0,4126,7,5407.0,0.9172965762561138
edf26,21,Punjabi,sentence_audio,passive,4521.0,4381,4,5435.0,0.969033399690334
edf26,22,Punjabi,sentence_audio,passive_dropped_agent,4777.0,4777,5,5547.0,1.0
edf26,23,Punjabi,sentence_audio,passive_dropped_agent,4513.0,4513,6,5447.0,1.0
edf26,24,Punjabi,sentence_audio,passive_dropped_agent,4606.0,4564,3,6183.0,0.9908814589665653
edf26,25,English,sentence_audio,active,4522.0,4358,7,5216.0,0.9637328615656789
edf26,26,English,sentence_audio,active,2354.0,60,1,8302.0,0.025488530161427356
edf26,27,English,sentence_audio,active,3614.0,2322,5,5444.0,0.6425013835085778
edf26,28,English,sentence_audio,passive,164.0,0,0,,0.0
edf26,29,English,sentence_audio,passive,4200.0,3499,10,6006.0,0.8330952380952381
edf26,3,,free_viewing,,4474.0,3416,4,653.0,0.7635225748770675
edf26,30,English,sentence_audio,passive,4354.0,3906,10,5786.0,0.8971061093247589
edf26,31,English,sentence_audio,passive_dropped_agent,4338.0,4338,3,6014.0,1.0
edf26,32,English,sentence_audio,passive_dropped_agent,4559.0,3861,8,5667.0,0.8468962491774512
edf26,33,English,sentence_audio,passive_dropped_agent,4504.0,4180,4,6052.0,0.9280639431616341
edf26,34,Punjabi,sentence_audio,active,4456.0,3217,7,5245.0,0.7219479353680431
edf26,35,Punjabi,sentence_audio,active,4641.0,4240,5,6112.0,0.9135962077138547
edf26,36,Punjabi,sentence_audio,active,4648.0,4648,3,5661.0,1.0
edf26,4,,free_viewing,,4348.0,4050,4,1110.0,0.9314627414903404
edf26,5,,free_viewing,,4346.0,2760,6,906.0,0.6350667280257708
edf26,6,,free_viewing,,4494.0,4494,4,943.0,1.0
edf26,7,,free_viewing,,4518.0,3116,4,805.0,0.6896857016378929
edf26,8,,free_viewing,,4526.0,3084,4,1164.0,0.6813963764913831
edf26,9,,free_viewing,,4653.0,4085,7,1096.0,0.8779282183537502
edf27,1,,free_viewing,,4756.0,4756,4,749.0,1.0
edf27,10,,free_viewing,,4741.0,4741,4,808.0,1.0
edf27,11,,free_viewing,,4179.0,2150,4,998.0,0.5144771476429768
edf27,12,,free_viewing,,4684.0,4145,5,1086.0,0.8849274124679761
edf27,13,,free_viewing,,4762.0,4762,4,808.0,1.0
edf27,14,,free_viewing,,4838.0,4838,3,1022.0,1.0
edf27,15,,free_viewing,,4700.0,3916,7,1065.0,0.8331914893617022
edf27,16,,free_viewing,,4902.0,4902,2,847.0,1.0
edf27,17,,free_viewing,,4461.0,3130,3,1292.0,0.7016364043936337
edf27,18,,free_viewing,,4483.0,4483,5,1067.0,1.0
edf27,19,Punjabi,sentence_audio,passive_dropped_agent,4566.0,4566,7,5894.0,1.0
edf27,2,,free_viewing,,4587.0,4061,6,806.0,0.8853281011554393
edf27,20,Punjabi,sentence_audio,passive_dropped_agent,4889.0,4889,3,5351.0,1.0
edf27,21,Punjabi,sentence_audio,passive_dropped_agent,4633.0,4633,5,5637.0,1.0
edf27,22,English,sentence_audio,active,4850.0,4850,3,5469.0,1.0
edf27,23,English,sentence_audio,active,4777.0,4777,6,5539.0,1.0
edf27,24,English,sentence_audio,active,4335.0,4335,6,5650.0,1.0
edf27,25,English,sentence_audio,passive,4773.0,4773,6,6120.0,1.0
edf27,26,English,sentence_audio,passive,4341.0,4341,4,5536.0,1.0
edf27,27,English,sentence_audio,passive,4279.0,3843,4,5342.0,0.898107034353821
edf27,28,English,sentence_audio,passive_dropped_agent,4372.0,3999,3,6276.0,0.9146843549862763
edf27,29,English,sentence_audio,passive_dropped_agent,4679.0,3547,5,5649.0,0.7580679632400086
edf27,3,,free_viewing,,4620.0,4620,7,760.0,1.0
edf27,30,English,sentence_audio,passive_dropped_agent,4613.0,4358,5,6300.0,0.944721439410362
edf27,31,Punjabi,sentence_audio,active,4759.0,4759,4,5890.0,1.0
edf27,32,Punjabi,sentence_audio,active,4289.0,4191,2,5705.0,0.9771508510142224
edf27,33,Punjabi,sentence_audio,active,4304.0,3914,4,5788.0,0.9093866171003717
edf27,34,Punjabi,sentence_audio,passive,4601.0,1392,5,5656.0,0.30254292545098893
edf27,35,Punjabi,sentence_audio,passive,4039.0,3971,5,5830.0,0.9831641495419658
edf27,36,Punjabi,sentence_audio,passive,4300.0,4300,3,5435.0,1.0
edf27,4,,free_viewing,,4668.0,3980,5,1376.0,0.8526135389888603
edf27,5,,free_viewing,,4761.0,4672,3,926.0,0.9813064482251628
edf27,6,,free_viewing,,4807.0,4807,2,909.0,1.0
edf27,7,,free_viewing,,4744.0,4744,5,886.0,1.0
edf27,8,,free_viewing,,4472.0,4472,4,1098.0,1.0
edf27,9,,free_viewing,,4286.0,4033,4,1426.0,0.9409706019598694
edf28,1,,free_viewing,,4487.0,4305,5,852.0,0.9594383775351014
edf28,10,,free_viewing,,4687.0,4687,2,825.0,1.0
edf28,11,,free_viewing,,4020.0,4020,1,755.0,1.0
edf28,12,,free_viewing,,4391.0,4391,3,717.0,1.0
edf28,13,,free_viewing,,3856.0,3856,7,918.0,1.0
edf28,14,,free_viewing,,4305.0,2968,5,1254.0,0.6894308943089431
edf28,15,,free_viewing,,4529.0,4320,3,942.0,0.9538529476705675
edf28,16,,free_viewing,,4049.0,3775,11,896.0,0.9323289701160781
edf28,17,,free_viewing,,3926.0,2352,6,1404.0,0.5990830361691288
edf28,18,,free_viewing,,3313.0,2944,8,1182.0,0.8886205855719891
edf28,19,English,sentence_audio,active,4312.0,3724,4,6656.0,0.8636363636363636
edf28,2,,free_viewing,,4632.0,4050,5,683.0,0.8743523316062176
edf28,20,English,sentence_audio,active,4462.0,4462,4,5577.0,1.0
edf28,21,English,sentence_audio,active,4687.0,4363,4,5293.0,0.9308726264134841
edf28,22,English,sentence_audio,passive,4606.0,4606,1,5581.0,1.0
edf28,23,English,sentence_audio,passive,4785.0,4785,2,5547.0,1.0
edf28,24,English,sentence_audio,passive,4124.0,4124,2,5354.0,1.0
edf28,25,English,sentence_audio,passive_dropped_agent,4662.0,4662,7,6149.0,1.0
edf28,26,English,sentence_audio,passive_dropped_agent,4666.0,4666,2,5204.0,1.0
edf28,27,English,sentence_audio,passive_dropped_agent,4612.0,4612,4,5177.0,1.0
edf28,28,Punjabi,sentence_audio,active,3119.0,1951,5,6141.0,0.6255210003206155
edf28,29,Punjabi,sentence_audio,active,4179.0,3199,8,5905.0,0.7654941373534339
edf28,3,,free_viewing,,4446.0,4446,7,682.0,1.0
edf28,30,Punjabi,sentence_audio,active,4644.0,3778,4,6432.0,0.8135228251507322
edf28,31,Punjabi,sentence_audio,passive,3995.0,3737,4,5516.0,0.9354192740926157
edf28,32,Punjabi,sentence_audio,passive,4406.0,4055,5,5876.0,0.9203359055832955
edf28,33,Punjabi,sentence_audio,passive,4224.0,2870,7,6532.0,0.6794507575757576
edf28,34,Punjabi,sentence_audio,passive_dropped_agent,4746.0,4268,2,5460.0,0.899283607248209
edf28,35,Punjabi,sentence_audio,passive_dropped_agent,3609.0,2335,4,5788.0,0.6469936270435024
edf28,36,Punjabi,sentence_audio,passive_dropped_agent,4436.0,3902,5,5544.0,0.8796212804328224
edf28,4,,free_viewing,,3551.0,847,4,821.0,0.23852435933539848
edf28,5,,free_viewing,,4531.0,2923,5,1214.0,0.6451114544250717
edf28,6,,free_viewing,,4485.0,4051,6,664.0,0.9032329988851728
edf28,7,,free_viewing,,3983.0,3247,6,704.0,0.8152146623148381
edf28,8,,free_viewing,,3877.0,3877,5,652.0,1.0
edf28,9,,free_viewing,,4346.0,3735,3,1344.0,0.859410952600092
edf29,1,,free_viewing,,4583.0,4373,5,761.0,0.9541784857080515
edf29,10,,free_viewing,,4719.0,4719,3,891.0,1.0
edf29,11,,free_viewing,,4597.0,4211,5,923.0,0.9160321949097238
edf29,12,,free_viewing,,4662.0,4662,6,1002.0,1.0
edf29,13,,free_viewing,,4637.0,4251,4,883.0,0.9167565236144058
edf29,14,,free_viewing,,4366.0,3987,4,787.0,0.9131928538708199
edf29,15,,free_viewing,,4675.0,4675,5,785.0,1.0
edf29,16,,free_viewing,,4665.0,4665,3,686.0,1.0
edf29,17,,free_viewing,,4693.0,4281,3,767.0,0.9122096739825272
edf29,18,,free_viewing,,4507.0,3357,4,919.0,0.7448413578877302
edf29,19,English,sentence_audio,passive,4425.0,4425,4,5701.0,1.0
edf29,2,,free_viewing,,4741.0,3421,3,858.0,0.7215777262180975
edf29,20,English,sentence_audio,passive,4647.0,4647,3,5781.0,1.0
edf29,21,English,sentence_audio,passive,4802.0,4802,3,5854.0,1.0
edf29,22,English,sentence_audio,passive_dropped_agent,4493.0,4493,4,5659.0,1.0
edf29,23,English,sentence_audio,passive_dropped_agent,4698.0,4493,2,6176.0,0.9563644103873989
edf29,24,English,sentence_audio,passive_dropped_agent,4482.0,3457,4,5249.0,0.7713074520303436
edf29,25,Punjabi,sentence_audio,active,4629.0,3253,4,5386.0,0.7027435731259452
edf29,26,Punjabi,sentence_audio,active,4700.0,4700,5,5330.0,1.0
edf29,27,Punjabi,sentence_audio,active,4543.0,4543,5,5843.0,1.0
edf29,28,Punjabi,sentence_audio,passive,4649.0,4215,3,5913.0,0.906646590664659
edf29,29,Punjabi,sentence_audio,passive,4627.0,3455,4,5839.0,0.7467041279446726
edf29,3,,free_viewing,,4719.0,4719,3,1079.0,1.0
edf29,30,Punjabi,sentence_audio,passive,4621.0,2508,2,5836.0,0.5427396667388011
edf29,31,Punjabi,sentence_audio,passive_dropped_agent,4273.0,3743,3,6364.0,0.8759653639129418
edf29,32,Punjabi,sentence_audio,passive_dropped_agent,3892.0,3392,4,6206.0,0.8715313463514902
edf29,33,Punjabi,sentence_audio,passive_dropped_agent,4794.0,4794,4,5565.0,1.0
edf29,34,English,sentence_audio,active,4720.0,3813,4,5974.0,0.8078389830508474
edf29,35,English,sentence_audio,active,4678.0,4284,4,5385.0,0.9157759726378795
edf29,36,English,sentence_audio,active,4658.0,4418,6,5704.0,0.948475740661228
edf29,4,,free_viewing,,4573.0,4573,4,890.0,1.0
edf29,5,,free_viewing,,4659.0,2977,5,1286.0,0.638978321528225
edf29,6,,free_viewing,,4699.0,4510,4,1310.0,0.9597786763141094
edf29,7,,free_viewing,,4648.0,4648,3,776.0,1.0
edf29,8,,free_viewing,,4570.0,3135,3,1122.0,0.6859956236323851
edf29,9,,free_viewing,,4535.0,2987,5,683.0,0.6586549062844542
edf30,1,,free_viewing,,4741.0,4741,6,829.0,1.0
edf30,10,,free_viewing,,4221.0,4221,3,822.0,1.0
edf30,11,,free_viewing,,4707.0,4707,5,785.0,1.0
edf30,12,,free_viewing,,4290.0,4290,7,1028.0,1.0
edf30,13,,free_viewing,,4232.0,3892,6,963.0,0.9196597353497165
edf30,14,,free_viewing,,4458.0,4458,11,960.0,1.0
edf30,15,,free_viewing,,4471.0,4471,6,734.0,1.0
edf30,16,,free_viewing,,4382.0,2696,4,1306.0,0.6152441807393884
edf30,17,,free_viewing,,4255.0,4099,9,740.0,0.963337250293772
edf30,18,,free_viewing,,4490.0,4332,3,1322.0,0.9648106904231626
edf30,19,English,sentence_audio,passive_dropped_agent,4226.0,4226,2,5297.0,1.0
edf30,2,,free_viewing,,4278.0,4278,9,795.0,1.0
edf30,20,English,sentence_audio,passive_dropped_agent,4633.0,4453,4,5692.0,0.9611482840492122
edf30,21,English,sentence_audio,passive_dropped_agent,4080.0,3802,3,5660.0,0.9318627450980392
edf30,22,Punjabi,sentence_audio,active,4156.0,4156,11,5472.0,1.0
edf30,23,Punjabi,sentence_audio,active,4150.0,4150,7,5242.0,1.0
edf30,24,Punjabi,sentence_audio,active,4324.0,4146,8,5554.0,0.9588344125809436
edf30,25,Punjabi,sentence_audio,passive,4247.0,4031,5,5877.0,0.9491405698139863
edf30,26,Punjabi,sentence_audio,passive,4215.0,4095,7,5930.0,0.9715302491103203
edf30,27,Punjabi,sentence_audio,passive,4335.0,4335,2,5656.0,1.0
edf30,28,Punjabi,sentence_audio,passive_dropped_agent,4471.0,3805,4,6095.0,0.8510400357861776
edf30,29,Punjabi,sentence_audio,passive_dropped_agent,4447.0,4284,8,6074.0,0.9633460760062964
edf30,3,,free_viewing,,4819.0,4819,1,1137.0,1.0
edf30,30,Punjabi,sentence_audio,passive_dropped_agent,4136.0,2890,4,5848.0,0.6987427466150871
edf30,31,English,sentence_audio,active,4378.0,4378,6,6040.0,1.0
edf30,32,English,sentence_audio,active,4657.0,4657,5,5782.0,1.0
edf30,33,English,sentence_audio,active,4365.0,3673,6,6006.0,0.8414662084765178
edf30,34,English,sentence_audio,passive,4388.0,2776,5,5864.0,0.6326344576116681
edf30,35,English,sentence_audio,passive,4401.0,4261,3,6108.0,0.9681890479436491
edf30,36,English,sentence_audio,passive,4650.0,4650,3,5679.0,1.0
edf30,4,,free_viewing,,4140.0,3260,4,691.0,0.7874396135265701
edf30,5,,free_viewing,,4601.0,4299,5,1127.0,0.9343620951966963
edf30,6,,free_viewing,,4222.0,4222,4,1054.0,1.0
edf30,7,,free_viewing,,4719.0,4719,5,859.0,1.0
edf30,8,,free_viewing,,4572.0,4322,8,1178.0,0.9453193350831146
edf30,9,,free_viewing,,4326.0,2694,3,1140.0,0.6227461858529819
edf31,1,,free_viewing,,4657.0,4657,4,906.0,1.0
edf31,10,,free_viewing,,4301.0,3110,5,1490.0,0.7230876540339456
edf31,11,,free_viewing,,3919.0,3919,3,1014.0,1.0
edf31,12,,free_viewing,,4456.0,4108,4,1030.0,0.921903052064632
edf31,13,,free_viewing,,4612.0,3767,4,983.0,0.8167823070251518
edf31,14,,free_viewing,,4371.0,4371,3,960.0,1.0
edf31,15,,free_viewing,,4408.0,4408,3,1078.0,1.0
edf31,16,,free_viewing,,4472.0,4472,7,1090.0,1.0
edf31,17,,free_viewing,,4484.0,4224,5,686.0,0.9420160570918823
edf31,18,,free_viewing,,4319.0,4319,3,1033.0,1.0
edf31,19,Punjabi,sentence_audio,active,4744.0,4744,1,5589.0,1.0
edf31,2,,free_viewing,,4588.0,4588,3,963.0,1.0
edf31,20,Punjabi,sentence_audio,active,4402.0,4402,3,5265.0,1.0
edf31,21,Punjabi,sentence_audio,active,3755.0,3755,5,5430.0,1.0
edf31,22,Punjabi,sentence_audio,passive,4614.0,4614,1,5838.0,1.0
edf31,23,Punjabi,sentence_audio,passive,4266.0,4196,7,5782.0,0.9835911861228317
edf31,24,Punjabi,sentence_audio,passive,4643.0,4643,5,5228.0,1.0
edf31,25,Punjabi,sentence_audio,passive_dropped_agent,4637.0,4637,6,6169.0,1.0
edf31,26,Punjabi,sentence_audio,passive_dropped_agent,4307.0,2886,2,5778.0,0.6700719758532622
edf31,27,Punjabi,sentence_audio,passive_dropped_agent,4712.0,4712,3,5690.0,1.0
edf31,28,English,sentence_audio,active,4697.0,4123,3,5533.0,0.8777943368107303
edf31,29,English,sentence_audio,active,4457.0,4148,2,6158.0,0.9306708548350908
edf31,3,,free_viewing,,4586.0,3262,4,754.0,0.7112952464020933
edf31,30,English,sentence_audio,active,4249.0,3739,6,5472.0,0.8799717580607201
edf31,31,English,sentence_audio,passive,4951.0,4951,2,5362.0,1.0
edf31,32,English,sentence_audio,passive,4475.0,3781,6,5353.0,0.8449162011173185
edf31,33,English,sentence_audio,passive,4169.0,4169,3,5733.0,1.0
edf31,34,English,sentence_audio,passive_dropped_agent,3741.0,1987,4,5719.0,0.5311414060411654
edf31,35,English,sentence_audio,passive_dropped_agent,4319.0,4150,5,5534.0,0.9608705718916416
edf31,36,English,sentence_audio,passive_dropped_agent,4316.0,4316,5,6063.0,1.0
edf31,4,,free_viewing,,4510.0,3341,4,815.0,0.7407982261640799
edf31,5,,free_viewing,,4368.0,4368,3,777.0,1.0
edf31,6,,free_viewing,,4472.0,4076,4,1032.0,0.9114490161001789
edf31,7,,free_viewing,,4349.0,4349,4,1013.0,1.0
edf31,8,,free_viewing,,4313.0,4313,3,727.0,1.0
edf31,9,,free_viewing,,4368.0,3138,4,1234.0,0.7184065934065934
edf32,1,,free_viewing,,4652.0,4199,5,701.0,0.9026225279449699
edf32,10,,free_viewing,,4623.0,2078,5,1310.0,0.44949167207441054
edf32,11,,free_viewing,,4464.0,4272,2,1292.0,0.956989247311828
edf32,12,,free_viewing,,4639.0,3579,4,1252.0,0.7715024789825393
edf32,13,,free_viewing,,4771.0,4771,6,686.0,1.0
edf32,14,,free_viewing,,4242.0,2906,8,1230.0,0.6850542197076851
edf32,15,,free_viewing,,4555.0,4555,5,914.0,1.0
edf32,16,,free_viewing,,4684.0,4052,4,807.0,0.8650725875320239
edf32,17,,free_viewing,,4430.0,4192,5,918.0,0.94627539503386
edf32,18,,free_viewing,,4367.0,3595,5,940.0,0.823219601557133
edf32,19,Punjabi,sentence_audio,passive,4858.0,4858,3,5858.0,1.0
edf32,2,,free_viewing,,4566.0,4400,3,938.0,0.9636443276390714
edf32,20,Punjabi,sentence_audio,passive,4775.0,4775,5,5268.0,1.0
edf32,21,Punjabi,sentence_audio,passive,4512.0,4512,3,5456.0,1.0
edf32,22,Punjabi,sentence_audio,passive_dropped_agent,4275.0,4275,5,5441.0,1.0
edf32,23,Punjabi,sentence_audio,passive_dropped_agent,4354.0,4354,4,5519.0,1.0
edf32,24,Punjabi,sentence_audio,passive_dropped_agent,4270.0,4116,3,5746.0,0.9639344262295082
edf32,25,English,sentence_audio,active,4546.0,4238,7,5786.0,0.932248130224373
edf32,26,English,sentence_audio,active,4265.0,3923,5,5506.0,0.9198124267291911
edf32,27,English,sentence_audio,active,4493.0,4493,3,5725.0,1.0
edf32,28,English,sentence_audio,passive,4508.0,4014,4,5382.0,0.8904170363797693
edf32,29,English,sentence_audio,passive,4528.0,3781,4,6260.0,0.8350265017667845
edf32,3,,free_viewing,,4551.0,4197,5,944.0,0.9222148978246539
edf32,30,English,sentence_audio,passive,4646.0,4426,3,6020.0,0.9526474386569092
edf32,31,English,sentence_audio,passive_dropped_agent,4445.0,4139,5,5382.0,0.9311586051743532
edf32,32,English,sentence_audio,passive_dropped_agent,4401.0,3499,5,5272.0,0.795046580322654
edf32,33,English,sentence_audio,passive_dropped_agent,4497.0,4074,4,5968.0,0.9059372915276851
edf32,34,Punjabi,sentence_audio,active,4287.0,1997,3,5357.0,0.4658269185910893
edf32,35,Punjabi,sentence_audio,active,4815.0,4815,1,6097.0,1.0
edf32,36,Punjabi,sentence_audio,active,4482.0,4078,5,5987.0,0.9098616688978135
edf32,4,,free_viewing,,4526.0,4526,6,882.0,1.0
edf32,5,,free_viewing,,4645.0,4645,4,711.0,1.0
edf32,6,,free_viewing,,4442.0,4176,4,1068.0,0.940117064385412
edf32,7,,free_viewing,,4645.0,4327,3,1014.0,0.9315392895586653
edf32,8,,free_viewing,,4406.0,4152,7,714.0,0.9423513390830686
edf32,9,,free_viewing,,4769.0,4769,3,1057.0,1.0
edf33,1,,free_viewing,,4479.0,3547,4,1496.0,0.7919178388033044
edf33,10,,free_viewing,,4462.0,4462,5,1088.0,1.0
edf33,11,,free_viewing,,3999.0,3999,7,1132.0,1.0
edf33,12,,free_viewing,,4385.0,4093,4,950.0,0.9334093500570125
edf33,13,,free_viewing,,4336.0,4336,3,916.0,1.0
edf33,14,,free_viewing,,4648.0,4442,3,946.0,0.9556798623063684
edf33,15,,free_viewing,,4193.0,3068,4,1142.0,0.7316956832816599
edf33,16,,free_viewing,,4066.0,4066,7,1092.0,1.0
edf33,17,,free_viewing,,4411.0,3965,4,778.0,0.8988891407844026
edf33,18,,free_viewing,,3933.0,2789,5,646.0,0.7091278921942538
edf33,19,Punjabi,sentence_audio,passive_dropped_agent,4531.0,4242,6,5842.0,0.936217170602516
edf33,2,,free_viewing,,4602.0,4602,4,673.0,1.0
edf33,20,Punjabi,sentence_audio,passive_dropped_agent,4648.0,4446,3,5554.0,0.9565404475043029
edf33,21,Punjabi,sentence_audio,passive_dropped_agent,4502.0,4502,5,6136.0,1.0
edf33,22,English,sentence_audio,active,4590.0,4590,5,5895.0,1.0
edf33,23,English,sentence_audio,active,4828.0,2274,4,5716.0,0.47100248550124274
edf33,24,English,sentence_audio,active,4207.0,4207,5,5281.0,1.0
edf33,25,English,sentence_audio,passive,4246.0,3572,7,5332.0,0.8412623645784267
edf33,26,English,sentence_audio,passive,4452.0,4452,7,5574.0,1.0
edf33,27,English,sentence_audio,passive,4289.0,4289,4,5794.0,1.0
edf33,28,English,sentence_audio,passive_dropped_agent,4507.0,4099,6,6123.0,0.9094741513201686
edf33,29,English,sentence_audio,passive_dropped_agent,4207.0,3832,7,5940.0,0.9108628476348942
edf33,3,,free_viewing,,4508.0,3758,4,1156.0,0.8336291038154392
edf33,30,English,sentence_audio,passive_dropped_agent,4647.0,4595,3,5966.0,0.9888099849365182
edf33,31,Punjabi,sentence_audio,active,4312.0,4312,6,5636.0,1.0
edf33,32,Punjabi,sentence_audio,active,4094.0,3216,6,6120.0,0.7855398143624817
edf33,33,Punjabi,sentence_audio,active,4176.0,3779,6,6142.0,0.9049329501915708
edf33,34,Punjabi,sentence_audio,passive,4730.0,3708,4,6236.0,0.7839323467230443
edf33,35,Punjabi,sentence_audio,passive,4284.0,4284,4,5187.0,1.0
edf33,36,Punjabi,sentence_audio,passive,4537.0,4537,5,5860.0,1.0
edf33,4,,free_viewing,,4426.0,4426,6,866.0,1.0
edf33,5,,free_viewing,,4607.0,3827,5,805.0,0.8306924245713045
edf33,6,,free_viewing,,4627.0,3033,5,946.0,0.6555003241841366
edf33,7,,free_viewing,,4504.0,4504,5,881.0,1.0
edf33,8,,free_viewing,,4308.0,1876,4,1052.0,0.43546889507892295
edf33,9,,free_viewing,,4481.0,4481,5,726.0,1.0
edf34,1,,free_viewing,,4221.0,4019,10,1036.0,0.9521440416962805
edf34,10,,free_viewing,,3953.0,2402,7,1008.0,0.6076397672653681
edf34,11,,free_viewing,,4161.0,3678,5,1220.0,0.8839221341023792
edf34,12,,free_viewing,,3815.0,3065,7,1252.0,0.8034076015727392
edf34,13,,free_viewing,,3611.0,3611,5,1168.0,1.0
edf34,14,,free_viewing,,3973.0,3358,7,1356.0,0.8452051346589479
edf34,15,,free_viewing,,4214.0,3856,3,1086.0,0.9150450878025629
edf34,16,,free_viewing,,3812.0,3812,7,756.0,1.0
edf34,17,,free_viewing,,3770.0,3534,7,800.0,0.9374005305039788
edf34,18,,free_viewing,,3809.0,3809,12,666.0,1.0
edf34,19,English,sentence_audio,active,4498.0,4498,5,5608.0,1.0
edf34,2,,free_viewing,,3925.0,3925,10,827.0,1.0
edf34,20,English,sentence_audio,active,4348.0,4228,6,6156.0,0.9724011039558418
edf34,21,English,sentence_audio,active,3833.0,3833,6,5886.0,1.0
edf34,22,English,sentence_audio,passive,4599.0,4599,6,5476.0,1.0
edf34,23,English,sentence_audio,passive,4225.0,4225,5,5320.0,1.0
edf34,24,English,sentence_audio,passive,4000.0,3610,5,5598.0,0.9025
edf34,25,English,sentence_audio,passive_dropped_agent,4081.0,4081,6,5654.0,1.0
edf34,26,English,sentence_audio,passive_dropped_agent,4139.0,3986,9,5460.0,0.9630345494080695
edf34,27,English,sentence_audio,passive_dropped_agent,4580.0,4580,5,5998.0,1.0
edf34,28,Punjabi,sentence_audio,active,3868.0,3792,8,6011.0,0.9803516028955532
edf34,29,Punjabi,sentence_audio,active,4130.0,3852,9,6122.0,0.9326876513317192
edf34,3,,free_viewing,,4222.0,3128,6,748.0,0.7408810990052108
edf34,30,Punjabi,sentence_audio,active,4111.0,2614,4,6168.0,0.6358550231087327
edf34,31,Punjabi,sentence_audio,passive,3968.0,1640,8,6080.0,0.41330645161290325
edf34,32,Punjabi,sentence_audio,passive,3738.0,3603,9,6188.0,0.963884430176565
edf34,33,Punjabi,sentence_audio,passive,4362.0,4362,3,5437.0,1.0
edf34,34,Punjabi,sentence_audio,passive_dropped_agent,4146.0,1296,5,5666.0,0.3125904486251809
edf34,35,Punjabi,sentence_audio,passive_dropped_agent,3902.0,3560,4,5846.0,0.9123526396719631
edf34,36,Punjabi,sentence_audio,passive_dropped_agent,3548.0,3548,5,6155.0,1.0
edf34,4,,free_viewing,,4250.0,3766,7,876.0,0.8861176470588236
edf34,5,,free_viewing,,4150.0,4150,5,1018.0,1.0
edf34,6,,free_viewing,,3966.0,3966,5,898.0,1.0
edf34,7,,free_viewing,,4117.0,3953,4,1099.0,0.9601651688122419
edf34,8,,free_viewing,,3519.0,3209,6,1316.0,0.9119067917021881
edf34,9,,free_viewing,,3801.0,2992,5,738.0,0.7871612733491187
edf35,1,,free_viewing,,3401.0,2947,7,857.0,0.8665098500441046
edf35,10,,free_viewing,,3852.0,3852,5,706.0,1.0
edf35,11,,free_viewing,,3877.0,3657,4,973.0,0.9432550941449575
edf35,12,,free_viewing,,3923.0,3923,2,837.0,1.0
edf35,13,,free_viewing,,4084.0,3374,6,1274.0,0.82615083251714
edf35,14,,free_viewing,,3904.0,3666,6,1084.0,0.9390368852459017
edf35,15,,free_viewing,,3872.0,3690,3,1290.0,0.952995867768595
edf35,16,,free_viewing,,4240.0,4240,3,1012.0,1.0
edf35,17,,free_viewing,,3836.0,3836,3,871.0,1.0
edf35,18,,free_viewing,,4017.0,4017,5,1070.0,1.0
edf35,19,English,sentence_audio,passive,3775.0,3151,4,6140.0,0.8347019867549669
edf35,2,,free_viewing,,4119.0,3905,5,684.0,0.948045642146152
edf35,20,English,sentence_audio,passive,3678.0,3678,1,5189.0,1.0
edf35,21,English,sentence_audio,passive,4017.0,3249,4,5509.0,0.8088125466766244
edf35,22,English,sentence_audio,passive_dropped_agent,3576.0,2714,6,5650.0,0.7589485458612976
edf35,23,English,sentence_audio,passive_dropped_agent,3848.0,3848,4,5284.0,1.0
edf35,24,English,sentence_audio,passive_dropped_agent,3916.0,3916,3,5633.0,1.0
edf35,25,Punjabi,sentence_audio,active,3742.0,3742,5,5928.0,1.0
edf35,26,Punjabi,sentence_audio,active,3832.0,3590,5,5648.0,0.9368475991649269
edf35,27,Punjabi,sentence_audio,active,3570.0,3570,2,5838.0,1.0
edf35,28,Punjabi,sentence_audio,passive,3756.0,3756,1,5783.0,1.0
edf35,29,Punjabi,sentence_audio,passive,4058.0,3550,2,6218.0,0.8748151798915722
edf35,3,,free_viewing,,4395.0,4395,6,795.0,1.0
edf35,30,Punjabi,sentence_audio,passive,3546.0,3127,9,6348.0,0.8818386914833616
edf35,31,Punjabi,sentence_audio,passive_dropped_agent,3856.0,3666,8,5556.0,0.9507261410788381
edf35,32,Punjabi,sentence_audio,passive_dropped_agent,3831.0,3491,4,5768.0,0.9112503262855651
edf35,33,Punjabi,sentence_audio,passive_dropped_agent,3582.0,3436,6,5728.0,0.9592406476828588
edf35,34,English,sentence_audio,active,3796.0,3028,4,5812.0,0.79768177028451
edf35,35,English,sentence_audio,active,3734.0,3460,2,5926.0,0.9266202463845742
edf35,36,English,sentence_audio,active,3778.0,3614,5,5314.0,0.9565907887771308
edf35,4,,free_viewing,,4170.0,4170,5,747.0,1.0
edf35,5,,free_viewing,,4232.0,4232,5,783.0,1.0
edf35,6,,free_viewing,,3978.0,3817,6,1258.0,0.9595274007038713
edf35,7,,free_viewing,,4029.0,3833,6,882.0,0.9513526929759245
edf35,8,,free_viewing,,4398.0,4036,4,970.0,0.9176898590268304
edf35,9,,free_viewing,,3950.0,3784,5,1108.0,0.9579746835443038
edf36,1,,free_viewing,,4993.0,4993,1,1039.0,1.0
edf36,10,,free_viewing,,4483.0,4438,4,1004.0,0.9899620789649788
edf36,11,,free_viewing,,4506.0,4262,3,1224.0,0.9458499778073679
edf36,12,,free_viewing,,4500.0,4500,3,960.0,1.0
edf36,13,,free_viewing,,4418.0,3670,6,872.0,0.8306926210955183
edf36,14,,free_viewing,,4597.0,3615,4,889.0,0.7863824233195562
edf36,15,,free_viewing,,4697.0,4193,4,788.0,0.8926974664679582
edf36,16,,free_viewing,,4681.0,4414,5,1082.0,0.9429609057893612
edf36,17,,free_viewing,,4680.0,3864,3,746.0,0.8256410256410256
edf36,18,,free_viewing,,4751.0,4751,4,1139.0,1.0
edf36,19,English,sentence_audio,passive_dropped_agent,4830.0,4830,3,5693.0,1.0
edf36,2,,free_viewing,,4521.0,4521,5,1114.0,1.0
edf36,20,English,sentence_audio,passive_dropped_agent,4657.0,4352,5,5872.0,0.9345071934721924
edf36,21,English,sentence_audio,passive_dropped_agent,4642.0,4642,4,5465.0,1.0
edf36,22,Punjabi,sentence_audio,active,4563.0,3907,5,5235.0,0.8562349331580101
edf36,23,Punjabi,sentence_audio,active,4676.0,4676,4,5541.0,1.0
edf36,24,Punjabi,sentence_audio,active,4428.0,3808,5,6142.0,0.8599819331526649
edf36,25,Punjabi,sentence_audio,passive,4502.0,3998,5,5447.0,0.8880497556641492
edf36,26,Punjabi,sentence_audio,passive,4624.0,4078,5,5890.0,0.8819204152249135
edf36,27,Punjabi,sentence_audio,passive,4676.0,4676,4,6155.0,1.0
edf36,28,Punjabi,sentence_audio,passive_dropped_agent,4662.0,4135,3,5295.0,0.8869583869583869
edf36,29,Punjabi,sentence_audio,passive_dropped_agent,4452.0,3516,4,5630.0,0.7897574123989218
edf36,3,,free_viewing,,4547.0,4547,5,820.0,1.0
edf36,30,Punjabi,sentence_audio,passive_dropped_agent,4757.0,3548,3,5898.0,0.7458482236703805
edf36,31,English,sentence_audio,active,4392.0,4008,5,5939.0,0.912568306010929
edf36,32,English,sentence_audio,active,4358.0,3762,4,6170.0,0.8632400183570446
edf36,33,English,sentence_audio,active,4459.0,4230,4,5782.0,0.9486431935411527
edf36,34,English,sentence_audio,passive,4364.0,3216,6,5926.0,0.7369385884509624
edf36,35,English,sentence_audio,passive,4779.0,4503,3,6176.0,0.9422473320778405
edf36,36,English,sentence_audio,passive,4782.0,4782,3,5601.0,1.0
edf36,4,,free_viewing,,4499.0,3766,4,1368.0,0.8370749055345632
edf36,5,,free_viewing,,4624.0,4624,2,960.0,1.0
edf36,6,,free_viewing,,4513.0,4513,4,712.0,1.0
edf36,7,,free_viewing,,4827.0,4524,3,1056.0,0.9372280919825979
edf36,8,,free_viewing,,4786.0,4786,4,744.0,1.0
edf36,9,,free_viewing,,4700.0,4700,4,913.0,1.0
edf37,1,,free_viewing,,4475.0,4475,5,802.0,1.0
edf37,10,,free_viewing,,4368.0,4368,3,1044.0,1.0
edf37,11,,free_viewing,,4432.0,4432,5,941.0,1.0
edf37,12,,free_viewing,,4331.0,3463,5,648.0,0.7995843915954745
edf37,13,,free_viewing,,4319.0,4015,4,769.0,0.9296133364204677
edf37,14,,free_viewing,,4434.0,3446,6,858.0,0.7771763644564728
edf37,15,,free_viewing,,4378.0,4378,6,794.0,1.0
edf37,16,,free_viewing,,4404.0,4092,7,780.0,0.9291553133514986
edf37,17,,free_viewing,,4416.0,3880,7,1118.0,0.8786231884057971
edf37,18,,free_viewing,,4413.0,4413,10,934.0,1.0
edf37,19,Punjabi,sentence_audio,active,4382.0,3522,5,6142.0,0.8037425832952989
edf37,2,,free_viewing,,4582.0,4446,4,1127.0,0.9703186381492798
edf37,20,Punjabi,sentence_audio,active,4300.0,4300,8,6078.0,1.0
edf37,21,Punjabi,sentence_audio,active,4581.0,4397,8,5985.0,0.9598340973586553
edf37,22,Punjabi,sentence_audio,passive,4513.0,3637,6,5913.0,0.8058940837580324
edf37,23,Punjabi,sentence_audio,passive,4458.0,4458,5,6149.0,1.0
edf37,24,Punjabi,sentence_audio,passive,4198.0,4198,6,5586.0,1.0
edf37,25,Punjabi,sentence_audio,passive_dropped_agent,4300.0,3830,8,6148.0,0.8906976744186047
edf37,26,Punjabi,sentence_audio,passive_dropped_agent,4267.0,3398,8,6070.0,0.796344035622217
edf37,27,Punjabi,sentence_audio,passive_dropped_agent,4431.0,4431,9,5640.0,1.0
edf37,28,English,sentence_audio,active,4298.0,4275,5,5541.0,0.9946486738017682
edf37,29,English,sentence_audio,active,4571.0,4571,6,5571.0,1.0
edf37,3,,free_viewing,,4052.0,3782,5,781.0,0.9333662388943732
edf37,30,English,sentence_audio,active,4740.0,4610,3,5423.0,0.9725738396624473
edf37,31,English,sentence_audio,passive,4263.0,3781,5,5472.0,0.886934083978419
edf37,32,English,sentence_audio,passive,4524.0,4524,4,5537.0,1.0
edf37,33,English,sentence_audio,passive,4669.0,4079,6,5628.0,0.8736346112657957
edf37,34,English,sentence_audio,passive_dropped_agent,4605.0,4412,4,5972.0,0.9580890336590663
edf37,35,English,sentence_audio,passive_dropped_agent,3388.0,2410,4,5941.0,0.7113341204250295
edf37,36,English,sentence_audio,passive_dropped_agent,4099.0,3889,3,5894.0,0.9487679921932178
edf37,4,,free_viewing,,4278.0,4036,8,790.0,0.9434315100514259
edf37,5,,free_viewing,,4271.0,3833,5,1126.0,0.8974479044720206
edf37,6,,free_viewing,,4384.0,3674,6,912.0,0.8380474452554745
edf37,7,,free_viewing,,4158.0,3764,7,945.0,0.9052429052429053
edf37,8,,free_viewing,,4474.0,4166,7,749.0,0.9311578006258382
edf37,9,,free_viewing,,4576.0,4538,7,768.0,0.9916958041958042
edf38,1,,free_viewing,,4673.0,4673,7,820.0,1.0
edf38,10,,free_viewing,,4435.0,4393,6,850.0,0.9905298759864712
edf38,11,,free_viewing,,4210.0,3890,3,1450.0,0.9239904988123515
edf38,12,,free_viewing,,4517.0,4345,6,667.0,0.9619216294000443
edf38,13,,free_viewing,,4557.0,3959,6,963.0,0.868773315777924
edf38,14,,free_viewing,,4576.0,4126,4,1206.0,0.9016608391608392
edf38,15,,free_viewing,,4615.0,3756,5,1090.0,0.8138678223185265
edf38,16,,free_viewing,,4495.0,4059,5,909.0,0.9030033370411569
edf38,17,,free_viewing,,4697.0,4697,4,1140.0,1.0
edf38,18,,free_viewing,,4656.0,4422,7,1060.0,0.9497422680412371
edf38,19,Punjabi,sentence_audio,passive,4541.0,3093,5,5730.0,0.6811275049548557
edf38,2,,free_viewing,,4462.0,4462,5,727.0,1.0
edf38,20,Punjabi,sentence_audio,passive,4663.0,4663,4,5639.0,1.0
edf38,21,Punjabi,sentence_audio,passive,4412.0,4130,7,5584.0,0.9360834088848595
edf38,22,Punjabi,sentence_audio,passive_dropped_agent,4692.0,1706,4,6158.0,0.3635976129582268
edf38,23,Punjabi,sentence_audio,passive_dropped_agent,4299.0,4279,7,5719.0,0.9953477552919283
edf38,24,Punjabi,sentence_audio,passive_dropped_agent,4497.0,4453,6,5406.0,0.9902156993551257
edf38,25,English,sentence_audio,active,4340.0,3960,6,5956.0,0.9124423963133641
edf38,26,English,sentence_audio,active,4295.0,3462,8,6258.0,0.8060535506402794
edf38,27,English,sentence_audio,active,4402.0,4402,6,6010.0,1.0
edf38,28,English,sentence_audio,passive,4229.0,4057,6,5324.0,0.959328446441239
edf38,29,English,sentence_audio,passive,4442.0,4176,7,5580.0,0.940117064385412
edf38,3,,free_viewing,,4473.0,4057,3,992.0,0.9069975408003577
edf38,30,English,sentence_audio,passive,4500.0,4500,5,5421.0,1.0
edf38,31,English,sentence_audio,passive_dropped_agent,4647.0,4647,5,5335.0,1.0
edf38,32,English,sentence_audio,passive_dropped_agent,4609.0,4609,7,5426.0,1.0
edf38,33,English,sentence_audio,passive_dropped_agent,4399.0,4027,5,5334.0,0.9154353262105024
edf38,34,Punjabi,sentence_audio,active,4516.0,4188,6,6182.0,0.9273693534100974
edf38,35,Punjabi,sentence_audio,active,4510.0,4510,5,5216.0,1.0
edf38,36,Punjabi,sentence_audio,active,4326.0,3970,6,5498.0,0.917706888580675
edf38,4,,free_viewing,,4573.0,4573,6,677.0,1.0
edf38,5,,free_viewing,,4674.0,4320,3,734.0,0.9242618741976893
edf38,6,,free_viewing,,4364.0,3830,9,891.0,0.8776351970669111
edf38,7,,free_viewing,,4754.0,4754,5,977.0,1.0
edf38,8,,free_viewing,,4515.0,3232,5,1368.0,0.7158361018826135
edf38,9,,free_viewing,,4601.0,4601,4,914.0,1.0
edf39,1,,free_viewing,,4653.0,4223,7,1146.0,0.9075865033311842
edf39,10,,free_viewing,,4752.0,4752,5,843.0,1.0
edf39,11,,free_viewing,,4318.0,4010,8,1071.0,0.9286706808707735
edf39,12,,free_viewing,,4341.0,3354,4,1576.0,0.7726330338631652
edf39,13,,free_viewing,,4362.0,3750,5,1282.0,0.859697386519945
edf39,14,,free_viewing,,4396.0,3928,7,1007.0,0.8935395814376706
edf39,15,,free_viewing,,4559.0,4031,7,1059.0,0.8841851283176135
edf39,16,,free_viewing,,4669.0,4669,9,775.0,1.0
edf39,17,,free_viewing,,4587.0,4587,6,700.0,1.0
edf39,18,,free_viewing,,4075.0,3537,8,911.0,0.8679754601226994
edf39,19,Punjabi,sentence_audio,passive_dropped_agent,4406.0,2775,5,6170.0,0.629822968679074
edf39,2,,free_viewing,,4358.0,4358,9,865.0,1.0
edf39,20,Punjabi,sentence_audio,passive_dropped_agent,4553.0,4553,12,5334.0,1.0
edf39,21,Punjabi,sentence_audio,passive_dropped_agent,4527.0,4267,9,5181.0,0.9425668212944555
edf39,22,English,sentence_audio,active,4303.0,3851,7,5258.0,0.8949570067394841
edf39,23,English,sentence_audio,active,4389.0,4389,3,5680.0,1.0
edf39,24,English,sentence_audio,active,4271.0,4115,5,5810.0,0.9634745961133224
edf39,25,English,sentence_audio,passive,4030.0,3083,7,5249.0,0.7650124069478909
edf39,26,English,sentence_audio,passive,4394.0,3604,4,5343.0,0.8202093764223942
edf39,27,English,sentence_audio,passive,4246.0,3554,6,6140.0,0.8370230805463966
edf39,28,English,sentence_audio,passive_dropped_agent,4148.0,3600,8,6001.0,0.8678881388621023
edf39,29,English,sentence_audio,passive_dropped_agent,4814.0,4814,4,5760.0,1.0
edf39,3,,free_viewing,,4383.0,3555,7,916.0,0.811088295687885
edf39,30,English,sentence_audio,passive_dropped_agent,4758.0,4335,4,5912.0,0.9110970996216898
edf39,31,Punjabi,sentence_audio,active,4161.0,2853,5,5314.0,0.6856524873828407
edf39,32,Punjabi,sentence_audio,active,4402.0,3940,4,5644.0,0.8950477055883689
edf39,33,Punjabi,sentence_audio,active,4649.0,3348,5,5746.0,0.7201548720154872
edf39,34,Punjabi,sentence_audio,passive,4355.0,3961,6,6099.0,0.9095292766934558
edf39,35,Punjabi,sentence_audio,passive,4447.0,4447,3,5432.0,1.0
edf39,36,Punjabi,sentence_audio,passive,4324.0,3746,7,5477.0,0.866327474560592
edf39,4,,free_viewing,,4484.0,3891,6,765.0,0.8677520071364853
edf39,5,,free_viewing,,4665.0,2495,4,789.0,0.5348338692390139
edf39,6,,free_viewing,,4286.0,3019,7,849.0,0.7043863742417172
edf39,7,,free_viewing,,4230.0,4173,7,1184.0,0.9865248226950355
edf39,8,,free_viewing,,4329.0,4329,7,1059.0,1.0
edf39,9,,free_viewing,,4648.0,4248,6,1033.0,0.9139414802065404
edf40,1,,free_viewing,,4512.0,4512,9,813.0,1.0
edf40,10,,free_viewing,,4508.0,4508,5,868.0,1.0
edf40,11,,free_viewing,,4722.0,4722,5,986.0,1.0
edf40,12,,free_viewing,,4651.0,4651,6,1023.0,1.0
edf40,13,,free_viewing,,4510.0,4406,7,1019.0,0.976940133037694
edf40,14,,free_viewing,,4413.0,4413,3,959.0,1.0
edf40,15,,free_viewing,,4391.0,4141,5,827.0,0.9430653609656114
edf40,16,,free_viewing,,4623.0,4291,4,1006.0,0.9281851611507679
edf40,17,,free_viewing,,4216.0,3770,7,1007.0,0.894212523719165
edf40,18,,free_viewing,,4727.0,4025,4,1318.0,0.8514914321980114
edf40,19,English,sentence_audio,active,4440.0,3005,9,5648.0,0.6768018018018018
edf40,2,,free_viewing,,4606.0,4202,3,828.0,0.9122883195831524
edf40,20,English,sentence_audio,active,3921.0,3775,11,5996.0,0.9627646008671258
edf40,21,English,sentence_audio,active,4548.0,4302,8,5568.0,0.945910290237467
edf40,22,English,sentence_audio,passive,3920.0,3136,7,5978.0,0.8
edf40,23,English,sentence_audio,passive,4525.0,4525,5,5799.0,1.0
edf40,24,English,sentence_audio,passive,4286.0,4286,3,5789.0,1.0
edf40,25,English,sentence_audio,passive_dropped_agent,4322.0,4322,5,5464.0,1.0
edf40,26,English,sentence_audio,passive_dropped_agent,4568.0,4225,2,5782.0,0.9249124343257443
edf40,27,English,sentence_audio,passive_dropped_agent,4251.0,4251,5,5921.0,1.0
edf40,28,Punjabi,sentence_audio,active,4250.0,3354,9,6216.0,0.7891764705882353
edf40,29,Punjabi,sentence_audio,active,4173.0,4145,8,5710.0,0.9932901988976756
edf40,3,,free_viewing,,4783.0,4783,4,897.0,1.0
edf40,30,Punjabi,sentence_audio,active,3987.0,3765,8,5989.0,0.944319036869827
edf40,31,Punjabi,sentence_audio,passive,4177.0,3347,10,5937.0,0.8012927938711994
edf40,32,Punjabi,sentence_audio,passive,4346.0,4191,2,6368.0,0.9643350207086977
edf40,33,Punjabi,sentence_audio,passive,4514.0,3818,6,5203.0,0.845813026140895
edf40,34,Punjabi,sentence_audio,passive_dropped_agent,4503.0,4271,5,6226.0,0.9484787919165001
edf40,35,Punjabi,sentence_audio,passive_dropped_agent,4398.0,4154,3,5764.0,0.9445202364711233
edf40,36,Punjabi,sentence_audio,passive_dropped_agent,4183.0,4049,6,5351.0,0.9679655749462108
edf40,4,,free_viewing,,4689.0,4342,3,1416.0,0.9259970142887609
edf40,5,,free_viewing,,4575.0,4345,3,1334.0,0.9497267759562842
edf40,6,,free_viewing,,4514.0,4514,3,846.0,1.0
edf40,7,,free_viewing,,4632.0,4632,4,877.0,1.0
edf40,8,,free_viewing,,4726.0,4574,3,721.0,0.9678374947101143
edf40,9,,free_viewing,,4715.0,4007,4,736.0,0.8498409331919407
edf41,1,,free_viewing,,4214.0,3494,9,664.0,0.829140958709065
edf41,10,,free_viewing,,4313.0,4313,4,1107.0,1.0
edf41,11,,free_viewing,,3735.0,3509,5,1452.0,0.9394912985274431
edf41,12,,free_viewing,,4316.0,3720,7,790.0,0.8619091751621872
edf41,13,,free_viewing,,4156.0,3916,6,702.0,0.9422521655437921
edf41,14,,free_viewing,,4067.0,3207,5,1008.0,0.7885419227932137
edf41,15,,free_viewing,,4086.0,4086,3,870.0,1.0
edf41,16,,free_viewing,,4168.0,3626,6,864.0,0.8699616122840691
edf41,17,,free_viewing,,4310.0,4310,2,802.0,1.0
edf41,18,,free_viewing,,4421.0,4421,3,812.0,1.0
edf41,19,English,sentence_audio,passive,4234.0,4023,7,5870.0,0.9501653282947568
edf41,2,,free_viewing,,4630.0,4630,5,773.0,1.0
edf41,20,English,sentence_audio,passive,4628.0,4628,2,5852.0,1.0
edf41,21,English,sentence_audio,passive,4450.0,4172,2,6164.0,0.9375280898876405
edf41,22,English,sentence_audio,passive_dropped_agent,3504.0,2562,3,5502.0,0.7311643835616438
edf41,23,English,sentence_audio,passive_dropped_agent,4228.0,4228,3,5368.0,1.0
edf41,24,English,sentence_audio,passive_dropped_agent,4129.0,4033,3,5629.0,0.9767498183579559
edf41,25,Punjabi,sentence_audio,active,3811.0,3577,9,5822.0,0.938598792967725
edf41,26,Punjabi,sentence_audio,active,3839.0,962,2,6194.0,0.2505860901276374
edf41,27,Punjabi,sentence_audio,active,3871.0,3871,3,5676.0,1.0
edf41,28,Punjabi,sentence_audio,passive,3578.0,3382,6,5242.0,0.9452207937395193
edf41,29,Punjabi,sentence_audio,passive,3968.0,3944,1,5712.0,0.9939516129032258
edf41,3,,free_viewing,,4665.0,4499,4,1023.0,0.9644158628081457
edf41,30,Punjabi,sentence_audio,passive,3762.0,3624,3,5574.0,0.9633173843700159
edf41,31,Punjabi,sentence_audio,passive_dropped_agent,4204.0,4204,5,5524.0,1.0
edf41,32,Punjabi,sentence_audio,passive_dropped_agent,3970.0,3552,6,5756.0,0.8947103274559194
edf41,33,Punjabi,sentence_audio,passive_dropped_agent,3366.0,3086,6,5767.0,0.916815210932858
edf41,34,English,sentence_audio,active,3978.0,2497,6,6132.0,0.6277023629964806
edf41,35,English,sentence_audio,active,3874.0,3874,3,5307.0,1.0
edf41,36,English,sentence_audio,active,4108.0,3915,3,6294.0,0.9530185004868549
edf41,4,,free_viewing,,4836.0,4363,1,1232.0,0.902191894127378
edf41,5,,free_viewing,,4479.0,4242,6,1250.0,0.9470864032150034
edf41,6,,free_viewing,,4358.0,4236,3,907.0,0.9720055071133548
edf41,7,,free_viewing,,4591.0,4275,1,1398.0,0.9311696798083207
edf41,8,,free_viewing,,4367.0,4155,7,670.0,0.9514540874742387
edf41,9,,free_viewing,,3747.0,3625,10,1250.0,0.9674406191619963
edf42,1,,free_viewing,,4326.0,2520,6,970.0,0.5825242718446602
edf42,10,,free_viewing,,4450.0,3296,6,700.0,0.7406741573033708
edf42,11,,free_viewing,,4467.0,3933,4,1300.0,0.880456682337139
edf42,12,,free_viewing,,4600.0,4600,4,1029.0,1.0
edf42,13,,free_viewing,,4558.0,4558,5,652.0,1.0
edf42,14,,free_viewing,,4555.0,4555,5,1135.0,1.0
edf42,15,,free_viewing,,4561.0,3039,5,958.0,0.6663012497259373
edf42,16,,free_viewing,,4585.0,4585,6,1136.0,1.0
edf42,17,,free_viewing,,4434.0,2094,4,1500.0,0.4722598105548038
edf42,18,,free_viewing,,4378.0,4378,4,993.0,1.0
edf42,19,English,sentence_audio,passive_dropped_agent,4624.0,3486,4,6000.0,0.7538927335640139
edf42,2,,free_viewing,,4542.0,3888,5,796.0,0.8560105680317041
edf42,20,English,sentence_audio,passive_dropped_agent,4481.0,4481,8,5997.0,1.0
edf42,21,English,sentence_audio,passive_dropped_agent,4553.0,4553,3,5248.0,1.0
edf42,22,Punjabi,sentence_audio,active,4720.0,3954,6,6087.0,0.8377118644067797
edf42,23,Punjabi,sentence_audio,active,4598.0,4158,4,5715.0,0.9043062200956937
edf42,24,Punjabi,sentence_audio,active,4516.0,4516,5,5523.0,1.0
edf42,25,Punjabi,sentence_audio,passive,4613.0,4613,5,6124.0,1.0
edf42,26,Punjabi,sentence_audio,passive,4496.0,3922,5,5796.0,0.8723309608540926
edf42,27,Punjabi,sentence_audio,passive,4542.0,3812,6,5833.0,0.8392778511668868
edf42,28,Punjabi,sentence_audio,passive_dropped_agent,4633.0,4633,3,5322.0,1.0
edf42,29,Punjabi,sentence_audio,passive_dropped_agent,4948.0,4948,2,5666.0,1.0
edf42,3,,free_viewing,,4782.0,4374,5,1043.0,0.9146800501882058
edf42,30,Punjabi,sentence_audio,passive_dropped_agent,4570.0,3400,5,5596.0,0.7439824945295405
edf42,31,English,sentence_audio,active,4706.0,4428,4,5736.0,0.9409264768380791
edf42,32,English,sentence_audio,active,4802.0,4656,3,5700.0,0.9695960016659725
edf42,33,English,sentence_audio,active,4770.0,4600,5,6038.0,0.9643605870020965
edf42,34,English,sentence_audio,passive,4666.0,4666,3,5746.0,1.0
edf42,35,English,sentence_audio,passive,4674.0,4674,5,5246.0,1.0
edf42,36,English,sentence_audio,passive,4599.0,4361,4,5785.0,0.9482496194824962
edf42,4,,free_viewing,,4648.0,4198,5,670.0,0.903184165232358
edf42,5,,free_viewing,,4772.0,4772,5,894.0,1.0
edf42,6,,free_viewing,,4471.0,4231,6,1099.0,0.9463207336166406
edf42,7,,free_viewing,,4612.0,4404,5,956.0,0.9549002601908065
edf42,8,,free_viewing,,4557.0,4557,5,792.0,1.0
edf42,9,,free_viewing,,4539.0,4179,5,1002.0,0.9206873760740251
edf43,1,,free_viewing,,4596.0,4596,7,917.0,1.0
edf43,10,,free_viewing,,4714.0,2966,5,974.0,0.6291896478574459
edf43,11,,free_viewing,,4250.0,3820,4,1372.0,0.8988235294117647
edf43,12,,free_viewing,,4247.0,3190,10,934.0,0.7511184365434425
edf43,13,,free_viewing,,4704.0,4538,3,832.0,0.9647108843537415
edf43,14,,free_viewing,,4455.0,3377,7,910.0,0.7580246913580246
edf43,15,,free_viewing,,4464.0,4152,5,1097.0,0.9301075268817204
edf43,16,,free_viewing,,4309.0,4136,4,1116.0,0.9598514736597819
edf43,17,,free_viewing,,4235.0,4019,8,969.0,0.9489964580873672
edf43,18,,free_viewing,,4408.0,3476,4,1152.0,0.7885662431941923
edf43,19,Punjabi,sentence_audio,active,4482.0,3977,6,5516.0,0.8873270861222669
edf43,2,,free_viewing,,4532.0,4532,5,1049.0,1.0
edf43,20,Punjabi,sentence_audio,active,4440.0,4242,12,6164.0,0.9554054054054054
edf43,21,Punjabi,sentence_audio,active,4385.0,4385,5,5340.0,1.0
edf43,22,Punjabi,sentence_audio,passive,4620.0,3068,6,5718.0,0.664069264069264
edf43,23,Punjabi,sentence_audio,passive,4560.0,3490,6,5339.0,0.7653508771929824
edf43,24,Punjabi,sentence_audio,passive,4391.0,4391,5,6121.0,1.0
edf43,25,Punjabi,sentence_audio,passive_dropped_agent,4906.0,4683,1,5502.0,0.9545454545454546
edf43,26,Punjabi,sentence_audio,passive_dropped_agent,4383.0,2574,6,5540.0,0.5872689938398358
edf43,27,Punjabi,sentence_audio,passive_dropped_agent,4904.0,4904,3,5256.0,1.0
edf43,28,English,sentence_audio,active,4616.0,4422,8,5766.0,0.9579722703639515
edf43,29,English,sentence_audio,active,4500.0,4290,8,5266.0,0.9533333333333334
edf43,3,,free_viewing,,4383.0,3228,6,990.0,0.7364818617385352
edf43,30,English,sentence_audio,active,4469.0,3562,3,5588.0,0.797046319087044
edf43,31,English,sentence_audio,passive,4645.0,1433,2,5691.0,0.3085037674919268
edf43,32,English,sentence_audio,passive,4402.0,3941,5,6218.0,0.8952748750567924
edf43,33,English,sentence_audio,passive,4968.0,4968,1,5902.0,1.0
edf43,34,English,sentence_audio,passive_dropped_agent,4875.0,1773,1,8872.0,0.3636923076923077
edf43,35,English,sentence_audio,passive_dropped_agent,4591.0,4457,7,5822.0,0.9708124591592245
edf43,36,English,sentence_audio,passive_dropped_agent,4558.0,4114,8,6138.0,0.90258885476086
edf43,4,,free_viewing,,4249.0,2929,5,962.0,0.6893386679218639
edf43,5,,free_viewing,,4592.0,4438,6,949.0,0.9664634146341463
edf43,6,,free_viewing,,4494.0,4092,5,838.0,0.910547396528705
edf43,7,,free_viewing,,4691.0,4691,6,1048.0,1.0
edf43,8,,free_viewing,,4452.0,4452,3,1053.0,1.0
edf43,9,,free_viewing,,4394.0,3946,7,684.0,0.8980427856167501
edf44,1,,free_viewing,,4394.0,2603,7,964.0,0.5923987255348202
edf44,10,,free_viewing,,4499.0,4499,4,805.0,1.0
edf44,11,,free_viewing,,4274.0,3746,7,1318.0,0.8764623303696771
edf44,12,,free_viewing,,4523.0,4523,3,1110.0,1.0
edf44,13,,free_viewing,,4401.0,2847,7,894.0,0.6468984321745058
edf44,14,,free_viewing,,4328.0,2954,6,1072.0,0.6825323475046211
edf44,15,,free_viewing,,4434.0,3039,3,1148.0,0.6853856562922869
edf44,16,,free_viewing,,4134.0,3766,9,1062.0,0.9109820996613449
edf44,17,,free_viewing,,4312.0,4080,3,970.0,0.9461966604823747
edf44,18,,free_viewing,,4411.0,4411,4,792.0,1.0
edf44,19,Punjabi,sentence_audio,passive,4386.0,3978,6,6282.0,0.9069767441860465
edf44,2,,free_viewing,,4591.0,4591,7,845.0,1.0
edf44,20,Punjabi,sentence_audio,passive,4588.0,4588,4,5809.0,1.0
edf44,21,Punjabi,sentence_audio,passive,4656.0,4656,3,5568.0,1.0
edf44,22,Punjabi,sentence_audio,passive_dropped_agent,4485.0,1823,5,6042.0,0.4064659977703456
edf44,23,Punjabi,sentence_audio,passive_dropped_agent,4253.0,3723,4,5669.0,0.8753820832353633
edf44,24,Punjabi,sentence_audio,passive_dropped_agent,4450.0,3420,5,6097.0,0.7685393258426966
edf44,25,English,sentence_audio,active,4230.0,2981,7,6005.0,0.7047281323877068
edf44,26,English,sentence_audio,active,4274.0,3078,5,5682.0,0.7201684604585868
edf44,27,English,sentence_audio,active,4490.0,4210,4,5628.0,0.9376391982182628
edf44,28,English,sentence_audio,passive,4575.0,4575,3,5815.0,1.0
edf44,29,English,sentence_audio,passive,4193.0,3747,7,5375.0,0.8936322442165514
edf44,3,,free_viewing,,4379.0,4237,4,711.0,0.9675725051381594
edf44,30,English,sentence_audio,passive,4654.0,4485,4,6358.0,0.9636871508379888
edf44,31,English,sentence_audio,passive_dropped_agent,4519.0,4489,4,5426.0,0.9933613631334366
edf44,32,English,sentence_audio,passive_dropped_agent,4505.0,3590,5,6114.0,0.7968923418423973
edf44,33,English,sentence_audio,passive_dropped_agent,4639.0,4425,4,5539.0,0.9538693683983617
edf44,34,Punjabi,sentence_audio,active,4676.0,4676,4,5932.0,1.0
edf44,35,Punjabi,sentence_audio,active,4549.0,4313,4,5968.0,0.9481204660364916
edf44,36,Punjabi,sentence_audio,active,4283.0,4283,7,5745.0,1.0
edf44,4,,free_viewing,,4572.0,4154,4,1098.0,0.9085739282589677
edf44,5,,free_viewing,,4461.0,3973,7,674.0,0.8906074871105133
edf44,6,,free_viewing,,4663.0,4233,6,648.0,0.9077846879691186
edf44,7,,free_viewing,,4774.0,4384,4,1478.0,0.9183074989526603
edf44,8,,free_viewing,,4665.0,3491,5,1095.0,0.7483386923901393
edf44,9,,free_viewing,,4339.0,3353,5,908.0,0.7727587001613275
edf45,1,,free_viewing,,4428.0,3816,9,1056.0,0.8617886178861789
edf45,10,,free_viewing,,4572.0,4572,5,1048.0,1.0
edf45,11,,free_viewing,,4561.0,4561,3,817.0,1.0
edf45,12,,free_viewing,,4401.0,2389,4,1036.0,0.5428311747330152
edf45,13,,free_viewing,,4341.0,4341,9,733.0,1.0
edf45,14,,free_viewing,,4388.0,3534,5,691.0,0.8053783044667274
edf45,15,,free_viewing,,4436.0,3618,4,1076.0,0.8155996393146979
edf45,16,,free_viewing,,4370.0,4242,3,880.0,0.9707093821510298
edf45,17,,free_viewing,,4515.0,4515,5,984.0,1.0
edf45,18,,free_viewing,,4331.0,4331,6,1055.0,1.0
edf45,19,Punjabi,sentence_audio,passive_dropped_agent,4418.0,2615,7,5488.0,0.591896785875962
edf45,2,,free_viewing,,4611.0,3947,4,1360.0,0.8559965300368684
edf45,20,Punjabi,sentence_audio,passive_dropped_agent,4334.0,4148,9,6036.0,0.9570835256114444
edf45,21,Punjabi,sentence_audio,passive_dropped_agent,4678.0,4678,1,5338.0,1.0
edf45,22,English,sentence_audio,active,4491.0,3533,5,5199.0,0.7866844800712536
edf45,23,English,sentence_audio,active,4467.0,4249,4,6045.0,0.9511976718155362
edf45,24,English,sentence_audio,active,4068.0,4068,6,5921.0,1.0
edf45,25,English,sentence_audio,passive,4396.0,3644,3,6136.0,0.8289353958143767
edf45,26,English,sentence_audio,passive,4255.0,3708,4,5532.0,0.8714453584018801
edf45,27,English,sentence_audio,passive,4685.0,4685,4,6061.0,1.0
edf45,28,English,sentence_audio,passive_dropped_agent,4331.0,3965,7,5730.0,0.9154929577464789
edf45,29,English,sentence_audio,passive_dropped_agent,4371.0,3763,6,5791.0,0.8609013955616563
edf45,3,,free_viewing,,4556.0,4556,4,827.0,1.0
edf45,30,English,sentence_audio,passive_dropped_agent,4373.0,4180,4,5422.0,0.9558655385319003
edf45,31,Punjabi,sentence_audio,active,4687.0,3789,5,5318.0,0.8084062299978665
edf45,32,Punjabi,sentence_audio,active,4368.0,4180,6,5446.0,0.956959706959707
edf45,33,Punjabi,sentence_audio,active,4474.0,4276,7,5976.0,0.9557443004023245
edf45,34,Punjabi,sentence_audio,passive,4252.0,4200,4,6120.0,0.9877704609595485
edf45,35,Punjabi,sentence_audio,passive,4437.0,3850,6,5464.0,0.8677034032003607
edf45,36,Punjabi,sentence_audio,passive,4260.0,3912,9,5884.0,0.9183098591549296
edf45,4,,free_viewing,,4414.0,3588,5,1074.0,0.8128681468056185
edf45,5,,free_viewing,,4446.0,4118,3,762.0,0.926225820962663
edf45,6,,free_viewing,,4224.0,2984,5,928.0,0.7064393939393939
edf45,7,,free_viewing,,4424.0,3622,7,945.0,0.8187160940325497
edf45,8,,free_viewing,,4430.0,2144,3,1038.0,0.48397291196388265
edf45,9,,free_viewing,,4610.0,4264,5,922.0,0.924945770065076
edf46,1,,free_viewing,,3772.0,3558,7,1138.0,0.9432661717921527
edf46,10,,free_viewing,,4140.0,1958,6,1142.0,0.47294685990338164
edf46,11,,free_viewing,,4146.0,4146,5,1071.0,1.0
edf46,12,,free_viewing,,4436.0,4317,5,1206.0,0.9731740306582507
edf46,13,,free_viewing,,4264.0,3460,7,1176.0,0.8114446529080676
edf46,14,,free_viewing,,4338.0,4338,7,986.0,1.0
edf46,15,,free_viewing,,4261.0,3839,6,753.0,0.9009622154423844
edf46,16,,free_viewing,,4426.0,4426,4,921.0,1.0
edf46,17,,free_viewing,,4579.0,4579,2,841.0,1.0
edf46,18,,free_viewing,,4366.0,3852,7,964.0,0.8822721026110857
edf46,19,English,sentence_audio,active,3919.0,2750,8,5992.0,0.7017096198009697
edf46,2,,free_viewing,,4029.0,2138,7,1276.0,0.5306527674360884
edf46,20,English,sentence_audio,active,4360.0,3946,11,5982.0,0.905045871559633
edf46,21,English,sentence_audio,active,4146.0,4146,7,5630.0,1.0
edf46,22,English,sentence_audio,passive,4187.0,2827,6,6097.0,0.6751850967279676
edf46,23,English,sentence_audio,passive,4227.0,3857,3,5979.0,0.9124674710196357
edf46,24,English,sentence_audio,passive,3791.0,3791,8,5259.0,1.0
edf46,25,English,sentence_audio,passive_dropped_agent,4089.0,3681,9,5313.0,0.9002201027146002
edf46,26,English,sentence_audio,passive_dropped_agent,4224.0,3510,5,6288.0,0.8309659090909091
edf46,27,English,sentence_audio,passive_dropped_agent,4162.0,3394,7,6070.0,0.8154733301297453
edf46,28,Punjabi,sentence_audio,active,3888.0,3580,7,6428.0,0.9207818930041153
edf46,29,Punjabi,sentence_audio,active,4037.0,4037,9,5895.0,1.0
edf46,3,,free_viewing,,4222.0,2831,7,797.0,0.6705352913311227
edf46,30,Punjabi,sentence_audio,active,4298.0,4298,5,5942.0,1.0
edf46,31,Punjabi,sentence_audio,passive,4196.0,3164,8,5780.0,0.7540514775977121
edf46,32,Punjabi,sentence_audio,passive,4300.0,4260,7,5976.0,0.9906976744186047
edf46,33,Punjabi,sentence_audio,passive,4123.0,3257,7,6046.0,0.7899587678874606
edf46,34,Punjabi,sentence_audio,passive_dropped_agent,3951.0,3951,7,5525.0,1.0
edf46,35,Punjabi,sentence_audio,passive_dropped_agent,3962.0,3962,7,5410.0,1.0
edf46,36,Punjabi,sentence_audio,passive_dropped_agent,4176.0,4176,5,5946.0,1.0
edf46,4,,free_viewing,,4160.0,4160,10,792.0,1.0
edf46,5,,free_viewing,,3456.0,3195,10,1222.0,0.9244791666666666
edf46,6,,free_viewing,,3784.0,3784,13,898.0,1.0
edf46,7,,free_viewing,,4255.0,4083,10,1038.0,0.9595769682726204
edf46,8,,free_viewing,,4114.0,3502,5,964.0,0.8512396694214877
edf46,9,,free_viewing,,3983.0,3983,6,1244.0,1.0
edf47,1,,free_viewing,,4657.0,4445,5,1107.0,0.9544771312003436
edf47,10,,free_viewing,,4659.0,3364,4,1338.0,0.7220433569435502
edf47,11,,free_viewing,,4703.0,3987,3,1292.0,0.8477567510099936
edf47,12,,free_viewing,,4438.0,3982,5,1024.0,0.8972510139702569
edf47,13,,free_viewing,,4826.0,4826,4,757.0,1.0
edf47,14,,free_viewing,,4539.0,4539,7,758.0,1.0
edf47,15,,free_viewing,,4703.0,4703,4,1105.0,1.0
edf47,16,,free_viewing,,4794.0,3552,2,1462.0,0.7409261576971214
edf47,17,,free_viewing,,4684.0,4684,1,864.0,1.0
edf47,18,,free_viewing,,4562.0,4562,3,1030.0,1.0
edf47,19,English,sentence_audio,passive,4562.0,4262,6,5956.0,0.9342393686979396
edf47,2,,free_viewing,,4548.0,4275,9,1424.0,0.9399736147757256
edf47,20,English,sentence_audio,passive,4786.0,3326,2,5190.0,0.6949435854575846
edf47,21,English,sentence_audio,passive,4759.0,3486,5,5804.0,0.7325068291657911
edf47,22,English,sentence_audio,passive_dropped_agent,4689.0,3770,4,5962.0,0.8040093836638942
edf47,23,English,sentence_audio,passive_dropped_agent,4511.0,3885,3,5624.0,0.8612281090667258
edf47,24,English,sentence_audio,passive_dropped_agent,4563.0,3881,5,6046.0,0.8505369274600044
edf47,25,Punjabi,sentence_audio,active,4659.0,4659,3,5872.0,1.0
edf47,26,Punjabi,sentence_audio,active,4745.0,4745,1,5379.0,1.0
edf47,27,Punjabi,sentence_audio,active,4748.0,4748,3,5316.0,1.0
edf47,28,Punjabi,sentence_audio,passive,4654.0,4654,3,5857.0,1.0
edf47,29,Punjabi,sentence_audio,passive,4556.0,4556,5,5502.0,1.0
edf47,3,,free_viewing,,4524.0,4524,5,1123.0,1.0
edf47,30,Punjabi,sentence_audio,passive,4600.0,3618,7,5335.0,0.7865217391304348
edf47,31,Punjabi,sentence_audio,passive_dropped_agent,4568.0,3453,3,6034.0,0.7559106830122592
edf47,32,Punjabi,sentence_audio,passive_dropped_agent,4566.0,4566,5,5773.0,1.0
edf47,33,Punjabi,sentence_audio,passive_dropped_agent,4681.0,3154,1,5900.0,0.673787652211066
edf47,34,English,sentence_audio,active,4696.0,4449,4,5856.0,0.9474020442930153
edf47,35,English,sentence_audio,active,4836.0,4836,1,5926.0,1.0
edf47,36,English,sentence_audio,active,4560.0,4560,5,6139.0,1.0
edf47,4,,free_viewing,,4507.0,4507,3,726.0,1.0
edf47,5,,free_viewing,,4517.0,3449,7,823.0,0.7635598848793447
edf47,6,,free_viewing,,4620.0,3841,6,1398.0,0.8313852813852813
edf47,7,,free_viewing,,4525.0,4525,5,760.0,1.0
edf47,8,,free_viewing,,4592.0,4592,3,1058.0,1.0
edf47,9,,free_viewing,,4815.0,4815,5,1074.0,1.0
edf48,1,,free_viewing,,3968.0,3968,5,1420.0,1.0
edf48,10,,free_viewing,,3606.0,3240,5,1058.0,0.8985024958402662
edf48,11,,free_viewing,,3717.0,3104,6,1308.0,0.8350820554210385
edf48,12,,free_viewing,,3961.0,3652,4,1210.0,0.921989396617016
edf48,13,,free_viewing,,3747.0,2624,6,866.0,0.7002935681878837
edf48,14,,free_viewing,,3820.0,3198,3,1094.0,0.8371727748691099
edf48,15,,free_viewing,,4109.0,3715,5,1092.0,0.9041129228522755
edf48,16,,free_viewing,,4027.0,3654,6,1220.0,0.9073752172833375
edf48,17,,free_viewing,,3901.0,3577,3,1112.0,0.9169443732376313
edf48,18,,free_viewing,,3975.0,3395,3,1372.0,0.8540880503144654
edf48,19,English,sentence_audio,passive_dropped_agent,3702.0,3507,7,6344.0,0.9473257698541329
edf48,2,,free_viewing,,3892.0,3892,3,1186.0,1.0
edf48,20,English,sentence_audio,passive_dropped_agent,3606.0,3366,3,6400.0,0.9334442595673876
edf48,21,English,sentence_audio,passive_dropped_agent,3801.0,3801,5,5972.0,1.0
edf48,22,Punjabi,sentence_audio,active,3500.0,1286,4,6488.0,0.36742857142857144
edf48,23,Punjabi,sentence_audio,active,3574.0,2852,5,5620.0,0.7979854504756575
edf48,24,Punjabi,sentence_audio,active,3681.0,3018,6,5964.0,0.8198859005704972
edf48,25,Punjabi,sentence_audio,passive,3748.0,2790,3,6184.0,0.7443970117395945
edf48,26,Punjabi,sentence_audio,passive,3536.0,3450,5,5886.0,0.9756787330316742
edf48,27,Punjabi,sentence_audio,passive,3568.0,3568,4,6134.0,1.0
edf48,28,Punjabi,sentence_audio,passive_dropped_agent,3483.0,3483,3,5632.0,1.0
edf48,29,Punjabi,sentence_audio,passive_dropped_agent,3854.0,3598,3,5910.0,0.9335755059678257
edf48,3,,free_viewing,,3641.0,2997,5,1012.0,0.8231255149684152
edf48,30,Punjabi,sentence_audio,passive_dropped_agent,3570.0,3570,1,5540.0,1.0
edf48,31,English,sentence_audio,active,3594.0,2852,4,5520.0,0.7935447968836951
edf48,32,English,sentence_audio,active,3360.0,3116,1,6092.0,0.9273809523809524
edf48,33,English,sentence_audio,active,3740.0,3468,4,5791.0,0.9272727272727272
edf48,34,English,sentence_audio,passive,3428.0,3428,4,6344.0,1.0
edf48,35,English,sentence_audio,passive,3382.0,3264,5,5602.0,0.9651094027202839
edf48,36,English,sentence_audio,passive,3635.0,3383,3,6146.0,0.9306740027510316
edf48,4,,free_viewing,,4017.0,4017,5,726.0,1.0
edf48,5,,free_viewing,,3915.0,3012,6,1386.0,0.7693486590038314
edf48,6,,free_viewing,,3854.0,2107,6,1344.0,0.5467047223663726
edf48,7,,free_viewing,,3969.0,3357,4,908.0,0.8458049886621315
edf48,8,,free_viewing,,3878.0,3762,4,1026.0,0.9700876740587931
edf48,9,,free_viewing,,3850.0,3850,3,1142.0,1.0
edf49,1,,free_viewing,,3762.0,3762,10,891.0,1.0
edf49,10,,free_viewing,,4553.0,4312,5,1174.0,0.9470678673402152
edf49,11,,free_viewing,,4504.0,4160,4,1114.0,0.9236234458259325
edf49,12,,free_viewing,,4550.0,4550,7,1132.0,1.0
edf49,13,,free_viewing,,4535.0,3859,6,972.0,0.8509371554575523
edf49,14,,free_viewing,,4236.0,2726,6,1000.0,0.6435316336166195
edf49,15,,free_viewing,,4455.0,3933,8,1402.0,0.8828282828282829
edf49,16,,free_viewing,,4309.0,3721,4,1356.0,0.8635414249245764
edf49,17,,free_viewing,,4199.0,4199,9,787.0,1.0
edf49,18,,free_viewing,,4104.0,3754,4,940.0,0.9147173489278753
edf49,19,Punjabi,sentence_audio,active,4464.0,4464,5,5623.0,1.0
edf49,2,,free_viewing,,4472.0,4228,11,976.0,0.945438282647585
edf49,20,Punjabi,sentence_audio,active,4289.0,3713,7,5933.0,0.8657029610631849
edf49,21,Punjabi,sentence_audio,active,4191.0,3453,10,5410.0,0.8239083750894775
edf49,22,Punjabi,sentence_audio,passive,3999.0,3727,8,5426.0,0.9319829957489373
edf49,23,Punjabi,sentence_audio,passive,4138.0,3996,10,5290.0,0.9656839052682455
edf49,24,Punjabi,sentence_audio,passive,3818.0,3818,8,6082.0,1.0
edf49,25,Punjabi,sentence_audio,passive_dropped_agent,4276.0,2740,6,6588.0,0.6407857811038353
edf49,26,Punjabi,sentence_audio,passive_dropped_agent,4324.0,3764,6,6092.0,0.8704902867715079
edf49,27,Punjabi,sentence_audio,passive_dropped_agent,4132.0,4132,6,6122.0,1.0
edf49,28,English,sentence_audio,active,4104.0,2292,7,5961.0,0.5584795321637427
edf49,29,English,sentence_audio,active,4280.0,3890,10,6052.0,0.9088785046728972
edf49,3,,free_viewing,,4350.0,4350,9,942.0,1.0
edf49,30,English,sentence_audio,active,4131.0,3036,6,5492.0,0.7349310094408134
edf49,31,English,sentence_audio,passive,4432.0,4174,8,6120.0,0.9417870036101083
edf49,32,English,sentence_audio,passive,4754.0,4502,5,6004.0,0.9469920067311738
edf49,33,English,sentence_audio,passive,4095.0,3591,7,5683.0,0.8769230769230769
edf49,34,English,sentence_audio,passive_dropped_agent,4325.0,2251,6,5930.0,0.5204624277456648
edf49,35,English,sentence_audio,passive_dropped_agent,4427.0,4275,4,5917.0,0.9656652360515021
edf49,36,English,sentence_audio,passive_dropped_agent,4459.0,4459,9,6005.0,1.0
edf49,4,,free_viewing,,4465.0,4197,11,1145.0,0.9399776035834266
edf49,5,,free_viewing,,4389.0,4047,6,943.0,0.922077922077922
edf49,6,,free_viewing,,4664.0,3392,4,1490.0,0.7272727272727273
edf49,7,,free_viewing,,4265.0,2660,7,1462.0,0.6236811254396248
edf49,8,,free_viewing,,4330.0,2956,8,1098.0,0.6826789838337183
edf49,9,,free_viewing,,4456.0,4456,6,895.0,1.0
edf50,1,,free_viewing,,4084.0,1360,4,910.0,0.3330068560235064
edf50,10,,free_viewing,,3946.0,3876,5,872.0,0.9822605169792195
edf50,11,,free_viewing,,4302.0,4302,3,944.0,1.0
edf50,12,,free_viewing,,4754.0,4409,1,1302.0,0.9274295330248212
edf50,13,,free_viewing,,3582.0,3582,6,1086.0,1.0
edf50,14,,free_viewing,,3875.0,2873,6,783.0,0.7414193548387097
edf50,15,,free_viewing,,3817.0,2422,3,2076.0,0.6345297353942887
edf50,16,,free_viewing,,4274.0,3240,3,882.0,0.7580720636406177
edf50,17,,free_viewing,,4294.0,3651,3,1394.0,0.8502561714019562
edf50,18,,free_viewing,,4038.0,3800,3,1030.0,0.9410599306587419
edf50,19,Punjabi,sentence_audio,passive,2932.0,2632,6,5410.0,0.897680763983629
edf50,2,,free_viewing,,3805.0,2537,7,1158.0,0.666754270696452
edf50,20,Punjabi,sentence_audio,passive,3794.0,3462,6,6116.0,0.9124934106483922
edf50,21,Punjabi,sentence_audio,passive,3513.0,3144,5,6610.0,0.8949615713065756
edf50,22,Punjabi,sentence_audio,passive_dropped_agent,4411.0,4411,4,6159.0,1.0
edf50,23,Punjabi,sentence_audio,passive_dropped_agent,3308.0,1760,6,6278.0,0.532043530834341
edf50,24,Punjabi,sentence_audio,passive_dropped_agent,3774.0,3774,2,6182.0,1.0
edf50,25,English,sentence_audio,active,3257.0,2013,7,5928.0,0.618053423395763
edf50,26,English,sentence_audio,active,3967.0,3499,2,5194.0,0.8820267204436602
edf50,27,English,sentence_audio,active,3358.0,3358,4,5734.0,1.0
edf50,28,English,sentence_audio,passive,3959.0,2873,4,5398.0,0.7256883051275574
edf50,29,English,sentence_audio,passive,2887.0,1502,6,5936.0,0.5202632490474541
edf50,3,,free_viewing,,4966.0,4966,1,703.0,1.0
edf50,30,English,sentence_audio,passive,4406.0,4026,4,5918.0,0.9137539718565593
edf50,31,English,sentence_audio,passive_dropped_agent,4063.0,3801,4,6132.0,0.9355156288456805
edf50,32,English,sentence_audio,passive_dropped_agent,3073.0,2591,4,5469.0,0.8431500162707452
edf50,33,English,sentence_audio,passive_dropped_agent,3772.0,3642,4,5852.0,0.9655355249204666
edf50,34,Punjabi,sentence_audio,active,3559.0,1362,4,5832.0,0.3826917673503793
edf50,35,Punjabi,sentence_audio,active,3671.0,2701,2,6534.0,0.7357668210296922
edf50,36,Punjabi,sentence_audio,active,3998.0,3998,3,6036.0,1.0
edf50,4,,free_viewing,,3546.0,3546,5,994.0,1.0
edf50,5,,free_viewing,,3915.0,3057,4,1048.0,0.7808429118773946
edf50,6,,free_viewing,,4072.0,3919,2,909.0,0.962426326129666
edf50,7,,free_viewing,,4089.0,1663,4,835.0,0.40670090486671556
edf50,8,,free_viewing,,4792.0,4792,1,1119.0,1.0
edf50,9,,free_viewing,,3286.0,2576,3,1384.0,0.7839318320146075
