participant_id,trial_id,language,session_type,sentence_type,ia_label,trial_length_ms,dwell_time,entry_count,time_to_first_fixation,mean_time_to_first_fixation,dwell_time_normalized_by_trial_length
edf01,1,,free_viewing,,o_lamp_girl_light_lamp,4582.0,2000,3,1366.0,1366.0,0.43649061545176776
edf01,1,,free_viewing,,s_girl_girl_lit_lamp,4582.0,2582,3,1030.0,1030.0,0.5635093845482322
edf01,10,,free_viewing,,o_shrub_man_cut_shrub,4575.0,1900,2,1412.0,1412.0,0.41530054644808745
edf01,10,,free_viewing,,s_man_man_cut_shrub,4575.0,2675,3,1132.0,1132.0,0.5846994535519126
edf01,11,,free_viewing,,o_tree_girl_plant_tree,4475.0,2750,2,1390.0,1390.0,0.6145251396648045
edf01,11,,free_viewing,,s_girl_girl_plant_tree,4475.0,1067,3,1102.0,1102.0,0.23843575418994414
edf01,12,,free_viewing,,o_hole_dog_dug_hole,4657.0,1448,2,1452.0,1452.0,0.31092978312218167
edf01,12,,free_viewing,,s_dog_dog_dug_hole,4657.0,1788,2,1052.0,1052.0,0.3839381576121967
edf01,13,,free_viewing,,o_dog_girl_fed_dog,4512.0,1580,2,820.0,820.0,0.350177304964539
edf01,13,,free_viewing,,s_girl_girl_fed_dog,4512.0,1142,2,4024.0,4024.0,0.25310283687943264
edf01,14,,free_viewing,,o_vase_boy_broke_vase,4665.0,3517,2,764.0,764.0,0.7539121114683816
edf01,14,,free_viewing,,s_boy_boy_broke_vase,4665.0,712,1,4118.0,4118.0,0.15262593783494105
edf01,15,,free_viewing,,o_veg_boy_cut_vegetables,4714.0,4446,1,1024.0,1024.0,0.9431480695799745
edf01,15,,free_viewing,,s_boy_boy_cut_vegetables,4714.0,268,1,718.0,718.0,0.056851930420025454
edf01,16,,free_viewing,,o_picture_artiste_drew_picture,4534.0,2750,2,1048.0,1048.0,0.6065284516982796
edf01,16,,free_viewing,,s_artiste_artiste_drew_picture,4534.0,1594,2,3010.0,3010.0,0.35156594618438464
edf01,17,,free_viewing,,o_box_man_pushed_box,4673.0,908,2,1428.0,1428.0,0.19430772523004494
edf01,17,,free_viewing,,s_man_man_pushed_box,4673.0,3765,3,1143.0,1143.0,0.8056922747699551
edf01,18,,free_viewing,,o_bucket_boy_filled_bucket,4559.0,2306,2,764.0,764.0,0.5058126782189076
edf01,18,,free_viewing,,s_boy_boy_filled_bucket,4559.0,2011,3,2804.0,2804.0,0.4411055055933319
edf01,19,Punjabi,sentence_audio,active,o_letter_woman_read_letter,4833.0,1180,1,8184.0,8184.0,0.2441547692944341
edf01,19,Punjabi,sentence_audio,active,s_woman_woman_read_letter,4833.0,3653,2,5530.0,5530.0,0.7558452307055659
edf01,2,,free_viewing,,o_door_boy_opened_door,4705.0,1634,2,840.0,840.0,0.3472901168969182
edf01,2,,free_viewing,,s_boy_boy_opened_door,4705.0,3071,2,1474.0,1474.0,0.6527098831030819
edf01,20,Punjabi,sentence_audio,active,o_bucket_boy_filled_bucket,4726.0,3734,3,6057.0,6057.0,0.7900973338975879
edf01,20,Punjabi,sentence_audio,active,s_boy_boy_filled_bucket,4726.0,992,2,7634.0,7634.0,0.20990266610241218
edf01,21,Punjabi,sentence_audio,active,o_clothes_woman_folded_clothes,4616.0,4438,1,6162.0,6162.0,0.9614384748700173
edf01,21,Punjabi,sentence_audio,active,s_woman_woman_folded_clothes,4616.0,0,0,,,0.0
edf01,22,Punjabi,sentence_audio,passive,o_door_boy_opened_door,4217.0,1955,3,5324.0,5324.0,0.4635997154375148
edf01,22,Punjabi,sentence_audio,passive,s_boy_boy_opened_door,4217.0,2262,2,6010.0,6010.0,0.5364002845624852
edf01,23,Punjabi,sentence_audio,passive,o_lamp_girl_light_lamp,4832.0,2296,2,5780.0,5780.0,0.47516556291390727
edf01,23,Punjabi,sentence_audio,passive,s_girl_girl_lit_lamp,4832.0,2536,1,7956.0,7956.0,0.5248344370860927
edf01,24,Punjabi,sentence_audio,passive,o_scooter_driver_wash_scooter,4452.0,3642,3,5562.0,5562.0,0.8180592991913747
edf01,24,Punjabi,sentence_audio,passive,s_driver_driver_wash_scooter,4452.0,810,2,6684.0,6684.0,0.18194070080862534
edf01,25,Punjabi,sentence_audio,passive_dropped_agent,o_box_man_pushed_box,4658.0,1986,3,6164.0,6164.0,0.42636324602833836
edf01,25,Punjabi,sentence_audio,passive_dropped_agent,s_man_man_pushed_box,4658.0,2672,3,5872.0,5872.0,0.5736367539716617
edf01,26,Punjabi,sentence_audio,passive_dropped_agent,o_tree_girl_plant_tree,4669.0,3248,2,5714.0,5714.0,0.6956521739130435
edf01,26,Punjabi,sentence_audio,passive_dropped_agent,s_girl_girl_plant_tree,4669.0,1057,3,5418.0,5418.0,0.22638680659670166
edf01,27,Punjabi,sentence_audio,passive_dropped_agent,o_shrub_man_cut_shrub,4425.0,2695,4,6364.0,6364.0,0.6090395480225989
edf01,27,Punjabi,sentence_audio,passive_dropped_agent,s_man_man_cut_shrub,4425.0,1066,2,6152.0,6152.0,0.2409039548022599
edf01,28,English,sentence_audio,active,o_hole_dog_dug_hole,4566.0,1270,1,7330.0,7330.0,0.2781427945685502
edf01,28,English,sentence_audio,active,s_dog_dog_dug_hole,4566.0,2728,2,6090.0,6090.0,0.5974594831362242
edf01,29,English,sentence_audio,active,o_frisbee_child_throw_frisbee,4691.0,3696,2,5762.0,5762.0,0.787891707525048
edf01,29,English,sentence_audio,active,s_child_child_throw_frisbee,4691.0,706,1,7088.0,7088.0,0.1505009592837348
edf01,3,,free_viewing,,o_letter_woman_read_letter,4675.0,3432,1,2382.0,2382.0,0.7341176470588235
edf01,3,,free_viewing,,s_woman_woman_read_letter,4675.0,1243,1,1039.0,1039.0,0.26588235294117646
edf01,30,English,sentence_audio,active,o_tabla_child_play_tabla,4578.0,2768,2,5514.0,5514.0,0.6046308431629532
edf01,30,English,sentence_audio,active,s_child_child_play_tabla,4578.0,1390,1,6616.0,6616.0,0.3036260375709917
edf01,31,English,sentence_audio,passive,o_picture_artiste_drew_picture,4711.0,4519,2,5203.0,5203.0,0.9592443218000425
edf01,31,English,sentence_audio,passive,s_artiste_artiste_drew_picture,4711.0,192,1,5734.0,5734.0,0.04075567819995755
edf01,32,English,sentence_audio,passive,o_cake_girl_baked_cake,4784.0,4692,1,5920.0,5920.0,0.9807692307692307
edf01,32,English,sentence_audio,passive,s_girl_girl_baked_cake,4784.0,0,0,,,0.0
edf01,33,English,sentence_audio,passive,o_window_girl_opened_window,4653.0,2808,3,5674.0,5674.0,0.6034816247582205
edf01,33,English,sentence_audio,passive,s_girl_girl_opened_window,4653.0,1614,2,6298.0,6298.0,0.3468729851708575
edf01,34,English,sentence_audio,passive_dropped_agent,o_dog_girl_fed_dog,4800.0,2306,2,5944.0,5944.0,0.48041666666666666
edf01,34,English,sentence_audio,passive_dropped_agent,s_girl_girl_fed_dog,4800.0,1194,1,9706.0,9706.0,0.24875
edf01,35,English,sentence_audio,passive_dropped_agent,o_veg_boy_cut_vegetables,4514.0,2470,2,6074.0,6074.0,0.5471865307930882
edf01,35,English,sentence_audio,passive_dropped_agent,s_boy_boy_cut_vegetables,4514.0,1210,2,6778.0,6778.0,0.2680549401860877
edf01,36,English,sentence_audio,passive_dropped_agent,o_vase_boy_broke_vase,3836.0,3836,1,5834.0,5834.0,1.0
edf01,36,English,sentence_audio,passive_dropped_agent,s_boy_boy_broke_vase,3836.0,0,0,,,0.0
edf01,4,,free_viewing,,o_frisbee_child_throw_frisbee,4585.0,1344,1,928.0,928.0,0.2931297709923664
edf01,4,,free_viewing,,s_child_child_throw_frisbee,4585.0,2540,2,2346.0,2346.0,0.5539803707742639
edf01,5,,free_viewing,,o_scooter_driver_wash_scooter,4540.0,3324,2,845.0,845.0,0.73215859030837
edf01,5,,free_viewing,,s_driver_driver_wash_scooter,4540.0,1216,1,1974.0,1974.0,0.26784140969162995
edf01,6,,free_viewing,,o_cake_girl_baked_cake,4725.0,1121,1,807.0,807.0,0.23724867724867724
edf01,6,,free_viewing,,s_girl_girl_baked_cake,4725.0,2532,1,3132.0,3132.0,0.5358730158730158
edf01,7,,free_viewing,,o_clothes_woman_folded_clothes,4495.0,2705,2,823.0,823.0,0.6017797552836485
edf01,7,,free_viewing,,s_woman_woman_folded_clothes,4495.0,1790,1,2512.0,2512.0,0.3982202447163515
edf01,8,,free_viewing,,o_window_girl_opened_window,4574.0,2314,2,1252.0,1252.0,0.5059029296020988
edf01,8,,free_viewing,,s_girl_girl_opened_window,4574.0,1990,2,2482.0,2482.0,0.43506777437691296
edf01,9,,free_viewing,,o_tabla_child_play_tabla,4698.0,3533,2,1176.0,1176.0,0.7520221370796083
edf01,9,,free_viewing,,s_child_child_play_tabla,4698.0,912,1,2684.0,2684.0,0.194125159642401
edf02,1,,free_viewing,,o_veg_boy_cut_vegetables,4511.0,2290,4,1028.0,1028.0,0.5076479716249168
edf02,1,,free_viewing,,s_boy_boy_cut_vegetables,4511.0,1307,2,699.0,699.0,0.2897362003990246
edf02,10,,free_viewing,,o_box_man_pushed_box,4492.0,1966,2,1940.0,1940.0,0.43766696349065004
edf02,10,,free_viewing,,s_man_man_pushed_box,4492.0,2526,2,970.0,970.0,0.56233303650935
edf02,11,,free_viewing,,o_letter_woman_read_letter,4198.0,992,1,2684.0,2684.0,0.23630300142925204
edf02,11,,free_viewing,,s_woman_woman_read_letter,4198.0,3058,2,1053.0,1053.0,0.7284421152929966
edf02,12,,free_viewing,,o_scooter_driver_wash_scooter,4204.0,2902,2,1248.0,1248.0,0.6902949571836346
edf02,12,,free_viewing,,s_driver_driver_wash_scooter,4204.0,840,3,1076.0,1076.0,0.19980970504281637
edf02,13,,free_viewing,,o_vase_boy_broke_vase,4565.0,3437,2,1099.0,1099.0,0.7529025191675794
edf02,13,,free_viewing,,s_boy_boy_broke_vase,4565.0,1128,1,2256.0,2256.0,0.24709748083242059
edf02,14,,free_viewing,,o_lamp_girl_light_lamp,4399.0,1566,1,1360.0,1360.0,0.3559899977267561
edf02,14,,free_viewing,,s_girl_girl_lit_lamp,4399.0,2833,2,1095.0,1095.0,0.6440100022732439
edf02,15,,free_viewing,,o_hole_dog_dug_hole,4204.0,1446,3,1218.0,1218.0,0.3439581351094196
edf02,15,,free_viewing,,s_dog_dog_dug_hole,4204.0,1098,3,812.0,812.0,0.26117982873453854
edf02,16,,free_viewing,,o_picture_artiste_drew_picture,4247.0,1891,4,1028.0,1028.0,0.44525547445255476
edf02,16,,free_viewing,,s_artiste_artiste_drew_picture,4247.0,2164,4,1212.0,1212.0,0.5095361431598776
edf02,17,,free_viewing,,o_tree_girl_plant_tree,4282.0,1516,1,1298.0,1298.0,0.3540401681457263
edf02,17,,free_viewing,,s_girl_girl_plant_tree,4282.0,1964,4,1050.0,1050.0,0.4586641756188697
edf02,18,,free_viewing,,o_dog_girl_fed_dog,4403.0,2543,2,1172.0,1172.0,0.5775607540313422
edf02,18,,free_viewing,,s_girl_girl_fed_dog,4403.0,1602,1,3434.0,3434.0,0.36384283443106974
edf02,19,Punjabi,sentence_audio,passive,o_letter_woman_read_letter,4406.0,588,1,6842.0,6842.0,0.13345438039037677
edf02,19,Punjabi,sentence_audio,passive,s_woman_woman_read_letter,4406.0,3818,2,6194.0,6194.0,0.8665456196096233
edf02,2,,free_viewing,,o_clothes_woman_folded_clothes,4405.0,2090,1,1332.0,1332.0,0.47446083995459704
edf02,2,,free_viewing,,s_woman_woman_folded_clothes,4405.0,2030,2,1110.0,1110.0,0.4608399545970488
edf02,20,Punjabi,sentence_audio,passive,o_bucket_boy_filled_bucket,4326.0,3360,3,5502.0,5502.0,0.7766990291262136
edf02,20,Punjabi,sentence_audio,passive,s_boy_boy_filled_bucket,4326.0,966,2,7068.0,7068.0,0.22330097087378642
edf02,21,Punjabi,sentence_audio,passive,o_clothes_woman_folded_clothes,4375.0,1867,2,5938.0,5938.0,0.42674285714285715
edf02,21,Punjabi,sentence_audio,passive,s_woman_woman_folded_clothes,4375.0,2174,2,5566.0,5566.0,0.4969142857142857
edf02,22,Punjabi,sentence_audio,passive_dropped_agent,o_door_boy_opened_door,4538.0,1047,2,5411.0,5411.0,0.23071837814014984
edf02,22,Punjabi,sentence_audio,passive_dropped_agent,s_boy_boy_opened_door,4538.0,3351,2,6012.0,6012.0,0.7384310268840899
edf02,23,Punjabi,sentence_audio,passive_dropped_agent,o_lamp_girl_light_lamp,4478.0,3270,2,5308.0,5308.0,0.7302367128182224
edf02,23,Punjabi,sentence_audio,passive_dropped_agent,s_girl_girl_lit_lamp,4478.0,1208,1,8410.0,8410.0,0.26976328718177756
edf02,24,Punjabi,sentence_audio,passive_dropped_agent,o_scooter_driver_wash_scooter,4510.0,2726,2,5341.0,5341.0,0.6044345898004435
edf02,24,Punjabi,sentence_audio,passive_dropped_agent,s_driver_driver_wash_scooter,4510.0,1536,1,7108.0,7108.0,0.34057649667405765
edf02,25,English,sentence_audio,active,o_box_man_pushed_box,4618.0,1972,1,7900.0,7900.0,0.4270246860112603
edf02,25,English,sentence_audio,active,s_man_man_pushed_box,4618.0,2323,2,5363.0,5363.0,0.5030316154179298
edf02,26,English,sentence_audio,active,o_tree_girl_plant_tree,4224.0,2607,4,5552.0,5552.0,0.6171875
edf02,26,English,sentence_audio,active,s_girl_girl_plant_tree,4224.0,813,3,5345.0,5345.0,0.1924715909090909
edf02,27,English,sentence_audio,active,o_shrub_man_cut_shrub,4838.0,1842,1,6288.0,6288.0,0.38073584125671767
edf02,27,English,sentence_audio,active,s_man_man_cut_shrub,4838.0,2996,2,6097.0,6097.0,0.6192641587432823
edf02,28,English,sentence_audio,passive,o_hole_dog_dug_hole,4326.0,1069,2,5678.0,5678.0,0.24711049468331023
edf02,28,English,sentence_audio,passive,s_dog_dog_dug_hole,4326.0,2297,3,5171.0,5171.0,0.5309754969949144
edf02,29,English,sentence_audio,passive,o_frisbee_child_throw_frisbee,4132.0,336,1,6216.0,6216.0,0.08131655372700872
edf02,29,English,sentence_audio,passive,s_child_child_throw_frisbee,4132.0,2808,2,6772.0,6772.0,0.6795740561471443
edf02,3,,free_viewing,,o_window_girl_opened_window,4266.0,1620,2,1346.0,1346.0,0.379746835443038
edf02,3,,free_viewing,,s_girl_girl_opened_window,4266.0,2158,3,981.0,981.0,0.5058602906704173
edf02,30,English,sentence_audio,passive,o_tabla_child_play_tabla,4452.0,1224,1,6100.0,6100.0,0.2749326145552561
edf02,30,English,sentence_audio,passive,s_child_child_play_tabla,4452.0,2322,1,7998.0,7998.0,0.5215633423180593
edf02,31,English,sentence_audio,passive_dropped_agent,o_picture_artiste_drew_picture,4425.0,3017,2,5685.0,5685.0,0.6818079096045198
edf02,31,English,sentence_audio,passive_dropped_agent,s_artiste_artiste_drew_picture,4425.0,1408,2,6622.0,6622.0,0.31819209039548024
edf02,32,English,sentence_audio,passive_dropped_agent,o_cake_girl_baked_cake,4604.0,2044,2,5900.0,5900.0,0.4439617723718506
edf02,32,English,sentence_audio,passive_dropped_agent,s_girl_girl_baked_cake,4604.0,666,1,6964.0,6964.0,0.14465682015638576
edf02,33,English,sentence_audio,passive_dropped_agent,o_window_girl_opened_window,4340.0,870,2,6254.0,6254.0,0.20046082949308755
edf02,33,English,sentence_audio,passive_dropped_agent,s_girl_girl_opened_window,4340.0,3270,3,6014.0,6014.0,0.7534562211981567
edf02,34,Punjabi,sentence_audio,active,o_dog_girl_fed_dog,4340.0,3464,2,6512.0,6512.0,0.7981566820276498
edf02,34,Punjabi,sentence_audio,active,s_girl_girl_fed_dog,4340.0,222,1,6252.0,6252.0,0.05115207373271889
edf02,35,Punjabi,sentence_audio,active,o_veg_boy_cut_vegetables,4673.0,1264,1,5650.0,5650.0,0.2704900492189172
edf02,35,Punjabi,sentence_audio,active,s_boy_boy_cut_vegetables,4673.0,3409,2,5404.0,5404.0,0.7295099507810828
edf02,36,Punjabi,sentence_audio,active,o_vase_boy_broke_vase,4657.0,4657,1,6099.0,6099.0,1.0
edf02,36,Punjabi,sentence_audio,active,s_boy_boy_broke_vase,4657.0,0,0,,,0.0
edf02,4,,free_viewing,,o_tabla_child_play_tabla,4464.0,792,1,1294.0,1294.0,0.1774193548387097
edf02,4,,free_viewing,,s_child_child_play_tabla,4464.0,1930,2,2180.0,2180.0,0.43234767025089604
edf02,5,,free_viewing,,o_door_boy_opened_door,4374.0,2058,3,1184.0,1184.0,0.47050754458161864
edf02,5,,free_viewing,,s_boy_boy_opened_door,4374.0,2316,2,1608.0,1608.0,0.5294924554183813
edf02,6,,free_viewing,,o_bucket_boy_filled_bucket,4440.0,1411,1,1135.0,1135.0,0.31779279279279277
edf02,6,,free_viewing,,s_boy_boy_filled_bucket,4440.0,2842,1,2694.0,2694.0,0.6400900900900901
edf02,7,,free_viewing,,o_frisbee_child_throw_frisbee,4224.0,854,2,962.0,962.0,0.2021780303030303
edf02,7,,free_viewing,,s_child_child_throw_frisbee,4224.0,1974,3,1414.0,1414.0,0.46732954545454547
edf02,8,,free_viewing,,o_cake_girl_baked_cake,4520.0,1672,2,1116.0,1116.0,0.36991150442477877
edf02,8,,free_viewing,,s_girl_girl_baked_cake,4520.0,2127,2,707.0,707.0,0.4705752212389381
edf02,9,,free_viewing,,o_shrub_man_cut_shrub,4253.0,2288,2,1104.0,1104.0,0.5379731953914884
edf02,9,,free_viewing,,s_man_man_cut_shrub,4253.0,1965,2,899.0,899.0,0.46202680460851164
edf03,1,,free_viewing,,o_window_girl_opened_window,4679.0,1746,1,3850.0,3850.0,0.3731566574054285
edf03,1,,free_viewing,,s_girl_girl_opened_window,4679.0,2933,2,1047.0,1047.0,0.6268433425945715
edf03,10,,free_viewing,,o_tree_girl_plant_tree,3914.0,1974,2,1120.0,1120.0,0.5043433827286663
edf03,10,,free_viewing,,s_girl_girl_plant_tree,3914.0,1430,3,840.0,840.0,0.3653551354113439
edf03,11,,free_viewing,,o_dog_girl_fed_dog,4337.0,937,3,3328.0,3328.0,0.2160479594189532
edf03,11,,free_viewing,,s_girl_girl_fed_dog,4337.0,1698,4,1198.0,1198.0,0.3915148720313581
edf03,12,,free_viewing,,o_box_man_pushed_box,4602.0,1598,1,2016.0,2016.0,0.34724033029117773
edf03,12,,free_viewing,,s_man_man_pushed_box,4602.0,3004,2,913.0,913.0,0.6527596697088223
edf03,13,,free_viewing,,o_hole_dog_dug_hole,4575.0,2345,3,1242.0,1242.0,0.512568306010929
edf03,13,,free_viewing,,s_dog_dog_dug_hole,4575.0,1310,3,716.0,716.0,0.2863387978142076
edf03,14,,free_viewing,,o_vase_boy_broke_vase,4216.0,2596,2,1024.0,1024.0,0.6157495256166983
edf03,14,,free_viewing,,s_boy_boy_broke_vase,4216.0,954,2,2736.0,2736.0,0.226280834914611
edf03,15,,free_viewing,,o_shrub_man_cut_shrub,4633.0,3957,3,1098.0,1098.0,0.8540902223181523
edf03,15,,free_viewing,,s_man_man_cut_shrub,4633.0,222,1,3604.0,3604.0,0.04791711633930498
edf03,16,,free_viewing,,o_cake_girl_baked_cake,4490.0,950,3,1314.0,1314.0,0.21158129175946547
edf03,16,,free_viewing,,s_girl_girl_baked_cake,4490.0,916,4,1748.0,1748.0,0.20400890868596883
edf03,17,,free_viewing,,o_letter_woman_read_letter,4434.0,884,3,2606.0,2606.0,0.19936851601262967
edf03,17,,free_viewing,,s_woman_woman_read_letter,4434.0,2962,5,1088.0,1088.0,0.6680198466396031
edf03,18,,free_viewing,,o_frisbee_child_throw_frisbee,4346.0,2338,5,1128.0,1128.0,0.5379659456971928
edf03,18,,free_viewing,,s_child_child_throw_frisbee,4346.0,1322,4,1484.0,1484.0,0.3041877588587207
edf03,19,Punjabi,sentence_audio,passive_dropped_agent,o_letter_woman_read_letter,4608.0,214,1,5914.0,5914.0,0.046440972222222224
edf03,19,Punjabi,sentence_audio,passive_dropped_agent,s_woman_woman_read_letter,4608.0,4394,2,5365.0,5365.0,0.9535590277777778
edf03,2,,free_viewing,,o_tabla_child_play_tabla,4588.0,2677,2,1348.0,1348.0,0.5834786399302528
edf03,2,,free_viewing,,s_child_child_play_tabla,4588.0,724,2,1144.0,1144.0,0.15780296425457715
edf03,20,Punjabi,sentence_audio,passive_dropped_agent,o_bucket_boy_filled_bucket,4323.0,2357,4,5689.0,5689.0,0.5452232246125376
edf03,20,Punjabi,sentence_audio,passive_dropped_agent,s_boy_boy_filled_bucket,4323.0,1508,3,6426.0,6426.0,0.34883182974786026
edf03,21,Punjabi,sentence_audio,passive_dropped_agent,o_clothes_woman_folded_clothes,4212.0,2388,5,5702.0,5702.0,0.5669515669515669
edf03,21,Punjabi,sentence_audio,passive_dropped_agent,s_woman_woman_folded_clothes,4212.0,1824,6,5464.0,5464.0,0.43304843304843305
edf03,22,English,sentence_audio,active,o_door_boy_opened_door,4258.0,502,1,8366.0,8366.0,0.11789572569281352
edf03,22,English,sentence_audio,active,s_boy_boy_opened_door,4258.0,3177,3,6224.0,6224.0,0.7461249412869893
edf03,23,English,sentence_audio,active,o_lamp_girl_light_lamp,4256.0,2616,4,5448.0,5448.0,0.6146616541353384
edf03,23,English,sentence_audio,active,s_girl_girl_lit_lamp,4256.0,1445,4,5191.0,5191.0,0.3395206766917293
edf03,24,English,sentence_audio,active,o_scooter_driver_wash_scooter,4482.0,0,0,,,0.0
edf03,24,English,sentence_audio,active,s_driver_driver_wash_scooter,4482.0,4482,1,5664.0,5664.0,1.0
edf03,25,English,sentence_audio,passive,o_box_man_pushed_box,4108.0,784,2,7656.0,7656.0,0.19084712755598832
edf03,25,English,sentence_audio,passive,s_man_man_pushed_box,4108.0,2674,5,5324.0,5324.0,0.6509250243427459
edf03,26,English,sentence_audio,passive,o_tree_girl_plant_tree,3855.0,2224,3,6806.0,6806.0,0.5769130998702983
edf03,26,English,sentence_audio,passive,s_girl_girl_plant_tree,3855.0,1405,3,5723.0,5723.0,0.364461738002594
edf03,27,English,sentence_audio,passive,o_shrub_man_cut_shrub,3848.0,3848,1,5372.0,5372.0,1.0
edf03,27,English,sentence_audio,passive,s_man_man_cut_shrub,3848.0,0,0,,,0.0
edf03,28,English,sentence_audio,passive_dropped_agent,o_hole_dog_dug_hole,4318.0,1335,3,6128.0,6128.0,0.309170912459472
edf03,28,English,sentence_audio,passive_dropped_agent,s_dog_dog_dug_hole,4318.0,2045,4,5635.0,5635.0,0.47359888837424735
edf03,29,English,sentence_audio,passive_dropped_agent,o_frisbee_child_throw_frisbee,3967.0,0,0,,,0.0
edf03,29,English,sentence_audio,passive_dropped_agent,s_child_child_throw_frisbee,3967.0,0,0,,,0.0
edf03,3,,free_viewing,,o_bucket_boy_filled_bucket,4554.0,3522,4,883.0,883.0,0.7733860342555995
edf03,3,,free_viewing,,s_boy_boy_filled_bucket,4554.0,884,2,1442.0,1442.0,0.19411506368028106
edf03,30,English,sentence_audio,passive_dropped_agent,o_tabla_child_play_tabla,4189.0,1550,3,6324.0,6324.0,0.370016710432084
edf03,30,English,sentence_audio,passive_dropped_agent,s_child_child_play_tabla,4189.0,1760,3,6742.0,6742.0,0.42014800668417285
edf03,31,Punjabi,sentence_audio,active,o_picture_artiste_drew_picture,4061.0,1769,4,6169.0,6169.0,0.4356069933513913
edf03,31,Punjabi,sentence_audio,active,s_artiste_artiste_drew_picture,4061.0,2164,4,6654.0,6654.0,0.5328736764343758
edf03,32,Punjabi,sentence_audio,active,o_cake_girl_baked_cake,4440.0,150,1,5936.0,5936.0,0.033783783783783786
edf03,32,Punjabi,sentence_audio,active,s_girl_girl_baked_cake,4440.0,764,1,6130.0,6130.0,0.17207207207207206
edf03,33,Punjabi,sentence_audio,active,o_window_girl_opened_window,4337.0,736,2,8312.0,8312.0,0.16970255937283837
edf03,33,Punjabi,sentence_audio,active,s_girl_girl_opened_window,4337.0,3155,3,5634.0,5634.0,0.7274613788332949
edf03,34,Punjabi,sentence_audio,passive,o_dog_girl_fed_dog,4331.0,1397,5,6028.0,6028.0,0.3225583006234126
edf03,34,Punjabi,sentence_audio,passive,s_girl_girl_fed_dog,4331.0,1712,2,6224.0,6224.0,0.3952897714153775
edf03,35,Punjabi,sentence_audio,passive,o_veg_boy_cut_vegetables,3591.0,2590,2,6052.0,6052.0,0.7212475633528265
edf03,35,Punjabi,sentence_audio,passive,s_boy_boy_cut_vegetables,3591.0,1001,3,5793.0,5793.0,0.2787524366471735
edf03,36,Punjabi,sentence_audio,passive,o_vase_boy_broke_vase,3903.0,497,2,5263.0,5263.0,0.12733794517038174
edf03,36,Punjabi,sentence_audio,passive,s_boy_boy_broke_vase,3903.0,3406,2,5730.0,5730.0,0.8726620548296182
edf03,4,,free_viewing,,o_picture_artiste_drew_picture,4405.0,1607,2,963.0,963.0,0.3648127128263337
edf03,4,,free_viewing,,s_artiste_artiste_drew_picture,4405.0,2798,2,1438.0,1438.0,0.6351872871736662
edf03,5,,free_viewing,,o_door_boy_opened_door,4530.0,556,2,1184.0,1184.0,0.12273730684326711
edf03,5,,free_viewing,,s_boy_boy_opened_door,4530.0,3438,2,1398.0,1398.0,0.7589403973509934
edf03,6,,free_viewing,,o_veg_boy_cut_vegetables,4522.0,2897,3,1424.0,1424.0,0.6406457319770014
edf03,6,,free_viewing,,s_boy_boy_cut_vegetables,4522.0,1625,3,1089.0,1089.0,0.3593542680229987
edf03,7,,free_viewing,,o_lamp_girl_light_lamp,4527.0,1480,2,1016.0,1016.0,0.32692732493925336
edf03,7,,free_viewing,,s_girl_girl_lit_lamp,4527.0,3047,3,720.0,720.0,0.6730726750607466
edf03,8,,free_viewing,,o_clothes_woman_folded_clothes,4702.0,1478,2,1428.0,1428.0,0.3143343258188005
edf03,8,,free_viewing,,s_woman_woman_folded_clothes,4702.0,3224,3,1130.0,1130.0,0.6856656741811995
edf03,9,,free_viewing,,o_scooter_driver_wash_scooter,4432.0,2792,2,1024.0,1024.0,0.6299638989169675
edf03,9,,free_viewing,,s_driver_driver_wash_scooter,4432.0,1270,1,1686.0,1686.0,0.28655234657039713
edf04,1,,free_viewing,,o_frisbee_child_throw_frisbee,4650.0,658,2,1458.0,1458.0,0.14150537634408603
edf04,1,,free_viewing,,s_child_child_throw_frisbee,4650.0,3539,4,1076.0,1076.0,0.7610752688172043
edf04,10,,free_viewing,,o_lamp_girl_light_lamp,4557.0,1288,2,2342.0,2342.0,0.282642089093702
edf04,10,,free_viewing,,s_girl_girl_lit_lamp,4557.0,2683,3,723.0,723.0,0.5887645380732939
edf04,11,,free_viewing,,o_box_man_pushed_box,4926.0,0,0,,,0.0
edf04,11,,free_viewing,,s_man_man_pushed_box,4926.0,4926,1,677.0,677.0,1.0
edf04,12,,free_viewing,,o_dog_girl_fed_dog,4523.0,2287,3,1073.0,1073.0,0.5056378509838603
edf04,12,,free_viewing,,s_girl_girl_fed_dog,4523.0,1130,3,1670.0,1670.0,0.24983418085341588
edf04,13,,free_viewing,,o_tabla_child_play_tabla,4574.0,1184,3,1036.0,1036.0,0.2588543944031482
edf04,13,,free_viewing,,s_child_child_play_tabla,4574.0,1480,3,1188.0,1188.0,0.3235679930039353
edf04,14,,free_viewing,,o_window_girl_opened_window,4806.0,1128,2,1312.0,1312.0,0.23470661672908863
edf04,14,,free_viewing,,s_girl_girl_opened_window,4806.0,3349,2,1662.0,1662.0,0.6968372867249272
edf04,15,,free_viewing,,o_clothes_woman_folded_clothes,4760.0,3721,3,853.0,853.0,0.7817226890756303
edf04,15,,free_viewing,,s_woman_woman_folded_clothes,4760.0,1039,3,1348.0,1348.0,0.21827731092436975
edf04,16,,free_viewing,,o_shrub_man_cut_shrub,4761.0,3834,2,1254.0,1254.0,0.8052930056710775
edf04,16,,free_viewing,,s_man_man_cut_shrub,4761.0,927,2,961.0,961.0,0.1947069943289225
edf04,17,,free_viewing,,o_letter_woman_read_letter,4446.0,180,1,5484.0,5484.0,0.04048582995951417
edf04,17,,free_viewing,,s_woman_woman_read_letter,4446.0,4266,2,1100.0,1100.0,0.9595141700404858
edf04,18,,free_viewing,,o_bucket_boy_filled_bucket,4633.0,3399,3,983.0,983.0,0.7336499028707101
edf04,18,,free_viewing,,s_boy_boy_filled_bucket,4633.0,1234,2,1858.0,1858.0,0.26635009712928986
edf04,19,English,sentence_audio,active,o_letter_woman_read_letter,4622.0,228,1,8756.0,8756.0,0.049329294677628734
edf04,19,English,sentence_audio,active,s_woman_woman_read_letter,4622.0,3970,2,5324.0,5324.0,0.8589355257464301
edf04,2,,free_viewing,,o_picture_artiste_drew_picture,4431.0,3259,5,895.0,895.0,0.7354998871586549
edf04,2,,free_viewing,,s_artiste_artiste_drew_picture,4431.0,872,3,1468.0,1468.0,0.19679530580004514
edf04,20,English,sentence_audio,active,o_bucket_boy_filled_bucket,4622.0,1658,4,5728.0,5728.0,0.35871916919082647
edf04,20,English,sentence_audio,active,s_boy_boy_filled_bucket,4622.0,2964,4,5992.0,5992.0,0.6412808308091735
edf04,21,English,sentence_audio,active,o_clothes_woman_folded_clothes,4595.0,1387,4,5981.0,5981.0,0.3018498367791077
edf04,21,English,sentence_audio,active,s_woman_woman_folded_clothes,4595.0,2810,3,6230.0,6230.0,0.6115342763873776
edf04,22,English,sentence_audio,passive,o_door_boy_opened_door,4670.0,824,2,5750.0,5750.0,0.17644539614561028
edf04,22,English,sentence_audio,passive,s_boy_boy_opened_door,4670.0,3846,2,6230.0,6230.0,0.8235546038543897
edf04,23,English,sentence_audio,passive,o_lamp_girl_light_lamp,4265.0,1229,3,5786.0,5786.0,0.28815943728018756
edf04,23,English,sentence_audio,passive,s_girl_girl_lit_lamp,4265.0,2580,3,5472.0,5472.0,0.6049237983587339
edf04,24,English,sentence_audio,passive,o_scooter_driver_wash_scooter,4576.0,3402,3,5950.0,5950.0,0.7434440559440559
edf04,24,English,sentence_audio,passive,s_driver_driver_wash_scooter,4576.0,1174,2,6746.0,6746.0,0.25655594405594406
edf04,25,English,sentence_audio,passive_dropped_agent,o_box_man_pushed_box,4648.0,2018,2,6920.0,6920.0,0.4341652323580034
edf04,25,English,sentence_audio,passive_dropped_agent,s_man_man_pushed_box,4648.0,2630,2,5276.0,5276.0,0.5658347676419966
edf04,26,English,sentence_audio,passive_dropped_agent,o_tree_girl_plant_tree,4624.0,2043,4,5980.0,5980.0,0.44182525951557095
edf04,26,English,sentence_audio,passive_dropped_agent,s_girl_girl_plant_tree,4624.0,2581,4,5597.0,5597.0,0.558174740484429
edf04,27,English,sentence_audio,passive_dropped_agent,o_shrub_man_cut_shrub,4196.0,2414,4,6074.0,6074.0,0.5753098188751191
edf04,27,English,sentence_audio,passive_dropped_agent,s_man_man_cut_shrub,4196.0,1782,5,5795.0,5795.0,0.42469018112488083
edf04,28,Punjabi,sentence_audio,active,o_hole_dog_dug_hole,4789.0,598,1,7446.0,7446.0,0.12486949258717896
edf04,28,Punjabi,sentence_audio,active,s_dog_dog_dug_hole,4789.0,3277,3,6148.0,6148.0,0.6842764669033201
edf04,29,Punjabi,sentence_audio,active,o_frisbee_child_throw_frisbee,4520.0,0,0,,,0.0
edf04,29,Punjabi,sentence_audio,active,s_child_child_throw_frisbee,4520.0,4172,2,5485.0,5485.0,0.9230088495575222
edf04,3,,free_viewing,,o_veg_boy_cut_vegetables,4573.0,1044,3,2484.0,2484.0,0.22829652307019463
edf04,3,,free_viewing,,s_boy_boy_cut_vegetables,4573.0,3529,3,997.0,997.0,0.7717034769298053
edf04,30,Punjabi,sentence_audio,active,o_tabla_child_play_tabla,4610.0,2416,4,5792.0,5792.0,0.5240780911062907
edf04,30,Punjabi,sentence_audio,active,s_child_child_play_tabla,4610.0,1896,3,5944.0,5944.0,0.41127982646420824
edf04,31,Punjabi,sentence_audio,passive,o_picture_artiste_drew_picture,4512.0,2836,3,5423.0,5423.0,0.6285460992907801
edf04,31,Punjabi,sentence_audio,passive,s_artiste_artiste_drew_picture,4512.0,1676,2,5994.0,5994.0,0.37145390070921985
edf04,32,Punjabi,sentence_audio,passive,o_cake_girl_baked_cake,4668.0,1283,2,6175.0,6175.0,0.27485004284490144
edf04,32,Punjabi,sentence_audio,passive,s_girl_girl_baked_cake,4668.0,2973,3,6456.0,6456.0,0.6368894601542416
edf04,33,Punjabi,sentence_audio,passive,o_window_girl_opened_window,4685.0,2952,3,6324.0,6324.0,0.6300960512273213
edf04,33,Punjabi,sentence_audio,passive,s_girl_girl_opened_window,4685.0,1391,3,6876.0,6876.0,0.2969050160085379
edf04,34,Punjabi,sentence_audio,passive_dropped_agent,o_dog_girl_fed_dog,4294.0,2700,3,5706.0,5706.0,0.6287843502561714
edf04,34,Punjabi,sentence_audio,passive_dropped_agent,s_girl_girl_fed_dog,4294.0,834,1,6304.0,6304.0,0.19422449930135072
edf04,35,Punjabi,sentence_audio,passive_dropped_agent,o_veg_boy_cut_vegetables,4649.0,3972,2,5500.0,5500.0,0.8543772854377285
edf04,35,Punjabi,sentence_audio,passive_dropped_agent,s_boy_boy_cut_vegetables,4649.0,677,2,5263.0,5263.0,0.14562271456227147
edf04,36,Punjabi,sentence_audio,passive_dropped_agent,o_vase_boy_broke_vase,4727.0,3559,2,5529.0,5529.0,0.7529088216627883
edf04,36,Punjabi,sentence_audio,passive_dropped_agent,s_boy_boy_broke_vase,4727.0,1168,2,6432.0,6432.0,0.24709117833721175
edf04,4,,free_viewing,,o_hole_dog_dug_hole,4605.0,1862,2,1252.0,1252.0,0.40434310532030404
edf04,4,,free_viewing,,s_dog_dog_dug_hole,4605.0,2743,3,692.0,692.0,0.595656894679696
edf04,5,,free_viewing,,o_vase_boy_broke_vase,4805.0,4411,2,881.0,881.0,0.9180020811654527
edf04,5,,free_viewing,,s_boy_boy_broke_vase,4805.0,394,1,2574.0,2574.0,0.08199791883454735
edf04,6,,free_viewing,,o_door_boy_opened_door,4941.0,4547,2,670.0,670.0,0.9202590568710788
edf04,6,,free_viewing,,s_boy_boy_opened_door,4941.0,0,0,,,0.0
edf04,7,,free_viewing,,o_tree_girl_plant_tree,4967.0,0,0,,,0.0
edf04,7,,free_viewing,,s_girl_girl_plant_tree,4967.0,4967,1,676.0,676.0,1.0
edf04,8,,free_viewing,,o_scooter_driver_wash_scooter,4641.0,4149,2,650.0,650.0,0.8939883645765999
edf04,8,,free_viewing,,s_driver_driver_wash_scooter,4641.0,492,1,3738.0,3738.0,0.10601163542340013
edf04,9,,free_viewing,,o_cake_girl_baked_cake,4720.0,3738,3,1017.0,1017.0,0.7919491525423729
edf04,9,,free_viewing,,s_girl_girl_baked_cake,4720.0,982,2,1654.0,1654.0,0.2080508474576271
edf05,1,,free_viewing,,o_frisbee_child_throw_frisbee,4652.0,0,0,,,0.0
edf05,1,,free_viewing,,s_child_child_throw_frisbee,4652.0,4318,1,1502.0,1502.0,0.9282029234737748
edf05,10,,free_viewing,,o_window_girl_opened_window,4352.0,3134,2,1512.0,1512.0,0.7201286764705882
edf05,10,,free_viewing,,s_girl_girl_opened_window,4352.0,923,3,1298.0,1298.0,0.21208639705882354
edf05,11,,free_viewing,,o_picture_artiste_drew_picture,4541.0,3929,2,976.0,976.0,0.8652279233648976
edf05,11,,free_viewing,,s_artiste_artiste_drew_picture,4541.0,612,1,4214.0,4214.0,0.1347720766351024
edf05,12,,free_viewing,,o_vase_boy_broke_vase,4349.0,3281,2,742.0,742.0,0.7544263048976776
edf05,12,,free_viewing,,s_boy_boy_broke_vase,4349.0,1068,1,2382.0,2382.0,0.24557369510232238
edf05,13,,free_viewing,,o_clothes_woman_folded_clothes,4451.0,3825,2,1336.0,1336.0,0.8593574477645473
edf05,13,,free_viewing,,s_woman_woman_folded_clothes,4451.0,366,1,2370.0,2370.0,0.08222871264884296
edf05,14,,free_viewing,,o_shrub_man_cut_shrub,4279.0,2910,2,1126.0,1126.0,0.6800654358494975
edf05,14,,free_viewing,,s_man_man_cut_shrub,4279.0,1369,2,845.0,845.0,0.3199345641505025
edf05,15,,free_viewing,,o_dog_girl_fed_dog,4343.0,2563,4,949.0,949.0,0.5901450610177297
edf05,15,,free_viewing,,s_girl_girl_fed_dog,4343.0,1312,2,1148.0,1148.0,0.30209532581165094
edf05,16,,free_viewing,,o_letter_woman_read_letter,4528.0,2010,2,2214.0,2214.0,0.44390459363957596
edf05,16,,free_viewing,,s_woman_woman_read_letter,4528.0,1898,3,987.0,987.0,0.4191696113074205
edf05,17,,free_viewing,,o_lamp_girl_light_lamp,4216.0,2844,2,1354.0,1354.0,0.674573055028463
edf05,17,,free_viewing,,s_girl_girl_lit_lamp,4216.0,1372,2,1050.0,1050.0,0.325426944971537
edf05,18,,free_viewing,,o_hole_dog_dug_hole,4371.0,2756,2,1252.0,1252.0,0.6305193319606497
edf05,18,,free_viewing,,s_dog_dog_dug_hole,4371.0,1615,2,815.0,815.0,0.36948066803935026
edf05,19,English,sentence_audio,passive,o_letter_woman_read_letter,4335.0,2786,2,6846.0,6846.0,0.6426758938869666
edf05,19,English,sentence_audio,passive,s_woman_woman_read_letter,4335.0,1549,2,6163.0,6163.0,0.35732410611303345
edf05,2,,free_viewing,,o_door_boy_opened_door,4633.0,2559,8,761.0,761.0,0.5523418951003669
edf05,2,,free_viewing,,s_boy_boy_opened_door,4633.0,2074,7,1114.0,1114.0,0.4476581048996331
edf05,20,English,sentence_audio,passive,o_bucket_boy_filled_bucket,4137.0,1123,3,5593.0,5593.0,0.2714527435339618
edf05,20,English,sentence_audio,passive,s_boy_boy_filled_bucket,4137.0,3014,3,6542.0,6542.0,0.7285472564660382
edf05,21,English,sentence_audio,passive,o_clothes_woman_folded_clothes,4102.0,1978,1,6062.0,6062.0,0.48220380302291566
edf05,21,English,sentence_audio,passive,s_woman_woman_folded_clothes,4102.0,1806,2,5654.0,5654.0,0.4402730375426621
edf05,22,English,sentence_audio,passive_dropped_agent,o_door_boy_opened_door,4383.0,1505,3,5825.0,5825.0,0.3433721195528177
edf05,22,English,sentence_audio,passive_dropped_agent,s_boy_boy_opened_door,4383.0,2574,2,6340.0,6340.0,0.5872689938398358
edf05,23,English,sentence_audio,passive_dropped_agent,o_lamp_girl_light_lamp,4509.0,1840,3,6044.0,6044.0,0.4080727434020847
edf05,23,English,sentence_audio,passive_dropped_agent,s_girl_girl_lit_lamp,4509.0,2136,4,5730.0,5730.0,0.4737192282102462
edf05,24,English,sentence_audio,passive_dropped_agent,o_scooter_driver_wash_scooter,4411.0,3545,3,5353.0,5353.0,0.8036726365903423
edf05,24,English,sentence_audio,passive_dropped_agent,s_driver_driver_wash_scooter,4411.0,866,2,5866.0,5866.0,0.19632736340965767
edf05,25,Punjabi,sentence_audio,active,o_box_man_pushed_box,4266.0,2912,2,6090.0,6090.0,0.6826066572902016
edf05,25,Punjabi,sentence_audio,active,s_man_man_pushed_box,4266.0,1324,3,5336.0,5336.0,0.3103609939052977
edf05,26,Punjabi,sentence_audio,active,o_tree_girl_plant_tree,4422.0,446,1,9964.0,9964.0,0.10085933966530981
edf05,26,Punjabi,sentence_audio,active,s_girl_girl_plant_tree,4422.0,1864,4,5479.0,5479.0,0.42152872003618275
edf05,27,Punjabi,sentence_audio,active,o_shrub_man_cut_shrub,4201.0,1220,5,5840.0,5840.0,0.2904070459414425
edf05,27,Punjabi,sentence_audio,active,s_man_man_cut_shrub,4201.0,2783,7,5586.0,5586.0,0.6624613187336349
edf05,28,Punjabi,sentence_audio,passive,o_hole_dog_dug_hole,4300.0,224,1,7374.0,7374.0,0.052093023255813956
edf05,28,Punjabi,sentence_audio,passive,s_dog_dog_dug_hole,4300.0,2472,5,6007.0,6007.0,0.5748837209302325
edf05,29,Punjabi,sentence_audio,passive,o_frisbee_child_throw_frisbee,4470.0,860,3,6388.0,6388.0,0.19239373601789708
edf05,29,Punjabi,sentence_audio,passive,s_child_child_throw_frisbee,4470.0,1362,3,6006.0,6006.0,0.3046979865771812
edf05,3,,free_viewing,,o_scooter_driver_wash_scooter,4547.0,2443,2,1073.0,1073.0,0.5372773257092589
edf05,3,,free_viewing,,s_driver_driver_wash_scooter,4547.0,1660,2,1648.0,1648.0,0.36507587420277104
edf05,30,Punjabi,sentence_audio,passive,o_tabla_child_play_tabla,4466.0,1738,2,6390.0,6390.0,0.3891625615763547
edf05,30,Punjabi,sentence_audio,passive,s_child_child_play_tabla,4466.0,1124,2,5716.0,5716.0,0.251679355127631
edf05,31,Punjabi,sentence_audio,passive_dropped_agent,o_picture_artiste_drew_picture,4356.0,2313,5,5683.0,5683.0,0.53099173553719
edf05,31,Punjabi,sentence_audio,passive_dropped_agent,s_artiste_artiste_drew_picture,4356.0,1848,4,6174.0,6174.0,0.42424242424242425
edf05,32,Punjabi,sentence_audio,passive_dropped_agent,o_cake_girl_baked_cake,4368.0,306,1,7868.0,7868.0,0.07005494505494506
edf05,32,Punjabi,sentence_audio,passive_dropped_agent,s_girl_girl_baked_cake,4368.0,3089,3,5970.0,5970.0,0.7071886446886447
edf05,33,Punjabi,sentence_audio,passive_dropped_agent,o_window_girl_opened_window,4536.0,1946,2,6176.0,6176.0,0.42901234567901236
edf05,33,Punjabi,sentence_audio,passive_dropped_agent,s_girl_girl_opened_window,4536.0,2426,3,5536.0,5536.0,0.5348324514991182
edf05,34,English,sentence_audio,active,o_dog_girl_fed_dog,4512.0,1926,3,5519.0,5519.0,0.42686170212765956
edf05,34,English,sentence_audio,active,s_girl_girl_fed_dog,4512.0,1190,2,6000.0,6000.0,0.2637411347517731
edf05,35,English,sentence_audio,active,o_veg_boy_cut_vegetables,4268.0,1755,2,6190.0,6190.0,0.4111996251171509
edf05,35,English,sentence_audio,active,s_boy_boy_cut_vegetables,4268.0,1728,2,7170.0,7170.0,0.40487347703842547
edf05,36,English,sentence_audio,active,o_vase_boy_broke_vase,4524.0,2978,4,6051.0,6051.0,0.6582670203359858
edf05,36,English,sentence_audio,active,s_boy_boy_broke_vase,4524.0,1546,3,7388.0,7388.0,0.34173297966401417
edf05,4,,free_viewing,,o_cake_girl_baked_cake,4795.0,944,2,1068.0,1068.0,0.19687174139728883
edf05,4,,free_viewing,,s_girl_girl_baked_cake,4795.0,3851,2,1362.0,1362.0,0.8031282586027112
edf05,5,,free_viewing,,o_tabla_child_play_tabla,4607.0,1748,2,1262.0,1262.0,0.37942261775558933
edf05,5,,free_viewing,,s_child_child_play_tabla,4607.0,1695,3,1090.0,1090.0,0.3679183850662036
edf05,6,,free_viewing,,o_bucket_boy_filled_bucket,4765.0,3977,3,1013.0,1013.0,0.8346274921301154
edf05,6,,free_viewing,,s_boy_boy_filled_bucket,4765.0,788,2,3740.0,3740.0,0.16537250786988458
edf05,7,,free_viewing,,o_tree_girl_plant_tree,4532.0,3462,3,1340.0,1340.0,0.763901147396293
edf05,7,,free_viewing,,s_girl_girl_plant_tree,4532.0,490,1,786.0,786.0,0.10812003530450133
edf05,8,,free_viewing,,o_box_man_pushed_box,4634.0,3332,3,1712.0,1712.0,0.7190332326283988
edf05,8,,free_viewing,,s_man_man_pushed_box,4634.0,1302,3,1116.0,1116.0,0.2809667673716012
edf05,9,,free_viewing,,o_veg_boy_cut_vegetables,4594.0,2712,1,2486.0,2486.0,0.5903352198519809
edf05,9,,free_viewing,,s_boy_boy_cut_vegetables,4594.0,1882,2,1090.0,1090.0,0.40966478014801916
edf06,1,,free_viewing,,o_window_girl_opened_window,4275.0,1813,4,1050.0,1050.0,0.42409356725146197
edf06,1,,free_viewing,,s_girl_girl_opened_window,4275.0,2180,3,1954.0,1954.0,0.5099415204678363
edf06,10,,free_viewing,,o_hole_dog_dug_hole,4443.0,1526,4,1388.0,1388.0,0.34346162502813415
edf06,10,,free_viewing,,s_dog_dog_dug_hole,4443.0,1751,3,973.0,973.0,0.3941030835021382
edf06,11,,free_viewing,,o_veg_boy_cut_vegetables,4500.0,3515,2,1286.0,1286.0,0.7811111111111111
edf06,11,,free_viewing,,s_boy_boy_cut_vegetables,4500.0,985,2,1021.0,1021.0,0.21888888888888888
edf06,12,,free_viewing,,o_dog_girl_fed_dog,4081.0,1485,5,1025.0,1025.0,0.3638814016172507
edf06,12,,free_viewing,,s_girl_girl_fed_dog,4081.0,1312,1,2634.0,2634.0,0.3214898309237932
edf06,13,,free_viewing,,o_letter_woman_read_letter,4557.0,1186,1,2190.0,2190.0,0.2602589422865921
edf06,13,,free_viewing,,s_woman_woman_read_letter,4557.0,3007,3,932.0,932.0,0.6598639455782312
edf06,14,,free_viewing,,o_picture_artiste_drew_picture,4301.0,2769,3,869.0,869.0,0.6438037665659149
edf06,14,,free_viewing,,s_artiste_artiste_drew_picture,4301.0,1532,2,1280.0,1280.0,0.3561962334340851
edf06,15,,free_viewing,,o_tabla_child_play_tabla,4440.0,1696,2,1358.0,1358.0,0.38198198198198197
edf06,15,,free_viewing,,s_child_child_play_tabla,4440.0,946,1,2990.0,2990.0,0.21306306306306305
edf06,16,,free_viewing,,o_shrub_man_cut_shrub,4307.0,2366,3,1234.0,1234.0,0.549338286510332
edf06,16,,free_viewing,,s_man_man_cut_shrub,4307.0,1941,4,1033.0,1033.0,0.450661713489668
edf06,17,,free_viewing,,o_bucket_boy_filled_bucket,4549.0,2621,5,1136.0,1136.0,0.5761705869421851
edf06,17,,free_viewing,,s_boy_boy_filled_bucket,4549.0,1928,4,1306.0,1306.0,0.4238294130578149
edf06,18,,free_viewing,,o_door_boy_opened_door,4600.0,1824,5,920.0,920.0,0.39652173913043476
edf06,18,,free_viewing,,s_boy_boy_opened_door,4600.0,2568,5,1096.0,1096.0,0.5582608695652174
edf06,19,English,sentence_audio,passive_dropped_agent,o_letter_woman_read_letter,4590.0,1454,3,6380.0,6380.0,0.3167755991285403
edf06,19,English,sentence_audio,passive_dropped_agent,s_woman_woman_read_letter,4590.0,2670,3,5996.0,5996.0,0.5816993464052288
edf06,2,,free_viewing,,o_frisbee_child_throw_frisbee,4399.0,770,2,2140.0,2140.0,0.17503978176858376
edf06,2,,free_viewing,,s_child_child_throw_frisbee,4399.0,2210,3,1030.0,1030.0,0.5023869061150261
edf06,20,English,sentence_audio,passive_dropped_agent,o_bucket_boy_filled_bucket,4630.0,2961,3,5899.0,5899.0,0.639524838012959
edf06,20,English,sentence_audio,passive_dropped_agent,s_boy_boy_filled_bucket,4630.0,1669,3,6974.0,6974.0,0.36047516198704105
edf06,21,English,sentence_audio,passive_dropped_agent,o_clothes_woman_folded_clothes,4269.0,2685,2,6138.0,6138.0,0.6289529163738581
edf06,21,English,sentence_audio,passive_dropped_agent,s_woman_woman_folded_clothes,4269.0,1584,1,6992.0,6992.0,0.37104708362614197
edf06,22,Punjabi,sentence_audio,active,o_door_boy_opened_door,4541.0,2533,5,5383.0,5383.0,0.5578066505175071
edf06,22,Punjabi,sentence_audio,active,s_boy_boy_opened_door,4541.0,1598,3,5746.0,5746.0,0.35190486676943405
edf06,23,Punjabi,sentence_audio,active,o_lamp_girl_light_lamp,4562.0,2811,2,6792.0,6792.0,0.6161771153003068
edf06,23,Punjabi,sentence_audio,active,s_girl_girl_lit_lamp,4562.0,1751,2,5659.0,5659.0,0.3838228846996931
edf06,24,Punjabi,sentence_audio,active,o_scooter_driver_wash_scooter,4191.0,2233,4,5530.0,5530.0,0.5328083989501312
edf06,24,Punjabi,sentence_audio,active,s_driver_driver_wash_scooter,4191.0,1360,4,5488.0,5488.0,0.3245048914340253
edf06,25,Punjabi,sentence_audio,passive,o_box_man_pushed_box,4345.0,1362,3,6876.0,6876.0,0.31346375143843497
edf06,25,Punjabi,sentence_audio,passive,s_man_man_pushed_box,4345.0,2766,4,5858.0,5858.0,0.6365937859608746
edf06,26,Punjabi,sentence_audio,passive,o_tree_girl_plant_tree,4122.0,930,2,6636.0,6636.0,0.22561863173216884
edf06,26,Punjabi,sentence_audio,passive,s_girl_girl_plant_tree,4122.0,2978,2,5642.0,5642.0,0.7224648229015042
edf06,27,Punjabi,sentence_audio,passive,o_shrub_man_cut_shrub,4603.0,2517,3,6088.0,6088.0,0.5468172930697371
edf06,27,Punjabi,sentence_audio,passive,s_man_man_cut_shrub,4603.0,2086,3,5808.0,5808.0,0.45318270693026286
edf06,28,Punjabi,sentence_audio,passive_dropped_agent,o_hole_dog_dug_hole,4546.0,2179,3,6742.0,6742.0,0.47932248130224375
edf06,28,Punjabi,sentence_audio,passive_dropped_agent,s_dog_dog_dug_hole,4546.0,2245,3,6089.0,6089.0,0.49384073911130666
edf06,29,Punjabi,sentence_audio,passive_dropped_agent,o_frisbee_child_throw_frisbee,4336.0,1352,2,6268.0,6268.0,0.3118081180811808
edf06,29,Punjabi,sentence_audio,passive_dropped_agent,s_child_child_throw_frisbee,4336.0,2108,4,5880.0,5880.0,0.48616236162361626
edf06,3,,free_viewing,,o_lamp_girl_light_lamp,4381.0,1522,2,1950.0,1950.0,0.3474092672905729
edf06,3,,free_viewing,,s_girl_girl_lit_lamp,4381.0,2859,3,663.0,663.0,0.652590732709427
edf06,30,Punjabi,sentence_audio,passive_dropped_agent,o_tabla_child_play_tabla,4414.0,1576,3,5928.0,5928.0,0.3570457634798369
edf06,30,Punjabi,sentence_audio,passive_dropped_agent,s_child_child_play_tabla,4414.0,2140,4,6676.0,6676.0,0.48482102401449934
edf06,31,English,sentence_audio,active,o_picture_artiste_drew_picture,4529.0,3427,4,5564.0,5564.0,0.7566791786266284
edf06,31,English,sentence_audio,active,s_artiste_artiste_drew_picture,4529.0,1102,3,5740.0,5740.0,0.2433208213733716
edf06,32,English,sentence_audio,active,o_cake_girl_baked_cake,4509.0,2755,3,5725.0,5725.0,0.6110002217786649
edf06,32,English,sentence_audio,active,s_girl_girl_baked_cake,4509.0,1754,3,6124.0,6124.0,0.38899977822133514
edf06,33,English,sentence_audio,active,o_window_girl_opened_window,4628.0,2516,2,6774.0,6774.0,0.543647363872083
edf06,33,English,sentence_audio,active,s_girl_girl_opened_window,4628.0,1385,3,6082.0,6082.0,0.29926534140017286
edf06,34,English,sentence_audio,passive,o_dog_girl_fed_dog,4557.0,2587,4,5859.0,5859.0,0.5676980469607198
edf06,34,English,sentence_audio,passive,s_girl_girl_fed_dog,4557.0,1420,2,6718.0,6718.0,0.31160851437349135
edf06,35,English,sentence_audio,passive,o_veg_boy_cut_vegetables,4506.0,3158,2,6286.0,6286.0,0.7008433200177541
edf06,35,English,sentence_audio,passive,s_boy_boy_cut_vegetables,4506.0,952,1,7024.0,7024.0,0.21127385707944962
edf06,36,English,sentence_audio,passive,o_vase_boy_broke_vase,4624.0,2324,4,6065.0,6065.0,0.5025951557093425
edf06,36,English,sentence_audio,passive,s_boy_boy_broke_vase,4624.0,1898,2,7114.0,7114.0,0.41046712802768165
edf06,4,,free_viewing,,o_tree_girl_plant_tree,4451.0,1312,1,1244.0,1244.0,0.29476522129858457
edf06,4,,free_viewing,,s_girl_girl_plant_tree,4451.0,1779,3,975.0,975.0,0.3996854639406875
edf06,5,,free_viewing,,o_cake_girl_baked_cake,4670.0,2612,3,848.0,848.0,0.5593147751605996
edf06,5,,free_viewing,,s_girl_girl_baked_cake,4670.0,2058,3,1048.0,1048.0,0.4406852248394004
edf06,6,,free_viewing,,o_clothes_woman_folded_clothes,4590.0,1992,2,730.0,730.0,0.4339869281045752
edf06,6,,free_viewing,,s_woman_woman_folded_clothes,4590.0,2598,2,972.0,972.0,0.5660130718954248
edf06,7,,free_viewing,,o_vase_boy_broke_vase,4503.0,2719,3,912.0,912.0,0.6038196757717077
edf06,7,,free_viewing,,s_boy_boy_broke_vase,4503.0,1210,2,1592.0,1592.0,0.2687097490561848
edf06,8,,free_viewing,,o_scooter_driver_wash_scooter,4377.0,2600,2,1128.0,1128.0,0.5940141649531643
edf06,8,,free_viewing,,s_driver_driver_wash_scooter,4377.0,1777,2,3660.0,3660.0,0.4059858350468357
edf06,9,,free_viewing,,o_box_man_pushed_box,4215.0,1752,3,1024.0,1024.0,0.41565836298932385
edf06,9,,free_viewing,,s_man_man_pushed_box,4215.0,1598,4,736.0,736.0,0.37912218268090153
edf07,1,,free_viewing,,o_dog_girl_fed_dog,4540.0,2302,3,703.0,703.0,0.5070484581497797
edf07,1,,free_viewing,,s_girl_girl_fed_dog,4540.0,1810,3,1772.0,1772.0,0.3986784140969163
edf07,10,,free_viewing,,o_hole_dog_dug_hole,4660.0,664,1,1898.0,1898.0,0.1424892703862661
edf07,10,,free_viewing,,s_dog_dog_dug_hole,4660.0,3996,2,826.0,826.0,0.8575107296137339
edf07,11,,free_viewing,,o_veg_boy_cut_vegetables,4604.0,860,1,3234.0,3234.0,0.18679409209383144
edf07,11,,free_viewing,,s_boy_boy_cut_vegetables,4604.0,3744,2,951.0,951.0,0.8132059079061685
edf07,12,,free_viewing,,o_frisbee_child_throw_frisbee,4614.0,0,0,,,0.0
edf07,12,,free_viewing,,s_child_child_throw_frisbee,4614.0,866,3,1322.0,1322.0,0.18768964022540097
edf07,13,,free_viewing,,o_box_man_pushed_box,4725.0,445,1,5508.0,5508.0,0.09417989417989418
edf07,13,,free_viewing,,s_man_man_pushed_box,4725.0,1646,2,960.0,960.0,0.34835978835978837
edf07,14,,free_viewing,,o_vase_boy_broke_vase,4195.0,2522,3,796.0,796.0,0.60119189511323
edf07,14,,free_viewing,,s_boy_boy_broke_vase,4195.0,107,1,5682.0,5682.0,0.025506555423122766
edf07,15,,free_viewing,,o_tabla_child_play_tabla,4632.0,234,1,4144.0,4144.0,0.050518134715025906
edf07,15,,free_viewing,,s_child_child_play_tabla,4632.0,1480,2,1872.0,1872.0,0.31951640759930916
edf07,16,,free_viewing,,o_letter_woman_read_letter,4703.0,0,0,,,0.0
edf07,16,,free_viewing,,s_woman_woman_read_letter,4703.0,4703,1,730.0,730.0,1.0
edf07,17,,free_viewing,,o_shrub_man_cut_shrub,4480.0,1174,2,677.0,677.0,0.26205357142857144
edf07,17,,free_viewing,,s_man_man_cut_shrub,4480.0,1036,2,3398.0,3398.0,0.23125
edf07,18,,free_viewing,,o_clothes_woman_folded_clothes,4506.0,146,1,1756.0,1756.0,0.032401242787394584
edf07,18,,free_viewing,,s_woman_woman_folded_clothes,4506.0,1786,3,1470.0,1470.0,0.39636040834442965
edf07,19,Punjabi,sentence_audio,active,o_letter_woman_read_letter,4732.0,0,0,,,0.0
edf07,19,Punjabi,sentence_audio,active,s_woman_woman_read_letter,4732.0,4732,1,5987.0,5987.0,1.0
edf07,2,,free_viewing,,o_window_girl_opened_window,4535.0,3825,2,1282.0,1282.0,0.8434399117971334
edf07,2,,free_viewing,,s_girl_girl_opened_window,4535.0,418,2,994.0,994.0,0.09217199558985667
edf07,20,Punjabi,sentence_audio,active,o_bucket_boy_filled_bucket,4686.0,0,0,,,0.0
edf07,20,Punjabi,sentence_audio,active,s_boy_boy_filled_bucket,4686.0,4520,2,5949.0,5949.0,0.9645753307725139
edf07,21,Punjabi,sentence_audio,active,o_clothes_woman_folded_clothes,4877.0,280,1,9434.0,9434.0,0.05741234365388558
edf07,21,Punjabi,sentence_audio,active,s_woman_woman_folded_clothes,4877.0,4597,2,5307.0,5307.0,0.9425876563461144
edf07,22,Punjabi,sentence_audio,passive,o_door_boy_opened_door,4769.0,517,1,5687.0,5687.0,0.10840847137764731
edf07,22,Punjabi,sentence_audio,passive,s_boy_boy_opened_door,4769.0,0,0,,,0.0
edf07,23,Punjabi,sentence_audio,passive,o_lamp_girl_light_lamp,4689.0,0,0,,,0.0
edf07,23,Punjabi,sentence_audio,passive,s_girl_girl_lit_lamp,4689.0,1635,2,5587.0,5587.0,0.3486884197056942
edf07,24,Punjabi,sentence_audio,passive,o_scooter_driver_wash_scooter,4314.0,908,1,7212.0,7212.0,0.21047751506722298
edf07,24,Punjabi,sentence_audio,passive,s_driver_driver_wash_scooter,4314.0,684,1,5290.0,5290.0,0.15855354659248957
edf07,25,Punjabi,sentence_audio,passive_dropped_agent,o_box_man_pushed_box,4730.0,0,0,,,0.0
edf07,25,Punjabi,sentence_audio,passive_dropped_agent,s_man_man_pushed_box,4730.0,0,0,,,0.0
edf07,26,Punjabi,sentence_audio,passive_dropped_agent,o_tree_girl_plant_tree,3691.0,492,2,7746.0,7746.0,0.1332972094283392
edf07,26,Punjabi,sentence_audio,passive_dropped_agent,s_girl_girl_plant_tree,3691.0,1310,1,8128.0,8128.0,0.3549173665673259
edf07,27,Punjabi,sentence_audio,passive_dropped_agent,o_shrub_man_cut_shrub,4598.0,3585,3,5768.0,5768.0,0.7796868203566768
edf07,27,Punjabi,sentence_audio,passive_dropped_agent,s_man_man_cut_shrub,4598.0,851,3,5325.0,5325.0,0.185080469769465
edf07,28,English,sentence_audio,active,o_hole_dog_dug_hole,4745.0,384,1,6940.0,6940.0,0.08092729188619599
edf07,28,English,sentence_audio,active,s_dog_dog_dug_hole,4745.0,4055,3,5208.0,5208.0,0.8545837723919916
edf07,29,English,sentence_audio,active,o_frisbee_child_throw_frisbee,4379.0,396,1,7762.0,7762.0,0.09043160538935831
edf07,29,English,sentence_audio,active,s_child_child_throw_frisbee,4379.0,2649,2,5899.0,5899.0,0.6049326330212377
edf07,3,,free_viewing,,o_picture_artiste_drew_picture,4607.0,3421,2,1053.0,1053.0,0.7425656609507272
edf07,3,,free_viewing,,s_artiste_artiste_drew_picture,4607.0,1186,1,1500.0,1500.0,0.2574343390492728
edf07,30,English,sentence_audio,active,o_tabla_child_play_tabla,4794.0,2170,2,5686.0,5686.0,0.4526491447642887
edf07,30,English,sentence_audio,active,s_child_child_play_tabla,4794.0,492,1,5884.0,5884.0,0.10262828535669587
edf07,31,English,sentence_audio,passive,o_picture_artiste_drew_picture,4682.0,4042,2,5955.0,5955.0,0.8633062793677916
edf07,31,English,sentence_audio,passive,s_artiste_artiste_drew_picture,4682.0,640,1,6990.0,6990.0,0.13669372063220847
edf07,32,English,sentence_audio,passive,o_cake_girl_baked_cake,4744.0,0,0,,,0.0
edf07,32,English,sentence_audio,passive,s_girl_girl_baked_cake,4744.0,4053,1,5585.0,5585.0,0.8543423271500843
edf07,33,English,sentence_audio,passive,o_window_girl_opened_window,4483.0,2212,2,7020.0,7020.0,0.49341958509926387
edf07,33,English,sentence_audio,passive,s_girl_girl_opened_window,4483.0,1416,3,5852.0,5852.0,0.31585991523533347
edf07,34,English,sentence_audio,passive_dropped_agent,o_dog_girl_fed_dog,4696.0,1230,2,6256.0,6256.0,0.26192504258943783
edf07,34,English,sentence_audio,passive_dropped_agent,s_girl_girl_fed_dog,4696.0,1438,1,7258.0,7258.0,0.3062180579216354
edf07,35,English,sentence_audio,passive_dropped_agent,o_veg_boy_cut_vegetables,4970.0,0,0,,,0.0
edf07,35,English,sentence_audio,passive_dropped_agent,s_boy_boy_cut_vegetables,4970.0,4970,1,5459.0,5459.0,1.0
edf07,36,English,sentence_audio,passive_dropped_agent,o_vase_boy_broke_vase,4460.0,383,1,6085.0,6085.0,0.0858744394618834
edf07,36,English,sentence_audio,passive_dropped_agent,s_boy_boy_broke_vase,4460.0,780,1,6922.0,6922.0,0.17488789237668162
edf07,4,,free_viewing,,o_bucket_boy_filled_bucket,4780.0,474,1,1410.0,1410.0,0.099163179916318
edf07,4,,free_viewing,,s_boy_boy_filled_bucket,4780.0,4122,2,1158.0,1158.0,0.8623430962343096
edf07,5,,free_viewing,,o_cake_girl_baked_cake,4708.0,0,0,,,0.0
edf07,5,,free_viewing,,s_girl_girl_baked_cake,4708.0,624,1,810.0,810.0,0.13254035683942225
edf07,6,,free_viewing,,o_door_boy_opened_door,4666.0,3736,3,866.0,866.0,0.8006858122588941
edf07,6,,free_viewing,,s_boy_boy_opened_door,4666.0,500,1,1258.0,1258.0,0.10715816545220745
edf07,7,,free_viewing,,o_lamp_girl_light_lamp,4820.0,1308,1,1070.0,1070.0,0.2713692946058091
edf07,7,,free_viewing,,s_girl_girl_lit_lamp,4820.0,3512,2,709.0,709.0,0.7286307053941908
edf07,8,,free_viewing,,o_tree_girl_plant_tree,4583.0,519,2,4654.0,4654.0,0.11324459960724416
edf07,8,,free_viewing,,s_girl_girl_plant_tree,4583.0,3248,3,1116.0,1116.0,0.7087060877154702
edf07,9,,free_viewing,,o_scooter_driver_wash_scooter,4922.0,383,1,939.0,939.0,0.0778138967899228
edf07,9,,free_viewing,,s_driver_driver_wash_scooter,4922.0,1710,1,1370.0,1370.0,0.3474197480698903
edf08,1,,free_viewing,,o_shrub_man_cut_shrub,4548.0,2272,2,1050.0,1050.0,0.4995602462620932
edf08,1,,free_viewing,,s_man_man_cut_shrub,4548.0,2276,2,780.0,780.0,0.5004397537379067
edf08,10,,free_viewing,,o_hole_dog_dug_hole,4482.0,922,2,1158.0,1158.0,0.20571173583221777
edf08,10,,free_viewing,,s_dog_dog_dug_hole,4482.0,2817,2,821.0,821.0,0.6285140562248996
edf08,11,,free_viewing,,o_tabla_child_play_tabla,4499.0,1944,2,1368.0,1368.0,0.4320960213380751
edf08,11,,free_viewing,,s_child_child_play_tabla,4499.0,1284,2,1542.0,1542.0,0.28539675483440763
edf08,12,,free_viewing,,o_bucket_boy_filled_bucket,4817.0,2789,3,811.0,811.0,0.5789910732821258
edf08,12,,free_viewing,,s_boy_boy_filled_bucket,4817.0,1920,2,1268.0,1268.0,0.39858833298733654
edf08,13,,free_viewing,,o_tree_girl_plant_tree,4421.0,2274,4,978.0,978.0,0.5143632662293599
edf08,13,,free_viewing,,s_girl_girl_plant_tree,4421.0,909,2,741.0,741.0,0.20560959059036418
edf08,14,,free_viewing,,o_cake_girl_baked_cake,4588.0,2136,2,1080.0,1080.0,0.46556233653007845
edf08,14,,free_viewing,,s_girl_girl_baked_cake,4588.0,2344,3,1798.0,1798.0,0.5108979947689625
edf08,15,,free_viewing,,o_scooter_driver_wash_scooter,4383.0,2687,2,853.0,853.0,0.6130504220853297
edf08,15,,free_viewing,,s_driver_driver_wash_scooter,4383.0,1196,1,3116.0,3116.0,0.2728724617841661
edf08,16,,free_viewing,,o_veg_boy_cut_vegetables,4668.0,2227,2,968.0,968.0,0.47707797772065125
edf08,16,,free_viewing,,s_boy_boy_cut_vegetables,4668.0,2441,2,705.0,705.0,0.5229220222793488
edf08,17,,free_viewing,,o_door_boy_opened_door,4790.0,4058,2,983.0,983.0,0.8471816283924843
edf08,17,,free_viewing,,s_boy_boy_opened_door,4790.0,732,1,1404.0,1404.0,0.15281837160751566
edf08,18,,free_viewing,,o_clothes_woman_folded_clothes,4818.0,3582,2,754.0,754.0,0.7434620174346201
edf08,18,,free_viewing,,s_woman_woman_folded_clothes,4818.0,1236,1,1828.0,1828.0,0.25653798256537985
edf08,19,Punjabi,sentence_audio,passive,o_letter_woman_read_letter,4622.0,64,1,10706.0,10706.0,0.013846819558632626
edf08,19,Punjabi,sentence_audio,passive,s_woman_woman_read_letter,4622.0,4558,1,5778.0,5778.0,0.9861531804413673
edf08,2,,free_viewing,,o_dog_girl_fed_dog,4687.0,2319,4,872.0,872.0,0.49477277576274803
edf08,2,,free_viewing,,s_girl_girl_fed_dog,4687.0,1634,2,1082.0,1082.0,0.3486238532110092
edf08,20,Punjabi,sentence_audio,passive,o_bucket_boy_filled_bucket,4554.0,2752,2,5417.0,5417.0,0.6043039086517348
edf08,20,Punjabi,sentence_audio,passive,s_boy_boy_filled_bucket,4554.0,1702,2,6536.0,6536.0,0.37373737373737376
edf08,21,Punjabi,sentence_audio,passive,o_clothes_woman_folded_clothes,4878.0,3871,1,6532.0,6532.0,0.7935629356293563
edf08,21,Punjabi,sentence_audio,passive,s_woman_woman_folded_clothes,4878.0,1007,1,5431.0,5431.0,0.2064370643706437
edf08,22,Punjabi,sentence_audio,passive_dropped_agent,o_door_boy_opened_door,4624.0,1910,3,6050.0,6050.0,0.4130622837370242
edf08,22,Punjabi,sentence_audio,passive_dropped_agent,s_boy_boy_opened_door,4624.0,2714,3,6734.0,6734.0,0.5869377162629758
edf08,23,Punjabi,sentence_audio,passive_dropped_agent,o_lamp_girl_light_lamp,4294.0,3129,2,6376.0,6376.0,0.7286911970190965
edf08,23,Punjabi,sentence_audio,passive_dropped_agent,s_girl_girl_lit_lamp,4294.0,1165,2,6135.0,6135.0,0.2713088029809036
edf08,24,Punjabi,sentence_audio,passive_dropped_agent,o_scooter_driver_wash_scooter,4510.0,3792,2,5888.0,5888.0,0.8407982261640798
edf08,24,Punjabi,sentence_audio,passive_dropped_agent,s_driver_driver_wash_scooter,4510.0,718,1,9692.0,9692.0,0.15920177383592019
edf08,25,English,sentence_audio,active,o_box_man_pushed_box,4631.0,1438,3,5626.0,5626.0,0.3105160872381775
edf08,25,English,sentence_audio,active,s_man_man_pushed_box,4631.0,2781,4,5392.0,5392.0,0.6005182465990067
edf08,26,English,sentence_audio,active,o_tree_girl_plant_tree,4785.0,1088,1,6920.0,6920.0,0.22737722048066875
edf08,26,English,sentence_audio,active,s_girl_girl_plant_tree,4785.0,3697,2,5247.0,5247.0,0.7726227795193312
edf08,27,English,sentence_audio,active,o_shrub_man_cut_shrub,4740.0,4536,1,5932.0,5932.0,0.9569620253164557
edf08,27,English,sentence_audio,active,s_man_man_cut_shrub,4740.0,204,1,5698.0,5698.0,0.043037974683544304
edf08,28,English,sentence_audio,passive,o_hole_dog_dug_hole,4398.0,716,1,8008.0,8008.0,0.1628012733060482
edf08,28,English,sentence_audio,passive,s_dog_dog_dug_hole,4398.0,3374,3,6117.0,6117.0,0.7671668940427467
edf08,29,English,sentence_audio,passive,o_frisbee_child_throw_frisbee,4809.0,3341,2,5960.0,5960.0,0.6947390309835725
edf08,29,English,sentence_audio,passive,s_child_child_throw_frisbee,4809.0,1056,2,5588.0,5588.0,0.2195882719900187
edf08,3,,free_viewing,,o_lamp_girl_light_lamp,4437.0,3525,2,1302.0,1302.0,0.7944557133198107
edf08,3,,free_viewing,,s_girl_girl_lit_lamp,4437.0,912,2,1060.0,1060.0,0.20554428668018931
edf08,30,English,sentence_audio,passive,o_tabla_child_play_tabla,4767.0,2954,2,6058.0,6058.0,0.6196769456681351
edf08,30,English,sentence_audio,passive,s_child_child_play_tabla,4767.0,1620,1,7652.0,7652.0,0.3398363750786658
edf08,31,English,sentence_audio,passive_dropped_agent,o_picture_artiste_drew_picture,4524.0,3830,2,5625.0,5625.0,0.8465959328028294
edf08,31,English,sentence_audio,passive_dropped_agent,s_artiste_artiste_drew_picture,4524.0,528,1,7712.0,7712.0,0.11671087533156499
edf08,32,English,sentence_audio,passive_dropped_agent,o_cake_girl_baked_cake,4619.0,1628,1,7692.0,7692.0,0.3524572418272353
edf08,32,English,sentence_audio,passive_dropped_agent,s_girl_girl_baked_cake,4619.0,2322,2,6236.0,6236.0,0.5027062134661182
edf08,33,English,sentence_audio,passive_dropped_agent,o_window_girl_opened_window,4724.0,3616,2,5890.0,5890.0,0.7654530059271804
edf08,33,English,sentence_audio,passive_dropped_agent,s_girl_girl_opened_window,4724.0,1108,1,7166.0,7166.0,0.23454699407281965
edf08,34,Punjabi,sentence_audio,active,o_dog_girl_fed_dog,4580.0,4108,2,6012.0,6012.0,0.896943231441048
edf08,34,Punjabi,sentence_audio,active,s_girl_girl_fed_dog,4580.0,278,1,6482.0,6482.0,0.060698689956331875
edf08,35,Punjabi,sentence_audio,active,o_veg_boy_cut_vegetables,4841.0,3048,2,5878.0,5878.0,0.6296219789299732
edf08,35,Punjabi,sentence_audio,active,s_boy_boy_cut_vegetables,4841.0,1793,2,5591.0,5591.0,0.3703780210700269
edf08,36,Punjabi,sentence_audio,active,o_vase_boy_broke_vase,4966.0,4966,1,5213.0,5213.0,1.0
edf08,36,Punjabi,sentence_audio,active,s_boy_boy_broke_vase,4966.0,0,0,,,0.0
edf08,4,,free_viewing,,o_window_girl_opened_window,4784.0,2680,1,1152.0,1152.0,0.560200668896321
edf08,4,,free_viewing,,s_girl_girl_opened_window,4784.0,2104,2,751.0,751.0,0.4397993311036789
edf08,5,,free_viewing,,o_picture_artiste_drew_picture,4488.0,2677,3,831.0,831.0,0.5964795008912656
edf08,5,,free_viewing,,s_artiste_artiste_drew_picture,4488.0,1534,2,1010.0,1010.0,0.34180035650623886
edf08,6,,free_viewing,,o_box_man_pushed_box,4505.0,2684,2,1016.0,1016.0,0.5957824639289678
edf08,6,,free_viewing,,s_man_man_pushed_box,4505.0,1821,2,643.0,643.0,0.40421753607103217
edf08,7,,free_viewing,,o_letter_woman_read_letter,4844.0,1534,1,2684.0,2684.0,0.3166804293971924
edf08,7,,free_viewing,,s_woman_woman_read_letter,4844.0,3310,2,685.0,685.0,0.6833195706028076
edf08,8,,free_viewing,,o_frisbee_child_throw_frisbee,4538.0,2628,3,1330.0,1330.0,0.5791097399735566
edf08,8,,free_viewing,,s_child_child_throw_frisbee,4538.0,1758,3,1234.0,1234.0,0.3873953283384751
edf08,9,,free_viewing,,o_vase_boy_broke_vase,4780.0,3744,3,929.0,929.0,0.7832635983263598
edf08,9,,free_viewing,,s_boy_boy_broke_vase,4780.0,1036,2,1132.0,1132.0,0.21673640167364017
edf09,1,,free_viewing,,o_tree_girl_plant_tree,4832.0,1616,1,4406.0,4406.0,0.3344370860927152
edf09,1,,free_viewing,,s_girl_girl_plant_tree,4832.0,2806,2,1076.0,1076.0,0.5807119205298014
edf09,10,,free_viewing,,o_frisbee_child_throw_frisbee,4619.0,1582,2,1460.0,1460.0,0.3424983762719203
edf09,10,,free_viewing,,s_child_child_throw_frisbee,4619.0,1414,1,3434.0,3434.0,0.3061268672872916
edf09,11,,free_viewing,,o_shrub_man_cut_shrub,4174.0,1504,1,1524.0,1524.0,0.3603258265452803
edf09,11,,free_viewing,,s_man_man_cut_shrub,4174.0,2670,2,983.0,983.0,0.6396741734547197
edf09,12,,free_viewing,,o_scooter_driver_wash_scooter,4450.0,1870,2,1032.0,1032.0,0.4202247191011236
edf09,12,,free_viewing,,s_driver_driver_wash_scooter,4450.0,2236,1,2902.0,2902.0,0.5024719101123596
edf09,13,,free_viewing,,o_vase_boy_broke_vase,4512.0,3740,2,908.0,908.0,0.8289007092198581
edf09,13,,free_viewing,,s_boy_boy_broke_vase,4512.0,772,1,1594.0,1594.0,0.17109929078014185
edf09,14,,free_viewing,,o_hole_dog_dug_hole,3985.0,2148,2,1376.0,1376.0,0.539021329987453
edf09,14,,free_viewing,,s_dog_dog_dug_hole,3985.0,1113,3,683.0,683.0,0.279297365119197
edf09,15,,free_viewing,,o_cake_girl_baked_cake,4512.0,2568,3,1142.0,1142.0,0.5691489361702128
edf09,15,,free_viewing,,s_girl_girl_baked_cake,4512.0,1562,3,1950.0,1950.0,0.34618794326241137
edf09,16,,free_viewing,,o_veg_boy_cut_vegetables,4562.0,3216,2,1338.0,1338.0,0.7049539675580886
edf09,16,,free_viewing,,s_boy_boy_cut_vegetables,4562.0,1146,1,4318.0,4318.0,0.2512056115738711
edf09,17,,free_viewing,,o_tabla_child_play_tabla,4250.0,1953,2,1076.0,1076.0,0.4595294117647059
edf09,17,,free_viewing,,s_child_child_play_tabla,4250.0,868,1,1520.0,1520.0,0.20423529411764707
edf09,18,,free_viewing,,o_picture_artiste_drew_picture,4488.0,2458,2,1041.0,1041.0,0.5476827094474154
edf09,18,,free_viewing,,s_artiste_artiste_drew_picture,4488.0,2030,1,1696.0,1696.0,0.4523172905525847
edf09,19,Punjabi,sentence_audio,passive_dropped_agent,o_letter_woman_read_letter,4324.0,1514,1,5832.0,5832.0,0.3501387604070305
edf09,19,Punjabi,sentence_audio,passive_dropped_agent,s_woman_woman_read_letter,4324.0,2810,2,5284.0,5284.0,0.6498612395929695
edf09,2,,free_viewing,,o_window_girl_opened_window,4505.0,2923,2,1282.0,1282.0,0.648834628190899
edf09,2,,free_viewing,,s_girl_girl_opened_window,4505.0,1346,1,2262.0,2262.0,0.2987791342952275
edf09,20,Punjabi,sentence_audio,passive_dropped_agent,o_bucket_boy_filled_bucket,4776.0,2752,2,5804.0,5804.0,0.576214405360134
edf09,20,Punjabi,sentence_audio,passive_dropped_agent,s_boy_boy_filled_bucket,4776.0,1336,1,6406.0,6406.0,0.2797319932998325
edf09,21,Punjabi,sentence_audio,passive_dropped_agent,o_clothes_woman_folded_clothes,4670.0,2828,2,5952.0,5952.0,0.6055674518201285
edf09,21,Punjabi,sentence_audio,passive_dropped_agent,s_woman_woman_folded_clothes,4670.0,1331,2,5667.0,5667.0,0.2850107066381156
edf09,22,English,sentence_audio,active,o_door_boy_opened_door,4274.0,2126,5,5802.0,5802.0,0.49742629854936826
edf09,22,English,sentence_audio,active,s_boy_boy_opened_door,4274.0,2148,4,6150.0,6150.0,0.5025737014506317
edf09,23,English,sentence_audio,active,o_lamp_girl_light_lamp,4488.0,2720,2,6318.0,6318.0,0.6060606060606061
edf09,23,English,sentence_audio,active,s_girl_girl_lit_lamp,4488.0,1768,3,6090.0,6090.0,0.3939393939393939
edf09,24,English,sentence_audio,active,o_scooter_driver_wash_scooter,4559.0,3372,1,5994.0,5994.0,0.7396358850625137
edf09,24,English,sentence_audio,active,s_driver_driver_wash_scooter,4559.0,1187,1,9706.0,9706.0,0.2603641149374863
edf09,25,English,sentence_audio,passive,o_box_man_pushed_box,4039.0,1880,3,5942.0,5942.0,0.4654617479574152
edf09,25,English,sentence_audio,passive,s_man_man_pushed_box,4039.0,2159,4,5686.0,5686.0,0.5345382520425848
edf09,26,English,sentence_audio,passive,o_tree_girl_plant_tree,4007.0,2022,2,6146.0,6146.0,0.5046169203893187
edf09,26,English,sentence_audio,passive,s_girl_girl_plant_tree,4007.0,1543,4,5889.0,5889.0,0.38507611679560766
edf09,27,English,sentence_audio,passive,o_shrub_man_cut_shrub,4648.0,3194,2,5954.0,5954.0,0.6871772805507745
edf09,27,English,sentence_audio,passive,s_man_man_cut_shrub,4648.0,1300,2,5694.0,5694.0,0.27969018932874357
edf09,28,English,sentence_audio,passive_dropped_agent,o_hole_dog_dug_hole,4377.0,2218,4,6542.0,6542.0,0.5067397761023532
edf09,28,English,sentence_audio,passive_dropped_agent,s_dog_dog_dug_hole,4377.0,1563,3,6081.0,6081.0,0.3570938999314599
edf09,29,English,sentence_audio,passive_dropped_agent,o_frisbee_child_throw_frisbee,4501.0,698,2,6290.0,6290.0,0.1550766496334148
edf09,29,English,sentence_audio,passive_dropped_agent,s_child_child_throw_frisbee,4501.0,1975,4,6586.0,6586.0,0.4387913796934015
edf09,3,,free_viewing,,o_box_man_pushed_box,4515.0,1532,2,1418.0,1418.0,0.33931339977851604
edf09,3,,free_viewing,,s_man_man_pushed_box,4515.0,2123,3,1083.0,1083.0,0.4702104097452935
edf09,30,English,sentence_audio,passive_dropped_agent,o_tabla_child_play_tabla,4668.0,2730,3,6232.0,6232.0,0.5848329048843187
edf09,30,English,sentence_audio,passive_dropped_agent,s_child_child_play_tabla,4668.0,898,3,7508.0,7508.0,0.19237360754070265
edf09,31,Punjabi,sentence_audio,active,o_picture_artiste_drew_picture,4282.0,2360,3,6266.0,6266.0,0.5511443250817375
edf09,31,Punjabi,sentence_audio,active,s_artiste_artiste_drew_picture,4282.0,1680,1,8894.0,8894.0,0.3923400280242877
edf09,32,Punjabi,sentence_audio,active,o_cake_girl_baked_cake,4205.0,2560,5,6286.0,6286.0,0.6087990487514863
edf09,32,Punjabi,sentence_audio,active,s_girl_girl_baked_cake,4205.0,486,2,6588.0,6588.0,0.11557669441141498
edf09,33,Punjabi,sentence_audio,active,o_window_girl_opened_window,4321.0,1792,1,8160.0,8160.0,0.41471881508909975
edf09,33,Punjabi,sentence_audio,active,s_girl_girl_opened_window,4321.0,1826,1,6046.0,6046.0,0.42258736403610275
edf09,34,Punjabi,sentence_audio,passive,o_dog_girl_fed_dog,4429.0,4397,2,5603.0,5603.0,0.9927748927523143
edf09,34,Punjabi,sentence_audio,passive,s_girl_girl_fed_dog,4429.0,0,0,,,0.0
edf09,35,Punjabi,sentence_audio,passive,o_veg_boy_cut_vegetables,4004.0,3269,2,6160.0,6160.0,0.8164335664335665
edf09,35,Punjabi,sentence_audio,passive,s_boy_boy_cut_vegetables,4004.0,735,2,5937.0,5937.0,0.18356643356643357
edf09,36,Punjabi,sentence_audio,passive,o_vase_boy_broke_vase,4438.0,2876,2,5526.0,5526.0,0.6480396575033799
edf09,36,Punjabi,sentence_audio,passive,s_boy_boy_broke_vase,4438.0,1562,1,6616.0,6616.0,0.3519603424966201
edf09,4,,free_viewing,,o_bucket_boy_filled_bucket,4481.0,2123,3,1049.0,1049.0,0.4737781745146173
edf09,4,,free_viewing,,s_boy_boy_filled_bucket,4481.0,2144,2,2180.0,2180.0,0.4784646284311538
edf09,5,,free_viewing,,o_letter_woman_read_letter,4448.0,738,1,2842.0,2842.0,0.16591726618705036
edf09,5,,free_viewing,,s_woman_woman_read_letter,4448.0,3063,2,1376.0,1376.0,0.6886241007194245
edf09,6,,free_viewing,,o_dog_girl_fed_dog,4462.0,1885,3,739.0,739.0,0.4224562976243837
edf09,6,,free_viewing,,s_girl_girl_fed_dog,4462.0,1355,2,3694.0,3694.0,0.3036754818467055
edf09,7,,free_viewing,,o_lamp_girl_light_lamp,4518.0,2902,1,1816.0,1816.0,0.6423196104471005
edf09,7,,free_viewing,,s_girl_girl_lit_lamp,4518.0,1616,2,654.0,654.0,0.3576803895528995
edf09,8,,free_viewing,,o_clothes_woman_folded_clothes,4444.0,3300,2,1006.0,1006.0,0.7425742574257426
edf09,8,,free_viewing,,s_woman_woman_folded_clothes,4444.0,1144,1,1294.0,1294.0,0.25742574257425743
edf09,9,,free_viewing,,o_door_boy_opened_door,4452.0,3672,3,865.0,865.0,0.8247978436657682
edf09,9,,free_viewing,,s_boy_boy_opened_door,4452.0,780,2,1124.0,1124.0,0.1752021563342318
edf10,1,,free_viewing,,o_clothes_woman_folded_clothes,4451.0,1321,4,1073.0,1073.0,0.29678723882273644
edf10,1,,free_viewing,,s_woman_woman_folded_clothes,4451.0,2968,5,1444.0,1444.0,0.6668164457425297
edf10,10,,free_viewing,,o_lamp_girl_light_lamp,4112.0,2130,3,930.0,930.0,0.5179961089494164
edf10,10,,free_viewing,,s_girl_girl_lit_lamp,4112.0,1982,3,680.0,680.0,0.48200389105058367
edf10,11,,free_viewing,,o_door_boy_opened_door,4260.0,1734,5,650.0,650.0,0.4070422535211268
edf10,11,,free_viewing,,s_boy_boy_opened_door,4260.0,2526,5,1128.0,1128.0,0.5929577464788732
edf10,12,,free_viewing,,o_letter_woman_read_letter,4315.0,1070,2,2656.0,2656.0,0.24797219003476245
edf10,12,,free_viewing,,s_woman_woman_read_letter,4315.0,2949,3,1012.0,1012.0,0.6834298957126304
edf10,13,,free_viewing,,o_veg_boy_cut_vegetables,4033.0,2123,5,1354.0,1354.0,0.5264071410860401
edf10,13,,free_viewing,,s_boy_boy_cut_vegetables,4033.0,1910,5,950.0,950.0,0.47359285891395986
edf10,14,,free_viewing,,o_hole_dog_dug_hole,4342.0,0,0,,,0.0
edf10,14,,free_viewing,,s_dog_dog_dug_hole,4342.0,4102,3,969.0,969.0,0.9447259327498848
edf10,15,,free_viewing,,o_vase_boy_broke_vase,4311.0,1913,4,1123.0,1123.0,0.4437485502203665
edf10,15,,free_viewing,,s_boy_boy_broke_vase,4311.0,1642,3,1622.0,1622.0,0.3808861053119926
edf10,16,,free_viewing,,o_picture_artiste_drew_picture,4301.0,3549,3,750.0,750.0,0.8251569402464544
edf10,16,,free_viewing,,s_artiste_artiste_drew_picture,4301.0,752,2,1300.0,1300.0,0.1748430597535457
edf10,17,,free_viewing,,o_shrub_man_cut_shrub,4128.0,3496,3,1216.0,1216.0,0.8468992248062015
edf10,17,,free_viewing,,s_man_man_cut_shrub,4128.0,632,3,892.0,892.0,0.15310077519379844
edf10,18,,free_viewing,,o_scooter_driver_wash_scooter,4724.0,4724,1,924.0,924.0,1.0
edf10,18,,free_viewing,,s_driver_driver_wash_scooter,4724.0,0,0,,,0.0
edf10,19,English,sentence_audio,active,o_letter_woman_read_letter,4212.0,307,2,8074.0,8074.0,0.07288698955365622
edf10,19,English,sentence_audio,active,s_woman_woman_read_letter,4212.0,3383,4,6147.0,6147.0,0.8031813865147198
edf10,2,,free_viewing,,o_box_man_pushed_box,5172.0,1144,3,1500.0,1500.0,0.2211910286156226
edf10,2,,free_viewing,,s_man_man_pushed_box,5172.0,4028,4,700.0,700.0,0.7788089713843774
edf10,20,English,sentence_audio,active,o_bucket_boy_filled_bucket,4419.0,2163,5,5382.0,5382.0,0.4894772572980312
edf10,20,English,sentence_audio,active,s_boy_boy_filled_bucket,4419.0,2256,4,5836.0,5836.0,0.5105227427019687
edf10,21,English,sentence_audio,active,o_clothes_woman_folded_clothes,4400.0,1684,6,6540.0,6540.0,0.38272727272727275
edf10,21,English,sentence_audio,active,s_woman_woman_folded_clothes,4400.0,2293,6,6756.0,6756.0,0.5211363636363636
edf10,22,English,sentence_audio,passive,o_door_boy_opened_door,4313.0,881,3,5347.0,5347.0,0.20426617203802458
edf10,22,English,sentence_audio,passive,s_boy_boy_opened_door,4313.0,3286,3,5868.0,5868.0,0.7618826802689543
edf10,23,English,sentence_audio,passive,o_lamp_girl_light_lamp,4408.0,2170,6,5806.0,5806.0,0.4922867513611615
edf10,23,English,sentence_audio,passive,s_girl_girl_lit_lamp,4408.0,1772,6,5236.0,5236.0,0.40199637023593465
edf10,24,English,sentence_audio,passive,o_scooter_driver_wash_scooter,3772.0,1311,3,6065.0,6065.0,0.3475609756097561
edf10,24,English,sentence_audio,passive,s_driver_driver_wash_scooter,3772.0,1775,4,6264.0,6264.0,0.47057264050901376
edf10,25,English,sentence_audio,passive_dropped_agent,o_box_man_pushed_box,4369.0,1564,4,6476.0,6476.0,0.35797665369649806
edf10,25,English,sentence_audio,passive_dropped_agent,s_man_man_pushed_box,4369.0,2805,5,5399.0,5399.0,0.642023346303502
edf10,26,English,sentence_audio,passive_dropped_agent,o_tree_girl_plant_tree,4250.0,2094,5,5932.0,5932.0,0.49270588235294116
edf10,26,English,sentence_audio,passive_dropped_agent,s_girl_girl_plant_tree,4250.0,2156,6,5678.0,5678.0,0.5072941176470588
edf10,27,English,sentence_audio,passive_dropped_agent,o_shrub_man_cut_shrub,4276.0,3460,2,6452.0,6452.0,0.8091674462114126
edf10,27,English,sentence_audio,passive_dropped_agent,s_man_man_cut_shrub,4276.0,816,3,6149.0,6149.0,0.19083255378858746
edf10,28,Punjabi,sentence_audio,active,o_hole_dog_dug_hole,4470.0,0,0,,,0.0
edf10,28,Punjabi,sentence_audio,active,s_dog_dog_dug_hole,4470.0,3896,2,5446.0,5446.0,0.8715883668903803
edf10,29,Punjabi,sentence_audio,active,o_frisbee_child_throw_frisbee,3591.0,400,2,6690.0,6690.0,0.1113895850737956
edf10,29,Punjabi,sentence_audio,active,s_child_child_throw_frisbee,3591.0,1853,5,6412.0,6412.0,0.5160122528543581
edf10,3,,free_viewing,,o_tree_girl_plant_tree,4165.0,1660,3,1376.0,1376.0,0.3985594237695078
edf10,3,,free_viewing,,s_girl_girl_plant_tree,4165.0,1647,3,1023.0,1023.0,0.39543817527010805
edf10,30,Punjabi,sentence_audio,active,o_tabla_child_play_tabla,4400.0,526,2,6542.0,6542.0,0.11954545454545455
edf10,30,Punjabi,sentence_audio,active,s_child_child_play_tabla,4400.0,2780,5,6085.0,6085.0,0.6318181818181818
edf10,31,Punjabi,sentence_audio,passive,o_picture_artiste_drew_picture,4274.0,2654,4,5762.0,5762.0,0.6209639681796911
edf10,31,Punjabi,sentence_audio,passive,s_artiste_artiste_drew_picture,4274.0,1318,2,6172.0,6172.0,0.30837622835751055
edf10,32,Punjabi,sentence_audio,passive,o_cake_girl_baked_cake,4421.0,709,3,6832.0,6832.0,0.16037095679710472
edf10,32,Punjabi,sentence_audio,passive,s_girl_girl_baked_cake,4421.0,3006,2,5740.0,5740.0,0.6799366659126894
edf10,33,Punjabi,sentence_audio,passive,o_window_girl_opened_window,4146.0,1334,4,6586.0,6586.0,0.3217559093101785
edf10,33,Punjabi,sentence_audio,passive,s_girl_girl_opened_window,4146.0,2233,4,5620.0,5620.0,0.5385914134105162
edf10,34,Punjabi,sentence_audio,passive_dropped_agent,o_dog_girl_fed_dog,4023.0,1583,5,5556.0,5556.0,0.39348744717872236
edf10,34,Punjabi,sentence_audio,passive_dropped_agent,s_girl_girl_fed_dog,4023.0,920,3,6176.0,6176.0,0.228685060899826
edf10,35,Punjabi,sentence_audio,passive_dropped_agent,o_veg_boy_cut_vegetables,3897.0,1512,4,6436.0,6436.0,0.38799076212471134
edf10,35,Punjabi,sentence_audio,passive_dropped_agent,s_boy_boy_cut_vegetables,3897.0,1484,6,6142.0,6142.0,0.38080574801129075
edf10,36,Punjabi,sentence_audio,passive_dropped_agent,o_vase_boy_broke_vase,4198.0,1956,4,5342.0,5342.0,0.4659361600762268
edf10,36,Punjabi,sentence_audio,passive_dropped_agent,s_boy_boy_broke_vase,4198.0,1858,4,5838.0,5838.0,0.44259171033825634
edf10,4,,free_viewing,,o_frisbee_child_throw_frisbee,4412.0,202,1,3060.0,3060.0,0.04578422484134179
edf10,4,,free_viewing,,s_child_child_throw_frisbee,4412.0,3468,4,1070.0,1070.0,0.786038077969175
edf10,5,,free_viewing,,o_cake_girl_baked_cake,4416.0,282,2,3090.0,3090.0,0.06385869565217392
edf10,5,,free_viewing,,s_girl_girl_baked_cake,4416.0,2895,3,1634.0,1634.0,0.6555706521739131
edf10,6,,free_viewing,,o_dog_girl_fed_dog,4045.0,1907,5,835.0,835.0,0.4714462299134734
edf10,6,,free_viewing,,s_girl_girl_fed_dog,4045.0,1154,4,1368.0,1368.0,0.2852904820766378
edf10,7,,free_viewing,,o_bucket_boy_filled_bucket,4354.0,3008,4,956.0,956.0,0.6908589802480478
edf10,7,,free_viewing,,s_boy_boy_filled_bucket,4354.0,1346,4,2022.0,2022.0,0.30914101975195224
edf10,8,,free_viewing,,o_tabla_child_play_tabla,4159.0,2210,7,1312.0,1312.0,0.5313777350324598
edf10,8,,free_viewing,,s_child_child_play_tabla,4159.0,986,4,1504.0,1504.0,0.23707622024525127
edf10,9,,free_viewing,,o_window_girl_opened_window,4040.0,1520,3,2306.0,2306.0,0.37623762376237624
edf10,9,,free_viewing,,s_girl_girl_opened_window,4040.0,2290,4,1400.0,1400.0,0.5668316831683168
edf11,1,,free_viewing,,o_veg_boy_cut_vegetables,4600.0,3102,2,1802.0,1802.0,0.6743478260869565
edf11,1,,free_viewing,,s_boy_boy_cut_vegetables,4600.0,1498,2,972.0,972.0,0.32565217391304346
edf11,10,,free_viewing,,o_dog_girl_fed_dog,4993.0,4993,1,1115.0,1115.0,1.0
edf11,10,,free_viewing,,s_girl_girl_fed_dog,4993.0,0,0,,,0.0
edf11,11,,free_viewing,,o_tabla_child_play_tabla,4506.0,2656,5,854.0,854.0,0.5894363071460276
edf11,11,,free_viewing,,s_child_child_play_tabla,4506.0,1658,3,1492.0,1492.0,0.367953839325344
edf11,12,,free_viewing,,o_lamp_girl_light_lamp,4629.0,1366,2,1416.0,1416.0,0.2950961330740981
edf11,12,,free_viewing,,s_girl_girl_lit_lamp,4629.0,3263,2,1123.0,1123.0,0.7049038669259019
edf11,13,,free_viewing,,o_door_boy_opened_door,4942.0,4922,1,888.0,888.0,0.9959530554431404
edf11,13,,free_viewing,,s_boy_boy_opened_door,4942.0,0,0,,,0.0
edf11,14,,free_viewing,,o_clothes_woman_folded_clothes,4097.0,2849,2,957.0,957.0,0.6953868684403222
edf11,14,,free_viewing,,s_woman_woman_folded_clothes,4097.0,1248,2,3580.0,3580.0,0.3046131315596778
edf11,15,,free_viewing,,o_box_man_pushed_box,4656.0,3526,2,1406.0,1406.0,0.7573024054982818
edf11,15,,free_viewing,,s_man_man_pushed_box,4656.0,1130,3,984.0,984.0,0.2426975945017182
edf11,16,,free_viewing,,o_bucket_boy_filled_bucket,4624.0,3229,4,685.0,685.0,0.6983131487889274
edf11,16,,free_viewing,,s_boy_boy_filled_bucket,4624.0,1395,4,1612.0,1612.0,0.30168685121107264
edf11,17,,free_viewing,,o_cake_girl_baked_cake,4353.0,2033,4,1055.0,1055.0,0.4670342292671721
edf11,17,,free_viewing,,s_girl_girl_baked_cake,4353.0,2320,4,1292.0,1292.0,0.5329657707328279
edf11,18,,free_viewing,,o_window_girl_opened_window,4955.0,4401,1,1246.0,1246.0,0.8881937436932391
edf11,18,,free_viewing,,s_girl_girl_opened_window,4955.0,554,1,654.0,654.0,0.11180625630676085
edf11,19,English,sentence_audio,passive,o_letter_woman_read_letter,4269.0,0,0,,,0.0
edf11,19,English,sentence_audio,passive,s_woman_woman_read_letter,4269.0,4269,1,5320.0,5320.0,1.0
edf11,2,,free_viewing,,o_scooter_driver_wash_scooter,4449.0,1447,4,798.0,798.0,0.3252416273319847
edf11,2,,free_viewing,,s_driver_driver_wash_scooter,4449.0,2416,3,1044.0,1044.0,0.5430433805349517
edf11,20,English,sentence_audio,passive,o_bucket_boy_filled_bucket,4724.0,1734,3,5860.0,5860.0,0.36706181202370874
edf11,20,English,sentence_audio,passive,s_boy_boy_filled_bucket,4724.0,2332,3,6470.0,6470.0,0.49364944961896695
edf11,21,English,sentence_audio,passive,o_clothes_woman_folded_clothes,4912.0,304,1,10734.0,10734.0,0.06188925081433225
edf11,21,English,sentence_audio,passive,s_woman_woman_folded_clothes,4912.0,1824,1,8866.0,8866.0,0.3713355048859935
edf11,22,English,sentence_audio,passive_dropped_agent,o_door_boy_opened_door,4397.0,715,2,5520.0,5520.0,0.16261087104844213
edf11,22,English,sentence_audio,passive_dropped_agent,s_boy_boy_opened_door,4397.0,3682,2,5216.0,5216.0,0.8373891289515579
edf11,23,English,sentence_audio,passive_dropped_agent,o_lamp_girl_light_lamp,4849.0,1560,2,5698.0,5698.0,0.32171581769436997
edf11,23,English,sentence_audio,passive_dropped_agent,s_girl_girl_lit_lamp,4849.0,3289,2,5415.0,5415.0,0.67828418230563
edf11,24,English,sentence_audio,passive_dropped_agent,o_scooter_driver_wash_scooter,4656.0,2351,3,5823.0,5823.0,0.5049398625429553
edf11,24,English,sentence_audio,passive_dropped_agent,s_driver_driver_wash_scooter,4656.0,2305,3,6236.0,6236.0,0.4950601374570447
edf11,25,Punjabi,sentence_audio,active,o_box_man_pushed_box,4173.0,1784,2,6470.0,6470.0,0.4275101845195303
edf11,25,Punjabi,sentence_audio,active,s_man_man_pushed_box,4173.0,2389,3,5523.0,5523.0,0.5724898154804697
edf11,26,Punjabi,sentence_audio,active,o_tree_girl_plant_tree,4209.0,1266,3,5888.0,5888.0,0.300784034212402
edf11,26,Punjabi,sentence_audio,active,s_girl_girl_plant_tree,4209.0,2781,4,5533.0,5533.0,0.6607270135424091
edf11,27,Punjabi,sentence_audio,active,o_shrub_man_cut_shrub,4292.0,2506,3,5530.0,5530.0,0.5838769804287046
edf11,27,Punjabi,sentence_audio,active,s_man_man_cut_shrub,4292.0,1646,2,5792.0,5792.0,0.38350419384902146
edf11,28,Punjabi,sentence_audio,passive,o_hole_dog_dug_hole,3802.0,832,2,6106.0,6106.0,0.21883219358232509
edf11,28,Punjabi,sentence_audio,passive,s_dog_dog_dug_hole,3802.0,1422,3,5610.0,5610.0,0.3740136770120989
edf11,29,Punjabi,sentence_audio,passive,o_frisbee_child_throw_frisbee,3860.0,408,2,6688.0,6688.0,0.10569948186528498
edf11,29,Punjabi,sentence_audio,passive,s_child_child_throw_frisbee,3860.0,2094,2,5522.0,5522.0,0.5424870466321243
edf11,3,,free_viewing,,o_vase_boy_broke_vase,4600.0,2736,4,1031.0,1031.0,0.5947826086956521
edf11,3,,free_viewing,,s_boy_boy_broke_vase,4600.0,1480,3,1336.0,1336.0,0.3217391304347826
edf11,30,Punjabi,sentence_audio,passive,o_tabla_child_play_tabla,4196.0,204,1,6272.0,6272.0,0.04861773117254528
edf11,30,Punjabi,sentence_audio,passive,s_child_child_play_tabla,4196.0,3691,3,5988.0,5988.0,0.8796472831267874
edf11,31,Punjabi,sentence_audio,passive_dropped_agent,o_picture_artiste_drew_picture,4321.0,2893,4,5405.0,5405.0,0.6695209442258736
edf11,31,Punjabi,sentence_audio,passive_dropped_agent,s_artiste_artiste_drew_picture,4321.0,1428,4,5474.0,5474.0,0.33047905577412634
edf11,32,Punjabi,sentence_audio,passive_dropped_agent,o_cake_girl_baked_cake,4451.0,832,3,6782.0,6782.0,0.1869242866771512
edf11,32,Punjabi,sentence_audio,passive_dropped_agent,s_girl_girl_baked_cake,4451.0,2854,4,6456.0,6456.0,0.6412042237699394
edf11,33,Punjabi,sentence_audio,passive_dropped_agent,o_window_girl_opened_window,4992.0,4992,1,5978.0,5978.0,1.0
edf11,33,Punjabi,sentence_audio,passive_dropped_agent,s_girl_girl_opened_window,4992.0,0,0,,,0.0
edf11,34,English,sentence_audio,active,o_dog_girl_fed_dog,4236.0,1744,3,5602.0,5602.0,0.4117091595845137
edf11,34,English,sentence_audio,active,s_girl_girl_fed_dog,4236.0,1898,3,6526.0,6526.0,0.4480642115203022
edf11,35,English,sentence_audio,active,o_veg_boy_cut_vegetables,4469.0,3869,2,6250.0,6250.0,0.8657417766838219
edf11,35,English,sentence_audio,active,s_boy_boy_cut_vegetables,4469.0,600,2,5940.0,5940.0,0.13425822331617812
edf11,36,English,sentence_audio,active,o_vase_boy_broke_vase,4302.0,765,3,6002.0,6002.0,0.17782426778242677
edf11,36,English,sentence_audio,active,s_boy_boy_broke_vase,4302.0,3370,3,5716.0,5716.0,0.7833565783356579
edf11,4,,free_viewing,,o_tree_girl_plant_tree,4621.0,2134,2,1388.0,1388.0,0.4618048041549448
edf11,4,,free_viewing,,s_girl_girl_plant_tree,4621.0,2487,3,968.0,968.0,0.5381951958450552
edf11,5,,free_viewing,,o_hole_dog_dug_hole,4359.0,2222,1,1332.0,1332.0,0.5097499426473961
edf11,5,,free_viewing,,s_dog_dog_dug_hole,4359.0,2137,2,696.0,696.0,0.4902500573526038
edf11,6,,free_viewing,,o_frisbee_child_throw_frisbee,4870.0,1354,1,1252.0,1252.0,0.2780287474332649
edf11,6,,free_viewing,,s_child_child_throw_frisbee,4870.0,3319,2,972.0,972.0,0.6815195071868583
edf11,7,,free_viewing,,o_picture_artiste_drew_picture,4420.0,3234,3,970.0,970.0,0.7316742081447963
edf11,7,,free_viewing,,s_artiste_artiste_drew_picture,4420.0,968,2,1616.0,1616.0,0.21900452488687783
edf11,8,,free_viewing,,o_letter_woman_read_letter,4405.0,796,2,1554.0,1554.0,0.18070374574347334
edf11,8,,free_viewing,,s_woman_woman_read_letter,4405.0,3609,3,856.0,856.0,0.8192962542565266
edf11,9,,free_viewing,,o_shrub_man_cut_shrub,4525.0,3871,2,1122.0,1122.0,0.8554696132596685
edf11,9,,free_viewing,,s_man_man_cut_shrub,4525.0,654,2,838.0,838.0,0.1445303867403315
edf12,1,,free_viewing,,o_cake_girl_baked_cake,4791.0,1651,3,973.0,973.0,0.3446044667084116
edf12,1,,free_viewing,,s_girl_girl_baked_cake,4791.0,2940,2,1386.0,1386.0,0.6136505948653725
edf12,10,,free_viewing,,o_shrub_man_cut_shrub,4672.0,3182,2,968.0,968.0,0.6810787671232876
edf12,10,,free_viewing,,s_man_man_cut_shrub,4672.0,1196,3,692.0,692.0,0.2559931506849315
edf12,11,,free_viewing,,o_lamp_girl_light_lamp,4542.0,2653,3,992.0,992.0,0.5841039189784236
edf12,11,,free_viewing,,s_girl_girl_lit_lamp,4542.0,1889,3,749.0,749.0,0.4158960810215764
edf12,12,,free_viewing,,o_vase_boy_broke_vase,4568.0,4036,2,718.0,718.0,0.8835376532399299
edf12,12,,free_viewing,,s_boy_boy_broke_vase,4568.0,532,1,1246.0,1246.0,0.11646234676007006
edf12,13,,free_viewing,,o_scooter_driver_wash_scooter,4589.0,3439,3,822.0,822.0,0.7494007409021574
edf12,13,,free_viewing,,s_driver_driver_wash_scooter,4589.0,704,1,1584.0,1584.0,0.1534103290477228
edf12,14,,free_viewing,,o_tabla_child_play_tabla,4604.0,2780,2,2138.0,2138.0,0.6038227628149435
edf12,14,,free_viewing,,s_child_child_play_tabla,4604.0,540,1,1398.0,1398.0,0.11728931364031277
edf12,15,,free_viewing,,o_veg_boy_cut_vegetables,4414.0,3186,2,1494.0,1494.0,0.7217942908926144
edf12,15,,free_viewing,,s_boy_boy_cut_vegetables,4414.0,1228,2,972.0,972.0,0.27820570910738557
edf12,16,,free_viewing,,o_letter_woman_read_letter,4502.0,820,1,2248.0,2248.0,0.18214127054642382
edf12,16,,free_viewing,,s_woman_woman_read_letter,4502.0,2456,2,835.0,835.0,0.5455353176366059
edf12,17,,free_viewing,,o_clothes_woman_folded_clothes,4715.0,4131,2,1021.0,1021.0,0.8761399787910923
edf12,17,,free_viewing,,s_woman_woman_folded_clothes,4715.0,584,1,1180.0,1180.0,0.12386002120890774
edf12,18,,free_viewing,,o_tree_girl_plant_tree,4363.0,2374,2,2050.0,2050.0,0.544121017648407
edf12,18,,free_viewing,,s_girl_girl_plant_tree,4363.0,1677,3,850.0,850.0,0.3843685537474215
edf12,19,English,sentence_audio,passive_dropped_agent,o_letter_woman_read_letter,4872.0,0,0,,,0.0
edf12,19,English,sentence_audio,passive_dropped_agent,s_woman_woman_read_letter,4872.0,4872,1,5720.0,5720.0,1.0
edf12,2,,free_viewing,,o_bucket_boy_filled_bucket,4290.0,2214,3,950.0,950.0,0.5160839160839161
edf12,2,,free_viewing,,s_boy_boy_filled_bucket,4290.0,1692,3,1484.0,1484.0,0.3944055944055944
edf12,20,English,sentence_audio,passive_dropped_agent,o_bucket_boy_filled_bucket,4424.0,3722,3,5568.0,5568.0,0.8413200723327305
edf12,20,English,sentence_audio,passive_dropped_agent,s_boy_boy_filled_bucket,4424.0,298,1,5742.0,5742.0,0.06735985533453888
edf12,21,English,sentence_audio,passive_dropped_agent,o_clothes_woman_folded_clothes,4606.0,3902,2,6021.0,6021.0,0.8471558836300478
edf12,21,English,sentence_audio,passive_dropped_agent,s_woman_woman_folded_clothes,4606.0,704,1,6182.0,6182.0,0.15284411636995224
edf12,22,Punjabi,sentence_audio,active,o_door_boy_opened_door,4615.0,3115,3,6204.0,6204.0,0.6749729144095341
edf12,22,Punjabi,sentence_audio,active,s_boy_boy_opened_door,4615.0,1290,2,6384.0,6384.0,0.27952329360780065
edf12,23,Punjabi,sentence_audio,active,o_lamp_girl_light_lamp,4748.0,3802,2,5449.0,5449.0,0.8007582139848357
edf12,23,Punjabi,sentence_audio,active,s_girl_girl_lit_lamp,4748.0,946,1,5636.0,5636.0,0.1992417860151643
edf12,24,Punjabi,sentence_audio,active,o_scooter_driver_wash_scooter,4364.0,2488,4,5875.0,5875.0,0.5701191567369386
edf12,24,Punjabi,sentence_audio,active,s_driver_driver_wash_scooter,4364.0,1876,3,6272.0,6272.0,0.4298808432630614
edf12,25,Punjabi,sentence_audio,passive,o_box_man_pushed_box,4674.0,2149,3,5878.0,5878.0,0.45977749251176725
edf12,25,Punjabi,sentence_audio,passive,s_man_man_pushed_box,4674.0,2525,3,5543.0,5543.0,0.5402225074882328
edf12,26,Punjabi,sentence_audio,passive,o_tree_girl_plant_tree,4123.0,1566,2,6424.0,6424.0,0.37982051903953434
edf12,26,Punjabi,sentence_audio,passive,s_girl_girl_plant_tree,4123.0,1263,3,6079.0,6079.0,0.3063303419839922
edf12,27,Punjabi,sentence_audio,passive,o_shrub_man_cut_shrub,4414.0,2710,3,5728.0,5728.0,0.6139555958314454
edf12,27,Punjabi,sentence_audio,passive,s_man_man_cut_shrub,4414.0,1704,3,5490.0,5490.0,0.3860444041685546
edf12,28,Punjabi,sentence_audio,passive_dropped_agent,o_hole_dog_dug_hole,4534.0,3213,2,5804.0,5804.0,0.7086457873842082
edf12,28,Punjabi,sentence_audio,passive_dropped_agent,s_dog_dog_dug_hole,4534.0,1027,2,5241.0,5241.0,0.22651080723423025
edf12,29,Punjabi,sentence_audio,passive_dropped_agent,o_frisbee_child_throw_frisbee,4459.0,858,1,8582.0,8582.0,0.1924198250728863
edf12,29,Punjabi,sentence_audio,passive_dropped_agent,s_child_child_throw_frisbee,4459.0,3449,2,6254.0,6254.0,0.7734918143081408
edf12,3,,free_viewing,,o_window_girl_opened_window,4713.0,3028,2,1298.0,1298.0,0.6424782516443879
edf12,3,,free_viewing,,s_girl_girl_opened_window,4713.0,1533,3,980.0,980.0,0.3252705283259071
edf12,30,Punjabi,sentence_audio,passive_dropped_agent,o_tabla_child_play_tabla,4534.0,2188,2,6072.0,6072.0,0.4825760917512131
edf12,30,Punjabi,sentence_audio,passive_dropped_agent,s_child_child_play_tabla,4534.0,1875,2,6750.0,6750.0,0.41354212615791797
edf12,31,English,sentence_audio,active,o_picture_artiste_drew_picture,4424.0,2812,4,5916.0,5916.0,0.635623869801085
edf12,31,English,sentence_audio,active,s_artiste_artiste_drew_picture,4424.0,1042,1,6488.0,6488.0,0.23553345388788427
edf12,32,English,sentence_audio,active,o_cake_girl_baked_cake,4221.0,1360,4,6826.0,6826.0,0.322198531153755
edf12,32,English,sentence_audio,active,s_girl_girl_baked_cake,4221.0,1574,2,6236.0,6236.0,0.37289741767353707
edf12,33,English,sentence_audio,active,o_window_girl_opened_window,4544.0,2319,2,6378.0,6378.0,0.5103433098591549
edf12,33,English,sentence_audio,active,s_girl_girl_opened_window,4544.0,2091,2,5599.0,5599.0,0.46016725352112675
edf12,34,English,sentence_audio,passive,o_dog_girl_fed_dog,4313.0,1865,3,5615.0,5615.0,0.4324136332019476
edf12,34,English,sentence_audio,passive,s_girl_girl_fed_dog,4313.0,1554,2,6410.0,6410.0,0.36030605147229305
edf12,35,English,sentence_audio,passive,o_veg_boy_cut_vegetables,4527.0,2850,2,5822.0,5822.0,0.629555997349238
edf12,35,English,sentence_audio,passive,s_boy_boy_cut_vegetables,4527.0,1677,2,5531.0,5531.0,0.3704440026507621
edf12,36,English,sentence_audio,passive,o_vase_boy_broke_vase,4128.0,2182,3,5572.0,5572.0,0.5285852713178295
edf12,36,English,sentence_audio,passive,s_boy_boy_broke_vase,4128.0,1394,1,6034.0,6034.0,0.3376937984496124
edf12,4,,free_viewing,,o_dog_girl_fed_dog,4786.0,1805,2,1083.0,1083.0,0.3771416631842875
edf12,4,,free_viewing,,s_girl_girl_fed_dog,4786.0,2090,1,2398.0,2398.0,0.4366903468449645
edf12,5,,free_viewing,,o_box_man_pushed_box,4477.0,1771,3,2292.0,2292.0,0.3955773955773956
edf12,5,,free_viewing,,s_man_man_pushed_box,4477.0,2600,4,962.0,962.0,0.5807460352914898
edf12,6,,free_viewing,,o_frisbee_child_throw_frisbee,4473.0,550,2,1142.0,1142.0,0.12295998211491169
edf12,6,,free_viewing,,s_child_child_throw_frisbee,4473.0,2540,3,1386.0,1386.0,0.5678515537670468
edf12,7,,free_viewing,,o_door_boy_opened_door,4680.0,3846,2,976.0,976.0,0.8217948717948718
edf12,7,,free_viewing,,s_boy_boy_opened_door,4680.0,834,1,1150.0,1150.0,0.1782051282051282
edf12,8,,free_viewing,,o_hole_dog_dug_hole,4632.0,1486,2,2048.0,2048.0,0.32081174438687393
edf12,8,,free_viewing,,s_dog_dog_dug_hole,4632.0,2534,3,1018.0,1018.0,0.5470639032815199
edf12,9,,free_viewing,,o_picture_artiste_drew_picture,4460.0,2646,3,821.0,821.0,0.5932735426008968
edf12,9,,free_viewing,,s_artiste_artiste_drew_picture,4460.0,1814,2,1290.0,1290.0,0.4067264573991031
edf13,1,,free_viewing,,o_window_girl_opened_window,4314.0,2510,2,1150.0,1150.0,0.5818266110338433
edf13,1,,free_viewing,,s_girl_girl_opened_window,4314.0,1560,3,880.0,880.0,0.3616133518776078
edf13,10,,free_viewing,,o_letter_woman_read_letter,4016.0,1570,2,2446.0,2446.0,0.39093625498007967
edf13,10,,free_viewing,,s_woman_woman_read_letter,4016.0,2190,2,864.0,864.0,0.5453187250996016
edf13,11,,free_viewing,,o_picture_artiste_drew_picture,4457.0,2349,3,971.0,971.0,0.5270361229526588
edf13,11,,free_viewing,,s_artiste_artiste_drew_picture,4457.0,2108,2,1472.0,1472.0,0.4729638770473413
edf13,12,,free_viewing,,o_frisbee_child_throw_frisbee,4344.0,983,3,1142.0,1142.0,0.2262891344383057
edf13,12,,free_viewing,,s_child_child_throw_frisbee,4344.0,2238,4,922.0,922.0,0.5151933701657458
edf13,13,,free_viewing,,o_bucket_boy_filled_bucket,4893.0,1825,2,1029.0,1029.0,0.3729818107500511
edf13,13,,free_viewing,,s_boy_boy_filled_bucket,4893.0,3068,1,2352.0,2352.0,0.6270181892499489
edf13,14,,free_viewing,,o_shrub_man_cut_shrub,4043.0,1865,2,1005.0,1005.0,0.4612911204551076
edf13,14,,free_viewing,,s_man_man_cut_shrub,4043.0,2178,2,1750.0,1750.0,0.5387088795448924
edf13,15,,free_viewing,,o_door_boy_opened_door,4357.0,2627,3,973.0,973.0,0.6029378012393849
edf13,15,,free_viewing,,s_boy_boy_opened_door,4357.0,1730,3,1164.0,1164.0,0.3970621987606151
edf13,16,,free_viewing,,o_veg_boy_cut_vegetables,4479.0,3252,2,1092.0,1092.0,0.7260549229738781
edf13,16,,free_viewing,,s_boy_boy_cut_vegetables,4479.0,1227,2,771.0,771.0,0.2739450770261219
edf13,17,,free_viewing,,o_clothes_woman_folded_clothes,3881.0,1853,4,1064.0,1064.0,0.47745426436485444
edf13,17,,free_viewing,,s_woman_woman_folded_clothes,3881.0,2028,3,1292.0,1292.0,0.5225457356351456
edf13,18,,free_viewing,,o_dog_girl_fed_dog,4088.0,1524,3,1074.0,1074.0,0.37279843444227007
edf13,18,,free_viewing,,s_girl_girl_fed_dog,4088.0,1618,2,874.0,874.0,0.3957925636007828
edf13,19,Punjabi,sentence_audio,active,o_tabla_child_play_tabla,4013.0,1786,3,5684.0,5684.0,0.4450535758783952
edf13,19,Punjabi,sentence_audio,active,s_child_child_play_tabla,4013.0,1430,2,6122.0,6122.0,0.3563418888612011
edf13,2,,free_viewing,,o_scooter_driver_wash_scooter,4292.0,2730,3,695.0,695.0,0.636067101584343
edf13,2,,free_viewing,,s_driver_driver_wash_scooter,4292.0,1034,2,1054.0,1054.0,0.24091332712022367
edf13,20,Punjabi,sentence_audio,active,o_door_boy_opened_door,4106.0,985,4,5839.0,5839.0,0.23989283974671213
edf13,20,Punjabi,sentence_audio,active,s_boy_boy_opened_door,4106.0,3121,4,6024.0,6024.0,0.7601071602532878
edf13,21,Punjabi,sentence_audio,active,o_bucket_boy_filled_bucket,4518.0,2090,2,6078.0,6078.0,0.4625940681717574
edf13,21,Punjabi,sentence_audio,active,s_boy_boy_filled_bucket,4518.0,2428,2,7920.0,7920.0,0.5374059318282426
edf13,22,Punjabi,sentence_audio,passive,o_dog_girl_fed_dog,4002.0,1954,6,5684.0,5684.0,0.48825587206396803
edf13,22,Punjabi,sentence_audio,passive,s_girl_girl_fed_dog,4002.0,928,2,6404.0,6404.0,0.2318840579710145
edf13,23,Punjabi,sentence_audio,passive,o_scooter_driver_wash_scooter,4042.0,2550,4,6000.0,6000.0,0.6308758040573973
edf13,23,Punjabi,sentence_audio,passive,s_driver_driver_wash_scooter,4042.0,1152,2,6164.0,6164.0,0.285007422068283
edf13,24,Punjabi,sentence_audio,passive,o_picture_artiste_drew_picture,3926.0,1976,5,5623.0,5623.0,0.5033112582781457
edf13,24,Punjabi,sentence_audio,passive,s_artiste_artiste_drew_picture,3926.0,1950,4,6108.0,6108.0,0.4966887417218543
edf13,25,Punjabi,sentence_audio,passive_dropped_agent,o_tree_girl_plant_tree,4576.0,3002,5,6044.0,6044.0,0.6560314685314685
edf13,25,Punjabi,sentence_audio,passive_dropped_agent,s_girl_girl_plant_tree,4576.0,1238,4,5816.0,5816.0,0.270541958041958
edf13,26,Punjabi,sentence_audio,passive_dropped_agent,o_frisbee_child_throw_frisbee,4222.0,736,2,6266.0,6266.0,0.1743249644718143
edf13,26,Punjabi,sentence_audio,passive_dropped_agent,s_child_child_throw_frisbee,4222.0,3125,4,5890.0,5890.0,0.7401705352913311
edf13,27,Punjabi,sentence_audio,passive_dropped_agent,o_vase_boy_broke_vase,4026.0,2297,3,6069.0,6069.0,0.5705414803775459
edf13,27,Punjabi,sentence_audio,passive_dropped_agent,s_boy_boy_broke_vase,4026.0,1729,3,6334.0,6334.0,0.42945851962245407
edf13,28,English,sentence_audio,active,o_box_man_pushed_box,3831.0,1432,3,6578.0,6578.0,0.37379274340903157
edf13,28,English,sentence_audio,active,s_man_man_pushed_box,3831.0,2267,4,6199.0,6199.0,0.5917515009135996
edf13,29,English,sentence_audio,active,o_shrub_man_cut_shrub,4868.0,2884,2,5588.0,5588.0,0.5924404272801972
edf13,29,English,sentence_audio,active,s_man_man_cut_shrub,4868.0,178,1,5376.0,5376.0,0.03656532456861134
edf13,3,,free_viewing,,o_cake_girl_baked_cake,4272.0,2131,4,981.0,981.0,0.4988295880149813
edf13,3,,free_viewing,,s_girl_girl_baked_cake,4272.0,1781,4,1056.0,1056.0,0.4169007490636704
edf13,30,English,sentence_audio,active,o_window_girl_opened_window,4147.0,3068,2,5512.0,5512.0,0.7398119122257053
edf13,30,English,sentence_audio,active,s_girl_girl_opened_window,4147.0,1079,2,7268.0,7268.0,0.2601880877742947
edf13,31,English,sentence_audio,passive,o_hole_dog_dug_hole,4769.0,3859,2,5800.0,5800.0,0.8091843153700986
edf13,31,English,sentence_audio,passive,s_dog_dog_dug_hole,4769.0,910,2,5604.0,5604.0,0.19081568462990145
edf13,32,English,sentence_audio,passive,o_veg_boy_cut_vegetables,4185.0,2144,3,5484.0,5484.0,0.5123058542413381
edf13,32,English,sentence_audio,passive,s_boy_boy_cut_vegetables,4185.0,1349,3,6520.0,6520.0,0.3223416965352449
edf13,33,English,sentence_audio,passive,o_cake_girl_baked_cake,4992.0,4992,1,5712.0,5712.0,1.0
edf13,33,English,sentence_audio,passive,s_girl_girl_baked_cake,4992.0,0,0,,,0.0
edf13,34,English,sentence_audio,passive_dropped_agent,o_clothes_woman_folded_clothes,4992.0,4992,1,5806.0,5806.0,1.0
edf13,34,English,sentence_audio,passive_dropped_agent,s_woman_woman_folded_clothes,4992.0,0,0,,,0.0
edf13,35,English,sentence_audio,passive_dropped_agent,o_letter_woman_read_letter,3954.0,108,1,8642.0,8642.0,0.027314112291350532
edf13,35,English,sentence_audio,passive_dropped_agent,s_woman_woman_read_letter,3954.0,3846,2,6048.0,6048.0,0.9726858877086495
edf13,36,English,sentence_audio,passive_dropped_agent,o_lamp_girl_light_lamp,4062.0,658,3,5610.0,5610.0,0.16198916789758738
edf13,36,English,sentence_audio,passive_dropped_agent,s_girl_girl_lit_lamp,4062.0,3226,4,5220.0,5220.0,0.794190054160512
edf13,4,,free_viewing,,o_tabla_child_play_tabla,4298.0,1612,2,1348.0,1348.0,0.37505816658911123
edf13,4,,free_viewing,,s_child_child_play_tabla,4298.0,992,3,1184.0,1184.0,0.2308050255932992
edf13,5,,free_viewing,,o_vase_boy_broke_vase,4423.0,3187,3,902.0,902.0,0.7205516617680308
edf13,5,,free_viewing,,s_boy_boy_broke_vase,4423.0,894,2,1122.0,1122.0,0.2021252543522496
edf13,6,,free_viewing,,o_lamp_girl_light_lamp,4332.0,1854,3,1474.0,1474.0,0.4279778393351801
edf13,6,,free_viewing,,s_girl_girl_lit_lamp,4332.0,1882,3,1110.0,1110.0,0.4344413665743306
edf13,7,,free_viewing,,o_hole_dog_dug_hole,4351.0,1462,3,1124.0,1124.0,0.3360147092622386
edf13,7,,free_viewing,,s_dog_dog_dug_hole,4351.0,1913,3,801.0,801.0,0.43966904159963227
edf13,8,,free_viewing,,o_tree_girl_plant_tree,4354.0,2134,2,1160.0,1160.0,0.4901240238860818
edf13,8,,free_viewing,,s_girl_girl_plant_tree,4354.0,946,3,801.0,801.0,0.21727147450620118
edf13,9,,free_viewing,,o_box_man_pushed_box,4179.0,1732,3,1410.0,1410.0,0.41445321847331895
edf13,9,,free_viewing,,s_man_man_pushed_box,4179.0,2023,4,1028.0,1028.0,0.48408710217755446
edf14,1,,free_viewing,,o_vase_boy_broke_vase,4644.0,4160,2,1009.0,1009.0,0.8957795004306632
edf14,1,,free_viewing,,s_boy_boy_broke_vase,4644.0,484,1,1242.0,1242.0,0.10422049956933678
edf14,10,,free_viewing,,o_dog_girl_fed_dog,4344.0,1797,4,947.0,947.0,0.4136740331491713
edf14,10,,free_viewing,,s_girl_girl_fed_dog,4344.0,929,3,1140.0,1140.0,0.21385819521178637
edf14,11,,free_viewing,,o_clothes_woman_folded_clothes,4237.0,1737,2,679.0,679.0,0.40995987727165445
edf14,11,,free_viewing,,s_woman_woman_folded_clothes,4237.0,2500,2,2604.0,2604.0,0.5900401227283455
edf14,12,,free_viewing,,o_lamp_girl_light_lamp,4396.0,1812,2,980.0,980.0,0.4121929026387625
edf14,12,,free_viewing,,s_girl_girl_lit_lamp,4396.0,2584,2,728.0,728.0,0.5878070973612375
edf14,13,,free_viewing,,o_veg_boy_cut_vegetables,4302.0,3441,3,1288.0,1288.0,0.799860529986053
edf14,13,,free_viewing,,s_boy_boy_cut_vegetables,4302.0,607,2,897.0,897.0,0.1410971641097164
edf14,14,,free_viewing,,o_hole_dog_dug_hole,4259.0,1874,2,1204.0,1204.0,0.4400093918760272
edf14,14,,free_viewing,,s_dog_dog_dug_hole,4259.0,1245,4,788.0,788.0,0.2923221413477342
edf14,15,,free_viewing,,o_scooter_driver_wash_scooter,4066.0,3186,2,674.0,674.0,0.7835710772257747
edf14,15,,free_viewing,,s_driver_driver_wash_scooter,4066.0,564,1,4224.0,4224.0,0.13871126414166257
edf14,16,,free_viewing,,o_box_man_pushed_box,4286.0,1856,3,1514.0,1514.0,0.43303779748016796
edf14,16,,free_viewing,,s_man_man_pushed_box,4286.0,2430,3,1074.0,1074.0,0.566962202519832
edf14,17,,free_viewing,,o_window_girl_opened_window,4266.0,1992,2,1740.0,1740.0,0.4669479606188467
edf14,17,,free_viewing,,s_girl_girl_opened_window,4266.0,1936,3,1556.0,1556.0,0.45382090951711207
edf14,18,,free_viewing,,o_door_boy_opened_door,4423.0,1604,4,914.0,914.0,0.3626497852136559
edf14,18,,free_viewing,,s_boy_boy_opened_door,4423.0,2819,4,1086.0,1086.0,0.6373502147863441
edf14,19,Punjabi,sentence_audio,passive,o_tabla_child_play_tabla,4443.0,2292,1,6438.0,6438.0,0.5158676569885212
edf14,19,Punjabi,sentence_audio,passive,s_child_child_play_tabla,4443.0,1405,2,6186.0,6186.0,0.3162277740265586
edf14,2,,free_viewing,,o_tree_girl_plant_tree,4562.0,1569,3,1544.0,1544.0,0.3439281017097764
edf14,2,,free_viewing,,s_girl_girl_plant_tree,4562.0,957,2,859.0,859.0,0.20977641385357298
edf14,20,Punjabi,sentence_audio,passive,o_door_boy_opened_door,4322.0,1228,3,6094.0,6094.0,0.28412771864877373
edf14,20,Punjabi,sentence_audio,passive,s_boy_boy_opened_door,4322.0,3094,3,6028.0,6028.0,0.7158722813512263
edf14,21,Punjabi,sentence_audio,passive,o_bucket_boy_filled_bucket,4631.0,3847,2,5429.0,5429.0,0.8307061109911467
edf14,21,Punjabi,sentence_audio,passive,s_boy_boy_filled_bucket,4631.0,784,2,7592.0,7592.0,0.1692938890088534
edf14,22,Punjabi,sentence_audio,passive_dropped_agent,o_dog_girl_fed_dog,4404.0,2207,2,6286.0,6286.0,0.5011353315168029
edf14,22,Punjabi,sentence_audio,passive_dropped_agent,s_girl_girl_fed_dog,4404.0,372,1,7420.0,7420.0,0.08446866485013624
edf14,23,Punjabi,sentence_audio,passive_dropped_agent,o_scooter_driver_wash_scooter,4350.0,4132,2,5342.0,5342.0,0.9498850574712644
edf14,23,Punjabi,sentence_audio,passive_dropped_agent,s_driver_driver_wash_scooter,4350.0,0,0,,,0.0
edf14,24,Punjabi,sentence_audio,passive_dropped_agent,o_picture_artiste_drew_picture,4519.0,2527,2,5321.0,5321.0,0.5591945120601903
edf14,24,Punjabi,sentence_audio,passive_dropped_agent,s_artiste_artiste_drew_picture,4519.0,1368,1,8196.0,8196.0,0.302721841115291
edf14,25,English,sentence_audio,active,o_tree_girl_plant_tree,4443.0,3289,2,6264.0,6264.0,0.7402655863155525
edf14,25,English,sentence_audio,active,s_girl_girl_plant_tree,4443.0,880,2,5960.0,5960.0,0.19806437092054918
edf14,26,English,sentence_audio,active,o_frisbee_child_throw_frisbee,4672.0,1378,2,5628.0,5628.0,0.2949486301369863
edf14,26,English,sentence_audio,active,s_child_child_throw_frisbee,4672.0,2935,2,6184.0,6184.0,0.6282106164383562
edf14,27,English,sentence_audio,active,o_vase_boy_broke_vase,4373.0,2791,3,5275.0,5275.0,0.638234621541276
edf14,27,English,sentence_audio,active,s_boy_boy_broke_vase,4373.0,986,3,5488.0,5488.0,0.22547450262977362
edf14,28,English,sentence_audio,passive,o_box_man_pushed_box,4334.0,1994,3,6092.0,6092.0,0.46008306414397787
edf14,28,English,sentence_audio,passive,s_man_man_pushed_box,4334.0,971,2,5597.0,5597.0,0.22404245500692202
edf14,29,English,sentence_audio,passive,o_shrub_man_cut_shrub,4654.0,2556,2,5698.0,5698.0,0.5492049849591749
edf14,29,English,sentence_audio,passive,s_man_man_cut_shrub,4654.0,1154,3,5512.0,5512.0,0.24795874516544908
edf14,3,,free_viewing,,o_shrub_man_cut_shrub,4621.0,2418,1,1278.0,1278.0,0.5232633629084614
edf14,3,,free_viewing,,s_man_man_cut_shrub,4621.0,2203,2,1031.0,1031.0,0.47673663709153863
edf14,30,English,sentence_audio,passive,o_window_girl_opened_window,4663.0,1134,1,5660.0,5660.0,0.24319107870469656
edf14,30,English,sentence_audio,passive,s_girl_girl_opened_window,4663.0,3529,2,5260.0,5260.0,0.7568089212953034
edf14,31,English,sentence_audio,passive_dropped_agent,o_hole_dog_dug_hole,4350.0,1254,3,7702.0,7702.0,0.2882758620689655
edf14,31,English,sentence_audio,passive_dropped_agent,s_dog_dog_dug_hole,4350.0,2361,3,5349.0,5349.0,0.5427586206896552
edf14,32,English,sentence_audio,passive_dropped_agent,o_veg_boy_cut_vegetables,4529.0,3726,1,5516.0,5516.0,0.8226981673658644
edf14,32,English,sentence_audio,passive_dropped_agent,s_boy_boy_cut_vegetables,4529.0,559,2,5229.0,5229.0,0.12342680503422389
edf14,33,English,sentence_audio,passive_dropped_agent,o_cake_girl_baked_cake,4540.0,1034,1,5830.0,5830.0,0.2277533039647577
edf14,33,English,sentence_audio,passive_dropped_agent,s_girl_girl_baked_cake,4540.0,2858,1,7234.0,7234.0,0.6295154185022026
edf14,34,Punjabi,sentence_audio,active,o_clothes_woman_folded_clothes,4275.0,2663,3,5613.0,5613.0,0.6229239766081871
edf14,34,Punjabi,sentence_audio,active,s_woman_woman_folded_clothes,4275.0,1612,2,7792.0,7792.0,0.37707602339181284
edf14,35,Punjabi,sentence_audio,active,o_letter_woman_read_letter,4580.0,1090,3,5596.0,5596.0,0.23799126637554585
edf14,35,Punjabi,sentence_audio,active,s_woman_woman_read_letter,4580.0,2910,5,5205.0,5205.0,0.6353711790393013
edf14,36,Punjabi,sentence_audio,active,o_lamp_girl_light_lamp,4296.0,1316,2,5482.0,5482.0,0.3063314711359404
edf14,36,Punjabi,sentence_audio,active,s_girl_girl_lit_lamp,4296.0,2666,5,5262.0,5262.0,0.6205772811918063
edf14,4,,free_viewing,,o_picture_artiste_drew_picture,4448.0,3074,2,886.0,886.0,0.6910971223021583
edf14,4,,free_viewing,,s_artiste_artiste_drew_picture,4448.0,888,1,3668.0,3668.0,0.19964028776978418
edf14,5,,free_viewing,,o_cake_girl_baked_cake,4645.0,2445,3,662.0,662.0,0.5263724434876211
edf14,5,,free_viewing,,s_girl_girl_baked_cake,4645.0,1402,2,832.0,832.0,0.30182992465016145
edf14,6,,free_viewing,,o_bucket_boy_filled_bucket,4651.0,2733,1,669.0,669.0,0.587615566544829
edf14,6,,free_viewing,,s_boy_boy_filled_bucket,4651.0,1918,1,3590.0,3590.0,0.41238443345517095
edf14,7,,free_viewing,,o_tabla_child_play_tabla,4434.0,1035,3,908.0,908.0,0.2334235453315291
edf14,7,,free_viewing,,s_child_child_play_tabla,4434.0,782,1,2698.0,2698.0,0.17636445647271087
edf14,8,,free_viewing,,o_frisbee_child_throw_frisbee,4470.0,674,1,1216.0,1216.0,0.15078299776286352
edf14,8,,free_viewing,,s_child_child_throw_frisbee,4470.0,1964,2,1952.0,1952.0,0.4393736017897092
edf14,9,,free_viewing,,o_letter_woman_read_letter,4430.0,1592,1,2058.0,2058.0,0.3593679458239278
edf14,9,,free_viewing,,s_woman_woman_read_letter,4430.0,2350,2,1134.0,1134.0,0.5304740406320542
edf15,1,,free_viewing,,o_cake_girl_baked_cake,4527.0,1982,5,1306.0,1306.0,0.4378175392091893
edf15,1,,free_viewing,,s_girl_girl_baked_cake,4527.0,1953,5,1812.0,1812.0,0.43141153081510936
edf15,10,,free_viewing,,o_dog_girl_fed_dog,4359.0,1094,3,1156.0,1156.0,0.2509749942647396
edf15,10,,free_viewing,,s_girl_girl_fed_dog,4359.0,2710,2,2370.0,2370.0,0.6217022252810278
edf15,11,,free_viewing,,o_letter_woman_read_letter,4608.0,566,1,1660.0,1660.0,0.1228298611111111
edf15,11,,free_viewing,,s_woman_woman_read_letter,4608.0,4042,2,668.0,668.0,0.8771701388888888
edf15,12,,free_viewing,,o_shrub_man_cut_shrub,4298.0,2216,2,1060.0,1060.0,0.5155886458818055
edf15,12,,free_viewing,,s_man_man_cut_shrub,4298.0,2082,3,799.0,799.0,0.4844113541181945
edf15,13,,free_viewing,,o_lamp_girl_light_lamp,4426.0,1444,3,918.0,918.0,0.3262539539087212
edf15,13,,free_viewing,,s_girl_girl_lit_lamp,4426.0,2792,4,697.0,697.0,0.630817894261184
edf15,14,,free_viewing,,o_clothes_woman_folded_clothes,4082.0,3124,3,1076.0,1076.0,0.7653111219990201
edf15,14,,free_viewing,,s_woman_woman_folded_clothes,4082.0,916,4,798.0,798.0,0.2243998040176384
edf15,15,,free_viewing,,o_veg_boy_cut_vegetables,4453.0,4053,2,1180.0,1180.0,0.9101729171345161
edf15,15,,free_viewing,,s_boy_boy_cut_vegetables,4453.0,400,2,940.0,940.0,0.08982708286548394
edf15,16,,free_viewing,,o_picture_artiste_drew_picture,4149.0,1963,3,734.0,734.0,0.47312605447095685
edf15,16,,free_viewing,,s_artiste_artiste_drew_picture,4149.0,2186,2,2000.0,2000.0,0.5268739455290431
edf15,17,,free_viewing,,o_box_man_pushed_box,4378.0,2610,4,1010.0,1010.0,0.5961626313385108
edf15,17,,free_viewing,,s_man_man_pushed_box,4378.0,1768,4,774.0,774.0,0.4038373686614893
edf15,18,,free_viewing,,o_vase_boy_broke_vase,4367.0,2450,5,750.0,750.0,0.5610258758873369
edf15,18,,free_viewing,,s_boy_boy_broke_vase,4367.0,1917,5,1592.0,1592.0,0.4389741241126632
edf15,19,Punjabi,sentence_audio,passive_dropped_agent,o_tabla_child_play_tabla,4438.0,2038,5,6256.0,6256.0,0.459215863001352
edf15,19,Punjabi,sentence_audio,passive_dropped_agent,s_child_child_play_tabla,4438.0,1458,3,6542.0,6542.0,0.32852636322667866
edf15,2,,free_viewing,,o_scooter_driver_wash_scooter,4303.0,3011,4,790.0,790.0,0.6997443643969323
edf15,2,,free_viewing,,s_driver_driver_wash_scooter,4303.0,1292,3,1446.0,1446.0,0.3002556356030676
edf15,20,Punjabi,sentence_audio,passive_dropped_agent,o_door_boy_opened_door,4650.0,3474,5,5481.0,5481.0,0.7470967741935484
edf15,20,Punjabi,sentence_audio,passive_dropped_agent,s_boy_boy_opened_door,4650.0,1176,4,5954.0,5954.0,0.25290322580645164
edf15,21,Punjabi,sentence_audio,passive_dropped_agent,o_bucket_boy_filled_bucket,4522.0,3380,5,6120.0,6120.0,0.7474568774878373
edf15,21,Punjabi,sentence_audio,passive_dropped_agent,s_boy_boy_filled_bucket,4522.0,1010,3,6570.0,6570.0,0.22335249889429457
edf15,22,English,sentence_audio,active,o_dog_girl_fed_dog,4320.0,2286,6,5866.0,5866.0,0.5291666666666667
edf15,22,English,sentence_audio,active,s_girl_girl_fed_dog,4320.0,1271,4,6452.0,6452.0,0.29421296296296295
edf15,23,English,sentence_audio,active,o_scooter_driver_wash_scooter,4338.0,2958,3,5905.0,5905.0,0.681881051175657
edf15,23,English,sentence_audio,active,s_driver_driver_wash_scooter,4338.0,1380,2,6538.0,6538.0,0.318118948824343
edf15,24,English,sentence_audio,active,o_picture_artiste_drew_picture,3849.0,2137,6,5189.0,5189.0,0.555209145232528
edf15,24,English,sentence_audio,active,s_artiste_artiste_drew_picture,3849.0,1580,4,5686.0,5686.0,0.41049623278773706
edf15,25,English,sentence_audio,passive,o_tree_girl_plant_tree,4421.0,3192,3,5496.0,5496.0,0.7220085953404207
edf15,25,English,sentence_audio,passive,s_girl_girl_plant_tree,4421.0,1229,3,5293.0,5293.0,0.2779914046595793
edf15,26,English,sentence_audio,passive,o_frisbee_child_throw_frisbee,4344.0,878,2,7440.0,7440.0,0.20211786372007368
edf15,26,English,sentence_audio,passive,s_child_child_throw_frisbee,4344.0,2952,3,5588.0,5588.0,0.6795580110497238
edf15,27,English,sentence_audio,passive,o_vase_boy_broke_vase,4442.0,1641,4,6072.0,6072.0,0.3694281855020261
edf15,27,English,sentence_audio,passive,s_boy_boy_broke_vase,4442.0,2801,4,5873.0,5873.0,0.6305718144979738
edf15,28,English,sentence_audio,passive_dropped_agent,o_box_man_pushed_box,4084.0,1760,4,5870.0,5870.0,0.4309500489715965
edf15,28,English,sentence_audio,passive_dropped_agent,s_man_man_pushed_box,4084.0,2324,5,5664.0,5664.0,0.5690499510284035
edf15,29,English,sentence_audio,passive_dropped_agent,o_shrub_man_cut_shrub,4461.0,3467,3,5644.0,5644.0,0.7771800044832997
edf15,29,English,sentence_audio,passive_dropped_agent,s_man_man_cut_shrub,4461.0,994,3,5412.0,5412.0,0.2228199955167003
edf15,3,,free_viewing,,o_frisbee_child_throw_frisbee,4339.0,970,2,1476.0,1476.0,0.22355381424291312
edf15,3,,free_viewing,,s_child_child_throw_frisbee,4339.0,2974,4,1272.0,1272.0,0.6854113851117769
edf15,30,English,sentence_audio,passive_dropped_agent,o_window_girl_opened_window,3890.0,1134,3,7068.0,7068.0,0.2915167095115681
edf15,30,English,sentence_audio,passive_dropped_agent,s_girl_girl_opened_window,3890.0,2512,4,5998.0,5998.0,0.645758354755784
edf15,31,Punjabi,sentence_audio,active,o_hole_dog_dug_hole,4091.0,1724,3,6274.0,6274.0,0.42141285749205576
edf15,31,Punjabi,sentence_audio,active,s_dog_dog_dug_hole,4091.0,1959,5,5598.0,5598.0,0.4788560254216573
edf15,32,Punjabi,sentence_audio,active,o_veg_boy_cut_vegetables,4079.0,2728,3,5662.0,5662.0,0.6687913704339299
edf15,32,Punjabi,sentence_audio,active,s_boy_boy_cut_vegetables,4079.0,1305,3,5427.0,5427.0,0.31993135572444226
edf15,33,Punjabi,sentence_audio,active,o_cake_girl_baked_cake,4392.0,1234,4,6098.0,6098.0,0.2809653916211293
edf15,33,Punjabi,sentence_audio,active,s_girl_girl_baked_cake,4392.0,2714,4,5922.0,5922.0,0.6179417122040073
edf15,34,Punjabi,sentence_audio,passive,o_clothes_woman_folded_clothes,4115.0,2624,4,5808.0,5808.0,0.6376670716889429
edf15,34,Punjabi,sentence_audio,passive,s_woman_woman_folded_clothes,4115.0,1491,4,5571.0,5571.0,0.3623329283110571
edf15,35,Punjabi,sentence_audio,passive,o_letter_woman_read_letter,4561.0,1146,2,6064.0,6064.0,0.25126068844551636
edf15,35,Punjabi,sentence_audio,passive,s_woman_woman_read_letter,4561.0,3415,3,5841.0,5841.0,0.7487393115544837
edf15,36,Punjabi,sentence_audio,passive,o_lamp_girl_light_lamp,4280.0,2741,3,6002.0,6002.0,0.6404205607476635
edf15,36,Punjabi,sentence_audio,passive,s_girl_girl_lit_lamp,4280.0,1376,2,6962.0,6962.0,0.32149532710280376
edf15,4,,free_viewing,,o_door_boy_opened_door,4279.0,2445,6,797.0,797.0,0.5713951857910727
edf15,4,,free_viewing,,s_boy_boy_opened_door,4279.0,1834,6,988.0,988.0,0.4286048142089273
edf15,5,,free_viewing,,o_hole_dog_dug_hole,4375.0,3230,2,1454.0,1454.0,0.7382857142857143
edf15,5,,free_viewing,,s_dog_dog_dug_hole,4375.0,1082,3,1040.0,1040.0,0.2473142857142857
edf15,6,,free_viewing,,o_window_girl_opened_window,4234.0,1196,1,1454.0,1454.0,0.28247520075578647
edf15,6,,free_viewing,,s_girl_girl_opened_window,4234.0,3000,2,1128.0,1128.0,0.7085498346717053
edf15,7,,free_viewing,,o_bucket_boy_filled_bucket,4546.0,3512,4,794.0,794.0,0.772547294324681
edf15,7,,free_viewing,,s_boy_boy_filled_bucket,4546.0,1034,3,2280.0,2280.0,0.22745270567531897
edf15,8,,free_viewing,,o_tabla_child_play_tabla,4236.0,685,2,954.0,954.0,0.16170915958451368
edf15,8,,free_viewing,,s_child_child_play_tabla,4236.0,1582,2,1274.0,1274.0,0.37346553352219075
edf15,9,,free_viewing,,o_tree_girl_plant_tree,4387.0,1740,3,1384.0,1384.0,0.39662639617050377
edf15,9,,free_viewing,,s_girl_girl_plant_tree,4387.0,2255,4,1039.0,1039.0,0.514018691588785
edf16,1,,free_viewing,,o_letter_woman_read_letter,4529.0,1676,3,1990.0,1990.0,0.3700596158092294
edf16,1,,free_viewing,,s_woman_woman_read_letter,4529.0,2853,4,1105.0,1105.0,0.6299403841907706
edf16,10,,free_viewing,,o_box_man_pushed_box,4597.0,2300,4,1274.0,1274.0,0.5003262997607135
edf16,10,,free_viewing,,s_man_man_pushed_box,4597.0,2297,4,1061.0,1061.0,0.4996737002392865
edf16,11,,free_viewing,,o_clothes_woman_folded_clothes,4695.0,1004,2,788.0,788.0,0.21384451544195954
edf16,11,,free_viewing,,s_woman_woman_folded_clothes,4695.0,3691,2,1038.0,1038.0,0.7861554845580405
edf16,12,,free_viewing,,o_window_girl_opened_window,4806.0,2460,2,1358.0,1358.0,0.5118601747815231
edf16,12,,free_viewing,,s_girl_girl_opened_window,4806.0,2059,2,2570.0,2570.0,0.4284228048272992
edf16,13,,free_viewing,,o_shrub_man_cut_shrub,4593.0,3900,2,1156.0,1156.0,0.8491182233834096
edf16,13,,free_viewing,,s_man_man_cut_shrub,4593.0,693,2,725.0,725.0,0.15088177661659047
edf16,14,,free_viewing,,o_door_boy_opened_door,4789.0,4513,2,1062.0,1062.0,0.9423679264982251
edf16,14,,free_viewing,,s_boy_boy_opened_door,4789.0,276,1,1528.0,1528.0,0.0576320735017749
edf16,15,,free_viewing,,o_lamp_girl_light_lamp,4255.0,1218,3,1504.0,1504.0,0.2862514688601645
edf16,15,,free_viewing,,s_girl_girl_lit_lamp,4255.0,2893,4,1140.0,1140.0,0.6799059929494712
edf16,16,,free_viewing,,o_hole_dog_dug_hole,4860.0,2009,2,1598.0,1598.0,0.4133744855967078
edf16,16,,free_viewing,,s_dog_dog_dug_hole,4860.0,2851,2,999.0,999.0,0.5866255144032921
edf16,17,,free_viewing,,o_frisbee_child_throw_frisbee,4758.0,2430,2,1228.0,1228.0,0.510718789407314
edf16,17,,free_viewing,,s_child_child_throw_frisbee,4758.0,2133,3,934.0,934.0,0.44829760403530894
edf16,18,,free_viewing,,o_cake_girl_baked_cake,4790.0,2112,2,1154.0,1154.0,0.44091858037578285
edf16,18,,free_viewing,,s_girl_girl_baked_cake,4790.0,2678,2,1846.0,1846.0,0.5590814196242171
edf16,19,English,sentence_audio,active,o_tabla_child_play_tabla,4471.0,978,3,5490.0,5490.0,0.21874301051218967
edf16,19,English,sentence_audio,active,s_child_child_play_tabla,4471.0,2621,3,5662.0,5662.0,0.586222321628271
edf16,2,,free_viewing,,o_dog_girl_fed_dog,4536.0,1767,5,697.0,697.0,0.38955026455026454
edf16,2,,free_viewing,,s_girl_girl_fed_dog,4536.0,2477,4,1186.0,1186.0,0.5460758377425045
edf16,20,English,sentence_audio,active,o_door_boy_opened_door,4656.0,2444,3,5484.0,5484.0,0.5249140893470791
edf16,20,English,sentence_audio,active,s_boy_boy_opened_door,4656.0,1962,2,5942.0,5942.0,0.4213917525773196
edf16,21,English,sentence_audio,active,o_bucket_boy_filled_bucket,4846.0,4846,1,5758.0,5758.0,1.0
edf16,21,English,sentence_audio,active,s_boy_boy_filled_bucket,4846.0,0,0,,,0.0
edf16,22,English,sentence_audio,passive,o_dog_girl_fed_dog,4634.0,2256,3,5832.0,5832.0,0.4868364264134657
edf16,22,English,sentence_audio,passive,s_girl_girl_fed_dog,4634.0,2378,2,6776.0,6776.0,0.5131635735865343
edf16,23,English,sentence_audio,passive,o_scooter_driver_wash_scooter,4704.0,4092,3,5493.0,5493.0,0.8698979591836735
edf16,23,English,sentence_audio,passive,s_driver_driver_wash_scooter,4704.0,612,2,6068.0,6068.0,0.13010204081632654
edf16,24,English,sentence_audio,passive,o_picture_artiste_drew_picture,4738.0,4348,2,5964.0,5964.0,0.9176867876741241
edf16,24,English,sentence_audio,passive,s_artiste_artiste_drew_picture,4738.0,390,1,9780.0,9780.0,0.08231321232587589
edf16,25,English,sentence_audio,passive_dropped_agent,o_tree_girl_plant_tree,4670.0,682,1,6560.0,6560.0,0.14603854389721627
edf16,25,English,sentence_audio,passive_dropped_agent,s_girl_girl_plant_tree,4670.0,3554,3,6126.0,6126.0,0.7610278372591006
edf16,26,English,sentence_audio,passive_dropped_agent,o_frisbee_child_throw_frisbee,4554.0,774,2,8180.0,8180.0,0.16996047430830039
edf16,26,English,sentence_audio,passive_dropped_agent,s_child_child_throw_frisbee,4554.0,2459,3,6586.0,6586.0,0.5399648660518226
edf16,27,English,sentence_audio,passive_dropped_agent,o_vase_boy_broke_vase,4618.0,4373,1,5865.0,5865.0,0.9469467301862278
edf16,27,English,sentence_audio,passive_dropped_agent,s_boy_boy_broke_vase,4618.0,245,1,10590.0,10590.0,0.053053269813772196
edf16,28,Punjabi,sentence_audio,active,o_box_man_pushed_box,4467.0,2314,3,6556.0,6556.0,0.518021043205731
edf16,28,Punjabi,sentence_audio,active,s_man_man_pushed_box,4467.0,2153,4,6002.0,6002.0,0.4819789567942691
edf16,29,Punjabi,sentence_audio,active,o_shrub_man_cut_shrub,4644.0,2678,2,5460.0,5460.0,0.5766580534022394
edf16,29,Punjabi,sentence_audio,active,s_man_man_cut_shrub,4644.0,1616,3,5194.0,5194.0,0.3479758828596038
edf16,3,,free_viewing,,o_picture_artiste_drew_picture,4412.0,3027,4,1125.0,1125.0,0.6860834088848595
edf16,3,,free_viewing,,s_artiste_artiste_drew_picture,4412.0,1101,3,1608.0,1608.0,0.24954669084315503
edf16,30,Punjabi,sentence_audio,active,o_window_girl_opened_window,4534.0,1708,3,6314.0,6314.0,0.37670930745478604
edf16,30,Punjabi,sentence_audio,active,s_girl_girl_opened_window,4534.0,2594,3,7014.0,7014.0,0.572121746801941
edf16,31,Punjabi,sentence_audio,passive,o_hole_dog_dug_hole,4532.0,660,1,5870.0,5870.0,0.14563106796116504
edf16,31,Punjabi,sentence_audio,passive,s_dog_dog_dug_hole,4532.0,3872,2,5263.0,5263.0,0.8543689320388349
edf16,32,Punjabi,sentence_audio,passive,o_veg_boy_cut_vegetables,4705.0,712,1,6408.0,6408.0,0.15132837407013816
edf16,32,Punjabi,sentence_audio,passive,s_boy_boy_cut_vegetables,4705.0,3993,2,5807.0,5807.0,0.8486716259298619
edf16,33,Punjabi,sentence_audio,passive,o_cake_girl_baked_cake,4683.0,976,2,7298.0,7298.0,0.2084134102071322
edf16,33,Punjabi,sentence_audio,passive,s_girl_girl_baked_cake,4683.0,3459,3,6018.0,6018.0,0.7386290839205637
edf16,34,Punjabi,sentence_audio,passive_dropped_agent,o_clothes_woman_folded_clothes,4683.0,870,2,6488.0,6488.0,0.18577834721332478
edf16,34,Punjabi,sentence_audio,passive_dropped_agent,s_woman_woman_folded_clothes,4683.0,3559,3,5920.0,5920.0,0.7599829169335895
edf16,35,Punjabi,sentence_audio,passive_dropped_agent,o_letter_woman_read_letter,4635.0,674,1,6814.0,6814.0,0.14541531823085221
edf16,35,Punjabi,sentence_audio,passive_dropped_agent,s_woman_woman_read_letter,4635.0,3961,2,5885.0,5885.0,0.8545846817691478
edf16,36,Punjabi,sentence_audio,passive_dropped_agent,o_lamp_girl_light_lamp,4645.0,766,2,6124.0,6124.0,0.16490850376749192
edf16,36,Punjabi,sentence_audio,passive_dropped_agent,s_girl_girl_lit_lamp,4645.0,3175,4,5884.0,5884.0,0.6835306781485468
edf16,4,,free_viewing,,o_bucket_boy_filled_bucket,4545.0,1419,3,1115.0,1115.0,0.3122112211221122
edf16,4,,free_viewing,,s_boy_boy_filled_bucket,4545.0,2770,3,1720.0,1720.0,0.6094609460946094
edf16,5,,free_viewing,,o_scooter_driver_wash_scooter,4281.0,2423,4,925.0,925.0,0.5659892548469984
edf16,5,,free_viewing,,s_driver_driver_wash_scooter,4281.0,1858,4,1398.0,1398.0,0.43401074515300164
edf16,6,,free_viewing,,o_veg_boy_cut_vegetables,4579.0,2059,2,1644.0,1644.0,0.4496614981436995
edf16,6,,free_viewing,,s_boy_boy_cut_vegetables,4579.0,2520,2,1122.0,1122.0,0.5503385018563005
edf16,7,,free_viewing,,o_tabla_child_play_tabla,4362.0,1346,3,1118.0,1118.0,0.3085740486015589
edf16,7,,free_viewing,,s_child_child_play_tabla,4362.0,2319,3,1728.0,1728.0,0.5316368638239339
edf16,8,,free_viewing,,o_tree_girl_plant_tree,4496.0,1818,2,1294.0,1294.0,0.4043594306049822
edf16,8,,free_viewing,,s_girl_girl_plant_tree,4496.0,2678,3,820.0,820.0,0.5956405693950177
edf16,9,,free_viewing,,o_vase_boy_broke_vase,4742.0,2709,3,1067.0,1067.0,0.5712779417967102
edf16,9,,free_viewing,,s_boy_boy_broke_vase,4742.0,2033,3,1996.0,1996.0,0.42872205820328974
edf17,1,,free_viewing,,o_window_girl_opened_window,4523.0,1860,4,1018.0,1018.0,0.4112314835286314
edf17,1,,free_viewing,,s_girl_girl_opened_window,4523.0,2162,3,1224.0,1224.0,0.4780013265531727
edf17,10,,free_viewing,,o_cake_girl_baked_cake,4936.0,521,1,857.0,857.0,0.10555105348460292
edf17,10,,free_viewing,,s_girl_girl_baked_cake,4936.0,4415,1,1434.0,1434.0,0.8944489465153971
edf17,11,,free_viewing,,o_dog_girl_fed_dog,4493.0,1855,2,777.0,777.0,0.4128644558201647
edf17,11,,free_viewing,,s_girl_girl_fed_dog,4493.0,1106,2,1844.0,1844.0,0.24616069441353217
edf17,12,,free_viewing,,o_clothes_woman_folded_clothes,4167.0,614,2,1270.0,1270.0,0.14734821214302857
edf17,12,,free_viewing,,s_woman_woman_folded_clothes,4167.0,3317,3,1048.0,1048.0,0.7960163186945044
edf17,13,,free_viewing,,o_hole_dog_dug_hole,4404.0,1392,4,1862.0,1862.0,0.31607629427792916
edf17,13,,free_viewing,,s_dog_dog_dug_hole,4404.0,1594,2,782.0,782.0,0.3619436875567666
edf17,14,,free_viewing,,o_door_boy_opened_door,4906.0,2970,2,1062.0,1062.0,0.6053811659192825
edf17,14,,free_viewing,,s_boy_boy_opened_door,4906.0,1936,1,1468.0,1468.0,0.39461883408071746
edf17,15,,free_viewing,,o_veg_boy_cut_vegetables,4807.0,2152,1,2992.0,2992.0,0.44768046598710215
edf17,15,,free_viewing,,s_boy_boy_cut_vegetables,4807.0,2655,2,1033.0,1033.0,0.5523195340128979
edf17,16,,free_viewing,,o_picture_artiste_drew_picture,4426.0,3106,4,745.0,745.0,0.701762313601446
edf17,16,,free_viewing,,s_artiste_artiste_drew_picture,4426.0,1320,3,1138.0,1138.0,0.298237686398554
edf17,17,,free_viewing,,o_tree_girl_plant_tree,4390.0,1877,3,1026.0,1026.0,0.4275626423690205
edf17,17,,free_viewing,,s_girl_girl_plant_tree,4390.0,1749,3,781.0,781.0,0.39840546697038726
edf17,18,,free_viewing,,o_box_man_pushed_box,4614.0,1893,2,2510.0,2510.0,0.4102730819245774
edf17,18,,free_viewing,,s_man_man_pushed_box,4614.0,2511,2,857.0,857.0,0.5442132639791938
edf17,19,English,sentence_audio,passive,o_tabla_child_play_tabla,4271.0,1002,4,5616.0,5616.0,0.234605478810583
edf17,19,English,sentence_audio,passive,s_child_child_play_tabla,4271.0,1090,2,5838.0,5838.0,0.2552095527979396
edf17,2,,free_viewing,,o_vase_boy_broke_vase,4381.0,2749,4,661.0,661.0,0.6274823099748916
edf17,2,,free_viewing,,s_boy_boy_broke_vase,4381.0,1044,3,1260.0,1260.0,0.2383017575895914
edf17,20,English,sentence_audio,passive,o_door_boy_opened_door,4312.0,2800,5,5858.0,5858.0,0.6493506493506493
edf17,20,English,sentence_audio,passive,s_boy_boy_opened_door,4312.0,1238,3,6270.0,6270.0,0.28710575139146566
edf17,21,English,sentence_audio,passive,o_bucket_boy_filled_bucket,4543.0,3169,3,5534.0,5534.0,0.6975566806075281
edf17,21,English,sentence_audio,passive,s_boy_boy_filled_bucket,4543.0,1374,2,5994.0,5994.0,0.30244331939247193
edf17,22,English,sentence_audio,passive_dropped_agent,o_dog_girl_fed_dog,4481.0,1476,3,7468.0,7468.0,0.32939076099085024
edf17,22,English,sentence_audio,passive_dropped_agent,s_girl_girl_fed_dog,4481.0,970,2,6410.0,6410.0,0.21646953804954253
edf17,23,English,sentence_audio,passive_dropped_agent,o_scooter_driver_wash_scooter,4445.0,3669,2,5258.0,5258.0,0.8254218222722159
edf17,23,English,sentence_audio,passive_dropped_agent,s_driver_driver_wash_scooter,4445.0,776,1,5796.0,5796.0,0.17457817772778403
edf17,24,English,sentence_audio,passive_dropped_agent,o_picture_artiste_drew_picture,4503.0,3505,3,5397.0,5397.0,0.778369975571841
edf17,24,English,sentence_audio,passive_dropped_agent,s_artiste_artiste_drew_picture,4503.0,998,2,5770.0,5770.0,0.22163002442815902
edf17,25,Punjabi,sentence_audio,active,o_tree_girl_plant_tree,4375.0,2408,2,6054.0,6054.0,0.5504
edf17,25,Punjabi,sentence_audio,active,s_girl_girl_plant_tree,4375.0,1967,2,5623.0,5623.0,0.4496
edf17,26,Punjabi,sentence_audio,active,o_frisbee_child_throw_frisbee,4427.0,1806,2,6308.0,6308.0,0.4079512084933363
edf17,26,Punjabi,sentence_audio,active,s_child_child_throw_frisbee,4427.0,2090,2,5728.0,5728.0,0.4721030042918455
edf17,27,Punjabi,sentence_audio,active,o_vase_boy_broke_vase,4578.0,3256,3,5231.0,5231.0,0.7112276103101791
edf17,27,Punjabi,sentence_audio,active,s_boy_boy_broke_vase,4578.0,1322,2,5622.0,5622.0,0.2887723896898209
edf17,28,Punjabi,sentence_audio,passive,o_box_man_pushed_box,4655.0,1186,1,6850.0,6850.0,0.2547798066595059
edf17,28,Punjabi,sentence_audio,passive,s_man_man_pushed_box,4655.0,3469,2,5554.0,5554.0,0.745220193340494
edf17,29,Punjabi,sentence_audio,passive,o_shrub_man_cut_shrub,4177.0,1962,4,6074.0,6074.0,0.46971510653579124
edf17,29,Punjabi,sentence_audio,passive,s_man_man_cut_shrub,4177.0,2143,4,5847.0,5847.0,0.5130476418482164
edf17,3,,free_viewing,,o_lamp_girl_light_lamp,4501.0,1836,2,1336.0,1336.0,0.40790935347700513
edf17,3,,free_viewing,,s_girl_girl_lit_lamp,4501.0,2665,3,1115.0,1115.0,0.5920906465229949
edf17,30,Punjabi,sentence_audio,passive,o_window_girl_opened_window,4488.0,1856,3,6554.0,6554.0,0.41354723707664887
edf17,30,Punjabi,sentence_audio,passive,s_girl_girl_opened_window,4488.0,2252,4,5442.0,5442.0,0.5017825311942959
edf17,31,Punjabi,sentence_audio,passive_dropped_agent,o_hole_dog_dug_hole,4196.0,604,1,6006.0,6006.0,0.14394661582459486
edf17,31,Punjabi,sentence_audio,passive_dropped_agent,s_dog_dog_dug_hole,4196.0,2868,3,5784.0,5784.0,0.6835081029551954
edf17,32,Punjabi,sentence_audio,passive_dropped_agent,o_veg_boy_cut_vegetables,4812.0,1358,1,6214.0,6214.0,0.2822111388196176
edf17,32,Punjabi,sentence_audio,passive_dropped_agent,s_boy_boy_cut_vegetables,4812.0,3340,2,5833.0,5833.0,0.6940980881130507
edf17,33,Punjabi,sentence_audio,passive_dropped_agent,o_cake_girl_baked_cake,4745.0,1526,3,5926.0,5926.0,0.32160168598524763
edf17,33,Punjabi,sentence_audio,passive_dropped_agent,s_girl_girl_baked_cake,4745.0,3040,2,6334.0,6334.0,0.6406743940990516
edf17,34,English,sentence_audio,active,o_clothes_woman_folded_clothes,4452.0,1726,2,5756.0,5756.0,0.38769092542677447
edf17,34,English,sentence_audio,active,s_woman_woman_folded_clothes,4452.0,2483,2,6100.0,6100.0,0.5577268643306379
edf17,35,English,sentence_audio,active,o_letter_woman_read_letter,4626.0,788,1,7218.0,7218.0,0.1703415477734544
edf17,35,English,sentence_audio,active,s_woman_woman_read_letter,4626.0,3449,2,5567.0,5567.0,0.7455685257241678
edf17,36,English,sentence_audio,active,o_lamp_girl_light_lamp,4475.0,1321,3,5472.0,5472.0,0.295195530726257
edf17,36,English,sentence_audio,active,s_girl_girl_lit_lamp,4475.0,3154,3,5206.0,5206.0,0.704804469273743
edf17,4,,free_viewing,,o_tabla_child_play_tabla,4503.0,1022,3,1286.0,1286.0,0.22695980457472795
edf17,4,,free_viewing,,s_child_child_play_tabla,4503.0,976,2,1652.0,1652.0,0.21674439262713746
edf17,5,,free_viewing,,o_frisbee_child_throw_frisbee,4401.0,1474,4,1368.0,1368.0,0.3349238809361509
edf17,5,,free_viewing,,s_child_child_throw_frisbee,4401.0,1854,4,1150.0,1150.0,0.4212678936605317
edf17,6,,free_viewing,,o_bucket_boy_filled_bucket,4374.0,1449,2,1113.0,1113.0,0.33127572016460904
edf17,6,,free_viewing,,s_boy_boy_filled_bucket,4374.0,2513,2,1780.0,1780.0,0.5745313214449017
edf17,7,,free_viewing,,o_letter_woman_read_letter,4682.0,1088,1,3200.0,3200.0,0.23237932507475437
edf17,7,,free_viewing,,s_woman_woman_read_letter,4682.0,3594,2,692.0,692.0,0.7676206749252457
edf17,8,,free_viewing,,o_scooter_driver_wash_scooter,4497.0,3423,3,1107.0,1107.0,0.7611741160773849
edf17,8,,free_viewing,,s_driver_driver_wash_scooter,4497.0,1074,2,2264.0,2264.0,0.23882588392261508
edf17,9,,free_viewing,,o_shrub_man_cut_shrub,4424.0,1924,3,974.0,974.0,0.4349005424954792
edf17,9,,free_viewing,,s_man_man_cut_shrub,4424.0,2500,4,718.0,718.0,0.5650994575045208
edf18,1,,free_viewing,,o_shrub_man_cut_shrub,4444.0,2892,3,1086.0,1086.0,0.6507650765076508
edf18,1,,free_viewing,,s_man_man_cut_shrub,4444.0,1552,4,810.0,810.0,0.34923492349234925
edf18,10,,free_viewing,,o_frisbee_child_throw_frisbee,3916.0,1467,3,1082.0,1082.0,0.37461695607763024
edf18,10,,free_viewing,,s_child_child_throw_frisbee,3916.0,1116,3,958.0,958.0,0.2849846782431052
edf18,11,,free_viewing,,o_box_man_pushed_box,4271.0,2340,2,1296.0,1296.0,0.5478810583001639
edf18,11,,free_viewing,,s_man_man_pushed_box,4271.0,793,2,923.0,923.0,0.1856708030906111
edf18,12,,free_viewing,,o_tree_girl_plant_tree,4184.0,3349,2,1166.0,1166.0,0.8004302103250478
edf18,12,,free_viewing,,s_girl_girl_plant_tree,4184.0,835,2,901.0,901.0,0.1995697896749522
edf18,13,,free_viewing,,o_letter_woman_read_letter,4302.0,744,3,1166.0,1166.0,0.17294281729428174
edf18,13,,free_viewing,,s_woman_woman_read_letter,4302.0,3558,4,692.0,692.0,0.8270571827057183
edf18,14,,free_viewing,,o_scooter_driver_wash_scooter,4438.0,3526,3,1016.0,1016.0,0.7945020279405137
edf18,14,,free_viewing,,s_driver_driver_wash_scooter,4438.0,912,2,3304.0,3304.0,0.20549797205948625
edf18,15,,free_viewing,,o_clothes_woman_folded_clothes,4395.0,1206,1,1240.0,1240.0,0.2744027303754266
edf18,15,,free_viewing,,s_woman_woman_folded_clothes,4395.0,2720,3,1074.0,1074.0,0.6188850967007964
edf18,16,,free_viewing,,o_window_girl_opened_window,4284.0,3528,2,1042.0,1042.0,0.8235294117647058
edf18,16,,free_viewing,,s_girl_girl_opened_window,4284.0,518,2,2456.0,2456.0,0.12091503267973856
edf18,17,,free_viewing,,o_picture_artiste_drew_picture,4229.0,2383,3,760.0,760.0,0.5634901868053913
edf18,17,,free_viewing,,s_artiste_artiste_drew_picture,4229.0,1718,2,1660.0,1660.0,0.4062426105462284
edf18,18,,free_viewing,,o_door_boy_opened_door,4275.0,931,3,715.0,715.0,0.21777777777777776
edf18,18,,free_viewing,,s_boy_boy_opened_door,4275.0,3344,3,910.0,910.0,0.7822222222222223
edf18,19,English,sentence_audio,passive_dropped_agent,o_tabla_child_play_tabla,4155.0,1911,3,6388.0,6388.0,0.459927797833935
edf18,19,English,sentence_audio,passive_dropped_agent,s_child_child_play_tabla,4155.0,1278,2,6766.0,6766.0,0.3075812274368231
edf18,2,,free_viewing,,o_tabla_child_play_tabla,4508.0,3232,4,1306.0,1306.0,0.7169476486246673
edf18,2,,free_viewing,,s_child_child_play_tabla,4508.0,940,2,2120.0,2120.0,0.2085181898846495
edf18,20,English,sentence_audio,passive_dropped_agent,o_door_boy_opened_door,4138.0,1786,6,5382.0,5382.0,0.43160947317544707
edf18,20,English,sentence_audio,passive_dropped_agent,s_boy_boy_opened_door,4138.0,2352,6,5612.0,5612.0,0.5683905268245529
edf18,21,English,sentence_audio,passive_dropped_agent,o_bucket_boy_filled_bucket,4235.0,1533,3,5625.0,5625.0,0.36198347107438017
edf18,21,English,sentence_audio,passive_dropped_agent,s_boy_boy_filled_bucket,4235.0,2428,4,6134.0,6134.0,0.5733175914994096
edf18,22,Punjabi,sentence_audio,active,o_dog_girl_fed_dog,4085.0,910,4,5490.0,5490.0,0.22276621787025705
edf18,22,Punjabi,sentence_audio,active,s_girl_girl_fed_dog,4085.0,3071,4,5732.0,5732.0,0.7517747858017136
edf18,23,Punjabi,sentence_audio,active,o_scooter_driver_wash_scooter,4203.0,3643,3,5227.0,5227.0,0.86676183678325
edf18,23,Punjabi,sentence_audio,active,s_driver_driver_wash_scooter,4203.0,560,2,8078.0,8078.0,0.13323816321674994
edf18,24,Punjabi,sentence_audio,active,o_picture_artiste_drew_picture,4143.0,3445,4,5405.0,5405.0,0.8315230509292783
edf18,24,Punjabi,sentence_audio,active,s_artiste_artiste_drew_picture,4143.0,698,3,6320.0,6320.0,0.1684769490707217
edf18,25,Punjabi,sentence_audio,passive,o_tree_girl_plant_tree,4200.0,1556,3,5782.0,5782.0,0.37047619047619046
edf18,25,Punjabi,sentence_audio,passive,s_girl_girl_plant_tree,4200.0,2644,4,5520.0,5520.0,0.6295238095238095
edf18,26,Punjabi,sentence_audio,passive,o_frisbee_child_throw_frisbee,4118.0,1358,3,5798.0,5798.0,0.32977173385138414
edf18,26,Punjabi,sentence_audio,passive,s_child_child_throw_frisbee,4118.0,2628,3,5486.0,5486.0,0.6381738708110734
edf18,27,Punjabi,sentence_audio,passive,o_vase_boy_broke_vase,4068.0,2790,3,5502.0,5502.0,0.6858407079646017
edf18,27,Punjabi,sentence_audio,passive,s_boy_boy_broke_vase,4068.0,1278,3,6138.0,6138.0,0.3141592920353982
edf18,28,Punjabi,sentence_audio,passive_dropped_agent,o_box_man_pushed_box,4361.0,3144,3,6698.0,6698.0,0.7209355652373309
edf18,28,Punjabi,sentence_audio,passive_dropped_agent,s_man_man_pushed_box,4361.0,1055,3,6147.0,6147.0,0.24191699151570742
edf18,29,Punjabi,sentence_audio,passive_dropped_agent,o_shrub_man_cut_shrub,4277.0,3850,2,6268.0,6268.0,0.900163666121113
edf18,29,Punjabi,sentence_audio,passive_dropped_agent,s_man_man_cut_shrub,4277.0,427,2,6063.0,6063.0,0.09983633387888707
edf18,3,,free_viewing,,o_lamp_girl_light_lamp,4342.0,3741,2,1032.0,1032.0,0.86158452326117
edf18,3,,free_viewing,,s_girl_girl_lit_lamp,4342.0,601,2,817.0,817.0,0.13841547673883003
edf18,30,Punjabi,sentence_audio,passive_dropped_agent,o_window_girl_opened_window,4181.0,1650,3,5934.0,5934.0,0.39464243004066013
edf18,30,Punjabi,sentence_audio,passive_dropped_agent,s_girl_girl_opened_window,4181.0,2335,4,5740.0,5740.0,0.558478832815116
edf18,31,English,sentence_audio,active,o_hole_dog_dug_hole,4260.0,2140,1,5896.0,5896.0,0.5023474178403756
edf18,31,English,sentence_audio,active,s_dog_dog_dug_hole,4260.0,2120,2,5443.0,5443.0,0.49765258215962443
edf18,32,English,sentence_audio,active,o_veg_boy_cut_vegetables,4439.0,1932,2,6194.0,6194.0,0.43523316062176165
edf18,32,English,sentence_audio,active,s_boy_boy_cut_vegetables,4439.0,2377,3,5968.0,5968.0,0.5354809641811219
edf18,33,English,sentence_audio,active,o_cake_girl_baked_cake,4164.0,3215,3,5829.0,5829.0,0.7720941402497599
edf18,33,English,sentence_audio,active,s_girl_girl_baked_cake,4164.0,795,2,8694.0,8694.0,0.1909221902017291
edf18,34,English,sentence_audio,passive,o_clothes_woman_folded_clothes,4679.0,2049,2,5259.0,5259.0,0.43791408420602695
edf18,34,English,sentence_audio,passive,s_woman_woman_folded_clothes,4679.0,2544,2,5562.0,5562.0,0.5437059200683907
edf18,35,English,sentence_audio,passive,o_letter_woman_read_letter,4462.0,1190,2,7608.0,7608.0,0.26669654863290004
edf18,35,English,sentence_audio,passive,s_woman_woman_read_letter,4462.0,3272,3,5789.0,5789.0,0.7333034513671
edf18,36,English,sentence_audio,passive,o_lamp_girl_light_lamp,4237.0,1728,3,6280.0,6280.0,0.40783573282983243
edf18,36,English,sentence_audio,passive,s_girl_girl_lit_lamp,4237.0,2509,4,5976.0,5976.0,0.5921642671701676
edf18,4,,free_viewing,,o_cake_girl_baked_cake,4232.0,1636,3,950.0,950.0,0.38657844990548207
edf18,4,,free_viewing,,s_girl_girl_baked_cake,4232.0,2368,3,1174.0,1174.0,0.5595463137996219
edf18,5,,free_viewing,,o_bucket_boy_filled_bucket,4644.0,2552,3,1133.0,1133.0,0.549526270456503
edf18,5,,free_viewing,,s_boy_boy_filled_bucket,4644.0,1844,3,2256.0,2256.0,0.3970714900947459
edf18,6,,free_viewing,,o_veg_boy_cut_vegetables,4407.0,1748,2,1256.0,1256.0,0.39664170637621965
edf18,6,,free_viewing,,s_boy_boy_cut_vegetables,4407.0,2375,4,901.0,901.0,0.5389153619242115
edf18,7,,free_viewing,,o_vase_boy_broke_vase,4631.0,4059,2,758.0,758.0,0.8764845605700713
edf18,7,,free_viewing,,s_boy_boy_broke_vase,4631.0,572,1,2464.0,2464.0,0.12351543942992874
edf18,8,,free_viewing,,o_hole_dog_dug_hole,4416.0,1802,2,1440.0,1440.0,0.40806159420289856
edf18,8,,free_viewing,,s_dog_dog_dug_hole,4416.0,2012,3,829.0,829.0,0.45561594202898553
edf18,9,,free_viewing,,o_dog_girl_fed_dog,4377.0,2287,6,1113.0,1113.0,0.5225039981722641
edf18,9,,free_viewing,,s_girl_girl_fed_dog,4377.0,1054,4,1386.0,1386.0,0.24080420379255196
edf19,1,,free_viewing,,o_tree_girl_plant_tree,4482.0,2316,3,1278.0,1278.0,0.5167336010709505
edf19,1,,free_viewing,,s_girl_girl_plant_tree,4482.0,1499,3,2010.0,2010.0,0.3344489067380634
edf19,10,,free_viewing,,o_clothes_woman_folded_clothes,4774.0,3892,3,792.0,792.0,0.8152492668621701
edf19,10,,free_viewing,,s_woman_woman_folded_clothes,4774.0,882,2,988.0,988.0,0.18475073313782991
edf19,11,,free_viewing,,o_box_man_pushed_box,4059.0,2184,3,1560.0,1560.0,0.5380635624538064
edf19,11,,free_viewing,,s_man_man_pushed_box,4059.0,1875,3,923.0,923.0,0.4619364375461936
edf19,12,,free_viewing,,o_frisbee_child_throw_frisbee,4248.0,382,2,1612.0,1612.0,0.089924670433145
edf19,12,,free_viewing,,s_child_child_throw_frisbee,4248.0,1544,3,1328.0,1328.0,0.3634651600753296
edf19,13,,free_viewing,,o_lamp_girl_light_lamp,4639.0,2509,2,1422.0,1422.0,0.5408493209743479
edf19,13,,free_viewing,,s_girl_girl_lit_lamp,4639.0,1764,1,1774.0,1774.0,0.38025436516490624
edf19,14,,free_viewing,,o_cake_girl_baked_cake,4662.0,161,1,819.0,819.0,0.03453453453453453
edf19,14,,free_viewing,,s_girl_girl_baked_cake,4662.0,1449,3,1010.0,1010.0,0.3108108108108108
edf19,15,,free_viewing,,o_window_girl_opened_window,4729.0,1584,2,1216.0,1216.0,0.3349545358426729
edf19,15,,free_viewing,,s_girl_girl_opened_window,4729.0,3145,3,667.0,667.0,0.6650454641573271
edf19,16,,free_viewing,,o_door_boy_opened_door,4313.0,369,2,935.0,935.0,0.08555529793647114
edf19,16,,free_viewing,,s_boy_boy_opened_door,4313.0,3944,1,1120.0,1120.0,0.9144447020635289
edf19,17,,free_viewing,,o_veg_boy_cut_vegetables,4534.0,3214,2,1312.0,1312.0,0.7088663431848258
edf19,17,,free_viewing,,s_boy_boy_cut_vegetables,4534.0,1320,2,838.0,838.0,0.2911336568151742
edf19,18,,free_viewing,,o_shrub_man_cut_shrub,4516.0,4448,1,932.0,932.0,0.9849424269264836
edf19,18,,free_viewing,,s_man_man_cut_shrub,4516.0,0,0,,,0.0
edf19,19,Punjabi,sentence_audio,active,o_tabla_child_play_tabla,4329.0,1796,3,6678.0,6678.0,0.41487641487641486
edf19,19,Punjabi,sentence_audio,active,s_child_child_play_tabla,4329.0,1582,5,6240.0,6240.0,0.36544236544236547
edf19,2,,free_viewing,,o_tabla_child_play_tabla,4352.0,1852,3,1536.0,1536.0,0.4255514705882353
edf19,2,,free_viewing,,s_child_child_play_tabla,4352.0,1348,3,1320.0,1320.0,0.30974264705882354
edf19,20,Punjabi,sentence_audio,active,o_door_boy_opened_door,4770.0,1322,2,5788.0,5788.0,0.2771488469601677
edf19,20,Punjabi,sentence_audio,active,s_boy_boy_opened_door,4770.0,3448,2,6292.0,6292.0,0.7228511530398323
edf19,21,Punjabi,sentence_audio,active,o_bucket_boy_filled_bucket,4480.0,3608,4,5606.0,5606.0,0.8053571428571429
edf19,21,Punjabi,sentence_audio,active,s_boy_boy_filled_bucket,4480.0,872,3,6538.0,6538.0,0.19464285714285715
edf19,22,Punjabi,sentence_audio,passive,o_dog_girl_fed_dog,1893.0,1151,4,6049.0,6049.0,0.6080295826730058
edf19,22,Punjabi,sentence_audio,passive,s_girl_girl_fed_dog,1893.0,718,3,6238.0,6238.0,0.3792921288959324
edf19,23,Punjabi,sentence_audio,passive,o_scooter_driver_wash_scooter,3924.0,1750,4,5269.0,5269.0,0.445973496432212
edf19,23,Punjabi,sentence_audio,passive,s_driver_driver_wash_scooter,3924.0,1642,3,5430.0,5430.0,0.4184505606523955
edf19,24,Punjabi,sentence_audio,passive,o_picture_artiste_drew_picture,2924.0,1842,3,5298.0,5298.0,0.6299589603283173
edf19,24,Punjabi,sentence_audio,passive,s_artiste_artiste_drew_picture,2924.0,950,3,5712.0,5712.0,0.32489740082079344
edf19,25,Punjabi,sentence_audio,passive_dropped_agent,o_tree_girl_plant_tree,2010.0,396,1,5658.0,5658.0,0.19701492537313434
edf19,25,Punjabi,sentence_audio,passive_dropped_agent,s_girl_girl_plant_tree,2010.0,728,2,6928.0,6928.0,0.36218905472636814
edf19,26,Punjabi,sentence_audio,passive_dropped_agent,o_frisbee_child_throw_frisbee,2745.0,168,1,6620.0,6620.0,0.06120218579234973
edf19,26,Punjabi,sentence_audio,passive_dropped_agent,s_child_child_throw_frisbee,2745.0,1702,3,5694.0,5694.0,0.6200364298724954
edf19,27,Punjabi,sentence_audio,passive_dropped_agent,o_vase_boy_broke_vase,4568.0,2465,4,5199.0,5199.0,0.5396234676007006
edf19,27,Punjabi,sentence_audio,passive_dropped_agent,s_boy_boy_broke_vase,4568.0,1101,3,5676.0,5676.0,0.2410245183887916
edf19,28,English,sentence_audio,active,o_box_man_pushed_box,4294.0,440,2,7102.0,7102.0,0.10246856078248719
edf19,28,English,sentence_audio,active,s_man_man_pushed_box,4294.0,3031,2,6354.0,6354.0,0.7058686539357243
edf19,29,English,sentence_audio,active,o_shrub_man_cut_shrub,4669.0,4038,2,5818.0,5818.0,0.8648532876418933
edf19,29,English,sentence_audio,active,s_man_man_cut_shrub,4669.0,631,2,5555.0,5555.0,0.13514671235810666
edf19,3,,free_viewing,,o_dog_girl_fed_dog,4285.0,908,3,1854.0,1854.0,0.211901983663944
edf19,3,,free_viewing,,s_girl_girl_fed_dog,4285.0,1634,3,1126.0,1126.0,0.38133022170361724
edf19,30,English,sentence_audio,active,o_window_girl_opened_window,4538.0,1164,2,8858.0,8858.0,0.25650066108417807
edf19,30,English,sentence_audio,active,s_girl_girl_opened_window,4538.0,2718,3,6142.0,6142.0,0.5989422653151167
edf19,31,English,sentence_audio,passive,o_hole_dog_dug_hole,4425.0,2518,2,6228.0,6228.0,0.5690395480225988
edf19,31,English,sentence_audio,passive,s_dog_dog_dug_hole,4425.0,1681,3,6010.0,6010.0,0.3798870056497175
edf19,32,English,sentence_audio,passive,o_veg_boy_cut_vegetables,3841.0,2100,1,6448.0,6448.0,0.5467326217130956
edf19,32,English,sentence_audio,passive,s_boy_boy_cut_vegetables,3841.0,1413,3,6018.0,6018.0,0.3678729497526686
edf19,33,English,sentence_audio,passive,o_cake_girl_baked_cake,4437.0,609,2,8978.0,8978.0,0.13725490196078433
edf19,33,English,sentence_audio,passive,s_girl_girl_baked_cake,4437.0,1278,2,5844.0,5844.0,0.2880324543610548
edf19,34,English,sentence_audio,passive_dropped_agent,o_clothes_woman_folded_clothes,3895.0,367,2,6079.0,6079.0,0.09422336328626445
edf19,34,English,sentence_audio,passive_dropped_agent,s_woman_woman_folded_clothes,3895.0,3244,3,6266.0,6266.0,0.8328626444159178
edf19,35,English,sentence_audio,passive_dropped_agent,o_letter_woman_read_letter,3083.0,338,1,7502.0,7502.0,0.10963347388906909
edf19,35,English,sentence_audio,passive_dropped_agent,s_woman_woman_read_letter,3083.0,2363,3,6198.0,6198.0,0.7664612390528706
edf19,36,English,sentence_audio,passive_dropped_agent,o_lamp_girl_light_lamp,4712.0,1310,3,6356.0,6356.0,0.27801358234295415
edf19,36,English,sentence_audio,passive_dropped_agent,s_girl_girl_lit_lamp,4712.0,3284,4,5794.0,5794.0,0.6969439728353141
edf19,4,,free_viewing,,o_hole_dog_dug_hole,4343.0,1383,3,1536.0,1536.0,0.31844347225420216
edf19,4,,free_viewing,,s_dog_dog_dug_hole,4343.0,1146,3,966.0,966.0,0.26387289891779875
edf19,5,,free_viewing,,o_picture_artiste_drew_picture,4604.0,1961,1,3730.0,3730.0,0.42593397046046916
edf19,5,,free_viewing,,s_artiste_artiste_drew_picture,4604.0,2508,1,932.0,932.0,0.5447437011294527
edf19,6,,free_viewing,,o_vase_boy_broke_vase,4668.0,2702,4,1115.0,1115.0,0.578834618680377
edf19,6,,free_viewing,,s_boy_boy_broke_vase,4668.0,1702,3,1346.0,1346.0,0.36461011139674376
edf19,7,,free_viewing,,o_letter_woman_read_letter,4616.0,1056,3,1450.0,1450.0,0.22876949740034663
edf19,7,,free_viewing,,s_woman_woman_read_letter,4616.0,3402,4,1000.0,1000.0,0.737001733102253
edf19,8,,free_viewing,,o_bucket_boy_filled_bucket,4736.0,3905,1,657.0,657.0,0.824535472972973
edf19,8,,free_viewing,,s_boy_boy_filled_bucket,4736.0,326,1,4702.0,4702.0,0.06883445945945946
edf19,9,,free_viewing,,o_scooter_driver_wash_scooter,4611.0,4387,2,1079.0,1079.0,0.9514205161570158
edf19,9,,free_viewing,,s_driver_driver_wash_scooter,4611.0,224,1,1258.0,1258.0,0.04857948384298417
edf20,1,,free_viewing,,o_letter_woman_read_letter,4809.0,0,0,,,0.0
edf20,1,,free_viewing,,s_woman_woman_read_letter,4809.0,3807,2,1032.0,1032.0,0.7916406737367436
edf20,10,,free_viewing,,o_lamp_girl_light_lamp,4552.0,2632,3,1210.0,1210.0,0.5782073813708261
edf20,10,,free_viewing,,s_girl_girl_lit_lamp,4552.0,1660,2,982.0,982.0,0.36467486818980666
edf20,11,,free_viewing,,o_door_boy_opened_door,4700.0,2566,1,1140.0,1140.0,0.5459574468085107
edf20,11,,free_viewing,,s_boy_boy_opened_door,4700.0,2134,1,3982.0,3982.0,0.45404255319148934
edf20,12,,free_viewing,,o_box_man_pushed_box,4396.0,2169,2,1434.0,1434.0,0.49340309372156504
edf20,12,,free_viewing,,s_man_man_pushed_box,4396.0,2053,3,859.0,859.0,0.4670154686078253
edf20,13,,free_viewing,,o_frisbee_child_throw_frisbee,4756.0,3268,1,1482.0,1482.0,0.6871320437342304
edf20,13,,free_viewing,,s_child_child_throw_frisbee,4756.0,848,2,1216.0,1216.0,0.17830109335576114
edf20,14,,free_viewing,,o_picture_artiste_drew_picture,4457.0,3471,3,741.0,741.0,0.778774960735921
edf20,14,,free_viewing,,s_artiste_artiste_drew_picture,4457.0,986,3,1996.0,1996.0,0.22122503926407897
edf20,15,,free_viewing,,o_veg_boy_cut_vegetables,4588.0,3016,2,1230.0,1230.0,0.6573670444638187
edf20,15,,free_viewing,,s_boy_boy_cut_vegetables,4588.0,1298,2,766.0,766.0,0.2829119442022668
edf20,16,,free_viewing,,o_tabla_child_play_tabla,4674.0,2834,1,1468.0,1468.0,0.6063329054343175
edf20,16,,free_viewing,,s_child_child_play_tabla,4674.0,1544,1,4510.0,4510.0,0.3303380402225075
edf20,17,,free_viewing,,o_dog_girl_fed_dog,4562.0,1424,3,651.0,651.0,0.31214379658044716
edf20,17,,free_viewing,,s_girl_girl_fed_dog,4562.0,678,2,4062.0,4062.0,0.14861902674265673
edf20,18,,free_viewing,,o_window_girl_opened_window,4706.0,1331,3,1368.0,1368.0,0.28283042923926904
edf20,18,,free_viewing,,s_girl_girl_opened_window,4706.0,3375,3,1101.0,1101.0,0.717169570760731
edf20,19,Punjabi,sentence_audio,passive,o_tabla_child_play_tabla,4554.0,3332,3,5968.0,5968.0,0.7316644707949056
edf20,19,Punjabi,sentence_audio,passive,s_child_child_play_tabla,4554.0,706,1,8800.0,8800.0,0.15502854633289415
edf20,2,,free_viewing,,o_tree_girl_plant_tree,4433.0,2308,3,1632.0,1632.0,0.5206406496729077
edf20,2,,free_viewing,,s_girl_girl_plant_tree,4433.0,1189,3,1133.0,1133.0,0.2682156553124295
edf20,20,Punjabi,sentence_audio,passive,o_door_boy_opened_door,4564.0,2404,3,5679.0,5679.0,0.5267309377738826
edf20,20,Punjabi,sentence_audio,passive,s_boy_boy_opened_door,4564.0,2160,2,6526.0,6526.0,0.4732690622261174
edf20,21,Punjabi,sentence_audio,passive,o_bucket_boy_filled_bucket,4776.0,4388,2,5654.0,5654.0,0.9187604690117253
edf20,21,Punjabi,sentence_audio,passive,s_boy_boy_filled_bucket,4776.0,388,1,7066.0,7066.0,0.0812395309882747
edf20,22,Punjabi,sentence_audio,passive_dropped_agent,o_dog_girl_fed_dog,4569.0,2273,3,5454.0,5454.0,0.49748303786386516
edf20,22,Punjabi,sentence_audio,passive_dropped_agent,s_girl_girl_fed_dog,4569.0,640,1,7946.0,7946.0,0.14007441453272051
edf20,23,Punjabi,sentence_audio,passive_dropped_agent,o_scooter_driver_wash_scooter,4440.0,4080,2,5692.0,5692.0,0.918918918918919
edf20,23,Punjabi,sentence_audio,passive_dropped_agent,s_driver_driver_wash_scooter,4440.0,360,1,6854.0,6854.0,0.08108108108108109
edf20,24,Punjabi,sentence_audio,passive_dropped_agent,o_picture_artiste_drew_picture,4722.0,2932,2,6060.0,6060.0,0.6209233375688268
edf20,24,Punjabi,sentence_audio,passive_dropped_agent,s_artiste_artiste_drew_picture,4722.0,1790,1,6564.0,6564.0,0.3790766624311732
edf20,25,English,sentence_audio,active,o_tree_girl_plant_tree,4616.0,2287,3,5862.0,5862.0,0.49545060658578854
edf20,25,English,sentence_audio,active,s_girl_girl_plant_tree,4616.0,2329,3,5643.0,5643.0,0.5045493934142115
edf20,26,English,sentence_audio,active,o_frisbee_child_throw_frisbee,4526.0,2384,2,6222.0,6222.0,0.5267344233318604
edf20,26,English,sentence_audio,active,s_child_child_throw_frisbee,4526.0,1170,4,7054.0,7054.0,0.25850640742377373
edf20,27,English,sentence_audio,active,o_vase_boy_broke_vase,4820.0,4708,2,5623.0,5623.0,0.9767634854771784
edf20,27,English,sentence_audio,active,s_boy_boy_broke_vase,4820.0,112,1,5808.0,5808.0,0.023236514522821577
edf20,28,English,sentence_audio,passive,o_box_man_pushed_box,4626.0,2838,3,5826.0,5826.0,0.6134889753566797
edf20,28,English,sentence_audio,passive,s_man_man_pushed_box,4626.0,1788,3,5626.0,5626.0,0.3865110246433204
edf20,29,English,sentence_audio,passive,o_shrub_man_cut_shrub,4742.0,3364,1,6112.0,6112.0,0.709405314213412
edf20,29,English,sentence_audio,passive,s_man_man_cut_shrub,4742.0,1378,2,5907.0,5907.0,0.2905946857865879
edf20,3,,free_viewing,,o_cake_girl_baked_cake,4592.0,2380,3,991.0,991.0,0.5182926829268293
edf20,3,,free_viewing,,s_girl_girl_baked_cake,4592.0,2212,2,1188.0,1188.0,0.4817073170731707
edf20,30,English,sentence_audio,passive,o_window_girl_opened_window,4744.0,954,2,5941.0,5941.0,0.20109612141652614
edf20,30,English,sentence_audio,passive,s_girl_girl_opened_window,4744.0,3618,2,6636.0,6636.0,0.7626475548060708
edf20,31,English,sentence_audio,passive_dropped_agent,o_hole_dog_dug_hole,4715.0,2402,1,5712.0,5712.0,0.5094379639448569
edf20,31,English,sentence_audio,passive_dropped_agent,s_dog_dog_dug_hole,4715.0,2313,2,5330.0,5330.0,0.49056203605514315
edf20,32,English,sentence_audio,passive_dropped_agent,o_veg_boy_cut_vegetables,4757.0,1716,1,5712.0,5712.0,0.3607315535001051
edf20,32,English,sentence_audio,passive_dropped_agent,s_boy_boy_cut_vegetables,4757.0,2856,1,7528.0,7528.0,0.6003783897414336
edf20,33,English,sentence_audio,passive_dropped_agent,o_cake_girl_baked_cake,4753.0,3563,3,5702.0,5702.0,0.7496318114874816
edf20,33,English,sentence_audio,passive_dropped_agent,s_girl_girl_baked_cake,4753.0,1190,2,6304.0,6304.0,0.2503681885125184
edf20,34,Punjabi,sentence_audio,active,o_clothes_woman_folded_clothes,4685.0,2662,2,5670.0,5670.0,0.568196371398079
edf20,34,Punjabi,sentence_audio,active,s_woman_woman_folded_clothes,4685.0,2023,2,6742.0,6742.0,0.431803628601921
edf20,35,Punjabi,sentence_audio,active,o_letter_woman_read_letter,4617.0,2184,2,5950.0,5950.0,0.4730344379467186
edf20,35,Punjabi,sentence_audio,active,s_woman_woman_read_letter,4617.0,2433,3,5708.0,5708.0,0.5269655620532814
edf20,36,Punjabi,sentence_audio,active,o_lamp_girl_light_lamp,4474.0,3322,2,5422.0,5422.0,0.7425122932498882
edf20,36,Punjabi,sentence_audio,active,s_girl_girl_lit_lamp,4474.0,1080,2,5204.0,5204.0,0.24139472507822976
edf20,4,,free_viewing,,o_clothes_woman_folded_clothes,4538.0,2954,2,940.0,940.0,0.6509475539885412
edf20,4,,free_viewing,,s_woman_woman_folded_clothes,4538.0,1240,1,2572.0,2572.0,0.2732481269281622
edf20,5,,free_viewing,,o_shrub_man_cut_shrub,4435.0,2682,1,1292.0,1292.0,0.6047350620067644
edf20,5,,free_viewing,,s_man_man_cut_shrub,4435.0,1591,3,1042.0,1042.0,0.35873731679819615
edf20,6,,free_viewing,,o_hole_dog_dug_hole,4607.0,2160,2,1404.0,1404.0,0.4688517473410028
edf20,6,,free_viewing,,s_dog_dog_dug_hole,4607.0,2163,2,838.0,838.0,0.4695029303234209
edf20,7,,free_viewing,,o_vase_boy_broke_vase,4741.0,2391,2,1011.0,1011.0,0.504323982282219
edf20,7,,free_viewing,,s_boy_boy_broke_vase,4741.0,2152,1,3412.0,3412.0,0.4539126766504957
edf20,8,,free_viewing,,o_scooter_driver_wash_scooter,4612.0,4020,2,852.0,852.0,0.8716392020815265
edf20,8,,free_viewing,,s_driver_driver_wash_scooter,4612.0,592,1,4254.0,4254.0,0.12836079791847355
edf20,9,,free_viewing,,o_bucket_boy_filled_bucket,4771.0,3195,2,1007.0,1007.0,0.6696709285265143
edf20,9,,free_viewing,,s_boy_boy_filled_bucket,4771.0,1576,2,3950.0,3950.0,0.33032907147348567
edf21,1,,free_viewing,,o_tabla_child_play_tabla,4158.0,2278,3,1932.0,1932.0,0.5478595478595478
edf21,1,,free_viewing,,s_child_child_play_tabla,4158.0,1398,4,1236.0,1236.0,0.3362193362193362
edf21,10,,free_viewing,,o_cake_girl_baked_cake,4511.0,1099,4,895.0,895.0,0.24362669031256928
edf21,10,,free_viewing,,s_girl_girl_baked_cake,4511.0,2780,5,1080.0,1080.0,0.6162713367324318
edf21,11,,free_viewing,,o_hole_dog_dug_hole,4302.0,1726,2,1390.0,1390.0,0.401208740120874
edf21,11,,free_viewing,,s_dog_dog_dug_hole,4302.0,2458,3,966.0,966.0,0.5713621571362157
edf21,12,,free_viewing,,o_letter_woman_read_letter,4461.0,838,2,2658.0,2658.0,0.18785025778973324
edf21,12,,free_viewing,,s_woman_woman_read_letter,4461.0,3464,3,1080.0,1080.0,0.7765075095270119
edf21,13,,free_viewing,,o_clothes_woman_folded_clothes,4310.0,732,3,666.0,666.0,0.16983758700696056
edf21,13,,free_viewing,,s_woman_woman_folded_clothes,4310.0,3578,3,828.0,828.0,0.8301624129930394
edf21,14,,free_viewing,,o_dog_girl_fed_dog,4201.0,3049,4,1088.0,1088.0,0.7257795762913593
edf21,14,,free_viewing,,s_girl_girl_fed_dog,4201.0,694,2,1316.0,1316.0,0.16519876219947632
edf21,15,,free_viewing,,o_vase_boy_broke_vase,4354.0,3570,4,952.0,952.0,0.819935691318328
edf21,15,,free_viewing,,s_boy_boy_broke_vase,4354.0,660,3,3152.0,3152.0,0.1515847496554892
edf21,16,,free_viewing,,o_scooter_driver_wash_scooter,4002.0,2902,4,685.0,685.0,0.7251374312843578
edf21,16,,free_viewing,,s_driver_driver_wash_scooter,4002.0,1100,3,1074.0,1074.0,0.2748625687156422
edf21,17,,free_viewing,,o_shrub_man_cut_shrub,4216.0,2087,2,1604.0,1604.0,0.4950189753320683
edf21,17,,free_viewing,,s_man_man_cut_shrub,4216.0,1119,3,1031.0,1031.0,0.26541745730550287
edf21,18,,free_viewing,,o_box_man_pushed_box,4096.0,2442,4,1172.0,1172.0,0.59619140625
edf21,18,,free_viewing,,s_man_man_pushed_box,4096.0,1654,5,797.0,797.0,0.40380859375
edf21,19,Punjabi,sentence_audio,passive_dropped_agent,o_tabla_child_play_tabla,4161.0,2849,5,6496.0,6496.0,0.6846911800048066
edf21,19,Punjabi,sentence_audio,passive_dropped_agent,s_child_child_play_tabla,4161.0,610,3,6314.0,6314.0,0.14659937515020427
edf21,2,,free_viewing,,o_veg_boy_cut_vegetables,4500.0,3646,3,1294.0,1294.0,0.8102222222222222
edf21,2,,free_viewing,,s_boy_boy_cut_vegetables,4500.0,854,3,886.0,886.0,0.18977777777777777
edf21,20,Punjabi,sentence_audio,passive_dropped_agent,o_door_boy_opened_door,4390.0,1340,3,6160.0,6160.0,0.3052391799544419
edf21,20,Punjabi,sentence_audio,passive_dropped_agent,s_boy_boy_opened_door,4390.0,2908,3,6666.0,6666.0,0.6624145785876994
edf21,21,Punjabi,sentence_audio,passive_dropped_agent,o_bucket_boy_filled_bucket,4154.0,3264,3,6174.0,6174.0,0.7857486759749639
edf21,21,Punjabi,sentence_audio,passive_dropped_agent,s_boy_boy_filled_bucket,4154.0,766,4,7310.0,7310.0,0.18440057775637939
edf21,22,English,sentence_audio,active,o_dog_girl_fed_dog,4270.0,2542,5,5379.0,5379.0,0.5953161592505855
edf21,22,English,sentence_audio,active,s_girl_girl_fed_dog,4270.0,1462,4,5794.0,5794.0,0.34238875878220143
edf21,23,English,sentence_audio,active,o_scooter_driver_wash_scooter,4313.0,3641,2,5587.0,5587.0,0.8441919777417111
edf21,23,English,sentence_audio,active,s_driver_driver_wash_scooter,4313.0,586,2,7412.0,7412.0,0.13586830512404358
edf21,24,English,sentence_audio,active,o_picture_artiste_drew_picture,4266.0,3454,3,5256.0,5256.0,0.8096577590248476
edf21,24,English,sentence_audio,active,s_artiste_artiste_drew_picture,4266.0,812,2,5864.0,5864.0,0.19034224097515237
edf21,25,English,sentence_audio,passive,o_tree_girl_plant_tree,4021.0,3459,2,6638.0,6638.0,0.8602337726933599
edf21,25,English,sentence_audio,passive,s_girl_girl_plant_tree,4021.0,562,2,6490.0,6490.0,0.13976622730664015
edf21,26,English,sentence_audio,passive,o_frisbee_child_throw_frisbee,4491.0,0,0,,,0.0
edf21,26,English,sentence_audio,passive,s_child_child_throw_frisbee,4491.0,4333,1,5510.0,5510.0,0.9648185259407704
edf21,27,English,sentence_audio,passive,o_vase_boy_broke_vase,4186.0,3062,4,5380.0,5380.0,0.7314859053989489
edf21,27,English,sentence_audio,passive,s_boy_boy_broke_vase,4186.0,524,1,5942.0,5942.0,0.12517916865742953
edf21,28,English,sentence_audio,passive_dropped_agent,o_box_man_pushed_box,4246.0,2704,4,5432.0,5432.0,0.6368346679227508
edf21,28,English,sentence_audio,passive_dropped_agent,s_man_man_pushed_box,4246.0,1416,4,5232.0,5232.0,0.33349034385303816
edf21,29,English,sentence_audio,passive_dropped_agent,o_shrub_man_cut_shrub,4538.0,4229,1,6258.0,6258.0,0.9319083296606434
edf21,29,English,sentence_audio,passive_dropped_agent,s_man_man_cut_shrub,4538.0,309,1,5919.0,5919.0,0.06809167033935655
edf21,3,,free_viewing,,o_frisbee_child_throw_frisbee,4237.0,1440,4,1272.0,1272.0,0.339863110691527
edf21,3,,free_viewing,,s_child_child_throw_frisbee,4237.0,1823,6,1068.0,1068.0,0.43025725749350957
edf21,30,English,sentence_audio,passive_dropped_agent,o_window_girl_opened_window,4412.0,1672,3,6282.0,6282.0,0.37896645512239346
edf21,30,English,sentence_audio,passive_dropped_agent,s_girl_girl_opened_window,4412.0,2580,3,6650.0,6650.0,0.5847688123300091
edf21,31,Punjabi,sentence_audio,active,o_hole_dog_dug_hole,4361.0,1173,2,6218.0,6218.0,0.2689750057326301
edf21,31,Punjabi,sentence_audio,active,s_dog_dog_dug_hole,4361.0,3188,2,5842.0,5842.0,0.7310249942673699
edf21,32,Punjabi,sentence_audio,active,o_veg_boy_cut_vegetables,4179.0,1278,2,5914.0,5914.0,0.30581478822684854
edf21,32,Punjabi,sentence_audio,active,s_boy_boy_cut_vegetables,4179.0,2901,2,5573.0,5573.0,0.6941852117731515
edf21,33,Punjabi,sentence_audio,active,o_cake_girl_baked_cake,3392.0,792,2,5690.0,5690.0,0.23349056603773585
edf21,33,Punjabi,sentence_audio,active,s_girl_girl_baked_cake,3392.0,2440,2,6108.0,6108.0,0.7193396226415094
edf21,34,Punjabi,sentence_audio,passive,o_clothes_woman_folded_clothes,4599.0,2939,2,5369.0,5369.0,0.6390519678190911
edf21,34,Punjabi,sentence_audio,passive,s_woman_woman_folded_clothes,4599.0,1660,2,5558.0,5558.0,0.3609480321809089
edf21,35,Punjabi,sentence_audio,passive,o_letter_woman_read_letter,4960.0,0,0,,,0.0
edf21,35,Punjabi,sentence_audio,passive,s_woman_woman_read_letter,4960.0,4960,1,5389.0,5389.0,1.0
edf21,36,Punjabi,sentence_audio,passive,o_lamp_girl_light_lamp,4405.0,3193,3,6294.0,6294.0,0.7248581157775256
edf21,36,Punjabi,sentence_audio,passive,s_girl_girl_lit_lamp,4405.0,1040,3,6110.0,6110.0,0.23609534619750283
edf21,4,,free_viewing,,o_bucket_boy_filled_bucket,4415.0,3227,5,1057.0,1057.0,0.7309173272933183
edf21,4,,free_viewing,,s_boy_boy_filled_bucket,4415.0,1188,4,1248.0,1248.0,0.2690826727066818
edf21,5,,free_viewing,,o_window_girl_opened_window,4267.0,1414,4,1326.0,1326.0,0.33138036090930395
edf21,5,,free_viewing,,s_girl_girl_opened_window,4267.0,2521,5,1110.0,1110.0,0.5908132177173658
edf21,6,,free_viewing,,o_tree_girl_plant_tree,4441.0,514,1,1026.0,1026.0,0.11573969826615627
edf21,6,,free_viewing,,s_girl_girl_plant_tree,4441.0,3631,3,649.0,649.0,0.8176086467011934
edf21,7,,free_viewing,,o_picture_artiste_drew_picture,4078.0,2267,5,849.0,849.0,0.5559097596861207
edf21,7,,free_viewing,,s_artiste_artiste_drew_picture,4078.0,1388,3,1562.0,1562.0,0.3403629230014713
edf21,8,,free_viewing,,o_door_boy_opened_door,4402.0,1951,4,717.0,717.0,0.443207632894139
edf21,8,,free_viewing,,s_boy_boy_opened_door,4402.0,2451,4,1280.0,1280.0,0.556792367105861
edf21,9,,free_viewing,,o_lamp_girl_light_lamp,4320.0,1536,3,1332.0,1332.0,0.35555555555555557
edf21,9,,free_viewing,,s_girl_girl_lit_lamp,4320.0,2682,3,956.0,956.0,0.6208333333333333
edf22,1,,free_viewing,,o_cake_girl_baked_cake,4934.0,1089,1,799.0,799.0,0.2207134171057965
edf22,1,,free_viewing,,o_dog_girl_fed_dog,4634.0,1168,2,960.0,960.0,0.25205006473888647
edf22,1,,free_viewing,,s_girl_girl_baked_cake,4934.0,3845,1,1918.0,1918.0,0.7792865828942035
edf22,1,,free_viewing,,s_girl_girl_fed_dog,4634.0,716,1,1890.0,1890.0,0.15451014242555028
edf22,10,,free_viewing,,o_tabla_child_play_tabla,4437.0,3318,2,1394.0,1394.0,0.7478025693035835
edf22,10,,free_viewing,,o_veg_boy_cut_vegetables,3451.0,547,3,1522.0,1522.0,0.15850478122283396
edf22,10,,free_viewing,,s_boy_boy_cut_vegetables,3451.0,2564,2,1728.0,1728.0,0.7429730512894813
edf22,10,,free_viewing,,s_child_child_play_tabla,4437.0,1018,2,1260.0,1260.0,0.22943430245661484
edf22,11,,free_viewing,,o_cake_girl_baked_cake,4710.0,3770,2,1120.0,1120.0,0.8004246284501062
edf22,11,,free_viewing,,o_dog_girl_fed_dog,4160.0,822,4,928.0,928.0,0.19759615384615384
edf22,11,,free_viewing,,s_girl_girl_baked_cake,4710.0,630,1,4890.0,4890.0,0.1337579617834395
edf22,11,,free_viewing,,s_girl_girl_fed_dog,4160.0,2022,4,874.0,874.0,0.4860576923076923
edf22,12,,free_viewing,,o_frisbee_child_throw_frisbee,4290.0,652,2,3252.0,3252.0,0.151981351981352
edf22,12,,free_viewing,,o_picture_artiste_drew_picture,4338.0,2292,4,1014.0,1014.0,0.5283540802213001
edf22,12,,free_viewing,,s_artiste_artiste_drew_picture,4338.0,1520,4,814.0,814.0,0.3503918856615952
edf22,12,,free_viewing,,s_child_child_throw_frisbee,4290.0,1564,6,860.0,860.0,0.3645687645687646
edf22,13,,free_viewing,,o_clothes_woman_folded_clothes,4466.0,357,1,689.0,689.0,0.07993730407523511
edf22,13,,free_viewing,,o_hole_dog_dug_hole,4253.0,2008,2,1516.0,1516.0,0.47213731483658594
edf22,13,,free_viewing,,s_dog_dog_dug_hole,4253.0,2245,3,1074.0,1074.0,0.5278626851634141
edf22,13,,free_viewing,,s_woman_woman_folded_clothes,4466.0,4087,2,1082.0,1082.0,0.9151365875503806
edf22,14,,free_viewing,,o_clothes_woman_folded_clothes,4457.0,1873,3,1222.0,1222.0,0.4202378281355172
edf22,14,,free_viewing,,o_letter_woman_read_letter,3806.0,0,0,,,0.0
edf22,14,,free_viewing,,s_woman_woman_folded_clothes,4457.0,1916,3,1160.0,1160.0,0.42988557325555304
edf22,14,,free_viewing,,s_woman_woman_read_letter,3806.0,3518,1,1454.0,1454.0,0.9243300052548608
edf22,15,,free_viewing,,o_bucket_boy_filled_bucket,4910.0,1962,1,978.0,978.0,0.39959266802443993
edf22,15,,free_viewing,,o_lamp_girl_light_lamp,4042.0,1278,2,2044.0,2044.0,0.3161801088570015
edf22,15,,free_viewing,,s_boy_boy_filled_bucket,4910.0,258,1,2982.0,2982.0,0.05254582484725051
edf22,15,,free_viewing,,s_girl_girl_lit_lamp,4042.0,2184,2,1682.0,1682.0,0.5403265710044532
edf22,16,,free_viewing,,o_box_man_pushed_box,4780.0,1786,2,1162.0,1162.0,0.37364016736401673
edf22,16,,free_viewing,,o_vase_boy_broke_vase,4479.0,2622,3,838.0,838.0,0.5853985264567984
edf22,16,,free_viewing,,s_boy_boy_broke_vase,4479.0,1463,3,1626.0,1626.0,0.32663540968966287
edf22,16,,free_viewing,,s_man_man_pushed_box,4780.0,2610,4,891.0,891.0,0.5460251046025104
edf22,17,,free_viewing,,o_door_boy_opened_door,4760.0,4760,1,661.0,661.0,1.0
edf22,17,,free_viewing,,o_frisbee_child_throw_frisbee,4518.0,110,1,5930.0,5930.0,0.02434705621956618
edf22,17,,free_viewing,,s_boy_boy_opened_door,4760.0,0,0,,,0.0
edf22,17,,free_viewing,,s_child_child_throw_frisbee,4518.0,2384,5,1350.0,1350.0,0.5276671093404162
edf22,18,,free_viewing,,o_letter_woman_read_letter,4718.0,0,0,,,0.0
edf22,18,,free_viewing,,o_tabla_child_play_tabla,2884.0,652,1,1206.0,1206.0,0.2260748959778086
edf22,18,,free_viewing,,s_child_child_play_tabla,2884.0,0,0,,,0.0
edf22,18,,free_viewing,,s_woman_woman_read_letter,4718.0,4524,2,856.0,856.0,0.9588808817295464
edf22,19,English,sentence_audio,active,o_tabla_child_play_tabla,4803.0,1096,3,5846.0,7395.0,0.2281907141369977
edf22,19,English,sentence_audio,active,s_child_child_play_tabla,4803.0,5370,5,6100.0,6296.0,1.118051217988757
edf22,2,,free_viewing,,o_hole_dog_dug_hole,4691.0,248,1,4136.0,4136.0,0.05286719249626945
edf22,2,,free_viewing,,o_picture_artiste_drew_picture,4403.0,3957,2,738.0,738.0,0.8987054281171928
edf22,2,,free_viewing,,s_artiste_artiste_drew_picture,4403.0,446,1,1298.0,1298.0,0.10129457188280717
edf22,2,,free_viewing,,s_dog_dog_dug_hole,4691.0,3505,2,1003.0,1003.0,0.7471754423363889
edf22,20,English,sentence_audio,active,o_door_boy_opened_door,4835.0,5774,4,5519.0,5571.5,1.1942088934850053
edf22,20,English,sentence_audio,active,s_boy_boy_opened_door,4835.0,3477,2,6308.0,6308.0,0.7191313340227508
edf22,21,English,sentence_audio,active,o_bucket_boy_filled_bucket,4807.0,6875,7,5798.0,5907.5,1.4302059496567505
edf22,21,English,sentence_audio,active,s_boy_boy_filled_bucket,4807.0,734,4,6724.0,7110.0,0.15269398793426253
edf22,22,English,sentence_audio,passive,o_dog_girl_fed_dog,4725.0,8418,3,5680.0,5991.0,1.7815873015873016
edf22,22,English,sentence_audio,passive,s_girl_girl_fed_dog,4725.0,0,0,,,0.0
edf22,23,English,sentence_audio,passive,o_scooter_driver_wash_scooter,4607.0,4624,4,5352.0,5691.0,1.003690036900369
edf22,23,English,sentence_audio,passive,s_driver_driver_wash_scooter,4607.0,2871,4,6056.0,8175.0,0.6231821141740829
edf22,24,English,sentence_audio,passive,o_picture_artiste_drew_picture,4197.0,5097,6,5518.0,5559.0,1.2144388849177985
edf22,24,English,sentence_audio,passive,s_artiste_artiste_drew_picture,4197.0,3214,5,5706.0,5854.0,0.7657850845842268
edf22,25,English,sentence_audio,passive_dropped_agent,o_tree_girl_plant_tree,4445.0,4928,3,6048.0,6108.0,1.1086614173228346
edf22,25,English,sentence_audio,passive_dropped_agent,s_girl_girl_plant_tree,4445.0,2304,5,5740.0,5741.0,0.5183352080989876
edf22,26,English,sentence_audio,passive_dropped_agent,o_frisbee_child_throw_frisbee,4710.0,266,2,7662.0,8016.0,0.0564755838641189
edf22,26,English,sentence_audio,passive_dropped_agent,s_child_child_throw_frisbee,4710.0,5998,4,5884.0,6092.0,1.2734607218683651
edf22,27,English,sentence_audio,passive_dropped_agent,o_vase_boy_broke_vase,4878.0,5809,3,5242.0,5493.0,1.1908569085690857
edf22,27,English,sentence_audio,passive_dropped_agent,s_boy_boy_broke_vase,4878.0,2980,1,6174.0,6174.0,0.6109061090610907
edf22,28,Punjabi,sentence_audio,active,o_box_man_pushed_box,4926.0,665,2,6368.0,6368.0,0.13499796995533903
edf22,28,Punjabi,sentence_audio,active,s_man_man_pushed_box,4926.0,6864,4,6072.0,6372.0,1.3934226552984166
edf22,29,Punjabi,sentence_audio,active,o_shrub_man_cut_shrub,4846.0,7364,4,5828.0,6091.0,1.5196037969459348
edf22,29,Punjabi,sentence_audio,active,s_man_man_cut_shrub,4846.0,893,4,5284.0,5655.0,0.18427569129178703
edf22,3,,free_viewing,,o_box_man_pushed_box,4668.0,658,2,1174.0,1174.0,0.14095972579263066
edf22,3,,free_viewing,,o_lamp_girl_light_lamp,4708.0,1472,2,1630.0,1630.0,0.31265930331350894
edf22,3,,free_viewing,,s_girl_girl_lit_lamp,4708.0,2506,4,706.0,706.0,0.532285471537808
edf22,3,,free_viewing,,s_man_man_pushed_box,4668.0,3780,3,839.0,839.0,0.8097686375321337
edf22,30,Punjabi,sentence_audio,active,o_window_girl_opened_window,4466.0,4866,6,5928.0,6014.0,1.089565606806986
edf22,30,Punjabi,sentence_audio,active,s_girl_girl_opened_window,4466.0,3104,6,5732.0,5818.0,0.6950291088222122
edf22,31,Punjabi,sentence_audio,passive,o_hole_dog_dug_hole,4541.0,2249,3,7456.0,7456.0,0.4952653600528518
edf22,31,Punjabi,sentence_audio,passive,s_dog_dog_dug_hole,4541.0,2144,4,5916.0,6100.0,0.47214269984584895
edf22,32,Punjabi,sentence_audio,passive,o_veg_boy_cut_vegetables,4863.0,5521,3,6062.0,6091.0,1.1353074234011926
edf22,32,Punjabi,sentence_audio,passive,s_boy_boy_cut_vegetables,4863.0,3431,3,5870.0,6266.0,0.7055315648776476
edf22,33,Punjabi,sentence_audio,passive,o_cake_girl_baked_cake,4763.0,2898,4,5996.0,7402.0,0.6084400587864791
edf22,33,Punjabi,sentence_audio,passive,s_girl_girl_baked_cake,4763.0,3749,5,6192.0,6224.0,0.7871089649380643
edf22,34,Punjabi,sentence_audio,passive_dropped_agent,o_clothes_woman_folded_clothes,4842.0,1664,1,5558.0,5558.0,0.3436596447748864
edf22,34,Punjabi,sentence_audio,passive_dropped_agent,s_woman_woman_folded_clothes,4842.0,4961,3,5384.0,7133.0,1.0245766212308964
edf22,35,Punjabi,sentence_audio,passive_dropped_agent,o_letter_woman_read_letter,4681.0,58,1,7990.0,7990.0,0.01239051484725486
edf22,35,Punjabi,sentence_audio,passive_dropped_agent,s_woman_woman_read_letter,4681.0,7529,4,5429.0,5599.5,1.60841700491348
edf22,36,Punjabi,sentence_audio,passive_dropped_agent,o_lamp_girl_light_lamp,4857.0,686,3,5772.0,5772.0,0.14123944821906526
edf22,36,Punjabi,sentence_audio,passive_dropped_agent,s_girl_girl_lit_lamp,4857.0,8019,3,5513.0,5770.5,1.6510191476219889
edf22,4,,free_viewing,,o_shrub_man_cut_shrub,4506.0,4229,1,1268.0,1268.0,0.9385264092321349
edf22,4,,free_viewing,,o_window_girl_opened_window,4387.0,2878,2,1028.0,1028.0,0.6560291771142011
edf22,4,,free_viewing,,s_girl_girl_opened_window,4387.0,1112,2,2658.0,2658.0,0.2534761796216093
edf22,4,,free_viewing,,s_man_man_cut_shrub,4506.0,277,1,965.0,965.0,0.06147359076786507
edf22,5,,free_viewing,,o_scooter_driver_wash_scooter,4765.0,817,1,971.0,971.0,0.17145855194123819
edf22,5,,free_viewing,,o_veg_boy_cut_vegetables,4744.0,3687,2,1068.0,1068.0,0.7771922428330523
edf22,5,,free_viewing,,s_boy_boy_cut_vegetables,4744.0,846,1,2234.0,2234.0,0.17833052276559866
edf22,5,,free_viewing,,s_driver_driver_wash_scooter,4765.0,3468,1,1872.0,1872.0,0.7278069254984261
edf22,6,,free_viewing,,o_shrub_man_cut_shrub,4544.0,1943,3,1330.0,1330.0,0.4275968309859155
edf22,6,,free_viewing,,o_window_girl_opened_window,4027.0,1478,2,1104.0,1104.0,0.3670225974670971
edf22,6,,free_viewing,,s_girl_girl_opened_window,4027.0,1881,3,1520.0,1520.0,0.4670970946113732
edf22,6,,free_viewing,,s_man_man_cut_shrub,4544.0,2199,4,1063.0,1063.0,0.48393485915492956
edf22,7,,free_viewing,,o_bucket_boy_filled_bucket,4909.0,4505,2,1061.0,1061.0,0.9177021796699939
edf22,7,,free_viewing,,o_tree_girl_plant_tree,4246.0,1330,3,1682.0,1682.0,0.31323598681111636
edf22,7,,free_viewing,,s_boy_boy_filled_bucket,4909.0,404,1,5226.0,5226.0,0.08229782033000611
edf22,7,,free_viewing,,s_girl_girl_plant_tree,4246.0,2398,5,917.0,917.0,0.5647668393782384
edf22,8,,free_viewing,,o_scooter_driver_wash_scooter,4656.0,4380,2,1045.0,1045.0,0.9407216494845361
edf22,8,,free_viewing,,o_tree_girl_plant_tree,4492.0,1164,2,1170.0,1170.0,0.2591273374888691
edf22,8,,free_viewing,,s_driver_driver_wash_scooter,4656.0,276,1,1720.0,1720.0,0.059278350515463915
edf22,8,,free_viewing,,s_girl_girl_plant_tree,4492.0,2616,4,751.0,751.0,0.5823686553873553
edf22,9,,free_viewing,,o_door_boy_opened_door,4210.0,862,3,1492.0,1492.0,0.20475059382422803
edf22,9,,free_viewing,,o_vase_boy_broke_vase,4695.0,4017,3,921.0,921.0,0.855591054313099
edf22,9,,free_viewing,,s_boy_boy_broke_vase,4695.0,566,2,2316.0,2316.0,0.12055378061767838
edf22,9,,free_viewing,,s_boy_boy_opened_door,4210.0,3252,3,1172.0,1172.0,0.7724465558194774
edf23,1,,free_viewing,,o_letter_woman_read_letter,4685.0,906,3,1418.0,1418.0,0.19338313767342583
edf23,1,,free_viewing,,s_woman_woman_read_letter,4685.0,3376,3,954.0,954.0,0.7205976520811099
edf23,10,,free_viewing,,o_hole_dog_dug_hole,4536.0,1374,2,1776.0,1776.0,0.3029100529100529
edf23,10,,free_viewing,,s_dog_dog_dug_hole,4536.0,2102,4,978.0,978.0,0.4634038800705467
edf23,11,,free_viewing,,o_scooter_driver_wash_scooter,4426.0,3738,3,800.0,800.0,0.8445549028468142
edf23,11,,free_viewing,,s_driver_driver_wash_scooter,4426.0,472,1,1096.0,1096.0,0.10664256665160415
edf23,12,,free_viewing,,o_shrub_man_cut_shrub,4191.0,2030,2,1300.0,1300.0,0.48437127177284656
edf23,12,,free_viewing,,s_man_man_cut_shrub,4191.0,1547,3,1036.0,1036.0,0.36912431400620377
edf23,13,,free_viewing,,o_clothes_woman_folded_clothes,4294.0,2490,6,1089.0,1089.0,0.5798789007918025
edf23,13,,free_viewing,,s_woman_woman_folded_clothes,4294.0,1804,5,1382.0,1382.0,0.42012109920819746
edf23,14,,free_viewing,,o_dog_girl_fed_dog,4434.0,1546,4,1110.0,1110.0,0.34866937302661255
edf23,14,,free_viewing,,s_girl_girl_fed_dog,4434.0,1534,2,1572.0,1572.0,0.34596301308073973
edf23,15,,free_viewing,,o_tabla_child_play_tabla,4390.0,1278,2,2272.0,2272.0,0.2911161731207289
edf23,15,,free_viewing,,s_child_child_play_tabla,4390.0,2230,4,1340.0,1340.0,0.5079726651480638
edf23,16,,free_viewing,,o_box_man_pushed_box,4143.0,2297,5,930.0,930.0,0.5544291576152547
edf23,16,,free_viewing,,s_man_man_pushed_box,4143.0,924,2,2862.0,2862.0,0.22302679217958002
edf23,17,,free_viewing,,o_bucket_boy_filled_bucket,4575.0,4129,3,685.0,685.0,0.9025136612021858
edf23,17,,free_viewing,,s_boy_boy_filled_bucket,4575.0,304,1,1268.0,1268.0,0.06644808743169399
edf23,18,,free_viewing,,o_veg_boy_cut_vegetables,4763.0,2232,2,1272.0,1272.0,0.4686122191895864
edf23,18,,free_viewing,,s_boy_boy_cut_vegetables,4763.0,2531,2,993.0,993.0,0.5313877808104136
edf23,19,English,sentence_audio,passive,o_tabla_child_play_tabla,3998.0,818,3,6308.0,6308.0,0.2046023011505753
edf23,19,English,sentence_audio,passive,s_child_child_play_tabla,3998.0,1960,4,6452.0,6452.0,0.49024512256128067
edf23,2,,free_viewing,,o_tree_girl_plant_tree,4469.0,1643,4,1504.0,1504.0,0.3676437681808011
edf23,2,,free_viewing,,s_girl_girl_plant_tree,4469.0,2348,4,960.0,960.0,0.5253971805773103
edf23,20,English,sentence_audio,passive,o_door_boy_opened_door,3031.0,609,2,5771.0,5771.0,0.20092378752886836
edf23,20,English,sentence_audio,passive,s_boy_boy_opened_door,3031.0,2182,2,5962.0,5962.0,0.719894424282415
edf23,21,English,sentence_audio,passive,o_bucket_boy_filled_bucket,4891.0,4515,2,5785.0,5785.0,0.9231241054998978
edf23,21,English,sentence_audio,passive,s_boy_boy_filled_bucket,4891.0,376,1,9532.0,9532.0,0.07687589450010222
edf23,22,English,sentence_audio,passive_dropped_agent,o_dog_girl_fed_dog,2671.0,0,0,,,0.0
edf23,22,English,sentence_audio,passive_dropped_agent,s_girl_girl_fed_dog,2671.0,1158,3,6210.0,6210.0,0.4335454885810558
edf23,23,English,sentence_audio,passive_dropped_agent,o_scooter_driver_wash_scooter,4342.0,1858,2,5497.0,5497.0,0.42791340396130817
edf23,23,English,sentence_audio,passive_dropped_agent,s_driver_driver_wash_scooter,4342.0,1416,1,6430.0,6430.0,0.3261169967756794
edf23,24,English,sentence_audio,passive_dropped_agent,o_picture_artiste_drew_picture,4627.0,1299,3,5515.0,5515.0,0.28074346228657876
edf23,24,English,sentence_audio,passive_dropped_agent,s_artiste_artiste_drew_picture,4627.0,1262,2,6130.0,6130.0,0.2727469202507024
edf23,25,Punjabi,sentence_audio,active,o_tree_girl_plant_tree,4431.0,2902,5,6024.0,6024.0,0.654931166779508
edf23,25,Punjabi,sentence_audio,active,s_girl_girl_plant_tree,4431.0,1529,5,5719.0,5719.0,0.345068833220492
edf23,26,Punjabi,sentence_audio,active,o_frisbee_child_throw_frisbee,3922.0,420,1,7040.0,7040.0,0.10708822029576746
edf23,26,Punjabi,sentence_audio,active,s_child_child_throw_frisbee,3922.0,1554,3,6086.0,6086.0,0.39622641509433965
edf23,27,Punjabi,sentence_audio,active,o_vase_boy_broke_vase,4315.0,1875,4,5275.0,5275.0,0.43453070683661643
edf23,27,Punjabi,sentence_audio,active,s_boy_boy_broke_vase,4315.0,2068,3,5750.0,5750.0,0.47925840092699884
edf23,28,Punjabi,sentence_audio,passive,o_box_man_pushed_box,4007.0,1769,3,5409.0,5409.0,0.441477414524582
edf23,28,Punjabi,sentence_audio,passive,s_man_man_pushed_box,4007.0,1506,4,5716.0,5716.0,0.3758422760169703
edf23,29,Punjabi,sentence_audio,passive,o_shrub_man_cut_shrub,3963.0,1959,4,5588.0,5588.0,0.4943224829674489
edf23,29,Punjabi,sentence_audio,passive,s_man_man_cut_shrub,3963.0,1112,4,5334.0,5334.0,0.28059550845319203
edf23,3,,free_viewing,,o_vase_boy_broke_vase,4691.0,1463,3,1047.0,1047.0,0.3118738008953315
edf23,3,,free_viewing,,s_boy_boy_broke_vase,4691.0,2876,3,1298.0,1298.0,0.6130888936260925
edf23,30,Punjabi,sentence_audio,passive,o_window_girl_opened_window,4458.0,534,1,6704.0,6704.0,0.11978465679676985
edf23,30,Punjabi,sentence_audio,passive,s_girl_girl_opened_window,4458.0,3786,3,6109.0,6109.0,0.8492597577388964
edf23,31,Punjabi,sentence_audio,passive_dropped_agent,o_hole_dog_dug_hole,4588.0,984,3,6430.0,6430.0,0.21447253705318223
edf23,31,Punjabi,sentence_audio,passive_dropped_agent,s_dog_dog_dug_hole,4588.0,2424,4,5514.0,5514.0,0.5283347863993025
edf23,32,Punjabi,sentence_audio,passive_dropped_agent,o_veg_boy_cut_vegetables,4354.0,2146,2,6060.0,6060.0,0.4928801102434543
edf23,32,Punjabi,sentence_audio,passive_dropped_agent,s_boy_boy_cut_vegetables,4354.0,2208,3,5809.0,5809.0,0.5071198897565456
edf23,33,Punjabi,sentence_audio,passive_dropped_agent,o_cake_girl_baked_cake,4378.0,760,3,7262.0,7262.0,0.17359524897213338
edf23,33,Punjabi,sentence_audio,passive_dropped_agent,s_girl_girl_baked_cake,4378.0,1344,3,6778.0,6778.0,0.3069894929191412
edf23,34,English,sentence_audio,active,o_clothes_woman_folded_clothes,3406.0,2464,3,5212.0,5212.0,0.723429242513212
edf23,34,English,sentence_audio,active,s_woman_woman_folded_clothes,3406.0,892,2,5684.0,5684.0,0.26189078097475044
edf23,35,English,sentence_audio,active,o_letter_woman_read_letter,3365.0,154,1,8402.0,8402.0,0.04576523031203566
edf23,35,English,sentence_audio,active,s_woman_woman_read_letter,3365.0,2253,3,5797.0,5797.0,0.6695393759286775
edf23,36,English,sentence_audio,active,o_lamp_girl_light_lamp,4383.0,1551,5,5478.0,5478.0,0.3538672142368241
edf23,36,English,sentence_audio,active,s_girl_girl_lit_lamp,4383.0,2772,5,5398.0,5398.0,0.6324435318275154
edf23,4,,free_viewing,,o_cake_girl_baked_cake,4571.0,894,3,1386.0,1386.0,0.1955808357033472
edf23,4,,free_viewing,,s_girl_girl_baked_cake,4571.0,2983,5,1194.0,1194.0,0.6525924305403632
edf23,5,,free_viewing,,o_lamp_girl_light_lamp,4046.0,956,3,1030.0,1030.0,0.23628274839347504
edf23,5,,free_viewing,,s_girl_girl_lit_lamp,4046.0,2822,6,742.0,742.0,0.6974789915966386
edf23,6,,free_viewing,,o_window_girl_opened_window,4549.0,694,1,2178.0,2178.0,0.15256100241811388
edf23,6,,free_viewing,,s_girl_girl_opened_window,4549.0,3574,2,1294.0,1294.0,0.7856671795999121
edf23,7,,free_viewing,,o_door_boy_opened_door,4712.0,332,2,1078.0,1078.0,0.07045840407470289
edf23,7,,free_viewing,,s_boy_boy_opened_door,4712.0,4380,2,1260.0,1260.0,0.9295415959252971
edf23,8,,free_viewing,,o_frisbee_child_throw_frisbee,4056.0,470,1,1944.0,1944.0,0.11587771203155818
edf23,8,,free_viewing,,s_child_child_throw_frisbee,4056.0,3050,3,979.0,979.0,0.7519723865877712
edf23,9,,free_viewing,,o_picture_artiste_drew_picture,4398.0,3412,4,644.0,644.0,0.7758071850841292
edf23,9,,free_viewing,,s_artiste_artiste_drew_picture,4398.0,986,3,1142.0,1142.0,0.22419281491587084
edf24,1,,free_viewing,,o_box_man_pushed_box,4792.0,2608,3,1410.0,1410.0,0.5442404006677797
edf24,1,,free_viewing,,s_man_man_pushed_box,4792.0,1728,2,994.0,994.0,0.3606010016694491
edf24,10,,free_viewing,,o_hole_dog_dug_hole,4844.0,644,1,1668.0,1668.0,0.1329479768786127
edf24,10,,free_viewing,,s_dog_dog_dug_hole,4844.0,4200,2,1122.0,1122.0,0.8670520231213873
edf24,11,,free_viewing,,o_bucket_boy_filled_bucket,4803.0,940,1,3554.0,3554.0,0.19571101394961482
edf24,11,,free_viewing,,s_boy_boy_filled_bucket,4803.0,2218,3,1280.0,1280.0,0.46179471163855923
edf24,12,,free_viewing,,o_tree_girl_plant_tree,4788.0,1800,1,1942.0,1942.0,0.37593984962406013
edf24,12,,free_viewing,,s_girl_girl_plant_tree,4788.0,2988,2,909.0,909.0,0.6240601503759399
edf24,13,,free_viewing,,o_window_girl_opened_window,4664.0,3966,3,734.0,734.0,0.8503430531732419
edf24,13,,free_viewing,,s_girl_girl_opened_window,4664.0,698,2,920.0,920.0,0.14965694682675815
edf24,14,,free_viewing,,o_picture_artiste_drew_picture,4467.0,2959,3,879.0,879.0,0.6624132527423326
edf24,14,,free_viewing,,s_artiste_artiste_drew_picture,4467.0,1508,2,1570.0,1570.0,0.33758674725766735
edf24,15,,free_viewing,,o_clothes_woman_folded_clothes,4663.0,1933,2,1888.0,1888.0,0.4145399957109157
edf24,15,,free_viewing,,s_woman_woman_folded_clothes,4663.0,2470,2,1242.0,1242.0,0.5297019086425048
edf24,16,,free_viewing,,o_scooter_driver_wash_scooter,4658.0,3804,2,1118.0,1118.0,0.8166595105195363
edf24,16,,free_viewing,,s_driver_driver_wash_scooter,4658.0,706,2,1618.0,1618.0,0.15156719622155432
edf24,17,,free_viewing,,o_door_boy_opened_door,4856.0,4506,2,912.0,912.0,0.9279242174629324
edf24,17,,free_viewing,,s_boy_boy_opened_door,4856.0,0,0,,,0.0
edf24,18,,free_viewing,,o_vase_boy_broke_vase,4775.0,4145,3,898.0,898.0,0.8680628272251308
edf24,18,,free_viewing,,s_boy_boy_broke_vase,4775.0,630,2,2536.0,2536.0,0.1319371727748691
edf24,19,English,sentence_audio,passive_dropped_agent,o_tabla_child_play_tabla,4872.0,3226,1,5582.0,5582.0,0.6621510673234812
edf24,19,English,sentence_audio,passive_dropped_agent,s_child_child_play_tabla,4872.0,1385,1,8892.0,8892.0,0.28427750410509034
edf24,2,,free_viewing,,o_dog_girl_fed_dog,4910.0,4449,2,1020.0,1020.0,0.9061099796334012
edf24,2,,free_viewing,,s_girl_girl_fed_dog,4910.0,0,0,,,0.0
edf24,20,English,sentence_audio,passive_dropped_agent,o_door_boy_opened_door,4163.0,4163,1,6168.0,6168.0,1.0
edf24,20,English,sentence_audio,passive_dropped_agent,s_boy_boy_opened_door,4163.0,0,0,,,0.0
edf24,21,English,sentence_audio,passive_dropped_agent,o_bucket_boy_filled_bucket,4834.0,1933,2,6080.0,6080.0,0.39987587918907735
edf24,21,English,sentence_audio,passive_dropped_agent,s_boy_boy_filled_bucket,4834.0,273,1,5791.0,5791.0,0.05647496896979727
edf24,22,Punjabi,sentence_audio,active,o_dog_girl_fed_dog,4599.0,3895,2,6612.0,6612.0,0.8469232441835182
edf24,22,Punjabi,sentence_audio,active,s_girl_girl_fed_dog,4599.0,294,1,8320.0,8320.0,0.0639269406392694
edf24,23,Punjabi,sentence_audio,active,o_scooter_driver_wash_scooter,4566.0,4164,2,6181.0,6181.0,0.911957950065703
edf24,23,Punjabi,sentence_audio,active,s_driver_driver_wash_scooter,4566.0,402,1,8872.0,8872.0,0.08804204993429698
edf24,24,Punjabi,sentence_audio,active,o_picture_artiste_drew_picture,4738.0,4244,2,5947.0,5947.0,0.8957365977205572
edf24,24,Punjabi,sentence_audio,active,s_artiste_artiste_drew_picture,4738.0,0,0,,,0.0
edf24,25,Punjabi,sentence_audio,passive,o_tree_girl_plant_tree,4846.0,0,0,,,0.0
edf24,25,Punjabi,sentence_audio,passive,s_girl_girl_plant_tree,4846.0,4348,2,6048.0,6048.0,0.8972348328518366
edf24,26,Punjabi,sentence_audio,passive,o_frisbee_child_throw_frisbee,4729.0,550,1,9098.0,9098.0,0.11630365827870585
edf24,26,Punjabi,sentence_audio,passive,s_child_child_throw_frisbee,4729.0,3879,2,5620.0,5620.0,0.8202579826601819
edf24,27,Punjabi,sentence_audio,passive,o_vase_boy_broke_vase,4908.0,3958,1,5282.0,5282.0,0.8064384678076609
edf24,27,Punjabi,sentence_audio,passive,s_boy_boy_broke_vase,4908.0,0,0,,,0.0
edf24,28,Punjabi,sentence_audio,passive_dropped_agent,o_box_man_pushed_box,4787.0,3612,2,5724.0,5724.0,0.7545435554627115
edf24,28,Punjabi,sentence_audio,passive_dropped_agent,s_man_man_pushed_box,4787.0,0,0,,,0.0
edf24,29,Punjabi,sentence_audio,passive_dropped_agent,o_shrub_man_cut_shrub,4913.0,1894,1,6338.0,6338.0,0.3855078363525341
edf24,29,Punjabi,sentence_audio,passive_dropped_agent,s_man_man_cut_shrub,4913.0,3019,2,5733.0,5733.0,0.614492163647466
edf24,3,,free_viewing,,o_cake_girl_baked_cake,4960.0,290,1,1138.0,1138.0,0.05846774193548387
edf24,3,,free_viewing,,s_girl_girl_baked_cake,4960.0,4670,1,1460.0,1460.0,0.9415322580645161
edf24,30,Punjabi,sentence_audio,passive_dropped_agent,o_window_girl_opened_window,4569.0,2123,4,5586.0,5586.0,0.4646530969577588
edf24,30,Punjabi,sentence_audio,passive_dropped_agent,s_girl_girl_opened_window,4569.0,2104,3,6074.0,6074.0,0.46049463777631866
edf24,31,English,sentence_audio,active,o_hole_dog_dug_hole,4716.0,2706,1,6452.0,6452.0,0.573791348600509
edf24,31,English,sentence_audio,active,s_dog_dog_dug_hole,4716.0,1623,3,6212.0,6212.0,0.344147582697201
edf24,32,English,sentence_audio,active,o_veg_boy_cut_vegetables,4893.0,4532,1,6476.0,6476.0,0.9262211322297159
edf24,32,English,sentence_audio,active,s_boy_boy_cut_vegetables,4893.0,217,1,6061.0,6061.0,0.044349070100143065
edf24,33,English,sentence_audio,active,o_cake_girl_baked_cake,4937.0,4731,2,5825.0,5825.0,0.9582742556208224
edf24,33,English,sentence_audio,active,s_girl_girl_baked_cake,4937.0,0,0,,,0.0
edf24,34,English,sentence_audio,passive,o_clothes_woman_folded_clothes,4779.0,2822,1,6566.0,6566.0,0.5905001046243984
edf24,34,English,sentence_audio,passive,s_woman_woman_folded_clothes,4779.0,1700,2,6300.0,6300.0,0.35572295459301106
edf24,35,English,sentence_audio,passive,o_letter_woman_read_letter,4755.0,0,0,,,0.0
edf24,35,English,sentence_audio,passive,s_woman_woman_read_letter,4755.0,3303,2,5755.0,5755.0,0.6946372239747634
edf24,36,English,sentence_audio,passive,o_lamp_girl_light_lamp,4710.0,3716,2,5638.0,5638.0,0.78895966029724
edf24,36,English,sentence_audio,passive,s_girl_girl_lit_lamp,4710.0,718,2,5252.0,5252.0,0.1524416135881104
edf24,4,,free_viewing,,o_lamp_girl_light_lamp,4665.0,552,1,1842.0,1842.0,0.11832797427652733
edf24,4,,free_viewing,,s_girl_girl_lit_lamp,4665.0,4113,2,955.0,955.0,0.8816720257234727
edf24,5,,free_viewing,,o_veg_boy_cut_vegetables,4764.0,1134,1,1538.0,1538.0,0.2380352644836272
edf24,5,,free_viewing,,s_boy_boy_cut_vegetables,4764.0,3630,2,762.0,762.0,0.7619647355163728
edf24,6,,free_viewing,,o_letter_woman_read_letter,4726.0,1290,2,1728.0,1728.0,0.27295810410495136
edf24,6,,free_viewing,,s_woman_woman_read_letter,4726.0,2706,3,850.0,850.0,0.5725772323317816
edf24,7,,free_viewing,,o_tabla_child_play_tabla,4731.0,484,1,2178.0,2178.0,0.10230395265271612
edf24,7,,free_viewing,,s_child_child_play_tabla,4731.0,3577,2,1038.0,1038.0,0.7560769393362925
edf24,8,,free_viewing,,o_frisbee_child_throw_frisbee,4814.0,822,1,1840.0,1840.0,0.1707519734108849
edf24,8,,free_viewing,,s_child_child_throw_frisbee,4814.0,3992,2,1048.0,1048.0,0.8292480265891151
edf24,9,,free_viewing,,o_shrub_man_cut_shrub,4838.0,3508,1,1416.0,1416.0,0.7250930136420008
edf24,9,,free_viewing,,s_man_man_cut_shrub,4838.0,1330,2,927.0,927.0,0.27490698635799915
edf25,1,,free_viewing,,o_tree_girl_plant_tree,4115.0,2686,5,722.0,722.0,0.6527339003645201
edf25,1,,free_viewing,,s_girl_girl_plant_tree,4115.0,222,1,4046.0,4046.0,0.05394896719319563
edf25,10,,free_viewing,,o_tabla_child_play_tabla,3872.0,2808,5,993.0,993.0,0.7252066115702479
edf25,10,,free_viewing,,s_child_child_play_tabla,3872.0,0,0,,,0.0
edf25,11,,free_viewing,,o_scooter_driver_wash_scooter,3958.0,3602,3,674.0,674.0,0.910055583628095
edf25,11,,free_viewing,,s_driver_driver_wash_scooter,3958.0,356,2,2048.0,2048.0,0.089944416371905
edf25,12,,free_viewing,,o_picture_artiste_drew_picture,4360.0,3126,6,990.0,990.0,0.7169724770642202
edf25,12,,free_viewing,,s_artiste_artiste_drew_picture,4360.0,1234,5,1180.0,1180.0,0.2830275229357798
edf25,13,,free_viewing,,o_dog_girl_fed_dog,3778.0,1106,4,1028.0,1028.0,0.29274748544203283
edf25,13,,free_viewing,,s_girl_girl_fed_dog,3778.0,202,1,2682.0,2682.0,0.05346744309158285
edf25,14,,free_viewing,,o_bucket_boy_filled_bucket,3134.0,1206,3,734.0,734.0,0.38481174218251435
edf25,14,,free_viewing,,s_boy_boy_filled_bucket,3134.0,158,1,1324.0,1324.0,0.05041480536056158
edf25,15,,free_viewing,,o_frisbee_child_throw_frisbee,3966.0,610,2,2384.0,2384.0,0.15380736258194655
edf25,15,,free_viewing,,s_child_child_throw_frisbee,3966.0,2446,6,984.0,984.0,0.6167423096318709
edf25,16,,free_viewing,,o_door_boy_opened_door,4020.0,950,3,1190.0,1190.0,0.236318407960199
edf25,16,,free_viewing,,s_boy_boy_opened_door,4020.0,2450,4,1282.0,1282.0,0.6094527363184079
edf25,17,,free_viewing,,o_cake_girl_baked_cake,3960.0,1543,5,695.0,695.0,0.38964646464646463
edf25,17,,free_viewing,,s_girl_girl_baked_cake,3960.0,1649,5,960.0,960.0,0.4164141414141414
edf25,18,,free_viewing,,o_clothes_woman_folded_clothes,3676.0,2690,4,1168.0,1168.0,0.7317736670293797
edf25,18,,free_viewing,,s_woman_woman_folded_clothes,3676.0,486,2,3342.0,3342.0,0.132208922742111
edf25,19,Punjabi,sentence_audio,active,o_letter_woman_read_letter,4310.0,1224,5,6274.0,6274.0,0.2839907192575406
edf25,19,Punjabi,sentence_audio,active,s_woman_woman_read_letter,4310.0,2848,6,5952.0,5952.0,0.6607888631090487
edf25,2,,free_viewing,,o_hole_dog_dug_hole,3555.0,1812,5,1628.0,1628.0,0.509704641350211
edf25,2,,free_viewing,,s_dog_dog_dug_hole,3555.0,167,1,1131.0,1131.0,0.0469760900140647
edf25,20,Punjabi,sentence_audio,active,o_bucket_boy_filled_bucket,4043.0,3376,3,6008.0,6008.0,0.8350234974029186
edf25,20,Punjabi,sentence_audio,active,s_boy_boy_filled_bucket,4043.0,0,0,,,0.0
edf25,21,Punjabi,sentence_audio,active,o_clothes_woman_folded_clothes,3887.0,2323,4,5918.0,5918.0,0.5976331360946746
edf25,21,Punjabi,sentence_audio,active,s_woman_woman_folded_clothes,3887.0,1290,3,6582.0,6582.0,0.33187548237715464
edf25,22,Punjabi,sentence_audio,passive,o_door_boy_opened_door,4271.0,1228,4,6162.0,6162.0,0.28752048700538513
edf25,22,Punjabi,sentence_audio,passive,s_boy_boy_opened_door,4271.0,3043,5,5777.0,5777.0,0.7124795129946149
edf25,23,Punjabi,sentence_audio,passive,o_lamp_girl_light_lamp,3871.0,1281,4,5429.0,5429.0,0.3309222423146474
edf25,23,Punjabi,sentence_audio,passive,s_girl_girl_lit_lamp,3871.0,2370,4,5934.0,5934.0,0.6122448979591837
edf25,24,Punjabi,sentence_audio,passive,o_scooter_driver_wash_scooter,3781.0,3419,2,5665.0,5665.0,0.9042581327691087
edf25,24,Punjabi,sentence_audio,passive,s_driver_driver_wash_scooter,3781.0,240,1,6220.0,6220.0,0.06347527109230362
edf25,25,Punjabi,sentence_audio,passive_dropped_agent,o_box_man_pushed_box,3995.0,2212,4,5704.0,5704.0,0.5536921151439299
edf25,25,Punjabi,sentence_audio,passive_dropped_agent,s_man_man_pushed_box,3995.0,1561,4,5447.0,5447.0,0.390738423028786
edf25,26,Punjabi,sentence_audio,passive_dropped_agent,o_tree_girl_plant_tree,3829.0,1230,4,6282.0,6282.0,0.3212326978323322
edf25,26,Punjabi,sentence_audio,passive_dropped_agent,s_girl_girl_plant_tree,3829.0,1485,5,5856.0,5856.0,0.3878297205536694
edf25,27,Punjabi,sentence_audio,passive_dropped_agent,o_shrub_man_cut_shrub,3634.0,3216,2,5578.0,5578.0,0.8849752339020364
edf25,27,Punjabi,sentence_audio,passive_dropped_agent,s_man_man_cut_shrub,3634.0,174,1,8302.0,8302.0,0.04788112272977435
edf25,28,English,sentence_audio,active,o_hole_dog_dug_hole,3326.0,1056,4,6058.0,6058.0,0.317498496692724
edf25,28,English,sentence_audio,active,s_dog_dog_dug_hole,3326.0,132,1,5672.0,5672.0,0.0396873120865905
edf25,29,English,sentence_audio,active,o_frisbee_child_throw_frisbee,3950.0,1218,5,6920.0,6920.0,0.30835443037974686
edf25,29,English,sentence_audio,active,s_child_child_throw_frisbee,3950.0,2202,6,6378.0,6378.0,0.5574683544303798
edf25,3,,free_viewing,,o_vase_boy_broke_vase,3737.0,637,4,1004.0,1004.0,0.17045758629917046
edf25,3,,free_viewing,,s_boy_boy_broke_vase,3737.0,1114,4,1564.0,1564.0,0.2981000802782981
edf25,30,English,sentence_audio,active,o_tabla_child_play_tabla,3862.0,1899,5,5533.0,5533.0,0.49171413775245987
edf25,30,English,sentence_audio,active,s_child_child_play_tabla,3862.0,0,0,,,0.0
edf25,31,English,sentence_audio,passive,o_picture_artiste_drew_picture,3666.0,1696,4,5968.0,5968.0,0.46262956901254776
edf25,31,English,sentence_audio,passive,s_artiste_artiste_drew_picture,3666.0,1970,5,5632.0,5632.0,0.5373704309874523
edf25,32,English,sentence_audio,passive,o_cake_girl_baked_cake,3838.0,1615,5,6124.0,6124.0,0.4207920792079208
edf25,32,English,sentence_audio,passive,s_girl_girl_baked_cake,3838.0,456,2,7488.0,7488.0,0.1188118811881188
edf25,33,English,sentence_audio,passive,o_window_girl_opened_window,3859.0,2110,5,6098.0,6098.0,0.546773775589531
edf25,33,English,sentence_audio,passive,s_girl_girl_opened_window,3859.0,1547,6,5838.0,5838.0,0.4008810572687225
edf25,34,English,sentence_audio,passive_dropped_agent,o_dog_girl_fed_dog,3900.0,534,2,5531.0,5531.0,0.13692307692307693
edf25,34,English,sentence_audio,passive_dropped_agent,s_girl_girl_fed_dog,3900.0,1438,5,6320.0,6320.0,0.3687179487179487
edf25,35,English,sentence_audio,passive_dropped_agent,o_veg_boy_cut_vegetables,3850.0,1950,4,5922.0,5922.0,0.5064935064935064
edf25,35,English,sentence_audio,passive_dropped_agent,s_boy_boy_cut_vegetables,3850.0,1704,4,6870.0,6870.0,0.4425974025974026
edf25,36,English,sentence_audio,passive_dropped_agent,o_vase_boy_broke_vase,4081.0,3517,2,6101.0,6101.0,0.8617985787797109
edf25,36,English,sentence_audio,passive_dropped_agent,s_boy_boy_broke_vase,4081.0,564,1,7642.0,7642.0,0.13820142122028914
edf25,4,,free_viewing,,o_box_man_pushed_box,4194.0,2586,2,1778.0,1778.0,0.6165951359084406
edf25,4,,free_viewing,,s_man_man_pushed_box,4194.0,745,3,1087.0,1087.0,0.1776347162613257
edf25,5,,free_viewing,,o_veg_boy_cut_vegetables,3572.0,2296,5,652.0,652.0,0.6427771556550952
edf25,5,,free_viewing,,s_boy_boy_cut_vegetables,3572.0,1018,4,1804.0,1804.0,0.28499440089585665
edf25,6,,free_viewing,,o_letter_woman_read_letter,3681.0,564,2,1366.0,1366.0,0.1532192339038305
edf25,6,,free_viewing,,s_woman_woman_read_letter,3681.0,2227,4,1642.0,1642.0,0.6049986416734583
edf25,7,,free_viewing,,o_shrub_man_cut_shrub,3898.0,3431,2,1268.0,1268.0,0.8801949717804002
edf25,7,,free_viewing,,s_man_man_cut_shrub,3898.0,144,1,3222.0,3222.0,0.03694202154951257
edf25,8,,free_viewing,,o_window_girl_opened_window,3425.0,1200,5,1170.0,1170.0,0.35036496350364965
edf25,8,,free_viewing,,s_girl_girl_opened_window,3425.0,2225,6,892.0,892.0,0.6496350364963503
edf25,9,,free_viewing,,o_lamp_girl_light_lamp,3966.0,3262,4,1116.0,1116.0,0.8224911749873929
edf25,9,,free_viewing,,s_girl_girl_lit_lamp,3966.0,338,2,4074.0,4074.0,0.08522440746343923
edf26,1,,free_viewing,,o_door_boy_opened_door,4647.0,1071,3,825.0,825.0,0.2304712717882505
edf26,1,,free_viewing,,s_boy_boy_opened_door,4647.0,3034,4,1338.0,1338.0,0.6528943404346891
edf26,10,,free_viewing,,o_tabla_child_play_tabla,4583.0,2318,3,1038.0,1038.0,0.5057822387082697
edf26,10,,free_viewing,,s_child_child_play_tabla,4583.0,1556,4,1282.0,1282.0,0.339515601134628
edf26,11,,free_viewing,,o_box_man_pushed_box,4435.0,2176,2,1686.0,1686.0,0.4906426155580609
edf26,11,,free_viewing,,s_man_man_pushed_box,4435.0,2259,3,729.0,729.0,0.5093573844419391
edf26,12,,free_viewing,,o_tree_girl_plant_tree,4317.0,1978,3,1252.0,1252.0,0.4581885568681955
edf26,12,,free_viewing,,s_girl_girl_plant_tree,4317.0,1561,4,897.0,897.0,0.3615936993282372
edf26,13,,free_viewing,,o_clothes_woman_folded_clothes,4727.0,1827,2,1270.0,1270.0,0.38650306748466257
edf26,13,,free_viewing,,s_woman_woman_folded_clothes,4727.0,2900,2,958.0,958.0,0.6134969325153374
edf26,14,,free_viewing,,o_shrub_man_cut_shrub,4488.0,3692,2,1446.0,1446.0,0.8226381461675579
edf26,14,,free_viewing,,s_man_man_cut_shrub,4488.0,469,2,4272.0,4272.0,0.10450089126559715
edf26,15,,free_viewing,,o_vase_boy_broke_vase,4330.0,2094,3,855.0,855.0,0.4836027713625866
edf26,15,,free_viewing,,s_boy_boy_broke_vase,4330.0,2236,2,1118.0,1118.0,0.5163972286374134
edf26,16,,free_viewing,,o_bucket_boy_filled_bucket,4429.0,2419,3,773.0,773.0,0.5461729510047415
edf26,16,,free_viewing,,s_boy_boy_filled_bucket,4429.0,1842,2,1358.0,1358.0,0.41589523594490857
edf26,17,,free_viewing,,o_cake_girl_baked_cake,4874.0,2624,3,722.0,722.0,0.5383668444809192
edf26,17,,free_viewing,,s_girl_girl_baked_cake,4874.0,2250,2,904.0,904.0,0.46163315551908085
edf26,18,,free_viewing,,o_picture_artiste_drew_picture,4463.0,3439,2,1077.0,1077.0,0.7705579206811561
edf26,18,,free_viewing,,s_artiste_artiste_drew_picture,4463.0,1024,1,2110.0,2110.0,0.22944207931884383
edf26,19,Punjabi,sentence_audio,passive,o_letter_woman_read_letter,4692.0,2314,4,5990.0,5990.0,0.49317988064791135
edf26,19,Punjabi,sentence_audio,passive,s_woman_woman_read_letter,4692.0,2008,3,6266.0,6266.0,0.4279624893435635
edf26,2,,free_viewing,,o_veg_boy_cut_vegetables,4537.0,3174,2,1312.0,1312.0,0.6995812210711925
edf26,2,,free_viewing,,s_boy_boy_cut_vegetables,4537.0,1132,2,1132.0,1132.0,0.24950407758430682
edf26,20,Punjabi,sentence_audio,passive,o_bucket_boy_filled_bucket,4498.0,2670,4,5407.0,5407.0,0.593597154290796
edf26,20,Punjabi,sentence_audio,passive,s_boy_boy_filled_bucket,4498.0,1456,3,6750.0,6750.0,0.3236994219653179
edf26,21,Punjabi,sentence_audio,passive,o_clothes_woman_folded_clothes,4521.0,2293,2,5435.0,5435.0,0.5071886750718867
edf26,21,Punjabi,sentence_audio,passive,s_woman_woman_folded_clothes,4521.0,2088,2,7036.0,7036.0,0.4618447246184472
edf26,22,Punjabi,sentence_audio,passive_dropped_agent,o_door_boy_opened_door,4777.0,3715,3,5547.0,5547.0,0.7776847393761775
edf26,22,Punjabi,sentence_audio,passive_dropped_agent,s_boy_boy_opened_door,4777.0,1062,2,6048.0,6048.0,0.22231526062382248
edf26,23,Punjabi,sentence_audio,passive_dropped_agent,o_lamp_girl_light_lamp,4513.0,3728,3,5664.0,5664.0,0.8260580545091957
edf26,23,Punjabi,sentence_audio,passive_dropped_agent,s_girl_girl_lit_lamp,4513.0,785,3,5447.0,5447.0,0.17394194549080436
edf26,24,Punjabi,sentence_audio,passive_dropped_agent,o_scooter_driver_wash_scooter,4606.0,3916,2,6183.0,6183.0,0.8501953973078593
edf26,24,Punjabi,sentence_audio,passive_dropped_agent,s_driver_driver_wash_scooter,4606.0,648,1,7492.0,7492.0,0.14068606165870604
edf26,25,English,sentence_audio,active,o_box_man_pushed_box,4522.0,2396,3,5456.0,5456.0,0.5298540468819106
edf26,25,English,sentence_audio,active,s_man_man_pushed_box,4522.0,1962,4,5216.0,5216.0,0.43387881468376827
edf26,26,English,sentence_audio,active,o_tree_girl_plant_tree,2354.0,0,0,,,0.0
edf26,26,English,sentence_audio,active,s_girl_girl_plant_tree,2354.0,60,1,8302.0,8302.0,0.025488530161427356
edf26,27,English,sentence_audio,active,o_shrub_man_cut_shrub,3614.0,678,2,7004.0,7004.0,0.1876037631433315
edf26,27,English,sentence_audio,active,s_man_man_cut_shrub,3614.0,1644,3,5444.0,5444.0,0.4548976203652463
edf26,28,English,sentence_audio,passive,o_hole_dog_dug_hole,164.0,0,0,,,0.0
edf26,28,English,sentence_audio,passive,s_dog_dog_dug_hole,164.0,0,0,,,0.0
edf26,29,English,sentence_audio,passive,o_frisbee_child_throw_frisbee,4200.0,1156,4,6740.0,6740.0,0.2752380952380952
edf26,29,English,sentence_audio,passive,s_child_child_throw_frisbee,4200.0,2343,6,6006.0,6006.0,0.5578571428571428
edf26,3,,free_viewing,,o_scooter_driver_wash_scooter,4474.0,2206,2,653.0,653.0,0.4930710773357175
edf26,3,,free_viewing,,s_driver_driver_wash_scooter,4474.0,1210,2,3000.0,3000.0,0.27045149754135
edf26,30,English,sentence_audio,passive,o_tabla_child_play_tabla,4354.0,1938,5,5786.0,5786.0,0.4451079467156638
edf26,30,English,sentence_audio,passive,s_child_child_play_tabla,4354.0,1968,5,6060.0,6060.0,0.4519981626090951
edf26,31,English,sentence_audio,passive_dropped_agent,o_picture_artiste_drew_picture,4338.0,3528,2,6014.0,6014.0,0.8132780082987552
edf26,31,English,sentence_audio,passive_dropped_agent,s_artiste_artiste_drew_picture,4338.0,810,1,6520.0,6520.0,0.18672199170124482
edf26,32,English,sentence_audio,passive_dropped_agent,o_cake_girl_baked_cake,4559.0,2865,5,5667.0,5667.0,0.6284272866856767
edf26,32,English,sentence_audio,passive_dropped_agent,s_girl_girl_baked_cake,4559.0,996,3,6360.0,6360.0,0.2184689624917745
edf26,33,English,sentence_audio,passive_dropped_agent,o_window_girl_opened_window,4504.0,1978,2,6052.0,6052.0,0.4391651865008881
edf26,33,English,sentence_audio,passive_dropped_agent,s_girl_girl_opened_window,4504.0,2202,2,6976.0,6976.0,0.488898756660746
edf26,34,Punjabi,sentence_audio,active,o_dog_girl_fed_dog,4456.0,1801,4,5245.0,5245.0,0.4041741472172352
edf26,34,Punjabi,sentence_audio,active,s_girl_girl_fed_dog,4456.0,1416,3,5424.0,5424.0,0.3177737881508079
edf26,35,Punjabi,sentence_audio,active,o_veg_boy_cut_vegetables,4641.0,3462,3,6112.0,6112.0,0.7459599224305107
edf26,35,Punjabi,sentence_audio,active,s_boy_boy_cut_vegetables,4641.0,778,2,8700.0,8700.0,0.1676362852833441
edf26,36,Punjabi,sentence_audio,active,o_vase_boy_broke_vase,4648.0,4202,2,5661.0,5661.0,0.9040447504302926
edf26,36,Punjabi,sentence_audio,active,s_boy_boy_broke_vase,4648.0,446,1,7558.0,7558.0,0.0959552495697074
edf26,4,,free_viewing,,o_window_girl_opened_window,4348.0,2524,2,1568.0,1568.0,0.5804967801287948
edf26,4,,free_viewing,,s_girl_girl_opened_window,4348.0,1526,2,1110.0,1110.0,0.35096596136154556
edf26,5,,free_viewing,,o_dog_girl_fed_dog,4346.0,1376,4,1466.0,1466.0,0.31661297745052924
edf26,5,,free_viewing,,s_girl_girl_fed_dog,4346.0,1384,2,906.0,906.0,0.3184537505752416
edf26,6,,free_viewing,,o_lamp_girl_light_lamp,4494.0,2485,2,1300.0,1300.0,0.5529595015576324
edf26,6,,free_viewing,,s_girl_girl_lit_lamp,4494.0,2009,2,943.0,943.0,0.4470404984423676
edf26,7,,free_viewing,,o_hole_dog_dug_hole,4518.0,2101,2,1384.0,1384.0,0.46502877379371405
edf26,7,,free_viewing,,s_dog_dog_dug_hole,4518.0,1015,2,805.0,805.0,0.22465692784417884
edf26,8,,free_viewing,,o_frisbee_child_throw_frisbee,4526.0,1004,2,1522.0,1522.0,0.22182942996022978
edf26,8,,free_viewing,,s_child_child_throw_frisbee,4526.0,2080,2,1164.0,1164.0,0.4595669465311533
edf26,9,,free_viewing,,o_letter_woman_read_letter,4653.0,795,3,3838.0,3838.0,0.1708575112830432
edf26,9,,free_viewing,,s_woman_woman_read_letter,4653.0,3290,4,1096.0,1096.0,0.7070707070707071
edf27,1,,free_viewing,,o_veg_boy_cut_vegetables,4756.0,4215,2,1136.0,1136.0,0.8862489486963835
edf27,1,,free_viewing,,s_boy_boy_cut_vegetables,4756.0,541,2,749.0,749.0,0.11375105130361648
edf27,10,,free_viewing,,o_vase_boy_broke_vase,4741.0,3702,2,808.0,808.0,0.7808479223792448
edf27,10,,free_viewing,,s_boy_boy_broke_vase,4741.0,1039,2,3050.0,3050.0,0.21915207762075511
edf27,11,,free_viewing,,o_frisbee_child_throw_frisbee,4179.0,824,1,1316.0,1316.0,0.19717635798037808
edf27,11,,free_viewing,,s_child_child_throw_frisbee,4179.0,1326,3,998.0,998.0,0.3173007896625987
edf27,12,,free_viewing,,o_tabla_child_play_tabla,4684.0,2341,3,1086.0,1086.0,0.4997865072587532
edf27,12,,free_viewing,,s_child_child_play_tabla,4684.0,1804,2,1346.0,1346.0,0.3851409052092229
edf27,13,,free_viewing,,o_lamp_girl_light_lamp,4762.0,4240,2,1062.0,1062.0,0.8903821923561529
edf27,13,,free_viewing,,s_girl_girl_lit_lamp,4762.0,522,2,808.0,808.0,0.10961780764384713
edf27,14,,free_viewing,,o_bucket_boy_filled_bucket,4838.0,4346,2,1022.0,1022.0,0.8983050847457628
edf27,14,,free_viewing,,s_boy_boy_filled_bucket,4838.0,492,1,4188.0,4188.0,0.1016949152542373
edf27,15,,free_viewing,,o_picture_artiste_drew_picture,4700.0,2506,4,1065.0,1065.0,0.5331914893617021
edf27,15,,free_viewing,,s_artiste_artiste_drew_picture,4700.0,1410,3,1722.0,1722.0,0.3
edf27,16,,free_viewing,,o_clothes_woman_folded_clothes,4902.0,1143,1,847.0,847.0,0.2331701346389229
edf27,16,,free_viewing,,s_woman_woman_folded_clothes,4902.0,3759,1,2064.0,2064.0,0.7668298653610771
edf27,17,,free_viewing,,o_cake_girl_baked_cake,4461.0,766,1,1292.0,1292.0,0.17171037883882537
edf27,17,,free_viewing,,s_girl_girl_baked_cake,4461.0,2364,2,2462.0,2462.0,0.5299260255548084
edf27,18,,free_viewing,,o_letter_woman_read_letter,4483.0,1246,2,2020.0,2020.0,0.2779388802141423
edf27,18,,free_viewing,,s_woman_woman_read_letter,4483.0,3237,3,1067.0,1067.0,0.7220611197858576
edf27,19,Punjabi,sentence_audio,passive_dropped_agent,o_letter_woman_read_letter,4566.0,2446,3,6656.0,6656.0,0.5356986421375384
edf27,19,Punjabi,sentence_audio,passive_dropped_agent,s_woman_woman_read_letter,4566.0,2120,4,5894.0,5894.0,0.4643013578624617
edf27,2,,free_viewing,,o_tree_girl_plant_tree,4587.0,2455,3,1070.0,1070.0,0.5352081970787007
edf27,2,,free_viewing,,s_girl_girl_plant_tree,4587.0,1606,3,806.0,806.0,0.3501199040767386
edf27,20,Punjabi,sentence_audio,passive_dropped_agent,o_bucket_boy_filled_bucket,4889.0,4649,2,5351.0,5351.0,0.950910206586214
edf27,20,Punjabi,sentence_audio,passive_dropped_agent,s_boy_boy_filled_bucket,4889.0,240,1,6138.0,6138.0,0.049089793413786054
edf27,21,Punjabi,sentence_audio,passive_dropped_agent,o_clothes_woman_folded_clothes,4633.0,3515,3,5637.0,5637.0,0.758687675372329
edf27,21,Punjabi,sentence_audio,passive_dropped_agent,s_woman_woman_folded_clothes,4633.0,1118,2,6394.0,6394.0,0.24131232462767105
edf27,22,English,sentence_audio,active,o_door_boy_opened_door,4850.0,2146,2,5469.0,5469.0,0.44247422680412374
edf27,22,English,sentence_audio,active,s_boy_boy_opened_door,4850.0,2704,1,7184.0,7184.0,0.5575257731958763
edf27,23,English,sentence_audio,active,o_lamp_girl_light_lamp,4777.0,3882,3,5782.0,5782.0,0.8126439187774754
edf27,23,English,sentence_audio,active,s_girl_girl_lit_lamp,4777.0,895,3,5539.0,5539.0,0.1873560812225246
edf27,24,English,sentence_audio,active,o_scooter_driver_wash_scooter,4335.0,2597,3,5956.0,5956.0,0.5990772779700115
edf27,24,English,sentence_audio,active,s_driver_driver_wash_scooter,4335.0,1738,3,5650.0,5650.0,0.40092272202998847
edf27,25,English,sentence_audio,passive,o_box_man_pushed_box,4773.0,2597,3,6398.0,6398.0,0.5441022417766603
edf27,25,English,sentence_audio,passive,s_man_man_pushed_box,4773.0,2176,3,6120.0,6120.0,0.4558977582233396
edf27,26,English,sentence_audio,passive,o_tree_girl_plant_tree,4341.0,2547,2,5816.0,5816.0,0.5867311679336559
edf27,26,English,sentence_audio,passive,s_girl_girl_plant_tree,4341.0,1794,2,5536.0,5536.0,0.4132688320663442
edf27,27,English,sentence_audio,passive,o_shrub_man_cut_shrub,4279.0,3613,3,5604.0,5604.0,0.8443561579808366
edf27,27,English,sentence_audio,passive,s_man_man_cut_shrub,4279.0,230,1,5342.0,5342.0,0.05375087637298434
edf27,28,English,sentence_audio,passive_dropped_agent,o_hole_dog_dug_hole,4372.0,3407,2,6276.0,6276.0,0.779277218664227
edf27,28,English,sentence_audio,passive_dropped_agent,s_dog_dog_dug_hole,4372.0,592,1,7104.0,7104.0,0.1354071363220494
edf27,29,English,sentence_audio,passive_dropped_agent,o_frisbee_child_throw_frisbee,4679.0,1360,3,6066.0,6066.0,0.2906603975208378
edf27,29,English,sentence_audio,passive_dropped_agent,s_child_child_throw_frisbee,4679.0,2187,2,5649.0,5649.0,0.46740756571917075
edf27,3,,free_viewing,,o_box_man_pushed_box,4620.0,2274,3,1026.0,1026.0,0.4922077922077922
edf27,3,,free_viewing,,s_man_man_pushed_box,4620.0,2346,4,760.0,760.0,0.5077922077922078
edf27,30,English,sentence_audio,passive_dropped_agent,o_tabla_child_play_tabla,4613.0,3428,3,6300.0,6300.0,0.7431172772599176
edf27,30,English,sentence_audio,passive_dropped_agent,s_child_child_play_tabla,4613.0,930,2,7216.0,7216.0,0.20160416215044438
edf27,31,Punjabi,sentence_audio,active,o_picture_artiste_drew_picture,4759.0,2943,2,6690.0,6690.0,0.6184072284093297
edf27,31,Punjabi,sentence_audio,active,s_artiste_artiste_drew_picture,4759.0,1816,2,5890.0,5890.0,0.3815927715906703
edf27,32,Punjabi,sentence_audio,active,o_cake_girl_baked_cake,4289.0,0,0,,,0.0
edf27,32,Punjabi,sentence_audio,active,s_girl_girl_baked_cake,4289.0,4191,2,5705.0,5705.0,0.9771508510142224
edf27,33,Punjabi,sentence_audio,active,o_window_girl_opened_window,4304.0,3022,2,6206.0,6206.0,0.7021375464684015
edf27,33,Punjabi,sentence_audio,active,s_girl_girl_opened_window,4304.0,892,2,5788.0,5788.0,0.20724907063197026
edf27,34,Punjabi,sentence_audio,passive,o_dog_girl_fed_dog,4601.0,734,3,5656.0,5656.0,0.15953053683981744
edf27,34,Punjabi,sentence_audio,passive,s_girl_girl_fed_dog,4601.0,658,2,9036.0,9036.0,0.1430123886111715
edf27,35,Punjabi,sentence_audio,passive,o_veg_boy_cut_vegetables,4039.0,3183,3,6100.0,6100.0,0.7880663530576876
edf27,35,Punjabi,sentence_audio,passive,s_boy_boy_cut_vegetables,4039.0,788,2,5830.0,5830.0,0.19509779648427827
edf27,36,Punjabi,sentence_audio,passive,o_vase_boy_broke_vase,4300.0,2362,2,5435.0,5435.0,0.5493023255813954
edf27,36,Punjabi,sentence_audio,passive,s_boy_boy_broke_vase,4300.0,1938,1,7272.0,7272.0,0.45069767441860464
edf27,4,,free_viewing,,o_dog_girl_fed_dog,4668.0,3198,3,1376.0,1376.0,0.6850899742930592
edf27,4,,free_viewing,,s_girl_girl_fed_dog,4668.0,782,2,4630.0,4630.0,0.1675235646958012
edf27,5,,free_viewing,,o_door_boy_opened_door,4761.0,4310,2,926.0,926.0,0.9052720016803193
edf27,5,,free_viewing,,s_boy_boy_opened_door,4761.0,362,1,1936.0,1936.0,0.07603444654484352
edf27,6,,free_viewing,,o_shrub_man_cut_shrub,4807.0,4586,1,1158.0,1158.0,0.9540253796546703
edf27,6,,free_viewing,,s_man_man_cut_shrub,4807.0,221,1,909.0,909.0,0.04597462034532973
edf27,7,,free_viewing,,o_hole_dog_dug_hole,4744.0,1772,2,1392.0,1392.0,0.37352445193929174
edf27,7,,free_viewing,,s_dog_dog_dug_hole,4744.0,2972,3,886.0,886.0,0.6264755480607083
edf27,8,,free_viewing,,o_scooter_driver_wash_scooter,4472.0,2902,2,1098.0,1098.0,0.6489266547406082
edf27,8,,free_viewing,,s_driver_driver_wash_scooter,4472.0,1570,2,3494.0,3494.0,0.35107334525939177
edf27,9,,free_viewing,,o_window_girl_opened_window,4286.0,1136,2,1426.0,1426.0,0.2650489967335511
edf27,9,,free_viewing,,s_girl_girl_opened_window,4286.0,2897,2,2114.0,2114.0,0.6759216052263183
edf28,1,,free_viewing,,o_picture_artiste_drew_picture,4487.0,3811,3,852.0,852.0,0.8493425451303767
edf28,1,,free_viewing,,s_artiste_artiste_drew_picture,4487.0,494,2,2094.0,2094.0,0.11009583240472476
edf28,10,,free_viewing,,o_shrub_man_cut_shrub,4687.0,4414,1,1122.0,1122.0,0.9417537870706209
edf28,10,,free_viewing,,s_man_man_cut_shrub,4687.0,273,1,825.0,825.0,0.058246212929379135
edf28,11,,free_viewing,,o_letter_woman_read_letter,4020.0,0,0,,,0.0
edf28,11,,free_viewing,,s_woman_woman_read_letter,4020.0,4020,1,755.0,755.0,1.0
edf28,12,,free_viewing,,o_vase_boy_broke_vase,4391.0,3999,2,717.0,717.0,0.9107264859940788
edf28,12,,free_viewing,,s_boy_boy_broke_vase,4391.0,392,1,3534.0,3534.0,0.0892735140059212
edf28,13,,free_viewing,,o_scooter_driver_wash_scooter,3856.0,2280,4,918.0,918.0,0.5912863070539419
edf28,13,,free_viewing,,s_driver_driver_wash_scooter,3856.0,1576,3,2110.0,2110.0,0.4087136929460581
edf28,14,,free_viewing,,o_clothes_woman_folded_clothes,4305.0,988,2,2144.0,2144.0,0.2295005807200929
edf28,14,,free_viewing,,s_woman_woman_folded_clothes,4305.0,1980,3,1254.0,1254.0,0.45993031358885017
edf28,15,,free_viewing,,o_bucket_boy_filled_bucket,4529.0,4046,2,942.0,942.0,0.893353941267388
edf28,15,,free_viewing,,s_boy_boy_filled_bucket,4529.0,274,1,4444.0,4444.0,0.06049900640317951
edf28,16,,free_viewing,,o_window_girl_opened_window,4049.0,2390,5,1154.0,1154.0,0.590269202272166
edf28,16,,free_viewing,,s_girl_girl_opened_window,4049.0,1385,6,896.0,896.0,0.34205976784391207
edf28,17,,free_viewing,,o_tabla_child_play_tabla,3926.0,1804,4,1404.0,1404.0,0.45950076413652574
edf28,17,,free_viewing,,s_child_child_play_tabla,3926.0,548,2,1594.0,1594.0,0.13958227203260315
edf28,18,,free_viewing,,o_veg_boy_cut_vegetables,3313.0,1338,3,1484.0,1484.0,0.40386356776335647
edf28,18,,free_viewing,,s_boy_boy_cut_vegetables,3313.0,1606,5,1182.0,1182.0,0.4847570178086327
edf28,19,English,sentence_audio,active,o_letter_woman_read_letter,4312.0,642,2,6656.0,6656.0,0.14888682745825602
edf28,19,English,sentence_audio,active,s_woman_woman_read_letter,4312.0,3082,2,6868.0,6868.0,0.7147495361781077
edf28,2,,free_viewing,,o_cake_girl_baked_cake,4632.0,1164,3,683.0,683.0,0.25129533678756477
edf28,2,,free_viewing,,s_girl_girl_baked_cake,4632.0,2886,2,1242.0,1242.0,0.6230569948186528
edf28,20,English,sentence_audio,active,o_bucket_boy_filled_bucket,4462.0,4023,2,5577.0,5577.0,0.9016136261766025
edf28,20,English,sentence_audio,active,s_boy_boy_filled_bucket,4462.0,439,2,9836.0,9836.0,0.09838637382339759
edf28,21,English,sentence_audio,active,o_clothes_woman_folded_clothes,4687.0,2603,2,5293.0,5293.0,0.5553659056966076
edf28,21,English,sentence_audio,active,s_woman_woman_folded_clothes,4687.0,1760,2,5588.0,5588.0,0.37550672071687646
edf28,22,English,sentence_audio,passive,o_door_boy_opened_door,4606.0,4606,1,5581.0,5581.0,1.0
edf28,22,English,sentence_audio,passive,s_boy_boy_opened_door,4606.0,0,0,,,0.0
edf28,23,English,sentence_audio,passive,o_lamp_girl_light_lamp,4785.0,4580,1,5782.0,5782.0,0.9571577847439916
edf28,23,English,sentence_audio,passive,s_girl_girl_lit_lamp,4785.0,205,1,5547.0,5547.0,0.042842215256008356
edf28,24,English,sentence_audio,passive,o_scooter_driver_wash_scooter,4124.0,4014,1,5354.0,5354.0,0.9733268671193016
edf28,24,English,sentence_audio,passive,s_driver_driver_wash_scooter,4124.0,110,1,10236.0,10236.0,0.02667313288069835
edf28,25,English,sentence_audio,passive_dropped_agent,o_box_man_pushed_box,4662.0,1554,3,6402.0,6402.0,0.3333333333333333
edf28,25,English,sentence_audio,passive_dropped_agent,s_man_man_pushed_box,4662.0,3108,4,6149.0,6149.0,0.6666666666666666
edf28,26,English,sentence_audio,passive_dropped_agent,o_tree_girl_plant_tree,4666.0,4434,1,5472.0,5472.0,0.9502786112301758
edf28,26,English,sentence_audio,passive_dropped_agent,s_girl_girl_plant_tree,4666.0,232,1,5204.0,5204.0,0.04972138876982426
edf28,27,English,sentence_audio,passive_dropped_agent,o_shrub_man_cut_shrub,4612.0,1717,2,5444.0,5444.0,0.3722896790980052
edf28,27,English,sentence_audio,passive_dropped_agent,s_man_man_cut_shrub,4612.0,2895,2,5177.0,5177.0,0.6277103209019947
edf28,28,Punjabi,sentence_audio,active,o_hole_dog_dug_hole,3119.0,38,1,10600.0,10600.0,0.012183392112856685
edf28,28,Punjabi,sentence_audio,active,s_dog_dog_dug_hole,3119.0,1913,4,6141.0,6141.0,0.6133376082077588
edf28,29,Punjabi,sentence_audio,active,o_frisbee_child_throw_frisbee,4179.0,1340,3,6334.0,6334.0,0.3206508734146925
edf28,29,Punjabi,sentence_audio,active,s_child_child_throw_frisbee,4179.0,1859,5,5905.0,5905.0,0.44484326393874135
edf28,3,,free_viewing,,o_tree_girl_plant_tree,4446.0,2028,3,1296.0,1296.0,0.45614035087719296
edf28,3,,free_viewing,,s_girl_girl_plant_tree,4446.0,2418,4,682.0,682.0,0.543859649122807
edf28,30,Punjabi,sentence_audio,active,o_tabla_child_play_tabla,4644.0,2770,3,6432.0,6432.0,0.5964685615848406
edf28,30,Punjabi,sentence_audio,active,s_child_child_play_tabla,4644.0,1008,1,6570.0,6570.0,0.21705426356589147
edf28,31,Punjabi,sentence_audio,passive,o_picture_artiste_drew_picture,3995.0,2865,3,5516.0,5516.0,0.7171464330413017
edf28,31,Punjabi,sentence_audio,passive,s_artiste_artiste_drew_picture,3995.0,872,1,7358.0,7358.0,0.21827284105131414
edf28,32,Punjabi,sentence_audio,passive,o_cake_girl_baked_cake,4406.0,1893,2,6036.0,6036.0,0.4296413980935089
edf28,32,Punjabi,sentence_audio,passive,s_girl_girl_baked_cake,4406.0,2162,3,5876.0,5876.0,0.49069450748978666
edf28,33,Punjabi,sentence_audio,passive,o_window_girl_opened_window,4224.0,2374,5,6866.0,6866.0,0.5620265151515151
edf28,33,Punjabi,sentence_audio,passive,s_girl_girl_opened_window,4224.0,496,2,6532.0,6532.0,0.11742424242424243
edf28,34,Punjabi,sentence_audio,passive_dropped_agent,o_dog_girl_fed_dog,4746.0,4268,2,5460.0,5460.0,0.899283607248209
edf28,34,Punjabi,sentence_audio,passive_dropped_agent,s_girl_girl_fed_dog,4746.0,0,0,,,0.0
edf28,35,Punjabi,sentence_audio,passive_dropped_agent,o_veg_boy_cut_vegetables,3609.0,512,1,6862.0,6862.0,0.14186755333887505
edf28,35,Punjabi,sentence_audio,passive_dropped_agent,s_boy_boy_cut_vegetables,3609.0,1823,3,5788.0,5788.0,0.5051260737046274
edf28,36,Punjabi,sentence_audio,passive_dropped_agent,o_vase_boy_broke_vase,4436.0,2664,3,5544.0,5544.0,0.6005410279531109
edf28,36,Punjabi,sentence_audio,passive_dropped_agent,s_boy_boy_broke_vase,4436.0,1238,2,7488.0,7488.0,0.27908025247971147
edf28,4,,free_viewing,,o_hole_dog_dug_hole,3551.0,0,0,,,0.0
edf28,4,,free_viewing,,s_dog_dog_dug_hole,3551.0,847,4,821.0,821.0,0.23852435933539848
edf28,5,,free_viewing,,o_dog_girl_fed_dog,4531.0,2908,4,1214.0,1214.0,0.6418009269476936
edf28,5,,free_viewing,,s_girl_girl_fed_dog,4531.0,15,1,6036.0,6036.0,0.003310527477378062
edf28,6,,free_viewing,,o_box_man_pushed_box,4485.0,2148,2,952.0,952.0,0.4789297658862876
edf28,6,,free_viewing,,s_man_man_pushed_box,4485.0,1903,4,664.0,664.0,0.42430323299888517
edf28,7,,free_viewing,,o_door_boy_opened_door,3983.0,2127,4,704.0,704.0,0.5340195832287221
edf28,7,,free_viewing,,s_boy_boy_opened_door,3983.0,1120,2,1430.0,1430.0,0.281195079086116
edf28,8,,free_viewing,,o_lamp_girl_light_lamp,3877.0,1548,2,1412.0,1412.0,0.39927779210729947
edf28,8,,free_viewing,,s_girl_girl_lit_lamp,3877.0,2329,3,652.0,652.0,0.6007222078927006
edf28,9,,free_viewing,,o_frisbee_child_throw_frisbee,4346.0,1426,1,1344.0,1344.0,0.3281178094799816
edf28,9,,free_viewing,,s_child_child_throw_frisbee,4346.0,2309,2,2842.0,2842.0,0.5312931431201104
edf29,1,,free_viewing,,o_picture_artiste_drew_picture,4583.0,2611,3,761.0,761.0,0.569714161029893
edf29,1,,free_viewing,,s_artiste_artiste_drew_picture,4583.0,1762,2,1702.0,1702.0,0.3844643246781584
edf29,10,,free_viewing,,o_cake_girl_baked_cake,4719.0,3171,2,891.0,891.0,0.6719643992371265
edf29,10,,free_viewing,,s_girl_girl_baked_cake,4719.0,1548,1,3004.0,3004.0,0.32803560076287347
edf29,11,,free_viewing,,o_lamp_girl_light_lamp,4597.0,1180,2,1182.0,1182.0,0.2566891450946269
edf29,11,,free_viewing,,s_girl_girl_lit_lamp,4597.0,3031,3,923.0,923.0,0.6593430498150968
edf29,12,,free_viewing,,o_vase_boy_broke_vase,4662.0,2532,3,1002.0,1002.0,0.5431145431145431
edf29,12,,free_viewing,,s_boy_boy_broke_vase,4662.0,2130,3,1498.0,1498.0,0.4568854568854569
edf29,13,,free_viewing,,o_hole_dog_dug_hole,4637.0,1762,1,3202.0,3202.0,0.37998706059952553
edf29,13,,free_viewing,,s_dog_dog_dug_hole,4637.0,2489,3,883.0,883.0,0.5367694630148803
edf29,14,,free_viewing,,o_scooter_driver_wash_scooter,4366.0,2405,2,787.0,787.0,0.5508474576271186
edf29,14,,free_viewing,,s_driver_driver_wash_scooter,4366.0,1582,2,1220.0,1220.0,0.3623453962437013
edf29,15,,free_viewing,,o_door_boy_opened_door,4675.0,1641,3,785.0,785.0,0.35101604278074866
edf29,15,,free_viewing,,s_boy_boy_opened_door,4675.0,3034,2,1136.0,1136.0,0.6489839572192513
edf29,16,,free_viewing,,o_veg_boy_cut_vegetables,4665.0,1640,1,1062.0,1062.0,0.3515541264737406
edf29,16,,free_viewing,,s_boy_boy_cut_vegetables,4665.0,3025,2,686.0,686.0,0.6484458735262594
edf29,17,,free_viewing,,o_clothes_woman_folded_clothes,4693.0,1439,2,767.0,767.0,0.30662689111442576
edf29,17,,free_viewing,,s_woman_woman_folded_clothes,4693.0,2842,1,1984.0,1984.0,0.6055827828681014
edf29,18,,free_viewing,,o_frisbee_child_throw_frisbee,4507.0,448,1,2736.0,2736.0,0.09940093188373642
edf29,18,,free_viewing,,s_child_child_throw_frisbee,4507.0,2909,3,919.0,919.0,0.6454404260039938
edf29,19,English,sentence_audio,passive,o_letter_woman_read_letter,4425.0,1284,2,6640.0,6640.0,0.2901694915254237
edf29,19,English,sentence_audio,passive,s_woman_woman_read_letter,4425.0,3141,2,5701.0,5701.0,0.7098305084745763
edf29,2,,free_viewing,,o_tree_girl_plant_tree,4741.0,792,1,1930.0,1930.0,0.16705336426914152
edf29,2,,free_viewing,,s_girl_girl_plant_tree,4741.0,2629,2,858.0,858.0,0.5545243619489559
edf29,20,English,sentence_audio,passive,o_bucket_boy_filled_bucket,4647.0,1931,2,5781.0,5781.0,0.41553690553044975
edf29,20,English,sentence_audio,passive,s_boy_boy_filled_bucket,4647.0,2716,1,7556.0,7556.0,0.5844630944695502
edf29,21,English,sentence_audio,passive,o_clothes_woman_folded_clothes,4802.0,2692,2,5854.0,5854.0,0.5605997501041233
edf29,21,English,sentence_audio,passive,s_woman_woman_folded_clothes,4802.0,2110,1,7540.0,7540.0,0.4394002498958767
edf29,22,English,sentence_audio,passive_dropped_agent,o_door_boy_opened_door,4493.0,3409,2,5659.0,5659.0,0.7587358112619631
edf29,22,English,sentence_audio,passive_dropped_agent,s_boy_boy_opened_door,4493.0,1084,2,6080.0,6080.0,0.24126418873803696
edf29,23,English,sentence_audio,passive_dropped_agent,o_lamp_girl_light_lamp,4698.0,1790,1,6176.0,6176.0,0.38101319710515114
edf29,23,English,sentence_audio,passive_dropped_agent,s_girl_girl_lit_lamp,4698.0,2703,1,8074.0,8074.0,0.5753512132822478
edf29,24,English,sentence_audio,passive_dropped_agent,o_scooter_driver_wash_scooter,4482.0,1939,2,5249.0,5249.0,0.4326193663543061
edf29,24,English,sentence_audio,passive_dropped_agent,s_driver_driver_wash_scooter,4482.0,1518,2,5650.0,5650.0,0.3386880856760375
edf29,25,Punjabi,sentence_audio,active,o_box_man_pushed_box,4629.0,1244,1,5606.0,5606.0,0.2687405487146252
edf29,25,Punjabi,sentence_audio,active,s_man_man_pushed_box,4629.0,2009,3,5386.0,5386.0,0.43400302441131994
edf29,26,Punjabi,sentence_audio,active,o_tree_girl_plant_tree,4700.0,1568,2,5602.0,5602.0,0.33361702127659576
edf29,26,Punjabi,sentence_audio,active,s_girl_girl_plant_tree,4700.0,3132,3,5330.0,5330.0,0.6663829787234042
edf29,27,Punjabi,sentence_audio,active,o_shrub_man_cut_shrub,4543.0,2404,2,6098.0,6098.0,0.5291657495047326
edf29,27,Punjabi,sentence_audio,active,s_man_man_cut_shrub,4543.0,2139,3,5843.0,5843.0,0.47083425049526745
edf29,28,Punjabi,sentence_audio,passive,o_hole_dog_dug_hole,4649.0,2642,1,6704.0,6704.0,0.5682942568294257
edf29,28,Punjabi,sentence_audio,passive,s_dog_dog_dug_hole,4649.0,1573,2,5913.0,5913.0,0.3383523338352334
edf29,29,Punjabi,sentence_audio,passive,o_frisbee_child_throw_frisbee,4627.0,1920,2,6220.0,6220.0,0.4149556948346661
edf29,29,Punjabi,sentence_audio,passive,s_child_child_throw_frisbee,4627.0,1535,2,5839.0,5839.0,0.33174843311000646
edf29,3,,free_viewing,,o_shrub_man_cut_shrub,4719.0,1498,1,1352.0,1352.0,0.3174401356219538
edf29,3,,free_viewing,,s_man_man_cut_shrub,4719.0,3221,2,1079.0,1079.0,0.6825598643780462
edf29,30,Punjabi,sentence_audio,passive,o_tabla_child_play_tabla,4621.0,948,1,5836.0,5836.0,0.2051504003462454
edf29,30,Punjabi,sentence_audio,passive,s_child_child_play_tabla,4621.0,1560,1,6856.0,6856.0,0.3375892663925557
edf29,31,Punjabi,sentence_audio,passive_dropped_agent,o_picture_artiste_drew_picture,4273.0,2543,2,6364.0,6364.0,0.5951322256026211
edf29,31,Punjabi,sentence_audio,passive_dropped_agent,s_artiste_artiste_drew_picture,4273.0,1200,1,8726.0,8726.0,0.28083313831032064
edf29,32,Punjabi,sentence_audio,passive_dropped_agent,o_cake_girl_baked_cake,3892.0,2022,2,6206.0,6206.0,0.5195272353545735
edf29,32,Punjabi,sentence_audio,passive_dropped_agent,s_girl_girl_baked_cake,3892.0,1370,2,7158.0,7158.0,0.35200411099691675
edf29,33,Punjabi,sentence_audio,passive_dropped_agent,o_window_girl_opened_window,4794.0,1697,2,5778.0,5778.0,0.35398414685022944
edf29,33,Punjabi,sentence_audio,passive_dropped_agent,s_girl_girl_opened_window,4794.0,3097,2,5565.0,5565.0,0.6460158531497705
edf29,34,English,sentence_audio,active,o_dog_girl_fed_dog,4720.0,3146,3,5974.0,5974.0,0.6665254237288135
edf29,34,English,sentence_audio,active,s_girl_girl_fed_dog,4720.0,667,1,10004.0,10004.0,0.1413135593220339
edf29,35,English,sentence_audio,active,o_veg_boy_cut_vegetables,4678.0,1782,1,5670.0,5670.0,0.38093202223172296
edf29,35,English,sentence_audio,active,s_boy_boy_cut_vegetables,4678.0,2502,3,5385.0,5385.0,0.5348439504061565
edf29,36,English,sentence_audio,active,o_vase_boy_broke_vase,4658.0,2280,4,5704.0,5704.0,0.48948046371833404
edf29,36,English,sentence_audio,active,s_boy_boy_broke_vase,4658.0,2138,2,6286.0,6286.0,0.45899527694289394
edf29,4,,free_viewing,,o_letter_woman_read_letter,4573.0,2185,2,1372.0,1372.0,0.47780450470150887
edf29,4,,free_viewing,,s_woman_woman_read_letter,4573.0,2388,2,890.0,890.0,0.5221954952984912
edf29,5,,free_viewing,,o_dog_girl_fed_dog,4659.0,1727,3,1498.0,1498.0,0.3706804035200687
edf29,5,,free_viewing,,s_girl_girl_fed_dog,4659.0,1250,2,1286.0,1286.0,0.2682979180081563
edf29,6,,free_viewing,,o_window_girl_opened_window,4699.0,2452,2,1486.0,1486.0,0.5218131517344116
edf29,6,,free_viewing,,s_girl_girl_opened_window,4699.0,2058,2,1310.0,1310.0,0.4379655245796978
edf29,7,,free_viewing,,o_bucket_boy_filled_bucket,4648.0,2114,2,776.0,776.0,0.45481927710843373
edf29,7,,free_viewing,,s_boy_boy_filled_bucket,4648.0,2534,1,2304.0,2304.0,0.5451807228915663
edf29,8,,free_viewing,,o_tabla_child_play_tabla,4570.0,1997,2,1122.0,1122.0,0.43698030634573304
edf29,8,,free_viewing,,s_child_child_play_tabla,4570.0,1138,1,2744.0,2744.0,0.24901531728665208
edf29,9,,free_viewing,,o_box_man_pushed_box,4535.0,1672,2,906.0,906.0,0.3686879823594267
edf29,9,,free_viewing,,s_man_man_pushed_box,4535.0,1315,3,683.0,683.0,0.28996692392502754
edf30,1,,free_viewing,,o_tree_girl_plant_tree,4741.0,1064,3,1076.0,1076.0,0.22442522674541235
edf30,1,,free_viewing,,s_girl_girl_plant_tree,4741.0,3677,3,829.0,829.0,0.7755747732545877
edf30,10,,free_viewing,,o_picture_artiste_drew_picture,4221.0,3119,2,822.0,822.0,0.7389244254915897
edf30,10,,free_viewing,,s_artiste_artiste_drew_picture,4221.0,1102,1,3876.0,3876.0,0.26107557450841035
edf30,11,,free_viewing,,o_box_man_pushed_box,4707.0,1024,2,1254.0,1254.0,0.2175483322710856
edf30,11,,free_viewing,,s_man_man_pushed_box,4707.0,3683,3,785.0,785.0,0.7824516677289144
edf30,12,,free_viewing,,o_vase_boy_broke_vase,4290.0,3394,4,1028.0,1028.0,0.7911421911421911
edf30,12,,free_viewing,,s_boy_boy_broke_vase,4290.0,896,3,1792.0,1792.0,0.20885780885780886
edf30,13,,free_viewing,,o_scooter_driver_wash_scooter,4232.0,2935,3,963.0,963.0,0.6935255198487713
edf30,13,,free_viewing,,s_driver_driver_wash_scooter,4232.0,957,3,2282.0,2282.0,0.22613421550094517
edf30,14,,free_viewing,,o_door_boy_opened_door,4458.0,2712,6,960.0,960.0,0.6083445491251682
edf30,14,,free_viewing,,s_boy_boy_opened_door,4458.0,1746,5,1138.0,1138.0,0.3916554508748318
edf30,15,,free_viewing,,o_lamp_girl_light_lamp,4471.0,1939,3,980.0,980.0,0.43368373965555806
edf30,15,,free_viewing,,s_girl_girl_lit_lamp,4471.0,2532,3,734.0,734.0,0.5663162603444419
edf30,16,,free_viewing,,o_dog_girl_fed_dog,4382.0,558,2,2450.0,2450.0,0.12733911455956184
edf30,16,,free_viewing,,s_girl_girl_fed_dog,4382.0,2138,2,1306.0,1306.0,0.48790506617982654
edf30,17,,free_viewing,,o_shrub_man_cut_shrub,4255.0,2546,4,966.0,966.0,0.5983548766157462
edf30,17,,free_viewing,,s_man_man_cut_shrub,4255.0,1553,5,740.0,740.0,0.36498237367802583
edf30,18,,free_viewing,,o_clothes_woman_folded_clothes,4490.0,3226,1,1512.0,1512.0,0.7184855233853007
edf30,18,,free_viewing,,s_woman_woman_folded_clothes,4490.0,1106,2,1322.0,1322.0,0.24632516703786192
edf30,19,English,sentence_audio,passive_dropped_agent,o_letter_woman_read_letter,4226.0,335,1,9940.0,9940.0,0.07927117841930904
edf30,19,English,sentence_audio,passive_dropped_agent,s_woman_woman_read_letter,4226.0,3891,1,5297.0,5297.0,0.9207288215806909
edf30,2,,free_viewing,,o_veg_boy_cut_vegetables,4278.0,1270,4,1218.0,1218.0,0.2968676951846657
edf30,2,,free_viewing,,s_boy_boy_cut_vegetables,4278.0,3008,5,795.0,795.0,0.7031323048153343
edf30,20,English,sentence_audio,passive_dropped_agent,o_bucket_boy_filled_bucket,4633.0,3942,2,5692.0,5692.0,0.8508525793222534
edf30,20,English,sentence_audio,passive_dropped_agent,s_boy_boy_filled_bucket,4633.0,511,2,7068.0,7068.0,0.11029570472695878
edf30,21,English,sentence_audio,passive_dropped_agent,o_clothes_woman_folded_clothes,4080.0,3434,2,5660.0,5660.0,0.8416666666666667
edf30,21,English,sentence_audio,passive_dropped_agent,s_woman_woman_folded_clothes,4080.0,368,1,6956.0,6956.0,0.09019607843137255
edf30,22,Punjabi,sentence_audio,active,o_door_boy_opened_door,4156.0,1348,6,5472.0,5472.0,0.32435033686236764
edf30,22,Punjabi,sentence_audio,active,s_boy_boy_opened_door,4156.0,2808,5,5648.0,5648.0,0.6756496631376323
edf30,23,Punjabi,sentence_audio,active,o_lamp_girl_light_lamp,4150.0,1664,3,5482.0,5482.0,0.4009638554216867
edf30,23,Punjabi,sentence_audio,active,s_girl_girl_lit_lamp,4150.0,2486,4,5242.0,5242.0,0.5990361445783132
edf30,24,Punjabi,sentence_audio,active,o_scooter_driver_wash_scooter,4324.0,2392,4,5554.0,5554.0,0.5531914893617021
edf30,24,Punjabi,sentence_audio,active,s_driver_driver_wash_scooter,4324.0,1754,4,6164.0,6164.0,0.40564292321924145
edf30,25,Punjabi,sentence_audio,passive,o_box_man_pushed_box,4247.0,2040,2,6236.0,6236.0,0.4803390628679068
edf30,25,Punjabi,sentence_audio,passive,s_man_man_pushed_box,4247.0,1991,3,5877.0,5877.0,0.4688015069460796
edf30,26,Punjabi,sentence_audio,passive,o_tree_girl_plant_tree,4215.0,2304,3,6136.0,6136.0,0.5466192170818506
edf30,26,Punjabi,sentence_audio,passive,s_girl_girl_plant_tree,4215.0,1791,4,5930.0,5930.0,0.42491103202846975
edf30,27,Punjabi,sentence_audio,passive,o_shrub_man_cut_shrub,4335.0,4103,1,5918.0,5918.0,0.946482122260669
edf30,27,Punjabi,sentence_audio,passive,s_man_man_cut_shrub,4335.0,232,1,5656.0,5656.0,0.053517877739331025
edf30,28,Punjabi,sentence_audio,passive_dropped_agent,o_hole_dog_dug_hole,4471.0,560,1,6728.0,6728.0,0.125251621561172
edf30,28,Punjabi,sentence_audio,passive_dropped_agent,s_dog_dog_dug_hole,4471.0,3245,3,6095.0,6095.0,0.7257884142250056
edf30,29,Punjabi,sentence_audio,passive_dropped_agent,o_frisbee_child_throw_frisbee,4447.0,1578,4,6294.0,6294.0,0.3548459635709467
edf30,29,Punjabi,sentence_audio,passive_dropped_agent,s_child_child_throw_frisbee,4447.0,2706,4,6074.0,6074.0,0.6085001124353496
edf30,3,,free_viewing,,o_letter_woman_read_letter,4819.0,0,0,,,0.0
edf30,3,,free_viewing,,s_woman_woman_read_letter,4819.0,4819,1,1137.0,1137.0,1.0
edf30,30,Punjabi,sentence_audio,passive_dropped_agent,o_tabla_child_play_tabla,4136.0,1632,2,6022.0,6022.0,0.3945841392649903
edf30,30,Punjabi,sentence_audio,passive_dropped_agent,s_child_child_play_tabla,4136.0,1258,2,5848.0,5848.0,0.3041586073500967
edf30,31,English,sentence_audio,active,o_picture_artiste_drew_picture,4378.0,3380,3,6040.0,6040.0,0.7720420283234354
edf30,31,English,sentence_audio,active,s_artiste_artiste_drew_picture,4378.0,998,3,6728.0,6728.0,0.22795797167656465
edf30,32,English,sentence_audio,active,o_cake_girl_baked_cake,4657.0,4303,3,5782.0,5782.0,0.923985398325102
edf30,32,English,sentence_audio,active,s_girl_girl_baked_cake,4657.0,354,2,8600.0,8600.0,0.076014601674898
edf30,33,English,sentence_audio,active,o_window_girl_opened_window,4365.0,1568,2,6224.0,6224.0,0.35922107674684994
edf30,33,English,sentence_audio,active,s_girl_girl_opened_window,4365.0,2105,4,6006.0,6006.0,0.4822451317296678
edf30,34,English,sentence_audio,passive,o_dog_girl_fed_dog,4388.0,588,3,5864.0,5864.0,0.1340018231540565
edf30,34,English,sentence_audio,passive,s_girl_girl_fed_dog,4388.0,2188,2,6066.0,6066.0,0.4986326344576117
edf30,35,English,sentence_audio,passive,o_veg_boy_cut_vegetables,4401.0,1514,1,6396.0,6396.0,0.34401272438082253
edf30,35,English,sentence_audio,passive,s_boy_boy_cut_vegetables,4401.0,2747,2,6108.0,6108.0,0.6241763235628266
edf30,36,English,sentence_audio,passive,o_vase_boy_broke_vase,4650.0,4506,2,5679.0,5679.0,0.9690322580645161
edf30,36,English,sentence_audio,passive,s_boy_boy_broke_vase,4650.0,144,1,6372.0,6372.0,0.03096774193548387
edf30,4,,free_viewing,,o_hole_dog_dug_hole,4140.0,405,1,5252.0,5252.0,0.09782608695652174
edf30,4,,free_viewing,,s_dog_dog_dug_hole,4140.0,2855,3,691.0,691.0,0.6896135265700483
edf30,5,,free_viewing,,o_cake_girl_baked_cake,4601.0,765,2,1127.0,1127.0,0.16626820256465985
edf30,5,,free_viewing,,s_girl_girl_baked_cake,4601.0,3534,3,1376.0,1376.0,0.7680938926320365
edf30,6,,free_viewing,,o_bucket_boy_filled_bucket,4222.0,2172,2,1054.0,1054.0,0.5144481288488868
edf30,6,,free_viewing,,s_boy_boy_filled_bucket,4222.0,2050,2,3606.0,3606.0,0.4855518711511132
edf30,7,,free_viewing,,o_window_girl_opened_window,4719.0,940,2,1368.0,1368.0,0.1991947446492901
edf30,7,,free_viewing,,s_girl_girl_opened_window,4719.0,3779,3,859.0,859.0,0.8008052553507099
edf30,8,,free_viewing,,o_frisbee_child_throw_frisbee,4572.0,2694,4,1378.0,1378.0,0.589238845144357
edf30,8,,free_viewing,,s_child_child_throw_frisbee,4572.0,1628,4,1178.0,1178.0,0.3560804899387577
edf30,9,,free_viewing,,o_tabla_child_play_tabla,4326.0,1350,2,2558.0,2558.0,0.3120665742024965
edf30,9,,free_viewing,,s_child_child_play_tabla,4326.0,1344,1,1140.0,1140.0,0.3106796116504854
edf31,1,,free_viewing,,o_veg_boy_cut_vegetables,4657.0,2651,2,1412.0,1412.0,0.5692505905089114
edf31,1,,free_viewing,,s_boy_boy_cut_vegetables,4657.0,2006,2,906.0,906.0,0.4307494094910887
edf31,10,,free_viewing,,o_tabla_child_play_tabla,4301.0,2592,4,1490.0,1490.0,0.6026505463845617
edf31,10,,free_viewing,,s_child_child_play_tabla,4301.0,518,1,4714.0,4714.0,0.12043710764938387
edf31,11,,free_viewing,,o_window_girl_opened_window,3919.0,1964,1,2332.0,2332.0,0.5011482521051288
edf31,11,,free_viewing,,s_girl_girl_opened_window,3919.0,1955,2,1014.0,1014.0,0.49885174789487113
edf31,12,,free_viewing,,o_cake_girl_baked_cake,4456.0,3304,3,1030.0,1030.0,0.7414721723518851
edf31,12,,free_viewing,,s_girl_girl_baked_cake,4456.0,804,1,1334.0,1334.0,0.18043087971274685
edf31,13,,free_viewing,,o_hole_dog_dug_hole,4612.0,2342,2,2076.0,2076.0,0.5078057241977451
edf31,13,,free_viewing,,s_dog_dog_dug_hole,4612.0,1425,2,983.0,983.0,0.30897658282740675
edf31,14,,free_viewing,,o_picture_artiste_drew_picture,4371.0,2985,2,960.0,960.0,0.6829100892244337
edf31,14,,free_viewing,,s_artiste_artiste_drew_picture,4371.0,1386,1,2428.0,2428.0,0.31708991077556625
edf31,15,,free_viewing,,o_scooter_driver_wash_scooter,4408.0,3076,2,1078.0,1078.0,0.6978221415607986
edf31,15,,free_viewing,,s_driver_driver_wash_scooter,4408.0,1332,1,1650.0,1650.0,0.3021778584392015
edf31,16,,free_viewing,,o_shrub_man_cut_shrub,4472.0,3236,3,1350.0,1350.0,0.723613595706619
edf31,16,,free_viewing,,s_man_man_cut_shrub,4472.0,1236,4,1090.0,1090.0,0.276386404293381
edf31,17,,free_viewing,,o_bucket_boy_filled_bucket,4484.0,2798,3,686.0,686.0,0.6239964317573595
edf31,17,,free_viewing,,s_boy_boy_filled_bucket,4484.0,1426,2,996.0,996.0,0.31801962533452277
edf31,18,,free_viewing,,o_door_boy_opened_door,4319.0,998,1,2986.0,2986.0,0.23107200740912248
edf31,18,,free_viewing,,s_boy_boy_opened_door,4319.0,3321,2,1033.0,1033.0,0.7689279925908775
edf31,19,Punjabi,sentence_audio,active,o_letter_woman_read_letter,4744.0,0,0,,,0.0
edf31,19,Punjabi,sentence_audio,active,s_woman_woman_read_letter,4744.0,4744,1,5589.0,5589.0,1.0
edf31,2,,free_viewing,,o_box_man_pushed_box,4588.0,1250,1,2444.0,2444.0,0.2724498692240628
edf31,2,,free_viewing,,s_man_man_pushed_box,4588.0,3338,2,963.0,963.0,0.7275501307759372
edf31,20,Punjabi,sentence_audio,active,o_bucket_boy_filled_bucket,4402.0,3458,2,5265.0,5265.0,0.785552021808269
edf31,20,Punjabi,sentence_audio,active,s_boy_boy_filled_bucket,4402.0,944,1,8230.0,8230.0,0.21444797819173103
edf31,21,Punjabi,sentence_audio,active,o_clothes_woman_folded_clothes,3755.0,2275,3,5430.0,5430.0,0.6058588548601864
edf31,21,Punjabi,sentence_audio,active,s_woman_woman_folded_clothes,3755.0,1480,2,5934.0,5934.0,0.3941411451398136
edf31,22,Punjabi,sentence_audio,passive,o_door_boy_opened_door,4614.0,0,0,,,0.0
edf31,22,Punjabi,sentence_audio,passive,s_boy_boy_opened_door,4614.0,4614,1,5838.0,5838.0,1.0
edf31,23,Punjabi,sentence_audio,passive,o_lamp_girl_light_lamp,4266.0,2410,4,6202.0,6202.0,0.5649320206282231
edf31,23,Punjabi,sentence_audio,passive,s_girl_girl_lit_lamp,4266.0,1786,3,5782.0,5782.0,0.4186591654946085
edf31,24,Punjabi,sentence_audio,passive,o_scooter_driver_wash_scooter,4643.0,2441,3,5228.0,5228.0,0.5257376696101659
edf31,24,Punjabi,sentence_audio,passive,s_driver_driver_wash_scooter,4643.0,2202,2,5682.0,5682.0,0.4742623303898342
edf31,25,Punjabi,sentence_audio,passive_dropped_agent,o_box_man_pushed_box,4637.0,2574,3,6494.0,6494.0,0.555100280353677
edf31,25,Punjabi,sentence_audio,passive_dropped_agent,s_man_man_pushed_box,4637.0,2063,3,6169.0,6169.0,0.4448997196463231
edf31,26,Punjabi,sentence_audio,passive_dropped_agent,o_tree_girl_plant_tree,4307.0,1382,1,5778.0,5778.0,0.3208729974460181
edf31,26,Punjabi,sentence_audio,passive_dropped_agent,s_girl_girl_plant_tree,4307.0,1504,1,7426.0,7426.0,0.349198978407244
edf31,27,Punjabi,sentence_audio,passive_dropped_agent,o_shrub_man_cut_shrub,4712.0,4444,2,5690.0,5690.0,0.9431239388794567
edf31,27,Punjabi,sentence_audio,passive_dropped_agent,s_man_man_cut_shrub,4712.0,268,1,9046.0,9046.0,0.056876061120543296
edf31,28,English,sentence_audio,active,o_hole_dog_dug_hole,4697.0,1482,1,6900.0,6900.0,0.3155205450287418
edf31,28,English,sentence_audio,active,s_dog_dog_dug_hole,4697.0,2641,2,5533.0,5533.0,0.5622737917819886
edf31,29,English,sentence_audio,active,o_frisbee_child_throw_frisbee,4457.0,2972,1,7810.0,7810.0,0.6668162441103882
edf31,29,English,sentence_audio,active,s_child_child_throw_frisbee,4457.0,1176,1,6158.0,6158.0,0.26385461072470273
edf31,3,,free_viewing,,o_dog_girl_fed_dog,4586.0,1586,3,754.0,754.0,0.3458351504579154
edf31,3,,free_viewing,,s_girl_girl_fed_dog,4586.0,1676,1,1858.0,1858.0,0.36546009594417794
edf31,30,English,sentence_audio,active,o_tabla_child_play_tabla,4249.0,2583,4,5472.0,5472.0,0.6079077429983526
edf31,30,English,sentence_audio,active,s_child_child_play_tabla,4249.0,1156,2,5938.0,5938.0,0.2720640150623676
edf31,31,English,sentence_audio,passive,o_picture_artiste_drew_picture,4951.0,3749,1,6606.0,6606.0,0.7572207634821249
edf31,31,English,sentence_audio,passive,s_artiste_artiste_drew_picture,4951.0,1202,1,5362.0,5362.0,0.24277923651787517
edf31,32,English,sentence_audio,passive,o_cake_girl_baked_cake,4475.0,1329,3,5353.0,5353.0,0.2969832402234637
edf31,32,English,sentence_audio,passive,s_girl_girl_baked_cake,4475.0,2452,3,5640.0,5640.0,0.5479329608938548
edf31,33,English,sentence_audio,passive,o_window_girl_opened_window,4169.0,2084,1,6260.0,6260.0,0.4998800671623891
edf31,33,English,sentence_audio,passive,s_girl_girl_opened_window,4169.0,2085,2,5733.0,5733.0,0.5001199328376109
edf31,34,English,sentence_audio,passive_dropped_agent,o_dog_girl_fed_dog,3741.0,122,1,6180.0,6180.0,0.03261160117615611
edf31,34,English,sentence_audio,passive_dropped_agent,s_girl_girl_fed_dog,3741.0,1865,3,5719.0,5719.0,0.49852980486500936
edf31,35,English,sentence_audio,passive_dropped_agent,o_veg_boy_cut_vegetables,4319.0,2688,2,5722.0,5722.0,0.6223662884927067
edf31,35,English,sentence_audio,passive_dropped_agent,s_boy_boy_cut_vegetables,4319.0,1462,3,5534.0,5534.0,0.33850428339893496
edf31,36,English,sentence_audio,passive_dropped_agent,o_vase_boy_broke_vase,4316.0,1992,3,6063.0,6063.0,0.46153846153846156
edf31,36,English,sentence_audio,passive_dropped_agent,s_boy_boy_broke_vase,4316.0,2324,2,6246.0,6246.0,0.5384615384615384
edf31,4,,free_viewing,,o_tree_girl_plant_tree,4510.0,2066,2,1106.0,1106.0,0.4580931263858093
edf31,4,,free_viewing,,s_girl_girl_plant_tree,4510.0,1275,2,815.0,815.0,0.2827050997782705
edf31,5,,free_viewing,,o_clothes_woman_folded_clothes,4368.0,3436,2,777.0,777.0,0.7866300366300366
edf31,5,,free_viewing,,s_woman_woman_folded_clothes,4368.0,932,1,1174.0,1174.0,0.21336996336996336
edf31,6,,free_viewing,,o_letter_woman_read_letter,4472.0,1838,1,3308.0,3308.0,0.41100178890876565
edf31,6,,free_viewing,,s_woman_woman_read_letter,4472.0,2238,3,1032.0,1032.0,0.5004472271914132
edf31,7,,free_viewing,,o_lamp_girl_light_lamp,4349.0,3208,2,1276.0,1276.0,0.7376408369740171
edf31,7,,free_viewing,,s_girl_girl_lit_lamp,4349.0,1141,2,1013.0,1013.0,0.262359163025983
edf31,8,,free_viewing,,o_vase_boy_broke_vase,4313.0,3637,2,727.0,727.0,0.8432645490377927
edf31,8,,free_viewing,,s_boy_boy_broke_vase,4313.0,676,1,2210.0,2210.0,0.15673545096220728
edf31,9,,free_viewing,,o_frisbee_child_throw_frisbee,4368.0,2330,2,2104.0,2104.0,0.5334249084249084
edf31,9,,free_viewing,,s_child_child_throw_frisbee,4368.0,808,2,1234.0,1234.0,0.184981684981685
edf32,1,,free_viewing,,o_picture_artiste_drew_picture,4652.0,1781,2,701.0,701.0,0.38284608770421324
edf32,1,,free_viewing,,s_artiste_artiste_drew_picture,4652.0,2418,3,1320.0,1320.0,0.5197764402407566
edf32,10,,free_viewing,,o_dog_girl_fed_dog,4623.0,1210,4,1310.0,1310.0,0.2617348042396712
edf32,10,,free_viewing,,s_girl_girl_fed_dog,4623.0,868,1,2324.0,2324.0,0.18775686783473935
edf32,11,,free_viewing,,o_window_girl_opened_window,4464.0,3222,1,2408.0,2408.0,0.7217741935483871
edf32,11,,free_viewing,,s_girl_girl_opened_window,4464.0,1050,1,1292.0,1292.0,0.23521505376344087
edf32,12,,free_viewing,,o_tabla_child_play_tabla,4639.0,1641,2,1252.0,1252.0,0.35374003017891786
edf32,12,,free_viewing,,s_child_child_play_tabla,4639.0,1938,2,2556.0,2556.0,0.41776244880362146
edf32,13,,free_viewing,,o_door_boy_opened_door,4771.0,2672,3,686.0,686.0,0.5600503039195137
edf32,13,,free_viewing,,s_boy_boy_opened_door,4771.0,2099,3,1124.0,1124.0,0.4399496960804863
edf32,14,,free_viewing,,o_frisbee_child_throw_frisbee,4242.0,830,2,1548.0,1548.0,0.19566242338519566
edf32,14,,free_viewing,,s_child_child_throw_frisbee,4242.0,2076,6,1230.0,1230.0,0.4893917963224894
edf32,15,,free_viewing,,o_vase_boy_broke_vase,4555.0,2951,3,914.0,914.0,0.6478594950603732
edf32,15,,free_viewing,,s_boy_boy_broke_vase,4555.0,1604,2,1908.0,1908.0,0.3521405049396268
edf32,16,,free_viewing,,o_cake_girl_baked_cake,4684.0,3508,3,807.0,807.0,0.748932536293766
edf32,16,,free_viewing,,s_girl_girl_baked_cake,4684.0,544,1,2282.0,2282.0,0.1161400512382579
edf32,17,,free_viewing,,o_lamp_girl_light_lamp,4430.0,2368,2,1176.0,1176.0,0.5345372460496614
edf32,17,,free_viewing,,s_girl_girl_lit_lamp,4430.0,1824,3,918.0,918.0,0.41173814898419864
edf32,18,,free_viewing,,o_tree_girl_plant_tree,4367.0,1109,2,1176.0,1176.0,0.2539500801465537
edf32,18,,free_viewing,,s_girl_girl_plant_tree,4367.0,2486,3,940.0,940.0,0.5692695214105793
edf32,19,Punjabi,sentence_audio,passive,o_letter_woman_read_letter,4858.0,2106,1,7796.0,7796.0,0.4335117332235488
edf32,19,Punjabi,sentence_audio,passive,s_woman_woman_read_letter,4858.0,2752,2,5858.0,5858.0,0.5664882667764513
edf32,2,,free_viewing,,o_scooter_driver_wash_scooter,4566.0,3828,2,938.0,938.0,0.8383705650459922
edf32,2,,free_viewing,,s_driver_driver_wash_scooter,4566.0,572,1,2986.0,2986.0,0.1252737625930793
edf32,20,Punjabi,sentence_audio,passive,o_bucket_boy_filled_bucket,4775.0,2837,3,5268.0,5268.0,0.5941361256544503
edf32,20,Punjabi,sentence_audio,passive,s_boy_boy_filled_bucket,4775.0,1938,2,6194.0,6194.0,0.4058638743455497
edf32,21,Punjabi,sentence_audio,passive,o_clothes_woman_folded_clothes,4512.0,4032,2,5456.0,5456.0,0.8936170212765957
edf32,21,Punjabi,sentence_audio,passive,s_woman_woman_folded_clothes,4512.0,480,1,7522.0,7522.0,0.10638297872340426
edf32,22,Punjabi,sentence_audio,passive_dropped_agent,o_door_boy_opened_door,4275.0,3277,3,5441.0,5441.0,0.7665497076023392
edf32,22,Punjabi,sentence_audio,passive_dropped_agent,s_boy_boy_opened_door,4275.0,998,2,5874.0,5874.0,0.23345029239766082
edf32,23,Punjabi,sentence_audio,passive_dropped_agent,o_lamp_girl_light_lamp,4354.0,3351,2,5746.0,5746.0,0.7696371152962793
edf32,23,Punjabi,sentence_audio,passive_dropped_agent,s_girl_girl_lit_lamp,4354.0,1003,2,5519.0,5519.0,0.2303628847037207
edf32,24,Punjabi,sentence_audio,passive_dropped_agent,o_scooter_driver_wash_scooter,4270.0,3972,2,5746.0,5746.0,0.9302107728337237
edf32,24,Punjabi,sentence_audio,passive_dropped_agent,s_driver_driver_wash_scooter,4270.0,144,1,9366.0,9366.0,0.03372365339578454
edf32,25,English,sentence_audio,active,o_box_man_pushed_box,4546.0,1622,3,6698.0,6698.0,0.35679718433787944
edf32,25,English,sentence_audio,active,s_man_man_pushed_box,4546.0,2616,4,5786.0,5786.0,0.5754509458864936
edf32,26,English,sentence_audio,active,o_tree_girl_plant_tree,4265.0,3313,3,5730.0,5730.0,0.7767878077373974
edf32,26,English,sentence_audio,active,s_girl_girl_plant_tree,4265.0,610,2,5506.0,5506.0,0.14302461899179367
edf32,27,English,sentence_audio,active,o_shrub_man_cut_shrub,4493.0,2230,1,5974.0,5974.0,0.4963276207433786
edf32,27,English,sentence_audio,active,s_man_man_cut_shrub,4493.0,2263,2,5725.0,5725.0,0.5036723792566214
edf32,28,English,sentence_audio,passive,o_hole_dog_dug_hole,4508.0,1858,2,6246.0,6246.0,0.4121561668145519
edf32,28,English,sentence_audio,passive,s_dog_dog_dug_hole,4508.0,2156,2,5382.0,5382.0,0.4782608695652174
edf32,29,English,sentence_audio,passive,o_frisbee_child_throw_frisbee,4528.0,3060,2,6260.0,6260.0,0.6757950530035336
edf32,29,English,sentence_audio,passive,s_child_child_throw_frisbee,4528.0,721,2,6920.0,6920.0,0.15923144876325088
edf32,3,,free_viewing,,o_bucket_boy_filled_bucket,4551.0,2507,3,944.0,944.0,0.5508679411118436
edf32,3,,free_viewing,,s_boy_boy_filled_bucket,4551.0,1690,2,2072.0,2072.0,0.37134695671281037
edf32,30,English,sentence_audio,passive,o_tabla_child_play_tabla,4646.0,4140,2,6020.0,6020.0,0.8910891089108911
edf32,30,English,sentence_audio,passive,s_child_child_play_tabla,4646.0,286,1,9204.0,9204.0,0.06155832974601808
edf32,31,English,sentence_audio,passive_dropped_agent,o_picture_artiste_drew_picture,4445.0,2892,2,5382.0,5382.0,0.6506186726659168
edf32,31,English,sentence_audio,passive_dropped_agent,s_artiste_artiste_drew_picture,4445.0,1247,3,5576.0,5576.0,0.28053993250843645
edf32,32,English,sentence_audio,passive_dropped_agent,o_cake_girl_baked_cake,4401.0,2971,4,5272.0,5272.0,0.675073846852988
edf32,32,English,sentence_audio,passive_dropped_agent,s_girl_girl_baked_cake,4401.0,528,1,6352.0,6352.0,0.11997273346966598
edf32,33,English,sentence_audio,passive_dropped_agent,o_window_girl_opened_window,4497.0,2774,2,6172.0,6172.0,0.6168556815654881
edf32,33,English,sentence_audio,passive_dropped_agent,s_girl_girl_opened_window,4497.0,1300,2,5968.0,5968.0,0.289081609962197
edf32,34,Punjabi,sentence_audio,active,o_dog_girl_fed_dog,4287.0,1329,2,5357.0,5357.0,0.3100069979006298
edf32,34,Punjabi,sentence_audio,active,s_girl_girl_fed_dog,4287.0,668,1,7990.0,7990.0,0.15581992069045952
edf32,35,Punjabi,sentence_audio,active,o_veg_boy_cut_vegetables,4815.0,4815,1,6097.0,6097.0,1.0
edf32,35,Punjabi,sentence_audio,active,s_boy_boy_cut_vegetables,4815.0,0,0,,,0.0
edf32,36,Punjabi,sentence_audio,active,o_vase_boy_broke_vase,4482.0,1691,3,5987.0,5987.0,0.37728692547969656
edf32,36,Punjabi,sentence_audio,active,s_boy_boy_broke_vase,4482.0,2387,2,6336.0,6336.0,0.532574743418117
edf32,4,,free_viewing,,o_shrub_man_cut_shrub,4526.0,2980,3,1162.0,1162.0,0.6584180291648255
edf32,4,,free_viewing,,s_man_man_cut_shrub,4526.0,1546,3,882.0,882.0,0.34158197083517455
edf32,5,,free_viewing,,o_veg_boy_cut_vegetables,4645.0,3390,2,1066.0,1066.0,0.7298170075349839
edf32,5,,free_viewing,,s_boy_boy_cut_vegetables,4645.0,1255,2,711.0,711.0,0.27018299246501615
edf32,6,,free_viewing,,o_hole_dog_dug_hole,4442.0,1520,1,2308.0,2308.0,0.3421882035119316
edf32,6,,free_viewing,,s_dog_dog_dug_hole,4442.0,2656,3,1068.0,1068.0,0.5979288608734804
edf32,7,,free_viewing,,o_box_man_pushed_box,4645.0,3195,1,2690.0,2690.0,0.6878363832077503
edf32,7,,free_viewing,,s_man_man_pushed_box,4645.0,1132,2,1014.0,1014.0,0.24370290635091496
edf32,8,,free_viewing,,o_letter_woman_read_letter,4406.0,2224,3,1226.0,1226.0,0.5047662278710849
edf32,8,,free_viewing,,s_woman_woman_read_letter,4406.0,1928,4,714.0,714.0,0.4375851112119837
edf32,9,,free_viewing,,o_clothes_woman_folded_clothes,4769.0,2189,2,1057.0,1057.0,0.4590060809394003
edf32,9,,free_viewing,,s_woman_woman_folded_clothes,4769.0,2580,1,2396.0,2396.0,0.5409939190605997
edf33,1,,free_viewing,,o_frisbee_child_throw_frisbee,4479.0,626,1,2352.0,2352.0,0.13976334003125698
edf33,1,,free_viewing,,s_child_child_throw_frisbee,4479.0,2921,3,1496.0,1496.0,0.6521544987720473
edf33,10,,free_viewing,,o_scooter_driver_wash_scooter,4462.0,3074,3,1088.0,1088.0,0.6889287315105334
edf33,10,,free_viewing,,s_driver_driver_wash_scooter,4462.0,1388,2,1724.0,1724.0,0.3110712684894666
edf33,11,,free_viewing,,o_shrub_man_cut_shrub,3999.0,2216,3,1408.0,1408.0,0.5541385346336584
edf33,11,,free_viewing,,s_man_man_cut_shrub,3999.0,1783,4,1132.0,1132.0,0.4458614653663416
edf33,12,,free_viewing,,o_picture_artiste_drew_picture,4385.0,1754,2,950.0,950.0,0.4
edf33,12,,free_viewing,,s_artiste_artiste_drew_picture,4385.0,2339,2,1432.0,1432.0,0.5334093500570125
edf33,13,,free_viewing,,o_vase_boy_broke_vase,4336.0,2684,2,916.0,916.0,0.6190036900369004
edf33,13,,free_viewing,,s_boy_boy_broke_vase,4336.0,1652,1,1180.0,1180.0,0.38099630996309963
edf33,14,,free_viewing,,o_window_girl_opened_window,4648.0,3400,2,2106.0,2106.0,0.7314974182444062
edf33,14,,free_viewing,,s_girl_girl_opened_window,4648.0,1042,1,946.0,946.0,0.22418244406196214
edf33,15,,free_viewing,,o_clothes_woman_folded_clothes,4193.0,1530,2,1624.0,1624.0,0.3648938707369425
edf33,15,,free_viewing,,s_woman_woman_folded_clothes,4193.0,1538,2,1142.0,1142.0,0.3668018125447174
edf33,16,,free_viewing,,o_lamp_girl_light_lamp,4066.0,1768,3,1380.0,1380.0,0.43482538121003445
edf33,16,,free_viewing,,s_girl_girl_lit_lamp,4066.0,2298,4,1092.0,1092.0,0.5651746187899656
edf33,17,,free_viewing,,o_veg_boy_cut_vegetables,4411.0,1498,1,1288.0,1288.0,0.33960553162548174
edf33,17,,free_viewing,,s_boy_boy_cut_vegetables,4411.0,2467,3,778.0,778.0,0.5592836091589208
edf33,18,,free_viewing,,o_hole_dog_dug_hole,3933.0,872,2,1484.0,1484.0,0.22171370455123315
edf33,18,,free_viewing,,s_dog_dog_dug_hole,3933.0,1917,3,646.0,646.0,0.4874141876430206
edf33,19,Punjabi,sentence_audio,passive_dropped_agent,o_letter_woman_read_letter,4531.0,2108,3,6082.0,6082.0,0.46523946148753037
edf33,19,Punjabi,sentence_audio,passive_dropped_agent,s_woman_woman_read_letter,4531.0,2134,3,5842.0,5842.0,0.47097770911498565
edf33,2,,free_viewing,,o_box_man_pushed_box,4602.0,2127,2,1830.0,1830.0,0.4621903520208605
edf33,2,,free_viewing,,s_man_man_pushed_box,4602.0,2475,2,673.0,673.0,0.5378096479791395
edf33,20,Punjabi,sentence_audio,passive_dropped_agent,o_bucket_boy_filled_bucket,4648.0,3390,2,5554.0,5554.0,0.7293459552495697
edf33,20,Punjabi,sentence_audio,passive_dropped_agent,s_boy_boy_filled_bucket,4648.0,1056,1,6308.0,6308.0,0.22719449225473323
edf33,21,Punjabi,sentence_audio,passive_dropped_agent,o_clothes_woman_folded_clothes,4502.0,2390,3,6136.0,6136.0,0.5308751665926255
edf33,21,Punjabi,sentence_audio,passive_dropped_agent,s_woman_woman_folded_clothes,4502.0,2112,2,7028.0,7028.0,0.4691248334073745
edf33,22,English,sentence_audio,active,o_door_boy_opened_door,4590.0,3188,3,5895.0,5895.0,0.6945533769063181
edf33,22,English,sentence_audio,active,s_boy_boy_opened_door,4590.0,1402,2,6152.0,6152.0,0.3054466230936819
edf33,23,English,sentence_audio,active,o_lamp_girl_light_lamp,4828.0,820,2,5980.0,5980.0,0.16984258492129245
edf33,23,English,sentence_audio,active,s_girl_girl_lit_lamp,4828.0,1454,2,5716.0,5716.0,0.3011599005799503
edf33,24,English,sentence_audio,active,o_scooter_driver_wash_scooter,4207.0,3527,3,5281.0,5281.0,0.8383646303779415
edf33,24,English,sentence_audio,active,s_driver_driver_wash_scooter,4207.0,680,2,6268.0,6268.0,0.16163536962205846
edf33,25,English,sentence_audio,passive,o_box_man_pushed_box,4246.0,856,3,5600.0,5600.0,0.20160150730098916
edf33,25,English,sentence_audio,passive,s_man_man_pushed_box,4246.0,2716,4,5332.0,5332.0,0.6396608572774376
edf33,26,English,sentence_audio,passive,o_tree_girl_plant_tree,4452.0,3110,3,5878.0,5878.0,0.6985624438454627
edf33,26,English,sentence_audio,passive,s_girl_girl_plant_tree,4452.0,1342,4,5574.0,5574.0,0.30143755615453727
edf33,27,English,sentence_audio,passive,o_shrub_man_cut_shrub,4289.0,2723,2,6066.0,6066.0,0.634879925390534
edf33,27,English,sentence_audio,passive,s_man_man_cut_shrub,4289.0,1566,2,5794.0,5794.0,0.36512007460946605
edf33,28,English,sentence_audio,passive_dropped_agent,o_hole_dog_dug_hole,4507.0,2752,3,6472.0,6472.0,0.6106057244286666
edf33,28,English,sentence_audio,passive_dropped_agent,s_dog_dog_dug_hole,4507.0,1347,3,6123.0,6123.0,0.2988684268915021
edf33,29,English,sentence_audio,passive_dropped_agent,o_frisbee_child_throw_frisbee,4207.0,1202,3,7174.0,7174.0,0.2857142857142857
edf33,29,English,sentence_audio,passive_dropped_agent,s_child_child_throw_frisbee,4207.0,2630,4,5940.0,5940.0,0.6251485619206085
edf33,3,,free_viewing,,o_tabla_child_play_tabla,4508.0,1386,2,1156.0,1156.0,0.30745341614906835
edf33,3,,free_viewing,,s_child_child_play_tabla,4508.0,2372,2,2002.0,2002.0,0.5261756876663709
edf33,30,English,sentence_audio,passive_dropped_agent,o_tabla_child_play_tabla,4647.0,3145,2,5966.0,5966.0,0.6767807187432753
edf33,30,English,sentence_audio,passive_dropped_agent,s_child_child_play_tabla,4647.0,1450,1,6904.0,6904.0,0.31202926619324295
edf33,31,Punjabi,sentence_audio,active,o_picture_artiste_drew_picture,4312.0,2184,3,5636.0,5636.0,0.5064935064935064
edf33,31,Punjabi,sentence_audio,active,s_artiste_artiste_drew_picture,4312.0,2128,3,5908.0,5908.0,0.4935064935064935
edf33,32,Punjabi,sentence_audio,active,o_cake_girl_baked_cake,4094.0,1150,4,6120.0,6120.0,0.2808988764044944
edf33,32,Punjabi,sentence_audio,active,s_girl_girl_baked_cake,4094.0,2066,2,6814.0,6814.0,0.5046409379579873
edf33,33,Punjabi,sentence_audio,active,o_window_girl_opened_window,4176.0,2323,3,7370.0,7370.0,0.5562739463601533
edf33,33,Punjabi,sentence_audio,active,s_girl_girl_opened_window,4176.0,1456,3,6142.0,6142.0,0.3486590038314176
edf33,34,Punjabi,sentence_audio,passive,o_dog_girl_fed_dog,4730.0,1912,3,6236.0,6236.0,0.4042283298097252
edf33,34,Punjabi,sentence_audio,passive,s_girl_girl_fed_dog,4730.0,1796,1,7446.0,7446.0,0.37970401691331923
edf33,35,Punjabi,sentence_audio,passive,o_veg_boy_cut_vegetables,4284.0,2899,2,5548.0,5548.0,0.6767040149393091
edf33,35,Punjabi,sentence_audio,passive,s_boy_boy_cut_vegetables,4284.0,1385,2,5187.0,5187.0,0.32329598506069096
edf33,36,Punjabi,sentence_audio,passive,o_vase_boy_broke_vase,4537.0,1909,3,5860.0,5860.0,0.42076261847035484
edf33,36,Punjabi,sentence_audio,passive,s_boy_boy_broke_vase,4537.0,2628,2,6652.0,6652.0,0.5792373815296451
edf33,4,,free_viewing,,o_bucket_boy_filled_bucket,4426.0,2310,3,866.0,866.0,0.5219159511974695
edf33,4,,free_viewing,,s_boy_boy_filled_bucket,4426.0,2116,3,1536.0,1536.0,0.4780840488025305
edf33,5,,free_viewing,,o_tree_girl_plant_tree,4607.0,1528,2,1114.0,1114.0,0.33166919904493164
edf33,5,,free_viewing,,s_girl_girl_plant_tree,4607.0,2299,3,805.0,805.0,0.4990232255263729
edf33,6,,free_viewing,,o_cake_girl_baked_cake,4627.0,1251,2,2586.0,2586.0,0.27036956991571215
edf33,6,,free_viewing,,s_girl_girl_baked_cake,4627.0,1782,3,946.0,946.0,0.38513075426842447
edf33,7,,free_viewing,,o_door_boy_opened_door,4504.0,2972,3,881.0,881.0,0.6598579040852576
edf33,7,,free_viewing,,s_boy_boy_opened_door,4504.0,1532,2,1122.0,1122.0,0.3401420959147424
edf33,8,,free_viewing,,o_dog_girl_fed_dog,4308.0,1026,3,1052.0,1052.0,0.2381615598885794
edf33,8,,free_viewing,,s_girl_girl_fed_dog,4308.0,850,1,1928.0,1928.0,0.19730733519034355
edf33,9,,free_viewing,,o_letter_woman_read_letter,4481.0,2346,2,1596.0,1596.0,0.5235438518187905
edf33,9,,free_viewing,,s_woman_woman_read_letter,4481.0,2135,3,726.0,726.0,0.47645614818120957
edf34,1,,free_viewing,,o_cake_girl_baked_cake,4221.0,1798,5,1036.0,1036.0,0.42596541104003793
edf34,1,,free_viewing,,s_girl_girl_baked_cake,4221.0,2221,5,1194.0,1194.0,0.5261786306562426
edf34,10,,free_viewing,,o_tabla_child_play_tabla,3953.0,1036,3,1008.0,1008.0,0.26207943334176576
edf34,10,,free_viewing,,s_child_child_play_tabla,3953.0,1366,4,1170.0,1170.0,0.3455603339236023
edf34,11,,free_viewing,,o_window_girl_opened_window,4161.0,756,2,1534.0,1534.0,0.18168709444844988
edf34,11,,free_viewing,,s_girl_girl_opened_window,4161.0,2922,3,1220.0,1220.0,0.7022350396539293
edf34,12,,free_viewing,,o_dog_girl_fed_dog,3815.0,2009,5,1252.0,1252.0,0.5266055045871559
edf34,12,,free_viewing,,s_girl_girl_fed_dog,3815.0,1056,2,1810.0,1810.0,0.2768020969855832
edf34,13,,free_viewing,,o_letter_woman_read_letter,3611.0,748,2,1798.0,1798.0,0.20714483522569926
edf34,13,,free_viewing,,s_woman_woman_read_letter,3611.0,2863,3,1168.0,1168.0,0.7928551647743007
edf34,14,,free_viewing,,o_frisbee_child_throw_frisbee,3973.0,682,2,1536.0,1536.0,0.1716586961993456
edf34,14,,free_viewing,,s_child_child_throw_frisbee,3973.0,2676,5,1356.0,1356.0,0.6735464384596023
edf34,15,,free_viewing,,o_scooter_driver_wash_scooter,4214.0,1814,1,1086.0,1086.0,0.43046986236355006
edf34,15,,free_viewing,,s_driver_driver_wash_scooter,4214.0,2042,2,3186.0,3186.0,0.4845752254390128
edf34,16,,free_viewing,,o_shrub_man_cut_shrub,3812.0,2274,3,970.0,970.0,0.5965372507869885
edf34,16,,free_viewing,,s_man_man_cut_shrub,3812.0,1538,4,756.0,756.0,0.40346274921301156
edf34,17,,free_viewing,,o_bucket_boy_filled_bucket,3770.0,2318,4,800.0,800.0,0.6148541114058356
edf34,17,,free_viewing,,s_boy_boy_filled_bucket,3770.0,1216,3,1308.0,1308.0,0.32254641909814324
edf34,18,,free_viewing,,o_door_boy_opened_door,3809.0,1530,6,666.0,666.0,0.40168023103176687
edf34,18,,free_viewing,,s_boy_boy_opened_door,3809.0,2279,6,844.0,844.0,0.5983197689682331
edf34,19,English,sentence_audio,active,o_letter_woman_read_letter,4498.0,2198,2,6106.0,6106.0,0.4886616273899511
edf34,19,English,sentence_audio,active,s_woman_woman_read_letter,4498.0,2300,3,5608.0,5608.0,0.5113383726100489
edf34,2,,free_viewing,,o_picture_artiste_drew_picture,3925.0,2351,5,827.0,827.0,0.5989808917197452
edf34,2,,free_viewing,,s_artiste_artiste_drew_picture,3925.0,1574,5,990.0,990.0,0.4010191082802548
edf34,20,English,sentence_audio,active,o_bucket_boy_filled_bucket,4348.0,3412,4,6156.0,6156.0,0.7847286108555658
edf34,20,English,sentence_audio,active,s_boy_boy_filled_bucket,4348.0,816,2,6572.0,6572.0,0.18767249310027598
edf34,21,English,sentence_audio,active,o_clothes_woman_folded_clothes,3833.0,2607,3,6414.0,6414.0,0.68014609966084
edf34,21,English,sentence_audio,active,s_woman_woman_folded_clothes,3833.0,1226,3,5886.0,5886.0,0.31985390033915995
edf34,22,English,sentence_audio,passive,o_door_boy_opened_door,4599.0,2778,3,5476.0,5476.0,0.604044357469015
edf34,22,English,sentence_audio,passive,s_boy_boy_opened_door,4599.0,1821,3,5660.0,5660.0,0.395955642530985
edf34,23,English,sentence_audio,passive,o_lamp_girl_light_lamp,4225.0,580,2,6340.0,6340.0,0.13727810650887573
edf34,23,English,sentence_audio,passive,s_girl_girl_lit_lamp,4225.0,3645,3,5320.0,5320.0,0.8627218934911243
edf34,24,English,sentence_audio,passive,o_scooter_driver_wash_scooter,4000.0,886,2,5598.0,5598.0,0.2215
edf34,24,English,sentence_audio,passive,s_driver_driver_wash_scooter,4000.0,2724,3,5880.0,5880.0,0.681
edf34,25,English,sentence_audio,passive_dropped_agent,o_box_man_pushed_box,4081.0,1515,3,5862.0,5862.0,0.3712325410438618
edf34,25,English,sentence_audio,passive_dropped_agent,s_man_man_pushed_box,4081.0,2566,3,5654.0,5654.0,0.6287674589561382
edf34,26,English,sentence_audio,passive_dropped_agent,o_tree_girl_plant_tree,4139.0,2114,4,5702.0,5702.0,0.5107513892244504
edf34,26,English,sentence_audio,passive_dropped_agent,s_girl_girl_plant_tree,4139.0,1872,5,5460.0,5460.0,0.45228316018361925
edf34,27,English,sentence_audio,passive_dropped_agent,o_shrub_man_cut_shrub,4580.0,1234,2,6278.0,6278.0,0.2694323144104803
edf34,27,English,sentence_audio,passive_dropped_agent,s_man_man_cut_shrub,4580.0,3346,3,5998.0,5998.0,0.7305676855895197
edf34,28,Punjabi,sentence_audio,active,o_hole_dog_dug_hole,3868.0,1671,4,6296.0,6296.0,0.43200620475698037
edf34,28,Punjabi,sentence_audio,active,s_dog_dog_dug_hole,3868.0,2121,4,6011.0,6011.0,0.5483453981385729
edf34,29,Punjabi,sentence_audio,active,o_frisbee_child_throw_frisbee,4130.0,2330,4,6316.0,6316.0,0.5641646489104116
edf34,29,Punjabi,sentence_audio,active,s_child_child_throw_frisbee,4130.0,1522,5,6122.0,6122.0,0.36852300242130753
edf34,3,,free_viewing,,o_tree_girl_plant_tree,4222.0,914,2,1012.0,1012.0,0.21648507816200852
edf34,3,,free_viewing,,s_girl_girl_plant_tree,4222.0,2214,4,748.0,748.0,0.5243960208432022
edf34,30,Punjabi,sentence_audio,active,o_tabla_child_play_tabla,4111.0,2190,3,6168.0,6168.0,0.5327171004621747
edf34,30,Punjabi,sentence_audio,active,s_child_child_play_tabla,4111.0,424,1,6560.0,6560.0,0.10313792264655801
edf34,31,Punjabi,sentence_audio,passive,o_picture_artiste_drew_picture,3968.0,780,4,6080.0,6080.0,0.19657258064516128
edf34,31,Punjabi,sentence_audio,passive,s_artiste_artiste_drew_picture,3968.0,860,4,6228.0,6228.0,0.21673387096774194
edf34,32,Punjabi,sentence_audio,passive,o_cake_girl_baked_cake,3738.0,1856,4,6422.0,6422.0,0.49652220438737293
edf34,32,Punjabi,sentence_audio,passive,s_girl_girl_baked_cake,3738.0,1747,5,6188.0,6188.0,0.46736222578919207
edf34,33,Punjabi,sentence_audio,passive,o_window_girl_opened_window,4362.0,3650,1,5758.0,5758.0,0.8367721228794132
edf34,33,Punjabi,sentence_audio,passive,s_girl_girl_opened_window,4362.0,712,2,5437.0,5437.0,0.1632278771205869
edf34,34,Punjabi,sentence_audio,passive_dropped_agent,o_dog_girl_fed_dog,4146.0,808,3,6386.0,6386.0,0.1948866377231066
edf34,34,Punjabi,sentence_audio,passive_dropped_agent,s_girl_girl_fed_dog,4146.0,488,2,5666.0,5666.0,0.11770381090207428
edf34,35,Punjabi,sentence_audio,passive_dropped_agent,o_veg_boy_cut_vegetables,3902.0,1182,2,5846.0,5846.0,0.3029215786776012
edf34,35,Punjabi,sentence_audio,passive_dropped_agent,s_boy_boy_cut_vegetables,3902.0,2378,2,6324.0,6324.0,0.6094310609943618
edf34,36,Punjabi,sentence_audio,passive_dropped_agent,o_vase_boy_broke_vase,3548.0,3084,3,6155.0,6155.0,0.8692220969560316
edf34,36,Punjabi,sentence_audio,passive_dropped_agent,s_boy_boy_broke_vase,3548.0,464,2,6322.0,6322.0,0.13077790304396844
edf34,4,,free_viewing,,o_box_man_pushed_box,4250.0,638,3,1366.0,1366.0,0.15011764705882352
edf34,4,,free_viewing,,s_man_man_pushed_box,4250.0,3128,4,876.0,876.0,0.736
edf34,5,,free_viewing,,o_veg_boy_cut_vegetables,4150.0,2428,2,1544.0,1544.0,0.5850602409638554
edf34,5,,free_viewing,,s_boy_boy_cut_vegetables,4150.0,1722,3,1018.0,1018.0,0.41493975903614455
edf34,6,,free_viewing,,o_vase_boy_broke_vase,3966.0,2056,3,898.0,898.0,0.518406454866364
edf34,6,,free_viewing,,s_boy_boy_broke_vase,3966.0,1910,2,2060.0,2060.0,0.4815935451336359
edf34,7,,free_viewing,,o_lamp_girl_light_lamp,4117.0,696,1,5012.0,5012.0,0.16905513723585136
edf34,7,,free_viewing,,s_girl_girl_lit_lamp,4117.0,3257,3,1099.0,1099.0,0.7911100315763906
edf34,8,,free_viewing,,o_clothes_woman_folded_clothes,3519.0,1220,3,1316.0,1316.0,0.3466894003978403
edf34,8,,free_viewing,,s_woman_woman_folded_clothes,3519.0,1989,3,1442.0,1442.0,0.5652173913043478
edf34,9,,free_viewing,,o_hole_dog_dug_hole,3801.0,878,2,1132.0,1132.0,0.23099184425151276
edf34,9,,free_viewing,,s_dog_dog_dug_hole,3801.0,2114,3,738.0,738.0,0.5561694290976059
edf35,1,,free_viewing,,o_cake_girl_baked_cake,3401.0,1983,4,857.0,857.0,0.5830638047633049
edf35,1,,free_viewing,,s_girl_girl_baked_cake,3401.0,964,3,1514.0,1514.0,0.28344604528079975
edf35,10,,free_viewing,,o_door_boy_opened_door,3852.0,3134,3,706.0,706.0,0.8136033229491173
edf35,10,,free_viewing,,s_boy_boy_opened_door,3852.0,718,2,924.0,924.0,0.18639667705088267
edf35,11,,free_viewing,,o_box_man_pushed_box,3877.0,1596,2,1436.0,1436.0,0.4116584988393087
edf35,11,,free_viewing,,s_man_man_pushed_box,3877.0,2061,2,973.0,973.0,0.5315965953056487
edf35,12,,free_viewing,,o_shrub_man_cut_shrub,3923.0,3662,1,1124.0,1124.0,0.9334692837114453
edf35,12,,free_viewing,,s_man_man_cut_shrub,3923.0,261,1,837.0,837.0,0.06653071628855468
edf35,13,,free_viewing,,o_dog_girl_fed_dog,4084.0,2118,3,1546.0,1546.0,0.5186092066601371
edf35,13,,free_viewing,,s_girl_girl_fed_dog,4084.0,1256,3,1274.0,1274.0,0.30754162585700295
edf35,14,,free_viewing,,o_scooter_driver_wash_scooter,3904.0,2826,4,1084.0,1084.0,0.7238729508196722
edf35,14,,free_viewing,,s_driver_driver_wash_scooter,3904.0,840,2,1294.0,1294.0,0.2151639344262295
edf35,15,,free_viewing,,o_frisbee_child_throw_frisbee,3872.0,620,1,1526.0,1526.0,0.16012396694214875
edf35,15,,free_viewing,,s_child_child_throw_frisbee,3872.0,3070,2,1290.0,1290.0,0.7928719008264463
edf35,16,,free_viewing,,o_hole_dog_dug_hole,4240.0,1064,1,1444.0,1444.0,0.2509433962264151
edf35,16,,free_viewing,,s_dog_dog_dug_hole,4240.0,3176,2,1012.0,1012.0,0.7490566037735849
edf35,17,,free_viewing,,o_bucket_boy_filled_bucket,3836.0,3364,2,871.0,871.0,0.8769551616266945
edf35,17,,free_viewing,,s_boy_boy_filled_bucket,3836.0,472,1,1480.0,1480.0,0.12304483837330553
edf35,18,,free_viewing,,o_lamp_girl_light_lamp,4017.0,2050,2,1316.0,1316.0,0.5103310928553647
edf35,18,,free_viewing,,s_girl_girl_lit_lamp,4017.0,1967,3,1070.0,1070.0,0.4896689071446353
edf35,19,English,sentence_audio,passive,o_letter_woman_read_letter,3775.0,266,1,6936.0,6936.0,0.0704635761589404
edf35,19,English,sentence_audio,passive,s_woman_woman_read_letter,3775.0,2885,3,6140.0,6140.0,0.7642384105960265
edf35,2,,free_viewing,,o_picture_artiste_drew_picture,4119.0,3033,3,684.0,684.0,0.7363437727603788
edf35,2,,free_viewing,,s_artiste_artiste_drew_picture,4119.0,872,2,996.0,996.0,0.21170186938577323
edf35,20,English,sentence_audio,passive,o_bucket_boy_filled_bucket,3678.0,3678,1,5189.0,5189.0,1.0
edf35,20,English,sentence_audio,passive,s_boy_boy_filled_bucket,3678.0,0,0,,,0.0
edf35,21,English,sentence_audio,passive,o_clothes_woman_folded_clothes,4017.0,811,2,5509.0,5509.0,0.20189195917351258
edf35,21,English,sentence_audio,passive,s_woman_woman_folded_clothes,4017.0,2438,2,5950.0,5950.0,0.6069205875031117
edf35,22,English,sentence_audio,passive_dropped_agent,o_door_boy_opened_door,3576.0,1672,4,5650.0,5650.0,0.46756152125279643
edf35,22,English,sentence_audio,passive_dropped_agent,s_boy_boy_opened_door,3576.0,1042,2,7978.0,7978.0,0.29138702460850113
edf35,23,English,sentence_audio,passive_dropped_agent,o_lamp_girl_light_lamp,3848.0,3128,2,5532.0,5532.0,0.8128898128898129
edf35,23,English,sentence_audio,passive_dropped_agent,s_girl_girl_lit_lamp,3848.0,720,2,5284.0,5284.0,0.18711018711018712
edf35,24,English,sentence_audio,passive_dropped_agent,o_scooter_driver_wash_scooter,3916.0,3456,2,5633.0,5633.0,0.8825331971399387
edf35,24,English,sentence_audio,passive_dropped_agent,s_driver_driver_wash_scooter,3916.0,460,1,6398.0,6398.0,0.11746680286006128
edf35,25,Punjabi,sentence_audio,active,o_box_man_pushed_box,3742.0,568,2,7494.0,7494.0,0.15179048637092463
edf35,25,Punjabi,sentence_audio,active,s_man_man_pushed_box,3742.0,3174,3,5928.0,5928.0,0.8482095136290754
edf35,26,Punjabi,sentence_audio,active,o_tree_girl_plant_tree,3832.0,330,2,5926.0,5926.0,0.0861169102296451
edf35,26,Punjabi,sentence_audio,active,s_girl_girl_plant_tree,3832.0,3260,3,5648.0,5648.0,0.8507306889352818
edf35,27,Punjabi,sentence_audio,active,o_shrub_man_cut_shrub,3570.0,3308,1,6128.0,6128.0,0.9266106442577031
edf35,27,Punjabi,sentence_audio,active,s_man_man_cut_shrub,3570.0,262,1,5838.0,5838.0,0.07338935574229692
edf35,28,Punjabi,sentence_audio,passive,o_hole_dog_dug_hole,3756.0,0,0,,,0.0
edf35,28,Punjabi,sentence_audio,passive,s_dog_dog_dug_hole,3756.0,3756,1,5783.0,5783.0,1.0
edf35,29,Punjabi,sentence_audio,passive,o_frisbee_child_throw_frisbee,4058.0,0,0,,,0.0
edf35,29,Punjabi,sentence_audio,passive,s_child_child_throw_frisbee,4058.0,3550,2,6218.0,6218.0,0.8748151798915722
edf35,3,,free_viewing,,o_clothes_woman_folded_clothes,4395.0,2289,3,795.0,795.0,0.5208191126279863
edf35,3,,free_viewing,,s_woman_woman_folded_clothes,4395.0,2106,3,982.0,982.0,0.47918088737201364
edf35,30,Punjabi,sentence_audio,passive,o_tabla_child_play_tabla,3546.0,1245,5,6348.0,6348.0,0.35109983079526225
edf35,30,Punjabi,sentence_audio,passive,s_child_child_play_tabla,3546.0,1882,4,6698.0,6698.0,0.5307388606880993
edf35,31,Punjabi,sentence_audio,passive_dropped_agent,o_picture_artiste_drew_picture,3856.0,2536,5,5556.0,5556.0,0.6576763485477178
edf35,31,Punjabi,sentence_audio,passive_dropped_agent,s_artiste_artiste_drew_picture,3856.0,1130,3,6026.0,6026.0,0.29304979253112035
edf35,32,Punjabi,sentence_audio,passive_dropped_agent,o_cake_girl_baked_cake,3831.0,2099,2,6530.0,6530.0,0.5478987209605847
edf35,32,Punjabi,sentence_audio,passive_dropped_agent,s_girl_girl_baked_cake,3831.0,1392,2,5768.0,5768.0,0.3633516053249804
edf35,33,Punjabi,sentence_audio,passive_dropped_agent,o_window_girl_opened_window,3582.0,1692,3,6336.0,6336.0,0.4723618090452261
edf35,33,Punjabi,sentence_audio,passive_dropped_agent,s_girl_girl_opened_window,3582.0,1744,3,5728.0,5728.0,0.4868788386376326
edf35,34,English,sentence_audio,active,o_dog_girl_fed_dog,3796.0,732,3,5812.0,5812.0,0.1928345626975764
edf35,34,English,sentence_audio,active,s_girl_girl_fed_dog,3796.0,2296,1,6020.0,6020.0,0.6048472075869337
edf35,35,English,sentence_audio,active,o_veg_boy_cut_vegetables,3734.0,362,1,5926.0,5926.0,0.09694697375468667
edf35,35,English,sentence_audio,active,s_boy_boy_cut_vegetables,3734.0,3098,1,6340.0,6340.0,0.8296732726298875
edf35,36,English,sentence_audio,active,o_vase_boy_broke_vase,3778.0,2074,3,5314.0,5314.0,0.5489677077818952
edf35,36,English,sentence_audio,active,s_boy_boy_broke_vase,3778.0,1540,2,6032.0,6032.0,0.4076230809952356
edf35,4,,free_viewing,,o_vase_boy_broke_vase,4170.0,3400,3,747.0,747.0,0.815347721822542
edf35,4,,free_viewing,,s_boy_boy_broke_vase,4170.0,770,2,930.0,930.0,0.18465227817745802
edf35,5,,free_viewing,,o_letter_woman_read_letter,4232.0,1374,2,1406.0,1406.0,0.32466918714555765
edf35,5,,free_viewing,,s_woman_woman_read_letter,4232.0,2858,3,783.0,783.0,0.6753308128544423
edf35,6,,free_viewing,,o_veg_boy_cut_vegetables,3978.0,1237,3,1430.0,1430.0,0.31096028154851685
edf35,6,,free_viewing,,s_boy_boy_cut_vegetables,3978.0,2580,3,1258.0,1258.0,0.6485671191553545
edf35,7,,free_viewing,,o_tabla_child_play_tabla,4029.0,2193,3,1056.0,1056.0,0.5443037974683544
edf35,7,,free_viewing,,s_child_child_play_tabla,4029.0,1640,3,882.0,882.0,0.4070488955075701
edf35,8,,free_viewing,,o_window_girl_opened_window,4398.0,2736,2,1626.0,1626.0,0.6221009549795361
edf35,8,,free_viewing,,s_girl_girl_opened_window,4398.0,1300,2,970.0,970.0,0.2955889040472942
edf35,9,,free_viewing,,o_tree_girl_plant_tree,3950.0,2948,2,1394.0,1394.0,0.7463291139240507
edf35,9,,free_viewing,,s_girl_girl_plant_tree,3950.0,836,3,1108.0,1108.0,0.21164556962025316
edf36,1,,free_viewing,,o_scooter_driver_wash_scooter,4993.0,4993,1,1039.0,1039.0,1.0
edf36,1,,free_viewing,,s_driver_driver_wash_scooter,4993.0,0,0,,,0.0
edf36,10,,free_viewing,,o_box_man_pushed_box,4483.0,2144,2,2038.0,2038.0,0.4782511710907874
edf36,10,,free_viewing,,s_man_man_pushed_box,4483.0,2294,2,1004.0,1004.0,0.5117109078741914
edf36,11,,free_viewing,,o_window_girl_opened_window,4506.0,2342,1,2040.0,2040.0,0.519751442521083
edf36,11,,free_viewing,,s_girl_girl_opened_window,4506.0,1920,2,1224.0,1224.0,0.42609853528628494
edf36,12,,free_viewing,,o_bucket_boy_filled_bucket,4500.0,3576,2,960.0,960.0,0.7946666666666666
edf36,12,,free_viewing,,s_boy_boy_filled_bucket,4500.0,924,1,2680.0,2680.0,0.20533333333333334
edf36,13,,free_viewing,,o_shrub_man_cut_shrub,4418.0,2398,3,1146.0,1146.0,0.5427795382526029
edf36,13,,free_viewing,,s_man_man_cut_shrub,4418.0,1272,3,872.0,872.0,0.28791308284291534
edf36,14,,free_viewing,,o_cake_girl_baked_cake,4597.0,2015,2,889.0,889.0,0.4383293452251468
edf36,14,,free_viewing,,s_girl_girl_baked_cake,4597.0,1600,2,1716.0,1716.0,0.3480530780944094
edf36,15,,free_viewing,,o_dog_girl_fed_dog,4697.0,2051,3,788.0,788.0,0.4366616989567809
edf36,15,,free_viewing,,s_girl_girl_fed_dog,4697.0,2142,1,3076.0,3076.0,0.45603576751117736
edf36,16,,free_viewing,,o_frisbee_child_throw_frisbee,4681.0,1626,3,1082.0,1082.0,0.34736167485580005
edf36,16,,free_viewing,,s_child_child_throw_frisbee,4681.0,2788,2,1690.0,1690.0,0.5955992309335612
edf36,17,,free_viewing,,o_hole_dog_dug_hole,4680.0,2302,1,1608.0,1608.0,0.49188034188034185
edf36,17,,free_viewing,,s_dog_dog_dug_hole,4680.0,1562,2,746.0,746.0,0.33376068376068374
edf36,18,,free_viewing,,o_clothes_woman_folded_clothes,4751.0,2013,2,1139.0,1139.0,0.42370027362660495
edf36,18,,free_viewing,,s_woman_woman_folded_clothes,4751.0,2738,2,1434.0,1434.0,0.5762997263733951
edf36,19,English,sentence_audio,passive_dropped_agent,o_letter_woman_read_letter,4830.0,2134,1,8098.0,8098.0,0.4418219461697723
edf36,19,English,sentence_audio,passive_dropped_agent,s_woman_woman_read_letter,4830.0,2696,2,5693.0,5693.0,0.5581780538302278
edf36,2,,free_viewing,,o_door_boy_opened_door,4521.0,2761,3,1114.0,1114.0,0.610705596107056
edf36,2,,free_viewing,,s_boy_boy_opened_door,4521.0,1760,2,1470.0,1470.0,0.38929440389294406
edf36,20,English,sentence_audio,passive_dropped_agent,o_bucket_boy_filled_bucket,4657.0,3634,3,5872.0,5872.0,0.7803306849903371
edf36,20,English,sentence_audio,passive_dropped_agent,s_boy_boy_filled_bucket,4657.0,718,2,6624.0,6624.0,0.15417650848185527
edf36,21,English,sentence_audio,passive_dropped_agent,o_clothes_woman_folded_clothes,4642.0,3417,2,5465.0,5465.0,0.7361051271003878
edf36,21,English,sentence_audio,passive_dropped_agent,s_woman_woman_folded_clothes,4642.0,1225,2,5784.0,5784.0,0.2638948728996122
edf36,22,Punjabi,sentence_audio,active,o_door_boy_opened_door,4563.0,2713,3,5235.0,5235.0,0.5945649791803638
edf36,22,Punjabi,sentence_audio,active,s_boy_boy_opened_door,4563.0,1194,2,5472.0,5472.0,0.2616699539776463
edf36,23,Punjabi,sentence_audio,active,o_lamp_girl_light_lamp,4676.0,2693,2,5780.0,5780.0,0.5759195893926433
edf36,23,Punjabi,sentence_audio,active,s_girl_girl_lit_lamp,4676.0,1983,2,5541.0,5541.0,0.42408041060735674
edf36,24,Punjabi,sentence_audio,active,o_scooter_driver_wash_scooter,4428.0,2846,3,6142.0,6142.0,0.6427280939476061
edf36,24,Punjabi,sentence_audio,active,s_driver_driver_wash_scooter,4428.0,962,2,6378.0,6378.0,0.21725383920505872
edf36,25,Punjabi,sentence_audio,passive,o_box_man_pushed_box,4502.0,1211,2,6262.0,6262.0,0.26899155930697466
edf36,25,Punjabi,sentence_audio,passive,s_man_man_pushed_box,4502.0,2787,3,5447.0,5447.0,0.6190581963571746
edf36,26,Punjabi,sentence_audio,passive,o_tree_girl_plant_tree,4624.0,3078,2,6162.0,6162.0,0.6656574394463668
edf36,26,Punjabi,sentence_audio,passive,s_girl_girl_plant_tree,4624.0,1000,3,5890.0,5890.0,0.21626297577854672
edf36,27,Punjabi,sentence_audio,passive,o_shrub_man_cut_shrub,4676.0,3289,2,6420.0,6420.0,0.7033789563729683
edf36,27,Punjabi,sentence_audio,passive,s_man_man_cut_shrub,4676.0,1387,2,6155.0,6155.0,0.2966210436270317
edf36,28,Punjabi,sentence_audio,passive_dropped_agent,o_hole_dog_dug_hole,4662.0,1606,1,6636.0,6636.0,0.34448734448734447
edf36,28,Punjabi,sentence_audio,passive_dropped_agent,s_dog_dog_dug_hole,4662.0,2529,2,5295.0,5295.0,0.5424710424710425
edf36,29,Punjabi,sentence_audio,passive_dropped_agent,o_frisbee_child_throw_frisbee,4452.0,1500,2,5630.0,5630.0,0.33692722371967654
edf36,29,Punjabi,sentence_audio,passive_dropped_agent,s_child_child_throw_frisbee,4452.0,2016,2,6332.0,6332.0,0.4528301886792453
edf36,3,,free_viewing,,o_picture_artiste_drew_picture,4547.0,2883,3,820.0,820.0,0.6340444248955355
edf36,3,,free_viewing,,s_artiste_artiste_drew_picture,4547.0,1664,2,1224.0,1224.0,0.36595557510446447
edf36,30,Punjabi,sentence_audio,passive_dropped_agent,o_tabla_child_play_tabla,4757.0,2040,2,5898.0,5898.0,0.4288417069581669
edf36,30,Punjabi,sentence_audio,passive_dropped_agent,s_child_child_play_tabla,4757.0,1508,1,7848.0,7848.0,0.3170065167122136
edf36,31,English,sentence_audio,active,o_picture_artiste_drew_picture,4392.0,2214,3,5939.0,5939.0,0.5040983606557377
edf36,31,English,sentence_audio,active,s_artiste_artiste_drew_picture,4392.0,1794,2,6204.0,6204.0,0.40846994535519127
edf36,32,English,sentence_audio,active,o_cake_girl_baked_cake,4358.0,1564,2,6170.0,6170.0,0.3588802202845342
edf36,32,English,sentence_audio,active,s_girl_girl_baked_cake,4358.0,2198,2,6496.0,6496.0,0.5043597980725103
edf36,33,English,sentence_audio,active,o_window_girl_opened_window,4459.0,2950,2,6304.0,6304.0,0.6615833146445391
edf36,33,English,sentence_audio,active,s_girl_girl_opened_window,4459.0,1280,2,5782.0,5782.0,0.2870598788966136
edf36,34,English,sentence_audio,passive,o_dog_girl_fed_dog,4364.0,2388,4,5926.0,5926.0,0.5472043996333639
edf36,34,English,sentence_audio,passive,s_girl_girl_fed_dog,4364.0,828,2,6280.0,6280.0,0.18973418881759854
edf36,35,English,sentence_audio,passive,o_veg_boy_cut_vegetables,4779.0,3777,2,6176.0,6176.0,0.7903327055869429
edf36,35,English,sentence_audio,passive,s_boy_boy_cut_vegetables,4779.0,726,1,7562.0,7562.0,0.15191462649089768
edf36,36,English,sentence_audio,passive,o_vase_boy_broke_vase,4782.0,2992,2,5601.0,5601.0,0.6256796319531577
edf36,36,English,sentence_audio,passive,s_boy_boy_broke_vase,4782.0,1790,1,7000.0,7000.0,0.3743203680468423
edf36,4,,free_viewing,,o_tabla_child_play_tabla,4499.0,2910,2,1368.0,1368.0,0.6468104023116248
edf36,4,,free_viewing,,s_child_child_play_tabla,4499.0,856,2,2024.0,2024.0,0.19026450322293842
edf36,5,,free_viewing,,o_vase_boy_broke_vase,4624.0,3930,1,960.0,960.0,0.8499134948096886
edf36,5,,free_viewing,,s_boy_boy_broke_vase,4624.0,694,1,5258.0,5258.0,0.15008650519031141
edf36,6,,free_viewing,,o_lamp_girl_light_lamp,4513.0,1931,2,1812.0,1812.0,0.42787502769776203
edf36,6,,free_viewing,,s_girl_girl_lit_lamp,4513.0,2582,2,712.0,712.0,0.572124972302238
edf36,7,,free_viewing,,o_veg_boy_cut_vegetables,4827.0,3386,1,1210.0,1210.0,0.7014708928941371
edf36,7,,free_viewing,,s_boy_boy_cut_vegetables,4827.0,1138,2,1056.0,1056.0,0.23575719908846074
edf36,8,,free_viewing,,o_tree_girl_plant_tree,4786.0,3328,2,1016.0,1016.0,0.6953614709569578
edf36,8,,free_viewing,,s_girl_girl_plant_tree,4786.0,1458,2,744.0,744.0,0.3046385290430422
edf36,9,,free_viewing,,o_letter_woman_read_letter,4700.0,2779,2,913.0,913.0,0.5912765957446808
edf36,9,,free_viewing,,s_woman_woman_read_letter,4700.0,1921,2,1268.0,1268.0,0.40872340425531917
edf37,1,,free_viewing,,o_picture_artiste_drew_picture,4475.0,2973,3,802.0,802.0,0.6643575418994413
edf37,1,,free_viewing,,s_artiste_artiste_drew_picture,4475.0,1502,2,1522.0,1522.0,0.33564245810055865
edf37,10,,free_viewing,,o_letter_woman_read_letter,4368.0,622,1,2470.0,2470.0,0.1423992673992674
edf37,10,,free_viewing,,s_woman_woman_read_letter,4368.0,3746,2,1044.0,1044.0,0.8576007326007326
edf37,11,,free_viewing,,o_window_girl_opened_window,4432.0,1344,2,1644.0,1644.0,0.30324909747292417
edf37,11,,free_viewing,,s_girl_girl_opened_window,4432.0,3088,3,941.0,941.0,0.6967509025270758
edf37,12,,free_viewing,,o_tabla_child_play_tabla,4331.0,1192,3,648.0,648.0,0.27522512121911796
edf37,12,,free_viewing,,s_child_child_play_tabla,4331.0,2271,2,1122.0,1122.0,0.5243592703763565
edf37,13,,free_viewing,,o_veg_boy_cut_vegetables,4319.0,2870,2,1094.0,1094.0,0.6645056726094003
edf37,13,,free_viewing,,s_boy_boy_cut_vegetables,4319.0,1145,2,769.0,769.0,0.2651076638110674
edf37,14,,free_viewing,,o_hole_dog_dug_hole,4434.0,1672,3,1308.0,1308.0,0.3770861524582769
edf37,14,,free_viewing,,s_dog_dog_dug_hole,4434.0,1774,3,858.0,858.0,0.4000902119981958
edf37,15,,free_viewing,,o_lamp_girl_light_lamp,4378.0,1532,3,1164.0,1164.0,0.3499314755596163
edf37,15,,free_viewing,,s_girl_girl_lit_lamp,4378.0,2846,3,794.0,794.0,0.6500685244403838
edf37,16,,free_viewing,,o_door_boy_opened_door,4404.0,1830,4,780.0,780.0,0.41553133514986373
edf37,16,,free_viewing,,s_boy_boy_opened_door,4404.0,2262,3,956.0,956.0,0.5136239782016349
edf37,17,,free_viewing,,o_bucket_boy_filled_bucket,4416.0,1116,3,1284.0,1284.0,0.25271739130434784
edf37,17,,free_viewing,,s_boy_boy_filled_bucket,4416.0,2764,4,1118.0,1118.0,0.6259057971014492
edf37,18,,free_viewing,,o_vase_boy_broke_vase,4413.0,2422,5,934.0,934.0,0.5488329934285067
edf37,18,,free_viewing,,s_boy_boy_broke_vase,4413.0,1991,5,1234.0,1234.0,0.45116700657149333
edf37,19,Punjabi,sentence_audio,active,o_tabla_child_play_tabla,4382.0,2294,3,6376.0,6376.0,0.5235052487448654
edf37,19,Punjabi,sentence_audio,active,s_child_child_play_tabla,4382.0,1228,2,6142.0,6142.0,0.2802373345504336
edf37,2,,free_viewing,,o_shrub_man_cut_shrub,4582.0,3595,2,1492.0,1492.0,0.7845918812745526
edf37,2,,free_viewing,,s_man_man_cut_shrub,4582.0,851,2,1127.0,1127.0,0.1857267568747272
edf37,20,Punjabi,sentence_audio,active,o_door_boy_opened_door,4300.0,990,4,6078.0,6078.0,0.2302325581395349
edf37,20,Punjabi,sentence_audio,active,s_boy_boy_opened_door,4300.0,3310,4,6254.0,6254.0,0.7697674418604651
edf37,21,Punjabi,sentence_audio,active,o_bucket_boy_filled_bucket,4581.0,2205,4,5985.0,5985.0,0.481335952848723
edf37,21,Punjabi,sentence_audio,active,s_boy_boy_filled_bucket,4581.0,2192,4,6694.0,6694.0,0.47849814450993233
edf37,22,Punjabi,sentence_audio,passive,o_dog_girl_fed_dog,4513.0,1026,3,6478.0,6478.0,0.2273432306669621
edf37,22,Punjabi,sentence_audio,passive,s_girl_girl_fed_dog,4513.0,2611,3,5913.0,5913.0,0.5785508530910702
edf37,23,Punjabi,sentence_audio,passive,o_scooter_driver_wash_scooter,4458.0,2788,3,6149.0,6149.0,0.6253925527142217
edf37,23,Punjabi,sentence_audio,passive,s_driver_driver_wash_scooter,4458.0,1670,2,6342.0,6342.0,0.3746074472857784
edf37,24,Punjabi,sentence_audio,passive,o_picture_artiste_drew_picture,4198.0,1368,3,5586.0,5586.0,0.325869461648404
edf37,24,Punjabi,sentence_audio,passive,s_artiste_artiste_drew_picture,4198.0,2830,3,5758.0,5758.0,0.674130538351596
edf37,25,Punjabi,sentence_audio,passive_dropped_agent,o_tree_girl_plant_tree,4300.0,1264,3,6390.0,6390.0,0.293953488372093
edf37,25,Punjabi,sentence_audio,passive_dropped_agent,s_girl_girl_plant_tree,4300.0,2566,5,6148.0,6148.0,0.5967441860465116
edf37,26,Punjabi,sentence_audio,passive_dropped_agent,o_frisbee_child_throw_frisbee,4267.0,1074,4,6430.0,6430.0,0.25169908600890556
edf37,26,Punjabi,sentence_audio,passive_dropped_agent,s_child_child_throw_frisbee,4267.0,2324,4,6070.0,6070.0,0.5446449496133114
edf37,27,Punjabi,sentence_audio,passive_dropped_agent,o_vase_boy_broke_vase,4431.0,2359,5,5640.0,5640.0,0.5323854660347551
edf37,27,Punjabi,sentence_audio,passive_dropped_agent,s_boy_boy_broke_vase,4431.0,2072,4,5824.0,5824.0,0.4676145339652449
edf37,28,English,sentence_audio,active,o_box_man_pushed_box,4298.0,1736,2,6396.0,6396.0,0.40390879478827363
edf37,28,English,sentence_audio,active,s_man_man_pushed_box,4298.0,2539,3,5541.0,5541.0,0.5907398790134947
edf37,29,English,sentence_audio,active,o_shrub_man_cut_shrub,4571.0,2316,3,5790.0,5790.0,0.5066725005469263
edf37,29,English,sentence_audio,active,s_man_man_cut_shrub,4571.0,2255,3,5571.0,5571.0,0.49332749945307375
edf37,3,,free_viewing,,o_scooter_driver_wash_scooter,4052.0,2038,3,781.0,781.0,0.5029615004935835
edf37,3,,free_viewing,,s_driver_driver_wash_scooter,4052.0,1744,2,1382.0,1382.0,0.43040473840078974
edf37,30,English,sentence_audio,active,o_window_girl_opened_window,4740.0,436,1,5788.0,5788.0,0.0919831223628692
edf37,30,English,sentence_audio,active,s_girl_girl_opened_window,4740.0,4174,2,5423.0,5423.0,0.880590717299578
edf37,31,English,sentence_audio,passive,o_hole_dog_dug_hole,4263.0,2477,2,5794.0,5794.0,0.5810462115880836
edf37,31,English,sentence_audio,passive,s_dog_dog_dug_hole,4263.0,1304,3,5472.0,5472.0,0.30588787239033544
edf37,32,English,sentence_audio,passive,o_veg_boy_cut_vegetables,4524.0,3667,2,5537.0,5537.0,0.8105658709106985
edf37,32,English,sentence_audio,passive,s_boy_boy_cut_vegetables,4524.0,857,2,6790.0,6790.0,0.1894341290893015
edf37,33,English,sentence_audio,passive,o_cake_girl_baked_cake,4669.0,1803,5,5628.0,5628.0,0.3861640608267295
edf37,33,English,sentence_audio,passive,s_girl_girl_baked_cake,4669.0,2276,1,6476.0,6476.0,0.4874705504390662
edf37,34,English,sentence_audio,passive_dropped_agent,o_clothes_woman_folded_clothes,4605.0,2056,2,5972.0,5972.0,0.446471226927253
edf37,34,English,sentence_audio,passive_dropped_agent,s_woman_woman_folded_clothes,4605.0,2356,2,6310.0,6310.0,0.5116178067318132
edf37,35,English,sentence_audio,passive_dropped_agent,o_letter_woman_read_letter,3388.0,1452,1,6158.0,6158.0,0.42857142857142855
edf37,35,English,sentence_audio,passive_dropped_agent,s_woman_woman_read_letter,3388.0,958,3,5941.0,5941.0,0.2827626918536009
edf37,36,English,sentence_audio,passive_dropped_agent,o_lamp_girl_light_lamp,4099.0,2743,2,5894.0,5894.0,0.6691876067333496
edf37,36,English,sentence_audio,passive_dropped_agent,s_girl_girl_lit_lamp,4099.0,1146,1,8364.0,8364.0,0.27958038545986824
edf37,4,,free_viewing,,o_cake_girl_baked_cake,4278.0,2158,5,790.0,790.0,0.5044413277232351
edf37,4,,free_viewing,,s_girl_girl_baked_cake,4278.0,1878,3,966.0,966.0,0.43899018232819076
edf37,5,,free_viewing,,o_frisbee_child_throw_frisbee,4271.0,840,2,1642.0,1642.0,0.19667525169749472
edf37,5,,free_viewing,,s_child_child_throw_frisbee,4271.0,2993,3,1126.0,1126.0,0.7007726527745258
edf37,6,,free_viewing,,o_dog_girl_fed_dog,4384.0,624,3,1080.0,1080.0,0.14233576642335766
edf37,6,,free_viewing,,s_girl_girl_fed_dog,4384.0,3050,3,912.0,912.0,0.6957116788321168
edf37,7,,free_viewing,,o_tree_girl_plant_tree,4158.0,2278,3,1344.0,1344.0,0.5478595478595478
edf37,7,,free_viewing,,s_girl_girl_plant_tree,4158.0,1486,4,945.0,945.0,0.35738335738335736
edf37,8,,free_viewing,,o_box_man_pushed_box,4474.0,1789,3,1438.0,1438.0,0.39986589181940096
edf37,8,,free_viewing,,s_man_man_pushed_box,4474.0,2377,4,749.0,749.0,0.5312919088064372
edf37,9,,free_viewing,,o_clothes_woman_folded_clothes,4576.0,2792,4,768.0,768.0,0.6101398601398601
edf37,9,,free_viewing,,s_woman_woman_folded_clothes,4576.0,1746,3,940.0,940.0,0.38155594405594406
edf38,1,,free_viewing,,o_door_boy_opened_door,4673.0,2967,4,820.0,820.0,0.6349240316713032
edf38,1,,free_viewing,,s_boy_boy_opened_door,4673.0,1706,3,1504.0,1504.0,0.36507596832869676
edf38,10,,free_viewing,,o_clothes_woman_folded_clothes,4435.0,2104,3,850.0,850.0,0.47440811724915444
edf38,10,,free_viewing,,s_woman_woman_folded_clothes,4435.0,2289,3,1184.0,1184.0,0.5161217587373168
edf38,11,,free_viewing,,o_veg_boy_cut_vegetables,4210.0,1342,1,2404.0,2404.0,0.31876484560570073
edf38,11,,free_viewing,,s_boy_boy_cut_vegetables,4210.0,2548,2,1450.0,1450.0,0.6052256532066508
edf38,12,,free_viewing,,o_picture_artiste_drew_picture,4517.0,2753,3,667.0,667.0,0.6094753154748727
edf38,12,,free_viewing,,s_artiste_artiste_drew_picture,4517.0,1592,3,1778.0,1778.0,0.35244631392517156
edf38,13,,free_viewing,,o_dog_girl_fed_dog,4557.0,1681,4,963.0,963.0,0.36888303708580206
edf38,13,,free_viewing,,s_girl_girl_fed_dog,4557.0,2278,2,1238.0,1238.0,0.499890278692122
edf38,14,,free_viewing,,o_window_girl_opened_window,4576.0,2492,2,1772.0,1772.0,0.5445804195804196
edf38,14,,free_viewing,,s_girl_girl_opened_window,4576.0,1634,2,1206.0,1206.0,0.3570804195804196
edf38,15,,free_viewing,,o_tabla_child_play_tabla,4615.0,2054,3,1090.0,1090.0,0.4450704225352113
edf38,15,,free_viewing,,s_child_child_play_tabla,4615.0,1702,2,1784.0,1784.0,0.36879739978331527
edf38,16,,free_viewing,,o_box_man_pushed_box,4495.0,2306,2,1980.0,1980.0,0.5130144605116796
edf38,16,,free_viewing,,s_man_man_pushed_box,4495.0,1753,3,909.0,909.0,0.3899888765294772
edf38,17,,free_viewing,,o_letter_woman_read_letter,4697.0,2233,2,2648.0,2648.0,0.47540983606557374
edf38,17,,free_viewing,,s_woman_woman_read_letter,4697.0,2464,2,1140.0,1140.0,0.5245901639344263
edf38,18,,free_viewing,,o_vase_boy_broke_vase,4656.0,2508,4,1060.0,1060.0,0.538659793814433
edf38,18,,free_viewing,,s_boy_boy_broke_vase,4656.0,1914,3,1622.0,1622.0,0.4110824742268041
edf38,19,Punjabi,sentence_audio,passive,o_tabla_child_play_tabla,4541.0,1018,2,5730.0,5730.0,0.22417969610218014
edf38,19,Punjabi,sentence_audio,passive,s_child_child_play_tabla,4541.0,2075,3,6004.0,6004.0,0.4569478088526756
edf38,2,,free_viewing,,o_scooter_driver_wash_scooter,4462.0,3138,3,727.0,727.0,0.7032720753025549
edf38,2,,free_viewing,,s_driver_driver_wash_scooter,4462.0,1324,2,1264.0,1264.0,0.2967279246974451
edf38,20,Punjabi,sentence_audio,passive,o_door_boy_opened_door,4663.0,1035,2,5639.0,5639.0,0.2219601115161913
edf38,20,Punjabi,sentence_audio,passive,s_boy_boy_opened_door,4663.0,3628,2,5928.0,5928.0,0.7780398884838087
edf38,21,Punjabi,sentence_audio,passive,o_bucket_boy_filled_bucket,4412.0,2468,4,5584.0,5584.0,0.5593834995466909
edf38,21,Punjabi,sentence_audio,passive,s_boy_boy_filled_bucket,4412.0,1662,3,5868.0,5868.0,0.3766999093381686
edf38,22,Punjabi,sentence_audio,passive_dropped_agent,o_dog_girl_fed_dog,4692.0,1206,3,6698.0,6698.0,0.2570332480818414
edf38,22,Punjabi,sentence_audio,passive_dropped_agent,s_girl_girl_fed_dog,4692.0,500,1,6158.0,6158.0,0.10656436487638533
edf38,23,Punjabi,sentence_audio,passive_dropped_agent,o_scooter_driver_wash_scooter,4299.0,2797,4,5719.0,5719.0,0.6506164224238195
edf38,23,Punjabi,sentence_audio,passive_dropped_agent,s_driver_driver_wash_scooter,4299.0,1482,3,6348.0,6348.0,0.34473133286810886
edf38,24,Punjabi,sentence_audio,passive_dropped_agent,o_picture_artiste_drew_picture,4497.0,3300,3,5406.0,5406.0,0.733822548365577
edf38,24,Punjabi,sentence_audio,passive_dropped_agent,s_artiste_artiste_drew_picture,4497.0,1153,3,5872.0,5872.0,0.25639315098954857
edf38,25,English,sentence_audio,active,o_tree_girl_plant_tree,4340.0,1462,2,6222.0,6222.0,0.3368663594470046
edf38,25,English,sentence_audio,active,s_girl_girl_plant_tree,4340.0,2498,4,5956.0,5956.0,0.5755760368663595
edf38,26,English,sentence_audio,active,o_frisbee_child_throw_frisbee,4295.0,1722,4,6798.0,6798.0,0.4009313154831199
edf38,26,English,sentence_audio,active,s_child_child_throw_frisbee,4295.0,1740,4,6258.0,6258.0,0.4051222351571595
edf38,27,English,sentence_audio,active,o_vase_boy_broke_vase,4402.0,3202,3,6010.0,6010.0,0.7273966378918674
edf38,27,English,sentence_audio,active,s_boy_boy_broke_vase,4402.0,1200,3,6282.0,6282.0,0.2726033621081327
edf38,28,English,sentence_audio,passive,o_box_man_pushed_box,4229.0,2210,3,6204.0,6204.0,0.5225821707259399
edf38,28,English,sentence_audio,passive,s_man_man_pushed_box,4229.0,1847,3,5324.0,5324.0,0.4367462757152991
edf38,29,English,sentence_audio,passive,o_shrub_man_cut_shrub,4442.0,1342,3,5844.0,5844.0,0.30211616389013957
edf38,29,English,sentence_audio,passive,s_man_man_cut_shrub,4442.0,2834,4,5580.0,5580.0,0.6380009004952724
edf38,3,,free_viewing,,o_hole_dog_dug_hole,4473.0,648,1,2084.0,2084.0,0.1448692152917505
edf38,3,,free_viewing,,s_dog_dog_dug_hole,4473.0,3409,2,992.0,992.0,0.7621283255086072
edf38,30,English,sentence_audio,passive,o_window_girl_opened_window,4500.0,2076,2,5792.0,5792.0,0.4613333333333333
edf38,30,English,sentence_audio,passive,s_girl_girl_opened_window,4500.0,2424,3,5421.0,5421.0,0.5386666666666666
edf38,31,English,sentence_audio,passive_dropped_agent,o_hole_dog_dug_hole,4647.0,2332,2,5880.0,5880.0,0.5018291370776845
edf38,31,English,sentence_audio,passive_dropped_agent,s_dog_dog_dug_hole,4647.0,2315,3,5335.0,5335.0,0.4981708629223155
edf38,32,English,sentence_audio,passive_dropped_agent,o_veg_boy_cut_vegetables,4609.0,1890,3,5678.0,5678.0,0.4100672597092645
edf38,32,English,sentence_audio,passive_dropped_agent,s_boy_boy_cut_vegetables,4609.0,2719,4,5426.0,5426.0,0.5899327402907355
edf38,33,English,sentence_audio,passive_dropped_agent,o_cake_girl_baked_cake,4399.0,1189,3,5334.0,5334.0,0.2702887019777222
edf38,33,English,sentence_audio,passive_dropped_agent,s_girl_girl_baked_cake,4399.0,2838,2,6108.0,6108.0,0.6451466242327801
edf38,34,Punjabi,sentence_audio,active,o_clothes_woman_folded_clothes,4516.0,1718,2,7108.0,7108.0,0.3804251550044287
edf38,34,Punjabi,sentence_audio,active,s_woman_woman_folded_clothes,4516.0,2470,4,6182.0,6182.0,0.5469441984056688
edf38,35,Punjabi,sentence_audio,active,o_letter_woman_read_letter,4510.0,1120,2,5464.0,5464.0,0.24833702882483372
edf38,35,Punjabi,sentence_audio,active,s_woman_woman_read_letter,4510.0,3390,3,5216.0,5216.0,0.7516629711751663
edf38,36,Punjabi,sentence_audio,active,o_lamp_girl_light_lamp,4326.0,2770,3,5712.0,5712.0,0.6403143781784558
edf38,36,Punjabi,sentence_audio,active,s_girl_girl_lit_lamp,4326.0,1200,3,5498.0,5498.0,0.27739251040221913
edf38,4,,free_viewing,,o_bucket_boy_filled_bucket,4573.0,1943,3,677.0,677.0,0.4248851957139733
edf38,4,,free_viewing,,s_boy_boy_filled_bucket,4573.0,2630,3,1088.0,1088.0,0.5751148042860267
edf38,5,,free_viewing,,o_tree_girl_plant_tree,4674.0,1904,1,1726.0,1726.0,0.4073598630723149
edf38,5,,free_viewing,,s_girl_girl_plant_tree,4674.0,2416,2,734.0,734.0,0.5169020111253744
edf38,6,,free_viewing,,o_shrub_man_cut_shrub,4364.0,1995,5,978.0,978.0,0.4571494042163153
edf38,6,,free_viewing,,s_man_man_cut_shrub,4364.0,1835,4,891.0,891.0,0.4204857928505958
edf38,7,,free_viewing,,o_cake_girl_baked_cake,4754.0,1820,3,977.0,977.0,0.3828355069415229
edf38,7,,free_viewing,,s_girl_girl_baked_cake,4754.0,2934,2,1272.0,1272.0,0.6171644930584771
edf38,8,,free_viewing,,o_frisbee_child_throw_frisbee,4515.0,1842,3,1368.0,1368.0,0.4079734219269103
edf38,8,,free_viewing,,s_child_child_throw_frisbee,4515.0,1390,2,1594.0,1594.0,0.3078626799557032
edf38,9,,free_viewing,,o_lamp_girl_light_lamp,4601.0,2615,2,1656.0,1656.0,0.5683547054988046
edf38,9,,free_viewing,,s_girl_girl_lit_lamp,4601.0,1986,2,914.0,914.0,0.4316452945011954
edf39,1,,free_viewing,,o_door_boy_opened_door,4653.0,2663,4,1146.0,1146.0,0.5723189340210617
edf39,1,,free_viewing,,s_boy_boy_opened_door,4653.0,1560,3,1758.0,1758.0,0.3352675693101225
edf39,10,,free_viewing,,o_letter_woman_read_letter,4752.0,804,2,2650.0,2650.0,0.1691919191919192
edf39,10,,free_viewing,,s_woman_woman_read_letter,4752.0,3948,3,843.0,843.0,0.8308080808080808
edf39,11,,free_viewing,,o_box_man_pushed_box,4318.0,2541,4,1916.0,1916.0,0.5884668828161186
edf39,11,,free_viewing,,s_man_man_pushed_box,4318.0,1469,4,1071.0,1071.0,0.34020379805465495
edf39,12,,free_viewing,,o_frisbee_child_throw_frisbee,4341.0,456,1,2276.0,2276.0,0.1050449205252246
edf39,12,,free_viewing,,s_child_child_throw_frisbee,4341.0,2898,3,1576.0,1576.0,0.6675881133379405
edf39,13,,free_viewing,,o_clothes_woman_folded_clothes,4362.0,2090,3,1282.0,1282.0,0.479138010087116
edf39,13,,free_viewing,,s_woman_woman_folded_clothes,4362.0,1660,2,1578.0,1578.0,0.380559376432829
edf39,14,,free_viewing,,o_scooter_driver_wash_scooter,4396.0,2295,4,1007.0,1007.0,0.5220655141037307
edf39,14,,free_viewing,,s_driver_driver_wash_scooter,4396.0,1633,3,1502.0,1502.0,0.37147406733393995
edf39,15,,free_viewing,,o_tree_girl_plant_tree,4559.0,1754,3,1422.0,1422.0,0.3847334941873218
edf39,15,,free_viewing,,s_girl_girl_plant_tree,4559.0,2277,4,1059.0,1059.0,0.49945163413029176
edf39,16,,free_viewing,,o_shrub_man_cut_shrub,4669.0,2616,4,1074.0,1074.0,0.5602912829299636
edf39,16,,free_viewing,,s_man_man_cut_shrub,4669.0,2053,5,775.0,775.0,0.4397087170700364
edf39,17,,free_viewing,,o_vase_boy_broke_vase,4587.0,3034,3,700.0,700.0,0.6614344887726182
edf39,17,,free_viewing,,s_boy_boy_broke_vase,4587.0,1553,3,2426.0,2426.0,0.3385655112273817
edf39,18,,free_viewing,,o_lamp_girl_light_lamp,4075.0,1826,4,1154.0,1154.0,0.44809815950920245
edf39,18,,free_viewing,,s_girl_girl_lit_lamp,4075.0,1711,4,911.0,911.0,0.41987730061349693
edf39,19,Punjabi,sentence_audio,passive_dropped_agent,o_tabla_child_play_tabla,4406.0,2119,3,6514.0,6514.0,0.48093508851566047
edf39,19,Punjabi,sentence_audio,passive_dropped_agent,s_child_child_play_tabla,4406.0,656,2,6170.0,6170.0,0.14888788016341353
edf39,2,,free_viewing,,o_veg_boy_cut_vegetables,4358.0,2334,4,1222.0,1222.0,0.5355667737494263
edf39,2,,free_viewing,,s_boy_boy_cut_vegetables,4358.0,2024,5,865.0,865.0,0.46443322625057365
edf39,20,Punjabi,sentence_audio,passive_dropped_agent,o_door_boy_opened_door,4553.0,2396,6,5334.0,5334.0,0.526246430924665
edf39,20,Punjabi,sentence_audio,passive_dropped_agent,s_boy_boy_opened_door,4553.0,2157,6,5890.0,5890.0,0.47375356907533495
edf39,21,Punjabi,sentence_audio,passive_dropped_agent,o_bucket_boy_filled_bucket,4527.0,3001,5,5181.0,5181.0,0.6629114203666887
edf39,21,Punjabi,sentence_audio,passive_dropped_agent,s_boy_boy_filled_bucket,4527.0,1266,4,5634.0,5634.0,0.27965540092776675
edf39,22,English,sentence_audio,active,o_dog_girl_fed_dog,4303.0,1780,3,5258.0,5258.0,0.41366488496397863
edf39,22,English,sentence_audio,active,s_girl_girl_fed_dog,4303.0,2071,4,6000.0,6000.0,0.48129212177550545
edf39,23,English,sentence_audio,active,o_scooter_driver_wash_scooter,4389.0,4157,2,5680.0,5680.0,0.9471405787195261
edf39,23,English,sentence_audio,active,s_driver_driver_wash_scooter,4389.0,232,1,6252.0,6252.0,0.05285942128047391
edf39,24,English,sentence_audio,active,o_picture_artiste_drew_picture,4271.0,3407,3,5810.0,5810.0,0.7977054553968626
edf39,24,English,sentence_audio,active,s_artiste_artiste_drew_picture,4271.0,708,2,6556.0,6556.0,0.16576914071645985
edf39,25,English,sentence_audio,passive,o_tree_girl_plant_tree,4030.0,1210,3,5504.0,5504.0,0.3002481389578164
edf39,25,English,sentence_audio,passive,s_girl_girl_plant_tree,4030.0,1873,4,5249.0,5249.0,0.4647642679900744
edf39,26,English,sentence_audio,passive,o_frisbee_child_throw_frisbee,4394.0,208,1,6168.0,6168.0,0.047337278106508875
edf39,26,English,sentence_audio,passive,s_child_child_throw_frisbee,4394.0,3396,3,5343.0,5343.0,0.7728720983158853
edf39,27,English,sentence_audio,passive,o_vase_boy_broke_vase,4246.0,3196,5,6140.0,6140.0,0.7527084314649082
edf39,27,English,sentence_audio,passive,s_boy_boy_broke_vase,4246.0,358,1,6542.0,6542.0,0.08431464908148846
edf39,28,English,sentence_audio,passive_dropped_agent,o_box_man_pushed_box,4148.0,1398,4,6234.0,6234.0,0.33702989392478305
edf39,28,English,sentence_audio,passive_dropped_agent,s_man_man_pushed_box,4148.0,2202,4,6001.0,6001.0,0.5308582449373191
edf39,29,English,sentence_audio,passive_dropped_agent,o_shrub_man_cut_shrub,4814.0,3094,2,6058.0,6058.0,0.6427087660988783
edf39,29,English,sentence_audio,passive_dropped_agent,s_man_man_cut_shrub,4814.0,1720,2,5760.0,5760.0,0.3572912339011217
edf39,3,,free_viewing,,o_tabla_child_play_tabla,4383.0,1801,4,916.0,916.0,0.4109057723020762
edf39,3,,free_viewing,,s_child_child_play_tabla,4383.0,1754,3,1478.0,1478.0,0.4001825233858088
edf39,30,English,sentence_audio,passive_dropped_agent,o_window_girl_opened_window,4758.0,3406,2,5912.0,5912.0,0.7158469945355191
edf39,30,English,sentence_audio,passive_dropped_agent,s_girl_girl_opened_window,4758.0,929,2,6566.0,6566.0,0.19525010508617066
edf39,31,Punjabi,sentence_audio,active,o_hole_dog_dug_hole,4161.0,165,1,10134.0,10134.0,0.03965392934390771
edf39,31,Punjabi,sentence_audio,active,s_dog_dog_dug_hole,4161.0,2688,4,5314.0,5314.0,0.6459985580389329
edf39,32,Punjabi,sentence_audio,active,o_veg_boy_cut_vegetables,4402.0,602,1,5886.0,5886.0,0.13675601999091322
edf39,32,Punjabi,sentence_audio,active,s_boy_boy_cut_vegetables,4402.0,3338,3,5644.0,5644.0,0.7582916855974557
edf39,33,Punjabi,sentence_audio,active,o_cake_girl_baked_cake,4649.0,462,2,5746.0,5746.0,0.09937620993762099
edf39,33,Punjabi,sentence_audio,active,s_girl_girl_baked_cake,4649.0,2886,3,6002.0,6002.0,0.6207786620778663
edf39,34,Punjabi,sentence_audio,passive,o_clothes_woman_folded_clothes,4355.0,1310,3,6390.0,6390.0,0.3008036739380023
edf39,34,Punjabi,sentence_audio,passive,s_woman_woman_folded_clothes,4355.0,2651,3,6099.0,6099.0,0.6087256027554535
edf39,35,Punjabi,sentence_audio,passive,o_letter_woman_read_letter,4447.0,236,1,5670.0,5670.0,0.05306948504609849
edf39,35,Punjabi,sentence_audio,passive,s_woman_woman_read_letter,4447.0,4211,2,5432.0,5432.0,0.9469305149539015
edf39,36,Punjabi,sentence_audio,passive,o_lamp_girl_light_lamp,4324.0,1406,3,5710.0,5710.0,0.3251618871415356
edf39,36,Punjabi,sentence_audio,passive,s_girl_girl_lit_lamp,4324.0,2340,4,5477.0,5477.0,0.5411655874190564
edf39,4,,free_viewing,,o_cake_girl_baked_cake,4484.0,2155,3,765.0,765.0,0.4805976806422837
edf39,4,,free_viewing,,s_girl_girl_baked_cake,4484.0,1736,3,1616.0,1616.0,0.3871543264942016
edf39,5,,free_viewing,,o_hole_dog_dug_hole,4665.0,1094,1,1252.0,1252.0,0.23451232583065382
edf39,5,,free_viewing,,s_dog_dog_dug_hole,4665.0,1401,3,789.0,789.0,0.30032154340836015
edf39,6,,free_viewing,,o_dog_girl_fed_dog,4286.0,1599,4,849.0,849.0,0.37307512832477835
edf39,6,,free_viewing,,s_girl_girl_fed_dog,4286.0,1420,3,1834.0,1834.0,0.3313112459169389
edf39,7,,free_viewing,,o_window_girl_opened_window,4230.0,2033,4,1184.0,1184.0,0.4806146572104019
edf39,7,,free_viewing,,s_girl_girl_opened_window,4230.0,2140,3,1448.0,1448.0,0.5059101654846335
edf39,8,,free_viewing,,o_bucket_boy_filled_bucket,4329.0,2753,4,1059.0,1059.0,0.6359436359436359
edf39,8,,free_viewing,,s_boy_boy_filled_bucket,4329.0,1576,3,1540.0,1540.0,0.36405636405636405
edf39,9,,free_viewing,,o_picture_artiste_drew_picture,4648.0,3344,4,1033.0,1033.0,0.7194492254733219
edf39,9,,free_viewing,,s_artiste_artiste_drew_picture,4648.0,904,2,1624.0,1624.0,0.1944922547332186
edf40,1,,free_viewing,,o_lamp_girl_light_lamp,4512.0,1318,4,1484.0,1484.0,0.2921099290780142
edf40,1,,free_viewing,,s_girl_girl_lit_lamp,4512.0,3194,5,813.0,813.0,0.7078900709219859
edf40,10,,free_viewing,,o_shrub_man_cut_shrub,4508.0,664,2,1142.0,1142.0,0.14729370008873113
edf40,10,,free_viewing,,s_man_man_cut_shrub,4508.0,3844,3,868.0,868.0,0.8527062999112689
edf40,11,,free_viewing,,o_door_boy_opened_door,4722.0,3302,3,986.0,986.0,0.6992799661160525
edf40,11,,free_viewing,,s_boy_boy_opened_door,4722.0,1420,2,1340.0,1340.0,0.30072003388394747
edf40,12,,free_viewing,,o_box_man_pushed_box,4651.0,2532,3,1266.0,1266.0,0.5443990539668888
edf40,12,,free_viewing,,s_man_man_pushed_box,4651.0,2119,3,1023.0,1023.0,0.45560094603311113
edf40,13,,free_viewing,,o_vase_boy_broke_vase,4510.0,2783,4,1019.0,1019.0,0.6170731707317073
edf40,13,,free_viewing,,s_boy_boy_broke_vase,4510.0,1623,3,1316.0,1316.0,0.3598669623059867
edf40,14,,free_viewing,,o_scooter_driver_wash_scooter,4413.0,3603,2,959.0,959.0,0.8164513936097892
edf40,14,,free_viewing,,s_driver_driver_wash_scooter,4413.0,810,1,1306.0,1306.0,0.18354860639021073
edf40,15,,free_viewing,,o_picture_artiste_drew_picture,4391.0,3549,3,827.0,827.0,0.8082441357321795
edf40,15,,free_viewing,,s_artiste_artiste_drew_picture,4391.0,592,2,1236.0,1236.0,0.134821225233432
edf40,16,,free_viewing,,o_tabla_child_play_tabla,4623.0,1290,2,1006.0,1006.0,0.2790395846852693
edf40,16,,free_viewing,,s_child_child_play_tabla,4623.0,3001,2,2138.0,2138.0,0.6491455764654986
edf40,17,,free_viewing,,o_frisbee_child_throw_frisbee,4216.0,860,2,1480.0,1480.0,0.20398481973434535
edf40,17,,free_viewing,,s_child_child_throw_frisbee,4216.0,2910,5,1007.0,1007.0,0.6902277039848197
edf40,18,,free_viewing,,o_dog_girl_fed_dog,4727.0,2939,3,1318.0,1318.0,0.6217474085043367
edf40,18,,free_viewing,,s_girl_girl_fed_dog,4727.0,1086,1,1506.0,1506.0,0.22974402369367464
edf40,19,English,sentence_audio,active,o_tabla_child_play_tabla,4440.0,810,4,5648.0,5648.0,0.18243243243243243
edf40,19,English,sentence_audio,active,s_child_child_play_tabla,4440.0,2195,5,5848.0,5848.0,0.49436936936936937
edf40,2,,free_viewing,,o_hole_dog_dug_hole,4606.0,1074,1,2148.0,2148.0,0.23317412071211463
edf40,2,,free_viewing,,s_dog_dog_dug_hole,4606.0,3128,2,828.0,828.0,0.6791141988710377
edf40,20,English,sentence_audio,active,o_door_boy_opened_door,3921.0,1644,6,5996.0,5996.0,0.41928079571537874
edf40,20,English,sentence_audio,active,s_boy_boy_opened_door,3921.0,2131,5,6388.0,6388.0,0.543483805151747
edf40,21,English,sentence_audio,active,o_bucket_boy_filled_bucket,4548.0,2836,4,5568.0,5568.0,0.623570800351803
edf40,21,English,sentence_audio,active,s_boy_boy_filled_bucket,4548.0,1466,4,5830.0,5830.0,0.322339489885664
edf40,22,English,sentence_audio,passive,o_dog_girl_fed_dog,3920.0,1344,3,5978.0,5978.0,0.34285714285714286
edf40,22,English,sentence_audio,passive,s_girl_girl_fed_dog,3920.0,1792,4,6370.0,6370.0,0.45714285714285713
edf40,23,English,sentence_audio,passive,o_scooter_driver_wash_scooter,4525.0,3695,3,5799.0,5799.0,0.8165745856353591
edf40,23,English,sentence_audio,passive,s_driver_driver_wash_scooter,4525.0,830,2,6218.0,6218.0,0.18342541436464088
edf40,24,English,sentence_audio,passive,o_picture_artiste_drew_picture,4286.0,3972,2,5789.0,5789.0,0.9267382174521699
edf40,24,English,sentence_audio,passive,s_artiste_artiste_drew_picture,4286.0,314,1,6144.0,6144.0,0.07326178254783014
edf40,25,English,sentence_audio,passive_dropped_agent,o_tree_girl_plant_tree,4322.0,604,2,5670.0,5670.0,0.13975011568718185
edf40,25,English,sentence_audio,passive_dropped_agent,s_girl_girl_plant_tree,4322.0,3718,3,5464.0,5464.0,0.8602498843128181
edf40,26,English,sentence_audio,passive_dropped_agent,o_frisbee_child_throw_frisbee,4568.0,0,0,,,0.0
edf40,26,English,sentence_audio,passive_dropped_agent,s_child_child_throw_frisbee,4568.0,4225,2,5782.0,5782.0,0.9249124343257443
edf40,27,English,sentence_audio,passive_dropped_agent,o_vase_boy_broke_vase,4251.0,3481,3,5921.0,5921.0,0.8188661491413785
edf40,27,English,sentence_audio,passive_dropped_agent,s_boy_boy_broke_vase,4251.0,770,2,6324.0,6324.0,0.1811338508586215
edf40,28,Punjabi,sentence_audio,active,o_box_man_pushed_box,4250.0,1384,4,6790.0,6790.0,0.3256470588235294
edf40,28,Punjabi,sentence_audio,active,s_man_man_pushed_box,4250.0,1970,5,6216.0,6216.0,0.46352941176470586
edf40,29,Punjabi,sentence_audio,active,o_shrub_man_cut_shrub,4173.0,1944,4,5912.0,5912.0,0.46585190510424157
edf40,29,Punjabi,sentence_audio,active,s_man_man_cut_shrub,4173.0,2201,4,5710.0,5710.0,0.527438293793434
edf40,3,,free_viewing,,o_bucket_boy_filled_bucket,4783.0,2871,2,897.0,897.0,0.6002508885636629
edf40,3,,free_viewing,,s_boy_boy_filled_bucket,4783.0,1912,2,1296.0,1296.0,0.399749111436337
edf40,30,Punjabi,sentence_audio,active,o_window_girl_opened_window,3987.0,1355,4,5989.0,5989.0,0.33985452721344367
edf40,30,Punjabi,sentence_audio,active,s_girl_girl_opened_window,3987.0,2410,4,6190.0,6190.0,0.6044645096563832
edf40,31,Punjabi,sentence_audio,passive,o_hole_dog_dug_hole,4177.0,1570,4,6246.0,6246.0,0.3758678477376107
edf40,31,Punjabi,sentence_audio,passive,s_dog_dog_dug_hole,4177.0,1777,6,5937.0,5937.0,0.4254249461335887
edf40,32,Punjabi,sentence_audio,passive,o_veg_boy_cut_vegetables,4346.0,708,1,6368.0,6368.0,0.16290842153704557
edf40,32,Punjabi,sentence_audio,passive,s_boy_boy_cut_vegetables,4346.0,3483,1,7472.0,7472.0,0.801426599171652
edf40,33,Punjabi,sentence_audio,passive,o_cake_girl_baked_cake,4514.0,1170,3,5203.0,5203.0,0.25919361984935757
edf40,33,Punjabi,sentence_audio,passive,s_girl_girl_baked_cake,4514.0,2648,3,5692.0,5692.0,0.5866194062915374
edf40,34,Punjabi,sentence_audio,passive_dropped_agent,o_clothes_woman_folded_clothes,4503.0,1515,3,6226.0,6226.0,0.33644237175216524
edf40,34,Punjabi,sentence_audio,passive_dropped_agent,s_woman_woman_folded_clothes,4503.0,2756,2,6918.0,6918.0,0.6120364201643349
edf40,35,Punjabi,sentence_audio,passive_dropped_agent,o_letter_woman_read_letter,4398.0,1342,1,6114.0,6114.0,0.3051386994088222
edf40,35,Punjabi,sentence_audio,passive_dropped_agent,s_woman_woman_read_letter,4398.0,2812,2,5764.0,5764.0,0.639381537062301
edf40,36,Punjabi,sentence_audio,passive_dropped_agent,o_lamp_girl_light_lamp,4183.0,1726,2,6158.0,6158.0,0.41262251972268704
edf40,36,Punjabi,sentence_audio,passive_dropped_agent,s_girl_girl_lit_lamp,4183.0,2323,4,5351.0,5351.0,0.5553430552235238
edf40,4,,free_viewing,,o_window_girl_opened_window,4689.0,1772,2,1416.0,1416.0,0.3779057368308808
edf40,4,,free_viewing,,s_girl_girl_opened_window,4689.0,2570,1,2104.0,2104.0,0.5480912774578801
edf40,5,,free_viewing,,o_veg_boy_cut_vegetables,4575.0,2366,1,2000.0,2000.0,0.5171584699453552
edf40,5,,free_viewing,,s_boy_boy_cut_vegetables,4575.0,1979,2,1334.0,1334.0,0.43256830601092894
edf40,6,,free_viewing,,o_tree_girl_plant_tree,4514.0,914,1,2104.0,2104.0,0.20248116969428445
edf40,6,,free_viewing,,s_girl_girl_plant_tree,4514.0,3600,2,846.0,846.0,0.7975188303057156
edf40,7,,free_viewing,,o_clothes_woman_folded_clothes,4632.0,1615,2,877.0,877.0,0.3486614853195164
edf40,7,,free_viewing,,s_woman_woman_folded_clothes,4632.0,3017,2,1106.0,1106.0,0.6513385146804835
edf40,8,,free_viewing,,o_letter_woman_read_letter,4726.0,1410,1,2122.0,2122.0,0.298349555649598
edf40,8,,free_viewing,,s_woman_woman_read_letter,4726.0,3164,2,721.0,721.0,0.6694879390605163
edf40,9,,free_viewing,,o_cake_girl_baked_cake,4715.0,1380,2,736.0,736.0,0.2926829268292683
edf40,9,,free_viewing,,s_girl_girl_baked_cake,4715.0,2627,2,1048.0,1048.0,0.5571580063626723
edf41,1,,free_viewing,,o_picture_artiste_drew_picture,4214.0,2364,5,664.0,664.0,0.5609871855719032
edf41,1,,free_viewing,,s_artiste_artiste_drew_picture,4214.0,1130,4,1368.0,1368.0,0.2681537731371618
edf41,10,,free_viewing,,o_shrub_man_cut_shrub,4313.0,3336,2,1292.0,1292.0,0.7734755390679342
edf41,10,,free_viewing,,s_man_man_cut_shrub,4313.0,977,2,1107.0,1107.0,0.22652446093206585
edf41,11,,free_viewing,,o_frisbee_child_throw_frisbee,3735.0,314,2,1606.0,1606.0,0.08406961178045515
edf41,11,,free_viewing,,s_child_child_throw_frisbee,3735.0,3195,3,1452.0,1452.0,0.8554216867469879
edf41,12,,free_viewing,,o_box_man_pushed_box,4316.0,432,2,974.0,974.0,0.10009267840593142
edf41,12,,free_viewing,,s_man_man_pushed_box,4316.0,3288,5,790.0,790.0,0.7618164967562558
edf41,13,,free_viewing,,o_scooter_driver_wash_scooter,4156.0,2538,3,702.0,702.0,0.6106833493743985
edf41,13,,free_viewing,,s_driver_driver_wash_scooter,4156.0,1378,3,1094.0,1094.0,0.33156881616939365
edf41,14,,free_viewing,,o_hole_dog_dug_hole,4067.0,492,2,1234.0,1234.0,0.12097369068109172
edf41,14,,free_viewing,,s_dog_dog_dug_hole,4067.0,2715,3,1008.0,1008.0,0.6675682321121219
edf41,15,,free_viewing,,o_letter_woman_read_letter,4086.0,32,1,2228.0,2228.0,0.00783162016642193
edf41,15,,free_viewing,,s_woman_woman_read_letter,4086.0,4054,2,870.0,870.0,0.9921683798335781
edf41,16,,free_viewing,,o_tabla_child_play_tabla,4168.0,1568,3,1008.0,1008.0,0.3761996161228407
edf41,16,,free_viewing,,s_child_child_play_tabla,4168.0,2058,3,864.0,864.0,0.4937619961612284
edf41,17,,free_viewing,,o_door_boy_opened_door,4310.0,524,1,802.0,802.0,0.12157772621809745
edf41,17,,free_viewing,,s_boy_boy_opened_door,4310.0,3786,1,1404.0,1404.0,0.8784222737819025
edf41,18,,free_viewing,,o_clothes_woman_folded_clothes,4421.0,344,1,1080.0,1080.0,0.07781045012440624
edf41,18,,free_viewing,,s_woman_woman_folded_clothes,4421.0,4077,2,812.0,812.0,0.9221895498755938
edf41,19,English,sentence_audio,passive,o_tabla_child_play_tabla,4234.0,1389,4,5870.0,5870.0,0.32805857345299955
edf41,19,English,sentence_audio,passive,s_child_child_play_tabla,4234.0,2634,3,6298.0,6298.0,0.6221067548417573
edf41,2,,free_viewing,,o_bucket_boy_filled_bucket,4630.0,2852,3,773.0,773.0,0.6159827213822894
edf41,2,,free_viewing,,s_boy_boy_filled_bucket,4630.0,1778,2,1234.0,1234.0,0.38401727861771057
edf41,20,English,sentence_audio,passive,o_door_boy_opened_door,4628.0,306,1,5852.0,5852.0,0.06611927398444252
edf41,20,English,sentence_audio,passive,s_boy_boy_opened_door,4628.0,4322,1,6230.0,6230.0,0.9338807260155575
edf41,21,English,sentence_audio,passive,o_bucket_boy_filled_bucket,4450.0,4172,2,6164.0,6164.0,0.9375280898876405
edf41,21,English,sentence_audio,passive,s_boy_boy_filled_bucket,4450.0,0,0,,,0.0
edf41,22,English,sentence_audio,passive_dropped_agent,o_dog_girl_fed_dog,3504.0,182,1,5502.0,5502.0,0.05194063926940639
edf41,22,English,sentence_audio,passive_dropped_agent,s_girl_girl_fed_dog,3504.0,2380,2,6144.0,6144.0,0.6792237442922374
edf41,23,English,sentence_audio,passive_dropped_agent,o_scooter_driver_wash_scooter,4228.0,4000,2,5368.0,5368.0,0.9460737937559129
edf41,23,English,sentence_audio,passive_dropped_agent,s_driver_driver_wash_scooter,4228.0,228,1,9352.0,9352.0,0.05392620624408704
edf41,24,English,sentence_audio,passive_dropped_agent,o_picture_artiste_drew_picture,4129.0,3363,2,5629.0,5629.0,0.8144829256478566
edf41,24,English,sentence_audio,passive_dropped_agent,s_artiste_artiste_drew_picture,4129.0,670,1,7560.0,7560.0,0.1622668927100993
edf41,25,Punjabi,sentence_audio,active,o_tree_girl_plant_tree,3811.0,2446,4,6098.0,6098.0,0.6418262923117292
edf41,25,Punjabi,sentence_audio,active,s_girl_girl_plant_tree,3811.0,1131,5,5822.0,5822.0,0.2967725006559958
edf41,26,Punjabi,sentence_audio,active,o_frisbee_child_throw_frisbee,3839.0,962,2,6194.0,6194.0,0.2505860901276374
edf41,26,Punjabi,sentence_audio,active,s_child_child_throw_frisbee,3839.0,0,0,,,0.0
edf41,27,Punjabi,sentence_audio,active,o_vase_boy_broke_vase,3871.0,3333,2,5676.0,5676.0,0.8610178248514596
edf41,27,Punjabi,sentence_audio,active,s_boy_boy_broke_vase,3871.0,538,1,6498.0,6498.0,0.13898217514854042
edf41,28,Punjabi,sentence_audio,passive,o_box_man_pushed_box,3578.0,1476,3,5454.0,5454.0,0.412520961430967
edf41,28,Punjabi,sentence_audio,passive,s_man_man_pushed_box,3578.0,1906,3,5242.0,5242.0,0.5326998323085522
edf41,29,Punjabi,sentence_audio,passive,o_shrub_man_cut_shrub,3968.0,3944,1,5712.0,5712.0,0.9939516129032258
edf41,29,Punjabi,sentence_audio,passive,s_man_man_cut_shrub,3968.0,0,0,,,0.0
edf41,3,,free_viewing,,o_tree_girl_plant_tree,4665.0,272,1,1326.0,1326.0,0.05830653804930332
edf41,3,,free_viewing,,s_girl_girl_plant_tree,4665.0,4227,3,1023.0,1023.0,0.9061093247588424
edf41,30,Punjabi,sentence_audio,passive,o_window_girl_opened_window,3762.0,718,1,6000.0,6000.0,0.19085592769803297
edf41,30,Punjabi,sentence_audio,passive,s_girl_girl_opened_window,3762.0,2906,2,5574.0,5574.0,0.772461456671983
edf41,31,Punjabi,sentence_audio,passive_dropped_agent,o_hole_dog_dug_hole,4204.0,744,2,5874.0,5874.0,0.17697431018078022
edf41,31,Punjabi,sentence_audio,passive_dropped_agent,s_dog_dog_dug_hole,4204.0,3460,3,5524.0,5524.0,0.8230256898192198
edf41,32,Punjabi,sentence_audio,passive_dropped_agent,o_veg_boy_cut_vegetables,3970.0,1960,2,5980.0,5980.0,0.49370277078085645
edf41,32,Punjabi,sentence_audio,passive_dropped_agent,s_boy_boy_cut_vegetables,3970.0,1592,4,5756.0,5756.0,0.401007556675063
edf41,33,Punjabi,sentence_audio,passive_dropped_agent,o_cake_girl_baked_cake,3366.0,2503,3,5767.0,5767.0,0.743612596553773
edf41,33,Punjabi,sentence_audio,passive_dropped_agent,s_girl_girl_baked_cake,3366.0,583,3,6288.0,6288.0,0.17320261437908496
edf41,34,English,sentence_audio,active,o_clothes_woman_folded_clothes,3978.0,1321,4,6132.0,6132.0,0.3320764203117144
edf41,34,English,sentence_audio,active,s_woman_woman_folded_clothes,3978.0,1176,2,6574.0,6574.0,0.2956259426847662
edf41,35,English,sentence_audio,active,o_letter_woman_read_letter,3874.0,160,1,9580.0,9580.0,0.041300980898296334
edf41,35,English,sentence_audio,active,s_woman_woman_read_letter,3874.0,3714,2,5307.0,5307.0,0.9586990191017036
edf41,36,English,sentence_audio,active,o_lamp_girl_light_lamp,4108.0,3627,2,6294.0,6294.0,0.8829113924050633
edf41,36,English,sentence_audio,active,s_girl_girl_lit_lamp,4108.0,288,1,7390.0,7390.0,0.07010710808179163
edf41,4,,free_viewing,,o_window_girl_opened_window,4836.0,0,0,,,0.0
edf41,4,,free_viewing,,s_girl_girl_opened_window,4836.0,4363,1,1232.0,1232.0,0.902191894127378
edf41,5,,free_viewing,,o_dog_girl_fed_dog,4479.0,1582,3,1250.0,1250.0,0.353203840142889
edf41,5,,free_viewing,,s_girl_girl_fed_dog,4479.0,2660,3,2004.0,2004.0,0.5938825630721143
edf41,6,,free_viewing,,o_veg_boy_cut_vegetables,4358.0,766,1,1456.0,1456.0,0.17576870123910052
edf41,6,,free_viewing,,s_boy_boy_cut_vegetables,4358.0,3470,2,907.0,907.0,0.7962368058742543
edf41,7,,free_viewing,,o_cake_girl_baked_cake,4591.0,0,0,,,0.0
edf41,7,,free_viewing,,s_girl_girl_baked_cake,4591.0,4275,1,1398.0,1398.0,0.9311696798083207
edf41,8,,free_viewing,,o_vase_boy_broke_vase,4367.0,1289,4,670.0,670.0,0.2951683077627662
edf41,8,,free_viewing,,s_boy_boy_broke_vase,4367.0,2866,3,1186.0,1186.0,0.6562857797114724
edf41,9,,free_viewing,,o_lamp_girl_light_lamp,3747.0,1773,5,1430.0,1430.0,0.4731785428342674
edf41,9,,free_viewing,,s_girl_girl_lit_lamp,3747.0,1852,5,1250.0,1250.0,0.49426207632772884
edf42,1,,free_viewing,,o_frisbee_child_throw_frisbee,4326.0,844,2,1254.0,1254.0,0.19509939898289413
edf42,1,,free_viewing,,s_child_child_throw_frisbee,4326.0,1676,4,970.0,970.0,0.3874248728617661
edf42,10,,free_viewing,,o_hole_dog_dug_hole,4450.0,1788,2,1360.0,1360.0,0.4017977528089888
edf42,10,,free_viewing,,s_dog_dog_dug_hole,4450.0,1508,4,700.0,700.0,0.338876404494382
edf42,11,,free_viewing,,o_tabla_child_play_tabla,4467.0,2798,2,1300.0,1300.0,0.6263711663308709
edf42,11,,free_viewing,,s_child_child_play_tabla,4467.0,1135,2,1672.0,1672.0,0.25408551600626816
edf42,12,,free_viewing,,o_shrub_man_cut_shrub,4600.0,3763,2,1284.0,1284.0,0.8180434782608695
edf42,12,,free_viewing,,s_man_man_cut_shrub,4600.0,837,2,1029.0,1029.0,0.18195652173913043
edf42,13,,free_viewing,,o_letter_woman_read_letter,4558.0,1328,2,1838.0,1838.0,0.2913558578323826
edf42,13,,free_viewing,,s_woman_woman_read_letter,4558.0,3230,3,652.0,652.0,0.7086441421676174
edf42,14,,free_viewing,,o_bucket_boy_filled_bucket,4555.0,2105,3,1135.0,1135.0,0.4621295279912184
edf42,14,,free_viewing,,s_boy_boy_filled_bucket,4555.0,2450,2,1932.0,1932.0,0.5378704720087816
edf42,15,,free_viewing,,o_tree_girl_plant_tree,4561.0,2179,3,1220.0,1220.0,0.47774610830958125
edf42,15,,free_viewing,,s_girl_girl_plant_tree,4561.0,860,2,958.0,958.0,0.18855514141635607
edf42,16,,free_viewing,,o_door_boy_opened_door,4585.0,1860,3,1136.0,1136.0,0.40567066521264994
edf42,16,,free_viewing,,s_boy_boy_opened_door,4585.0,2725,3,1430.0,1430.0,0.5943293347873501
edf42,17,,free_viewing,,o_dog_girl_fed_dog,4434.0,414,1,3064.0,3064.0,0.09336941813261164
edf42,17,,free_viewing,,s_girl_girl_fed_dog,4434.0,1680,3,1500.0,1500.0,0.37889039242219213
edf42,18,,free_viewing,,o_vase_boy_broke_vase,4378.0,2119,2,993.0,993.0,0.4840109639104614
edf42,18,,free_viewing,,s_boy_boy_broke_vase,4378.0,2259,2,1166.0,1166.0,0.5159890360895386
edf42,19,English,sentence_audio,passive_dropped_agent,o_tabla_child_play_tabla,4624.0,938,2,6000.0,6000.0,0.20285467128027682
edf42,19,English,sentence_audio,passive_dropped_agent,s_child_child_play_tabla,4624.0,2548,2,6302.0,6302.0,0.551038062283737
edf42,2,,free_viewing,,o_box_man_pushed_box,4542.0,1818,2,1258.0,1258.0,0.4002642007926024
edf42,2,,free_viewing,,s_man_man_pushed_box,4542.0,2070,3,796.0,796.0,0.4557463672391017
edf42,20,English,sentence_audio,passive_dropped_agent,o_door_boy_opened_door,4481.0,1469,4,5997.0,5997.0,0.3278286096853381
edf42,20,English,sentence_audio,passive_dropped_agent,s_boy_boy_opened_door,4481.0,3012,4,6184.0,6184.0,0.6721713903146619
edf42,21,English,sentence_audio,passive_dropped_agent,o_bucket_boy_filled_bucket,4553.0,2217,2,5248.0,5248.0,0.4869316933889743
edf42,21,English,sentence_audio,passive_dropped_agent,s_boy_boy_filled_bucket,4553.0,2336,1,6398.0,6398.0,0.5130683066110256
edf42,22,Punjabi,sentence_audio,active,o_dog_girl_fed_dog,4720.0,1139,3,6087.0,6087.0,0.2413135593220339
edf42,22,Punjabi,sentence_audio,active,s_girl_girl_fed_dog,4720.0,2815,3,6302.0,6302.0,0.5963983050847458
edf42,23,Punjabi,sentence_audio,active,o_scooter_driver_wash_scooter,4598.0,3458,3,5715.0,5715.0,0.7520661157024794
edf42,23,Punjabi,sentence_audio,active,s_driver_driver_wash_scooter,4598.0,700,1,5892.0,5892.0,0.15224010439321445
edf42,24,Punjabi,sentence_audio,active,o_picture_artiste_drew_picture,4516.0,2340,2,5736.0,5736.0,0.5181576616474757
edf42,24,Punjabi,sentence_audio,active,s_artiste_artiste_drew_picture,4516.0,2176,3,5523.0,5523.0,0.4818423383525244
edf42,25,Punjabi,sentence_audio,passive,o_tree_girl_plant_tree,4613.0,3268,2,6704.0,6704.0,0.708432690223282
edf42,25,Punjabi,sentence_audio,passive,s_girl_girl_plant_tree,4613.0,1345,3,6124.0,6124.0,0.29156730977671796
edf42,26,Punjabi,sentence_audio,passive,o_frisbee_child_throw_frisbee,4496.0,560,2,5796.0,5796.0,0.12455516014234876
edf42,26,Punjabi,sentence_audio,passive,s_child_child_throw_frisbee,4496.0,3362,3,5976.0,5976.0,0.7477758007117438
edf42,27,Punjabi,sentence_audio,passive,o_vase_boy_broke_vase,4542.0,1397,3,5833.0,5833.0,0.3075737560546015
edf42,27,Punjabi,sentence_audio,passive,s_boy_boy_broke_vase,4542.0,2415,3,6008.0,6008.0,0.5317040951122853
edf42,28,Punjabi,sentence_audio,passive_dropped_agent,o_box_man_pushed_box,4633.0,1412,1,6386.0,6386.0,0.3047701273472912
edf42,28,Punjabi,sentence_audio,passive_dropped_agent,s_man_man_pushed_box,4633.0,3221,2,5322.0,5322.0,0.6952298726527089
edf42,29,Punjabi,sentence_audio,passive_dropped_agent,o_shrub_man_cut_shrub,4948.0,4700,1,5942.0,5942.0,0.9498787388843978
edf42,29,Punjabi,sentence_audio,passive_dropped_agent,s_man_man_cut_shrub,4948.0,248,1,5666.0,5666.0,0.050121261115602264
edf42,3,,free_viewing,,o_cake_girl_baked_cake,4782.0,1210,3,1043.0,1043.0,0.2530322040987035
edf42,3,,free_viewing,,s_girl_girl_baked_cake,4782.0,3164,2,1260.0,1260.0,0.6616478460895023
edf42,30,Punjabi,sentence_audio,passive_dropped_agent,o_window_girl_opened_window,4570.0,1218,3,6856.0,6856.0,0.26652078774617066
edf42,30,Punjabi,sentence_audio,passive_dropped_agent,s_girl_girl_opened_window,4570.0,2182,2,5596.0,5596.0,0.4774617067833698
edf42,31,English,sentence_audio,active,o_hole_dog_dug_hole,4706.0,1020,2,6148.0,6148.0,0.21674458138546537
edf42,31,English,sentence_audio,active,s_dog_dog_dug_hole,4706.0,3408,2,5736.0,5736.0,0.7241818954526137
edf42,32,English,sentence_audio,active,o_veg_boy_cut_vegetables,4802.0,686,1,5992.0,5992.0,0.14285714285714285
edf42,32,English,sentence_audio,active,s_boy_boy_cut_vegetables,4802.0,3970,2,5700.0,5700.0,0.8267388588088297
edf42,33,English,sentence_audio,active,o_cake_girl_baked_cake,4770.0,2198,3,6038.0,6038.0,0.4607966457023061
edf42,33,English,sentence_audio,active,s_girl_girl_baked_cake,4770.0,2402,2,6602.0,6602.0,0.5035639412997903
edf42,34,English,sentence_audio,passive,o_clothes_woman_folded_clothes,4666.0,3948,2,5746.0,5746.0,0.8461208744106301
edf42,34,English,sentence_audio,passive,s_woman_woman_folded_clothes,4666.0,718,1,6282.0,6282.0,0.15387912558936992
edf42,35,English,sentence_audio,passive,o_letter_woman_read_letter,4674.0,1460,2,6458.0,6458.0,0.3123662815575524
edf42,35,English,sentence_audio,passive,s_woman_woman_read_letter,4674.0,3214,3,5246.0,5246.0,0.6876337184424476
edf42,36,English,sentence_audio,passive,o_lamp_girl_light_lamp,4599.0,2678,2,5980.0,5980.0,0.5823005001087193
edf42,36,English,sentence_audio,passive,s_girl_girl_lit_lamp,4599.0,1683,2,5785.0,5785.0,0.3659491193737769
edf42,4,,free_viewing,,o_picture_artiste_drew_picture,4648.0,3206,3,670.0,670.0,0.6897590361445783
edf42,4,,free_viewing,,s_artiste_artiste_drew_picture,4648.0,992,2,904.0,904.0,0.2134251290877797
edf42,5,,free_viewing,,o_clothes_woman_folded_clothes,4772.0,4008,3,894.0,894.0,0.8398994132439229
edf42,5,,free_viewing,,s_woman_woman_folded_clothes,4772.0,764,2,1172.0,1172.0,0.1601005867560771
edf42,6,,free_viewing,,o_scooter_driver_wash_scooter,4471.0,2355,3,1099.0,1099.0,0.5267278013867144
edf42,6,,free_viewing,,s_driver_driver_wash_scooter,4471.0,1876,3,1820.0,1820.0,0.4195929322299262
edf42,7,,free_viewing,,o_veg_boy_cut_vegetables,4612.0,2568,2,1400.0,1400.0,0.5568083261058109
edf42,7,,free_viewing,,s_boy_boy_cut_vegetables,4612.0,1836,3,956.0,956.0,0.39809193408499566
edf42,8,,free_viewing,,o_lamp_girl_light_lamp,4557.0,3216,2,1036.0,1036.0,0.7057274522712311
edf42,8,,free_viewing,,s_girl_girl_lit_lamp,4557.0,1341,3,792.0,792.0,0.29427254772876893
edf42,9,,free_viewing,,o_window_girl_opened_window,4539.0,1732,2,1834.0,1834.0,0.3815818462216347
edf42,9,,free_viewing,,s_girl_girl_opened_window,4539.0,2447,3,1002.0,1002.0,0.5391055298523904
edf43,1,,free_viewing,,o_bucket_boy_filled_bucket,4596.0,3996,4,917.0,917.0,0.8694516971279374
edf43,1,,free_viewing,,s_boy_boy_filled_bucket,4596.0,600,3,1640.0,1640.0,0.13054830287206268
edf43,10,,free_viewing,,o_dog_girl_fed_dog,4714.0,1834,3,974.0,974.0,0.3890538820534578
edf43,10,,free_viewing,,s_girl_girl_fed_dog,4714.0,1132,2,1520.0,1520.0,0.24013576580398813
edf43,11,,free_viewing,,o_window_girl_opened_window,4250.0,1986,2,1372.0,1372.0,0.4672941176470588
edf43,11,,free_viewing,,s_girl_girl_opened_window,4250.0,1834,2,2246.0,2246.0,0.4315294117647059
edf43,12,,free_viewing,,o_frisbee_child_throw_frisbee,4247.0,878,4,1308.0,1308.0,0.20673416529314811
edf43,12,,free_viewing,,s_child_child_throw_frisbee,4247.0,2312,6,934.0,934.0,0.5443842712502943
edf43,13,,free_viewing,,o_picture_artiste_drew_picture,4704.0,4118,2,832.0,832.0,0.8754251700680272
edf43,13,,free_viewing,,s_artiste_artiste_drew_picture,4704.0,420,1,1572.0,1572.0,0.08928571428571429
edf43,14,,free_viewing,,o_box_man_pushed_box,4455.0,1057,3,1174.0,1174.0,0.2372615039281706
edf43,14,,free_viewing,,s_man_man_pushed_box,4455.0,2320,4,910.0,910.0,0.5207631874298541
edf43,15,,free_viewing,,o_vase_boy_broke_vase,4464.0,2666,3,1097.0,1097.0,0.5972222222222222
edf43,15,,free_viewing,,s_boy_boy_broke_vase,4464.0,1486,2,2250.0,2250.0,0.3328853046594982
edf43,16,,free_viewing,,o_veg_boy_cut_vegetables,4309.0,3114,2,1116.0,1116.0,0.7226734741239267
edf43,16,,free_viewing,,s_boy_boy_cut_vegetables,4309.0,1022,2,1820.0,1820.0,0.2371779995358552
edf43,17,,free_viewing,,o_door_boy_opened_door,4235.0,2139,4,969.0,969.0,0.5050767414403778
edf43,17,,free_viewing,,s_boy_boy_opened_door,4235.0,1880,4,1470.0,1470.0,0.44391971664698937
edf43,18,,free_viewing,,o_tree_girl_plant_tree,4408.0,2320,2,1152.0,1152.0,0.5263157894736842
edf43,18,,free_viewing,,s_girl_girl_plant_tree,4408.0,1156,2,2570.0,2570.0,0.26225045372050815
edf43,19,Punjabi,sentence_audio,active,o_tabla_child_play_tabla,4482.0,2442,3,5516.0,5516.0,0.5448460508701473
edf43,19,Punjabi,sentence_audio,active,s_child_child_play_tabla,4482.0,1535,3,5906.0,5906.0,0.3424810352521196
edf43,2,,free_viewing,,o_letter_woman_read_letter,4532.0,1112,2,1818.0,1818.0,0.24536628420123566
edf43,2,,free_viewing,,s_woman_woman_read_letter,4532.0,3420,3,1049.0,1049.0,0.7546337157987644
edf43,20,Punjabi,sentence_audio,active,o_door_boy_opened_door,4440.0,2106,6,6164.0,6164.0,0.4743243243243243
edf43,20,Punjabi,sentence_audio,active,s_boy_boy_opened_door,4440.0,2136,6,6700.0,6700.0,0.4810810810810811
edf43,21,Punjabi,sentence_audio,active,o_bucket_boy_filled_bucket,4385.0,3359,3,5340.0,5340.0,0.7660205245153934
edf43,21,Punjabi,sentence_audio,active,s_boy_boy_filled_bucket,4385.0,1026,2,6070.0,6070.0,0.23397947548460662
edf43,22,Punjabi,sentence_audio,passive,o_dog_girl_fed_dog,4620.0,2194,5,5718.0,5718.0,0.47489177489177486
edf43,22,Punjabi,sentence_audio,passive,s_girl_girl_fed_dog,4620.0,874,1,7304.0,7304.0,0.18917748917748917
edf43,23,Punjabi,sentence_audio,passive,o_scooter_driver_wash_scooter,4560.0,2318,4,5339.0,5339.0,0.5083333333333333
edf43,23,Punjabi,sentence_audio,passive,s_driver_driver_wash_scooter,4560.0,1172,2,5580.0,5580.0,0.25701754385964914
edf43,24,Punjabi,sentence_audio,passive,o_picture_artiste_drew_picture,4391.0,2411,3,6121.0,6121.0,0.5490776588476429
edf43,24,Punjabi,sentence_audio,passive,s_artiste_artiste_drew_picture,4391.0,1980,2,6652.0,6652.0,0.4509223411523571
edf43,25,Punjabi,sentence_audio,passive_dropped_agent,o_tree_girl_plant_tree,4906.0,4683,1,5502.0,5502.0,0.9545454545454546
edf43,25,Punjabi,sentence_audio,passive_dropped_agent,s_girl_girl_plant_tree,4906.0,0,0,,,0.0
edf43,26,Punjabi,sentence_audio,passive_dropped_agent,o_frisbee_child_throw_frisbee,4383.0,222,1,7162.0,7162.0,0.05065023956194387
edf43,26,Punjabi,sentence_audio,passive_dropped_agent,s_child_child_throw_frisbee,4383.0,2352,5,5540.0,5540.0,0.5366187542778919
edf43,27,Punjabi,sentence_audio,passive_dropped_agent,o_vase_boy_broke_vase,4904.0,4666,2,5256.0,5256.0,0.9514681892332789
edf43,27,Punjabi,sentence_audio,passive_dropped_agent,s_boy_boy_broke_vase,4904.0,238,1,5780.0,5780.0,0.04853181076672104
edf43,28,English,sentence_audio,active,o_box_man_pushed_box,4616.0,3308,4,6022.0,6022.0,0.7166377816291161
edf43,28,English,sentence_audio,active,s_man_man_pushed_box,4616.0,1114,4,5766.0,5766.0,0.24133448873483535
edf43,29,English,sentence_audio,active,o_shrub_man_cut_shrub,4500.0,2904,4,5588.0,5588.0,0.6453333333333333
edf43,29,English,sentence_audio,active,s_man_man_cut_shrub,4500.0,1386,4,5266.0,5266.0,0.308
edf43,3,,free_viewing,,o_hole_dog_dug_hole,4383.0,1592,3,1580.0,1580.0,0.3632215377595254
edf43,3,,free_viewing,,s_dog_dog_dug_hole,4383.0,1636,3,990.0,990.0,0.3732603239790098
edf43,30,English,sentence_audio,active,o_window_girl_opened_window,4469.0,2924,2,5588.0,5588.0,0.6542850749608413
edf43,30,English,sentence_audio,active,s_girl_girl_opened_window,4469.0,638,1,6908.0,6908.0,0.14276124412620272
edf43,31,English,sentence_audio,passive,o_hole_dog_dug_hole,4645.0,1056,1,6320.0,6320.0,0.22734122712594187
edf43,31,English,sentence_audio,passive,s_dog_dog_dug_hole,4645.0,377,1,5691.0,5691.0,0.08116254036598493
edf43,32,English,sentence_audio,passive,o_veg_boy_cut_vegetables,4402.0,3211,3,6218.0,6218.0,0.7294411631076784
edf43,32,English,sentence_audio,passive,s_boy_boy_cut_vegetables,4402.0,730,2,7412.0,7412.0,0.16583371194911403
edf43,33,English,sentence_audio,passive,o_cake_girl_baked_cake,4968.0,4968,1,5902.0,5902.0,1.0
edf43,33,English,sentence_audio,passive,s_girl_girl_baked_cake,4968.0,0,0,,,0.0
edf43,34,English,sentence_audio,passive_dropped_agent,o_clothes_woman_folded_clothes,4875.0,1773,1,8872.0,8872.0,0.3636923076923077
edf43,34,English,sentence_audio,passive_dropped_agent,s_woman_woman_folded_clothes,4875.0,0,0,,,0.0
edf43,35,English,sentence_audio,passive_dropped_agent,o_letter_woman_read_letter,4591.0,1034,3,6198.0,6198.0,0.22522326290568503
edf43,35,English,sentence_audio,passive_dropped_agent,s_woman_woman_read_letter,4591.0,3423,4,5822.0,5822.0,0.7455891962535396
edf43,36,English,sentence_audio,passive_dropped_agent,o_lamp_girl_light_lamp,4558.0,2760,4,6382.0,6382.0,0.6055287406757349
edf43,36,English,sentence_audio,passive_dropped_agent,s_girl_girl_lit_lamp,4558.0,1354,4,6138.0,6138.0,0.29706011408512506
edf43,4,,free_viewing,,o_tabla_child_play_tabla,4249.0,2490,3,962.0,962.0,0.5860202400564839
edf43,4,,free_viewing,,s_child_child_play_tabla,4249.0,439,2,1362.0,1362.0,0.10331842786538009
edf43,5,,free_viewing,,o_clothes_woman_folded_clothes,4592.0,1853,3,949.0,949.0,0.40352787456445993
edf43,5,,free_viewing,,s_woman_woman_folded_clothes,4592.0,2585,3,1606.0,1606.0,0.5629355400696864
edf43,6,,free_viewing,,o_cake_girl_baked_cake,4494.0,2922,3,838.0,838.0,0.650200267022697
edf43,6,,free_viewing,,s_girl_girl_baked_cake,4494.0,1170,2,2484.0,2484.0,0.260347129506008
edf43,7,,free_viewing,,o_shrub_man_cut_shrub,4691.0,3883,3,1346.0,1346.0,0.8277552760605414
edf43,7,,free_viewing,,s_man_man_cut_shrub,4691.0,808,3,1048.0,1048.0,0.17224472393945853
edf43,8,,free_viewing,,o_scooter_driver_wash_scooter,4452.0,4108,2,1053.0,1053.0,0.9227313566936208
edf43,8,,free_viewing,,s_driver_driver_wash_scooter,4452.0,344,1,1696.0,1696.0,0.07726864330637916
edf43,9,,free_viewing,,o_lamp_girl_light_lamp,4394.0,2454,4,892.0,892.0,0.5584888484296768
edf43,9,,free_viewing,,s_girl_girl_lit_lamp,4394.0,1492,3,684.0,684.0,0.3395539371870733
edf44,1,,free_viewing,,o_frisbee_child_throw_frisbee,4394.0,1192,3,1176.0,1176.0,0.271279016841147
edf44,1,,free_viewing,,s_child_child_throw_frisbee,4394.0,1411,4,964.0,964.0,0.3211197086936732
edf44,10,,free_viewing,,o_door_boy_opened_door,4499.0,1241,2,805.0,805.0,0.2758390753500778
edf44,10,,free_viewing,,s_boy_boy_opened_door,4499.0,3258,2,1014.0,1014.0,0.7241609246499222
edf44,11,,free_viewing,,o_window_girl_opened_window,4274.0,1190,3,3224.0,3224.0,0.27842770238652315
edf44,11,,free_viewing,,s_girl_girl_opened_window,4274.0,2556,4,1318.0,1318.0,0.598034627983154
edf44,12,,free_viewing,,o_bucket_boy_filled_bucket,4523.0,3601,2,1110.0,1110.0,0.7961529957992483
edf44,12,,free_viewing,,s_boy_boy_filled_bucket,4523.0,922,1,4492.0,4492.0,0.20384700420075172
edf44,13,,free_viewing,,o_cake_girl_baked_cake,4401.0,1807,5,894.0,894.0,0.41058850261304247
edf44,13,,free_viewing,,s_girl_girl_baked_cake,4401.0,1040,2,1660.0,1660.0,0.2363099295614633
edf44,14,,free_viewing,,o_hole_dog_dug_hole,4328.0,1114,2,3166.0,3166.0,0.2573937153419593
edf44,14,,free_viewing,,s_dog_dog_dug_hole,4328.0,1840,4,1072.0,1072.0,0.42513863216266173
edf44,15,,free_viewing,,o_tabla_child_play_tabla,4434.0,1748,1,1148.0,1148.0,0.39422643211547137
edf44,15,,free_viewing,,s_child_child_play_tabla,4434.0,1291,2,3090.0,3090.0,0.2911592241768155
edf44,16,,free_viewing,,o_scooter_driver_wash_scooter,4134.0,2628,5,1062.0,1062.0,0.6357039187227866
edf44,16,,free_viewing,,s_driver_driver_wash_scooter,4134.0,1138,4,1426.0,1426.0,0.27527818093855827
edf44,17,,free_viewing,,o_picture_artiste_drew_picture,4312.0,2540,2,970.0,970.0,0.5890538033395176
edf44,17,,free_viewing,,s_artiste_artiste_drew_picture,4312.0,1540,1,2786.0,2786.0,0.35714285714285715
edf44,18,,free_viewing,,o_shrub_man_cut_shrub,4411.0,2759,2,1058.0,1058.0,0.6254817501700295
edf44,18,,free_viewing,,s_man_man_cut_shrub,4411.0,1652,2,792.0,792.0,0.3745182498299705
edf44,19,Punjabi,sentence_audio,passive,o_tabla_child_play_tabla,4386.0,2980,3,6282.0,6282.0,0.6794345645234838
edf44,19,Punjabi,sentence_audio,passive,s_child_child_play_tabla,4386.0,998,3,6816.0,6816.0,0.2275421796625627
edf44,2,,free_viewing,,o_lamp_girl_light_lamp,4591.0,3556,3,1088.0,1088.0,0.774558919625354
edf44,2,,free_viewing,,s_girl_girl_lit_lamp,4591.0,1035,4,845.0,845.0,0.22544108037464605
edf44,20,Punjabi,sentence_audio,passive,o_door_boy_opened_door,4588.0,683,2,5809.0,5809.0,0.1488666085440279
edf44,20,Punjabi,sentence_audio,passive,s_boy_boy_opened_door,4588.0,3905,2,6010.0,6010.0,0.8511333914559721
edf44,21,Punjabi,sentence_audio,passive,o_bucket_boy_filled_bucket,4656.0,3522,2,5568.0,5568.0,0.7564432989690721
edf44,21,Punjabi,sentence_audio,passive,s_boy_boy_filled_bucket,4656.0,1134,1,7438.0,7438.0,0.24355670103092783
edf44,22,Punjabi,sentence_audio,passive_dropped_agent,o_dog_girl_fed_dog,4485.0,919,4,6042.0,6042.0,0.20490523968784838
edf44,22,Punjabi,sentence_audio,passive_dropped_agent,s_girl_girl_fed_dog,4485.0,904,1,7678.0,7678.0,0.2015607580824972
edf44,23,Punjabi,sentence_audio,passive_dropped_agent,o_scooter_driver_wash_scooter,4253.0,2939,3,5669.0,5669.0,0.6910416176816365
edf44,23,Punjabi,sentence_audio,passive_dropped_agent,s_driver_driver_wash_scooter,4253.0,784,1,5856.0,5856.0,0.18434046555372677
edf44,24,Punjabi,sentence_audio,passive_dropped_agent,o_picture_artiste_drew_picture,4450.0,2620,3,6097.0,6097.0,0.5887640449438202
edf44,24,Punjabi,sentence_audio,passive_dropped_agent,s_artiste_artiste_drew_picture,4450.0,800,2,6332.0,6332.0,0.1797752808988764
edf44,25,English,sentence_audio,active,o_tree_girl_plant_tree,4230.0,1542,3,6288.0,6288.0,0.3645390070921986
edf44,25,English,sentence_audio,active,s_girl_girl_plant_tree,4230.0,1439,4,6005.0,6005.0,0.34018912529550827
edf44,26,English,sentence_audio,active,o_frisbee_child_throw_frisbee,4274.0,476,1,5912.0,5912.0,0.11137108095460926
edf44,26,English,sentence_audio,active,s_child_child_throw_frisbee,4274.0,2602,4,5682.0,5682.0,0.6087973795039775
edf44,27,English,sentence_audio,active,o_vase_boy_broke_vase,4490.0,1686,2,5628.0,5628.0,0.3755011135857461
edf44,27,English,sentence_audio,active,s_boy_boy_broke_vase,4490.0,2524,2,6190.0,6190.0,0.5621380846325167
edf44,28,English,sentence_audio,passive,o_box_man_pushed_box,4575.0,2020,1,6428.0,6428.0,0.44153005464480877
edf44,28,English,sentence_audio,passive,s_man_man_pushed_box,4575.0,2555,2,5815.0,5815.0,0.5584699453551912
edf44,29,English,sentence_audio,passive,o_shrub_man_cut_shrub,4193.0,2414,3,5660.0,5660.0,0.5757214404960649
edf44,29,English,sentence_audio,passive,s_man_man_cut_shrub,4193.0,1333,4,5375.0,5375.0,0.3179108037204865
edf44,3,,free_viewing,,o_vase_boy_broke_vase,4379.0,3533,3,711.0,711.0,0.8068052066681891
edf44,3,,free_viewing,,s_boy_boy_broke_vase,4379.0,704,1,1830.0,1830.0,0.16076729846997032
edf44,30,English,sentence_audio,passive,o_window_girl_opened_window,4654.0,2549,2,6702.0,6702.0,0.5477009024495058
edf44,30,English,sentence_audio,passive,s_girl_girl_opened_window,4654.0,1936,2,6358.0,6358.0,0.415986248388483
edf44,31,English,sentence_audio,passive_dropped_agent,o_hole_dog_dug_hole,4519.0,3668,2,6004.0,6004.0,0.8116840008851516
edf44,31,English,sentence_audio,passive_dropped_agent,s_dog_dog_dug_hole,4519.0,821,2,5426.0,5426.0,0.181677362248285
edf44,32,English,sentence_audio,passive_dropped_agent,o_veg_boy_cut_vegetables,4505.0,1486,3,6114.0,6114.0,0.3298557158712542
edf44,32,English,sentence_audio,passive_dropped_agent,s_boy_boy_cut_vegetables,4505.0,2104,2,7324.0,7324.0,0.46703662597114315
edf44,33,English,sentence_audio,passive_dropped_agent,o_cake_girl_baked_cake,4639.0,3567,2,5539.0,5539.0,0.7689157145936625
edf44,33,English,sentence_audio,passive_dropped_agent,s_girl_girl_baked_cake,4639.0,858,2,7664.0,7664.0,0.18495365380469928
edf44,34,Punjabi,sentence_audio,active,o_clothes_woman_folded_clothes,4676.0,1768,2,5932.0,5932.0,0.3781009409751925
edf44,34,Punjabi,sentence_audio,active,s_woman_woman_folded_clothes,4676.0,2908,2,7328.0,7328.0,0.6218990590248076
edf44,35,Punjabi,sentence_audio,active,o_letter_woman_read_letter,4549.0,359,2,9794.0,9794.0,0.07891844361398109
edf44,35,Punjabi,sentence_audio,active,s_woman_woman_read_letter,4549.0,3954,2,5968.0,5968.0,0.8692020224225104
edf44,36,Punjabi,sentence_audio,active,o_lamp_girl_light_lamp,4283.0,1922,3,5936.0,5936.0,0.44875087555451787
edf44,36,Punjabi,sentence_audio,active,s_girl_girl_lit_lamp,4283.0,2361,4,5745.0,5745.0,0.5512491244454821
edf44,4,,free_viewing,,o_veg_boy_cut_vegetables,4572.0,3384,2,1098.0,1098.0,0.7401574803149606
edf44,4,,free_viewing,,s_boy_boy_cut_vegetables,4572.0,770,2,1642.0,1642.0,0.168416447944007
edf44,5,,free_viewing,,o_box_man_pushed_box,4461.0,1736,3,912.0,912.0,0.38915041470522305
edf44,5,,free_viewing,,s_man_man_pushed_box,4461.0,2237,4,674.0,674.0,0.5014570724052902
edf44,6,,free_viewing,,o_clothes_woman_folded_clothes,4663.0,2245,4,648.0,648.0,0.48144971048681107
edf44,6,,free_viewing,,s_woman_woman_folded_clothes,4663.0,1988,2,1420.0,1420.0,0.42633497748230753
edf44,7,,free_viewing,,o_letter_woman_read_letter,4774.0,1906,2,1658.0,1658.0,0.39924591537494764
edf44,7,,free_viewing,,s_woman_woman_read_letter,4774.0,2478,2,1478.0,1478.0,0.5190615835777126
edf44,8,,free_viewing,,o_dog_girl_fed_dog,4665.0,1585,4,1095.0,1095.0,0.3397642015005359
edf44,8,,free_viewing,,s_girl_girl_fed_dog,4665.0,1906,1,3616.0,3616.0,0.4085744908896034
edf44,9,,free_viewing,,o_tree_girl_plant_tree,4339.0,1360,2,1408.0,1408.0,0.3134362756395483
edf44,9,,free_viewing,,s_girl_girl_plant_tree,4339.0,1993,3,908.0,908.0,0.45932242452177924
edf45,1,,free_viewing,,o_box_man_pushed_box,4428.0,2114,4,1340.0,1340.0,0.477416440831075
edf45,1,,free_viewing,,s_man_man_pushed_box,4428.0,1702,5,1056.0,1056.0,0.3843721770551039
edf45,10,,free_viewing,,o_bucket_boy_filled_bucket,4572.0,2714,3,1048.0,1048.0,0.5936132983377078
edf45,10,,free_viewing,,s_boy_boy_filled_bucket,4572.0,1858,2,2096.0,2096.0,0.40638670166229224
edf45,11,,free_viewing,,o_clothes_woman_folded_clothes,4561.0,2655,2,817.0,817.0,0.5821091865818899
edf45,11,,free_viewing,,s_woman_woman_folded_clothes,4561.0,1906,1,2006.0,2006.0,0.4178908134181101
edf45,12,,free_viewing,,o_tabla_child_play_tabla,4401.0,1461,2,1036.0,1036.0,0.3319700068166326
edf45,12,,free_viewing,,s_child_child_play_tabla,4401.0,928,2,3002.0,3002.0,0.21086116791638265
edf45,13,,free_viewing,,o_door_boy_opened_door,4341.0,1581,5,733.0,733.0,0.364201796821009
edf45,13,,free_viewing,,s_boy_boy_opened_door,4341.0,2760,4,1258.0,1258.0,0.635798203178991
edf45,14,,free_viewing,,o_vase_boy_broke_vase,4388.0,3080,4,691.0,691.0,0.7019143117593437
edf45,14,,free_viewing,,s_boy_boy_broke_vase,4388.0,454,1,1746.0,1746.0,0.10346399270738377
edf45,15,,free_viewing,,o_frisbee_child_throw_frisbee,4436.0,976,1,1202.0,1202.0,0.2200180342651037
edf45,15,,free_viewing,,s_child_child_throw_frisbee,4436.0,2642,3,1076.0,1076.0,0.5955816050495942
edf45,16,,free_viewing,,o_scooter_driver_wash_scooter,4370.0,3090,2,880.0,880.0,0.7070938215102975
edf45,16,,free_viewing,,s_driver_driver_wash_scooter,4370.0,1152,1,2164.0,2164.0,0.26361556064073227
edf45,17,,free_viewing,,o_veg_boy_cut_vegetables,4515.0,3114,2,1340.0,1340.0,0.6897009966777409
edf45,17,,free_viewing,,s_boy_boy_cut_vegetables,4515.0,1401,3,984.0,984.0,0.3102990033222591
edf45,18,,free_viewing,,o_letter_woman_read_letter,4331.0,1862,3,1838.0,1838.0,0.429923805125837
edf45,18,,free_viewing,,s_woman_woman_read_letter,4331.0,2469,3,1055.0,1055.0,0.5700761948741631
edf45,19,Punjabi,sentence_audio,passive_dropped_agent,o_tabla_child_play_tabla,4418.0,1807,4,5488.0,5488.0,0.40900860117700316
edf45,19,Punjabi,sentence_audio,passive_dropped_agent,s_child_child_play_tabla,4418.0,808,3,5844.0,5844.0,0.18288818469895882
edf45,2,,free_viewing,,o_window_girl_opened_window,4611.0,2377,3,1360.0,1360.0,0.515506397744524
edf45,2,,free_viewing,,s_girl_girl_opened_window,4611.0,1570,1,2022.0,2022.0,0.34049013229234437
edf45,20,Punjabi,sentence_audio,passive_dropped_agent,o_door_boy_opened_door,4334.0,2492,4,6036.0,6036.0,0.5749884633133364
edf45,20,Punjabi,sentence_audio,passive_dropped_agent,s_boy_boy_opened_door,4334.0,1656,5,6792.0,6792.0,0.38209506229810797
edf45,21,Punjabi,sentence_audio,passive_dropped_agent,o_bucket_boy_filled_bucket,4678.0,4678,1,5338.0,5338.0,1.0
edf45,21,Punjabi,sentence_audio,passive_dropped_agent,s_boy_boy_filled_bucket,4678.0,0,0,,,0.0
edf45,22,English,sentence_audio,active,o_dog_girl_fed_dog,4491.0,2955,4,5199.0,5199.0,0.6579826319305278
edf45,22,English,sentence_audio,active,s_girl_girl_fed_dog,4491.0,578,1,6950.0,6950.0,0.12870184814072588
edf45,23,English,sentence_audio,active,o_scooter_driver_wash_scooter,4467.0,3477,3,6045.0,6045.0,0.7783747481531229
edf45,23,English,sentence_audio,active,s_driver_driver_wash_scooter,4467.0,772,1,7970.0,7970.0,0.17282292366241325
edf45,24,English,sentence_audio,active,o_picture_artiste_drew_picture,4068.0,3237,3,5921.0,5921.0,0.7957227138643068
edf45,24,English,sentence_audio,active,s_artiste_artiste_drew_picture,4068.0,831,3,7254.0,7254.0,0.2042772861356932
edf45,25,English,sentence_audio,passive,o_tree_girl_plant_tree,4396.0,1944,1,6136.0,6136.0,0.4422202001819836
edf45,25,English,sentence_audio,passive,s_girl_girl_plant_tree,4396.0,1700,2,8532.0,8532.0,0.3867151956323931
edf45,26,English,sentence_audio,passive,o_frisbee_child_throw_frisbee,4255.0,1442,1,5696.0,5696.0,0.33889541715628674
edf45,26,English,sentence_audio,passive,s_child_child_throw_frisbee,4255.0,2266,3,5532.0,5532.0,0.5325499412455934
edf45,27,English,sentence_audio,passive,o_vase_boy_broke_vase,4685.0,4323,2,6061.0,6061.0,0.9227321237993596
edf45,27,English,sentence_audio,passive,s_boy_boy_broke_vase,4685.0,362,2,9534.0,9534.0,0.07726787620064034
edf45,28,English,sentence_audio,passive_dropped_agent,o_box_man_pushed_box,4331.0,2209,4,5984.0,5984.0,0.5100438697760332
edf45,28,English,sentence_audio,passive_dropped_agent,s_man_man_pushed_box,4331.0,1756,3,5730.0,5730.0,0.4054490879704456
edf45,29,English,sentence_audio,passive_dropped_agent,o_shrub_man_cut_shrub,4371.0,2926,3,6050.0,6050.0,0.6694120338595287
edf45,29,English,sentence_audio,passive_dropped_agent,s_man_man_cut_shrub,4371.0,837,3,5791.0,5791.0,0.19148936170212766
edf45,3,,free_viewing,,o_shrub_man_cut_shrub,4556.0,2411,2,1102.0,1102.0,0.5291922739244952
edf45,3,,free_viewing,,s_man_man_cut_shrub,4556.0,2145,2,827.0,827.0,0.4708077260755048
edf45,30,English,sentence_audio,passive_dropped_agent,o_window_girl_opened_window,4373.0,3052,2,5422.0,5422.0,0.6979190487079808
edf45,30,English,sentence_audio,passive_dropped_agent,s_girl_girl_opened_window,4373.0,1128,2,6786.0,6786.0,0.2579464898239195
edf45,31,Punjabi,sentence_audio,active,o_hole_dog_dug_hole,4687.0,1018,2,5572.0,5572.0,0.2171965009601024
edf45,31,Punjabi,sentence_audio,active,s_dog_dog_dug_hole,4687.0,2771,3,5318.0,5318.0,0.591209729037764
edf45,32,Punjabi,sentence_audio,active,o_veg_boy_cut_vegetables,4368.0,2976,3,5666.0,5666.0,0.6813186813186813
edf45,32,Punjabi,sentence_audio,active,s_boy_boy_cut_vegetables,4368.0,1204,3,5446.0,5446.0,0.27564102564102566
edf45,33,Punjabi,sentence_audio,active,o_cake_girl_baked_cake,4474.0,2960,4,5976.0,5976.0,0.6616003576218149
edf45,33,Punjabi,sentence_audio,active,s_girl_girl_baked_cake,4474.0,1316,3,7020.0,7020.0,0.2941439427805096
edf45,34,Punjabi,sentence_audio,passive,o_clothes_woman_folded_clothes,4252.0,3088,3,6120.0,6120.0,0.7262464722483537
edf45,34,Punjabi,sentence_audio,passive,s_woman_woman_folded_clothes,4252.0,1112,1,7070.0,7070.0,0.26152398871119475
edf45,35,Punjabi,sentence_audio,passive,o_letter_woman_read_letter,4437.0,2058,3,5464.0,5464.0,0.4638269100743746
edf45,35,Punjabi,sentence_audio,passive,s_woman_woman_read_letter,4437.0,1792,3,6476.0,6476.0,0.403876493125986
edf45,36,Punjabi,sentence_audio,passive,o_lamp_girl_light_lamp,4260.0,1600,4,6130.0,6130.0,0.3755868544600939
edf45,36,Punjabi,sentence_audio,passive,s_girl_girl_lit_lamp,4260.0,2312,5,5884.0,5884.0,0.5427230046948357
edf45,4,,free_viewing,,o_hole_dog_dug_hole,4414.0,928,2,2838.0,2838.0,0.21024014499320345
edf45,4,,free_viewing,,s_dog_dog_dug_hole,4414.0,2660,3,1074.0,1074.0,0.602628001812415
edf45,5,,free_viewing,,o_picture_artiste_drew_picture,4446.0,2930,2,762.0,762.0,0.6590193432298695
edf45,5,,free_viewing,,s_artiste_artiste_drew_picture,4446.0,1188,1,2330.0,2330.0,0.26720647773279355
edf45,6,,free_viewing,,o_tree_girl_plant_tree,4224.0,1482,2,1250.0,1250.0,0.3508522727272727
edf45,6,,free_viewing,,s_girl_girl_plant_tree,4224.0,1502,3,928.0,928.0,0.3555871212121212
edf45,7,,free_viewing,,o_lamp_girl_light_lamp,4424.0,956,2,1218.0,1218.0,0.21609403254972875
edf45,7,,free_viewing,,s_girl_girl_lit_lamp,4424.0,2666,5,945.0,945.0,0.6026220614828209
edf45,8,,free_viewing,,o_dog_girl_fed_dog,4430.0,1134,2,1038.0,1038.0,0.25598194130925506
edf45,8,,free_viewing,,s_girl_girl_fed_dog,4430.0,1010,1,2030.0,2030.0,0.22799097065462753
edf45,9,,free_viewing,,o_cake_girl_baked_cake,4610.0,2352,3,922.0,922.0,0.5101952277657267
edf45,9,,free_viewing,,s_girl_girl_baked_cake,4610.0,1912,2,2110.0,2110.0,0.41475054229934927
edf46,1,,free_viewing,,o_scooter_driver_wash_scooter,3772.0,2664,4,1138.0,1138.0,0.7062566277836692
edf46,1,,free_viewing,,s_driver_driver_wash_scooter,3772.0,894,3,1632.0,1632.0,0.23700954400848356
edf46,10,,free_viewing,,o_dog_girl_fed_dog,4140.0,750,2,1356.0,1356.0,0.18115942028985507
edf46,10,,free_viewing,,s_girl_girl_fed_dog,4140.0,1208,4,1142.0,1142.0,0.29178743961352654
edf46,11,,free_viewing,,o_shrub_man_cut_shrub,4146.0,872,2,1148.0,1148.0,0.21032320308731306
edf46,11,,free_viewing,,s_man_man_cut_shrub,4146.0,3274,3,1071.0,1071.0,0.7896767969126869
edf46,12,,free_viewing,,o_letter_woman_read_letter,4436.0,1088,2,1458.0,1458.0,0.24526600541027954
edf46,12,,free_viewing,,s_woman_woman_read_letter,4436.0,3229,3,1206.0,1206.0,0.7279080252479712
edf46,13,,free_viewing,,o_frisbee_child_throw_frisbee,4264.0,424,2,1362.0,1362.0,0.09943714821763602
edf46,13,,free_viewing,,s_child_child_throw_frisbee,4264.0,3036,5,1176.0,1176.0,0.7120075046904315
edf46,14,,free_viewing,,o_lamp_girl_light_lamp,4338.0,2242,3,1208.0,1208.0,0.516828031350853
edf46,14,,free_viewing,,s_girl_girl_lit_lamp,4338.0,2096,4,986.0,986.0,0.4831719686491471
edf46,15,,free_viewing,,o_hole_dog_dug_hole,4261.0,2700,3,1224.0,1224.0,0.6336540718141281
edf46,15,,free_viewing,,s_dog_dog_dug_hole,4261.0,1139,3,753.0,753.0,0.2673081436282563
edf46,16,,free_viewing,,o_picture_artiste_drew_picture,4426.0,2503,2,996.0,996.0,0.5655219159511975
edf46,16,,free_viewing,,s_artiste_artiste_drew_picture,4426.0,1923,2,921.0,921.0,0.4344780840488025
edf46,17,,free_viewing,,o_veg_boy_cut_vegetables,4579.0,4440,1,1214.0,1214.0,0.9696440270801485
edf46,17,,free_viewing,,s_boy_boy_cut_vegetables,4579.0,139,1,841.0,841.0,0.030355972919851495
edf46,18,,free_viewing,,o_door_boy_opened_door,4366.0,794,3,1298.0,1298.0,0.18185982592762254
edf46,18,,free_viewing,,s_boy_boy_opened_door,4366.0,3058,4,964.0,964.0,0.7004122766834632
edf46,19,English,sentence_audio,active,o_tabla_child_play_tabla,3919.0,2196,6,6388.0,6388.0,0.5603470273028834
edf46,19,English,sentence_audio,active,s_child_child_play_tabla,3919.0,554,2,5992.0,5992.0,0.14136259249808625
edf46,2,,free_viewing,,o_tabla_child_play_tabla,4029.0,994,4,1658.0,1658.0,0.24671134276495407
edf46,2,,free_viewing,,s_child_child_play_tabla,4029.0,1144,3,1276.0,1276.0,0.28394142467113426
edf46,20,English,sentence_audio,active,o_door_boy_opened_door,4360.0,2230,5,6194.0,6194.0,0.5114678899082569
edf46,20,English,sentence_audio,active,s_boy_boy_opened_door,4360.0,1716,6,5982.0,5982.0,0.39357798165137614
edf46,21,English,sentence_audio,active,o_bucket_boy_filled_bucket,4146.0,2918,4,5630.0,5630.0,0.7038109020742884
edf46,21,English,sentence_audio,active,s_boy_boy_filled_bucket,4146.0,1228,3,6140.0,6140.0,0.2961890979257115
edf46,22,English,sentence_audio,passive,o_dog_girl_fed_dog,4187.0,1275,4,6097.0,6097.0,0.3045139718175304
edf46,22,English,sentence_audio,passive,s_girl_girl_fed_dog,4187.0,1552,2,6666.0,6666.0,0.3706711249104371
edf46,23,English,sentence_audio,passive,o_scooter_driver_wash_scooter,4227.0,3391,2,5979.0,5979.0,0.8022237993849065
edf46,23,English,sentence_audio,passive,s_driver_driver_wash_scooter,4227.0,466,1,6322.0,6322.0,0.11024367163472912
edf46,24,English,sentence_audio,passive,o_picture_artiste_drew_picture,3791.0,1555,4,5259.0,5259.0,0.41018201002374044
edf46,24,English,sentence_audio,passive,s_artiste_artiste_drew_picture,3791.0,2236,4,5674.0,5674.0,0.5898179899762596
edf46,25,English,sentence_audio,passive_dropped_agent,o_tree_girl_plant_tree,4089.0,1686,5,5876.0,5876.0,0.41232575201760824
edf46,25,English,sentence_audio,passive_dropped_agent,s_girl_girl_plant_tree,4089.0,1995,4,5313.0,5313.0,0.48789435069699194
edf46,26,English,sentence_audio,passive_dropped_agent,o_frisbee_child_throw_frisbee,4224.0,346,2,6578.0,6578.0,0.08191287878787878
edf46,26,English,sentence_audio,passive_dropped_agent,s_child_child_throw_frisbee,4224.0,3164,3,6288.0,6288.0,0.7490530303030303
edf46,27,English,sentence_audio,passive_dropped_agent,o_vase_boy_broke_vase,4162.0,1758,4,6070.0,6070.0,0.42239308024987987
edf46,27,English,sentence_audio,passive_dropped_agent,s_boy_boy_broke_vase,4162.0,1636,3,6594.0,6594.0,0.39308024987986545
edf46,28,Punjabi,sentence_audio,active,o_box_man_pushed_box,3888.0,1774,3,6822.0,6822.0,0.45627572016460904
edf46,28,Punjabi,sentence_audio,active,s_man_man_pushed_box,3888.0,1806,4,6428.0,6428.0,0.4645061728395062
edf46,29,Punjabi,sentence_audio,active,o_shrub_man_cut_shrub,4037.0,2845,5,5895.0,5895.0,0.7047312360663859
edf46,29,Punjabi,sentence_audio,active,s_man_man_cut_shrub,4037.0,1192,4,5970.0,5970.0,0.29526876393361406
edf46,3,,free_viewing,,o_cake_girl_baked_cake,4222.0,1683,4,797.0,797.0,0.3986262434864993
edf46,3,,free_viewing,,s_girl_girl_baked_cake,4222.0,1148,3,996.0,996.0,0.2719090478446234
edf46,30,Punjabi,sentence_audio,active,o_window_girl_opened_window,4298.0,2550,2,6400.0,6400.0,0.593299208934388
edf46,30,Punjabi,sentence_audio,active,s_girl_girl_opened_window,4298.0,1748,3,5942.0,5942.0,0.4067007910656119
edf46,31,Punjabi,sentence_audio,passive,o_hole_dog_dug_hole,4196.0,886,3,6146.0,6146.0,0.2111534795042898
edf46,31,Punjabi,sentence_audio,passive,s_dog_dog_dug_hole,4196.0,2278,5,5780.0,5780.0,0.5428979980934223
edf46,32,Punjabi,sentence_audio,passive,o_veg_boy_cut_vegetables,4300.0,2956,3,6344.0,6344.0,0.6874418604651162
edf46,32,Punjabi,sentence_audio,passive,s_boy_boy_cut_vegetables,4300.0,1304,4,5976.0,5976.0,0.3032558139534884
edf46,33,Punjabi,sentence_audio,passive,o_cake_girl_baked_cake,4123.0,2662,4,6046.0,6046.0,0.645646373999515
edf46,33,Punjabi,sentence_audio,passive,s_girl_girl_baked_cake,4123.0,595,3,6510.0,6510.0,0.14431239388794567
edf46,34,Punjabi,sentence_audio,passive_dropped_agent,o_clothes_woman_folded_clothes,3951.0,2913,4,5525.0,5525.0,0.7372817008352316
edf46,34,Punjabi,sentence_audio,passive_dropped_agent,s_woman_woman_folded_clothes,3951.0,1038,3,6040.0,6040.0,0.2627182991647684
edf46,35,Punjabi,sentence_audio,passive_dropped_agent,o_letter_woman_read_letter,3962.0,810,3,5920.0,5920.0,0.204442200908632
edf46,35,Punjabi,sentence_audio,passive_dropped_agent,s_woman_woman_read_letter,3962.0,3152,4,5410.0,5410.0,0.795557799091368
edf46,36,Punjabi,sentence_audio,passive_dropped_agent,o_lamp_girl_light_lamp,4176.0,1480,2,6632.0,6632.0,0.3544061302681992
edf46,36,Punjabi,sentence_audio,passive_dropped_agent,s_girl_girl_lit_lamp,4176.0,2696,3,5946.0,5946.0,0.6455938697318008
edf46,4,,free_viewing,,o_box_man_pushed_box,4160.0,2008,5,1362.0,1362.0,0.4826923076923077
edf46,4,,free_viewing,,s_man_man_pushed_box,4160.0,2152,5,792.0,792.0,0.5173076923076924
edf46,5,,free_viewing,,o_window_girl_opened_window,3456.0,1717,5,1454.0,1454.0,0.49681712962962965
edf46,5,,free_viewing,,s_girl_girl_opened_window,3456.0,1478,5,1222.0,1222.0,0.42766203703703703
edf46,6,,free_viewing,,o_vase_boy_broke_vase,3784.0,2070,7,898.0,898.0,0.5470401691331924
edf46,6,,free_viewing,,s_boy_boy_broke_vase,3784.0,1714,6,1176.0,1176.0,0.45295983086680763
edf46,7,,free_viewing,,o_bucket_boy_filled_bucket,4255.0,2734,5,1038.0,1038.0,0.6425381903642773
edf46,7,,free_viewing,,s_boy_boy_filled_bucket,4255.0,1349,5,1506.0,1506.0,0.3170387779083431
edf46,8,,free_viewing,,o_tree_girl_plant_tree,4114.0,2472,3,1138.0,1138.0,0.6008750607681089
edf46,8,,free_viewing,,s_girl_girl_plant_tree,4114.0,1030,2,964.0,964.0,0.25036460865337873
edf46,9,,free_viewing,,o_clothes_woman_folded_clothes,3983.0,2235,3,1494.0,1494.0,0.5611348229977404
edf46,9,,free_viewing,,s_woman_woman_folded_clothes,3983.0,1748,3,1244.0,1244.0,0.4388651770022596
edf47,1,,free_viewing,,o_bucket_boy_filled_bucket,4657.0,2761,3,1107.0,1107.0,0.5928709469615633
edf47,1,,free_viewing,,s_boy_boy_filled_bucket,4657.0,1684,2,2432.0,2432.0,0.3616061842387803
edf47,10,,free_viewing,,o_tabla_child_play_tabla,4659.0,652,2,1338.0,1338.0,0.1399441940330543
edf47,10,,free_viewing,,s_child_child_play_tabla,4659.0,2712,2,1592.0,1592.0,0.5820991629104958
edf47,11,,free_viewing,,o_dog_girl_fed_dog,4703.0,1987,2,1292.0,1292.0,0.42249627897086967
edf47,11,,free_viewing,,s_girl_girl_fed_dog,4703.0,2000,1,1892.0,1892.0,0.425260472039124
edf47,12,,free_viewing,,o_tree_girl_plant_tree,4438.0,2000,2,1428.0,1428.0,0.45065344749887337
edf47,12,,free_viewing,,s_girl_girl_plant_tree,4438.0,1982,3,1024.0,1024.0,0.4465975664713835
edf47,13,,free_viewing,,o_box_man_pushed_box,4826.0,4011,2,1180.0,1180.0,0.8311230832987981
edf47,13,,free_viewing,,s_man_man_pushed_box,4826.0,815,2,757.0,757.0,0.16887691670120183
edf47,14,,free_viewing,,o_hole_dog_dug_hole,4539.0,2874,3,1246.0,1246.0,0.6331791143423662
edf47,14,,free_viewing,,s_dog_dog_dug_hole,4539.0,1665,4,758.0,758.0,0.3668208856576338
edf47,15,,free_viewing,,o_shrub_man_cut_shrub,4703.0,4076,2,1426.0,1426.0,0.8666808420157346
edf47,15,,free_viewing,,s_man_man_cut_shrub,4703.0,627,2,1105.0,1105.0,0.13331915798426536
edf47,16,,free_viewing,,o_cake_girl_baked_cake,4794.0,700,1,1462.0,1462.0,0.14601585314977056
edf47,16,,free_viewing,,s_girl_girl_baked_cake,4794.0,2852,1,2880.0,2880.0,0.5949103045473508
edf47,17,,free_viewing,,o_vase_boy_broke_vase,4684.0,4684,1,864.0,864.0,1.0
edf47,17,,free_viewing,,s_boy_boy_broke_vase,4684.0,0,0,,,0.0
edf47,18,,free_viewing,,o_frisbee_child_throw_frisbee,4562.0,344,1,1712.0,1712.0,0.07540552389302937
edf47,18,,free_viewing,,s_child_child_throw_frisbee,4562.0,4218,2,1030.0,1030.0,0.9245944761069707
edf47,19,English,sentence_audio,passive,o_tabla_child_play_tabla,4562.0,1416,3,5956.0,5956.0,0.3103901797457256
edf47,19,English,sentence_audio,passive,s_child_child_play_tabla,4562.0,2846,3,6216.0,6216.0,0.623849188952214
edf47,2,,free_viewing,,o_window_girl_opened_window,4548.0,1928,4,1626.0,1626.0,0.4239226033421284
edf47,2,,free_viewing,,s_girl_girl_opened_window,4548.0,2347,5,1424.0,1424.0,0.5160510114335972
edf47,20,English,sentence_audio,passive,o_door_boy_opened_door,4786.0,3326,2,5190.0,5190.0,0.6949435854575846
edf47,20,English,sentence_audio,passive,s_boy_boy_opened_door,4786.0,0,0,,,0.0
edf47,21,English,sentence_audio,passive,o_bucket_boy_filled_bucket,4759.0,1602,3,5804.0,5804.0,0.33662534145828954
edf47,21,English,sentence_audio,passive,s_boy_boy_filled_bucket,4759.0,1884,2,5926.0,5926.0,0.3958814877075016
edf47,22,English,sentence_audio,passive_dropped_agent,o_dog_girl_fed_dog,4689.0,2908,3,5962.0,5962.0,0.6201748773725742
edf47,22,English,sentence_audio,passive_dropped_agent,s_girl_girl_fed_dog,4689.0,862,1,6466.0,6466.0,0.18383450629132012
edf47,23,English,sentence_audio,passive_dropped_agent,o_scooter_driver_wash_scooter,4511.0,3655,2,5624.0,5624.0,0.81024163156728
edf47,23,English,sentence_audio,passive_dropped_agent,s_driver_driver_wash_scooter,4511.0,230,1,8054.0,8054.0,0.0509864774994458
edf47,24,English,sentence_audio,passive_dropped_agent,o_picture_artiste_drew_picture,4563.0,3133,4,6046.0,6046.0,0.6866096866096866
edf47,24,English,sentence_audio,passive_dropped_agent,s_artiste_artiste_drew_picture,4563.0,748,1,7186.0,7186.0,0.16392724085031776
edf47,25,Punjabi,sentence_audio,active,o_tree_girl_plant_tree,4659.0,2586,1,6148.0,6148.0,0.5550547327752736
edf47,25,Punjabi,sentence_audio,active,s_girl_girl_plant_tree,4659.0,2073,2,5872.0,5872.0,0.4449452672247263
edf47,26,Punjabi,sentence_audio,active,o_frisbee_child_throw_frisbee,4745.0,0,0,,,0.0
edf47,26,Punjabi,sentence_audio,active,s_child_child_throw_frisbee,4745.0,4745,1,5379.0,5379.0,1.0
edf47,27,Punjabi,sentence_audio,active,o_vase_boy_broke_vase,4748.0,4450,2,5316.0,5316.0,0.9372367312552654
edf47,27,Punjabi,sentence_audio,active,s_boy_boy_broke_vase,4748.0,298,1,6192.0,6192.0,0.06276326874473462
edf47,28,Punjabi,sentence_audio,passive,o_box_man_pushed_box,4654.0,4346,2,5857.0,5857.0,0.9338203695745595
edf47,28,Punjabi,sentence_audio,passive,s_man_man_pushed_box,4654.0,308,1,6500.0,6500.0,0.06617963042544048
edf47,29,Punjabi,sentence_audio,passive,o_shrub_man_cut_shrub,4556.0,2134,2,5784.0,5784.0,0.4683933274802458
edf47,29,Punjabi,sentence_audio,passive,s_man_man_cut_shrub,4556.0,2422,3,5502.0,5502.0,0.5316066725197541
edf47,3,,free_viewing,,o_lamp_girl_light_lamp,4524.0,724,2,1766.0,1766.0,0.16003536693191867
edf47,3,,free_viewing,,s_girl_girl_lit_lamp,4524.0,3800,3,1123.0,1123.0,0.8399646330680813
edf47,30,Punjabi,sentence_audio,passive,o_window_girl_opened_window,4600.0,3022,5,5335.0,5335.0,0.6569565217391304
edf47,30,Punjabi,sentence_audio,passive,s_girl_girl_opened_window,4600.0,596,2,5646.0,5646.0,0.12956521739130436
edf47,31,Punjabi,sentence_audio,passive_dropped_agent,o_hole_dog_dug_hole,4568.0,114,1,6034.0,6034.0,0.024956217162872153
edf47,31,Punjabi,sentence_audio,passive_dropped_agent,s_dog_dog_dug_hole,4568.0,3339,2,6606.0,6606.0,0.7309544658493871
edf47,32,Punjabi,sentence_audio,passive_dropped_agent,o_veg_boy_cut_vegetables,4566.0,2918,2,6098.0,6098.0,0.6390713972842751
edf47,32,Punjabi,sentence_audio,passive_dropped_agent,s_boy_boy_cut_vegetables,4566.0,1648,3,5773.0,5773.0,0.3609286027157249
edf47,33,Punjabi,sentence_audio,passive_dropped_agent,o_cake_girl_baked_cake,4681.0,0,0,,,0.0
edf47,33,Punjabi,sentence_audio,passive_dropped_agent,s_girl_girl_baked_cake,4681.0,3154,1,5900.0,5900.0,0.673787652211066
edf47,34,English,sentence_audio,active,o_clothes_woman_folded_clothes,4696.0,850,2,5856.0,5856.0,0.18100511073253833
edf47,34,English,sentence_audio,active,s_woman_woman_folded_clothes,4696.0,3599,2,6102.0,6102.0,0.766396933560477
edf47,35,English,sentence_audio,active,o_letter_woman_read_letter,4836.0,0,0,,,0.0
edf47,35,English,sentence_audio,active,s_woman_woman_read_letter,4836.0,4836,1,5926.0,5926.0,1.0
edf47,36,English,sentence_audio,active,o_lamp_girl_light_lamp,4560.0,1084,2,6456.0,6456.0,0.23771929824561402
edf47,36,English,sentence_audio,active,s_girl_girl_lit_lamp,4560.0,3476,3,6139.0,6139.0,0.762280701754386
edf47,4,,free_viewing,,o_scooter_driver_wash_scooter,4507.0,3903,2,726.0,726.0,0.8659862436210339
edf47,4,,free_viewing,,s_driver_driver_wash_scooter,4507.0,604,1,2624.0,2624.0,0.13401375637896606
edf47,5,,free_viewing,,o_picture_artiste_drew_picture,4517.0,1513,4,823.0,823.0,0.33495682975426166
edf47,5,,free_viewing,,s_artiste_artiste_drew_picture,4517.0,1936,3,1920.0,1920.0,0.428603055125083
edf47,6,,free_viewing,,o_clothes_woman_folded_clothes,4620.0,1283,3,2192.0,2192.0,0.27770562770562773
edf47,6,,free_viewing,,s_woman_woman_folded_clothes,4620.0,2558,3,1398.0,1398.0,0.5536796536796537
edf47,7,,free_viewing,,o_veg_boy_cut_vegetables,4525.0,2846,2,1112.0,1112.0,0.628950276243094
edf47,7,,free_viewing,,s_boy_boy_cut_vegetables,4525.0,1679,3,760.0,760.0,0.3710497237569061
edf47,8,,free_viewing,,o_letter_woman_read_letter,4592.0,442,1,4004.0,4004.0,0.09625435540069686
edf47,8,,free_viewing,,s_woman_woman_read_letter,4592.0,4150,2,1058.0,1058.0,0.9037456445993032
edf47,9,,free_viewing,,o_door_boy_opened_door,4815.0,3901,3,1074.0,1074.0,0.8101765316718588
edf47,9,,free_viewing,,s_boy_boy_opened_door,4815.0,914,2,1546.0,1546.0,0.18982346832814123
edf48,1,,free_viewing,,o_clothes_woman_folded_clothes,3968.0,2188,3,1420.0,1420.0,0.5514112903225806
edf48,1,,free_viewing,,s_woman_woman_folded_clothes,3968.0,1780,2,1884.0,1884.0,0.4485887096774194
edf48,10,,free_viewing,,o_lamp_girl_light_lamp,3606.0,2084,3,1058.0,1058.0,0.5779256794231836
edf48,10,,free_viewing,,s_girl_girl_lit_lamp,3606.0,1156,2,2322.0,2322.0,0.32057681641708263
edf48,11,,free_viewing,,o_frisbee_child_throw_frisbee,3717.0,2210,3,1516.0,1516.0,0.5945655098197471
edf48,11,,free_viewing,,s_child_child_throw_frisbee,3717.0,894,3,1308.0,1308.0,0.24051654560129138
edf48,12,,free_viewing,,o_tree_girl_plant_tree,3961.0,1226,2,1210.0,1210.0,0.3095177985357233
edf48,12,,free_viewing,,s_girl_girl_plant_tree,3961.0,2426,2,2480.0,2480.0,0.6124715980812926
edf48,13,,free_viewing,,o_cake_girl_baked_cake,3747.0,1522,4,866.0,866.0,0.40619161996263675
edf48,13,,free_viewing,,s_girl_girl_baked_cake,3747.0,1102,2,1008.0,1008.0,0.2941019482252469
edf48,14,,free_viewing,,o_box_man_pushed_box,3820.0,1574,1,2902.0,2902.0,0.4120418848167539
edf48,14,,free_viewing,,s_man_man_pushed_box,3820.0,1624,2,1094.0,1094.0,0.42513089005235605
edf48,15,,free_viewing,,o_letter_woman_read_letter,4109.0,1068,2,1092.0,1092.0,0.2599172548065223
edf48,15,,free_viewing,,s_woman_woman_read_letter,4109.0,2647,3,1360.0,1360.0,0.6441956680457532
edf48,16,,free_viewing,,o_door_boy_opened_door,4027.0,904,3,1590.0,1590.0,0.22448472808542339
edf48,16,,free_viewing,,s_boy_boy_opened_door,4027.0,2750,3,1220.0,1220.0,0.6828904891979141
edf48,17,,free_viewing,,o_picture_artiste_drew_picture,3901.0,2557,2,1112.0,1112.0,0.6554729556523968
edf48,17,,free_viewing,,s_artiste_artiste_drew_picture,3901.0,1020,1,1952.0,1952.0,0.26147141758523457
edf48,18,,free_viewing,,o_tabla_child_play_tabla,3975.0,2743,2,1372.0,1372.0,0.690062893081761
edf48,18,,free_viewing,,s_child_child_play_tabla,3975.0,652,1,2666.0,2666.0,0.16402515723270442
edf48,19,English,sentence_audio,passive_dropped_agent,o_tabla_child_play_tabla,3702.0,2721,4,6344.0,6344.0,0.7350081037277147
edf48,19,English,sentence_audio,passive_dropped_agent,s_child_child_play_tabla,3702.0,786,3,6812.0,6812.0,0.21231766612641814
edf48,2,,free_viewing,,o_scooter_driver_wash_scooter,3892.0,2022,2,1186.0,1186.0,0.5195272353545735
edf48,2,,free_viewing,,s_driver_driver_wash_scooter,3892.0,1870,1,2258.0,2258.0,0.48047276464542654
edf48,20,English,sentence_audio,passive_dropped_agent,o_door_boy_opened_door,3606.0,466,1,7052.0,7052.0,0.12922906267332224
edf48,20,English,sentence_audio,passive_dropped_agent,s_boy_boy_opened_door,3606.0,2900,2,6400.0,6400.0,0.8042151968940654
edf48,21,English,sentence_audio,passive_dropped_agent,o_bucket_boy_filled_bucket,3801.0,3365,3,5972.0,5972.0,0.8852933438568797
edf48,21,English,sentence_audio,passive_dropped_agent,s_boy_boy_filled_bucket,3801.0,436,2,7000.0,7000.0,0.11470665614312023
edf48,22,Punjabi,sentence_audio,active,o_dog_girl_fed_dog,3500.0,314,2,6488.0,6488.0,0.08971428571428572
edf48,22,Punjabi,sentence_audio,active,s_girl_girl_fed_dog,3500.0,972,2,7152.0,7152.0,0.2777142857142857
edf48,23,Punjabi,sentence_audio,active,o_scooter_driver_wash_scooter,3574.0,1156,3,5620.0,5620.0,0.323447118074986
edf48,23,Punjabi,sentence_audio,active,s_driver_driver_wash_scooter,3574.0,1696,2,6374.0,6374.0,0.4745383324006715
edf48,24,Punjabi,sentence_audio,active,o_picture_artiste_drew_picture,3681.0,1056,3,5964.0,5964.0,0.28687856560717195
edf48,24,Punjabi,sentence_audio,active,s_artiste_artiste_drew_picture,3681.0,1962,3,6888.0,6888.0,0.5330073349633252
edf48,25,Punjabi,sentence_audio,passive,o_tree_girl_plant_tree,3748.0,1638,2,6184.0,6184.0,0.43703308431163285
edf48,25,Punjabi,sentence_audio,passive,s_girl_girl_plant_tree,3748.0,1152,1,7298.0,7298.0,0.3073639274279616
edf48,26,Punjabi,sentence_audio,passive,o_frisbee_child_throw_frisbee,3536.0,1552,2,6152.0,6152.0,0.43891402714932126
edf48,26,Punjabi,sentence_audio,passive,s_child_child_throw_frisbee,3536.0,1898,3,5886.0,5886.0,0.5367647058823529
edf48,27,Punjabi,sentence_audio,passive,o_vase_boy_broke_vase,3568.0,2086,2,6134.0,6134.0,0.5846412556053812
edf48,27,Punjabi,sentence_audio,passive,s_boy_boy_broke_vase,3568.0,1482,2,6790.0,6790.0,0.41535874439461884
edf48,28,Punjabi,sentence_audio,passive_dropped_agent,o_box_man_pushed_box,3483.0,274,1,7660.0,7660.0,0.07866781510192362
edf48,28,Punjabi,sentence_audio,passive_dropped_agent,s_man_man_pushed_box,3483.0,3209,2,5632.0,5632.0,0.9213321848980763
edf48,29,Punjabi,sentence_audio,passive_dropped_agent,o_shrub_man_cut_shrub,3854.0,3452,2,5910.0,5910.0,0.8956927867151012
edf48,29,Punjabi,sentence_audio,passive_dropped_agent,s_man_man_cut_shrub,3854.0,146,1,10372.0,10372.0,0.03788271925272444
edf48,3,,free_viewing,,o_hole_dog_dug_hole,3641.0,1404,2,1364.0,1364.0,0.38560834935457294
edf48,3,,free_viewing,,s_dog_dog_dug_hole,3641.0,1593,3,1012.0,1012.0,0.43751716561384235
edf48,30,Punjabi,sentence_audio,passive_dropped_agent,o_window_girl_opened_window,3570.0,0,0,,,0.0
edf48,30,Punjabi,sentence_audio,passive_dropped_agent,s_girl_girl_opened_window,3570.0,3570,1,5540.0,5540.0,1.0
edf48,31,English,sentence_audio,active,o_hole_dog_dug_hole,3594.0,1266,2,5978.0,5978.0,0.35225375626043404
edf48,31,English,sentence_audio,active,s_dog_dog_dug_hole,3594.0,1586,2,5520.0,5520.0,0.44129104062326097
edf48,32,English,sentence_audio,active,o_veg_boy_cut_vegetables,3360.0,3116,1,6092.0,6092.0,0.9273809523809524
edf48,32,English,sentence_audio,active,s_boy_boy_cut_vegetables,3360.0,0,0,,,0.0
edf48,33,English,sentence_audio,active,o_cake_girl_baked_cake,3740.0,455,2,5791.0,5791.0,0.12165775401069519
edf48,33,English,sentence_audio,active,s_girl_girl_baked_cake,3740.0,3013,2,6054.0,6054.0,0.8056149732620321
edf48,34,English,sentence_audio,passive,o_clothes_woman_folded_clothes,3428.0,2482,2,6344.0,6344.0,0.7240373395565928
edf48,34,English,sentence_audio,passive,s_woman_woman_folded_clothes,3428.0,946,2,7104.0,7104.0,0.2759626604434072
edf48,35,English,sentence_audio,passive,o_letter_woman_read_letter,3382.0,926,3,5602.0,5602.0,0.2738024837374335
edf48,35,English,sentence_audio,passive,s_woman_woman_read_letter,3382.0,2338,2,6058.0,6058.0,0.6913069189828503
edf48,36,English,sentence_audio,passive,o_lamp_girl_light_lamp,3635.0,2903,2,6146.0,6146.0,0.7986244841815681
edf48,36,English,sentence_audio,passive,s_girl_girl_lit_lamp,3635.0,480,1,7580.0,7580.0,0.13204951856946354
edf48,4,,free_viewing,,o_vase_boy_broke_vase,4017.0,2489,3,726.0,726.0,0.6196166293253672
edf48,4,,free_viewing,,s_boy_boy_broke_vase,4017.0,1528,2,1136.0,1136.0,0.3803833706746328
edf48,5,,free_viewing,,o_shrub_man_cut_shrub,3915.0,2098,3,1546.0,1546.0,0.5358876117496807
edf48,5,,free_viewing,,s_man_man_cut_shrub,3915.0,914,3,1386.0,1386.0,0.2334610472541507
edf48,6,,free_viewing,,o_dog_girl_fed_dog,3854.0,1543,4,1554.0,1554.0,0.40036325895173847
edf48,6,,free_viewing,,s_girl_girl_fed_dog,3854.0,564,2,1344.0,1344.0,0.14634146341463414
edf48,7,,free_viewing,,o_bucket_boy_filled_bucket,3969.0,2776,3,908.0,908.0,0.6994205089443185
edf48,7,,free_viewing,,s_boy_boy_filled_bucket,3969.0,581,1,5220.0,5220.0,0.14638447971781304
edf48,8,,free_viewing,,o_veg_boy_cut_vegetables,3878.0,3282,2,1188.0,1188.0,0.8463125322331099
edf48,8,,free_viewing,,s_boy_boy_cut_vegetables,3878.0,480,2,1026.0,1026.0,0.12377514182568335
edf48,9,,free_viewing,,o_window_girl_opened_window,3850.0,1700,1,2444.0,2444.0,0.44155844155844154
edf48,9,,free_viewing,,s_girl_girl_opened_window,3850.0,2150,2,1142.0,1142.0,0.5584415584415584
edf49,1,,free_viewing,,o_box_man_pushed_box,3762.0,1289,5,1282.0,1282.0,0.34263689526847424
edf49,1,,free_viewing,,s_man_man_pushed_box,3762.0,2473,5,891.0,891.0,0.6573631047315258
edf49,10,,free_viewing,,o_window_girl_opened_window,4553.0,1394,2,1772.0,1772.0,0.30617175488688775
edf49,10,,free_viewing,,s_girl_girl_opened_window,4553.0,2918,3,1174.0,1174.0,0.6408961124533274
edf49,11,,free_viewing,,o_letter_woman_read_letter,4504.0,280,1,3354.0,3354.0,0.06216696269982238
edf49,11,,free_viewing,,s_woman_woman_read_letter,4504.0,3880,3,1114.0,1114.0,0.8614564831261101
edf49,12,,free_viewing,,o_veg_boy_cut_vegetables,4550.0,1618,3,1950.0,1950.0,0.3556043956043956
edf49,12,,free_viewing,,s_boy_boy_cut_vegetables,4550.0,2932,4,1132.0,1132.0,0.6443956043956044
edf49,13,,free_viewing,,o_dog_girl_fed_dog,4535.0,2661,4,972.0,972.0,0.5867695700110254
edf49,13,,free_viewing,,s_girl_girl_fed_dog,4535.0,1198,2,1228.0,1228.0,0.264167585446527
edf49,14,,free_viewing,,o_hole_dog_dug_hole,4236.0,978,2,1194.0,1194.0,0.23087818696883852
edf49,14,,free_viewing,,s_dog_dog_dug_hole,4236.0,1748,4,1000.0,1000.0,0.4126534466477809
edf49,15,,free_viewing,,o_bucket_boy_filled_bucket,4455.0,1872,4,1402.0,1402.0,0.4202020202020202
edf49,15,,free_viewing,,s_boy_boy_filled_bucket,4455.0,2061,4,1588.0,1588.0,0.4626262626262626
edf49,16,,free_viewing,,o_cake_girl_baked_cake,4309.0,732,2,1356.0,1356.0,0.16987700162450683
edf49,16,,free_viewing,,s_girl_girl_baked_cake,4309.0,2989,2,1614.0,1614.0,0.6936644233000696
edf49,17,,free_viewing,,o_lamp_girl_light_lamp,4199.0,2084,4,1040.0,1040.0,0.49630864491545607
edf49,17,,free_viewing,,s_girl_girl_lit_lamp,4199.0,2115,5,787.0,787.0,0.503691355084544
edf49,18,,free_viewing,,o_frisbee_child_throw_frisbee,4104.0,330,1,1502.0,1502.0,0.0804093567251462
edf49,18,,free_viewing,,s_child_child_throw_frisbee,4104.0,3424,3,940.0,940.0,0.834307992202729
edf49,19,Punjabi,sentence_audio,active,o_letter_woman_read_letter,4464.0,674,2,6138.0,6138.0,0.15098566308243727
edf49,19,Punjabi,sentence_audio,active,s_woman_woman_read_letter,4464.0,3790,3,5623.0,5623.0,0.8490143369175627
edf49,2,,free_viewing,,o_vase_boy_broke_vase,4472.0,2720,6,976.0,976.0,0.6082289803220036
edf49,2,,free_viewing,,s_boy_boy_broke_vase,4472.0,1508,5,1488.0,1488.0,0.3372093023255814
edf49,20,Punjabi,sentence_audio,active,o_bucket_boy_filled_bucket,4289.0,1409,2,5933.0,5933.0,0.3285148053159245
edf49,20,Punjabi,sentence_audio,active,s_boy_boy_filled_bucket,4289.0,2304,5,6652.0,6652.0,0.5371881557472604
edf49,21,Punjabi,sentence_audio,active,o_clothes_woman_folded_clothes,4191.0,1930,5,5410.0,5410.0,0.46051061799093296
edf49,21,Punjabi,sentence_audio,active,s_woman_woman_folded_clothes,4191.0,1523,5,5672.0,5672.0,0.3633977570985445
edf49,22,Punjabi,sentence_audio,passive,o_door_boy_opened_door,3999.0,1339,4,5790.0,5790.0,0.3348337084271068
edf49,22,Punjabi,sentence_audio,passive,s_boy_boy_opened_door,3999.0,2388,4,5426.0,5426.0,0.5971492873218305
edf49,23,Punjabi,sentence_audio,passive,o_lamp_girl_light_lamp,4138.0,2778,5,5560.0,5560.0,0.6713388110198163
edf49,23,Punjabi,sentence_audio,passive,s_girl_girl_lit_lamp,4138.0,1218,5,5290.0,5290.0,0.2943450942484292
edf49,24,Punjabi,sentence_audio,passive,o_scooter_driver_wash_scooter,3818.0,2556,4,6082.0,6082.0,0.6694604504976427
edf49,24,Punjabi,sentence_audio,passive,s_driver_driver_wash_scooter,3818.0,1262,4,6314.0,6314.0,0.33053954950235725
edf49,25,Punjabi,sentence_audio,passive_dropped_agent,o_box_man_pushed_box,4276.0,1014,3,6588.0,6588.0,0.23713751169317118
edf49,25,Punjabi,sentence_audio,passive_dropped_agent,s_man_man_pushed_box,4276.0,1726,3,6776.0,6776.0,0.4036482694106642
edf49,26,Punjabi,sentence_audio,passive_dropped_agent,o_tree_girl_plant_tree,4324.0,3050,4,6398.0,6398.0,0.7053654024051804
edf49,26,Punjabi,sentence_audio,passive_dropped_agent,s_girl_girl_plant_tree,4324.0,714,2,6092.0,6092.0,0.16512488436632747
edf49,27,Punjabi,sentence_audio,passive_dropped_agent,o_shrub_man_cut_shrub,4132.0,3022,3,6338.0,6338.0,0.7313649564375605
edf49,27,Punjabi,sentence_audio,passive_dropped_agent,s_man_man_cut_shrub,4132.0,1110,3,6122.0,6122.0,0.2686350435624395
edf49,28,English,sentence_audio,active,o_hole_dog_dug_hole,4104.0,757,2,6232.0,6232.0,0.1844541910331384
edf49,28,English,sentence_audio,active,s_dog_dog_dug_hole,4104.0,1535,5,5961.0,5961.0,0.37402534113060426
edf49,29,English,sentence_audio,active,o_frisbee_child_throw_frisbee,4280.0,1242,4,6612.0,6612.0,0.29018691588785045
edf49,29,English,sentence_audio,active,s_child_child_throw_frisbee,4280.0,2648,6,6052.0,6052.0,0.6186915887850467
edf49,3,,free_viewing,,o_picture_artiste_drew_picture,4350.0,2830,5,942.0,942.0,0.6505747126436782
edf49,3,,free_viewing,,s_artiste_artiste_drew_picture,4350.0,1520,4,1218.0,1218.0,0.34942528735632183
edf49,30,English,sentence_audio,active,o_tabla_child_play_tabla,4131.0,1252,3,5492.0,5492.0,0.30307431614621155
edf49,30,English,sentence_audio,active,s_child_child_play_tabla,4131.0,1784,3,5670.0,5670.0,0.4318566932946018
edf49,31,English,sentence_audio,passive,o_picture_artiste_drew_picture,4432.0,1994,4,6120.0,6120.0,0.4499097472924188
edf49,31,English,sentence_audio,passive,s_artiste_artiste_drew_picture,4432.0,2180,4,6610.0,6610.0,0.4918772563176895
edf49,32,English,sentence_audio,passive,o_cake_girl_baked_cake,4754.0,1536,3,6004.0,6004.0,0.3230963399242743
edf49,32,English,sentence_audio,passive,s_girl_girl_baked_cake,4754.0,2966,2,6504.0,6504.0,0.6238956668068995
edf49,33,English,sentence_audio,passive,o_window_girl_opened_window,4095.0,1508,3,6308.0,6308.0,0.3682539682539683
edf49,33,English,sentence_audio,passive,s_girl_girl_opened_window,4095.0,2083,4,5683.0,5683.0,0.5086691086691086
edf49,34,English,sentence_audio,passive_dropped_agent,o_dog_girl_fed_dog,4325.0,1988,5,5930.0,5930.0,0.45965317919075144
edf49,34,English,sentence_audio,passive_dropped_agent,s_girl_girl_fed_dog,4325.0,263,1,9960.0,9960.0,0.06080924855491329
edf49,35,English,sentence_audio,passive_dropped_agent,o_veg_boy_cut_vegetables,4427.0,3594,2,6204.0,6204.0,0.8118364580980348
edf49,35,English,sentence_audio,passive_dropped_agent,s_boy_boy_cut_vegetables,4427.0,681,2,5917.0,5917.0,0.15382877795346736
edf49,36,English,sentence_audio,passive_dropped_agent,o_vase_boy_broke_vase,4459.0,2719,5,6005.0,6005.0,0.6097779771249159
edf49,36,English,sentence_audio,passive_dropped_agent,s_boy_boy_broke_vase,4459.0,1740,4,6520.0,6520.0,0.3902220228750841
edf49,4,,free_viewing,,o_door_boy_opened_door,4465.0,1617,6,1145.0,1145.0,0.36215005599104144
edf49,4,,free_viewing,,s_boy_boy_opened_door,4465.0,2580,5,1360.0,1360.0,0.5778275475923852
edf49,5,,free_viewing,,o_scooter_driver_wash_scooter,4389.0,2681,3,943.0,943.0,0.6108452950558214
edf49,5,,free_viewing,,s_driver_driver_wash_scooter,4389.0,1366,3,1436.0,1436.0,0.3112326270221007
edf49,6,,free_viewing,,o_clothes_woman_folded_clothes,4664.0,1022,2,1490.0,1490.0,0.21912521440823327
edf49,6,,free_viewing,,s_woman_woman_folded_clothes,4664.0,2370,2,1876.0,1876.0,0.508147512864494
edf49,7,,free_viewing,,o_tabla_child_play_tabla,4265.0,1216,3,1748.0,1748.0,0.2851113716295428
edf49,7,,free_viewing,,s_child_child_play_tabla,4265.0,1444,4,1462.0,1462.0,0.3385697538100821
edf49,8,,free_viewing,,o_tree_girl_plant_tree,4330.0,1440,3,1336.0,1336.0,0.3325635103926097
edf49,8,,free_viewing,,s_girl_girl_plant_tree,4330.0,1516,5,1098.0,1098.0,0.35011547344110855
edf49,9,,free_viewing,,o_shrub_man_cut_shrub,4456.0,2225,3,1200.0,1200.0,0.499326750448833
edf49,9,,free_viewing,,s_man_man_cut_shrub,4456.0,2231,3,895.0,895.0,0.500673249551167
edf50,1,,free_viewing,,o_hole_dog_dug_hole,4084.0,694,2,1250.0,1250.0,0.16993143976493633
edf50,1,,free_viewing,,s_dog_dog_dug_hole,4084.0,666,2,910.0,910.0,0.16307541625857003
edf50,10,,free_viewing,,o_vase_boy_broke_vase,3946.0,3140,3,872.0,872.0,0.7957425240750127
edf50,10,,free_viewing,,s_boy_boy_broke_vase,3946.0,736,2,1550.0,1550.0,0.1865179929042068
edf50,11,,free_viewing,,o_clothes_woman_folded_clothes,4302.0,2738,2,944.0,944.0,0.6364481636448164
edf50,11,,free_viewing,,s_woman_woman_folded_clothes,4302.0,1564,1,1636.0,1636.0,0.3635518363551836
edf50,12,,free_viewing,,o_veg_boy_cut_vegetables,4754.0,4409,1,1302.0,1302.0,0.9274295330248212
edf50,12,,free_viewing,,s_boy_boy_cut_vegetables,4754.0,0,0,,,0.0
edf50,13,,free_viewing,,o_door_boy_opened_door,3582.0,752,3,1086.0,1086.0,0.20993858179787828
edf50,13,,free_viewing,,s_boy_boy_opened_door,3582.0,2830,3,1254.0,1254.0,0.7900614182021217
edf50,14,,free_viewing,,o_box_man_pushed_box,3875.0,948,2,3400.0,3400.0,0.24464516129032257
edf50,14,,free_viewing,,s_man_man_pushed_box,3875.0,1925,4,783.0,783.0,0.4967741935483871
edf50,15,,free_viewing,,o_cake_girl_baked_cake,3817.0,1954,2,2606.0,2606.0,0.5119203563007597
edf50,15,,free_viewing,,s_girl_girl_baked_cake,3817.0,468,1,2076.0,2076.0,0.12260937909352895
edf50,16,,free_viewing,,o_lamp_girl_light_lamp,4274.0,984,2,882.0,882.0,0.23022929340196538
edf50,16,,free_viewing,,s_girl_girl_lit_lamp,4274.0,2256,1,1326.0,1326.0,0.5278427702386523
edf50,17,,free_viewing,,o_picture_artiste_drew_picture,4294.0,3479,2,1394.0,1394.0,0.8102002794597112
edf50,17,,free_viewing,,s_artiste_artiste_drew_picture,4294.0,172,1,2202.0,2202.0,0.040055891942244994
edf50,18,,free_viewing,,o_tree_girl_plant_tree,4038.0,3394,1,1444.0,1444.0,0.8405151064883606
edf50,18,,free_viewing,,s_girl_girl_plant_tree,4038.0,406,2,1030.0,1030.0,0.10054482417038138
edf50,19,Punjabi,sentence_audio,passive,o_letter_woman_read_letter,2932.0,456,2,6498.0,6498.0,0.15552523874488403
edf50,19,Punjabi,sentence_audio,passive,s_woman_woman_read_letter,2932.0,2176,4,5410.0,5410.0,0.7421555252387448
edf50,2,,free_viewing,,o_frisbee_child_throw_frisbee,3805.0,1007,3,1318.0,1318.0,0.26465177398160317
edf50,2,,free_viewing,,s_child_child_throw_frisbee,3805.0,1530,4,1158.0,1158.0,0.4021024967148489
edf50,20,Punjabi,sentence_audio,passive,o_bucket_boy_filled_bucket,3794.0,2230,4,6116.0,6116.0,0.5877701634159199
edf50,20,Punjabi,sentence_audio,passive,s_boy_boy_filled_bucket,3794.0,1232,2,7578.0,7578.0,0.3247232472324723
edf50,21,Punjabi,sentence_audio,passive,o_clothes_woman_folded_clothes,3513.0,1664,3,6610.0,6610.0,0.4736692285795616
edf50,21,Punjabi,sentence_audio,passive,s_woman_woman_folded_clothes,3513.0,1480,2,6930.0,6930.0,0.42129234272701394
edf50,22,Punjabi,sentence_audio,passive_dropped_agent,o_door_boy_opened_door,4411.0,373,2,6159.0,6159.0,0.08456132396282022
edf50,22,Punjabi,sentence_audio,passive_dropped_agent,s_boy_boy_opened_door,4411.0,4038,2,6340.0,6340.0,0.9154386760371798
edf50,23,Punjabi,sentence_audio,passive_dropped_agent,o_lamp_girl_light_lamp,3308.0,1154,3,6382.0,6382.0,0.34885126964933494
edf50,23,Punjabi,sentence_audio,passive_dropped_agent,s_girl_girl_lit_lamp,3308.0,606,3,6278.0,6278.0,0.18319226118500603
edf50,24,Punjabi,sentence_audio,passive_dropped_agent,o_scooter_driver_wash_scooter,3774.0,3546,1,6182.0,6182.0,0.9395866454689984
edf50,24,Punjabi,sentence_audio,passive_dropped_agent,s_driver_driver_wash_scooter,3774.0,228,1,10812.0,10812.0,0.06041335453100159
edf50,25,English,sentence_audio,active,o_box_man_pushed_box,3257.0,1087,4,6286.0,6286.0,0.33374270801350936
edf50,25,English,sentence_audio,active,s_man_man_pushed_box,3257.0,926,3,5928.0,5928.0,0.2843107153822536
edf50,26,English,sentence_audio,active,o_tree_girl_plant_tree,3967.0,1548,1,5194.0,5194.0,0.39021930930173937
edf50,26,English,sentence_audio,active,s_girl_girl_plant_tree,3967.0,1951,1,8144.0,8144.0,0.49180741114192084
edf50,27,English,sentence_audio,active,o_shrub_man_cut_shrub,3358.0,1870,2,5734.0,5734.0,0.5568790946992257
edf50,27,English,sentence_audio,active,s_man_man_cut_shrub,3358.0,1488,2,6544.0,6544.0,0.44312090530077425
edf50,28,English,sentence_audio,passive,o_hole_dog_dug_hole,3959.0,1305,1,8782.0,8782.0,0.32962869411467544
edf50,28,English,sentence_audio,passive,s_dog_dog_dug_hole,3959.0,1568,3,5398.0,5398.0,0.39605961101288206
edf50,29,English,sentence_audio,passive,o_frisbee_child_throw_frisbee,2887.0,354,2,5936.0,5936.0,0.12261863526151714
edf50,29,English,sentence_audio,passive,s_child_child_throw_frisbee,2887.0,1148,4,6344.0,6344.0,0.39764461378593696
edf50,3,,free_viewing,,o_shrub_man_cut_shrub,4966.0,4966,1,703.0,703.0,1.0
edf50,3,,free_viewing,,s_man_man_cut_shrub,4966.0,0,0,,,0.0
edf50,30,English,sentence_audio,passive,o_tabla_child_play_tabla,4406.0,2858,2,5918.0,5918.0,0.6486609169314571
edf50,30,English,sentence_audio,passive,s_child_child_play_tabla,4406.0,1168,2,7480.0,7480.0,0.26509305492510216
edf50,31,English,sentence_audio,passive_dropped_agent,o_picture_artiste_drew_picture,4063.0,2888,2,6132.0,6132.0,0.7108048240216589
edf50,31,English,sentence_audio,passive_dropped_agent,s_artiste_artiste_drew_picture,4063.0,913,2,7060.0,7060.0,0.22471080482402167
edf50,32,English,sentence_audio,passive_dropped_agent,o_cake_girl_baked_cake,3073.0,1849,3,5469.0,5469.0,0.6016921575008135
edf50,32,English,sentence_audio,passive_dropped_agent,s_girl_girl_baked_cake,3073.0,742,1,6468.0,6468.0,0.24145785876993167
edf50,33,English,sentence_audio,passive_dropped_agent,o_window_girl_opened_window,3772.0,2764,2,6374.0,6374.0,0.7327677624602333
edf50,33,English,sentence_audio,passive_dropped_agent,s_girl_girl_opened_window,3772.0,878,2,5852.0,5852.0,0.23276776246023329
edf50,34,Punjabi,sentence_audio,active,o_dog_girl_fed_dog,3559.0,782,3,5832.0,5832.0,0.2197246417533015
edf50,34,Punjabi,sentence_audio,active,s_girl_girl_fed_dog,3559.0,580,1,6072.0,6072.0,0.16296712559707782
edf50,35,Punjabi,sentence_audio,active,o_veg_boy_cut_vegetables,3671.0,2701,2,6534.0,6534.0,0.7357668210296922
edf50,35,Punjabi,sentence_audio,active,s_boy_boy_cut_vegetables,3671.0,0,0,,,0.0
edf50,36,Punjabi,sentence_audio,active,o_vase_boy_broke_vase,3998.0,3268,2,6036.0,6036.0,0.817408704352176
edf50,36,Punjabi,sentence_audio,active,s_boy_boy_broke_vase,3998.0,730,1,7416.0,7416.0,0.18259129564782392
edf50,4,,free_viewing,,o_window_girl_opened_window,3546.0,464,2,1428.0,1428.0,0.1308516638465877
edf50,4,,free_viewing,,s_girl_girl_opened_window,3546.0,3082,3,994.0,994.0,0.8691483361534122
edf50,5,,free_viewing,,o_tabla_child_play_tabla,3915.0,2563,3,1048.0,1048.0,0.654661558109834
edf50,5,,free_viewing,,s_child_child_play_tabla,3915.0,494,1,1776.0,1776.0,0.12618135376756068
edf50,6,,free_viewing,,o_scooter_driver_wash_scooter,4072.0,3023,1,909.0,909.0,0.7423870333988212
edf50,6,,free_viewing,,s_driver_driver_wash_scooter,4072.0,896,1,4608.0,4608.0,0.2200392927308448
edf50,7,,free_viewing,,o_dog_girl_fed_dog,4089.0,1157,3,835.0,835.0,0.28295426754707753
edf50,7,,free_viewing,,s_girl_girl_fed_dog,4089.0,506,1,1970.0,1970.0,0.12374663731963806
edf50,8,,free_viewing,,o_bucket_boy_filled_bucket,4792.0,4792,1,1119.0,1119.0,1.0
edf50,8,,free_viewing,,s_boy_boy_filled_bucket,4792.0,0,0,,,0.0
edf50,9,,free_viewing,,o_letter_woman_read_letter,3286.0,116,1,3834.0,3834.0,0.03530127814972611
edf50,9,,free_viewing,,s_woman_woman_read_letter,3286.0,2460,2,1384.0,1384.0,0.7486305538648813
