participant_id,trial_id,language,session_type,sentence_type,trial_length_ms,mean_saccade_amplitude,saccade_count,mean_saccade_velocity,mean_saccade_duration,saccade_rate
edf01,1,,free_viewing,,6020,3.376666666666667,12,91.26499999999999,34.0,1.993355481727575
edf01,10,,free_viewing,,6125,2.782142857142857,14,82.73357142857142,29.857142857142858,2.2857142857142856
edf01,11,,free_viewing,,6095,2.7935714285714286,14,90.23285714285716,37.0,2.2969647251845777
edf01,12,,free_viewing,,6045,3.357272727272728,11,89.06181818181818,30.545454545454547,1.8196856906534327
edf01,13,,free_viewing,,5812,2.8453846153846163,13,89.03615384615385,36.92307692307692,2.236751548520303
edf01,14,,free_viewing,,5757,2.0691666666666664,12,69.58166666666666,27.333333333333332,2.084418968212611
edf01,15,,free_viewing,,5710,2.631111111111111,9,81.63555555555556,30.88888888888889,1.5761821366024518
edf01,16,,free_viewing,,6040,3.031428571428571,14,81.04428571428572,32.714285714285715,2.3178807947019866
edf01,17,,free_viewing,,6136,2.7572727272727273,11,79.91,29.09090909090909,1.7926988265971318
edf01,18,,free_viewing,,5757,2.2763636363636364,11,87.36636363636363,39.45454545454545,1.9107173875282266
edf01,19,Punjabi,sentence_audio,active,10523,2.8760000000000003,5,85.38199999999999,32.0,0.4751496721467262
edf01,2,,free_viewing,,5833,2.367,10,75.407,28.8,1.7143836790673752
edf01,20,Punjabi,sentence_audio,active,11049,1.88625,8,88.41874999999999,33.25,0.7240474251063445
edf01,21,Punjabi,sentence_audio,active,10744,2.795,8,135.28625,47.25,0.7446016381236039
edf01,22,Punjabi,sentence_audio,passive,10317,1.9366666666666665,9,180.08444444444444,86.22222222222223,0.8723466123873219
edf01,23,Punjabi,sentence_audio,passive,10772,3.9250000000000003,4,94.45750000000001,40.0,0.37133308577794283
edf01,24,Punjabi,sentence_audio,passive,10554,3.5510000000000006,10,131.74400000000003,54.0,0.9475080538184575
edf01,25,Punjabi,sentence_audio,passive_dropped_agent,10864,2.6612499999999994,8,100.185,41.75,0.7363770250368188
edf01,26,Punjabi,sentence_audio,passive_dropped_agent,10411,3.6142857142857143,7,110.32428571428571,46.285714285714285,0.6723657669772356
edf01,27,Punjabi,sentence_audio,passive_dropped_agent,11145,1.8858333333333335,12,174.32083333333333,47.333333333333336,1.0767160161507403
edf01,28,English,sentence_audio,active,11082,2.605,8,116.80375000000001,53.25,0.7218913553510197
edf01,29,English,sentence_audio,active,10430,2.545714285714286,7,221.64000000000004,43.142857142857146,0.6711409395973155
edf01,3,,free_viewing,,6032,2.1,9,75.93666666666667,35.333333333333336,1.4920424403183024
edf01,30,English,sentence_audio,active,10254,3.338,10,132.02000000000004,41.4,0.9752291788570314
edf01,31,English,sentence_audio,passive,10196,2.2809999999999997,10,72.544,28.2,0.9807767752059632
edf01,32,English,sentence_audio,passive,10912,1.18,6,68.71666666666665,34.666666666666664,0.5498533724340176
edf01,33,English,sentence_audio,passive,10400,3.528,10,94.479,34.0,0.9615384615384615
edf01,34,English,sentence_audio,passive_dropped_agent,10936,2.5580000000000003,5,80.208,38.4,0.45720555961960496
edf01,35,English,sentence_audio,passive_dropped_agent,10851,4.505384615384615,13,99.97384615384614,38.15384615384615,1.1980462630172333
edf01,36,English,sentence_audio,passive_dropped_agent,10826,2.7960000000000003,5,240.42,231.2,0.46185109920561607
edf01,4,,free_viewing,,5654,2.927692307692308,13,83.85384615384615,31.384615384615383,2.2992571630703926
edf01,5,,free_viewing,,5837,2.936666666666666,15,85.16933333333334,30.133333333333333,2.569813260236423
edf01,6,,free_viewing,,5800,1.9849999999999999,10,66.613,26.8,1.7241379310344829
edf01,7,,free_viewing,,5816,2.4316666666666666,12,116.89999999999999,41.5,2.063273727647868
edf01,8,,free_viewing,,5942,2.7464285714285714,14,84.01000000000002,29.857142857142858,2.356109054190508
edf01,9,,free_viewing,,5883,2.502,10,73.57,29.4,1.6998130205677375
edf02,1,,free_viewing,,5693,2.9526666666666666,15,79.01,32.13333333333333,2.6348146847005096
edf02,10,,free_viewing,,5962,3.731666666666667,6,246.67333333333332,83.33333333333333,1.0063737001006374
edf02,11,,free_viewing,,6045,1.2749999999999997,16,102.88375,49.625,2.6468155500413566
edf02,12,,free_viewing,,5674,3.222105263157894,19,84.63315789473684,47.05263157894737,3.3486076841734222
edf02,13,,free_viewing,,6091,1.2338461538461536,13,71.05461538461539,34.30769230769231,2.134296503037268
edf02,14,,free_viewing,,6086,2.324,15,113.55,40.8,2.464673020046007
edf02,15,,free_viewing,,5676,3.032222222222222,18,94.86722222222222,47.22222222222222,3.171247357293869
edf02,16,,free_viewing,,6021,2.5136842105263155,19,110.07263157894738,39.26315789473684,3.1556219897027074
edf02,17,,free_viewing,,6043,2.0521052631578947,19,79.03631578947366,38.31578947368421,3.144133708422969
edf02,18,,free_viewing,,5859,2.152857142857143,7,214.34857142857143,84.0,1.1947431302270013
edf02,19,Punjabi,sentence_audio,passive,11187,1.566,10,141.452,59.8,0.8938946992044338
edf02,2,,free_viewing,,5790,1.5859999999999999,15,77.92533333333333,39.06666666666667,2.5906735751295336
edf02,20,Punjabi,sentence_audio,passive,10494,1.3645454545454545,11,151.22545454545454,60.54545454545455,1.0482180293501049
edf02,21,Punjabi,sentence_audio,passive,10559,1.2254545454545456,11,89.3009090909091,56.18181818181818,1.0417653186854816
edf02,22,Punjabi,sentence_audio,passive_dropped_agent,10403,2.0780000000000003,10,119.306,45.4,0.9612611746611553
edf02,23,Punjabi,sentence_audio,passive_dropped_agent,10300,1.9962500000000003,8,104.67999999999999,64.25,0.7766990291262136
edf02,24,Punjabi,sentence_audio,passive_dropped_agent,10333,1.8429411764705879,17,59.95705882352941,28.352941176470587,1.645214361753605
edf02,25,English,sentence_audio,active,10355,1.282,5,149.064,74.8,0.48285852245292127
edf02,26,English,sentence_audio,active,10337,3.5433333333333334,18,110.43444444444444,42.666666666666664,1.7413175969817163
edf02,27,English,sentence_audio,active,11091,1.2028571428571426,7,53.798571428571435,22.285714285714285,0.6311423676855108
edf02,28,English,sentence_audio,passive,10163,1.6577777777777778,9,79.77666666666667,74.0,0.885565285840795
edf02,29,English,sentence_audio,passive,10976,2.3335714285714286,14,126.87357142857142,61.42857142857143,1.2755102040816326
edf02,3,,free_viewing,,5973,1.7992857142857144,14,122.07928571428572,51.857142857142854,2.343880796919471
edf02,30,English,sentence_audio,passive,10732,1.2133333333333334,9,106.12666666666667,60.0,0.8386134923592994
edf02,31,English,sentence_audio,passive_dropped_agent,10678,2.581,10,124.98300000000002,56.8,0.9365049634763064
edf02,32,English,sentence_audio,passive_dropped_agent,10649,1.8325,8,145.2175,48.5,0.7512442482862242
edf02,33,English,sentence_audio,passive_dropped_agent,11006,3.2437499999999995,8,183.8375,81.5,0.7268762493185535
edf02,34,Punjabi,sentence_audio,active,11107,4.247999999999999,10,160.43,76.4,0.9003331232556047
edf02,35,Punjabi,sentence_audio,active,10395,1.51,6,145.91166666666666,53.0,0.5772005772005773
edf02,36,Punjabi,sentence_audio,active,11092,6.02,1,621.21,336.0,0.09015506671474936
edf02,4,,free_viewing,,6088,1.942307692307692,13,99.67,40.61538461538461,2.135348226018397
edf02,5,,free_viewing,,5992,1.89,10,163.69299999999998,69.0,1.6688918558077437
edf02,6,,free_viewing,,6127,1.082142857142857,14,79.62357142857142,39.42857142857143,2.2849681736575813
edf02,7,,free_viewing,,5698,2.8805263157894743,19,96.88157894736844,40.421052631578945,3.334503334503334
edf02,8,,free_viewing,,5699,1.3358333333333332,12,105.85583333333334,39.333333333333336,2.105632567117038
edf02,9,,free_viewing,,5892,2.318947368421053,19,89.18473684210528,38.94736842105263,3.224711473183978
edf03,1,,free_viewing,,6038,2.2827272727272727,11,69.42272727272727,28.363636363636363,1.82179529645578
edf03,10,,free_viewing,,5832,3.1973333333333334,15,171.45866666666663,71.86666666666666,2.57201646090535
edf03,11,,free_viewing,,5661,4.344117647058824,17,104.75823529411763,38.588235294117645,3.0030030030030033
edf03,12,,free_viewing,,5905,2.5230769230769234,13,75.31384615384616,30.0,2.201524132091448
edf03,13,,free_viewing,,5709,2.6976923076923076,13,77.14307692307692,32.15384615384615,2.277106323349098
edf03,14,,free_viewing,,6016,2.6125,16,121.705625,48.5,2.6595744680851063
edf03,15,,free_viewing,,5803,2.6025,12,73.46499999999999,30.0,2.067895915905566
edf03,16,,free_viewing,,5787,2.7718749999999996,16,77.995,32.125,2.764817694833247
edf03,17,,free_viewing,,6080,4.028,15,95.78133333333332,37.2,2.4671052631578947
edf03,18,,free_viewing,,5841,3.6964285714285716,14,117.0542857142857,47.0,2.396849854476973
edf03,19,Punjabi,sentence_audio,passive_dropped_agent,10357,2.184615384615385,13,67.90153846153846,29.53846153846154,1.255189726754852
edf03,2,,free_viewing,,5813,3.561666666666666,12,90.13416666666666,33.666666666666664,2.0643385515224497
edf03,20,Punjabi,sentence_audio,passive_dropped_agent,10682,3.1369230769230763,13,134.77461538461537,51.53846153846154,1.217000561692567
edf03,21,Punjabi,sentence_audio,passive_dropped_agent,10456,3.7953333333333337,15,123.42133333333335,52.0,1.434583014537108
edf03,22,English,sentence_audio,active,11005,2.567,10,125.822,73.4,0.9086778736937755
edf03,23,English,sentence_audio,active,10183,3.707692307692307,13,140.22538461538463,56.61538461538461,1.2766375331434745
edf03,24,English,sentence_audio,active,10656,0.5599999999999999,15,45.18333333333333,34.0,1.4076576576576576
edf03,25,English,sentence_audio,passive,10316,4.04,14,134.77785714285716,63.142857142857146,1.3571151609150833
edf03,26,English,sentence_audio,passive,10716,3.2000000000000006,15,141.432,75.86666666666666,1.3997760358342666
edf03,27,English,sentence_audio,passive,10351,0.7047619047619048,21,47.09095238095238,56.666666666666664,2.0287894889382665
edf03,28,English,sentence_audio,passive_dropped_agent,10627,2.921538461538461,13,103.33,51.84615384615385,1.2232991436905993
edf03,29,English,sentence_audio,passive_dropped_agent,10719,0.43142857142857144,21,47.99809523809524,48.857142857142854,1.9591379792891128
edf03,3,,free_viewing,,5875,2.2250000000000005,10,106.63699999999999,43.8,1.702127659574468
edf03,30,English,sentence_audio,passive_dropped_agent,10994,3.5899999999999994,13,123.59384615384614,61.84615384615385,1.182463161724577
edf03,31,Punjabi,sentence_audio,active,11162,4.60875,16,137.27117647058824,56.0,1.4334348683031715
edf03,32,Punjabi,sentence_audio,active,10563,1.2353846153846153,13,66.81692307692308,42.46153846153846,1.230710972261668
edf03,33,Punjabi,sentence_audio,active,10627,2.994666666666667,15,99.42466666666665,43.733333333333334,1.4114990119506916
edf03,34,Punjabi,sentence_audio,passive,10783,2.977857142857143,14,112.33857142857143,47.285714285714285,1.2983399795975146
edf03,35,Punjabi,sentence_audio,passive,10785,3.8449999999999993,12,172.9533333333333,118.33333333333333,1.1126564673157162
edf03,36,Punjabi,sentence_audio,passive,10256,1.0776000000000001,25,67.9368,43.6,2.437597503900156
edf03,4,,free_viewing,,5956,3.7199999999999998,16,90.56125,37.875,2.6863666890530555
edf03,5,,free_viewing,,5880,1.8342857142857145,7,189.09571428571425,66.0,1.1904761904761905
edf03,6,,free_viewing,,6081,3.3885714285714283,14,87.95785714285714,33.57142857142857,2.302252918927808
edf03,7,,free_viewing,,5713,2.723333333333333,15,76.26933333333334,31.066666666666666,2.625590757920532
edf03,8,,free_viewing,,6122,3.1411111111111105,9,83.80000000000001,32.22222222222222,1.470107807905913
edf03,9,,free_viewing,,6016,3.4975,16,89.61,35.0,2.6595744680851063
edf04,1,,free_viewing,,5785,3.3239999999999994,10,91.78799999999998,34.0,1.7286084701815039
edf04,10,,free_viewing,,5716,3.5892307692307694,13,92.6353846153846,33.53846153846154,2.274317704688593
edf04,11,,free_viewing,,5669,2.96,2,88.725,33.0,0.35279590756747226
edf04,12,,free_viewing,,6065,2.57125,16,79.31125,30.0,2.6380873866446826
edf04,13,,free_viewing,,5686,3.935454545454546,11,104.09454545454545,38.0,1.9345761519521631
edf04,14,,free_viewing,,5949,2.2214285714285715,7,72.68857142857142,26.571428571428573,1.176668347621449
edf04,15,,free_viewing,,5845,3.686666666666667,6,96.19666666666667,38.666666666666664,1.0265183917878529
edf04,16,,free_viewing,,5954,2.0375,8,65.27,29.0,1.3436345314074571
edf04,17,,free_viewing,,6092,1.7027272727272724,11,93.8690909090909,49.63636363636363,1.8056467498358504
edf04,18,,free_viewing,,5976,2.6016666666666666,12,78.52833333333335,30.0,2.0080321285140563
edf04,19,English,sentence_audio,active,10316,3.3872727272727277,11,87.62636363636364,33.63636363636363,1.0663047692904226
edf04,2,,free_viewing,,5887,3.655625,16,95.223125,36.25,2.7178528962119928
edf04,20,English,sentence_audio,active,10720,3.9669999999999996,10,106.999,37.0,0.9328358208955223
edf04,21,English,sentence_audio,active,10974,3.3641666666666663,12,95.68250000000002,33.166666666666664,1.0934937124111537
edf04,22,English,sentence_audio,passive,10742,1.4142857142857144,7,108.4242857142857,46.0,0.6516477378514243
edf04,23,English,sentence_audio,passive,10465,4.270833333333334,12,145.34666666666666,60.666666666666664,1.1466794075489728
edf04,24,English,sentence_audio,passive,10942,4.365454545454546,11,108.18090909090911,37.81818181818182,1.0053006762931822
edf04,25,English,sentence_audio,passive_dropped_agent,10268,4.456666666666667,9,109.68666666666667,38.22222222222222,0.8765095442150369
edf04,26,English,sentence_audio,passive_dropped_agent,10589,4.2490000000000006,10,110.526,36.8,0.9443762394938143
edf04,27,English,sentence_audio,passive_dropped_agent,10787,5.1499999999999995,14,128.83214285714286,56.857142857142854,1.2978585334198571
edf04,28,Punjabi,sentence_audio,active,11141,2.3185714285714285,7,75.52428571428572,29.142857142857142,0.6283098465128804
edf04,29,Punjabi,sentence_audio,active,10477,3.209090909090909,11,100.36181818181818,42.90909090909091,1.0499188699055073
edf04,3,,free_viewing,,5990,4.356363636363637,11,106.51181818181817,38.18181818181818,1.8363939899833055
edf04,30,Punjabi,sentence_audio,active,10446,4.290000000000001,10,109.70299999999997,38.2,0.9573042312847023
edf04,31,Punjabi,sentence_audio,passive,10415,3.1806666666666663,15,87.13266666666665,32.0,1.4402304368698993
edf04,32,Punjabi,sentence_audio,passive,11167,2.369090909090909,11,75.46090909090908,29.454545454545453,0.9850452225306707
edf04,33,Punjabi,sentence_audio,passive,10939,2.75,10,84.96099999999998,30.8,0.9141603437242892
edf04,34,Punjabi,sentence_audio,passive_dropped_agent,10449,2.7278571428571428,14,107.31285714285715,49.857142857142854,1.3398411331227869
edf04,35,Punjabi,sentence_audio,passive_dropped_agent,10256,2.7775000000000003,12,81.29166666666667,28.666666666666668,1.1700468018720749
edf04,36,Punjabi,sentence_audio,passive_dropped_agent,10522,2.98375,8,87.72125000000001,33.25,0.7603117278084014
edf04,4,,free_viewing,,5683,2.337857142857143,14,72.86642857142859,27.571428571428573,2.4634875945803274
edf04,5,,free_viewing,,5874,1.68875,8,62.44375,23.5,1.3619339462036093
edf04,6,,free_viewing,,5663,1.595,2,61.519999999999996,26.0,0.35316969803990816
edf04,7,,free_viewing,,5669,1.79,1,67.28,26.0,0.17639795378373613
edf04,8,,free_viewing,,5643,3.7989999999999995,10,92.41900000000001,35.2,1.77210703526493
edf04,9,,free_viewing,,6009,2.0650000000000004,10,72.78900000000002,27.2,1.6641704110500914
edf05,1,,free_viewing,,6119,1.1810000000000003,10,80.74600000000001,33.6,1.6342539630658606
edf05,10,,free_viewing,,5965,2.679090909090909,11,122.30818181818182,58.18181818181818,1.8440905280804694
edf05,11,,free_viewing,,5969,2.779166666666667,12,101.21499999999999,37.666666666666664,2.010386999497403
edf05,12,,free_viewing,,5635,1.913076923076923,13,147.6130769230769,51.23076923076923,2.3070097604259097
edf05,13,,free_viewing,,6045,1.8791666666666667,12,123.42583333333336,45.166666666666664,1.9851116625310175
edf05,14,,free_viewing,,5836,2.535833333333333,12,141.60083333333333,59.333333333333336,2.05620287868403
edf05,15,,free_viewing,,5942,2.7133333333333334,12,134.94833333333332,54.166666666666664,2.019522046449007
edf05,16,,free_viewing,,5979,2.613076923076923,13,98.22846153846154,35.69230769230769,2.1742766348887774
edf05,17,,free_viewing,,6042,2.6554545454545457,11,150.25909090909093,70.54545454545455,1.8205892088712348
edf05,18,,free_viewing,,5808,2.51,13,129.62846153846152,47.84615384615385,2.2382920110192837
edf05,19,English,sentence_audio,passive,11157,1.8325000000000005,12,153.19666666666663,54.833333333333336,1.0755579456843238
edf05,2,,free_viewing,,5754,1.4439999999999997,15,58.162000000000006,24.0,2.606882168925965
edf05,20,English,sentence_audio,passive,10586,2.316,10,172.156,87.4,0.9446438692612885
edf05,21,English,sentence_audio,passive,10302,1.7191666666666663,12,152.6175,74.16666666666667,1.1648223645894002
edf05,22,English,sentence_audio,passive_dropped_agent,10818,1.51375,8,93.85875,76.25,0.7395082270290257
edf05,23,English,sentence_audio,passive_dropped_agent,10721,2.643,10,110.29400000000001,48.2,0.9327488107452663
edf05,24,English,sentence_audio,passive_dropped_agent,10344,2.586,10,131.709,58.0,0.9667440061871617
edf05,25,Punjabi,sentence_audio,active,10328,1.9645454545454542,11,143.80636363636364,66.0,1.0650658404337723
edf05,26,Punjabi,sentence_audio,active,10471,1.7622222222222224,9,131.80666666666667,63.333333333333336,0.8595167605768312
edf05,27,Punjabi,sentence_audio,active,10579,2.1171428571428574,14,107.90642857142858,56.57142857142857,1.3233765006144247
edf05,28,Punjabi,sentence_audio,passive,10999,2.1025,12,116.31833333333333,57.666666666666664,1.091008273479407
edf05,29,Punjabi,sentence_audio,passive,10516,2.968,10,106.904,52.2,0.9509319132750095
edf05,3,,free_viewing,,6066,2.523333333333333,15,80.15066666666668,29.733333333333334,2.472799208704253
edf05,30,Punjabi,sentence_audio,passive,10527,2.37,10,102.279,52.6,0.9499382540134892
edf05,31,Punjabi,sentence_audio,passive_dropped_agent,10675,3.2423076923076923,13,107.81615384615385,48.92307692307692,1.2177985948477752
edf05,32,Punjabi,sentence_audio,passive_dropped_agent,10789,1.6445454545454545,11,112.43545454545455,56.72727272727273,1.019556956159051
edf05,33,Punjabi,sentence_audio,passive_dropped_agent,10504,1.9300000000000002,10,93.01699999999998,45.6,0.952018278750952
edf05,34,English,sentence_audio,active,10511,2.478,10,105.48299999999999,48.0,0.9513842641042718
edf05,35,English,sentence_audio,active,10999,2.5015384615384613,13,106.96076923076923,55.69230769230769,1.181925629602691
edf05,36,English,sentence_audio,active,11043,1.7899999999999998,12,86.05416666666667,39.0,1.0866612333605
edf05,4,,free_viewing,,6061,2.325714285714286,7,73.45857142857143,28.285714285714285,1.1549249298795579
edf05,5,,free_viewing,,5775,3.26,12,92.70583333333333,32.166666666666664,2.0779220779220777
edf05,6,,free_viewing,,6006,1.842222222222222,9,66.91666666666667,25.333333333333332,1.4985014985014984
edf05,7,,free_viewing,,5779,2.0200000000000005,14,96.02428571428572,34.285714285714285,2.422564457518602
edf05,8,,free_viewing,,6108,2.4341666666666666,12,75.8775,29.833333333333332,1.9646365422396859
edf05,9,,free_viewing,,6082,3.0410000000000004,10,118.026,39.8,1.644195988161789
edf06,1,,free_viewing,,5725,3.636428571428571,14,143.84,51.285714285714285,2.4454148471615724
edf06,10,,free_viewing,,5966,4.400714285714286,14,105.28214285714286,39.285714285714285,2.3466309084813943
edf06,11,,free_viewing,,6013,3.079999999999999,14,81.28999999999999,35.142857142857146,2.3282887077997674
edf06,12,,free_viewing,,6017,3.5729411764705885,17,141.58529411764707,54.705882352941174,2.8253282366627888
edf06,13,,free_viewing,,5925,2.561428571428572,14,73.62285714285714,31.142857142857142,2.3628691983122363
edf06,14,,free_viewing,,5861,4.471176470588236,17,96.77529411764709,41.76470588235294,2.900528919979526
edf06,15,,free_viewing,,6138,2.901176470588235,17,79.66176470588233,32.470588235294116,2.7696318018898665
edf06,16,,free_viewing,,6025,3.125,20,83.287,35.2,3.3195020746887964
edf06,17,,free_viewing,,6129,2.3673333333333333,15,77.13799999999999,29.6,2.447381302006853
edf06,18,,free_viewing,,5912,2.352307692307692,13,74.42769230769231,30.153846153846153,2.198917456021651
edf06,19,English,sentence_audio,passive_dropped_agent,10696,1.8593333333333335,15,64.69466666666666,26.8,1.4023934181002244
edf06,2,,free_viewing,,5655,4.0575,16,100.24687499999999,38.25,2.829354553492484
edf06,20,English,sentence_audio,passive_dropped_agent,10891,2.1569230769230776,13,70.88230769230769,27.846153846153847,1.1936461298319714
edf06,21,English,sentence_audio,passive_dropped_agent,11131,2.2570000000000006,10,162.10100000000003,72.4,0.898391878537418
edf06,22,Punjabi,sentence_audio,active,10376,2.2593333333333336,15,73.14866666666667,30.133333333333333,1.4456437933693138
edf06,23,Punjabi,sentence_audio,active,10651,2.3353333333333337,15,71.98533333333333,28.666666666666668,1.408318467749507
edf06,24,Punjabi,sentence_audio,active,10481,4.383157894736843,19,98.93105263157894,42.21052631578947,1.8128041217441084
edf06,25,Punjabi,sentence_audio,passive,10851,4.0275,12,134.20666666666665,54.0,1.105888858169754
edf06,26,Punjabi,sentence_audio,passive,10634,2.6081250000000002,16,106.27624999999998,54.375,1.5046078615760767
edf06,27,Punjabi,sentence_audio,passive,10801,2.132857142857143,14,67.58214285714287,27.857142857142858,1.2961762799740764
edf06,28,Punjabi,sentence_audio,passive_dropped_agent,11081,2.8392857142857144,14,83.80499999999999,31.857142857142858,1.2634238787113077
edf06,29,Punjabi,sentence_audio,passive_dropped_agent,10692,3.507692307692307,13,115.83384615384615,50.46153846153846,1.215862326973438
edf06,3,,free_viewing,,5656,2.882,20,81.45100000000002,30.6,3.5360678925035365
edf06,30,Punjabi,sentence_audio,passive_dropped_agent,10720,3.358125,16,81.64750000000001,36.125,1.4925373134328357
edf06,31,English,sentence_audio,active,10557,3.6614285714285715,14,92.48,33.142857142857146,1.326134318461684
edf06,32,English,sentence_audio,active,10716,2.3609999999999998,10,103.28299999999999,48.2,0.933184023889511
edf06,33,English,sentence_audio,active,10907,2.6841666666666675,12,77.47166666666666,30.333333333333332,1.1002108737508023
edf06,34,English,sentence_audio,passive,10851,2.6750000000000003,14,72.56,32.285714285714285,1.2902036678647129
edf06,35,English,sentence_audio,passive,10838,3.1709090909090905,11,114.82545454545453,45.27272727272727,1.0149474072707143
edf06,36,English,sentence_audio,passive,11057,3.0025,12,81.0725,30.666666666666668,1.0852853396038709
edf06,4,,free_viewing,,5968,2.954999999999999,16,82.05,33.875,2.680965147453083
edf06,5,,free_viewing,,5840,2.1818181818181817,11,67.42272727272729,29.272727272727273,1.8835616438356164
edf06,6,,free_viewing,,5722,2.1938461538461542,13,65.0023076923077,30.923076923076923,2.271932890597693
edf06,7,,free_viewing,,5905,2.5881250000000002,16,76.858125,30.625,2.7095681625740897
edf06,8,,free_viewing,,6121,3.6399999999999997,17,90.45823529411764,36.23529411764706,2.777323966672112
edf06,9,,free_viewing,,5729,3.675625,16,107.498125,48.625,2.79280851806598
edf07,1,,free_viewing,,5693,3.6246153846153844,13,91.46307692307693,34.61538461538461,2.283506060073775
edf07,10,,free_viewing,,5818,2.195,6,114.19666666666667,55.333333333333336,1.0312822275696116
edf07,11,,free_viewing,,5943,2.327142857142857,7,100.87142857142858,55.42857142857143,1.1778563015312133
edf07,12,,free_viewing,,6037,1.67625,8,87.65249999999999,47.25,1.3251615040583071
edf07,13,,free_viewing,,5953,1.97,4,134.1525,67.0,0.6719301192675962
edf07,14,,free_viewing,,5789,3.7077777777777774,9,177.25,88.66666666666667,1.554672655035412
edf07,15,,free_viewing,,6067,2.5375000000000005,8,107.9625,45.0,1.3186088676446348
edf07,16,,free_viewing,,5695,1.6640000000000001,5,115.934,58.4,0.8779631255487269
edf07,17,,free_viewing,,5669,3.38375,8,80.42,64.0,1.411183630269889
edf07,18,,free_viewing,,6004,4.485,6,161.54833333333335,81.0,0.999333777481679
edf07,19,Punjabi,sentence_audio,active,10979,1.3075,4,108.665,65.0,0.3643319063667001
edf07,2,,free_viewing,,5665,2.5346666666666664,15,78.37933333333334,30.533333333333335,2.64783759929391
edf07,20,Punjabi,sentence_audio,active,10941,3.9233333333333333,3,157.53333333333333,102.0,0.2741979709350151
edf07,21,Punjabi,sentence_audio,active,10300,4.446666666666666,3,101.09666666666668,38.666666666666664,0.2912621359223301
edf07,22,Punjabi,sentence_audio,passive,10680,1.54,2,155.64,112.0,0.18726591760299627
edf07,23,Punjabi,sentence_audio,passive,10580,2.3425,4,126.32499999999999,76.0,0.3780718336483932
edf07,24,Punjabi,sentence_audio,passive,10282,2.484166666666667,12,77.25500000000001,56.5,1.167088115152694
edf07,25,Punjabi,sentence_audio,passive_dropped_agent,10561,2.526666666666667,3,135.37333333333333,87.33333333333333,0.2840640090900483
edf07,26,Punjabi,sentence_audio,passive_dropped_agent,11065,4.5625,12,145.88250000000002,108.5,1.0845006778129236
edf07,27,Punjabi,sentence_audio,passive_dropped_agent,10317,2.517777777777778,9,103.4688888888889,43.77777777777778,0.8723466123873219
edf07,28,English,sentence_audio,active,10201,1.6490000000000002,10,60.55899999999999,24.8,0.9802960494069208
edf07,29,English,sentence_audio,active,10892,5.796999999999999,10,89.59199999999998,63.2,0.9181050312155711
edf07,3,,free_viewing,,6046,2.8366666666666664,12,77.86083333333335,32.166666666666664,1.9847833278200462
edf07,30,English,sentence_audio,active,10462,2.4042857142857144,7,74.7,28.285714285714285,0.6690881284649207
edf07,31,English,sentence_audio,passive,10947,3.2433333333333336,9,85.23666666666666,34.44444444444444,0.8221430528912032
edf07,32,English,sentence_audio,passive,10577,1.5833333333333333,3,151.69,82.66666666666667,0.2836343008414484
edf07,33,English,sentence_audio,passive,10592,2.685555555555555,9,95.50222222222223,56.666666666666664,0.8496978851963746
edf07,34,English,sentence_audio,passive_dropped_agent,10830,2.748,5,142.3733333333333,77.33333333333333,0.4616805170821791
edf07,35,English,sentence_audio,passive_dropped_agent,10451,1.08,1,48.33,22.0,0.09568462348100659
edf07,36,English,sentence_audio,passive_dropped_agent,11077,2.068,5,176.084,106.4,0.4513857542655954
edf07,4,,free_viewing,,5938,2.5324999999999998,4,137.785,53.0,0.6736274840013473
edf07,5,,free_viewing,,5802,1.3575000000000002,4,189.1775,71.0,0.6894174422612892
edf07,6,,free_viewing,,5858,1.5630769230769228,13,60.43923076923076,25.076923076923077,2.219187435984978
edf07,7,,free_viewing,,5701,2.276666666666667,6,69.76666666666667,28.666666666666668,1.0524469391334854
edf07,8,,free_viewing,,6109,2.89625,8,128.5825,51.25,1.3095432967752496
edf07,9,,free_viewing,,5931,1.0333333333333332,3,44.919999999999995,23.333333333333332,0.5058168942842691
edf08,1,,free_viewing,,5771,2.554,15,74.94933333333333,29.466666666666665,2.5992029111072603
edf08,10,,free_viewing,,5813,2.9663636363636368,11,140.02272727272728,46.36363636363637,1.8923103388955789
edf08,11,,free_viewing,,6134,2.8406249999999993,16,78.795,30.875,2.6084121291164
edf08,12,,free_viewing,,5804,2.5100000000000002,6,81.64333333333333,29.333333333333332,1.0337698139214335
edf08,13,,free_viewing,,5733,2.915384615384615,13,92.99461538461539,45.38461538461539,2.2675736961451247
edf08,14,,free_viewing,,6072,3.065,8,100.62374999999999,50.5,1.3175230566534915
edf08,15,,free_viewing,,5846,3.4215384615384616,13,125.36615384615386,46.92307692307692,2.223742730071844
edf08,16,,free_viewing,,5697,3.4010000000000007,10,85.771,32.4,1.75530981218185
edf08,17,,free_viewing,,5975,2.35,7,76.15714285714286,28.857142857142858,1.1715481171548119
edf08,18,,free_viewing,,5746,3.62,5,94.264,34.8,0.8701705534284719
edf08,19,Punjabi,sentence_audio,passive,10770,2.3825000000000003,12,75.41416666666667,30.833333333333332,1.1142061281337048
edf08,2,,free_viewing,,5865,2.891,10,77.95599999999999,30.6,1.7050298380221653
edf08,20,Punjabi,sentence_audio,passive,10409,1.792727272727273,11,76.71545454545456,39.81818181818182,1.0567777884523009
edf08,21,Punjabi,sentence_audio,passive,10423,2.865,4,88.195,28.5,0.38376666986472224
edf08,22,Punjabi,sentence_audio,passive_dropped_agent,11042,1.3425,8,111.635,46.0,0.7245064299945662
edf08,23,Punjabi,sentence_audio,passive_dropped_agent,11127,2.458,10,114.89599999999999,69.8,0.8987148377819717
edf08,24,Punjabi,sentence_audio,passive_dropped_agent,10880,3.2746666666666666,15,87.44666666666666,32.8,1.3786764705882353
edf08,25,English,sentence_audio,active,10385,3.1345454545454543,11,92.29727272727273,32.90909090909091,1.059220028887819
edf08,26,English,sentence_audio,active,10240,2.664285714285714,7,77.85,29.714285714285715,0.68359375
edf08,27,English,sentence_audio,active,10676,2.2011111111111115,9,70.95777777777778,28.444444444444443,0.8430123641813413
edf08,28,English,sentence_audio,passive,11109,2.2,8,169.27,74.25,0.7201368259969394
edf08,29,English,sentence_audio,passive,10401,4.224,5,110.13799999999999,36.8,0.48072300740313434
edf08,3,,free_viewing,,6053,3.254166666666667,12,114.41583333333334,46.333333333333336,1.9824880224681976
edf08,30,English,sentence_audio,passive,10834,2.8628571428571425,7,78.69285714285715,32.285714285714285,0.6461140852870593
edf08,31,English,sentence_audio,passive_dropped_agent,10617,2.594444444444444,9,101.57333333333332,52.0,0.8476970895733257
edf08,32,English,sentence_audio,passive_dropped_agent,10854,1.80625,8,119.99000000000001,46.75,0.7370554634236227
edf08,33,English,sentence_audio,passive_dropped_agent,10882,1.7418181818181822,11,65.34909090909093,24.363636363636363,1.010843594927403
edf08,34,Punjabi,sentence_audio,active,10774,3.6349999999999993,6,156.38500000000002,68.66666666666667,0.5568962316688324
edf08,35,Punjabi,sentence_audio,active,10584,7.760000000000001,3,162.04999999999998,50.666666666666664,0.2834467120181406
edf08,36,Punjabi,sentence_audio,active,10205,1.87,1,71.13,26.0,0.09799118079372857
edf08,4,,free_viewing,,5743,1.8949999999999998,8,65.74125000000001,26.0,1.3930001741250218
edf08,5,,free_viewing,,5823,3.452666666666667,15,93.10066666666667,33.6,2.575991756826378
edf08,6,,free_viewing,,5636,2.3709090909090906,11,107.39545454545454,44.36363636363637,1.9517388218594747
edf08,7,,free_viewing,,5677,3.0140000000000002,5,86.912,29.6,0.8807468733485997
edf08,8,,free_viewing,,6046,4.21375,8,135.1125,56.75,1.3231888852133642
edf08,9,,free_viewing,,5921,2.2325000000000004,8,74.51125,26.5,1.3511231210944097
edf09,1,,free_viewing,,6067,1.9933333333333334,6,71.58666666666666,26.333333333333332,0.9889566507334762
edf09,10,,free_viewing,,5804,3.516363636363636,11,93.27545454545454,34.0,1.8952446588559613
edf09,11,,free_viewing,,5975,2.649375,16,115.38812499999997,51.125,2.677824267782427
edf09,12,,free_viewing,,6024,2.8683333333333327,12,91.1475,45.166666666666664,1.9920318725099602
edf09,13,,free_viewing,,5900,2.141111111111111,9,90.95333333333333,53.333333333333336,1.5254237288135593
edf09,14,,free_viewing,,5675,4.0337499999999995,16,181.15000000000003,64.25,2.8193832599118944
edf09,15,,free_viewing,,6134,2.1572727272727272,11,137.42636363636362,43.63636363636363,1.793283338767525
edf09,16,,free_viewing,,6054,2.2185714285714284,14,109.26857142857145,45.857142857142854,2.312520647505781
edf09,17,,free_viewing,,5823,2.2239999999999998,10,179.05599999999998,74.2,1.717327837884252
edf09,18,,free_viewing,,6033,2.7424999999999997,8,131.63375000000002,63.0,1.3260401127134096
edf09,19,Punjabi,sentence_audio,passive_dropped_agent,10276,2.4011111111111108,9,90.45222222222223,74.22222222222223,0.8758271701050993
edf09,2,,free_viewing,,6009,2.5028571428571427,7,136.8457142857143,69.71428571428571,1.164919287735064
edf09,20,Punjabi,sentence_audio,passive_dropped_agent,10796,1.6366666666666667,9,63.46333333333333,24.0,0.8336420896628381
edf09,21,Punjabi,sentence_audio,passive_dropped_agent,10659,1.8208333333333335,12,62.68,26.833333333333332,1.125809175344779
edf09,22,English,sentence_audio,active,10794,1.8526315789473682,19,65.30736842105264,37.78947368421053,1.76023716879748
edf09,23,English,sentence_audio,active,11082,2.3024999999999998,12,77.70833333333333,42.0,1.0828370330265293
edf09,24,English,sentence_audio,active,10987,2.6707142857142863,14,79.3107142857143,31.0,1.274233184672795
edf09,25,English,sentence_audio,passive,10679,3.2535714285714286,14,107.28857142857143,68.14285714285714,1.3109841745481787
edf09,26,English,sentence_audio,passive,10881,2.244444444444445,18,83.66722222222222,55.333333333333336,1.6542597187758479
edf09,27,English,sentence_audio,passive,10686,3.162,10,88.388,34.4,0.9358038555118847
edf09,28,English,sentence_audio,passive_dropped_agent,11074,3.2950000000000004,12,89.93833333333333,51.333333333333336,1.083619288423334
edf09,29,English,sentence_audio,passive_dropped_agent,10819,3.1973333333333334,15,86.09333333333333,32.8,1.38644976430354
edf09,3,,free_viewing,,6075,4.509333333333333,15,90.72866666666667,33.2,2.4691358024691357
edf09,30,English,sentence_audio,passive_dropped_agent,11044,2.566363636363637,11,78.46454545454546,29.454545454545453,0.9960159362549801
edf09,31,Punjabi,sentence_audio,active,11258,2.3787499999999997,16,83.645625,44.375,1.4212115828744005
edf09,32,Punjabi,sentence_audio,active,10812,1.9049999999999998,10,86.315,78.8,0.924898261191269
edf09,33,Punjabi,sentence_audio,active,10773,2.9608333333333334,12,108.01833333333333,57.666666666666664,1.113895850737956
edf09,34,Punjabi,sentence_audio,passive,10596,2.1133333333333333,6,73.36999999999999,94.0,0.5662514156285391
edf09,35,Punjabi,sentence_audio,passive,10929,3.56375,8,234.195,123.5,0.731997438008967
edf09,36,Punjabi,sentence_audio,passive,10518,2.242,10,162.251,55.4,0.9507510933637573
edf09,4,,free_viewing,,6042,2.234545454545454,11,106.13272727272725,46.54545454545455,1.8205892088712348
edf09,5,,free_viewing,,6093,2.471538461538461,13,73.74307692307693,41.84615384615385,2.133595929755457
edf09,6,,free_viewing,,5731,2.6544444444444446,9,87.31444444444445,58.888888888888886,1.5704065608096318
edf09,7,,free_viewing,,5646,2.227777777777778,9,87.89222222222223,52.666666666666664,1.5940488841657812
edf09,8,,free_viewing,,5998,1.655384615384615,13,70.50153846153846,42.15384615384615,2.1673891297099033
edf09,9,,free_viewing,,5857,1.9100000000000001,12,86.75166666666667,45.0,2.0488304592794946
edf10,1,,free_viewing,,6067,5.228461538461537,13,113.70692307692306,42.15384615384615,2.1427394099225316
edf10,10,,free_viewing,,5673,4.165555555555556,18,112.30263157894734,47.36842105263158,3.1729243786356425
edf10,11,,free_viewing,,5642,3.7853333333333334,15,103.62666666666668,48.8,2.6586316908897554
edf10,12,,free_viewing,,6005,3.9038461538461537,13,106.56230769230768,52.15384615384615,2.1648626144879266
edf10,13,,free_viewing,,5943,5.506923076923077,13,123.11615384615385,73.84615384615384,2.187447417129396
edf10,14,,free_viewing,,5961,3.05,13,106.82615384615383,50.0,2.1808421405804395
edf10,15,,free_viewing,,6116,3.8528571428571428,14,112.54857142857142,48.714285714285715,2.289077828646174
edf10,16,,free_viewing,,5743,2.7288235294117644,17,82.71470588235293,40.705882352941174,2.960125370015671
edf10,17,,free_viewing,,5884,3.0290909090909093,11,107.07272727272726,78.54545454545455,1.8694765465669612
edf10,18,,free_viewing,,5916,1.946666666666667,3,103.92666666666666,89.33333333333333,0.5070993914807302
edf10,19,English,sentence_audio,active,11139,4.240666666666666,15,103.84799999999998,52.0,1.3466199838405604
edf10,2,,free_viewing,,5693,3.9518181818181826,11,105.21090909090908,36.54545454545455,1.9321974354470404
edf10,20,English,sentence_audio,active,10375,2.9976470588235298,17,86.77352941176473,33.76470588235294,1.6385542168674698
edf10,21,English,sentence_audio,active,11063,4.3773333333333335,15,115.86666666666665,39.46666666666667,1.3558709210883124
edf10,22,English,sentence_audio,passive,10340,1.0989999999999998,10,71.497,68.0,0.9671179883945842
edf10,23,English,sentence_audio,passive,10228,3.756875,16,102.02062499999998,36.5,1.5643332029722332
edf10,24,English,sentence_audio,passive,11057,5.856315789473684,19,144.43157894736842,64.21052631578948,1.7183684543727955
edf10,25,English,sentence_audio,passive_dropped_agent,10390,3.9441176470588233,17,105.02235294117648,36.588235294117645,1.6361886429258903
edf10,26,English,sentence_audio,passive_dropped_agent,10670,4.780714285714287,14,121.68357142857143,53.0,1.3120899718837864
edf10,27,English,sentence_audio,passive_dropped_agent,11141,4.055,12,116.23,59.666666666666664,1.0771025940220806
edf10,28,Punjabi,sentence_audio,active,10438,2.7439999999999998,10,86.103,52.2,0.9580379383023567
edf10,29,Punjabi,sentence_audio,active,10899,6.261333333333334,15,166.95600000000002,93.46666666666667,1.3762730525736306
edf10,3,,free_viewing,,6016,3.9842857142857144,14,111.10428571428572,59.142857142857146,2.327127659574468
edf10,30,Punjabi,sentence_audio,active,11077,2.5655000000000006,20,76.66300000000001,29.6,1.8055430170623816
edf10,31,Punjabi,sentence_audio,passive,10754,4.724615384615385,13,129.16307692307691,55.23076923076923,1.208852519992561
edf10,32,Punjabi,sentence_audio,passive,10733,2.0399999999999996,12,82.77166666666666,47.666666666666664,1.118047144321252
edf10,33,Punjabi,sentence_audio,passive,10349,3.6256250000000003,16,103.771875,52.875,1.5460430959512996
edf10,34,Punjabi,sentence_audio,passive_dropped_agent,10261,5.25421052631579,19,125.68684210526314,51.05263157894737,1.8516713770587663
edf10,35,Punjabi,sentence_audio,passive_dropped_agent,10818,6.564210526315789,19,138.82684210526315,57.68421052631579,1.756332039193936
edf10,36,Punjabi,sentence_audio,passive_dropped_agent,10334,3.1877777777777783,18,95.94111111111111,44.111111111111114,1.7418231081865687
edf10,4,,free_viewing,,5782,2.832105263157895,19,83.12368421052632,30.526315789473685,3.286060186786579
edf10,5,,free_viewing,,5879,2.496428571428571,14,84.57142857142857,41.142857142857146,2.3813573737030107
edf10,6,,free_viewing,,5828,4.118947368421054,19,101.70052631578949,49.89473684210526,3.2601235415236784
edf10,7,,free_viewing,,5948,2.4387499999999998,16,80.579375,39.875,2.6899798251513114
edf10,8,,free_viewing,,6002,4.002941176470588,17,112.2005882352941,49.05882352941177,2.8323892035988005
edf10,9,,free_viewing,,6133,4.435263157894736,19,112.9263157894737,51.1578947368421,3.0979944562204467
edf11,1,,free_viewing,,5967,3.0569230769230766,13,81.49,30.307692307692307,2.178649237472767
edf11,11,,free_viewing,,5846,4.007142857142857,14,100.03857142857142,36.0,2.3947998631542937
edf11,12,,free_viewing,,6116,3.2318181818181824,11,88.74999999999999,34.18181818181818,1.7985611510791368
edf11,13,,free_viewing,,5810,9.42,1,189.59,50.0,0.17211703958691912
edf11,14,,free_viewing,,5950,3.3325,8,168.70125,112.0,1.3445378151260503
edf11,15,,free_viewing,,5976,2.6036363636363635,11,76.52545454545454,30.545454545454547,1.8406961178045516
edf11,16,,free_viewing,,5677,2.141538461538462,13,70.63538461538461,28.307692307692307,2.2899418707063592
edf11,17,,free_viewing,,6048,2.5958333333333337,12,90.53916666666667,53.333333333333336,1.9841269841269842
edf11,18,,free_viewing,,5647,4.35,1,114.86,38.0,0.17708517797060386
edf11,19,English,sentence_audio,passive,10313,1.26,12,79.72333333333333,60.333333333333336,1.1635799476389024
edf11,2,,free_viewing,,5791,4.746428571428571,14,112.76928571428572,38.857142857142854,2.4175444655499914
edf11,20,English,sentence_audio,passive,10852,1.7419999999999998,10,63.507999999999996,26.8,0.9214891264283082
edf11,21,English,sentence_audio,passive,11038,4.295,2,106.36,40.0,0.1811922449719152
edf11,22,English,sentence_audio,passive_dropped_agent,10209,1.8519999999999999,5,126.25600000000001,119.2,0.4897639337839162
edf11,23,English,sentence_audio,passive_dropped_agent,10406,4.154999999999999,4,106.7825,35.5,0.3843936190659235
edf11,24,English,sentence_audio,passive_dropped_agent,10815,4.093333333333334,9,98.5811111111111,37.333333333333336,0.8321775312066575
edf11,25,Punjabi,sentence_audio,active,10515,2.1885714285714286,14,111.9192857142857,59.857142857142854,1.3314312886352828
edf11,26,Punjabi,sentence_audio,active,10526,2.912142857142857,14,105.98357142857142,56.0,1.3300399011970359
edf11,27,Punjabi,sentence_audio,active,10522,3.4262500000000005,8,149.075,87.5,0.7603117278084014
edf11,28,Punjabi,sentence_audio,passive,10378,4.372142857142858,14,117.44285714285714,97.28571428571429,1.3490075158990171
edf11,29,Punjabi,sentence_audio,passive,10214,6.4750000000000005,14,126.98642857142856,82.42857142857143,1.3706677109849226
edf11,3,,free_viewing,,6023,2.186428571428571,14,73.73642857142856,28.0,2.324423044994189
edf11,30,Punjabi,sentence_audio,passive,10931,3.2827272727272727,11,122.7809090909091,72.36363636363636,1.006312322751807
edf11,31,Punjabi,sentence_audio,passive_dropped_agent,10398,3.1807142857142847,14,114.60857142857141,48.0,1.3464127716868628
edf11,32,Punjabi,sentence_audio,passive_dropped_agent,11094,2.031,10,87.357,54.2,0.9013881377321075
edf11,34,English,sentence_audio,active,10364,2.756666666666667,15,84.65599999999999,50.4,1.4473176379776147
edf11,35,English,sentence_audio,active,10933,2.742222222222223,9,87.96111111111111,58.22222222222222,0.8231958291411323
edf11,36,English,sentence_audio,active,10459,3.2122222222222216,9,136.71222222222224,76.66666666666667,0.8605029161487714
edf11,4,,free_viewing,,5961,3.9659999999999997,10,104.83099999999999,37.2,1.6775708773695688
edf11,5,,free_viewing,,5689,2.5869999999999997,10,89.026,63.4,1.7577781683951486
edf11,6,,free_viewing,,5731,4.736666666666667,3,115.69666666666667,40.666666666666664,0.5234688536032106
edf11,7,,free_viewing,,5962,2.875384615384615,13,95.81153846153846,44.0,2.1804763502180475
edf11,8,,free_viewing,,5849,2.8055555555555554,9,120.8477777777778,65.33333333333333,1.5387245683022739
edf11,9,,free_viewing,,5831,2.2533333333333334,9,91.76666666666668,52.0,1.5434745326702108
edf12,1,,free_viewing,,5963,3.3066666666666666,6,96.02833333333335,33.0,1.006204930404159
edf12,10,,free_viewing,,5684,2.691818181818182,11,79.6581818181818,29.09090909090909,1.9352568613652357
edf12,11,,free_viewing,,5741,4.3933333333333335,12,107.93083333333333,37.5,2.0902281832433376
edf12,12,,free_viewing,,5710,1.6060000000000003,10,81.73400000000001,42.4,1.7513134851138354
edf12,13,,free_viewing,,5815,3.483333333333334,12,92.89916666666666,33.666666666666664,2.063628546861565
edf12,14,,free_viewing,,6090,2.913846153846154,13,85.25461538461538,29.846153846153847,2.134646962233169
edf12,15,,free_viewing,,5932,3.5176923076923075,13,122.33230769230771,44.46153846153846,2.191503708698584
edf12,16,,free_viewing,,5829,2.964,15,79.49266666666668,32.8,2.573340195573855
edf12,17,,free_viewing,,6014,2.1830000000000003,10,69.045,27.8,1.6627868307283005
edf12,18,,free_viewing,,5843,3.859333333333334,15,99.29466666666669,42.0,2.567174396714017
edf12,19,English,sentence_audio,passive_dropped_agent,10710,1.466,5,56.782000000000004,23.6,0.46685340802987857
edf12,2,,free_viewing,,5942,2.185,14,120.19714285714284,51.0,2.356109054190508
edf12,20,English,sentence_audio,passive_dropped_agent,10560,4.84875,8,159.42749999999998,71.0,0.7575757575757576
edf12,21,English,sentence_audio,passive_dropped_agent,11013,1.8310000000000002,10,89.489,38.6,0.9080177971488241
edf12,22,Punjabi,sentence_audio,active,11197,1.32375,8,97.46124999999998,47.25,0.7144770920782353
edf12,23,Punjabi,sentence_audio,active,10441,2.1577777777777776,9,74.04333333333334,27.11111111111111,0.8619863997701369
edf12,24,Punjabi,sentence_audio,active,10867,3.6928571428571435,14,112.51285714285714,44.857142857142854,1.2883040397533816
edf12,25,Punjabi,sentence_audio,passive,10535,2.88,10,83.701,31.8,0.9492168960607499
edf12,26,Punjabi,sentence_audio,passive,11072,3.4,15,117.57333333333334,58.0,1.3547687861271678
edf12,27,Punjabi,sentence_audio,passive,10482,2.82,13,94.18692307692307,44.46153846153846,1.240221331806907
edf12,28,Punjabi,sentence_audio,passive_dropped_agent,10233,3.1385714285714292,14,88.38214285714287,32.714285714285715,1.3681227401544023
edf12,29,Punjabi,sentence_audio,passive_dropped_agent,11059,2.423076923076923,13,102.1869230769231,41.07692307692308,1.1755131567049464
edf12,3,,free_viewing,,5793,3.17,9,87.8111111111111,31.11111111111111,1.5535991714137751
edf12,30,Punjabi,sentence_audio,passive_dropped_agent,10889,2.589375,16,72.269375,28.625,1.4693727615024337
edf12,31,English,sentence_audio,active,10908,2.7053846153846144,13,98.58153846153847,43.69230769230769,1.1917858452511918
edf12,32,English,sentence_audio,active,10840,2.160769230769231,13,108.12461538461538,60.76923076923077,1.1992619926199262
edf12,33,English,sentence_audio,active,10591,2.63,10,115.20000000000002,44.8,0.9441979038806535
edf12,34,English,sentence_audio,passive,10608,3.4130769230769236,13,100.5153846153846,52.30769230769231,1.2254901960784312
edf12,35,English,sentence_audio,passive,10524,3.7437500000000004,8,132.17624999999998,59.5,0.7601672367920943
edf12,36,English,sentence_audio,passive,10564,8.998333333333333,12,145.49666666666667,72.0,1.135933358576297
edf12,4,,free_viewing,,6075,2.654285714285714,7,75.95142857142856,29.428571428571427,1.1522633744855966
edf12,5,,free_viewing,,5955,2.0100000000000002,13,89.98923076923076,39.69230769230769,2.1830394626364398
edf12,6,,free_viewing,,5966,3.088235294117647,17,87.59294117647059,30.58823529411765,2.8494803888702647
edf12,7,,free_viewing,,5968,1.2037499999999999,8,101.42125,39.0,1.3404825737265416
edf12,8,,free_viewing,,6010,2.9258333333333333,12,89.22500000000001,31.0,1.9966722129783694
edf12,9,,free_viewing,,5813,2.6223076923076927,13,121.46615384615387,40.92307692307692,2.2363667641493206
edf13,1,,free_viewing,,5668,3.057619047619047,21,82.49380952380953,32.285714285714285,3.705010585744531
edf13,10,,free_viewing,,5856,4.4575,16,146.51625,62.125,2.73224043715847
edf13,11,,free_viewing,,5964,4.36,14,99.86857142857141,38.285714285714285,2.3474178403755865
edf13,12,,free_viewing,,5653,4.293529411764706,17,98.38470588235295,38.11764705882353,3.007252786131258
edf13,13,,free_viewing,,6022,3.35,3,98.99333333333334,33.333333333333336,0.49817336433078707
edf13,14,,free_viewing,,5997,3.8100000000000005,17,156.2329411764706,56.94117647058823,2.834750708687677
edf13,15,,free_viewing,,5965,2.8405882352941174,17,127.10055555555557,36.0,2.8499580888516345
edf13,16,,free_viewing,,5764,2.612222222222222,18,74.35222222222222,28.555555555555557,3.1228313671061763
edf13,17,,free_viewing,,6057,2.8960000000000004,15,193.74266666666665,74.13333333333334,2.476473501733531
edf13,18,,free_viewing,,5694,4.3772222222222235,18,118.8872222222222,51.22222222222222,3.161222339304531
edf13,19,Punjabi,sentence_audio,active,10467,3.7425,16,139.794375,61.25,1.528613738415974
edf13,2,,free_viewing,,5687,3.8428571428571425,21,98.37238095238096,33.333333333333336,3.6926323193247756
edf13,20,Punjabi,sentence_audio,active,10831,3.1833333333333327,15,185.20333333333338,59.06666666666667,1.3849136737143386
edf13,21,Punjabi,sentence_audio,active,11070,2.532222222222222,9,135.82555555555555,54.0,0.8130081300813008
edf13,22,Punjabi,sentence_audio,passive,10676,4.2837499999999995,16,156.90062500000002,61.875,1.4986886474334957
edf13,23,Punjabi,sentence_audio,passive,10992,7.862000000000001,15,158.31,63.333333333333336,1.3646288209606985
edf13,24,Punjabi,sentence_audio,passive,10617,4.512857142857143,14,162.98285714285717,76.28571428571429,1.3186399171140621
edf13,25,Punjabi,sentence_audio,passive_dropped_agent,10808,3.453333333333333,12,95.59250000000002,34.666666666666664,1.1102886750555145
edf13,26,Punjabi,sentence_audio,passive_dropped_agent,10697,3.772142857142857,14,120.41,55.0,1.308778162101524
edf13,27,Punjabi,sentence_audio,passive_dropped_agent,11061,2.2800000000000002,15,142.79199999999997,64.4,1.3561160835367507
edf13,28,English,sentence_audio,active,11192,4.160666666666667,15,174.9226666666667,77.46666666666667,1.34024303073624
edf13,29,English,sentence_audio,active,10368,2.825,4,87.82249999999999,31.0,0.38580246913580246
edf13,3,,free_viewing,,5973,2.5977777777777775,18,110.61555555555556,40.0,3.0135610246107483
edf13,30,English,sentence_audio,active,10505,2.47625,16,97.10249999999999,52.875,1.5230842455973346
edf13,31,English,sentence_audio,passive,10597,3.028571428571428,7,89.79428571428572,32.0,0.6605643106539587
edf13,32,English,sentence_audio,passive,10267,2.4,16,84.101875,50.5,1.5583909613324243
edf13,35,English,sentence_audio,passive_dropped_agent,11040,2.3969230769230774,13,202.24461538461537,80.76923076923077,1.177536231884058
edf13,36,English,sentence_audio,passive_dropped_agent,10212,2.6766666666666663,18,141.21500000000003,51.666666666666664,1.7626321974148063
edf13,4,,free_viewing,,6011,2.727727272727272,22,78.01772727272729,31.545454545454547,3.6599567459657294
edf13,5,,free_viewing,,5895,2.0166666666666666,21,67.53523809523809,27.142857142857142,3.56234096692112
edf13,6,,free_viewing,,6102,3.49578947368421,19,91.09736842105262,34.73684210526316,3.113733202228777
edf13,7,,free_viewing,,5793,3.072857142857143,21,89.24428571428572,31.428571428571427,3.625064733298809
edf13,8,,free_viewing,,5793,3.1984999999999997,20,86.012,31.9,3.452442603141723
edf13,9,,free_viewing,,6021,3.565555555555555,18,116.2838888888889,45.22222222222222,2.9895366218236172
edf14,1,,free_viewing,,6001,1.6200000000000003,14,61.25142857142856,24.857142857142858,2.3329445092484584
edf14,10,,free_viewing,,5939,3.2160000000000006,15,107.47866666666667,43.2,2.5256777235224783
edf14,11,,free_viewing,,5672,2.2614285714285716,14,108.76142857142857,54.0,2.4682651622002822
edf14,12,,free_viewing,,5720,3.2216666666666662,18,89.55777777777777,33.111111111111114,3.146853146853147
edf14,13,,free_viewing,,5889,2.51375,16,92.0175,43.125,2.71692986924775
edf14,14,,free_viewing,,5781,3.3272222222222223,18,107.2438888888889,40.77777777777778,3.1136481577581736
edf14,15,,free_viewing,,5666,4.19,16,129.27125,57.875,2.8238616307800917
edf14,16,,free_viewing,,6066,3.265333333333333,15,111.714,47.06666666666667,2.472799208704253
edf14,17,,free_viewing,,6112,4.144705882352942,17,109.97058823529413,43.88235294117647,2.781413612565445
edf14,18,,free_viewing,,5907,2.4121428571428574,14,97.36142857142856,40.714285714285715,2.3700694091755543
edf14,19,Punjabi,sentence_audio,passive,10919,2.4284615384615384,13,96.39692307692309,42.30769230769231,1.1905852184265957
edf14,2,,free_viewing,,5851,2.938571428571428,14,87.4492857142857,30.714285714285715,2.392753375491369
edf14,20,Punjabi,sentence_audio,passive,11020,2.867857142857143,14,101.72785714285715,47.857142857142854,1.2704174228675136
edf14,21,Punjabi,sentence_audio,passive,10422,1.7292857142857143,14,63.327857142857134,25.857142857142858,1.3433122241412396
edf14,22,Punjabi,sentence_audio,passive_dropped_agent,11037,2.789090909090909,11,90.3190909090909,53.45454545454545,0.9966476397571803
edf14,23,Punjabi,sentence_audio,passive_dropped_agent,10334,3.068666666666666,15,106.55199999999999,42.8,1.4515192568221407
edf14,24,Punjabi,sentence_audio,passive_dropped_agent,10313,2.5933333333333333,12,95.33230769230771,37.38461538461539,1.1635799476389024
edf14,25,English,sentence_audio,active,10953,2.9525,12,92.45916666666666,45.833333333333336,1.0955902492467817
edf14,26,English,sentence_audio,active,10395,2.6236363636363635,11,80.54909090909089,29.09090909090909,1.0582010582010581
edf14,27,English,sentence_audio,active,10267,2.205263157894737,19,83.18473684210528,33.578947368421055,1.8505892665822539
edf14,28,English,sentence_audio,passive,10589,3.5319999999999996,15,106.88400000000001,43.86666666666667,1.4165643592407215
edf14,29,English,sentence_audio,passive,10504,2.8536363636363635,11,86.11636363636363,30.727272727272727,1.0472201066260474
edf14,3,,free_viewing,,6024,2.664166666666666,12,82.79166666666667,31.0,1.9920318725099602
edf14,30,English,sentence_audio,passive,10253,2.3800000000000003,12,79.36333333333334,27.5,1.1703891543938358
edf14,31,English,sentence_audio,passive_dropped_agent,10341,2.72,15,97.51866666666666,42.8,1.4505366985784742
edf14,32,English,sentence_audio,passive_dropped_agent,10222,2.683333333333333,9,84.84111111111112,51.55555555555556,0.8804539229113677
edf14,33,English,sentence_audio,passive_dropped_agent,10566,2.048,10,83.885,45.2,0.946431951542684
edf14,34,Punjabi,sentence_audio,active,10606,2.176428571428571,14,94.93785714285715,51.285714285714285,1.3200075429002451
edf14,35,Punjabi,sentence_audio,active,10197,3.1766666666666663,12,88.62333333333333,34.333333333333336,1.1768167107972933
edf14,36,Punjabi,sentence_audio,active,10254,3.367777777777777,18,90.41666666666667,39.666666666666664,1.7554125219426566
edf14,4,,free_viewing,,5879,2.7123076923076925,13,106.76230769230772,43.23076923076923,2.2112604184385103
edf14,5,,free_viewing,,5655,1.93,13,68.21846153846153,26.76923076923077,2.2988505747126435
edf14,6,,free_viewing,,5662,1.5764285714285715,14,61.79214285714285,24.428571428571427,2.472624514305899
edf14,7,,free_viewing,,5681,2.724444444444444,18,82.81555555555556,31.0,3.168456257701109
edf14,8,,free_viewing,,5948,3.3613333333333335,15,93.07600000000001,34.8,2.5218560860793544
edf14,9,,free_viewing,,5860,3.771666666666667,12,113.35833333333335,46.833333333333336,2.04778156996587
edf15,1,,free_viewing,,5987,3.2478571428571423,14,89.28642857142857,33.142857142857146,2.3383998663771504
edf15,10,,free_viewing,,5915,3.021,20,84.9595,32.6,3.3812341504649197
edf15,11,,free_viewing,,5660,2.092857142857143,14,66.16214285714287,27.428571428571427,2.4734982332155475
edf15,12,,free_viewing,,5791,3.5823529411764703,17,108.00941176470587,40.8235294117647,2.9355897081678464
edf15,13,,free_viewing,,5689,2.3144999999999993,20,73.85499999999999,28.3,3.515556336790297
edf15,14,,free_viewing,,5790,2.305333333333333,15,147.21333333333334,61.46666666666667,2.5906735751295336
edf15,15,,free_viewing,,5933,2.526666666666666,15,88.91133333333332,36.0,2.5282319231417496
edf15,16,,free_viewing,,5639,3.176111111111111,18,124.21666666666664,50.333333333333336,3.192055328959035
edf15,17,,free_viewing,,5766,2.6545,20,77.8035,30.7,3.46860908775581
edf15,18,,free_viewing,,5743,2.5905882352941174,17,90.05705882352943,36.8235294117647,2.960125370015671
edf15,19,Punjabi,sentence_audio,passive_dropped_agent,11052,3.014705882352941,17,86.78941176470587,32.588235294117645,1.5381831342743395
edf15,2,,free_viewing,,5783,3.183333333333333,21,86.48238095238094,32.857142857142854,3.6313332180529136
edf15,20,Punjabi,sentence_audio,passive_dropped_agent,10473,1.8099999999999996,11,80.23727272727274,31.09090909090909,1.0503198701422705
edf15,21,Punjabi,sentence_audio,passive_dropped_agent,11112,1.798888888888889,18,61.25277777777779,26.11111111111111,1.6198704103671706
edf15,22,English,sentence_audio,active,10627,3.5164999999999997,20,91.4375,33.6,1.881998682600922
edf15,23,English,sentence_audio,active,10897,3.758421052631579,19,97.48894736842107,34.421052631578945,1.7435991557309352
edf15,24,English,sentence_audio,active,10182,3.325714285714285,21,120.3804761904762,54.476190476190474,2.0624631703005303
edf15,25,English,sentence_audio,passive,10286,3.073076923076923,13,91.28461538461539,44.0,1.2638537818393933
edf15,26,English,sentence_audio,passive,10322,3.1976923076923076,13,116.62769230769229,49.84615384615385,1.2594458438287155
edf15,27,English,sentence_audio,passive,10865,2.5042857142857144,14,88.89714285714285,39.285714285714285,1.2885411872986654
edf15,28,English,sentence_audio,passive_dropped_agent,10554,2.655238095238095,21,116.58190476190478,44.857142857142854,1.9897669130187605
edf15,29,English,sentence_audio,passive_dropped_agent,10405,3.005294117647059,17,84.20941176470588,31.294117647058822,1.6338298894762135
edf15,3,,free_viewing,,6024,3.81,18,98.15888888888887,36.333333333333336,2.9880478087649402
edf15,30,English,sentence_audio,passive_dropped_agent,10720,3.73,16,131.92687500000002,68.875,1.4925373134328357
edf15,31,Punjabi,sentence_audio,active,10591,2.751052631578947,19,129.5457894736842,47.473684210526315,1.7939760173732415
edf15,32,Punjabi,sentence_audio,active,10420,2.9612499999999997,16,99.88124999999998,57.125,1.5355086372360844
edf15,33,Punjabi,sentence_audio,active,10713,2.733157894736842,19,79.40157894736842,32.63157894736842,1.7735461588723982
edf15,34,Punjabi,sentence_audio,passive,10564,2.63,17,112.04411764705884,51.64705882352941,1.6092389246497538
edf15,35,Punjabi,sentence_audio,passive,10834,2.2100000000000004,15,71.11933333333332,28.8,1.3845301827579841
edf15,36,Punjabi,sentence_audio,passive,10799,2.816842105263158,19,86.27842105263159,37.473684210526315,1.7594221687193259
edf15,4,,free_viewing,,5790,1.9500000000000002,18,121.92166666666668,40.333333333333336,3.1088082901554404
edf15,5,,free_viewing,,6033,2.646,20,79.053,30.9,3.315100281783524
edf15,6,,free_viewing,,6120,2.8776470588235297,17,128.34764705882353,44.588235294117645,2.7777777777777777
edf15,7,,free_viewing,,5786,2.0991666666666666,12,104.2675,37.166666666666664,2.073971655720705
edf15,8,,free_viewing,,5697,2.8790476190476193,21,87.71571428571428,36.0,3.686150605581885
edf15,9,,free_viewing,,6031,3.0205,20,83.08849999999998,31.2,3.3161996352180405
edf16,1,,free_viewing,,6100,3.1872727272727275,11,139.86,42.36363636363637,1.8032786885245902
edf16,10,,free_viewing,,6054,3.1320000000000006,10,112.228,39.6,1.6518004625041294
edf16,11,,free_viewing,,5645,2.838333333333333,6,158.25666666666666,52.0,1.062887511071745
edf16,12,,free_viewing,,6029,4.022,5,103.91,37.2,0.829324929507381
edf16,13,,free_viewing,,5718,4.1579999999999995,10,97.761,40.0,1.7488632388947185
edf16,14,,free_viewing,,6055,1.9899999999999998,4,152.64749999999998,51.0,0.6606110652353427
edf16,15,,free_viewing,,6133,4.345714285714286,14,199.91571428571433,52.714285714285715,2.282732757215066
edf16,16,,free_viewing,,5991,3.5149999999999997,4,102.2775,33.0,0.6676681689200468
edf16,17,,free_viewing,,5697,3.783333333333333,6,90.46666666666665,39.0,1.05318588730911
edf16,18,,free_viewing,,6074,2.69,5,169.252,62.8,0.8231807704972012
edf16,19,English,sentence_audio,active,10205,4.013999999999999,10,129.078,52.4,0.9799118079372856
edf16,2,,free_viewing,,5689,4.379090909090909,11,99.9372727272727,41.45454545454545,1.9335559852346633
edf16,20,English,sentence_audio,active,10476,1.2285714285714284,7,177.93,48.0,0.6681939671630392
edf16,21,English,sentence_audio,active,10750,1.28,1,368.67,146.0,0.09302325581395349
edf16,22,English,sentence_audio,passive,10825,2.5144444444444445,9,121.3188888888889,41.77777777777778,0.8314087759815243
edf16,23,English,sentence_audio,passive,10485,4.135,8,110.18875,36.0,0.7629947544110635
edf16,24,English,sentence_audio,passive,10956,1.802,5,161.21800000000002,50.8,0.45637093829864916
edf16,25,English,sentence_audio,passive_dropped_agent,11118,2.847142857142857,7,127.66714285714286,46.0,0.6296096420219464
edf16,26,English,sentence_audio,passive_dropped_agent,10227,3.2222222222222223,9,116.95444444444443,48.666666666666664,0.8800234672924611
edf16,27,English,sentence_audio,passive_dropped_agent,10857,1.538,5,233.012,74.8,0.46053237542599246
edf16,28,Punjabi,sentence_audio,active,10995,2.5855555555555556,9,163.07333333333335,58.44444444444444,0.8185538881309686
edf16,29,Punjabi,sentence_audio,active,10186,2.412857142857143,7,129.20428571428573,49.714285714285715,0.6872177498527391
edf16,3,,free_viewing,,6117,3.4958823529411767,17,86.84411764705884,34.11764705882353,2.7791401013568744
edf16,30,Punjabi,sentence_audio,active,11048,2.6300000000000003,9,220.68888888888893,50.888888888888886,0.8146270818247646
edf16,31,Punjabi,sentence_audio,passive,10255,1.9899999999999995,6,197.42166666666665,76.66666666666667,0.5850804485616772
edf16,32,Punjabi,sentence_audio,passive,10800,5.1675,4,189.3125,72.0,0.37037037037037035
edf16,33,Punjabi,sentence_audio,passive,10735,2.1149999999999998,6,163.69666666666666,51.666666666666664,0.5589194224499302
edf16,34,Punjabi,sentence_audio,passive_dropped_agent,10627,3.378,5,206.95999999999998,62.0,0.4704996706502305
edf16,35,Punjabi,sentence_audio,passive_dropped_agent,10878,3.2325,4,151.475,89.5,0.36771465342893916
edf16,36,Punjabi,sentence_audio,passive_dropped_agent,10877,1.99875,8,134.64624999999998,43.5,0.735496920106647
edf16,4,,free_viewing,,6108,2.581818181818182,11,134.04363636363635,40.72727272727273,1.8009168303863787
edf16,5,,free_viewing,,5918,4.411333333333332,15,124.06933333333332,47.46666666666667,2.5346400811084826
edf16,6,,free_viewing,,6115,3.6350000000000002,8,122.86999999999999,51.75,1.3082583810302535
edf16,7,,free_viewing,,5779,3.872,10,165.304,63.0,1.7304031839418585
edf16,8,,free_viewing,,5812,3.325,10,139.11399999999998,49.6,1.7205781142463867
edf16,9,,free_viewing,,6059,2.89125,8,88.61375,31.25,1.320349892721571
edf17,1,,free_viewing,,5688,3.574615384615384,13,93.17692307692306,36.15384615384615,2.2855133614627285
edf17,10,,free_viewing,,5849,2.145,2,74.115,28.0,0.34193879295606083
edf17,11,,free_viewing,,5770,3.4819999999999998,15,94.788,33.333333333333336,2.5996533795493937
edf17,12,,free_viewing,,5775,2.3766666666666665,12,116.37583333333335,68.83333333333333,2.0779220779220777
edf17,13,,free_viewing,,5774,3.295,18,86.99555555555555,33.333333333333336,3.1174229303775545
edf17,14,,free_viewing,,6054,2.5766666666666667,3,84.23333333333333,28.666666666666668,0.4955401387512388
edf17,15,,free_viewing,,6026,3.8579999999999997,5,95.68199999999999,37.2,0.8297378028542981
edf17,16,,free_viewing,,5737,4.421333333333333,15,102.76333333333332,37.733333333333334,2.6146069374237406
edf17,17,,free_viewing,,5773,3.3676470588235294,17,88.32705882352941,35.411764705882355,2.944742768058202
edf17,18,,free_viewing,,5849,3.1458333333333335,12,89.68666666666667,31.5,2.0516327577363653
edf17,19,English,sentence_audio,passive,10420,3.983125,16,129.56294117647056,43.64705882352941,1.5355086372360844
edf17,2,,free_viewing,,5654,3.561764705882353,17,86.73294117647058,36.0,3.0067209055535904
edf17,20,English,sentence_audio,passive,10850,2.4655555555555555,9,114.7988888888889,75.55555555555556,0.8294930875576038
edf17,21,English,sentence_audio,passive,10527,1.9009090909090909,11,79.16545454545454,40.90909090909091,1.044932079414838
edf17,22,English,sentence_audio,passive_dropped_agent,10945,3.9957142857142856,14,104.67857142857143,37.857142857142854,1.2791228871630882
edf17,23,English,sentence_audio,passive_dropped_agent,10251,3.412666666666667,15,85.842,36.53333333333333,1.463271875914545
edf17,24,English,sentence_audio,passive_dropped_agent,10390,3.6907142857142863,14,88.32285714285715,35.0,1.3474494706448508
edf17,25,Punjabi,sentence_audio,active,10614,3.670833333333333,12,104.38666666666666,51.333333333333336,1.130582249858677
edf17,26,Punjabi,sentence_audio,active,10507,3.582499999999999,12,111.24307692307693,44.46153846153846,1.1420957456933474
edf17,27,Punjabi,sentence_audio,active,10223,2.54,8,100.66875000000002,51.75,0.7825491538687274
edf17,28,Punjabi,sentence_audio,passive,10547,1.6225,8,83.01625,42.25,0.7585095287759552
edf17,29,Punjabi,sentence_audio,passive,10840,2.98,19,86.03684210526315,42.94736842105263,1.7527675276752768
edf17,3,,free_viewing,,6106,3.2866666666666666,15,88.09733333333334,32.666666666666664,2.456600065509335
edf17,30,Punjabi,sentence_audio,passive,10206,2.59,17,78.07000000000001,29.647058823529413,1.6656868508720362
edf17,31,Punjabi,sentence_audio,passive_dropped_agent,10776,3.007333333333334,15,88.58200000000001,53.06666666666667,1.3919821826280623
edf17,32,Punjabi,sentence_audio,passive_dropped_agent,10825,2.36,6,75.14,30.0,0.5542725173210162
edf17,33,Punjabi,sentence_audio,passive_dropped_agent,10710,2.197777777777778,9,77.82777777777777,27.555555555555557,0.8403361344537814
edf17,34,English,sentence_audio,active,10479,2.598,10,85.06200000000001,54.0,0.9542895314438401
edf17,35,English,sentence_audio,active,10559,2.1115384615384616,13,68.72000000000001,28.153846153846153,1.2311771948101147
edf17,36,English,sentence_audio,active,10199,4.1946153846153855,13,100.70692307692308,39.84615384615385,1.2746347681145211
edf17,4,,free_viewing,,6070,3.1980000000000004,15,89.85200000000002,32.666666666666664,2.471169686985173
edf17,5,,free_viewing,,5934,4.542666666666666,15,108.92266666666664,39.46666666666667,2.5278058645096055
edf17,6,,free_viewing,,6105,2.32,13,83.07846153846154,47.53846153846154,2.1294021294021293
edf17,7,,free_viewing,,5684,2.2790909090909093,11,78.5218181818182,28.181818181818183,1.9352568613652357
edf17,8,,free_viewing,,6100,3.5807142857142855,14,87.75,35.42857142857143,2.295081967213115
edf17,9,,free_viewing,,5710,4.574,15,113.11133333333335,37.86666666666667,2.626970227670753
edf18,1,,free_viewing,,5800,2.7655555555555558,18,79.76388888888891,30.555555555555557,3.103448275862069
edf18,10,,free_viewing,,5751,4.049444444444445,18,168.02722222222224,59.77777777777778,3.1298904538341157
edf18,11,,free_viewing,,5915,3.2837500000000004,16,97.69999999999999,45.75,2.7049873203719357
edf18,12,,free_viewing,,5893,3.1876923076923074,13,156.24307692307693,62.15384615384615,2.2060071270999493
edf18,13,,free_viewing,,5684,2.496153846153846,13,148.43153846153848,53.07692307692308,2.287121745249824
edf18,14,,free_viewing,,6008,2.8017647058823525,17,79.80823529411767,32.588235294117645,2.829560585885486
edf18,15,,free_viewing,,5826,2.4766666666666666,15,91.93333333333335,39.86666666666667,2.5746652935118437
edf18,16,,free_viewing,,5638,2.933684210526316,19,114.00578947368422,41.578947368421055,3.3699893579283433
edf18,17,,free_viewing,,5653,2.970952380952381,21,105.10142857142857,40.857142857142854,3.714841676985672
edf18,18,,free_viewing,,5708,2.810588235294117,17,124.66705882352939,42.23529411764706,2.9782761037140855
edf18,19,English,sentence_audio,passive_dropped_agent,11161,2.754666666666666,15,155.01466666666664,55.733333333333334,1.3439655944807813
edf18,2,,free_viewing,,6080,3.097857142857143,14,81.56642857142857,34.57142857142857,2.3026315789473686
edf18,20,English,sentence_audio,passive_dropped_agent,10374,2.0214285714285714,14,230.40285714285716,62.285714285714285,1.3495276653171389
edf18,21,English,sentence_audio,passive_dropped_agent,10618,1.5041666666666667,12,232.36500000000004,63.166666666666664,1.1301563382934638
edf18,22,Punjabi,sentence_audio,active,10483,2.3493749999999993,16,189.90062500000005,56.75,1.5262806448535724
edf18,23,Punjabi,sentence_audio,active,10220,2.328125,16,120.07125000000002,49.375,1.5655577299412915
edf18,24,Punjabi,sentence_audio,active,10398,2.896875,16,141.335,53.125,1.5387574533564148
edf18,25,Punjabi,sentence_audio,passive,10512,3.444285714285715,14,136.13714285714283,56.57142857142857,1.3318112633181125
edf18,26,Punjabi,sentence_audio,passive,10308,3.6933333333333334,12,162.32000000000002,72.83333333333333,1.1641443538998837
edf18,27,Punjabi,sentence_audio,passive,10400,2.0657894736842106,19,137.4021052631579,53.05263157894737,1.8269230769230769
edf18,28,Punjabi,sentence_audio,passive_dropped_agent,11140,1.9799999999999998,11,190.3527272727273,57.45454545454545,0.9874326750448833
edf18,29,Punjabi,sentence_audio,passive_dropped_agent,11055,2.7306250000000003,16,100.85312499999999,45.375,1.4473089099954772
edf18,3,,free_viewing,,5809,2.3649999999999998,18,98.16777777777777,36.111111111111114,3.0986400413152007
edf18,30,Punjabi,sentence_audio,passive_dropped_agent,10339,2.2523076923076926,13,173.96615384615384,63.38461538461539,1.257374987909856
edf18,31,English,sentence_audio,active,10435,2.620833333333333,12,118.51333333333336,61.0,1.149976042165788
edf18,32,English,sentence_audio,active,10961,3.075833333333333,12,108.86083333333335,46.166666666666664,1.0947906212936775
edf18,33,English,sentence_audio,active,10821,1.9316666666666664,12,151.77333333333334,69.0,1.1089548100914888
edf18,34,English,sentence_audio,passive,10252,1.66,12,62.52250000000001,26.166666666666668,1.1705033164260632
edf18,35,English,sentence_audio,passive,10781,1.9715384615384617,13,83.01769230769231,40.76923076923077,1.2058250626101474
edf18,36,English,sentence_audio,passive,10969,3.5042857142857144,14,128.93928571428572,54.0,1.2763241863433312
edf18,4,,free_viewing,,5942,1.8312499999999998,16,166.88875000000002,47.5,2.6926960619320095
edf18,5,,free_viewing,,6125,2.4936363636363637,11,74.77545454545454,31.636363636363637,1.7959183673469388
edf18,6,,free_viewing,,5893,3.578125,16,88.788125,36.625,2.7150856948922453
edf18,7,,free_viewing,,5751,1.9446153846153846,13,68.0076923076923,27.846153846153847,2.2604764388801946
edf18,8,,free_viewing,,5821,2.767777777777778,18,78.10722222222222,32.0,3.0922521903453015
edf18,9,,free_viewing,,6106,2.904285714285714,14,141.55785714285716,44.0,2.2928267278087127
edf19,1,,free_viewing,,5815,3.430666666666667,15,85.21333333333334,34.0,2.579535683576956
edf19,10,,free_viewing,,5784,2.01625,8,65.65124999999999,27.25,1.3831258644536653
edf19,11,,free_viewing,,5916,3.2359999999999998,10,107.952,93.4,1.6903313049357673
edf19,12,,free_viewing,,6039,4.448181818181819,11,233.63636363636363,67.63636363636364,1.8214936247723135
edf19,13,,free_viewing,,5991,3.4650000000000007,10,87.54099999999998,35.4,1.669170422300117
edf19,14,,free_viewing,,5811,1.2844444444444447,9,129.86111111111111,36.666666666666664,1.5487867836861127
edf19,15,,free_viewing,,5660,2.2422222222222223,9,68.95555555555556,29.333333333333332,1.5901060070671378
edf19,16,,free_viewing,,5928,2.624166666666667,12,188.48583333333332,56.666666666666664,2.0242914979757085
edf19,17,,free_viewing,,5760,1.9528571428571424,14,111.16785714285716,39.142857142857146,2.430555555555556
edf19,18,,free_viewing,,5924,4.6433333333333335,6,102.84333333333332,81.33333333333333,1.012829169480081
edf19,19,Punjabi,sentence_audio,active,11054,3.436428571428571,14,127.95500000000003,47.42857142857143,1.2665098606839154
edf19,2,,free_viewing,,6132,3.0349999999999997,14,116.40285714285712,45.714285714285715,2.2831050228310503
edf19,20,Punjabi,sentence_audio,active,10780,1.5244444444444443,9,60.287777777777784,24.666666666666668,0.8348794063079777
edf19,21,Punjabi,sentence_audio,active,10598,1.6871428571428573,14,113.43857142857145,36.57142857142857,1.321003963011889
edf19,22,Punjabi,sentence_audio,passive,11042,2.9050000000000002,10,476.032,312.4,0.9056330374932078
edf19,23,Punjabi,sentence_audio,passive,10261,3.3976470588235292,17,216.41058823529414,62.8235294117647,1.6567586005262647
edf19,24,Punjabi,sentence_audio,passive,10240,4.3753846153846165,13,376.1407692307693,160.30769230769232,1.26953125
edf19,25,Punjabi,sentence_audio,passive_dropped_agent,10356,8.32,10,643.3109999999999,316.4,0.9656237929702588
edf19,26,Punjabi,sentence_audio,passive_dropped_agent,10406,3.4170000000000003,10,445.42600000000004,224.8,0.9609840476648087
edf19,27,Punjabi,sentence_audio,passive_dropped_agent,10191,2.9725,12,75.75083333333335,35.333333333333336,1.177509567265234
edf19,28,English,sentence_audio,active,11155,2.462727272727273,11,219.62,63.45454545454545,0.9861048857014793
edf19,29,English,sentence_audio,active,10548,2.65,9,144.68888888888887,36.0,0.8532423208191127
edf19,3,,free_viewing,,5944,4.054666666666667,15,137.99466666666666,47.2,2.5235531628532977
edf19,30,English,sentence_audio,active,10804,2.81,8,192.68125,58.25,0.7404664938911514
edf19,31,English,sentence_audio,passive,11003,2.408181818181818,11,172.63454545454545,51.63636363636363,0.999727347087158
edf19,32,English,sentence_audio,passive,10683,3.6755555555555555,9,200.89888888888888,128.0,0.8424599831508004
edf19,33,English,sentence_audio,passive,10277,3.482,10,87.892,76.4,0.9730466089325679
edf19,34,English,sentence_audio,passive_dropped_agent,11072,4.842727272727273,11,122.67545454545456,100.72727272727273,0.9934971098265897
edf19,35,English,sentence_audio,passive_dropped_agent,10387,4.818461538461538,13,316.5038461538462,146.92307692307693,1.2515644555694618
edf19,36,English,sentence_audio,passive_dropped_agent,10638,1.7033333333333336,9,61.525555555555556,31.11111111111111,0.8460236886632826
edf19,4,,free_viewing,,5773,3.3207142857142857,14,124.43214285714285,47.142857142857146,2.425082279577343
edf19,5,,free_viewing,,5747,2.6399999999999997,13,73.33384615384615,29.846153846153847,2.262049765094832
edf19,6,,free_viewing,,6107,3.4288888888888893,9,90.26333333333334,36.0,1.473718683477976
edf19,7,,free_viewing,,5804,2.1792307692307693,13,64.11538461538463,28.923076923076923,2.2398345968297724
edf19,8,,free_viewing,,5649,1.6616666666666664,6,186.25666666666666,42.666666666666664,1.0621348911311737
edf19,9,,free_viewing,,6072,2.5349999999999997,12,74.27583333333332,31.833333333333332,1.976284584980237
edf20,1,,free_viewing,,5933,2.4050000000000002,4,229.9525,64.5,0.6741951795044666
edf20,10,,free_viewing,,5974,3.3207692307692303,13,86.18153846153845,33.84615384615385,2.176096417810512
edf20,11,,free_viewing,,6132,2.4939999999999998,10,74.05699999999999,29.2,1.6307893020221789
edf20,12,,free_viewing,,5851,3.133125,16,87.22312500000001,37.25,2.73457528627585
edf20,13,,free_viewing,,5999,4.5683333333333325,6,108.16333333333334,39.333333333333336,1.0001666944490748
edf20,14,,free_viewing,,5733,3.962,15,96.19400000000003,36.93333333333333,2.6164311878597593
edf20,15,,free_viewing,,5758,2.973846153846154,13,84.90076923076921,31.076923076923077,2.2577283779089963
edf20,16,,free_viewing,,6126,3.6222222222222222,9,96.29222222222222,35.333333333333336,1.4691478942213516
edf20,17,,free_viewing,,5643,3.8009999999999997,10,92.48299999999999,43.0,1.77210703526493
edf20,18,,free_viewing,,6093,2.7544444444444447,9,81.54777777777777,31.77777777777778,1.4771048744460857
edf20,19,Punjabi,sentence_audio,passive,10742,2.729,10,144.40699999999998,43.8,0.9309253397877489
edf20,2,,free_viewing,,6126,4.000666666666667,15,97.154,37.333333333333336,2.4485798237022527
edf20,20,Punjabi,sentence_audio,passive,10671,1.921,10,137.597,42.8,0.93711929528629
edf20,21,Punjabi,sentence_audio,passive,10647,1.73875,8,59.184999999999995,28.5,0.7513853667699821
edf20,22,Punjabi,sentence_audio,passive_dropped_agent,10211,3.385555555555556,9,100.89444444444445,47.111111111111114,0.8814024091665851
edf20,23,Punjabi,sentence_audio,passive_dropped_agent,10684,3.554,10,233.21300000000002,55.2,0.9359790340696369
edf20,24,Punjabi,sentence_audio,passive_dropped_agent,11052,2.675555555555556,9,75.4388888888889,30.0,0.8143322475570033
edf20,25,English,sentence_audio,active,10635,2.68375,8,152.4225,47.0,0.7522331922896098
edf20,26,English,sentence_audio,active,10974,4.321666666666666,12,101.90416666666665,38.833333333333336,1.0934937124111537
edf20,27,English,sentence_audio,active,10615,2.223333333333333,6,75.73,28.666666666666668,0.5652378709373528
edf20,28,English,sentence_audio,passive,10618,2.581666666666667,12,80.135,30.5,1.1301563382934638
edf20,29,English,sentence_audio,passive,10899,4.048571428571429,7,98.57142857142857,35.714285714285715,0.6422607578676943
edf20,3,,free_viewing,,5983,2.55625,8,172.17999999999998,50.0,1.3371218452281466
edf20,30,English,sentence_audio,passive,10935,2.7020000000000004,5,103.03999999999999,50.0,0.45724737082761774
edf20,31,English,sentence_audio,passive_dropped_agent,10323,2.6699999999999995,5,202.30200000000002,55.6,0.48435532306500045
edf20,32,English,sentence_audio,passive_dropped_agent,10478,3.45,5,154.156,47.2,0.47719030349303304
edf20,33,English,sentence_audio,passive_dropped_agent,10695,2.952,5,102.35000000000001,48.0,0.46750818139317435
edf20,34,Punjabi,sentence_audio,active,10663,2.7199999999999998,10,73.934,30.8,0.9378223764419019
edf20,35,Punjabi,sentence_audio,active,10699,2.260909090909091,11,72.65,34.0,1.028133470417796
edf20,36,Punjabi,sentence_audio,active,10196,3.119230769230769,13,92.43153846153847,41.23076923076923,1.275009807767752
edf20,4,,free_viewing,,5932,2.4111111111111105,9,127.52777777777777,50.44444444444444,1.5171948752528657
edf20,5,,free_viewing,,6033,3.56375,16,88.05625,34.75,2.652080225426819
edf20,6,,free_viewing,,5831,3.2433333333333336,12,85.0225,32.166666666666664,2.057966043560281
edf20,7,,free_viewing,,6004,2.2455555555555557,9,69.21777777777777,28.0,1.4990006662225184
edf20,8,,free_viewing,,5844,2.9425000000000003,12,81.91083333333334,31.666666666666668,2.0533880903490758
edf20,9,,free_viewing,,6000,3.5133333333333336,6,94.65333333333335,37.0,1.0
edf21,1,,free_viewing,,5841,2.782142857142858,14,233.5914285714286,59.714285714285715,2.396849854476973
edf21,10,,free_viewing,,5888,2.2816666666666667,12,108.52749999999997,40.166666666666664,2.0380434782608696
edf21,11,,free_viewing,,5958,2.9366666666666674,12,119.4166666666667,57.5,2.014098690835851
edf21,12,,free_viewing,,5878,2.3592307692307695,13,94.78923076923076,40.76923076923077,2.2116366110922083
edf21,13,,free_viewing,,5658,2.8363636363636364,11,140.4618181818182,62.0,1.9441498762813714
edf21,14,,free_viewing,,5713,2.791818181818182,11,146.54181818181817,72.0,1.9254332224750568
edf21,15,,free_viewing,,5940,2.708333333333333,18,108.63833333333332,46.22222222222222,3.0303030303030303
edf21,16,,free_viewing,,5677,2.725,20,132.34,49.5,3.5229874933943988
edf21,17,,free_viewing,,6023,2.959285714285715,14,120.41357142857143,55.42857142857143,2.324423044994189
edf21,18,,free_viewing,,5789,2.551875,16,140.823125,56.0,2.7638624978407327
edf21,19,Punjabi,sentence_audio,passive_dropped_agent,11151,3.493333333333333,15,124.44866666666668,55.46666666666667,1.3451708366962605
edf21,2,,free_viewing,,5878,3.5021428571428572,14,85.11642857142856,35.142857142857146,2.3817625042531474
edf21,20,Punjabi,sentence_audio,passive_dropped_agent,11152,3.6075,12,101.95166666666667,51.666666666666664,1.0760401721664277
edf21,21,Punjabi,sentence_audio,passive_dropped_agent,11166,2.246153846153846,13,134.31999999999996,64.46153846153847,1.1642486118574242
edf21,22,English,sentence_audio,active,10371,2.5430769230769226,13,99.42230769230767,55.53846153846154,1.253495323498216
edf21,23,English,sentence_audio,active,10580,2.349230769230769,13,128.93615384615384,52.30769230769231,1.2287334593572778
edf21,24,English,sentence_audio,active,10248,2.6514285714285712,14,119.44285714285714,51.857142857142854,1.3661202185792352
edf21,25,English,sentence_audio,passive,11137,2.5869230769230764,13,116.28307692307693,78.15384615384616,1.167280237047679
edf21,26,English,sentence_audio,passive,10309,1.5157142857142856,7,171.25428571428571,71.71428571428571,0.6790183334950044
edf21,27,English,sentence_audio,passive,10372,4.91,13,134.18923076923076,62.0,1.253374469726186
edf21,28,English,sentence_audio,passive_dropped_agent,10224,3.0076923076923086,13,140.0223076923077,57.38461538461539,1.2715179968701096
edf21,29,English,sentence_audio,passive_dropped_agent,10911,2.3166666666666664,3,234.28,151.33333333333334,0.27495188342040144
edf21,3,,free_viewing,,5863,3.65764705882353,17,137.75705882352943,44.470588235294116,2.8995394849053384
edf21,30,English,sentence_audio,passive_dropped_agent,11080,2.99625,8,120.4,72.5,0.7220216606498195
edf21,31,Punjabi,sentence_audio,active,10835,2.9071428571428575,7,134.81285714285715,90.28571428571429,0.6460544531610521
edf21,32,Punjabi,sentence_audio,active,10566,2.997,10,135.331,83.2,0.946431951542684
edf21,33,Punjabi,sentence_audio,active,10682,2.6149999999999998,6,226.00999999999996,266.6666666666667,0.5616925669350309
edf21,34,Punjabi,sentence_audio,passive,10362,4.476666666666667,3,171.6,131.33333333333334,0.2895193977996526
edf21,35,Punjabi,sentence_audio,passive,10381,2.7,1,82.92,32.0,0.0963298333493883
edf21,36,Punjabi,sentence_audio,passive,10899,2.7744444444444443,9,115.47111111111111,65.33333333333333,0.8257638315441784
edf21,4,,free_viewing,,6050,1.8127777777777776,18,92.31388888888888,32.111111111111114,2.9752066115702482
edf21,5,,free_viewing,,6103,3.0,12,149.56083333333333,60.5,1.9662461084712437
edf21,6,,free_viewing,,5642,2.776,10,154.834,55.2,1.772421127259837
edf21,7,,free_viewing,,5841,3.603529411764706,17,128.0370588235294,53.76470588235294,2.9104605375791817
edf21,8,,free_viewing,,5709,2.2399999999999998,12,144.19166666666663,49.166666666666664,2.1019442984760905
edf21,9,,free_viewing,,5948,3.0256250000000002,16,98.06624999999998,42.0,2.6899798251513114
edf22,1,,free_viewing,,5956,2.46,13,74.76846153846155,32.61538461538461,2.1826729348556078
edf22,10,,free_viewing,,6039,3.1927272727272733,22,96.30409090909092,95.36363636363636,3.642987249544627
edf22,11,,free_viewing,,5795,1.6345161290322578,31,59.799032258064514,36.516129032258064,5.349439171699741
edf22,12,,free_viewing,,5715,2.7758536585365863,41,81.17926829268295,39.1219512195122,7.1741032370953635
edf22,13,,free_viewing,,6067,2.0727586206896556,29,73.52931034482759,43.6551724137931,4.779957145211801
edf22,14,,free_viewing,,5913,2.1592307692307697,26,87.74576923076924,79.3076923076923,4.397091155082022
edf22,15,,free_viewing,,5840,3.1426666666666665,15,110.32066666666667,68.8,2.568493150684932
edf22,16,,free_viewing,,5883,1.5967999999999998,25,58.8316,29.04,4.249532551419344
edf22,17,,free_viewing,,6101,1.9385714285714286,28,66.62214285714285,25.214285714285715,4.589411571873463
edf22,18,,free_viewing,,6134,1.433125,32,66.174375,76.8125,5.2168242582328
edf22,19,English,sentence_audio,active,10653,1.8765,20,64.06550000000001,27.2,1.8774054257016801
edf22,2,,free_viewing,,5996,2.571818181818182,22,83.42636363636363,40.54545454545455,3.669112741827885
edf22,20,English,sentence_audio,active,10617,1.4508695652173909,23,55.943478260869576,24.434782608695652,2.166337006687388
edf22,21,English,sentence_audio,active,11010,1.6976190476190476,21,69.74809523809525,38.666666666666664,1.9073569482288828
edf22,22,English,sentence_audio,passive,11115,2.1123076923076924,13,88.98769230769231,44.46153846153846,1.1695906432748537
edf22,23,English,sentence_audio,passive,11023,2.6047999999999996,25,78.8512,44.56,2.2679851220175995
edf22,24,English,sentence_audio,passive,10525,3.242580645161291,31,105.86870967741935,54.0,2.9453681710213777
edf22,25,English,sentence_audio,passive_dropped_agent,10735,2.527727272727272,22,84.61454545454546,62.45454545454545,2.049371215649744
edf22,26,English,sentence_audio,passive_dropped_agent,11089,2.95695652173913,23,76.55086956521738,123.30434782608695,2.074127513752367
edf22,27,English,sentence_audio,passive_dropped_agent,10737,1.6741666666666666,12,89.3575,99.66666666666667,1.1176306230790725
edf22,28,Punjabi,sentence_audio,active,10708,1.492,20,56.626999999999995,24.0,1.8677624206200971
edf22,29,Punjabi,sentence_audio,active,11019,1.8842105263157893,19,76.40263157894736,38.0,1.724294400580815
edf22,3,,free_viewing,,5831,1.946521739130435,23,65.59956521739132,26.434782608695652,3.944434916823872
edf22,30,Punjabi,sentence_audio,active,10436,2.1134782608695653,23,95.31826086956521,96.34782608695652,2.2039095438865464
edf22,31,Punjabi,sentence_audio,passive,11087,5.299047619047619,21,109.30199999999999,206.85714285714286,1.8941102191756112
edf22,32,Punjabi,sentence_audio,passive,10863,2.39,15,95.35733333333332,45.333333333333336,1.3808340237503454
edf22,33,Punjabi,sentence_audio,passive,11104,1.0850000000000002,22,74.36863636363637,72.18181818181819,1.9812680115273777
edf22,34,Punjabi,sentence_audio,passive_dropped_agent,10715,3.2685714285714282,14,68.05571428571429,251.57142857142858,1.306579561362576
edf22,35,Punjabi,sentence_audio,passive_dropped_agent,10763,1.4965,20,66.94149999999999,115.0,1.85821796896776
edf22,36,Punjabi,sentence_audio,passive_dropped_agent,10506,2.784615384615385,26,82.12653846153846,53.46153846153846,2.474776318294308
edf22,4,,free_viewing,,5957,1.9357894736842103,19,89.10263157894737,57.473684210526315,3.1895249286553633
edf22,5,,free_viewing,,5963,2.4029411764705886,17,74.71235294117648,28.58823529411765,2.85091396947845
edf22,6,,free_viewing,,6055,3.1233333333333335,24,91.125,58.916666666666664,3.9636663914120565
edf22,7,,free_viewing,,6054,2.371052631578947,19,83.96631578947367,43.68421052631579,3.138420878757846
edf22,8,,free_viewing,,6037,2.778888888888889,27,79.967037037037,30.962962962962962,4.472420076196786
edf22,9,,free_viewing,,6138,2.193076923076924,26,68.67807692307693,42.38461538461539,4.235907461713913
edf23,1,,free_viewing,,5719,4.1499999999999995,8,101.98249999999999,38.5,1.398845952089526
edf23,10,,free_viewing,,5970,3.050714285714286,14,83.23357142857144,32.57142857142857,2.345058626465662
edf23,11,,free_viewing,,5792,2.9990909090909095,11,107.50818181818181,51.45454545454545,1.899171270718232
edf23,12,,free_viewing,,6029,3.1046666666666662,15,86.00466666666668,53.46666666666667,2.487974788522143
edf23,13,,free_viewing,,6081,3.014705882352941,17,81.3964705882353,41.05882352941177,2.7955928301266235
edf23,14,,free_viewing,,5854,3.4799999999999995,16,151.420625,35.75,2.733173898189272
edf23,15,,free_viewing,,5865,3.261428571428571,14,82.20642857142856,43.0,2.3870417732310316
edf23,16,,free_viewing,,5697,3.32625,16,80.305,55.375,2.80849569949096
edf23,17,,free_viewing,,5678,1.3381818181818181,11,52.23909090909091,39.63636363636363,1.9373018668545263
edf23,18,,free_viewing,,5986,2.002222222222222,9,67.29888888888888,25.555555555555557,1.5035081857667891
edf23,19,English,sentence_audio,passive,11100,4.692500000000002,16,167.05937500000005,63.25,1.4414414414414416
edf23,2,,free_viewing,,5953,4.053571428571429,14,100.11142857142856,37.42857142857143,2.3517554174365864
edf23,20,English,sentence_audio,passive,10763,2.640909090909091,11,248.03750000000002,165.0,1.022019882932268
edf23,21,English,sentence_audio,passive,10778,3.0400000000000005,3,88.63333333333334,34.0,0.27834477639636296
edf23,22,English,sentence_audio,passive_dropped_agent,10643,6.730714285714285,14,118.73428571428575,167.14285714285714,1.3154185849854363
edf23,23,English,sentence_audio,passive_dropped_agent,10489,3.3742105263157893,19,93.52315789473683,34.21052631578947,1.8114214891791398
edf23,24,English,sentence_audio,passive_dropped_agent,10507,2.46,11,87.66545454545454,34.90909090909091,1.0469211002189016
edf23,25,Punjabi,sentence_audio,active,10712,3.4739999999999998,15,88.30600000000001,37.46666666666667,1.4002987303958179
edf23,26,Punjabi,sentence_audio,active,10856,3.965,12,225.62333333333333,90.16666666666667,1.105379513633014
edf23,27,Punjabi,sentence_audio,active,10268,2.501666666666667,12,126.51999999999997,56.5,1.168679392286716
edf23,28,Punjabi,sentence_audio,passive,10400,7.478333333333334,12,125.18916666666665,82.0,1.1538461538461537
edf23,29,Punjabi,sentence_audio,passive,10327,6.577894736842105,19,133.93157894736842,54.21052631578947,1.839837319647526
edf23,3,,free_viewing,,6040,2.5100000000000002,10,77.74000000000001,30.2,1.6556291390728477
edf23,30,Punjabi,sentence_audio,passive,11101,3.8292857142857146,14,92.56071428571428,38.142857142857146,1.2611476443563643
edf23,31,Punjabi,sentence_audio,passive_dropped_agent,10506,2.9176923076923083,13,85.91307692307691,31.076923076923077,1.237388159147154
edf23,32,Punjabi,sentence_audio,passive_dropped_agent,10801,3.9611111111111117,9,128.2444444444444,70.88888888888889,0.8332561799833349
edf23,33,Punjabi,sentence_audio,passive_dropped_agent,10932,3.4631250000000007,16,102.42875,45.375,1.4635931211123308
edf23,34,English,sentence_audio,active,10205,4.995454545454546,11,152.87545454545455,145.8181818181818,1.0779029887310143
edf23,35,English,sentence_audio,active,10789,12.309333333333335,15,206.05066666666664,109.73333333333333,1.3903049402168877
edf23,36,English,sentence_audio,active,10215,4.601874999999998,16,122.14124999999999,38.25,1.5663240332843857
edf23,4,,free_viewing,,5955,2.5464285714285717,14,76.79214285714285,30.142857142857142,2.3509655751469354
edf23,5,,free_viewing,,5734,3.479444444444444,18,126.33500000000001,52.55555555555556,3.1391698639693058
edf23,6,,free_viewing,,6100,2.242666666666666,15,68.57533333333335,29.6,2.459016393442623
edf23,7,,free_viewing,,6070,1.9979999999999998,10,65.74199999999999,28.0,1.6474464579901154
edf23,8,,free_viewing,,5971,3.1033333333333335,15,144.13133333333334,62.4,2.5121420197621838
edf23,9,,free_viewing,,5636,3.2605555555555554,18,85.32999999999998,33.0,3.1937544357700496
edf24,1,,free_viewing,,5985,2.467142857142857,7,80.65285714285713,28.285714285714285,1.1695906432748537
edf24,10,,free_viewing,,6114,2.43,5,68.71000000000001,29.6,0.8177952240758914
edf24,11,,free_viewing,,5762,1.8928571428571428,7,68.86142857142858,27.142857142857142,1.2148559527941687
edf24,12,,free_viewing,,5901,2.391428571428572,7,69.00857142857144,29.142857142857142,1.1862396204033214
edf24,13,,free_viewing,,5726,2.4218181818181814,11,75.60454545454546,29.818181818181817,1.9210618232623122
edf24,14,,free_viewing,,5870,3.7214285714285715,14,95.345,37.42857142857143,2.385008517887564
edf24,15,,free_viewing,,5941,2.91,9,74.09777777777778,36.666666666666664,1.514896482073725
edf24,16,,free_viewing,,6110,2.4781818181818185,11,75.78545454545456,30.363636363636363,1.8003273322422257
edf24,17,,free_viewing,,5904,2.138,5,74.71600000000001,27.2,0.8468834688346883
edf24,18,,free_viewing,,5891,2.05875,8,71.535,27.25,1.35800373451027
edf24,19,English,sentence_audio,passive_dropped_agent,10277,2.7725,4,76.2875,30.0,0.38921864357302716
edf24,2,,free_viewing,,5719,2.0833333333333335,3,71.56,27.333333333333332,0.5245672320335723
edf24,20,English,sentence_audio,passive_dropped_agent,11085,1.2412500000000002,8,138.39875,110.0,0.7216959855660803
edf24,21,English,sentence_audio,passive_dropped_agent,10783,1.68,3,75.61333333333333,52.666666666666664,0.27821570991375316
edf24,22,Punjabi,sentence_audio,active,11145,2.4579999999999997,10,60.84400000000001,39.4,0.8972633467922836
edf24,23,Punjabi,sentence_audio,active,11173,2.9675000000000007,12,78.34416666666667,35.5,1.0740177212924014
edf24,24,Punjabi,sentence_audio,active,10939,2.23,9,71.99666666666667,28.22222222222222,0.8227443093518603
edf24,25,Punjabi,sentence_audio,passive,11040,1.615,6,57.791666666666664,24.333333333333332,0.5434782608695653
edf24,26,Punjabi,sentence_audio,passive,10611,2.26875,8,75.63,32.75,0.7539345961737819
edf24,27,Punjabi,sentence_audio,passive,10274,2.23,3,68.22666666666667,28.0,0.2919992213354098
edf24,28,Punjabi,sentence_audio,passive_dropped_agent,10344,1.8949999999999998,8,61.510000000000005,25.75,0.7733952049497294
edf24,29,Punjabi,sentence_audio,passive_dropped_agent,10726,0.91,4,44.9825,20.0,0.3729256013425321
edf24,3,,free_viewing,,6130,2.98,1,95.11,32.0,0.1631321370309951
edf24,30,Punjabi,sentence_audio,passive_dropped_agent,10579,2.8754545454545455,11,72.9218181818182,38.54545454545455,1.0397958219113337
edf24,31,English,sentence_audio,active,11025,1.875,8,55.15375,34.5,0.7256235827664399
edf24,32,English,sentence_audio,active,11052,1.1775000000000002,4,53.8975,24.5,0.3619254433586681
edf24,33,English,sentence_audio,active,10818,0.7866666666666666,3,41.43,18.666666666666668,0.27731558513588467
edf24,34,English,sentence_audio,passive,11006,1.91875,8,64.4975,26.75,0.7268762493185535
edf24,35,English,sentence_audio,passive,10746,2.5450000000000004,6,75.20666666666666,39.333333333333336,0.5583472920156337
edf24,36,English,sentence_audio,passive,10244,2.172,10,72.30499999999999,28.2,0.9761811792268645
edf24,4,,free_viewing,,5946,4.57125,8,102.495,40.75,1.3454423141607805
edf24,5,,free_viewing,,5754,4.14,6,101.65000000000002,38.0,1.0427528675703859
edf24,6,,free_viewing,,5842,2.6375,8,74.97749999999999,33.25,1.3693940431359124
edf24,7,,free_viewing,,5639,3.844285714285714,7,94.04857142857144,37.142857142857146,1.2413548501507359
edf24,8,,free_viewing,,6040,2.6933333333333334,6,73.65166666666667,29.666666666666668,0.9933774834437086
edf24,9,,free_viewing,,5919,2.658,5,77.326,30.8,0.8447372867038352
edf25,1,,free_viewing,,5713,2.9183333333333343,18,128.02999999999997,48.666666666666664,3.1507089095046386
edf25,10,,free_viewing,,5985,2.377058823529412,17,142.71352941176468,65.88235294117646,2.8404344193817876
edf25,11,,free_viewing,,5666,2.906666666666667,15,176.33466666666664,68.93333333333334,2.647370278856336
edf25,12,,free_viewing,,5983,3.1942857142857144,14,116.92499999999998,46.57142857142857,2.3399632291492565
edf25,13,,free_viewing,,6020,11.028666666666668,15,193.55999999999997,80.93333333333334,2.4916943521594686
edf25,14,,free_viewing,,5726,7.411333333333333,15,206.39866666666666,125.06666666666666,2.619629758994062
edf25,15,,free_viewing,,5976,4.126,15,154.618,69.6,2.5100401606425704
edf25,16,,free_viewing,,5884,2.4475,16,117.04624999999997,60.75,2.719238613188307
edf25,17,,free_viewing,,5687,2.1225,16,110.97625000000001,64.5,2.813434148056972
edf25,18,,free_viewing,,6061,2.838571428571428,14,211.94714285714284,102.28571428571429,2.3098498597591157
edf25,19,Punjabi,sentence_audio,active,10944,2.4878571428571425,14,100.54285714285713,48.714285714285715,1.2792397660818713
edf25,2,,free_viewing,,6123,3.7482352941176473,17,214.34176470588235,85.6470588235294,2.7764167891556424
edf25,20,Punjabi,sentence_audio,active,10820,2.1846666666666663,15,129.08800000000002,63.333333333333336,1.3863216266173752
edf25,21,Punjabi,sentence_audio,active,10731,2.982857142857143,14,163.15,78.85714285714286,1.304631441617743
edf25,22,Punjabi,sentence_audio,passive,10770,4.313076923076923,13,116.52615384615385,57.07692307692308,1.2070566388115136
edf25,23,Punjabi,sentence_audio,passive,10421,3.039411764705882,17,168.05764705882353,66.58823529411765,1.6313213703099512
edf25,24,Punjabi,sentence_audio,passive,10656,2.3315384615384613,13,163.58692307692309,93.07692307692308,1.21996996996997
edf25,25,Punjabi,sentence_audio,passive_dropped_agent,10440,2.3091666666666666,12,146.21499999999997,83.16666666666667,1.149425287356322
edf25,26,Punjabi,sentence_audio,passive_dropped_agent,10651,2.998666666666667,15,130.16266666666664,80.4,1.408318467749507
edf25,27,Punjabi,sentence_audio,passive_dropped_agent,10568,3.6906666666666665,15,157.12666666666664,104.26666666666667,1.4193792581377744
edf25,28,English,sentence_audio,active,10475,4.853529411764706,17,184.62333333333333,96.33333333333333,1.62291169451074
edf25,29,English,sentence_audio,active,11114,4.046250000000001,16,146.551875,66.75,1.439625697318697
edf25,3,,free_viewing,,5997,2.298666666666667,15,197.19999999999996,83.73333333333333,2.5012506253126565
edf25,30,English,sentence_audio,active,10525,2.7118749999999996,16,113.385625,70.625,1.520190023752969
edf25,31,English,sentence_audio,passive,10498,3.1247058823529414,17,154.52411764705883,81.6470588235294,1.6193560678224426
edf25,32,English,sentence_audio,passive,10697,3.1512499999999997,16,117.17937500000001,72.125,1.4957464709731703
edf25,33,English,sentence_audio,passive,10749,3.117142857142857,14,173.44928571428574,87.28571428571429,1.3024467392315564
edf25,34,English,sentence_audio,passive_dropped_agent,10523,3.952666666666667,15,134.682,72.8,1.4254490164401787
edf25,35,English,sentence_audio,passive_dropped_agent,10581,3.1862500000000002,16,126.045625,82.875,1.5121444097911352
edf25,36,English,sentence_audio,passive_dropped_agent,11094,1.5485714285714285,7,185.11999999999998,130.28571428571428,0.6309716964124752
edf25,4,,free_viewing,,6079,2.2846666666666673,15,142.68333333333334,53.2,2.4675111037999673
edf25,5,,free_viewing,,5644,3.37,18,230.9261111111111,78.88888888888889,3.189227498228207
edf25,6,,free_viewing,,5969,1.4226666666666665,15,175.98066666666665,89.86666666666666,2.5129837493717537
edf25,7,,free_viewing,,5905,2.386666666666667,15,189.18666666666667,72.93333333333334,2.540220152413209
edf25,8,,free_viewing,,5663,3.210555555555555,18,206.66722222222222,88.22222222222223,3.1785272823591733
edf25,9,,free_viewing,,6010,4.336250000000001,16,167.79937500000003,72.125,2.662229617304493
edf26,1,,free_viewing,,5820,1.5714285714285712,14,60.014999999999986,24.857142857142858,2.4054982817869415
edf26,10,,free_viewing,,5780,3.1623076923076923,13,88.51076923076924,31.384615384615383,2.2491349480968856
edf26,11,,free_viewing,,5722,1.8183333333333331,18,89.82833333333332,31.0,3.145753233135267
edf26,12,,free_viewing,,5889,3.426470588235294,17,83.43882352941176,40.8235294117647,2.8867379860757345
edf26,13,,free_viewing,,5949,1.611,10,54.761,26.4,1.6809547823163558
edf26,14,,free_viewing,,6087,3.0208333333333335,12,142.4641666666667,42.0,1.971414489896501
edf26,15,,free_viewing,,5847,2.7100000000000004,12,85.59416666666665,55.166666666666664,2.052334530528476
edf26,16,,free_viewing,,5766,1.9093750000000003,16,102.98062499999999,35.25,2.774887270204648
edf26,17,,free_viewing,,5714,1.96,4,63.894999999999996,29.5,0.7000350017500875
edf26,18,,free_viewing,,6070,2.1886666666666668,15,99.14333333333333,35.333333333333336,2.471169686985173
edf26,19,Punjabi,sentence_audio,passive,10982,2.9700000000000006,9,87.88555555555556,33.333333333333336,0.8195228555818613
edf26,2,,free_viewing,,5862,3.1571428571428575,14,89.60571428571428,32.57142857142857,2.3882633913340157
edf26,20,Punjabi,sentence_audio,passive,10401,2.5933333333333333,15,76.37133333333333,33.06666666666667,1.442169022209403
edf26,21,Punjabi,sentence_audio,passive,10428,2.7735714285714286,14,79.7742857142857,33.714285714285715,1.3425393172228615
edf26,22,Punjabi,sentence_audio,passive_dropped_agent,10540,1.7625,8,61.146249999999995,27.0,0.7590132827324478
edf26,23,Punjabi,sentence_audio,passive_dropped_agent,10440,3.0493333333333337,15,84.00666666666667,32.0,1.4367816091954024
edf26,24,Punjabi,sentence_audio,passive_dropped_agent,11175,2.1664285714285714,14,71.58428571428571,27.571428571428573,1.2527964205816553
edf26,25,English,sentence_audio,active,10208,1.6366666666666667,18,54.40166666666667,26.11111111111111,1.7633228840125392
edf26,26,English,sentence_audio,active,10675,1.6099999999999999,33,80.15303030303029,80.72727272727273,3.091334894613583
edf26,27,English,sentence_audio,active,10435,1.3477777777777777,27,58.45037037037037,51.7037037037037,2.5874460948730236
edf26,28,English,sentence_audio,passive,10678,26.45,2,916.69,2613.0,0.18730099269526126
edf26,29,English,sentence_audio,passive,10741,5.74923076923077,13,160.98769230769233,60.92307692307692,1.2103156130714086
edf26,3,,free_viewing,,5645,3.9042857142857144,14,93.33285714285715,37.0,2.4800708591674048
edf26,30,English,sentence_audio,passive,10550,5.132666666666667,15,115.83200000000001,42.53333333333333,1.4218009478672984
edf26,31,English,sentence_audio,passive_dropped_agent,10918,2.4189473684210525,19,110.78105263157896,42.21052631578947,1.7402454662026012
edf26,32,English,sentence_audio,passive_dropped_agent,10660,2.477857142857143,14,76.57857142857142,31.0,1.3133208255159474
edf26,33,English,sentence_audio,passive_dropped_agent,11044,2.6806666666666663,15,69.86200000000001,32.53333333333333,1.358203549438609
edf26,34,Punjabi,sentence_audio,active,10237,3.3446666666666665,15,87.24733333333334,35.733333333333334,1.4652730292077758
edf26,35,Punjabi,sentence_audio,active,10892,4.175555555555556,9,93.86222222222223,40.22222222222222,0.826294528094014
edf26,36,Punjabi,sentence_audio,active,10653,1.8769230769230771,13,64.73692307692306,26.46153846153846,1.220313526706092
edf26,4,,free_viewing,,6102,3.092777777777777,18,84.43055555555557,35.77777777777778,2.949852507374631
edf26,5,,free_viewing,,5713,3.56,18,94.66944444444444,36.888888888888886,3.1507089095046386
edf26,6,,free_viewing,,5935,2.5249999999999995,16,77.38062500000001,31.125,2.695871946082561
edf26,7,,free_viewing,,5797,3.146,15,86.40333333333334,31.6,2.587545282042436
edf26,8,,free_viewing,,5932,3.0085714285714285,14,80.26357142857144,33.285714285714285,2.360080917060013
edf26,9,,free_viewing,,6089,1.7007692307692308,13,63.67923076923077,26.153846153846153,2.1349975365413036
edf27,1,,free_viewing,,5741,3.26375,8,86.195,29.5,1.3934854554955582
edf27,10,,free_viewing,,5801,2.1166666666666663,9,67.05000000000001,28.0,1.5514566454059644
edf27,11,,free_viewing,,5736,3.39375,8,137.4475,101.75,1.394700139470014
edf27,12,,free_viewing,,5813,5.207142857142856,7,111.66857142857143,44.0,1.2041974883880957
edf27,13,,free_viewing,,5800,3.2099999999999995,7,83.16571428571429,32.857142857142854,1.206896551724138
edf27,14,,free_viewing,,6014,1.973333333333333,6,69.56166666666665,25.666666666666668,0.9976720984369803
edf27,15,,free_viewing,,6057,1.9545454545454546,11,66.79272727272728,26.545454545454547,1.816080567937923
edf27,16,,free_viewing,,5839,2.8899999999999992,3,78.16333333333333,30.0,0.5137866072957697
edf27,17,,free_viewing,,5997,2.0357142857142856,7,157.74428571428572,76.0,1.167250291812573
edf27,18,,free_viewing,,6060,3.0175,8,118.50375000000001,63.75,1.3201320132013201
edf27,19,Punjabi,sentence_audio,passive_dropped_agent,10886,3.2630769230769223,13,92.76307692307691,32.76923076923077,1.1941943781003124
edf27,2,,free_viewing,,5799,3.805454545454545,11,95.43818181818183,36.90909090909091,1.8968787722021037
edf27,20,Punjabi,sentence_audio,passive_dropped_agent,10344,1.9625,4,70.81,26.0,0.3866976024748647
edf27,21,Punjabi,sentence_audio,passive_dropped_agent,10630,3.675,10,91.596,36.0,0.940733772342427
edf27,22,English,sentence_audio,active,10461,1.0071428571428573,7,46.688571428571436,20.285714285714285,0.6691520887104483
edf27,23,English,sentence_audio,active,10532,4.36,6,116.95666666666666,36.0,0.569692366122294
edf27,24,English,sentence_audio,active,10615,3.673076923076923,13,147.19692307692307,50.46153846153846,1.2246820536975978
edf27,25,English,sentence_audio,passive,11113,2.7114285714285713,7,80.55285714285715,31.428571428571427,0.6298929182039054
edf27,26,English,sentence_audio,passive,10529,2.9258333333333333,12,93.4175,54.333333333333336,1.139709374109602
edf27,27,English,sentence_audio,passive,10333,8.654285714285715,7,314.2142857142857,101.71428571428571,0.6774412077808961
edf27,28,English,sentence_audio,passive_dropped_agent,10799,2.8290909090909087,11,97.41999999999999,56.36363636363637,1.018612834521715
edf27,29,English,sentence_audio,passive_dropped_agent,10642,3.1766666666666663,9,87.64777777777778,34.888888888888886,0.8457056944183424
edf27,3,,free_viewing,,5752,3.9189999999999996,10,103.654,37.2,1.7385257301808068
edf27,30,English,sentence_audio,passive_dropped_agent,10992,3.679090909090909,11,92.93363636363637,34.36363636363637,1.0007278020378456
edf27,31,Punjabi,sentence_audio,active,10859,3.4614285714285713,7,85.46285714285715,38.57142857142857,0.644626577032876
edf27,32,Punjabi,sentence_audio,active,10697,1.921111111111111,9,78.88444444444445,80.44444444444444,0.8413573899224083
edf27,33,Punjabi,sentence_audio,active,10548,3.050833333333333,12,92.67916666666669,58.833333333333336,1.1376564277588168
edf27,34,Punjabi,sentence_audio,passive,10388,3.507142857142857,7,107.34857142857143,56.0,0.6738544474393531
edf27,35,Punjabi,sentence_audio,passive,10823,2.0035,20,70.1895,47.7,1.8479164741753673
edf27,36,Punjabi,sentence_audio,passive,10427,2.044285714285714,7,82.14857142857143,98.85714285714286,0.6713340366356575
edf27,4,,free_viewing,,6124,3.6088888888888895,9,88.49222222222221,38.0,1.4696276943174396
edf27,5,,free_viewing,,5919,2.3775000000000004,8,78.57499999999999,29.0,1.3515796587261362
edf27,6,,free_viewing,,5901,3.405,6,86.31666666666666,34.0,1.0167768174885612
edf27,7,,free_viewing,,5878,2.8125,8,85.86625000000001,31.0,1.3610071452875128
edf27,8,,free_viewing,,6090,2.1870000000000003,10,94.62363636363638,49.09090909090909,1.6420361247947455
edf27,9,,free_viewing,,6133,2.76,8,206.4375,88.25,1.3044187184086091
edf28,1,,free_viewing,,5847,3.277333333333333,15,89.75733333333332,33.86666666666667,2.565418163160595
edf28,10,,free_viewing,,5816,1.5708333333333335,12,58.93416666666667,25.333333333333332,2.063273727647868
edf28,11,,free_viewing,,5747,1.261666666666667,12,115.39083333333333,81.0,2.088045937010614
edf28,12,,free_viewing,,5710,1.0725,12,113.08416666666666,50.166666666666664,2.1015761821366024
edf28,13,,free_viewing,,5911,2.6952941176470584,17,98.38411764705882,68.0,2.875993909659956
edf28,14,,free_viewing,,5737,3.8674999999999997,12,216.01166666666668,58.833333333333336,2.0916855499389926
edf28,15,,free_viewing,,5867,2.8555555555555556,9,326.6366666666666,53.55555555555556,1.5340037497869439
edf28,16,,free_viewing,,5889,3.114,15,141.14399999999998,62.93333333333333,2.5471217524197654
edf28,17,,free_viewing,,5850,3.584545454545454,11,195.0018181818182,96.9090909090909,1.8803418803418805
edf28,18,,free_viewing,,5787,2.9983333333333335,18,117.67777777777776,97.66666666666667,3.1104199066874028
edf28,19,English,sentence_audio,active,10931,2.261818181818182,11,160.37727272727273,61.63636363636363,1.006312322751807
edf28,2,,free_viewing,,5675,1.6533333333333333,9,173.12666666666667,40.0,1.5859030837004406
edf28,20,English,sentence_audio,active,10569,1.6658333333333333,12,136.48,44.166666666666664,1.1353959693443088
edf28,21,English,sentence_audio,active,10286,2.5740000000000003,10,74.73499999999999,30.6,0.9721952167995334
edf28,22,English,sentence_audio,passive,10573,1.1871428571428573,7,113.75142857142858,55.142857142857146,0.6620637472808096
edf28,23,English,sentence_audio,passive,10539,1.3655555555555556,9,54.97333333333333,24.22222222222222,0.8539709649871905
edf28,24,English,sentence_audio,passive,10346,1.8457142857142859,14,102.67499999999998,62.0,1.3531799729364005
edf28,25,English,sentence_audio,passive_dropped_agent,11141,1.8125,12,64.42083333333333,27.5,1.0771025940220806
edf28,26,English,sentence_audio,passive_dropped_agent,10197,2.4172727272727275,11,76.85909090909091,31.454545454545453,1.0787486515641855
edf28,27,English,sentence_audio,passive_dropped_agent,10169,2.6641666666666666,12,82.66,31.666666666666668,1.1800570360900777
edf28,28,Punjabi,sentence_audio,active,11133,2.3604999999999996,20,83.3835,94.6,1.796460971885386
edf28,29,Punjabi,sentence_audio,active,10897,3.9623529411764706,17,98.51176470588234,48.94117647058823,1.5600624024960998
edf28,3,,free_viewing,,5674,3.5815384615384613,13,85.09076923076921,42.0,2.2911526260133943
edf28,30,Punjabi,sentence_audio,active,11172,2.4116666666666666,12,75.5525,30.0,1.0741138560687433
edf28,31,Punjabi,sentence_audio,passive,10175,2.5163157894736843,19,114.50526315789473,59.89473684210526,1.8673218673218672
edf28,32,Punjabi,sentence_audio,passive,10571,1.8127272727272727,11,123.62454545454547,53.27272727272727,1.040582726326743
edf28,33,Punjabi,sentence_audio,passive,11091,2.8393333333333333,15,132.186,52.53333333333333,1.352447930754666
edf28,34,Punjabi,sentence_audio,passive_dropped_agent,10452,1.3466666666666667,9,63.53555555555555,27.333333333333332,0.8610792192881745
edf28,35,Punjabi,sentence_audio,passive_dropped_agent,10535,1.5352000000000001,25,73.2428,55.28,2.3730422401518747
edf28,36,Punjabi,sentence_audio,passive_dropped_agent,10536,1.9516666666666664,18,71.21222222222222,31.88888888888889,1.7084282460136675
edf28,4,,free_viewing,,5814,2.297916666666667,24,131.07708333333332,60.083333333333336,4.12796697626419
edf28,5,,free_viewing,,6051,1.649230769230769,13,122.84846153846154,44.15384615384615,2.1484052222773093
edf28,6,,free_viewing,,5657,2.3649999999999998,10,144.949,50.8,1.7677214071062402
edf28,7,,free_viewing,,5697,1.3358333333333332,12,241.61166666666668,84.16666666666667,2.10637177461822
edf28,8,,free_viewing,,5645,2.4670588235294115,17,153.92647058823528,65.6470588235294,3.0115146147032776
edf28,9,,free_viewing,,6013,3.4318181818181817,11,87.1490909090909,58.72727272727273,1.8293696989855315
edf29,1,,free_viewing,,5734,3.820909090909091,11,95.73727272727272,35.45454545454545,1.918381583536798
edf29,10,,free_viewing,,5884,1.7790000000000004,10,63.863000000000014,27.4,1.699524133242692
edf29,11,,free_viewing,,5916,2.778333333333333,12,82.25166666666668,33.0,2.028397565922921
edf29,12,,free_viewing,,5994,2.3227272727272728,11,77.29545454545456,30.0,1.8351685018351687
edf29,13,,free_viewing,,5876,3.171818181818182,11,94.62818181818183,32.36363636363637,1.8720217835262083
edf29,14,,free_viewing,,5781,4.882666666666667,15,106.86,41.86666666666667,2.5947067981318113
edf29,15,,free_viewing,,5776,2.738888888888889,9,78.02888888888889,35.111111111111114,1.5581717451523547
edf29,16,,free_viewing,,5679,2.918,10,80.04499999999999,32.8,1.7608733932030287
edf29,17,,free_viewing,,5760,2.1700000000000004,10,75.184,30.0,1.7361111111111112
edf29,18,,free_viewing,,5912,3.126666666666667,15,88.08066666666669,32.4,2.537212449255751
edf29,19,English,sentence_audio,passive,10694,2.3890000000000002,10,92.91799999999999,56.8,0.9351037965214138
edf29,2,,free_viewing,,5849,2.7424999999999997,8,81.99125000000001,31.25,1.3677551718242433
edf29,20,English,sentence_audio,passive,10774,1.973076923076923,13,67.60769230769232,26.615384615384617,1.2066085019491368
edf29,21,English,sentence_audio,passive,10847,3.2920000000000003,5,78.21600000000001,40.4,0.4609569466211856
edf29,22,English,sentence_audio,passive_dropped_agent,10652,1.8499999999999999,9,97.59333333333332,55.55555555555556,0.8449117536612843
edf29,23,English,sentence_audio,passive_dropped_agent,10929,1.8545454545454547,11,62.799090909090914,26.727272727272727,1.0064964772623295
edf29,24,English,sentence_audio,passive_dropped_agent,10241,5.0675,12,112.87916666666666,42.5,1.1717605702568108
edf29,25,Punjabi,sentence_audio,active,10379,2.3233333333333333,12,71.64833333333333,30.333333333333332,1.1561807495905194
edf29,26,Punjabi,sentence_audio,active,10322,3.3088888888888888,9,97.06666666666666,32.44444444444444,0.8719240457275722
edf29,27,Punjabi,sentence_audio,active,10836,2.828571428571429,14,85.26357142857141,32.142857142857146,1.2919896640826873
edf29,28,Punjabi,sentence_audio,passive,10906,2.3625,12,74.27416666666667,28.666666666666668,1.1003117549972492
edf29,29,Punjabi,sentence_audio,passive,10832,3.4790909090909095,11,89.33909090909093,33.27272727272727,1.0155096011816838
edf29,3,,free_viewing,,6072,3.5028571428571427,7,90.06999999999998,39.142857142857146,1.152832674571805
edf29,30,Punjabi,sentence_audio,passive,10432,2.955,8,102.30666666666667,43.77777777777778,0.7668711656441718
edf29,31,Punjabi,sentence_audio,passive_dropped_agent,10933,2.980625,16,118.63000000000002,48.375,1.4634592518064575
edf29,32,Punjabi,sentence_audio,passive_dropped_agent,10749,2.7550000000000003,12,163.8975,96.66666666666667,1.116382919341334
edf29,33,Punjabi,sentence_audio,passive_dropped_agent,10557,2.3285714285714287,7,77.02142857142859,28.285714285714285,0.663067159230842
edf29,34,English,sentence_audio,active,10699,2.4225000000000003,8,70.1,34.0,0.7477334330311244
edf29,35,English,sentence_audio,active,10377,2.5650000000000004,10,72.78900000000002,31.4,0.9636696540425941
edf29,36,English,sentence_audio,active,10698,2.0466666666666664,12,71.60666666666667,28.0,1.1217049915872126
edf29,4,,free_viewing,,5761,2.468181818181818,11,100.26818181818182,39.09090909090909,1.9093907307759068
edf29,5,,free_viewing,,6083,3.489,10,101.856,33.4,1.6439256945586058
edf29,6,,free_viewing,,6092,2.5133333333333336,9,78.0311111111111,32.666666666666664,1.4773473407747868
edf29,7,,free_viewing,,5768,2.4654545454545453,11,74.04454545454547,31.272727272727273,1.9070735090152566
edf29,8,,free_viewing,,5875,3.3491666666666657,12,83.22583333333333,35.333333333333336,2.0425531914893615
edf29,9,,free_viewing,,5676,2.9857142857142853,14,80.39928571428571,32.714285714285715,2.466525722339676
edf30,1,,free_viewing,,5822,1.7744444444444443,9,64.35,28.0,1.5458605290278256
edf30,10,,free_viewing,,5815,2.4779999999999998,15,105.19133333333335,51.46666666666667,2.579535683576956
edf30,11,,free_viewing,,5778,1.6536363636363638,11,60.55818181818183,26.0,1.9037729318103151
edf30,12,,free_viewing,,6020,2.1599999999999997,16,98.97125000000001,43.875,2.6578073089700998
edf30,13,,free_viewing,,5955,4.275294117647058,17,112.15411764705883,44.705882352941174,2.8547439126784213
edf30,14,,free_viewing,,5952,1.9605882352941175,17,97.11470588235294,31.41176470588235,2.856182795698925
edf30,15,,free_viewing,,5725,2.746923076923077,13,85.35153846153845,40.0,2.2707423580786026
edf30,16,,free_viewing,,6040,2.1668749999999997,16,98.41625,38.125,2.6490066225165565
edf30,17,,free_viewing,,5733,2.3761904761904757,21,87.50333333333334,35.142857142857146,3.6630036630036633
edf30,18,,free_viewing,,6130,2.161111111111111,9,168.19555555555556,57.77777777777778,1.468189233278956
edf30,19,English,sentence_audio,passive_dropped_agent,10291,1.2683333333333335,12,250.39,64.0,1.1660674375668059
edf30,2,,free_viewing,,5787,3.4218749999999996,16,113.50000000000001,44.625,2.764817694833247
edf30,20,English,sentence_audio,passive_dropped_agent,10685,1.299,10,75.15299999999999,36.0,0.9358914365933552
edf30,21,English,sentence_audio,passive_dropped_agent,10292,1.3833333333333333,15,137.45399999999998,71.6,1.4574426739214925
edf30,22,Punjabi,sentence_audio,active,10464,1.4686666666666668,15,183.64,55.733333333333334,1.43348623853211
edf30,23,Punjabi,sentence_audio,active,10234,3.061176470588235,17,132.57,49.529411764705884,1.6611295681063123
edf30,24,Punjabi,sentence_audio,active,10546,3.163529411764705,17,114.10117647058826,40.35294117647059,1.6119855869523991
edf30,25,Punjabi,sentence_audio,passive,10870,2.0620000000000003,10,302.63599999999997,74.6,0.9199632014719412
edf30,26,Punjabi,sentence_audio,passive,10875,2.155555555555556,18,95.57388888888887,49.77777777777778,1.6551724137931034
edf30,27,Punjabi,sentence_audio,passive,10649,2.2373333333333334,15,115.10133333333334,43.86666666666667,1.4085829655366702
edf30,28,Punjabi,sentence_audio,passive_dropped_agent,11088,1.62,15,88.99133333333334,34.8,1.352813852813853
edf30,29,Punjabi,sentence_audio,passive_dropped_agent,10873,2.6792307692307693,13,125.06153846153846,43.38461538461539,1.1956221833900489
edf30,3,,free_viewing,,6130,0.9219999999999999,5,58.742000000000004,34.8,0.8156606851549756
edf30,30,Punjabi,sentence_audio,passive_dropped_agent,10522,1.913333333333333,9,195.64,95.11111111111111,0.8553506937844516
edf30,31,English,sentence_audio,active,11032,3.0650000000000004,14,98.26928571428572,44.714285714285715,1.2690355329949239
edf30,32,English,sentence_audio,active,10775,1.7316666666666667,12,69.53666666666668,28.0,1.1136890951276102
edf30,33,English,sentence_audio,active,10835,2.1387500000000004,16,84.185625,39.25,1.4766958929395477
edf30,34,English,sentence_audio,passive,10856,1.650714285714286,14,119.79857142857146,43.142857142857146,1.2896094325718497
edf30,35,English,sentence_audio,passive,11101,1.3976923076923078,13,100.39692307692309,45.53846153846154,1.171065669759481
edf30,36,English,sentence_audio,passive,10671,1.56,10,108.40099999999998,34.2,0.93711929528629
edf30,4,,free_viewing,,5683,1.9519999999999995,10,151.84300000000002,85.2,1.7596339961288052
edf30,5,,free_viewing,,6118,1.592222222222222,9,130.85555555555553,43.333333333333336,1.4710689767898004
edf30,6,,free_viewing,,6046,1.4662499999999998,8,145.46499999999997,96.25,1.3231888852133642
edf30,7,,free_viewing,,5850,2.53,9,75.69222222222223,30.22222222222222,1.5384615384615385
edf30,8,,free_viewing,,5892,3.1208333333333336,12,81.86583333333333,35.0,2.0366598778004072
edf30,9,,free_viewing,,5868,2.0185714285714282,14,86.60142857142856,48.714285714285715,2.385821404226312
edf31,1,,free_viewing,,5897,2.761,10,74.951,33.4,1.6957775139901645
edf31,10,,free_viewing,,6117,1.8428571428571427,21,82.72142857142858,33.80952380952381,3.4330554193231975
edf31,11,,free_viewing,,6007,2.0159999999999996,20,112.061,53.7,3.32944897619444
edf31,12,,free_viewing,,5940,1.6416666666666668,12,126.50083333333335,49.5,2.02020202020202
edf31,13,,free_viewing,,5975,1.6449999999999998,14,62.45285714285715,27.142857142857142,2.3430962343096238
edf31,14,,free_viewing,,5911,1.2946666666666666,15,127.89466666666668,47.06666666666667,2.537641684994079
edf31,15,,free_viewing,,6070,2.422,15,87.34266666666666,40.13333333333333,2.471169686985173
edf31,16,,free_viewing,,6082,2.0642105263157893,19,65.04684210526315,27.36842105263158,3.123972377507399
edf31,17,,free_viewing,,5678,1.1071428571428572,14,79.405,36.285714285714285,2.4656569214512154
edf31,18,,free_viewing,,6026,2.188571428571428,14,123.03071428571427,48.142857142857146,2.3232658479920345
edf31,19,Punjabi,sentence_audio,active,10581,0.8566666666666666,6,152.46833333333333,41.333333333333336,0.5670541536716757
edf31,2,,free_viewing,,5955,1.505,10,139.208,40.4,1.6792611251049538
edf31,20,Punjabi,sentence_audio,active,10257,1.3546153846153846,13,122.97461538461538,45.38461538461539,1.267427122940431
edf31,21,Punjabi,sentence_audio,active,10417,2.3783333333333334,12,262.29833333333335,105.0,1.1519631371796102
edf31,22,Punjabi,sentence_audio,passive,10830,0.4033333333333333,3,339.97333333333336,126.0,0.2770083102493075
edf31,23,Punjabi,sentence_audio,passive,10738,3.1854999999999993,20,77.29249999999999,39.8,1.8625442354255914
edf31,24,Punjabi,sentence_audio,passive,10221,2.015,6,75.55333333333333,58.333333333333336,0.587026709715292
edf31,25,Punjabi,sentence_audio,passive_dropped_agent,11162,1.1922222222222225,9,106.87333333333332,39.55555555555556,0.8063071134205338
edf31,26,Punjabi,sentence_audio,passive_dropped_agent,10514,1.7399999999999998,16,96.03375,42.875,1.5217804831653035
edf31,27,Punjabi,sentence_audio,passive_dropped_agent,10682,1.5681818181818181,11,58.55181818181818,25.454545454545453,1.0297697060475566
edf31,28,English,sentence_audio,active,10526,1.2715384615384617,13,51.28230769230768,22.76923076923077,1.2350370511115334
edf31,29,English,sentence_audio,active,10802,1.5557142857142858,7,174.42857142857142,76.57142857142857,0.6480281429364932
edf31,3,,free_viewing,,5710,1.945714285714286,14,75.74857142857142,34.285714285714285,2.4518388791593697
edf31,30,English,sentence_audio,active,10463,7.714166666666667,12,200.96666666666667,61.833333333333336,1.1468985950492212
edf31,31,English,sentence_audio,passive,10355,0.935,2,44.595,21.0,0.1931434089811685
edf31,32,English,sentence_audio,passive,10344,2.2550000000000003,10,203.096,51.6,0.9667440061871617
edf31,33,English,sentence_audio,passive,10724,2.0780000000000003,10,195.63799999999998,82.2,0.9324878776575904
edf31,34,English,sentence_audio,passive_dropped_agent,10712,4.217333333333333,15,133.50733333333335,84.4,1.4002987303958179
edf31,35,English,sentence_audio,passive_dropped_agent,10332,3.410769230769231,13,103.97384615384615,51.84615384615385,1.2582268679829653
edf31,36,English,sentence_audio,passive_dropped_agent,11055,1.6423076923076922,13,122.05538461538461,52.0,1.1759384893713252
edf31,4,,free_viewing,,5807,1.8794444444444447,18,61.92777777777778,26.77777777777778,3.0997072498708453
edf31,5,,free_viewing,,5769,1.848181818181818,11,177.7527272727273,56.72727272727273,1.906742936384122
edf31,6,,free_viewing,,6024,1.6935714285714287,14,105.59142857142855,37.142857142857146,2.3240371845949537
edf31,7,,free_viewing,,6006,1.8747058823529412,17,69.43823529411765,37.88235294117647,2.8305028305028306
edf31,8,,free_viewing,,5720,1.703125,16,105.92124999999999,42.5,2.7972027972027975
edf31,9,,free_viewing,,5780,2.6871428571428564,14,111.38714285714285,44.57142857142857,2.422145328719723
edf32,1,,free_viewing,,5693,3.027272727272728,11,85.29272727272728,30.90909090909091,1.9321974354470404
edf32,10,,free_viewing,,6048,2.2561538461538464,13,72.63384615384615,28.46153846153846,2.1494708994708995
edf32,11,,free_viewing,,6067,2.8774999999999995,12,117.91250000000002,45.666666666666664,1.9779133014669523
edf32,12,,free_viewing,,5995,2.5391666666666666,12,76.02583333333332,29.5,2.0016680567139282
edf32,13,,free_viewing,,5677,2.2225,8,77.1525,27.5,1.4091949973577595
edf32,14,,free_viewing,,6042,3.664090909090909,22,98.38227272727272,34.09090909090909,3.6411784177424695
edf32,15,,free_viewing,,5907,2.248125,16,72.6025,27.375,2.7086507533434907
edf32,16,,free_viewing,,5799,2.137272727272727,11,71.39181818181818,28.0,1.8968787722021037
edf32,17,,free_viewing,,5910,2.582631578947368,19,76.57368421052632,29.57894736842105,3.2148900169204735
edf32,18,,free_viewing,,5765,2.7700000000000005,16,126.27875,41.625,2.7753686036426712
edf32,19,Punjabi,sentence_audio,passive,10850,2.0520000000000005,5,67.458,26.8,0.4608294930875576
edf32,2,,free_viewing,,5930,3.3669230769230767,13,87.33538461538463,32.76923076923077,2.1922428330522767
edf32,20,Punjabi,sentence_audio,passive,10261,1.97875,8,66.45625000000001,27.25,0.7796511061300069
edf32,21,Punjabi,sentence_audio,passive,10448,2.1981818181818182,11,144.9372727272727,43.63636363636363,1.052833078101072
edf32,22,Punjabi,sentence_audio,passive_dropped_agent,10434,3.0656250000000003,16,122.795,44.875,1.5334483419589804
edf32,23,Punjabi,sentence_audio,passive_dropped_agent,10511,2.9918750000000003,16,115.80875000000002,39.875,1.5222148225668348
edf32,24,Punjabi,sentence_audio,passive_dropped_agent,10516,2.871578947368421,19,103.79684210526317,38.0,1.8067706352225181
edf32,25,English,sentence_audio,active,10778,2.582,15,78.07400000000001,29.733333333333334,1.3917238819818147
edf32,26,English,sentence_audio,active,10499,2.9912499999999995,16,128.80875,45.5,1.523954662348795
edf32,27,English,sentence_audio,active,10718,2.2961538461538455,13,96.14307692307693,38.46153846153846,1.2129128568762828
edf32,28,English,sentence_audio,passive,10374,2.6062499999999997,16,78.761875,31.375,1.542317331791016
edf32,29,English,sentence_audio,passive,10851,4.23,8,105.5475,58.0,0.7372592387798359
edf32,3,,free_viewing,,5935,2.138125,16,68.739375,27.5,2.695871946082561
edf32,30,English,sentence_audio,passive,10758,2.2575,12,72.2575,28.833333333333332,1.1154489682097044
edf32,31,English,sentence_audio,passive_dropped_agent,10375,3.235294117647059,17,83.18117647058824,32.23529411764706,1.6385542168674698
edf32,32,English,sentence_audio,passive_dropped_agent,10265,2.7790909090909093,11,140.44545454545454,53.81818181818182,1.071602532878714
edf32,33,English,sentence_audio,passive_dropped_agent,10642,2.374,10,161.964,49.6,0.9396729937981583
edf32,34,Punjabi,sentence_audio,active,10350,2.9799999999999995,11,154.62583333333336,60.0,1.0628019323671498
edf32,35,Punjabi,sentence_audio,active,11090,1.7357142857142855,7,63.59285714285714,25.428571428571427,0.6311992786293958
edf32,36,Punjabi,sentence_audio,active,10979,2.470769230769231,13,96.26615384615386,39.23076923076923,1.1840786956917753
edf32,4,,free_viewing,,5874,3.0220000000000002,15,88.43400000000001,31.066666666666666,2.5536261491317673
edf32,5,,free_viewing,,5704,3.238181818181818,11,86.16272727272727,31.636363636363637,1.9284712482468445
edf32,6,,free_viewing,,6060,2.07,14,125.9292857142857,39.285714285714285,2.31023102310231
edf32,7,,free_viewing,,6007,2.5858333333333334,12,76.67083333333333,29.0,1.997669385716664
edf32,8,,free_viewing,,5706,2.755,20,83.06199999999998,30.2,3.5050823694356814
edf32,9,,free_viewing,,6050,2.3162499999999997,8,70.37374999999999,29.5,1.322314049586777
edf33,1,,free_viewing,,6025,3.068,15,85.08600000000001,34.4,2.4896265560165975
edf33,10,,free_viewing,,6080,3.0790909090909095,11,92.48545454545454,48.18181818181818,1.8092105263157894
edf33,11,,free_viewing,,6125,4.762499999999999,12,114.87416666666665,82.83333333333333,1.9591836734693877
edf33,12,,free_viewing,,5943,2.4914285714285715,14,78.9092857142857,43.42857142857143,2.3557126030624267
edf33,13,,free_viewing,,5908,1.97,8,104.67250000000001,82.0,1.3540961408259986
edf33,14,,free_viewing,,5938,2.1966666666666668,12,69.625,28.666666666666668,2.020882452004042
edf33,15,,free_viewing,,5676,2.9499999999999997,11,100.58636363636364,74.54545454545455,1.937984496124031
edf33,16,,free_viewing,,6084,4.266153846153847,13,110.3623076923077,71.23076923076923,2.1367521367521367
edf33,17,,free_viewing,,5771,2.8416666666666663,12,85.0975,48.5,2.0793623288858085
edf33,18,,free_viewing,,5639,2.5033333333333334,12,110.455,88.33333333333333,2.12803688597269
edf33,19,Punjabi,sentence_audio,passive_dropped_agent,10383,2.998,10,103.64200000000001,48.0,0.9631127805065974
edf33,2,,free_viewing,,5665,2.845,12,82.44749999999999,32.5,2.118270079435128
edf33,20,Punjabi,sentence_audio,passive_dropped_agent,10546,1.5816666666666668,6,88.77166666666666,57.333333333333336,0.5689360895126114
edf33,21,Punjabi,sentence_audio,passive_dropped_agent,11128,4.011111111111111,9,104.24555555555555,54.44444444444444,0.8087706685837527
edf33,22,English,sentence_audio,active,10887,1.5344444444444445,9,76.35555555555555,44.666666666666664,0.8266740148801323
edf33,23,English,sentence_audio,active,10708,2.822,5,84.88199999999999,32.8,0.4669406051550243
edf33,24,English,sentence_audio,active,10273,3.278666666666666,15,101.908,53.6,1.4601382264187677
edf33,25,English,sentence_audio,passive,10324,2.09,14,85.94285714285714,53.285714285714285,1.3560635412630764
edf33,26,English,sentence_audio,passive,10566,4.422222222222222,9,102.53777777777778,60.0,0.8517887563884157
edf33,27,English,sentence_audio,passive,10787,1.920666666666667,15,78.27266666666667,46.93333333333333,1.3905627143784183
edf33,28,English,sentence_audio,passive_dropped_agent,11116,2.2912500000000002,16,72.226875,30.375,1.439366678661389
edf33,29,English,sentence_audio,passive_dropped_agent,10694,3.547692307692308,13,106.14461538461538,60.46153846153846,1.215634935477838
edf33,3,,free_viewing,,5804,3.2699999999999996,9,97.54888888888888,53.77777777777778,1.5506547208821502
edf33,30,English,sentence_audio,passive_dropped_agent,10871,4.208,5,108.01200000000001,69.2,0.45993928801398215
edf33,31,Punjabi,sentence_audio,active,10628,3.4909090909090907,11,105.54454545454546,61.81818181818182,1.0350018818216034
edf33,32,Punjabi,sentence_audio,active,11112,2.1199999999999997,12,103.52499999999999,74.83333333333333,1.079913606911447
edf33,33,Punjabi,sentence_audio,active,10919,2.5541176470588236,17,90.45294117647059,48.0,1.5569191317886253
edf33,34,Punjabi,sentence_audio,passive,10993,2.2800000000000002,9,76.34333333333333,29.11111111111111,0.8187028108796507
edf33,35,Punjabi,sentence_audio,passive,10179,2.215384615384615,13,84.63153846153847,54.46153846153846,1.277139208173691
edf33,36,Punjabi,sentence_audio,passive,10853,1.7891666666666666,12,74.86416666666666,38.0,1.1056850640375933
edf33,4,,free_viewing,,5859,2.433076923076923,13,78.66230769230768,45.07692307692308,2.2188086704215735
edf33,5,,free_viewing,,5797,3.4627272727272724,11,95.65636363636364,35.09090909090909,1.8975332068311197
edf33,6,,free_viewing,,5939,2.4291666666666667,12,78.03833333333333,30.5,2.020542178817983
edf33,7,,free_viewing,,5873,2.22,10,81.334,48.8,1.7027073046143368
edf33,8,,free_viewing,,5757,3.158181818181818,11,103.08363636363637,62.18181818181818,1.9107173875282266
edf33,9,,free_viewing,,5719,2.852,10,82.93700000000001,51.2,1.7485574401119075
edf34,1,,free_viewing,,6027,2.6342857142857143,14,112.06714285714285,55.0,2.3228803716608595
edf34,10,,free_viewing,,5780,3.172105263157895,19,115.41263157894737,54.73684210526316,3.2871972318339098
edf34,11,,free_viewing,,6032,2.9085714285714284,14,117.04785714285715,59.42857142857143,2.320954907161804
edf34,12,,free_viewing,,6033,3.2729411764705882,17,130.74411764705883,69.17647058823529,2.817835239515995
edf34,13,,free_viewing,,5995,3.170714285714286,14,165.08642857142857,105.28571428571429,2.335279399499583
edf34,14,,free_viewing,,5990,4.234705882352942,17,134.97117647058823,60.0,2.8380634390651083
edf34,15,,free_viewing,,6079,3.7800000000000002,17,157.4088888888889,44.333333333333336,2.7965125843066296
edf34,16,,free_viewing,,5648,4.287894736842105,19,130.2773684210526,73.47368421052632,3.3640226628895187
edf34,17,,free_viewing,,5792,1.90125,16,134.10437499999998,76.375,2.7624309392265194
edf34,18,,free_viewing,,5659,1.9116666666666664,12,144.37833333333336,98.66666666666667,2.120515992224775
edf34,19,English,sentence_audio,active,10598,2.8345454545454545,11,114.50909090909092,44.72727272727273,1.037931685223627
edf34,2,,free_viewing,,5819,4.478695652173913,23,120.5113043478261,47.21739130434783,3.952569169960474
edf34,20,English,sentence_audio,active,11148,2.2225,12,144.78923076923076,50.61538461538461,1.0764262648008611
edf34,21,English,sentence_audio,active,10879,2.7719999999999994,15,127.97666666666666,77.33333333333333,1.3788031988234213
edf34,22,English,sentence_audio,passive,10469,1.5514285714285714,7,118.26857142857143,56.285714285714285,0.6686407488776388
edf34,23,English,sentence_audio,passive,10313,3.4215384615384616,13,134.48461538461538,59.07692307692308,1.2605449432754774
edf34,24,English,sentence_audio,passive,10322,4.128235294117647,17,139.74764705882353,64.23529411764706,1.6469676419298587
edf34,25,English,sentence_audio,passive_dropped_agent,10475,3.389375,16,113.918125,58.875,1.5274463007159904
edf34,26,English,sentence_audio,passive_dropped_agent,10453,3.371052631578947,19,107.29210526315788,44.94736842105263,1.8176600019133264
edf34,27,English,sentence_audio,passive_dropped_agent,10984,3.454166666666666,12,88.52833333333332,36.0,1.0924981791697015
edf34,28,Punjabi,sentence_audio,active,11003,2.9177777777777782,18,118.03666666666666,62.44444444444444,1.635917477051713
edf34,29,Punjabi,sentence_audio,active,10942,3.8184615384615386,13,126.86692307692307,67.23076923076923,1.188082617437397
edf34,3,,free_viewing,,5740,2.9625000000000004,20,102.124,39.4,3.484320557491289
edf34,30,Punjabi,sentence_audio,active,10978,3.059285714285714,14,112.53928571428571,63.857142857142854,1.275277828384041
edf34,31,Punjabi,sentence_audio,passive,10967,4.998823529411764,17,139.17882352941177,67.88235294117646,1.5501048600346494
edf34,32,Punjabi,sentence_audio,passive,11011,3.160769230769231,13,153.5169230769231,96.46153846153847,1.180637544273908
edf34,33,Punjabi,sentence_audio,passive,10429,3.016428571428572,14,103.73714285714284,45.0,1.3424105858663342
edf34,34,Punjabi,sentence_audio,passive_dropped_agent,10492,2.768,10,143.701,84.6,0.9531071292413267
edf34,35,Punjabi,sentence_audio,passive_dropped_agent,10642,4.473571428571428,14,149.23214285714286,79.14285714285714,1.3155421913174217
edf34,36,Punjabi,sentence_audio,passive_dropped_agent,11147,2.0888235294117647,17,208.01235294117646,84.94117647058823,1.5250740109446488
edf34,4,,free_viewing,,5868,3.758125,16,119.86500000000001,46.375,2.7266530334014996
edf34,5,,free_viewing,,6011,3.3030769230769232,13,125.64785714285712,61.142857142857146,2.1627017135252036
edf34,6,,free_viewing,,5890,2.5364285714285715,14,139.00714285714284,73.28571428571429,2.376910016977929
edf34,7,,free_viewing,,6092,3.69375,16,131.44125,54.75,2.6263952724885096
edf34,8,,free_viewing,,5879,2.5681249999999993,16,206.25437499999998,100.0,2.7215512842320124
edf34,9,,free_viewing,,5731,3.486875,16,128.16562499999998,74.5,2.79183388588379
edf35,1,,free_viewing,,5848,2.456666666666666,15,248.37133333333335,106.0,2.5649794801641588
edf35,10,,free_viewing,,5699,1.0739999999999998,10,288.072,116.0,1.7546938059308652
edf35,11,,free_viewing,,5966,2.5033333333333334,9,321.9611111111111,124.0,1.5085484411666108
edf35,12,,free_viewing,,5829,1.6099999999999999,8,172.18625,135.0,1.372448104306056
edf35,13,,free_viewing,,6080,3.899000000000001,10,188.107,90.8,1.644736842105263
edf35,14,,free_viewing,,6076,3.833333333333334,12,188.47916666666666,90.66666666666667,1.9749835418038184
edf35,15,,free_viewing,,6060,2.341,10,252.996,112.0,1.6501650165016504
edf35,16,,free_viewing,,6004,2.2344444444444447,9,184.74222222222224,83.55555555555556,1.4990006662225184
edf35,17,,free_viewing,,5863,1.22,10,272.56499999999994,115.6,1.7056114617090226
edf35,18,,free_viewing,,6063,2.6333333333333333,12,190.43666666666664,81.33333333333333,1.9792182088075212
edf35,19,English,sentence_audio,passive,10655,2.367777777777778,9,395.56444444444446,135.11111111111111,0.8446738620366026
edf35,2,,free_viewing,,5677,3.3321428571428564,14,155.5742857142857,62.42857142857143,2.466091245376079
edf35,20,English,sentence_audio,passive,10181,0.5271428571428572,7,357.7285714285714,187.71428571428572,0.6875552499754445
edf35,21,English,sentence_audio,passive,10502,2.6237500000000002,8,308.92777777777775,110.66666666666667,0.7617596648257474
edf35,22,English,sentence_audio,passive_dropped_agent,10642,1.1450000000000002,10,230.43900000000002,141.6,0.9396729937981583
edf35,23,English,sentence_audio,passive_dropped_agent,10276,2.1439999999999997,10,141.892,114.4,0.973141300116777
edf35,24,English,sentence_audio,passive_dropped_agent,10625,1.808888888888889,9,324.0411111111111,119.55555555555556,0.8470588235294118
edf35,25,Punjabi,sentence_audio,active,10920,2.3527272727272726,11,227.41727272727275,113.63636363636364,1.0073260073260073
edf35,26,Punjabi,sentence_audio,active,10640,2.64,9,267.94666666666666,128.88888888888889,0.8458646616541353
edf35,27,Punjabi,sentence_audio,active,10830,1.195,8,269.0762500000001,177.75,0.7386888273314866
edf35,28,Punjabi,sentence_audio,passive,10775,0.705,8,403.32624999999996,154.5,0.7424593967517401
edf35,29,Punjabi,sentence_audio,passive,10903,3.49125,8,286.5975,116.75,0.7337430065119691
edf35,3,,free_viewing,,5788,3.251,10,158.11899999999997,59.8,1.7277125086385625
edf35,30,Punjabi,sentence_audio,passive,11043,4.743636363636363,11,253.76181818181823,131.45454545454547,0.9961061305804583
edf35,31,Punjabi,sentence_audio,passive_dropped_agent,10549,4.81153846153846,13,222.75785714285712,82.14285714285714,1.2323442980377288
edf35,32,Punjabi,sentence_audio,passive_dropped_agent,10305,1.9445454545454546,11,246.5381818181818,118.36363636363636,1.0674429888403687
edf35,33,Punjabi,sentence_audio,passive_dropped_agent,10542,3.4507692307692306,13,188.04846153846154,110.0,1.2331625877442611
edf35,34,English,sentence_audio,active,10334,2.6109090909090913,11,223.80636363636367,112.0,1.064447455002903
edf35,35,English,sentence_audio,active,10604,2.313333333333333,9,245.08777777777777,139.77777777777777,0.8487363259147492
edf35,36,English,sentence_audio,active,10306,2.18625,8,344.30999999999995,151.75,0.7762468464971861
edf35,4,,free_viewing,,5739,1.8236363636363633,11,175.6518181818182,74.72727272727273,1.9167102282627635
edf35,5,,free_viewing,,5775,2.8939999999999997,10,179.051,76.0,1.7316017316017316
edf35,6,,free_viewing,,6053,4.220000000000001,10,231.471,101.4,1.6520733520568314
edf35,7,,free_viewing,,5651,3.186666666666667,12,153.61083333333332,80.33333333333333,2.123517961422757
edf35,8,,free_viewing,,5963,3.3790909090909085,11,140.67454545454547,55.09090909090909,1.8447090390742915
edf35,9,,free_viewing,,6100,2.962727272727273,11,176.40454545454546,94.72727272727273,1.8032786885245902
edf36,10,,free_viewing,,5936,2.95375,8,191.87625,63.75,1.3477088948787062
edf36,11,,free_viewing,,5936,2.744,10,116.739,48.6,1.6846361185983827
edf36,12,,free_viewing,,5952,2.2555555555555555,9,113.43111111111112,56.22222222222222,1.5120967741935485
edf36,13,,free_viewing,,5864,3.1354545454545457,11,117.26454545454544,52.18181818181818,1.8758526603001364
edf36,14,,free_viewing,,5882,2.5625,8,96.75,49.5,1.3600816048962938
edf36,15,,free_viewing,,5781,3.015555555555556,9,86.36777777777777,32.888888888888886,1.5568240788790868
edf36,16,,free_viewing,,5768,3.6611111111111114,9,99.18222222222221,34.666666666666664,1.5603328710124826
edf36,17,,free_viewing,,5738,2.503,10,77.223,31.2,1.7427675148135238
edf36,18,,free_viewing,,6132,2.38625,8,73.51,30.25,1.3046314416177431
edf36,19,English,sentence_audio,passive_dropped_agent,10685,2.518,5,75.686,32.4,0.4679457182966776
edf36,2,,free_viewing,,6107,4.02090909090909,11,122.91818181818181,42.90909090909091,1.8012117242508596
edf36,20,English,sentence_audio,passive_dropped_agent,10865,2.0258333333333334,12,70.63666666666667,28.0,1.1044638748274276
edf36,21,English,sentence_audio,passive_dropped_agent,10457,2.3885714285714283,7,107.72714285714288,50.0,0.6694080520225686
edf36,22,Punjabi,sentence_audio,active,10228,11.134285714285715,7,191.84714285714287,61.42857142857143,0.684395776300352
edf36,23,Punjabi,sentence_audio,active,10533,2.877,10,83.977,31.6,0.949397132820659
edf36,24,Punjabi,sentence_audio,active,11134,3.3778571428571427,14,116.55133333333336,38.93333333333333,1.2574097359439553
edf36,25,Punjabi,sentence_audio,passive,10439,2.4925,12,92.41083333333331,40.833333333333336,1.1495353961107386
edf36,26,Punjabi,sentence_audio,passive,10882,2.630833333333334,12,79.33083333333333,30.666666666666668,1.1027384671935305
edf36,27,Punjabi,sentence_audio,passive,11147,2.7290000000000005,10,80.65500000000002,31.6,0.8971023593792051
edf36,28,Punjabi,sentence_audio,passive_dropped_agent,10287,2.6045454545454545,11,80.91818181818182,30.0,1.0693107805968698
edf36,29,Punjabi,sentence_audio,passive_dropped_agent,10394,3.0825,12,117.4191666666667,45.0,1.1545122185876466
edf36,3,,free_viewing,,5813,3.6709090909090905,11,113.36454545454544,40.54545454545455,1.8923103388955789
edf36,30,Punjabi,sentence_audio,passive_dropped_agent,10620,2.8457142857142856,7,83.0642857142857,33.714285714285715,0.6591337099811676
edf36,31,English,sentence_audio,active,10931,2.5300000000000002,13,93.27538461538461,46.15384615384615,1.1892781996157717
edf36,32,English,sentence_audio,active,11162,3.1072727272727265,11,115.53545454545456,58.72727272727273,0.9854864719584303
edf36,33,English,sentence_audio,active,10510,3.0181818181818185,11,108.34636363636365,48.54545454545455,1.0466222645099905
edf36,34,English,sentence_audio,passive,10642,4.236923076923077,13,114.02846153846154,48.30769230769231,1.2215748919376057
edf36,35,English,sentence_audio,passive,10855,3.84,6,101.27499999999999,35.666666666666664,0.5527406725011516
edf36,36,English,sentence_audio,passive,10593,2.474285714285714,7,75.9814285714286,30.0,0.6608137449258945
edf36,4,,free_viewing,,6074,3.178,10,105.91999999999999,49.4,1.6463615409944024
edf36,5,,free_viewing,,5952,1.8875,8,94.36374999999998,46.0,1.3440860215053763
edf36,6,,free_viewing,,5705,3.2987499999999996,8,116.57125000000002,60.0,1.4022787028922
edf36,7,,free_viewing,,5710,5.7475,4,137.29500000000002,41.5,0.7005253940455342
edf36,8,,free_viewing,,5736,3.388333333333333,6,95.52166666666666,34.333333333333336,1.0460251046025104
edf36,9,,free_viewing,,5905,2.983333333333333,6,114.01999999999998,48.666666666666664,1.0160880609652836
edf37,1,,free_viewing,,5765,3.816428571428571,14,97.41357142857142,34.857142857142854,2.4284475281873377
edf37,10,,free_viewing,,6036,2.093,10,99.45599999999999,62.4,1.656726308813784
edf37,11,,free_viewing,,5933,3.6940000000000004,10,93.185,56.0,1.6854879487611665
edf37,12,,free_viewing,,5641,4.008,10,218.994,66.2,1.7727353306151392
edf37,13,,free_viewing,,5760,2.5123529411764705,17,97.28647058823529,39.529411764705884,2.951388888888889
edf37,14,,free_viewing,,5850,3.1335294117647066,17,87.97941176470589,32.8235294117647,2.9059829059829063
edf37,15,,free_viewing,,5786,4.413749999999999,16,102.01625000000001,39.0,2.7652955409609405
edf37,16,,free_viewing,,5772,2.6325000000000003,20,78.46349999999998,29.4,3.465003465003465
edf37,17,,free_viewing,,5906,2.076,15,78.03266666666669,39.06666666666667,2.5397900440230274
edf37,18,,free_viewing,,5927,3.074615384615385,13,94.42384615384616,44.61538461538461,2.1933524548675556
edf37,19,Punjabi,sentence_audio,active,10838,4.233529411764706,17,102.01058823529411,35.88235294117647,1.5685550839638311
edf37,2,,free_viewing,,6119,3.136923076923077,13,84.08384615384615,31.53846153846154,2.124530151985619
edf37,20,Punjabi,sentence_audio,active,11070,2.17,11,214.75181818181818,62.90909090909091,0.9936766034327009
edf37,21,Punjabi,sentence_audio,active,10977,1.8806666666666665,15,62.45399999999999,28.666666666666668,1.3664935774801859
edf37,22,Punjabi,sentence_audio,passive,10905,3.1550000000000002,14,86.69214285714285,35.0,1.2838147638697845
edf37,23,Punjabi,sentence_audio,passive,11141,3.9278571428571425,14,92.15214285714286,38.142857142857146,1.2566196930257607
edf37,24,Punjabi,sentence_audio,passive,10578,3.602499999999999,16,103.9625,49.625,1.5125732652675365
edf37,25,Punjabi,sentence_audio,passive_dropped_agent,11140,4.204615384615384,13,98.82538461538459,53.23076923076923,1.1669658886894074
edf37,26,Punjabi,sentence_audio,passive_dropped_agent,10872,3.729,20,92.66550000000002,36.8,1.839587932303164
edf37,27,Punjabi,sentence_audio,passive_dropped_agent,10633,2.8983333333333334,12,93.82166666666667,46.833333333333336,1.1285620238878962
edf37,28,English,sentence_audio,active,10533,3.3628571428571425,14,115.05428571428573,49.57142857142857,1.3291559859489226
edf37,29,English,sentence_audio,active,10564,2.5264285714285712,14,75.92642857142857,30.142857142857142,1.3252555850056797
edf37,3,,free_viewing,,5773,4.069999999999999,17,159.3270588235294,55.294117647058826,2.944742768058202
edf37,30,English,sentence_audio,active,10415,2.79,8,79.28875,31.5,0.7681228996639463
edf37,31,English,sentence_audio,passive,10465,2.5088235294117647,17,88.67882352941177,42.94117647058823,1.6244624940277115
edf37,32,English,sentence_audio,passive,10529,2.9846153846153842,13,69.48307692307691,36.0,1.2346851552854021
edf37,33,English,sentence_audio,passive,10621,1.7946153846153845,13,63.69923076923075,24.923076923076923,1.2239902080783354
edf37,34,English,sentence_audio,passive_dropped_agent,10748,1.8486666666666667,15,60.02733333333332,25.866666666666667,1.3956084852995907
edf37,35,English,sentence_audio,passive_dropped_agent,10933,2.177,10,171.79000000000002,160.4,0.914662032379036
edf37,36,English,sentence_audio,passive_dropped_agent,10651,2.0295,20,73.202,44.7,1.8777579569993428
edf37,4,,free_viewing,,5782,2.405,12,179.6866666666667,59.5,2.0754064337599445
edf37,5,,free_viewing,,5941,4.448333333333333,12,131.76083333333335,60.166666666666664,2.0198619760983
edf37,6,,free_viewing,,5736,3.5961538461538463,13,140.0253846153846,46.76923076923077,2.2663877266387726
edf37,7,,free_viewing,,5937,3.4600000000000004,18,90.87833333333333,46.333333333333336,3.031834259727135
edf37,8,,free_viewing,,5741,3.0,16,83.87312499999999,32.375,2.7869709109911165
edf37,9,,free_viewing,,5760,2.9923076923076923,13,81.82384615384616,32.0,2.2569444444444446
edf38,1,,free_viewing,,5807,2.4453846153846155,13,90.17692307692307,26.0,2.238677458240055
edf38,10,,free_viewing,,5843,5.8277777777777775,9,130.44666666666663,62.0,1.54030463802841
edf38,11,,free_viewing,,6092,2.693,10,96.826,78.2,1.6414970453053186
edf38,12,,free_viewing,,5659,3.4099999999999997,16,104.86500000000001,30.875,2.8273546562996996
edf38,13,,free_viewing,,5955,3.350625,16,105.96374999999999,28.375,2.686817800167926
edf38,14,,free_viewing,,5894,3.158333333333333,12,116.63166666666667,36.166666666666664,2.035968781812012
edf38,15,,free_viewing,,5831,3.2361538461538464,13,100.43461538461537,29.076923076923077,2.229463213856971
edf38,16,,free_viewing,,5902,4.009285714285714,14,102.53142857142859,35.57142857142857,2.3720772619451034
edf38,17,,free_viewing,,6133,3.8200000000000003,9,106.40555555555555,32.888888888888886,1.4674710582096853
edf38,18,,free_viewing,,6052,3.435833333333333,12,110.33083333333332,28.0,1.9828155981493722
edf38,19,Punjabi,sentence_audio,passive,10445,3.04375,16,93.139375,28.25,1.5318334131163236
edf38,2,,free_viewing,,5719,3.2944444444444434,18,105.8811111111111,29.444444444444443,3.1474033922014337
edf38,20,Punjabi,sentence_audio,passive,10630,3.237142857142857,7,139.50714285714284,49.42857142857143,0.658513640639699
edf38,21,Punjabi,sentence_audio,passive,10577,2.7568749999999995,16,97.14411764705882,35.411764705882355,1.5127162711543916
edf38,22,Punjabi,sentence_audio,passive_dropped_agent,10842,2.048333333333333,12,78.89666666666666,25.0,1.1068068622025455
edf38,23,Punjabi,sentence_audio,passive_dropped_agent,10711,3.495625,16,120.5875,44.0,1.4937914293716739
edf38,24,Punjabi,sentence_audio,passive_dropped_agent,10399,4.286428571428572,14,119.2507142857143,35.42857142857143,1.3462832964708147
edf38,25,English,sentence_audio,active,10948,3.358125,16,109.39500000000001,40.75,1.4614541468761417
edf38,26,English,sentence_audio,active,10978,4.1905882352941175,17,104.91470588235295,41.05882352941177,1.5485516487520496
edf38,27,English,sentence_audio,active,11002,2.1945454545454544,11,85.85454545454544,54.72727272727273,0.9998182148700235
edf38,28,English,sentence_audio,passive,10317,3.785454545454546,11,137.4590909090909,69.45454545454545,1.06620141514006
edf38,29,English,sentence_audio,passive,10572,2.823846153846154,13,111.50692307692309,42.30769230769231,1.2296632614453273
edf38,3,,free_viewing,,5985,3.474615384615385,13,207.6192307692308,40.0,2.172096908939014
edf38,30,English,sentence_audio,passive,10413,3.4579999999999997,10,110.271,49.2,0.9603380389897244
edf38,31,English,sentence_audio,passive_dropped_agent,10328,2.4057142857142857,14,82.97142857142856,26.0,1.3555383423702556
edf38,32,English,sentence_audio,passive_dropped_agent,10419,4.1054545454545455,11,102.28909090909092,34.90909090909091,1.0557635089739899
edf38,33,English,sentence_audio,passive_dropped_agent,10327,2.1546666666666665,15,90.44933333333334,39.6,1.452503147090152
edf38,34,Punjabi,sentence_audio,active,11174,3.2324999999999995,16,87.923125,30.5,1.431895471630571
edf38,35,Punjabi,sentence_audio,active,10208,2.0900000000000003,13,86.5876923076923,37.07692307692308,1.2735109717868338
edf38,36,Punjabi,sentence_audio,active,10478,3.818125,16,112.08249999999998,43.375,1.5270089711777057
edf38,4,,free_viewing,,5670,2.26625,16,82.42937500000002,26.25,2.821869488536155
edf38,5,,free_viewing,,5726,3.127272727272727,11,100.1590909090909,28.90909090909091,1.9210618232623122
edf38,6,,free_viewing,,5883,7.025625,16,152.396875,39.25,2.71970083290838
edf38,7,,free_viewing,,5969,2.536666666666667,9,88.75,26.444444444444443,1.5077902496230524
edf38,8,,free_viewing,,6105,4.565833333333333,12,122.71333333333335,39.833333333333336,1.9656019656019654
edf38,9,,free_viewing,,5907,2.530666666666667,15,90.048,26.133333333333333,2.5393600812595225
edf39,1,,free_viewing,,6137,1.7784615384615383,13,64.49153846153847,26.0,2.1182988430829397
edf39,10,,free_viewing,,5835,2.2349999999999994,8,72.39749999999998,30.0,1.3710368466152527
edf39,11,,free_viewing,,6063,3.7915384615384613,13,105.67692307692309,51.84615384615385,2.1441530595414813
edf39,12,,free_viewing,,5988,3.822307692307692,13,110.3453846153846,50.15384615384615,2.171008684034736
edf39,13,,free_viewing,,5934,2.5592307692307696,13,178.9023076923077,51.69230769230769,2.1907650825749916
edf39,14,,free_viewing,,5999,4.348888888888889,9,151.06333333333333,66.22222222222223,1.5002500416736124
edf39,15,,free_viewing,,6052,4.117272727272727,11,96.80636363636363,39.45454545454545,1.817580964970258
edf39,16,,free_viewing,,5767,5.225,10,139.332,34.2,1.7340038148083925
edf39,17,,free_viewing,,5693,3.50625,8,131.24375,50.75,1.4052344985069385
edf39,18,,free_viewing,,5903,3.1460000000000004,15,137.712,61.86666666666667,2.5410808063696426
edf39,19,Punjabi,sentence_audio,passive_dropped_agent,10623,4.766428571428571,14,105.96,41.714285714285715,1.3178951332015438
edf39,2,,free_viewing,,5857,5.512727272727273,11,152.93,57.63636363636363,1.87809458767287
edf39,20,Punjabi,sentence_audio,passive_dropped_agent,10327,2.1325000000000003,12,76.74416666666667,36.666666666666664,1.1620025176721216
edf39,21,Punjabi,sentence_audio,passive_dropped_agent,10173,2.1485714285714286,14,75.07714285714287,34.57142857142857,1.3761918804679052
edf39,22,English,sentence_audio,active,10251,2.6573333333333338,15,119.11733333333333,46.0,1.463271875914545
edf39,23,English,sentence_audio,active,10673,3.1825000000000006,12,125.17,50.333333333333336,1.1243324276211
edf39,24,English,sentence_audio,active,10803,2.442142857142857,14,82.43285714285716,51.57142857142857,1.2959363139868554
edf39,25,English,sentence_audio,passive,10241,4.4399999999999995,14,128.64142857142858,68.71428571428571,1.367053998632946
edf39,26,English,sentence_audio,passive,10335,2.68,14,82.45714285714284,42.714285714285715,1.3546202225447508
edf39,27,English,sentence_audio,passive,11132,4.0441666666666665,12,102.02846153846154,58.92307692307692,1.0779734099892202
edf39,28,English,sentence_audio,passive_dropped_agent,10993,6.111666666666667,12,118.80166666666666,70.33333333333333,1.0916037478395342
edf39,29,English,sentence_audio,passive_dropped_agent,10752,3.558,5,89.78799999999998,35.6,0.46502976190476186
edf39,3,,free_viewing,,5671,5.272,10,130.575,61.0,1.7633574325515782
edf39,30,English,sentence_audio,passive_dropped_agent,10635,5.65,5,115.95800000000001,46.8,0.4701457451810061
edf39,31,Punjabi,sentence_audio,active,10299,2.536,15,98.99533333333333,56.0,1.4564520827264784
edf39,32,Punjabi,sentence_audio,active,10636,2.515384615384615,13,96.39461538461539,45.38461538461539,1.2222640090259498
edf39,33,Punjabi,sentence_audio,active,10406,4.451666666666667,12,130.05916666666667,30.166666666666668,1.1531808571977704
edf39,34,Punjabi,sentence_audio,passive,11092,2.370833333333333,12,95.99333333333334,53.166666666666664,1.0818608005769923
edf39,35,Punjabi,sentence_audio,passive,10425,3.105,6,179.3083333333333,91.0,0.5755395683453237
edf39,36,Punjabi,sentence_audio,passive,10469,3.5264285714285717,14,117.72857142857143,47.714285714285715,1.3372814977552776
edf39,4,,free_viewing,,5757,2.145384615384616,13,134.95846153846153,39.07692307692308,2.258120548896995
edf39,5,,free_viewing,,5781,4.138333333333333,6,144.20142857142858,49.714285714285715,1.0378827192527245
edf39,6,,free_viewing,,5841,3.2346153846153842,13,129.31615384615387,54.30769230769231,2.2256462934429035
edf39,7,,free_viewing,,6081,2.577142857142857,14,149.97785714285715,54.42857142857143,2.302252918927808
edf39,8,,free_viewing,,6052,2.791818181818182,11,155.03636363636363,60.36363636363637,1.817580964970258
edf39,9,,free_viewing,,6025,2.7550000000000003,12,73.19166666666666,28.666666666666668,1.9917012448132778
edf40,1,,free_viewing,,5809,2.8166666666666673,15,81.02933333333334,32.266666666666666,2.582200034429334
edf40,10,,free_viewing,,5860,3.1599999999999997,13,91.35461538461537,37.23076923076923,2.2184300341296925
edf40,11,,free_viewing,,5979,2.277,10,74.725,28.2,1.6725204883759826
edf40,12,,free_viewing,,6015,2.839090909090909,11,80.00909090909092,32.0,1.828761429758936
edf40,13,,free_viewing,,6011,2.4374999999999996,16,71.053125,30.125,2.6617867243387123
edf40,14,,free_viewing,,5952,3.2247058823529406,17,87.50117647058825,34.11764705882353,2.856182795698925
edf40,15,,free_viewing,,5820,2.9522222222222223,18,79.85333333333334,33.44444444444444,3.092783505154639
edf40,16,,free_viewing,,5781,2.6591666666666662,12,74.91833333333334,30.833333333333332,2.075765438505449
edf40,17,,free_viewing,,5999,3.127777777777778,18,116.8861111111111,43.111111111111114,3.000500083347225
edf40,18,,free_viewing,,6105,2.4155555555555557,9,72.24000000000001,29.555555555555557,1.4742014742014742
edf40,19,English,sentence_audio,active,10433,3.522666666666667,15,92.05133333333333,36.8,1.4377456148758747
edf40,2,,free_viewing,,5820,3.600909090909091,11,89.71636363636364,35.09090909090909,1.8900343642611683
edf40,20,English,sentence_audio,active,10989,2.147333333333333,15,128.9946666666667,71.46666666666667,1.3650013650013648
edf40,21,English,sentence_audio,active,10560,2.4274999999999998,12,130.895,37.0,1.1363636363636362
edf40,22,English,sentence_audio,passive,10908,3.703333333333333,12,242.6308333333333,98.33333333333333,1.1001100110011002
edf40,23,English,sentence_audio,passive,10792,3.2742857142857145,14,86.56500000000001,33.42857142857143,1.2972572275759822
edf40,24,English,sentence_audio,passive,10781,2.4069230769230767,13,165.09923076923073,54.30769230769231,1.2058250626101474
edf40,25,English,sentence_audio,passive_dropped_agent,10456,3.016666666666667,9,211.45222222222222,74.44444444444444,0.8607498087222648
edf40,26,English,sentence_audio,passive_dropped_agent,10533,3.3874999999999997,8,143.74750000000003,53.0,0.7595177062565271
edf40,27,English,sentence_audio,passive_dropped_agent,10913,2.3976923076923073,13,92.61384615384615,58.46153846153846,1.1912398057362779
edf40,28,Punjabi,sentence_audio,active,11046,2.716153846153846,13,166.0023076923077,57.07692307692308,1.1768966141589716
edf40,29,Punjabi,sentence_audio,active,10703,3.2536842105263153,19,96.92473684210525,43.1578947368421,1.775203214052135
edf40,3,,free_viewing,,5890,2.804,5,91.0,42.0,0.8488964346349746
edf40,30,Punjabi,sentence_audio,active,10981,3.350555555555556,18,154.25722222222225,56.44444444444444,1.6391949731354158
edf40,31,Punjabi,sentence_audio,passive,10930,3.8649999999999998,16,128.556875,51.0,1.463860933211345
edf40,32,Punjabi,sentence_audio,passive,11167,2.456,10,188.233,64.6,0.8954956568460644
edf40,33,Punjabi,sentence_audio,passive,10195,2.8649999999999998,8,156.98,59.75,0.784698381559588
edf40,34,Punjabi,sentence_audio,passive_dropped_agent,10951,2.752727272727273,11,150.51363636363638,67.45454545454545,1.0044744772166925
edf40,35,Punjabi,sentence_audio,passive_dropped_agent,10434,2.439090909090909,11,135.73454545454547,54.0,1.054245735096799
edf40,36,Punjabi,sentence_audio,passive_dropped_agent,10344,2.1866666666666665,15,153.20466666666667,54.0,1.4501160092807426
edf40,4,,free_viewing,,6021,2.6120000000000005,10,75.137,31.4,1.6608536787908985
edf40,5,,free_viewing,,6065,2.6342857142857143,14,76.61214285714286,29.857142857142858,2.308326463314097
edf40,6,,free_viewing,,5838,2.7566666666666664,9,132.76333333333332,53.111111111111114,1.5416238437821173
edf40,7,,free_viewing,,5869,2.535,8,85.95624999999998,45.0,1.3630942238882264
edf40,8,,free_viewing,,5713,3.1275000000000004,8,85.73,33.25,1.4003150708909504
edf40,9,,free_viewing,,5729,2.07,10,65.852,27.8,1.7455053237912375
edf41,1,,free_viewing,,5654,3.901578947368421,19,111.7136842105263,40.8421052631579,3.3604527767951895
edf41,10,,free_viewing,,6100,2.2785714285714285,14,122.65999999999998,48.57142857142857,2.295081967213115
edf41,11,,free_viewing,,6135,2.146842105263158,19,147.1357894736842,76.42105263157895,3.0969845150774247
edf41,12,,free_viewing,,5782,2.5313333333333334,15,95.60200000000002,45.06666666666667,2.5942580421999306
edf41,13,,free_viewing,,5694,3.885882352941177,17,97.53470588235292,49.1764705882353,2.985598876009835
edf41,14,,free_viewing,,5999,2.531875,16,111.23937500000004,57.75,2.667111185197533
edf41,15,,free_viewing,,5862,1.9484615384615387,13,150.60230769230768,94.3076923076923,2.2176731490958717
edf41,16,,free_viewing,,5669,3.341333333333334,15,110.33800000000004,54.93333333333333,2.645969306756042
edf41,17,,free_viewing,,5796,2.136,10,117.78599999999999,68.4,1.7253278122843339
edf41,18,,free_viewing,,5805,2.0671428571428567,7,156.17142857142855,81.71428571428571,1.2058570198105083
edf41,19,English,sentence_audio,passive,10615,2.7721428571428572,14,105.52499999999999,54.0,1.31888836552049
edf41,2,,free_viewing,,5765,1.887142857142857,7,118.93142857142857,51.714285714285715,1.2142237640936688
edf41,20,English,sentence_audio,passive,10844,1.2033333333333334,6,108.97833333333334,60.666666666666664,0.5533013648100332
edf41,21,English,sentence_audio,passive,10982,1.419,10,104.63100000000001,62.8,0.9105809506465126
edf41,22,English,sentence_audio,passive_dropped_agent,10280,3.2018181818181817,11,263.91,135.27272727272728,1.0700389105058365
edf41,23,English,sentence_audio,passive_dropped_agent,10360,2.5854545454545454,11,105.45454545454545,69.45454545454545,1.0617760617760619
edf41,24,English,sentence_audio,passive_dropped_agent,10621,2.5446666666666666,15,111.85066666666667,58.8,1.4122963939365407
edf41,25,Punjabi,sentence_audio,active,10815,2.848235294117647,17,130.51176470588234,69.52941176470588,1.5718908922792418
edf41,26,Punjabi,sentence_audio,active,10922,1.96375,16,153.578125,72.125,1.4649331624244644
edf41,27,Punjabi,sentence_audio,active,10667,1.4984615384615385,13,136.58307692307693,86.15384615384616,1.2187119152526484
edf41,28,Punjabi,sentence_audio,passive,10227,1.8228571428571427,14,238.82999999999998,96.4,1.3689253935660506
edf41,29,Punjabi,sentence_audio,passive,10618,2.1325,8,335.43250000000006,148.75,0.7534375588623092
edf41,3,,free_viewing,,6016,2.373333333333333,6,119.87833333333333,54.666666666666664,0.9973404255319149
edf41,30,Punjabi,sentence_audio,passive,10566,1.45,11,284.7136363636364,111.81818181818181,1.0410751466969523
edf41,31,Punjabi,sentence_audio,passive_dropped_agent,10517,2.0940000000000003,10,167.696,80.0,0.9508414947228297
edf41,32,Punjabi,sentence_audio,passive_dropped_agent,10748,3.195833333333333,12,125.73333333333333,85.16666666666667,1.1164867882396725
edf41,33,Punjabi,sentence_audio,passive_dropped_agent,10759,1.7290909090909088,11,283.87545454545455,147.8181818181818,1.0223998512872943
edf41,34,English,sentence_audio,active,10883,1.7458333333333333,12,160.08249999999998,84.5,1.1026371404943491
edf41,35,English,sentence_audio,active,10299,1.8736363636363635,11,201.14181818181817,101.63636363636364,1.068064860666084
edf41,36,English,sentence_audio,active,11063,2.33625,8,257.6825,110.5,0.7231311579137666
edf41,4,,free_viewing,,5691,1.7866666666666668,3,105.66666666666667,52.0,0.5271481286241434
edf41,5,,free_viewing,,5980,2.773333333333333,12,117.06666666666666,42.833333333333336,2.0066889632107023
edf41,6,,free_viewing,,5899,2.504166666666667,12,106.35166666666667,52.833333333333336,2.0342430920495
edf41,7,,free_viewing,,5953,1.2550000000000001,8,134.1925,50.25,1.3438602385351923
edf41,8,,free_viewing,,5663,2.5000000000000004,11,134.4009090909091,56.90909090909091,1.9424333392194948
edf41,9,,free_viewing,,6085,2.488333333333334,18,147.5338888888889,69.33333333333333,2.9580936729663105
edf42,1,,free_viewing,,5677,4.094444444444444,18,100.48111111111112,37.0,3.1706887440549587
edf42,10,,free_viewing,,5692,4.31,15,104.60733333333334,36.13333333333333,2.635277582572031
edf42,11,,free_viewing,,6083,3.732,10,108.208,52.6,1.6439256945586058
edf42,12,,free_viewing,,6021,4.034545454545455,11,99.52363636363636,35.63636363636363,1.8269390466699884
edf42,13,,free_viewing,,5644,3.4907692307692306,13,96.09769230769231,33.38461538461539,2.3033309709425938
edf42,14,,free_viewing,,6128,3.061428571428572,14,84.67857142857143,31.285714285714285,2.2845953002610964
edf42,15,,free_viewing,,5951,4.0025,12,97.1225,36.0,2.016467820534364
edf42,16,,free_viewing,,6129,3.3116666666666674,12,89.27749999999999,34.0,1.9579050416054822
edf42,17,,free_viewing,,5788,4.52,16,107.039375,36.0,2.7643400138217
edf42,18,,free_viewing,,5985,2.428888888888889,9,122.84333333333332,68.22222222222223,1.5037593984962405
edf42,19,English,sentence_audio,passive_dropped_agent,10810,3.390000000000001,11,90.59,33.45454545454545,1.0175763182238668
edf42,2,,free_viewing,,5788,3.674615384615385,13,99.24307692307694,34.61538461538461,2.2460262612301314
edf42,20,English,sentence_audio,passive_dropped_agent,10990,2.8400000000000003,12,127.15916666666668,42.666666666666664,1.091901728844404
edf42,21,English,sentence_audio,passive_dropped_agent,10241,2.4000000000000004,9,112.47666666666667,48.888888888888886,0.8788204276926082
edf42,22,Punjabi,sentence_audio,active,11079,3.5975,8,92.89375000000001,34.0,0.7220868309414207
edf42,23,Punjabi,sentence_audio,active,10707,4.949,10,119.65599999999999,39.4,0.9339684318670028
edf42,24,Punjabi,sentence_audio,active,10515,3.266666666666667,9,124.95555555555555,52.888888888888886,0.8559201141226819
edf42,25,Punjabi,sentence_audio,passive,11117,3.154166666666667,12,88.72500000000001,31.666666666666668,1.079427903211298
edf42,26,Punjabi,sentence_audio,passive,10546,4.068181818181818,11,161.4218181818182,46.72727272727273,1.0430494974397877
edf42,27,Punjabi,sentence_audio,passive,10825,2.402,10,95.59799999999998,45.0,0.9237875288683604
edf42,28,Punjabi,sentence_audio,passive_dropped_agent,10315,4.430999999999999,10,110.766,36.0,0.9694619486185168
edf42,29,Punjabi,sentence_audio,passive_dropped_agent,10658,1.505,2,60.925,22.0,0.18765246762994933
edf42,3,,free_viewing,,6035,3.4899999999999998,6,96.52333333333333,35.0,0.9942004971002485
edf42,30,Punjabi,sentence_audio,passive_dropped_agent,10588,4.74,11,116.98181818181816,38.36363636363637,1.038911975821685
edf42,31,English,sentence_audio,active,10728,3.1077777777777778,9,91.22555555555557,31.77777777777778,0.8389261744966443
edf42,32,English,sentence_audio,active,10692,2.7916666666666674,6,76.82666666666667,31.666666666666668,0.5611672278338945
edf42,33,English,sentence_audio,active,11030,3.7116666666666664,6,96.255,37.0,0.543970988213962
edf42,34,English,sentence_audio,passive,10738,2.7054545454545456,11,76.86363636363636,29.636363636363637,1.0243993294840752
edf42,35,English,sentence_audio,passive,10238,3.602222222222222,9,93.31222222222225,35.333333333333336,0.8790779449111155
edf42,36,English,sentence_audio,passive,10778,3.1199999999999997,12,84.805,32.833333333333336,1.1133791055854518
edf42,4,,free_viewing,,5662,3.2979999999999996,10,89.013,34.4,1.7661603673613564
edf42,5,,free_viewing,,5886,3.3757142857142854,7,91.58571428571429,31.428571428571427,1.1892626571525653
edf42,6,,free_viewing,,6091,4.598571428571428,14,111.38999999999999,38.0,2.298473157117058
edf42,7,,free_viewing,,5948,4.32,10,104.23000000000002,38.0,1.6812373907195695
edf42,8,,free_viewing,,5785,3.829166666666667,12,96.72416666666668,36.333333333333336,2.0743301642178045
edf42,9,,free_viewing,,5815,4.159230769230769,13,101.03769230769231,34.92307692307692,2.2355975924333618
edf43,1,,free_viewing,,5907,2.345,14,75.2707142857143,28.142857142857142,2.3700694091755543
edf43,10,,free_viewing,,5966,3.6375,8,94.80250000000001,34.75,1.340931947703654
edf43,11,,free_viewing,,6057,4.566000000000001,15,124.19533333333334,50.666666666666664,2.476473501733531
edf43,12,,free_viewing,,5646,4.251052631578948,19,100.75368421052633,39.26315789473684,3.365214311016649
edf43,13,,free_viewing,,5824,2.0072727272727273,11,62.62272727272727,26.181818181818183,1.8887362637362637
edf43,14,,free_viewing,,5903,2.802941176470588,17,78.83647058823531,31.647058823529413,2.8798915805522616
edf43,15,,free_viewing,,6089,2.8176470588235287,17,80.90294117647059,31.058823529411764,2.7919198554770897
edf43,16,,free_viewing,,5904,3.485714285714286,14,107.61642857142859,48.857142857142854,2.3712737127371275
edf43,17,,free_viewing,,5962,3.656875,16,130.96375,47.375,2.6836632002683665
edf43,18,,free_viewing,,5738,3.2709090909090914,11,114.91727272727275,53.09090909090909,1.9170442662948761
edf43,19,Punjabi,sentence_audio,active,10289,2.618823529411765,17,77.21588235294116,30.0,1.6522499757022062
edf43,2,,free_viewing,,6041,3.089285714285715,14,85.80142857142856,32.857142857142854,2.317497103128621
edf43,20,Punjabi,sentence_audio,active,11156,1.8314285714285714,14,96.4242857142857,39.42857142857143,1.254930082466834
edf43,21,Punjabi,sentence_audio,active,10209,1.7250000000000003,12,124.4525,62.666666666666664,1.175433441081399
edf43,22,Punjabi,sentence_audio,passive,10710,2.845,12,85.58749999999999,31.0,1.1204481792717087
edf43,23,Punjabi,sentence_audio,passive,10331,4.104166666666667,12,99.35333333333331,36.0,1.161552608653567
edf43,24,Punjabi,sentence_audio,passive,11114,3.825,10,123.024,60.2,0.8997660608241856
edf43,25,Punjabi,sentence_audio,passive_dropped_agent,10239,2.0966666666666667,3,73.08,28.666666666666668,0.29299736302373275
edf43,26,Punjabi,sentence_audio,passive_dropped_agent,10290,2.6870000000000003,20,79.048,31.4,1.9436345966958213
edf43,27,Punjabi,sentence_audio,passive_dropped_agent,10248,2.6233333333333335,3,81.34333333333333,29.333333333333332,0.2927400468384075
edf43,28,English,sentence_audio,active,10758,3.503333333333333,9,83.84555555555556,41.77777777777778,0.8365867261572784
edf43,29,English,sentence_audio,active,10258,3.4033333333333338,15,90.28933333333333,32.8,1.4622733476311174
edf43,3,,free_viewing,,5983,4.478125,16,98.70000000000002,38.125,2.674243690456293
edf43,30,English,sentence_audio,active,10349,3.3966666666666665,15,90.33066666666667,34.93333333333333,1.4494154024543433
edf43,31,English,sentence_audio,passive,10684,3.0500000000000003,4,158.09250000000003,87.0,0.3743916136278548
edf43,32,English,sentence_audio,passive,11001,2.5576923076923075,13,100.83692307692307,45.38461538461539,1.1817107535678575
edf43,33,English,sentence_audio,passive,10894,1.31,1,53.48,24.0,0.09179364787956673
edf43,34,English,sentence_audio,passive_dropped_agent,10717,2.475,4,71.6775,29.5,0.373238779509191
edf43,35,English,sentence_audio,passive_dropped_agent,10815,2.293571428571429,14,73.875,28.714285714285715,1.2944983818770228
edf43,36,English,sentence_audio,passive_dropped_agent,11130,2.510714285714286,14,72.59857142857143,31.0,1.2578616352201257
edf43,4,,free_viewing,,5737,3.3018750000000003,16,110.13499999999999,46.5,2.788914066585323
edf43,5,,free_viewing,,5941,3.316666666666667,12,89.80499999999999,33.333333333333336,2.0198619760983
edf43,6,,free_viewing,,5830,2.6425,12,112.19416666666666,41.5,2.058319039451115
edf43,7,,free_viewing,,6041,2.7410000000000005,10,83.651,30.2,1.6553550736633007
edf43,8,,free_viewing,,6045,3.047647058823529,17,81.97235294117648,31.764705882352942,2.812241521918941
edf43,9,,free_viewing,,5676,3.287222222222222,18,88.30944444444444,33.22222222222222,3.171247357293869
edf44,1,,free_viewing,,5695,4.5120000000000005,15,105.20266666666666,39.733333333333334,2.633889376646181
edf44,10,,free_viewing,,5798,2.6912499999999997,16,79.16250000000001,30.875,2.759572266298724
edf44,11,,free_viewing,,6112,3.0195652173913046,23,83.36,32.0,3.763089005235602
edf44,12,,free_viewing,,6103,1.7375,16,64.069375,29.375,2.6216614779616583
edf44,13,,free_viewing,,5887,2.3754999999999997,20,73.74900000000001,29.6,3.397316120264991
edf44,14,,free_viewing,,6064,3.8772222222222217,18,96.6511111111111,36.888888888888886,2.9683377308707124
edf44,15,,free_viewing,,5945,2.5278947368421054,19,73.39789473684212,29.36842105263158,3.1959629941126995
edf44,16,,free_viewing,,6054,4.184782608695654,23,101.73652173913042,37.30434782608695,3.799141063759498
edf44,17,,free_viewing,,5962,3.4715000000000003,20,93.19699999999999,34.0,3.354579000335458
edf44,18,,free_viewing,,5783,3.851333333333334,15,97.16600000000001,38.666666666666664,2.593809441466367
edf44,19,Punjabi,sentence_audio,passive,11080,2.78,18,78.23555555555555,33.666666666666664,1.6245487364620939
edf44,2,,free_viewing,,5838,4.094545454545455,11,97.21636363636365,36.54545454545455,1.8842069201781433
edf44,20,Punjabi,sentence_audio,passive,10801,2.131666666666667,12,97.94916666666666,33.666666666666664,1.1110082399777799
edf44,21,Punjabi,sentence_audio,passive,10560,2.308888888888889,9,90.48555555555555,37.333333333333336,0.8522727272727272
edf44,22,Punjabi,sentence_audio,passive_dropped_agent,11035,2.6264705882352937,17,76.90411764705884,29.88235294117647,1.5405527865881286
edf44,23,Punjabi,sentence_audio,passive_dropped_agent,10662,3.110454545454546,22,84.65545454545455,33.63636363636363,2.0634027386981804
edf44,24,Punjabi,sentence_audio,passive_dropped_agent,11089,3.075,16,85.341875,33.875,1.4428713139146903
edf44,25,English,sentence_audio,active,10997,3.6486363636363635,22,93.51181818181821,34.63636363636363,2.0005456033463673
edf44,26,English,sentence_audio,active,10422,3.6119999999999997,20,92.94250000000002,35.9,1.9190174630589136
edf44,27,English,sentence_audio,active,10620,2.215625,16,71.68624999999999,31.375,1.5065913370998119
edf44,28,English,sentence_audio,passive,10808,2.56,12,114.05333333333333,34.833333333333336,1.1102886750555145
edf44,29,English,sentence_audio,passive,10368,4.597894736842107,19,128.5542105263158,43.05263157894737,1.8325617283950617
edf44,3,,free_viewing,,5704,1.918181818181818,11,210.1409090909091,55.81818181818182,1.9284712482468445
edf44,30,English,sentence_audio,passive,11149,2.621818181818182,11,74.05545454545455,30.727272727272727,0.986635572697103
edf44,31,English,sentence_audio,passive_dropped_agent,10419,2.499090909090909,11,169.64,43.09090909090909,1.0557635089739899
edf44,32,English,sentence_audio,passive_dropped_agent,10910,2.2088235294117644,17,68.83705882352942,28.705882352941178,1.5582034830430798
edf44,33,English,sentence_audio,passive_dropped_agent,10532,2.8545454545454545,11,81.40909090909092,33.81818181818182,1.044436004557539
edf44,34,Punjabi,sentence_audio,active,10923,2.7245454545454546,11,80.73818181818181,30.363636363636363,1.0070493454179255
edf44,35,Punjabi,sentence_audio,active,10689,2.939,10,86.91900000000001,44.4,0.9355412105903265
edf44,36,Punjabi,sentence_audio,active,10738,3.7979999999999996,20,93.8875,36.1,1.8625442354255914
edf44,4,,free_viewing,,5762,3.68,12,93.19500000000001,35.0,2.0826102047900035
edf44,5,,free_viewing,,5667,3.0393749999999997,16,83.83437500000001,33.25,2.823363331568731
edf44,6,,free_viewing,,5641,2.5672727272727274,11,74.89181818181818,30.0,1.950008863676653
edf44,7,,free_viewing,,6055,1.9233333333333331,9,65.64888888888888,26.444444444444443,1.4863748967795212
edf44,8,,free_viewing,,6088,1.7946153846153847,13,63.151538461538465,25.23076923076923,2.135348226018397
edf44,9,,free_viewing,,5901,3.443157894736842,19,91.8015789473684,34.421052631578945,3.219793255380444
edf45,1,,free_viewing,,6047,2.926470588235295,17,82.15588235294118,33.05882352941177,2.811311394079709
edf45,10,,free_viewing,,6040,2.4999999999999996,14,72.82857142857142,30.0,2.3178807947019866
edf45,11,,free_viewing,,5810,2.3671428571428565,14,72.2357142857143,30.857142857142858,2.4096385542168677
edf45,12,,free_viewing,,5773,2.5152631578947373,19,75.25315789473684,31.157894736842106,3.2911830937121085
edf45,13,,free_viewing,,5726,3.4870588235294124,17,110.11500000000001,37.0,2.9689137268599373
edf45,14,,free_viewing,,5683,2.2640000000000002,20,71.56200000000001,30.2,3.5192679922576104
edf45,15,,free_viewing,,5870,2.9376470588235293,17,82.89823529411765,32.705882352941174,2.8960817717206133
edf45,16,,free_viewing,,5762,2.988125,16,122.19,41.25,2.7768136063866713
edf45,17,,free_viewing,,5977,2.7526666666666673,15,82.14066666666666,31.866666666666667,2.5096202108080976
edf45,18,,free_viewing,,6048,3.0847368421052628,19,83.88052631578948,34.8421052631579,3.1415343915343916
edf45,19,Punjabi,sentence_audio,passive_dropped_agent,10237,3.0850000000000004,12,99.325,47.833333333333336,1.1722184233662205
edf45,2,,free_viewing,,6099,3.629,10,92.102,38.2,1.6396130513198885
edf45,20,Punjabi,sentence_audio,passive_dropped_agent,11028,2.4894444444444437,18,102.54166666666664,36.55555555555556,1.6322089227421108
edf45,21,Punjabi,sentence_audio,passive_dropped_agent,10330,1.135714285714286,7,74.89857142857143,44.857142857142854,0.6776379477250726
edf45,22,English,sentence_audio,active,10192,2.3033333333333332,12,95.09583333333335,41.833333333333336,1.1773940345368916
edf45,23,English,sentence_audio,active,11038,2.95625,16,82.635625,32.875,1.4495379597753215
edf45,24,English,sentence_audio,active,10913,3.671176470588235,17,166.60882352941175,54.35294117647059,1.5577751305782095
edf45,25,English,sentence_audio,passive,10861,2.667333333333333,15,118.39466666666665,41.06666666666667,1.3810882975784917
edf45,26,English,sentence_audio,passive,10284,2.8499999999999996,16,130.66062499999998,46.875,1.555814858031894
edf45,27,English,sentence_audio,passive,11052,2.002727272727273,11,64.1709090909091,27.818181818181817,0.9952949692363373
edf45,28,English,sentence_audio,passive_dropped_agent,10723,3.1326666666666663,15,106.03466666666668,44.13333333333333,1.3988622586962602
edf45,29,English,sentence_audio,passive_dropped_agent,10783,3.3228571428571425,14,106.92142857142858,45.714285714285715,1.2983399795975146
edf45,3,,free_viewing,,5819,3.3015384615384615,13,89.3546153846154,33.53846153846154,2.234060835195051
edf45,30,English,sentence_audio,passive_dropped_agent,10178,3.0585714285714287,14,95.01714285714286,44.142857142857146,1.3755158184319118
edf45,31,Punjabi,sentence_audio,active,10311,2.52,10,78.26,30.6,0.969838037047813
edf45,32,Punjabi,sentence_audio,active,10438,2.8139999999999996,15,103.72000000000001,41.6,1.437056907453535
edf45,33,Punjabi,sentence_audio,active,10968,2.614166666666667,12,113.24500000000002,43.166666666666664,1.0940919037199124
edf45,34,Punjabi,sentence_audio,passive,11112,2.484,15,92.18266666666665,49.333333333333336,1.349892008639309
edf45,35,Punjabi,sentence_audio,passive,10236,3.0583333333333336,12,91.51583333333333,46.333333333333336,1.1723329425556857
edf45,36,Punjabi,sentence_audio,passive,10834,3.4890476190476187,21,90.76142857142857,34.857142857142854,1.9383422558611778
edf45,4,,free_viewing,,6066,3.397500000000001,12,139.32416666666666,48.166666666666664,1.9782393669634026
edf45,5,,free_viewing,,5753,3.274375,16,84.56625,35.25,2.781157656874674
edf45,6,,free_viewing,,5848,3.156666666666667,21,114.06238095238098,39.80952380952381,3.5909712722298224
edf45,7,,free_viewing,,5937,3.9093333333333335,15,97.68666666666668,37.86666666666667,2.526528549772612
edf45,8,,free_viewing,,6032,3.4117647058823524,17,89.17882352941176,34.23529411764706,2.8183023872679045
edf45,9,,free_viewing,,5914,2.9736363636363636,11,80.03818181818181,34.72727272727273,1.8599932363882314
edf46,1,,free_viewing,,6133,4.75,16,152.475625,76.375,2.6088374368172182
edf46,10,,free_viewing,,6050,4.63,20,112.90950000000001,47.0,3.3057851239669422
edf46,11,,free_viewing,,6063,4.093125,16,114.458125,52.875,2.6389576117433613
edf46,12,,free_viewing,,6025,3.3693749999999993,16,85.53625000000001,34.75,2.6556016597510372
edf46,13,,free_viewing,,5944,4.264,15,117.95199999999998,48.53333333333333,2.5235531628532977
edf46,14,,free_viewing,,5978,3.644444444444444,18,91.27888888888887,36.333333333333336,3.0110404817664773
edf46,15,,free_viewing,,5746,2.983888888888889,18,92.61666666666667,40.666666666666664,3.132613992342499
edf46,16,,free_viewing,,5913,2.8699999999999997,18,82.4588888888889,31.444444444444443,3.0441400304414
edf46,17,,free_viewing,,5834,2.635555555555556,9,108.36777777777779,46.0,1.5426808364758315
edf46,18,,free_viewing,,5860,2.6674999999999995,16,95.354375,39.125,2.73037542662116
edf46,19,English,sentence_audio,active,10620,3.5215000000000005,20,132.39899999999997,53.7,1.8832391713747647
edf46,2,,free_viewing,,5980,3.5955,20,123.6405,48.2,3.34448160535117
edf46,20,English,sentence_audio,active,10970,3.244666666666667,15,125.22933333333334,51.46666666666667,1.3673655423883317
edf46,21,English,sentence_audio,active,10622,2.4268750000000003,16,146.73375000000001,54.0,1.5063076633402372
edf46,22,English,sentence_audio,passive,11090,4.138823529411764,17,114.90058823529412,47.411764705882355,1.532912533814247
edf46,23,English,sentence_audio,passive,10972,3.7428571428571433,14,112.47642857142857,54.714285714285715,1.2759752096244987
edf46,24,English,sentence_audio,passive,10251,4.7,16,138.76125,76.25,1.560823334308848
edf46,25,English,sentence_audio,passive_dropped_agent,10305,3.3261111111111115,18,120.22111111111109,51.111111111111114,1.7467248908296944
edf46,26,English,sentence_audio,passive_dropped_agent,10970,4.471875000000001,16,131.9975,48.0,1.4585232452142205
edf46,27,English,sentence_audio,passive_dropped_agent,11062,3.5712499999999996,16,123.84437500000001,51.875,1.446393057313325
edf46,28,Punjabi,sentence_audio,active,11049,4.767647058823529,17,128.19823529411764,66.11764705882354,1.538600778350982
edf46,29,Punjabi,sentence_audio,active,10888,3.6094117647058823,17,146.78941176470587,56.23529411764706,1.5613519470977222
edf46,3,,free_viewing,,5789,2.925625,16,124.16375000000001,48.125,2.7638624978407327
edf46,30,Punjabi,sentence_audio,active,10934,3.8749999999999996,16,113.57,43.375,1.463325406987379
edf46,31,Punjabi,sentence_audio,passive,10538,3.146666666666667,18,115.3627777777778,50.77777777777778,1.708104004554944
edf46,32,Punjabi,sentence_audio,passive,10892,4.922142857142857,14,134.92214285714286,49.42857142857143,1.2853470437017995
edf46,33,Punjabi,sentence_audio,passive,11039,2.5942857142857143,14,139.64357142857145,62.142857142857146,1.2682308180088777
edf46,34,Punjabi,sentence_audio,passive_dropped_agent,10518,2.889375,16,172.63125,65.125,1.5212017493820116
edf46,35,Punjabi,sentence_audio,passive_dropped_agent,10403,2.7800000000000002,13,124.58071428571427,75.0,1.249639527059502
edf46,36,Punjabi,sentence_audio,passive_dropped_agent,10938,3.3731250000000004,16,110.2170588235294,49.1764705882353,1.4627902724446882
edf46,4,,free_viewing,,5784,4.305294117647058,17,115.38000000000001,48.94117647058823,2.939142461964039
edf46,5,,free_viewing,,5927,3.027058823529412,17,184.5611764705882,90.3529411764706,2.8682301332883418
edf46,6,,free_viewing,,5890,2.819375,16,128.674375,75.5,2.716468590831919
edf46,7,,free_viewing,,5957,2.1288235294117643,17,112.69882352941177,43.411764705882355,2.8537854624811145
edf46,8,,free_viewing,,5750,3.823571428571429,14,135.64357142857142,62.714285714285715,2.4347826086956523
edf46,9,,free_viewing,,5949,2.7225,16,142.74187500000002,73.125,2.689527651706169
edf47,1,,free_viewing,,6099,2.3045454545454542,11,70.73,30.363636363636363,1.8035743564518774
edf47,10,,free_viewing,,6008,3.656666666666667,9,91.78777777777776,37.111111111111114,1.4980026631158456
edf47,11,,free_viewing,,6019,3.3175000000000003,8,86.2175,36.25,1.3291244392756272
edf47,12,,free_viewing,,6016,3.6350000000000002,12,123.78416666666668,46.166666666666664,1.9946808510638299
edf47,13,,free_viewing,,5749,4.6675,4,105.1425,41.5,0.6957731779439903
edf47,14,,free_viewing,,5751,3.2492307692307687,13,84.18846153846154,34.92307692307692,2.2604764388801946
edf47,15,,free_viewing,,6098,4.421428571428572,7,97.48714285714287,41.42857142857143,1.1479173499508035
edf47,16,,free_viewing,,6107,1.625,8,58.83875,24.75,1.3099721630915342
edf47,17,,free_viewing,,5856,1.4720000000000002,10,74.712,30.8,1.7076502732240437
edf47,18,,free_viewing,,6014,4.265454545454545,11,96.77727272727272,41.45454545454545,1.8290655138011307
edf47,19,English,sentence_audio,passive,10602,3.8325,12,93.49000000000001,35.666666666666664,1.1318619128466327
edf47,2,,free_viewing,,6115,3.126153846153846,13,84.46384615384615,34.15384615384615,2.1259198691741616
edf47,20,English,sentence_audio,passive,10182,1.62625,8,60.33374999999999,25.75,0.7857002553525829
edf47,21,English,sentence_audio,passive,10342,1.6733333333333333,9,60.395555555555546,26.0,0.8702378650164377
edf47,22,English,sentence_audio,passive_dropped_agent,10720,2.798888888888889,9,77.78888888888888,33.77777777777778,0.8395522388059701
edf47,23,English,sentence_audio,passive_dropped_agent,10617,3.9633333333333334,9,107.80777777777779,53.55555555555556,0.8476970895733257
edf47,24,English,sentence_audio,passive_dropped_agent,11025,2.5321428571428575,14,74.75857142857144,30.857142857142858,1.2698412698412698
edf47,25,Punjabi,sentence_audio,active,10865,3.03,10,85.178,33.4,0.9203865623561895
edf47,26,Punjabi,sentence_audio,active,10371,1.9671428571428573,7,101.715,32.5,0.6749590203451933
edf47,27,Punjabi,sentence_audio,active,10308,2.5375,8,75.60125,32.0,0.7760962359332557
edf47,28,Punjabi,sentence_audio,passive,10849,3.104,10,87.13300000000001,33.8,0.9217439395335976
edf47,29,Punjabi,sentence_audio,passive,10494,3.4545454545454546,11,85.26,39.63636363636363,1.0482180293501049
edf47,3,,free_viewing,,6115,4.7272727272727275,11,107.87909090909089,42.54545454545455,1.7988552739165984
edf47,30,Punjabi,sentence_audio,passive,10327,2.7383333333333333,12,80.44,32.666666666666664,1.1620025176721216
edf47,31,Punjabi,sentence_audio,passive_dropped_agent,10651,2.767777777777778,9,98.85111111111112,47.111111111111114,0.8449910806497043
edf47,32,Punjabi,sentence_audio,passive_dropped_agent,10765,2.9324999999999997,12,72.83833333333335,35.5,1.114723641430562
edf47,33,Punjabi,sentence_audio,passive_dropped_agent,10447,1.84375,8,100.275,39.0,0.7657700775342204
edf47,34,English,sentence_audio,active,10571,3.602500000000001,8,77.91624999999999,37.0,0.7567874373285404
edf47,35,English,sentence_audio,active,10918,1.0985714285714283,7,46.348571428571425,24.857142857142858,0.6411430664956952
edf47,36,English,sentence_audio,active,11131,3.3089999999999997,10,117.329,43.2,0.898391878537418
edf47,4,,free_viewing,,5719,4.048333333333333,12,100.19916666666666,40.5,2.098268928134289
edf47,5,,free_viewing,,5816,4.844545454545455,11,113.45545454545453,43.27272727272727,1.891334250343879
edf47,6,,free_viewing,,6045,4.118888888888888,9,97.19222222222223,41.333333333333336,1.488833746898263
edf47,7,,free_viewing,,5739,3.976923076923077,13,91.64,36.76923076923077,2.2652029970378114
edf47,8,,free_viewing,,6050,2.279230769230769,13,69.96846153846154,30.76923076923077,2.1487603305785123
edf47,9,,free_viewing,,6067,1.657142857142857,7,65.95,25.428571428571427,1.1537827591890555
edf48,1,,free_viewing,,6122,2.648,10,215.551,101.4,1.633453119895459
edf48,10,,free_viewing,,5762,3.2231250000000005,16,211.784375,97.25,2.7768136063866713
edf48,11,,free_viewing,,6032,3.984285714285715,14,178.47214285714287,90.85714285714286,2.320954907161804
edf48,12,,free_viewing,,5874,4.3375,16,254.14625,65.375,2.7238678924072186
edf48,13,,free_viewing,,5673,2.2638461538461536,13,175.9815384615385,99.84615384615384,2.2915564956812973
edf48,14,,free_viewing,,6084,2.780769230769231,13,187.10461538461539,91.23076923076923,2.1367521367521367
edf48,15,,free_viewing,,6081,2.522307692307692,13,110.69307692307692,67.6923076923077,2.1378062818615358
edf48,16,,free_viewing,,5979,3.6483333333333334,12,142.42,81.66666666666667,2.007024586051179
edf48,17,,free_viewing,,5825,2.1852941176470586,17,132.53411764705882,77.05882352941177,2.9184549356223175
edf48,18,,free_viewing,,6107,3.088461538461538,13,126.44076923076919,78.0,2.1287047650237434
edf48,19,English,sentence_audio,passive_dropped_agent,11101,3.2930769230769235,13,201.4353846153846,98.76923076923077,1.171065669759481
edf48,2,,free_viewing,,6056,1.8479999999999999,15,207.06133333333335,79.73333333333333,2.476882430647292
edf48,20,English,sentence_audio,passive_dropped_agent,11124,2.158,10,172.25400000000002,138.4,0.8989572096368212
edf48,21,English,sentence_audio,passive_dropped_agent,10925,2.1450000000000005,10,166.93400000000003,145.0,0.9153318077803203
edf48,22,Punjabi,sentence_audio,active,10997,1.9518181818181821,11,224.05818181818185,135.27272727272728,1.0002728016731837
edf48,23,Punjabi,sentence_audio,active,10568,2.7116666666666673,12,246.85666666666665,136.33333333333334,1.1355034065102196
edf48,24,Punjabi,sentence_audio,active,10953,3.154666666666667,15,174.38866666666667,87.2,1.3694878115584772
edf48,25,Punjabi,sentence_audio,passive,10902,3.2546666666666666,15,185.26466666666667,82.53333333333333,1.375894331315355
edf48,26,Punjabi,sentence_audio,passive,10548,2.7636363636363632,11,243.37818181818182,148.0,1.042851725445582
edf48,27,Punjabi,sentence_audio,passive,11060,2.22,12,151.43999999999997,137.33333333333334,1.0849909584086799
edf48,28,Punjabi,sentence_audio,passive_dropped_agent,10529,2.5714285714285716,14,188.6357142857143,121.14285714285714,1.3296609364612024
edf48,29,Punjabi,sentence_audio,passive_dropped_agent,10620,2.772,10,176.46200000000002,113.6,0.9416195856873824
edf48,3,,free_viewing,,5807,2.1462499999999998,16,208.441875,91.125,2.755295333218529
edf48,30,Punjabi,sentence_audio,passive_dropped_agent,10528,1.9418181818181817,11,172.47,128.9090909090909,1.0448328267477203
edf48,31,English,sentence_audio,active,10338,2.4369230769230765,13,118.31769230769231,113.23076923076923,1.257496614432192
edf48,32,English,sentence_audio,active,10800,2.2393333333333336,15,144.056,109.86666666666666,1.3888888888888888
edf48,33,English,sentence_audio,active,10781,2.2288888888888887,9,176.72333333333333,138.88888888888889,0.8348019664224098
edf48,34,English,sentence_audio,passive,11114,2.884166666666667,12,127.98833333333334,131.83333333333334,1.0797192729890228
edf48,35,English,sentence_audio,passive,10592,4.564375,16,147.059375,101.5,1.510574018126888
edf48,36,English,sentence_audio,passive,10851,2.2038461538461536,13,147.61923076923077,104.3076923076923,1.1980462630172333
edf48,4,,free_viewing,,5715,2.4525,12,127.3225,81.0,2.099737532808399
edf48,5,,free_viewing,,6148,2.450625,16,157.2625,67.125,2.602472348731295
edf48,6,,free_viewing,,6059,2.5208333333333335,12,199.22916666666663,94.66666666666667,1.9805248390823569
edf48,7,,free_viewing,,5801,1.7125000000000001,12,194.995,98.83333333333333,2.068608860541286
edf48,8,,free_viewing,,5726,4.04,9,226.58888888888887,140.88888888888889,1.5717778553964372
edf48,9,,free_viewing,,6148,2.777,10,196.475,115.6,1.6265452179570592
edf49,1,,free_viewing,,5819,3.954375,16,138.90375,72.875,2.749613335624678
edf49,10,,free_viewing,,5892,2.0725,12,76.81,36.166666666666664,2.0366598778004072
edf49,11,,free_viewing,,6119,2.3011764705882354,17,67.69470588235295,30.470588235294116,2.778231737211963
edf49,12,,free_viewing,,6124,4.646363636363636,11,98.94363636363636,40.18181818181818,1.7962116263879817
edf49,13,,free_viewing,,5689,3.209230769230769,13,83.56230769230768,34.92307692307692,2.285111618913693
edf49,14,,free_viewing,,5726,3.332941176470588,17,128.76529411764707,45.88235294117647,2.9689137268599373
edf49,15,,free_viewing,,6087,2.302142857142857,14,128.27928571428575,38.142857142857146,2.299983571545918
edf49,16,,free_viewing,,5915,1.9866666666666668,15,132.632,49.2,2.53592561284869
edf49,17,,free_viewing,,5776,3.287222222222223,18,96.92833333333334,43.888888888888886,3.1163434903047094
edf49,18,,free_viewing,,5930,3.232857142857143,14,144.56428571428572,63.285714285714285,2.3608768971332212
edf49,19,Punjabi,sentence_audio,active,10613,3.271666666666666,12,109.26333333333332,43.833333333333336,1.1306887779138792
edf49,2,,free_viewing,,5958,2.31,18,113.62611111111111,39.111111111111114,3.021148036253776
edf49,20,Punjabi,sentence_audio,active,10922,2.6060000000000003,15,134.4173333333333,46.666666666666664,1.3733748397729353
edf49,21,Punjabi,sentence_audio,active,10275,5.553076923076923,13,173.72692307692307,62.61538461538461,1.2652068126520681
edf49,22,Punjabi,sentence_audio,passive,10391,2.5023529411764707,17,117.81176470588234,58.470588235294116,1.636031180829564
edf49,23,Punjabi,sentence_audio,passive,10280,4.250000000000001,16,132.10125000000002,54.375,1.556420233463035
edf49,24,Punjabi,sentence_audio,passive,11072,3.7211764705882358,17,124.59176470588233,68.94117647058823,1.5354046242774568
edf49,25,Punjabi,sentence_audio,passive_dropped_agent,11098,2.4360000000000004,10,113.335,71.4,0.9010632546404757
edf49,26,Punjabi,sentence_audio,passive_dropped_agent,11080,3.042499999999999,12,120.67166666666667,55.333333333333336,1.0830324909747293
edf49,27,Punjabi,sentence_audio,passive_dropped_agent,11042,1.7900000000000003,14,152.22142857142856,74.28571428571429,1.2678862524904908
edf49,28,English,sentence_audio,active,10951,2.7426666666666666,15,121.67466666666668,59.06666666666667,1.369737923477308
edf49,29,English,sentence_audio,active,11042,3.9650000000000003,16,108.14687500000001,44.375,1.4490128599891323
edf49,3,,free_viewing,,5932,3.525555555555555,18,92.42777777777779,35.55555555555556,3.0343897505057313
edf49,30,English,sentence_audio,active,10227,4.426428571428572,14,186.21785714285716,61.285714285714285,1.3689253935660506
edf49,31,English,sentence_audio,passive,11110,3.1433333333333326,15,111.788,38.266666666666666,1.3501350135013501
edf49,32,English,sentence_audio,passive,10992,3.0399999999999996,7,83.2057142857143,33.42857142857143,0.6368267831149926
edf49,33,English,sentence_audio,passive,10674,2.9357142857142855,14,146.92071428571427,64.0,1.3115982761851228
edf49,34,English,sentence_audio,passive_dropped_agent,10465,2.507333333333333,15,102.98266666666667,44.266666666666666,1.433349259436216
edf49,35,English,sentence_audio,passive_dropped_agent,10908,2.3961538461538465,13,86.41538461538461,43.38461538461539,1.1917858452511918
edf49,36,English,sentence_audio,passive_dropped_agent,10994,2.0513333333333335,15,94.30733333333332,35.333333333333336,1.3643805712206658
edf49,4,,free_viewing,,6134,2.468333333333333,18,77.07944444444443,29.11111111111111,2.9344636452559505
edf49,5,,free_viewing,,5934,4.983333333333333,15,103.45866666666667,40.13333333333333,2.5278058645096055
edf49,6,,free_viewing,,6144,2.4436363636363634,11,73.54636363636364,29.636363636363637,1.7903645833333333
edf49,7,,free_viewing,,6120,3.7076470588235293,17,112.90117647058821,42.588235294117645,2.7777777777777777
edf49,8,,free_viewing,,6088,4.630000000000001,17,105.35588235294117,38.8235294117647,2.7923784494086727
edf49,9,,free_viewing,,5885,3.29625,16,85.40937500000001,33.375,2.7187765505522514
edf50,1,,free_viewing,,5797,2.184444444444444,18,118.42736842105262,53.578947368421055,3.1050543384509233
edf50,10,,free_viewing,,5832,1.987368421052632,19,127.6736842105263,68.84210526315789,3.2578875171467763
edf50,11,,free_viewing,,5738,2.478888888888889,9,149.6211111111111,82.0,1.5684907633321714
edf50,12,,free_viewing,,5909,2.9450000000000003,2,219.725,119.0,0.33846674564224066
edf50,13,,free_viewing,,6044,2.184705882352941,17,171.12823529411762,93.05882352941177,2.812706816677697
edf50,14,,free_viewing,,5776,2.766875,16,145.8935294117647,66.94117647058823,2.770083102493075
edf50,15,,free_viewing,,5738,2.118181818181818,11,170.67363636363635,106.9090909090909,1.9170442662948761
edf50,16,,free_viewing,,5874,3.5349999999999997,8,155.185,89.75,1.3619339462036093
edf50,17,,free_viewing,,5707,2.427,10,108.30600000000001,69.8,1.7522340984755564
edf50,18,,free_viewing,,6022,1.9675,16,107.280625,59.625,2.656924609764198
edf50,19,Punjabi,sentence_audio,passive,10402,5.707142857142856,14,208.06571428571422,147.14285714285714,1.3458950201884254
edf50,2,,free_viewing,,5771,3.4865000000000004,20,116.79400000000001,65.6,3.4656038814763472
edf50,20,Punjabi,sentence_audio,passive,11108,1.8500000000000003,17,123.58470588235295,71.52941176470588,1.5304285199855958
edf50,21,Punjabi,sentence_audio,passive,11048,8.332500000000001,12,187.11,123.33333333333333,1.0861694424330195
edf50,22,Punjabi,sentence_audio,passive_dropped_agent,11152,1.91,7,147.05571428571426,83.14285714285714,0.6276901004304161
edf50,23,Punjabi,sentence_audio,passive_dropped_agent,10816,6.240000000000001,20,180.49199999999996,88.0,1.8491124260355027
edf50,24,Punjabi,sentence_audio,passive_dropped_agent,11040,2.165625,16,146.08687500000002,84.875,1.4492753623188408
edf50,25,English,sentence_audio,active,10921,5.157647058823529,17,139.3611764705882,102.11764705882354,1.556634007874737
edf50,26,English,sentence_audio,active,10187,2.033571428571429,14,106.97500000000001,73.28571428571429,1.37430057916953
edf50,27,English,sentence_audio,active,10570,2.9291666666666667,12,129.15416666666667,147.33333333333334,1.1352885525070955
edf50,28,English,sentence_audio,passive,10389,1.8541176470588236,17,110.62117647058824,60.705882352941174,1.6363461353354511
edf50,29,English,sentence_audio,passive,10359,2.748333333333333,12,161.20833333333334,176.33333333333334,1.1584129742253113
edf50,3,,free_viewing,,5695,2.01,1,76.55,26.0,0.17559262510974538
edf50,30,English,sentence_audio,passive,10674,2.2525,12,118.26538461538463,46.61538461538461,1.1242270938729624
edf50,31,English,sentence_audio,passive_dropped_agent,11125,1.9758333333333333,12,104.77416666666666,77.5,1.0786516853932584
edf50,32,English,sentence_audio,passive_dropped_agent,10461,2.2600000000000002,10,142.60500000000002,193.2,0.9559315553006404
edf50,33,English,sentence_audio,passive_dropped_agent,10530,1.8811111111111112,18,96.76111111111112,69.66666666666667,1.7094017094017095
edf50,34,Punjabi,sentence_audio,active,10622,2.71,11,195.50454545454548,130.36363636363637,1.035586518546413
edf50,35,Punjabi,sentence_audio,active,11123,3.1830769230769227,13,191.63846153846154,101.6923076923077,1.1687494381012318
edf50,36,Punjabi,sentence_audio,active,11028,1.5562500000000004,16,86.965,62.125,1.4508523757707652
edf50,4,,free_viewing,,5986,2.18,15,155.7846666666667,97.6,2.505846976277982
edf50,5,,free_viewing,,6041,2.3821428571428576,14,168.15642857142856,77.0,2.317497103128621
edf50,6,,free_viewing,,5901,3.1993333333333336,15,125.27,61.333333333333336,2.541942043721403
edf50,7,,free_viewing,,5828,2.9209090909090905,11,125.68454545454546,82.18181818181819,1.887439945092656
edf50,8,,free_viewing,,6111,1.59,1,393.49,200.0,0.16363933889707086
edf50,9,,free_viewing,,5776,2.955625,16,218.81312499999999,111.25,2.770083102493075
