participant_id,trial_id,TRIAL_INDEX,sentence,voice_id,image_id,stim_id,mean_saccade_amplitude,mean_saccade_duration,mean_saccade_velocity,mean_peak_velocity,n_saccades
P45,P45_1,1,UNDEFINED,UNDEFINED,IMG_05,UNDEFINED,2.926470588235295,33.05882352941177,82.15588235294118,140.04941176470587,17
P45,P45_10,10,UNDEFINED,UNDEFINED,IMG_09,UNDEFINED,2.4999999999999996,30.0,72.82857142857142,114.39285714285714,14
P45,P45_11,11,UNDEFINED,UNDEFINED,IMG_06,UNDEFINED,2.3671428571428565,30.857142857142858,72.2357142857143,113.61928571428572,14
P45,P45_12,12,UNDEFINED,UNDEFINED,IMG_11,UNDEFINED,2.5152631578947373,31.157894736842106,75.25315789473684,127.96736842105261,19
P45,P45_13,13,UNDEFINED,UNDEFINED,IMG_10,UNDEFINED,3.4870588235294124,37.0,110.11500000000001,234.2194444444445,18
P45,P45_14,14,UNDEFINED,UNDEFINED,IMG_08,UNDEFINED,2.2640000000000002,30.2,71.56200000000001,125.99600000000001,20
P45,P45_15,15,UNDEFINED,UNDEFINED,IMG_12,UNDEFINED,2.9376470588235293,32.705882352941174,82.89823529411765,144.67235294117646,17
P45,P45_16,16,UNDEFINED,UNDEFINED,IMG_14,UNDEFINED,2.988125,41.25,122.19,354.504375,16
P45,P45_17,17,UNDEFINED,UNDEFINED,IMG_18,UNDEFINED,2.7526666666666673,31.866666666666667,82.14066666666666,142.27599999999998,15
P45,P45_18,18,UNDEFINED,UNDEFINED,IMG_17,UNDEFINED,3.0847368421052628,34.8421052631579,83.88052631578948,138.6026315789474,19
P45,P45_19,19,exp_images/sentences/Tabla-woa.jpg,PNA,IMG_11,STIM_47,3.0850000000000004,47.833333333333336,99.325,227.71,12
P45,P45_2,2,UNDEFINED,UNDEFINED,IMG_02,UNDEFINED,3.629,38.2,92.102,161.89000000000001,10
P45,P45_20,20,exp_images/sentences/Closed-door-woa.jpg,PNA,IMG_10,STIM_46,2.4894444444444437,36.55555555555556,102.54166666666664,263.9566666666666,18
P45,P45_21,21,exp_images/sentences/Bucket-woa.jpg,PNA,IMG_09,STIM_45,1.135714285714286,44.857142857142854,74.89857142857143,213.51142857142855,7
P45,P45_22,22,exp_images/sentences/active_girl_dog.jpg,ACT,IMG_16,STIM_70,2.3033333333333332,41.833333333333336,95.09583333333335,288.70916666666665,12
P45,P45_23,23,exp_images/sentences/active_driver_scooter.jpg,ACT,IMG_14,STIM_68,2.95625,32.875,82.635625,133.764375,16
P45,P45_24,24,exp_images/sentences/active_artist_picture.jpg,ACT,IMG_07,STIM_61,3.671176470588235,54.35294117647059,166.60882352941175,481.9347058823529,17
P45,P45_25,25,exp_images/sentences/passive_girl_sapling.jpg,PWA,IMG_03,STIM_75,2.667333333333333,41.06666666666667,118.39466666666665,278.50933333333336,15
P45,P45_26,26,exp_images/sentences/passive_child_frisbee.jpg,PWA,IMG_12,STIM_84,2.8499999999999996,46.875,130.66062499999998,476.914375,16
P45,P45_27,27,exp_images/sentences/passive_boy_vase.jpg,PWA,IMG_08,STIM_80,2.002727272727273,27.818181818181817,64.1709090909091,105.4090909090909,11
P45,P45_28,28,exp_images/sentences/noagent_man_box.jpg,PNA,IMG_05,STIM_95,3.1326666666666663,44.13333333333333,106.03466666666668,305.964,15
P45,P45_29,29,exp_images/sentences/noagent_man_shrub.jpg,PNA,IMG_04,STIM_94,3.3228571428571425,45.714285714285715,106.92142857142858,284.76785714285717,14
P45,P45_3,3,UNDEFINED,UNDEFINED,IMG_04,UNDEFINED,3.3015384615384615,33.53846153846154,89.3546153846154,161.69923076923078,13
P45,P45_30,30,exp_images/sentences/noagent_girl_window.jpg,PNA,IMG_02,STIM_92,3.0585714285714287,44.142857142857146,95.01714285714286,207.52357142857144,14
P45,P45_31,31,exp_images/sentences/Dog-dug.jpg,ACT,IMG_13,STIM_13,2.52,30.6,78.26,134.99200000000002,10
P45,P45_32,32,exp_images/sentences/Veg.jpg,ACT,IMG_18,STIM_18,2.8139999999999996,41.6,103.72000000000001,272.12066666666664,15
P45,P45_33,33,exp_images/sentences/Cake.jpg,ACT,IMG_15,STIM_15,2.614166666666667,43.166666666666664,113.24500000000002,308.6275,12
P45,P45_34,34,exp_images/sentences/Folded-clothes-passive.jpg,PWA,IMG_06,STIM_24,2.484,49.333333333333336,92.18266666666665,212.70333333333335,15
P45,P45_35,35,exp_images/sentences/Letter-passive.jpg,PWA,IMG_17,STIM_35,3.0583333333333336,46.333333333333336,91.51583333333333,206.56916666666666,12
P45,P45_36,36,exp_images/sentences/Lamp-passive.jpg,PWA,IMG_01,STIM_19,3.4890476190476187,34.857142857142854,90.76142857142857,157.12761904761905,21
P45,P45_4,4,UNDEFINED,UNDEFINED,IMG_13,UNDEFINED,3.397500000000001,48.166666666666664,139.32416666666666,412.7558333333333,12
P45,P45_5,5,UNDEFINED,UNDEFINED,IMG_07,UNDEFINED,3.274375,35.25,84.56625,152.200625,16
P45,P45_6,6,UNDEFINED,UNDEFINED,IMG_03,UNDEFINED,3.156666666666667,39.80952380952381,114.06238095238098,286.8638095238095,21
P45,P45_7,7,UNDEFINED,UNDEFINED,IMG_01,UNDEFINED,3.9093333333333335,37.86666666666667,97.68666666666668,174.33933333333334,15
P45,P45_8,8,UNDEFINED,UNDEFINED,IMG_16,UNDEFINED,3.4117647058823524,34.23529411764706,89.17882352941176,159.57,17
P45,P45_9,9,UNDEFINED,UNDEFINED,IMG_15,UNDEFINED,2.9736363636363636,34.72727272727273,80.03818181818181,134.13545454545454,11
edf01,edf01_1,1,UNDEFINED,UNDEFINED,IMG_01,UNDEFINED,3.376666666666667,34.0,91.26499999999999,159.37416666666664,12
edf01,edf01_1,1,UNDEFINED,UNDEFINED,IMG_18,UNDEFINED,2.9526666666666666,32.13333333333333,79.01,132.58533333333335,15
edf01,edf01_10,10,UNDEFINED,UNDEFINED,IMG_04,UNDEFINED,2.782142857142857,29.857142857142858,82.73357142857142,132.185,14
edf01,edf01_10,10,UNDEFINED,UNDEFINED,IMG_05,UNDEFINED,3.731666666666667,83.33333333333333,246.67333333333332,942.2316666666667,6
edf01,edf01_11,11,UNDEFINED,UNDEFINED,IMG_03,UNDEFINED,2.7935714285714286,37.0,90.23285714285716,160.1864285714286,14
edf01,edf01_11,11,UNDEFINED,UNDEFINED,IMG_17,UNDEFINED,1.2749999999999997,49.625,102.88375,376.278125,16
edf01,edf01_12,12,UNDEFINED,UNDEFINED,IMG_13,UNDEFINED,3.357272727272728,30.545454545454547,89.06181818181818,148.87545454545455,11
edf01,edf01_12,12,UNDEFINED,UNDEFINED,IMG_14,UNDEFINED,3.222105263157894,47.05263157894737,84.63315789473684,199.39526315789473,19
edf01,edf01_13,13,UNDEFINED,UNDEFINED,IMG_08,UNDEFINED,1.2338461538461536,34.30769230769231,71.05461538461539,264.4746153846154,13
edf01,edf01_13,13,UNDEFINED,UNDEFINED,IMG_16,UNDEFINED,2.8453846153846163,36.92307692307692,89.03615384615385,154.1946153846154,13
edf01,edf01_14,14,UNDEFINED,UNDEFINED,IMG_01,UNDEFINED,2.324,40.8,113.55,284.9193333333333,15
edf01,edf01_14,14,UNDEFINED,UNDEFINED,IMG_08,UNDEFINED,2.0691666666666664,27.333333333333332,69.58166666666666,111.77083333333333,12
edf01,edf01_15,15,UNDEFINED,UNDEFINED,IMG_13,UNDEFINED,3.032222222222222,47.22222222222222,94.86722222222222,194.61166666666668,18
edf01,edf01_15,15,UNDEFINED,UNDEFINED,IMG_18,UNDEFINED,2.631111111111111,30.88888888888889,81.63555555555556,142.7788888888889,9
edf01,edf01_16,16,UNDEFINED,UNDEFINED,IMG_07,UNDEFINED,2.733333333333333,36.484848484848484,97.75757575757575,200.61757575757582,33
edf01,edf01_17,17,UNDEFINED,UNDEFINED,IMG_03,UNDEFINED,2.0521052631578947,38.31578947368421,79.03631578947366,227.8373684210526,19
edf01,edf01_17,17,UNDEFINED,UNDEFINED,IMG_05,UNDEFINED,2.7572727272727273,29.09090909090909,79.91,134.72727272727272,11
edf01,edf01_18,18,UNDEFINED,UNDEFINED,IMG_09,UNDEFINED,2.2763636363636364,39.45454545454545,87.36636363636363,180.08272727272728,11
edf01,edf01_18,18,UNDEFINED,UNDEFINED,IMG_16,UNDEFINED,2.152857142857143,84.0,214.34857142857143,766.4385714285714,7
edf01,edf01_19,19,exp_images/sentences/Letter-passive.jpg,PWA,IMG_17,STIM_35,1.566,59.8,141.452,485.6239999999999,10
edf01,edf01_19,19,exp_images/sentences/Letter.jpg,ACT,IMG_17,STIM_17,2.8760000000000003,32.0,85.38199999999999,134.494,5
edf01,edf01_2,2,UNDEFINED,UNDEFINED,IMG_06,UNDEFINED,1.5859999999999999,39.06666666666667,77.92533333333333,259.13533333333334,15
edf01,edf01_2,2,UNDEFINED,UNDEFINED,IMG_10,UNDEFINED,2.367,28.8,75.407,125.553,10
edf01,edf01_20,20,exp_images/sentences/Bucket-passive.jpg,PWA,IMG_09,STIM_27,1.3645454545454545,60.54545454545455,151.22545454545454,583.5381818181818,11
edf01,edf01_20,20,exp_images/sentences/Bucket.jpg,ACT,IMG_09,STIM_09,1.88625,33.25,88.41874999999999,161.62375,8
edf01,edf01_21,21,exp_images/sentences/Folded-clothes-passive.jpg,PWA,IMG_06,STIM_24,1.2254545454545456,56.18181818181818,89.3009090909091,295.61909090909086,11
edf01,edf01_21,21,exp_images/sentences/Folded-clothes.jpg,ACT,IMG_06,STIM_06,2.795,47.25,135.28625,286.89124999999996,8
edf01,edf01_22,22,exp_images/sentences/Closed-door-passive.jpg,PWA,IMG_10,STIM_28,1.9366666666666665,86.22222222222223,180.08444444444444,532.2255555555556,9
edf01,edf01_22,22,exp_images/sentences/Closed-door-woa.jpg,PNA,IMG_10,STIM_46,2.0780000000000003,45.4,119.306,313.20900000000006,10
edf01,edf01_23,23,exp_images/sentences/Lamp-passive.jpg,PWA,IMG_01,STIM_19,3.9250000000000003,40.0,94.45750000000001,158.03,4
edf01,edf01_23,23,exp_images/sentences/Lamp-woa.jpg,PNA,IMG_01,STIM_37,1.9962500000000003,64.25,104.67999999999999,375.73249999999996,8
edf01,edf01_24,24,exp_images/sentences/Washed-scooter-passive.jpg,PWA,IMG_14,STIM_32,3.5510000000000006,54.0,131.74400000000003,403.76599999999996,10
edf01,edf01_24,24,exp_images/sentences/Washed-scooter-woa.jpg,PNA,IMG_14,STIM_50,1.8429411764705879,28.352941176470587,59.95705882352941,83.25,17
edf01,edf01_25,25,exp_images/sentences/Pushed-box-woa.jpg,PNA,IMG_05,STIM_41,2.6612499999999994,41.75,100.185,166.72500000000002,8
edf01,edf01_25,25,exp_images/sentences/active_man_box.jpg,ACT,IMG_05,STIM_59,1.282,74.8,149.064,558.8679999999999,5
edf01,edf01_26,26,exp_images/sentences/Sapling-woa.jpg,PNA,IMG_03,STIM_39,3.6142857142857143,46.285714285714285,110.32428571428571,198.5157142857143,7
edf01,edf01_26,26,exp_images/sentences/active_girl_sapling.jpg,ACT,IMG_03,STIM_57,3.5433333333333334,42.666666666666664,110.43444444444444,288.4166666666667,18
edf01,edf01_27,27,exp_images/sentences/Shrub-woa.jpg,PNA,IMG_04,STIM_40,1.8858333333333335,47.333333333333336,174.32083333333333,472.55166666666673,12
edf01,edf01_27,27,exp_images/sentences/active_man_shrub.jpg,ACT,IMG_04,STIM_58,1.2028571428571426,22.285714285714285,53.798571428571435,64.33142857142857,7
edf01,edf01_28,28,exp_images/sentences/active_dog_hole.jpg,ACT,IMG_13,STIM_67,2.605,53.25,116.80375000000001,320.595,8
edf01,edf01_28,28,exp_images/sentences/passive_dog_hole.jpg,PWA,IMG_13,STIM_85,1.6577777777777778,74.0,79.77666666666667,272.86555555555555,9
edf01,edf01_29,29,exp_images/sentences/active_child_frisbee.jpg,ACT,IMG_12,STIM_66,2.545714285714286,43.142857142857146,221.64000000000004,591.41,7
edf01,edf01_29,29,exp_images/sentences/passive_child_frisbee.jpg,PWA,IMG_12,STIM_84,2.3335714285714286,61.42857142857143,126.87357142857142,400.6228571428571,14
edf01,edf01_3,3,UNDEFINED,UNDEFINED,IMG_02,UNDEFINED,1.7992857142857144,51.857142857142854,122.07928571428572,349.70285714285717,14
edf01,edf01_3,3,UNDEFINED,UNDEFINED,IMG_17,UNDEFINED,2.1,35.333333333333336,75.93666666666667,124.16000000000001,9
edf01,edf01_30,30,exp_images/sentences/active_child_tabla.jpg,ACT,IMG_11,STIM_65,3.338,41.4,132.02000000000004,400.071,10
edf01,edf01_30,30,exp_images/sentences/passive_child_tabla.jpg,PWA,IMG_11,STIM_83,1.2133333333333334,60.0,106.12666666666667,410.6788888888889,9
edf01,edf01_31,31,exp_images/sentences/noagent_artist_picture.jpg,PNA,IMG_07,STIM_97,2.581,56.8,124.98300000000002,376.07800000000003,10
edf01,edf01_31,31,exp_images/sentences/passive_artist_picture.jpg,PWA,IMG_07,STIM_79,2.2809999999999997,28.2,72.544,113.59600000000003,10
edf01,edf01_32,32,exp_images/sentences/noagent_girl_cake.jpg,PNA,IMG_15,STIM_105,1.8325,48.5,145.2175,425.51625,8
edf01,edf01_32,32,exp_images/sentences/passive_girl_cake.jpg,PWA,IMG_15,STIM_87,1.18,34.666666666666664,68.71666666666665,117.53166666666668,6
edf01,edf01_33,33,exp_images/sentences/noagent_girl_window.jpg,PNA,IMG_02,STIM_92,3.2437499999999995,81.5,183.8375,759.9575,8
edf01,edf01_33,33,exp_images/sentences/passive_girl_window.jpg,PWA,IMG_02,STIM_74,3.528,34.0,94.479,160.909,10
edf01,edf01_34,34,exp_images/sentences/Fed-dog.jpg,ACT,IMG_16,STIM_16,4.247999999999999,76.4,160.43,642.76,10
edf01,edf01_34,34,exp_images/sentences/noagent_girl_dog.jpg,PNA,IMG_16,STIM_106,2.5580000000000003,38.4,80.208,127.21000000000001,5
edf01,edf01_35,35,exp_images/sentences/Veg.jpg,ACT,IMG_18,STIM_18,1.51,53.0,145.91166666666666,502.6816666666667,6
edf01,edf01_35,35,exp_images/sentences/noagent_boy_vegetables.jpg,PNA,IMG_18,STIM_108,4.505384615384615,38.15384615384615,99.97384615384614,166.54923076923072,13
edf01,edf01_36,36,exp_images/sentences/Vase.jpg,ACT,IMG_08,STIM_08,6.02,336.0,621.21,3275.33,1
edf01,edf01_36,36,exp_images/sentences/noagent_boy_vase.jpg,PNA,IMG_08,STIM_98,2.7960000000000003,231.2,240.42,754.858,5
edf01,edf01_4,4,UNDEFINED,UNDEFINED,IMG_11,UNDEFINED,1.942307692307692,40.61538461538461,99.67,300.76923076923083,13
edf01,edf01_4,4,UNDEFINED,UNDEFINED,IMG_12,UNDEFINED,2.927692307692308,31.384615384615383,83.85384615384615,141.14076923076925,13
edf01,edf01_5,5,UNDEFINED,UNDEFINED,IMG_10,UNDEFINED,1.89,69.0,163.69299999999998,492.70799999999997,10
edf01,edf01_5,5,UNDEFINED,UNDEFINED,IMG_14,UNDEFINED,2.936666666666666,30.133333333333333,85.16933333333334,144.13733333333332,15
edf01,edf01_6,6,UNDEFINED,UNDEFINED,IMG_09,UNDEFINED,1.082142857142857,39.42857142857143,79.62357142857142,247.1507142857143,14
edf01,edf01_6,6,UNDEFINED,UNDEFINED,IMG_15,UNDEFINED,1.9849999999999999,26.8,66.613,101.98100000000001,10
edf01,edf01_7,7,UNDEFINED,UNDEFINED,IMG_06,UNDEFINED,2.4316666666666666,41.5,116.89999999999999,350.5558333333333,12
edf01,edf01_7,7,UNDEFINED,UNDEFINED,IMG_12,UNDEFINED,2.8805263157894743,40.421052631578945,96.88157894736844,234.25684210526316,19
edf01,edf01_8,8,UNDEFINED,UNDEFINED,IMG_02,UNDEFINED,2.7464285714285714,29.857142857142858,84.01000000000002,136.07500000000002,14
edf01,edf01_8,8,UNDEFINED,UNDEFINED,IMG_15,UNDEFINED,1.3358333333333332,39.333333333333336,105.85583333333334,275.6691666666666,12
edf01,edf01_9,9,UNDEFINED,UNDEFINED,IMG_04,UNDEFINED,2.318947368421053,38.94736842105263,89.18473684210528,207.10473684210527,19
edf01,edf01_9,9,UNDEFINED,UNDEFINED,IMG_11,UNDEFINED,2.502,29.4,73.57,125.532,10
edf03,edf03_1,1,UNDEFINED,UNDEFINED,IMG_02,UNDEFINED,2.2827272727272727,28.363636363636363,69.42272727272727,99.58636363636364,11
edf03,edf03_10,10,UNDEFINED,UNDEFINED,IMG_03,UNDEFINED,3.1973333333333334,71.86666666666666,171.45866666666663,409.60200000000003,15
edf03,edf03_11,11,UNDEFINED,UNDEFINED,IMG_16,UNDEFINED,4.344117647058824,38.588235294117645,104.75823529411763,173.1317647058824,17
edf03,edf03_12,12,UNDEFINED,UNDEFINED,IMG_05,UNDEFINED,2.5230769230769234,30.0,75.31384615384616,106.73384615384617,13
edf03,edf03_13,13,UNDEFINED,UNDEFINED,IMG_13,UNDEFINED,2.6976923076923076,32.15384615384615,77.14307692307692,111.76307692307691,13
edf03,edf03_14,14,UNDEFINED,UNDEFINED,IMG_08,UNDEFINED,2.6125,48.5,121.705625,317.42875000000004,16
edf03,edf03_15,15,UNDEFINED,UNDEFINED,IMG_04,UNDEFINED,2.6025,30.0,73.46499999999999,111.48083333333334,12
edf03,edf03_16,16,UNDEFINED,UNDEFINED,IMG_15,UNDEFINED,2.7718749999999996,32.125,77.995,119.54187499999999,16
edf03,edf03_17,17,UNDEFINED,UNDEFINED,IMG_17,UNDEFINED,4.028,37.2,95.78133333333332,156.74333333333334,15
edf03,edf03_18,18,UNDEFINED,UNDEFINED,IMG_12,UNDEFINED,3.6964285714285716,47.0,117.0542857142857,258.73857142857145,14
edf03,edf03_19,19,exp_images/sentences/Letter-woa.jpg,PNA,IMG_17,STIM_53,2.184615384615385,29.53846153846154,67.90153846153846,100.12076923076921,13
edf03,edf03_2,2,UNDEFINED,UNDEFINED,IMG_11,UNDEFINED,3.561666666666666,33.666666666666664,90.13416666666666,140.99916666666667,12
edf03,edf03_20,20,exp_images/sentences/Bucket-woa.jpg,PNA,IMG_09,STIM_45,3.1369230769230763,51.53846153846154,134.77461538461537,410.963076923077,13
edf03,edf03_21,21,exp_images/sentences/Folded-clothes-woa.jpg,PNA,IMG_06,STIM_42,3.7953333333333337,52.0,123.42133333333335,267.8406666666667,15
edf03,edf03_22,22,exp_images/sentences/active_boy_door.jpg,ACT,IMG_10,STIM_64,2.567,73.4,125.822,348.837,10
edf03,edf03_23,23,exp_images/sentences/active_girl_lamp.jpg,ACT,IMG_01,STIM_55,3.707692307692307,56.61538461538461,140.22538461538463,320.9315384615385,13
edf03,edf03_24,24,exp_images/sentences/active_driver_scooter.jpg,ACT,IMG_14,STIM_68,0.5599999999999999,34.0,45.18333333333333,70.63400000000001,15
edf03,edf03_25,25,exp_images/sentences/passive_man_box.jpg,PWA,IMG_05,STIM_77,4.04,63.142857142857146,134.77785714285716,341.6378571428571,14
edf03,edf03_26,26,exp_images/sentences/passive_girl_sapling.jpg,PWA,IMG_03,STIM_75,3.2000000000000006,75.86666666666666,141.432,457.5046666666666,15
edf03,edf03_27,27,exp_images/sentences/passive_man_shrub.jpg,PWA,IMG_04,STIM_76,0.7047619047619048,56.666666666666664,47.09095238095238,89.18000000000002,21
edf03,edf03_28,28,exp_images/sentences/noagent_dog_hole.jpg,PNA,IMG_13,STIM_103,2.921538461538461,51.84615384615385,103.33,273.77923076923076,13
edf03,edf03_29,29,exp_images/sentences/noagent_child_frisbee.jpg,PNA,IMG_12,STIM_102,0.43142857142857144,48.857142857142854,47.99809523809524,84.08857142857143,21
edf03,edf03_3,3,UNDEFINED,UNDEFINED,IMG_09,UNDEFINED,2.2250000000000005,43.8,106.63699999999999,306.73699999999997,10
edf03,edf03_30,30,exp_images/sentences/noagent_child_tabla.jpg,PNA,IMG_11,STIM_101,3.5899999999999994,61.84615384615385,123.59384615384614,451.70846153846156,13
edf03,edf03_31,31,exp_images/sentences/Painting.jpg,ACT,IMG_07,STIM_07,4.60875,56.0,137.27117647058824,331.3505882352941,17
edf03,edf03_32,32,exp_images/sentences/Cake.jpg,ACT,IMG_15,STIM_15,1.2353846153846153,42.46153846153846,66.81692307692308,160.78307692307692,13
edf03,edf03_33,33,exp_images/sentences/Window.jpg,ACT,IMG_02,STIM_02,2.994666666666667,43.733333333333334,99.42466666666665,198.17733333333334,15
edf03,edf03_34,34,exp_images/sentences/Fed-dog-passive.jpg,PWA,IMG_16,STIM_34,2.977857142857143,47.285714285714285,112.33857142857143,281.81428571428575,14
edf03,edf03_35,35,exp_images/sentences/Veg-passive.jpg,PWA,IMG_18,STIM_36,3.8449999999999993,118.33333333333333,172.9533333333333,659.4233333333333,12
edf03,edf03_36,36,exp_images/sentences/Vase-passive.jpg,PWA,IMG_08,STIM_26,1.0776000000000001,43.6,67.9368,128.8448,25
edf03,edf03_4,4,UNDEFINED,UNDEFINED,IMG_07,UNDEFINED,3.7199999999999998,37.875,90.56125,141.19124999999997,16
edf03,edf03_5,5,UNDEFINED,UNDEFINED,IMG_10,UNDEFINED,1.8342857142857145,66.0,189.09571428571425,618.2714285714285,7
edf03,edf03_6,6,UNDEFINED,UNDEFINED,IMG_18,UNDEFINED,3.3885714285714283,33.57142857142857,87.95785714285714,138.19214285714284,14
edf03,edf03_7,7,UNDEFINED,UNDEFINED,IMG_01,UNDEFINED,2.723333333333333,31.066666666666666,76.26933333333334,110.842,15
edf03,edf03_8,8,UNDEFINED,UNDEFINED,IMG_06,UNDEFINED,3.1411111111111105,32.22222222222222,83.80000000000001,132.73222222222225,9
edf03,edf03_9,9,UNDEFINED,UNDEFINED,IMG_14,UNDEFINED,3.4975,35.0,89.61,137.60625,16
edf04,edf04_1,1,UNDEFINED,UNDEFINED,IMG_12,UNDEFINED,3.3239999999999994,34.0,91.78799999999998,170.402,10
edf04,edf04_10,10,UNDEFINED,UNDEFINED,IMG_01,UNDEFINED,3.5892307692307694,33.53846153846154,92.6353846153846,161.89769230769227,13
edf04,edf04_11,11,UNDEFINED,UNDEFINED,IMG_05,UNDEFINED,2.96,33.0,88.725,154.95999999999998,2
edf04,edf04_12,12,UNDEFINED,UNDEFINED,IMG_16,UNDEFINED,2.57125,30.0,79.31125,132.9975,16
edf04,edf04_13,13,UNDEFINED,UNDEFINED,IMG_11,UNDEFINED,3.935454545454546,38.0,104.09454545454545,182.88454545454545,11
edf04,edf04_14,14,UNDEFINED,UNDEFINED,IMG_02,UNDEFINED,2.2214285714285715,26.571428571428573,72.68857142857142,110.18999999999998,7
edf04,edf04_15,15,UNDEFINED,UNDEFINED,IMG_06,UNDEFINED,3.686666666666667,38.666666666666664,96.19666666666667,162.255,6
edf04,edf04_16,16,UNDEFINED,UNDEFINED,IMG_04,UNDEFINED,2.0375,29.0,65.27,110.73125,8
edf04,edf04_17,17,UNDEFINED,UNDEFINED,IMG_17,UNDEFINED,1.7027272727272724,49.63636363636363,93.8690909090909,244.82181818181823,11
edf04,edf04_18,18,UNDEFINED,UNDEFINED,IMG_09,UNDEFINED,2.6016666666666666,30.0,78.52833333333335,135.77083333333334,12
edf04,edf04_19,19,exp_images/sentences/active_women_letter.jpg,ACT,IMG_17,STIM_71,3.3872727272727277,33.63636363636363,87.62636363636364,151.74090909090907,11
edf04,edf04_2,2,UNDEFINED,UNDEFINED,IMG_07,UNDEFINED,3.655625,36.25,95.223125,173.41812499999997,16
edf04,edf04_20,20,exp_images/sentences/active_boy_bucket.jpg,ACT,IMG_09,STIM_63,3.9669999999999996,37.0,106.999,189.08200000000002,10
edf04,edf04_21,21,exp_images/sentences/active_woman_clothes.jpg,ACT,IMG_06,STIM_60,3.3641666666666663,33.166666666666664,95.68250000000002,162.46249999999998,12
edf04,edf04_22,22,exp_images/sentences/passive_boy_door.jpg,PWA,IMG_10,STIM_82,1.4142857142857144,46.0,108.4242857142857,384.42142857142863,7
edf04,edf04_23,23,exp_images/sentences/passive_girl_lamp.jpg,PWA,IMG_01,STIM_73,4.270833333333334,60.666666666666664,145.34666666666666,281.3991666666667,12
edf04,edf04_24,24,exp_images/sentences/passive_driver_scooter.jpg,PWA,IMG_14,STIM_86,4.365454545454546,37.81818181818182,108.18090909090911,204.1209090909091,11
edf04,edf04_25,25,exp_images/sentences/noagent_man_box.jpg,PNA,IMG_05,STIM_95,4.456666666666667,38.22222222222222,109.68666666666667,210.1666666666667,9
edf04,edf04_26,26,exp_images/sentences/noagent_girl_sapling.jpg,PNA,IMG_03,STIM_93,4.2490000000000006,36.8,110.526,204.28299999999996,10
edf04,edf04_27,27,exp_images/sentences/noagent_man_shrub.jpg,PNA,IMG_04,STIM_94,5.1499999999999995,56.857142857142854,128.83214285714286,261.21,14
edf04,edf04_28,28,exp_images/sentences/Dog-dug.jpg,ACT,IMG_13,STIM_13,2.3185714285714285,29.142857142857142,75.52428571428572,125.11714285714285,7
edf04,edf04_29,29,exp_images/sentences/Frisbee.jpg,ACT,IMG_12,STIM_12,3.209090909090909,42.90909090909091,100.36181818181818,195.48999999999998,11
edf04,edf04_3,3,UNDEFINED,UNDEFINED,IMG_18,UNDEFINED,4.356363636363637,38.18181818181818,106.51181818181817,197.38454545454545,11
edf04,edf04_30,30,exp_images/sentences/Tabla.jpg,ACT,IMG_11,STIM_11,4.290000000000001,38.2,109.70299999999997,199.65500000000003,10
edf04,edf04_31,31,exp_images/sentences/Painting-passive.jpg,PWA,IMG_07,STIM_25,3.1806666666666663,32.0,87.13266666666665,159.626,15
edf04,edf04_32,32,exp_images/sentences/Cake-passive.jpg,PWA,IMG_15,STIM_33,2.369090909090909,29.454545454545453,75.46090909090908,126.96818181818183,11
edf04,edf04_33,33,exp_images/sentences/Window-passive.jpg,PWA,IMG_02,STIM_20,2.75,30.8,84.96099999999998,147.738,10
edf04,edf04_34,34,exp_images/sentences/Fed-dog-woa.jpg,PNA,IMG_16,STIM_52,2.7278571428571428,49.857142857142854,107.31285714285715,299.00714285714275,14
edf04,edf04_35,35,exp_images/sentences/Veg-woa.jpg,PNA,IMG_18,STIM_54,2.7775000000000003,28.666666666666668,81.29166666666667,143.89333333333332,12
edf04,edf04_36,36,exp_images/sentences/Vase-woa.jpg,PNA,IMG_08,STIM_44,2.98375,33.25,87.72125000000001,151.28875,8
edf04,edf04_4,4,UNDEFINED,UNDEFINED,IMG_13,UNDEFINED,2.337857142857143,27.571428571428573,72.86642857142859,118.44142857142857,14
edf04,edf04_5,5,UNDEFINED,UNDEFINED,IMG_08,UNDEFINED,1.68875,23.5,62.44375,99.68875,8
edf04,edf04_6,6,UNDEFINED,UNDEFINED,IMG_10,UNDEFINED,1.595,26.0,61.519999999999996,94.7,2
edf04,edf04_7,7,UNDEFINED,UNDEFINED,IMG_03,UNDEFINED,1.79,26.0,67.28,101.1,1
edf04,edf04_8,8,UNDEFINED,UNDEFINED,IMG_14,UNDEFINED,3.7989999999999995,35.2,92.41900000000001,169.66,10
edf04,edf04_9,9,UNDEFINED,UNDEFINED,IMG_15,UNDEFINED,2.0650000000000004,27.2,72.78900000000002,107.703,10
edf05,edf05_1,1,UNDEFINED,UNDEFINED,IMG_12,UNDEFINED,1.1810000000000003,33.6,80.74600000000001,219.536,10
edf05,edf05_10,10,UNDEFINED,UNDEFINED,IMG_02,UNDEFINED,2.679090909090909,58.18181818181818,122.30818181818182,271.92181818181814,11
edf05,edf05_11,11,UNDEFINED,UNDEFINED,IMG_07,UNDEFINED,2.779166666666667,37.666666666666664,101.21499999999999,179.81083333333333,12
edf05,edf05_12,12,UNDEFINED,UNDEFINED,IMG_08,UNDEFINED,1.913076923076923,51.23076923076923,147.6130769230769,439.71384615384613,13
edf05,edf05_13,13,UNDEFINED,UNDEFINED,IMG_06,UNDEFINED,1.8791666666666667,45.166666666666664,123.42583333333336,393.80750000000006,12
edf05,edf05_14,14,UNDEFINED,UNDEFINED,IMG_04,UNDEFINED,2.535833333333333,59.333333333333336,141.60083333333333,357.7316666666666,12
edf05,edf05_15,15,UNDEFINED,UNDEFINED,IMG_16,UNDEFINED,2.7133333333333334,54.166666666666664,134.94833333333332,435.75666666666666,12
edf05,edf05_16,16,UNDEFINED,UNDEFINED,IMG_17,UNDEFINED,2.613076923076923,35.69230769230769,98.22846153846154,180.10615384615386,13
edf05,edf05_17,17,UNDEFINED,UNDEFINED,IMG_01,UNDEFINED,2.6554545454545457,70.54545454545455,150.25909090909093,407.84,11
edf05,edf05_18,18,UNDEFINED,UNDEFINED,IMG_13,UNDEFINED,2.51,47.84615384615385,129.62846153846152,359.06769230769225,13
edf05,edf05_19,19,exp_images/sentences/passive_women_letter.jpg,PWA,IMG_17,STIM_89,1.8325000000000005,54.833333333333336,153.19666666666663,468.63333333333327,12
edf05,edf05_2,2,UNDEFINED,UNDEFINED,IMG_10,UNDEFINED,1.4439999999999997,24.0,58.162000000000006,91.84533333333334,15
edf05,edf05_20,20,exp_images/sentences/passive_boy_bucket.jpg,PWA,IMG_09,STIM_81,2.316,87.4,172.156,415.674,10
edf05,edf05_21,21,exp_images/sentences/passive_woman_clothes.jpg,PWA,IMG_06,STIM_78,1.7191666666666663,74.16666666666667,152.6175,445.4775,12
edf05,edf05_22,22,exp_images/sentences/noagent_boy_door.jpg,PNA,IMG_10,STIM_100,1.51375,76.25,93.85875,174.63625000000002,8
edf05,edf05_23,23,exp_images/sentences/noagent_girl_lamp.jpg,PNA,IMG_01,STIM_91,2.643,48.2,110.29400000000001,224.71300000000002,10
edf05,edf05_24,24,exp_images/sentences/noagent_driver_scooter.jpg,PNA,IMG_14,STIM_104,2.586,58.0,131.709,260.12399999999997,10
edf05,edf05_25,25,exp_images/sentences/Pushed-box.jpg,ACT,IMG_05,STIM_05,1.9645454545454542,66.0,143.80636363636364,316.77090909090913,11
edf05,edf05_26,26,exp_images/sentences/Sapling.jpg,ACT,IMG_03,STIM_03,1.7622222222222224,63.333333333333336,131.80666666666667,381.6411111111111,9
edf05,edf05_27,27,exp_images/sentences/Shrub.jpg,ACT,IMG_04,STIM_04,2.1171428571428574,56.57142857142857,107.90642857142858,216.61785714285716,14
edf05,edf05_28,28,exp_images/sentences/Dog-dug-passive.jpg,PWA,IMG_13,STIM_31,2.1025,57.666666666666664,116.31833333333333,262.735,12
edf05,edf05_29,29,exp_images/sentences/Frisbee-passive.jpg,PWA,IMG_12,STIM_30,2.968,52.2,106.904,207.06900000000002,10
edf05,edf05_3,3,UNDEFINED,UNDEFINED,IMG_14,UNDEFINED,2.523333333333333,29.733333333333334,80.15066666666668,132.76666666666668,15
edf05,edf05_30,30,exp_images/sentences/Tabla-passive.jpg,PWA,IMG_11,STIM_29,2.37,52.6,102.279,206.39000000000001,10
edf05,edf05_31,31,exp_images/sentences/Painting-woa.jpg,PNA,IMG_07,STIM_43,3.2423076923076923,48.92307692307692,107.81615384615385,206.47461538461536,13
edf05,edf05_32,32,exp_images/sentences/Cake-woa.jpg,PNA,IMG_15,STIM_51,1.6445454545454545,56.72727272727273,112.43545454545455,229.9590909090909,11
edf05,edf05_33,33,exp_images/sentences/Window-woa.jpg,PNA,IMG_02,STIM_38,1.9300000000000002,45.6,93.01699999999998,188.602,10
edf05,edf05_34,34,exp_images/sentences/active_girl_dog.jpg,ACT,IMG_16,STIM_70,2.478,48.0,105.48299999999999,208.237,10
edf05,edf05_35,35,exp_images/sentences/active_boy_vegetables.jpg,ACT,IMG_18,STIM_72,2.5015384615384613,55.69230769230769,106.96076923076923,207.52307692307693,13
edf05,edf05_36,36,exp_images/sentences/active_boy_vase.jpg,ACT,IMG_08,STIM_62,1.7899999999999998,39.0,86.05416666666667,153.58333333333334,12
edf05,edf05_4,4,UNDEFINED,UNDEFINED,IMG_15,UNDEFINED,2.325714285714286,28.285714285714285,73.45857142857143,123.23428571428572,7
edf05,edf05_5,5,UNDEFINED,UNDEFINED,IMG_11,UNDEFINED,3.26,32.166666666666664,92.70583333333333,162.72333333333333,12
edf05,edf05_6,6,UNDEFINED,UNDEFINED,IMG_09,UNDEFINED,1.842222222222222,25.333333333333332,66.91666666666667,111.82666666666665,9
edf05,edf05_7,7,UNDEFINED,UNDEFINED,IMG_03,UNDEFINED,2.0200000000000005,34.285714285714285,96.02428571428572,200.5578571428571,14
edf05,edf05_8,8,UNDEFINED,UNDEFINED,IMG_05,UNDEFINED,2.4341666666666666,29.833333333333332,75.8775,129.58083333333332,12
edf05,edf05_9,9,UNDEFINED,UNDEFINED,IMG_18,UNDEFINED,3.0410000000000004,39.8,118.026,220.545,10
edf06,edf06_1,1,UNDEFINED,UNDEFINED,IMG_02,UNDEFINED,3.636428571428571,51.285714285714285,143.84,375.8385714285714,14
edf06,edf06_10,10,UNDEFINED,UNDEFINED,IMG_13,UNDEFINED,4.400714285714286,39.285714285714285,105.28214285714286,190.56999999999996,14
edf06,edf06_11,11,UNDEFINED,UNDEFINED,IMG_18,UNDEFINED,3.079999999999999,35.142857142857146,81.28999999999999,143.82714285714286,14
edf06,edf06_12,12,UNDEFINED,UNDEFINED,IMG_16,UNDEFINED,3.5729411764705885,54.705882352941174,141.58529411764707,443.55058823529413,17
edf06,edf06_13,13,UNDEFINED,UNDEFINED,IMG_17,UNDEFINED,2.561428571428572,31.142857142857142,73.62285714285714,126.83714285714287,14
edf06,edf06_14,14,UNDEFINED,UNDEFINED,IMG_07,UNDEFINED,4.471176470588236,41.76470588235294,96.77529411764709,174.09235294117647,17
edf06,edf06_15,15,UNDEFINED,UNDEFINED,IMG_11,UNDEFINED,2.901176470588235,32.470588235294116,79.66176470588233,139.77823529411765,17
edf06,edf06_16,16,UNDEFINED,UNDEFINED,IMG_04,UNDEFINED,3.125,35.2,83.287,141.20400000000004,20
edf06,edf06_17,17,UNDEFINED,UNDEFINED,IMG_09,UNDEFINED,2.3673333333333333,29.6,77.13799999999999,130.332,15
edf06,edf06_18,18,UNDEFINED,UNDEFINED,IMG_10,UNDEFINED,2.352307692307692,30.153846153846153,74.42769230769231,120.07076923076922,13
edf06,edf06_19,19,exp_images/sentences/noagent_women_letter.jpg,PNA,IMG_17,STIM_107,1.8593333333333335,26.8,64.69466666666666,107.12333333333332,15
edf06,edf06_2,2,UNDEFINED,UNDEFINED,IMG_12,UNDEFINED,4.0575,38.25,100.24687499999999,177.01562500000003,16
edf06,edf06_20,20,exp_images/sentences/noagent_boy_bucket.jpg,PNA,IMG_09,STIM_99,2.1569230769230776,27.846153846153847,70.88230769230769,114.24538461538461,13
edf06,edf06_21,21,exp_images/sentences/noagent_woman_clothes.jpg,PNA,IMG_06,STIM_96,2.2570000000000006,72.4,162.10100000000003,614.3140000000001,10
edf06,edf06_22,22,exp_images/sentences/Closed-door.jpg,ACT,IMG_10,STIM_10,2.2593333333333336,30.133333333333333,73.14866666666667,129.056,15
edf06,edf06_23,23,exp_images/sentences/Lamp.jpg,ACT,IMG_01,STIM_01,2.3353333333333337,28.666666666666668,71.98533333333333,123.664,15
edf06,edf06_24,24,exp_images/sentences/Washed-scooter.jpg,ACT,IMG_14,STIM_14,4.383157894736843,42.21052631578947,98.93105263157894,182.87842105263155,19
edf06,edf06_25,25,exp_images/sentences/Pushed-box-passive.jpg,PWA,IMG_05,STIM_23,4.0275,54.0,134.20666666666665,406.4433333333333,12
edf06,edf06_26,26,exp_images/sentences/Sapling-passive.jpg,PWA,IMG_03,STIM_21,2.6081250000000002,54.375,106.27624999999998,222.285,16
edf06,edf06_27,27,exp_images/sentences/Shrub-passive.jpg,PWA,IMG_04,STIM_22,2.132857142857143,27.857142857142858,67.58214285714287,111.98857142857142,14
edf06,edf06_28,28,exp_images/sentences/Dog-dug-woa.jpg,PNA,IMG_13,STIM_49,2.8392857142857144,31.857142857142858,83.80499999999999,138.29857142857142,14
edf06,edf06_29,29,exp_images/sentences/Frisbee-woa.jpg,PNA,IMG_12,STIM_48,3.507692307692307,50.46153846153846,115.83384615384615,297.1946153846154,13
edf06,edf06_3,3,UNDEFINED,UNDEFINED,IMG_01,UNDEFINED,2.882,30.6,81.45100000000002,141.11450000000002,20
edf06,edf06_30,30,exp_images/sentences/Tabla-woa.jpg,PNA,IMG_11,STIM_47,3.358125,36.125,81.64750000000001,142.685,16
edf06,edf06_31,31,exp_images/sentences/active_artist_picture.jpg,ACT,IMG_07,STIM_61,3.6614285714285715,33.142857142857146,92.48,160.77785714285713,14
edf06,edf06_32,32,exp_images/sentences/active_girl_cake.jpg,ACT,IMG_15,STIM_69,2.3609999999999998,48.2,103.28299999999999,417.3549999999999,10
edf06,edf06_33,33,exp_images/sentences/active_girl_window.jpg,ACT,IMG_02,STIM_56,2.6841666666666675,30.333333333333332,77.47166666666666,124.06,12
edf06,edf06_34,34,exp_images/sentences/passive_girl_dog.jpg,PWA,IMG_16,STIM_88,2.6750000000000003,32.285714285714285,72.56,119.68785714285715,14
edf06,edf06_35,35,exp_images/sentences/passive_boy_vegetables.jpg,PWA,IMG_18,STIM_90,3.1709090909090905,45.27272727272727,114.82545454545453,309.91090909090906,11
edf06,edf06_36,36,exp_images/sentences/passive_boy_vase.jpg,PWA,IMG_08,STIM_80,3.0025,30.666666666666668,81.0725,129.98749999999998,12
edf06,edf06_4,4,UNDEFINED,UNDEFINED,IMG_03,UNDEFINED,2.954999999999999,33.875,82.05,142.954375,16
edf06,edf06_5,5,UNDEFINED,UNDEFINED,IMG_15,UNDEFINED,2.1818181818181817,29.272727272727273,67.42272727272729,104.98545454545456,11
edf06,edf06_6,6,UNDEFINED,UNDEFINED,IMG_06,UNDEFINED,2.1938461538461542,30.923076923076923,65.0023076923077,105.24461538461537,13
edf06,edf06_7,7,UNDEFINED,UNDEFINED,IMG_08,UNDEFINED,2.5881250000000002,30.625,76.858125,130.08999999999997,16
edf06,edf06_8,8,UNDEFINED,UNDEFINED,IMG_14,UNDEFINED,3.6399999999999997,36.23529411764706,90.45823529411764,156.77470588235298,17
edf06,edf06_9,9,UNDEFINED,UNDEFINED,IMG_05,UNDEFINED,3.675625,48.625,107.498125,316.251875,16
edf07,edf07_1,1,UNDEFINED,UNDEFINED,IMG_10,UNDEFINED,2.8700000000000006,30.333333333333332,78.71083333333334,117.64,12
edf07,edf07_1,1,UNDEFINED,UNDEFINED,IMG_16,UNDEFINED,3.6246153846153844,34.61538461538461,91.46307692307693,142.1407692307692,13
edf07,edf07_10,10,UNDEFINED,UNDEFINED,IMG_04,UNDEFINED,2.17,27.333333333333332,73.70833333333333,104.80166666666666,6
edf07,edf07_10,10,UNDEFINED,UNDEFINED,IMG_13,UNDEFINED,2.195,55.333333333333336,114.19666666666667,201.965,6
edf07,edf07_11,11,UNDEFINED,UNDEFINED,IMG_12,UNDEFINED,3.501,38.0,90.566,141.64499999999998,10
edf07,edf07_11,11,UNDEFINED,UNDEFINED,IMG_18,UNDEFINED,2.327142857142857,55.42857142857143,100.87142857142858,314.9742857142857,7
edf07,edf07_12,12,UNDEFINED,UNDEFINED,IMG_12,UNDEFINED,1.67625,47.25,87.65249999999999,236.1975,8
edf07,edf07_12,12,UNDEFINED,UNDEFINED,IMG_17,UNDEFINED,2.8557142857142854,31.714285714285715,83.28285714285714,114.87428571428573,7
edf07,edf07_13,13,UNDEFINED,UNDEFINED,IMG_05,UNDEFINED,1.97,67.0,134.1525,436.40500000000003,4
edf07,edf07_13,13,UNDEFINED,UNDEFINED,IMG_06,UNDEFINED,4.74,36.0,132.84,212.9,1
edf07,edf07_14,14,UNDEFINED,UNDEFINED,IMG_08,UNDEFINED,3.7077777777777774,88.66666666666667,177.25,492.9655555555555,9
edf07,edf07_14,14,UNDEFINED,UNDEFINED,IMG_11,UNDEFINED,2.32,30.0,76.31,131.26,1
edf07,edf07_15,15,UNDEFINED,UNDEFINED,IMG_07,UNDEFINED,2.7499999999999996,30.571428571428573,83.27642857142857,122.74285714285715,14
edf07,edf07_15,15,UNDEFINED,UNDEFINED,IMG_11,UNDEFINED,2.5375000000000005,45.0,107.9625,170.0775,8
edf07,edf07_16,16,UNDEFINED,UNDEFINED,IMG_08,UNDEFINED,1.9245454545454548,41.45454545454545,97.89727272727274,329.01454545454544,11
edf07,edf07_16,16,UNDEFINED,UNDEFINED,IMG_17,UNDEFINED,1.6640000000000001,58.4,115.934,399.37,5
edf07,edf07_17,17,UNDEFINED,UNDEFINED,IMG_04,UNDEFINED,3.38375,64.0,80.42,153.51375,8
edf07,edf07_17,17,UNDEFINED,UNDEFINED,IMG_15,UNDEFINED,2.0325,96.0,165.42999999999998,736.65,8
edf07,edf07_18,18,UNDEFINED,UNDEFINED,IMG_06,UNDEFINED,4.485,81.0,161.54833333333335,422.91333333333336,6
edf07,edf07_18,18,UNDEFINED,UNDEFINED,IMG_09,UNDEFINED,0.8524999999999999,20.0,42.2175,53.877500000000005,4
edf07,edf07_19,19,exp_images/sentences/Letter.jpg,ACT,IMG_17,STIM_17,2.5471428571428576,42.57142857142857,89.2792857142857,178.22857142857146,14
edf07,edf07_2,2,UNDEFINED,UNDEFINED,IMG_02,UNDEFINED,2.4113793103448278,29.655172413793103,76.38758620689654,105.6603448275862,29
edf07,edf07_20,20,exp_images/sentences/Bucket.jpg,ACT,IMG_09,STIM_09,2.3108333333333335,45.166666666666664,88.09833333333334,185.36583333333337,12
edf07,edf07_21,21,exp_images/sentences/Folded-clothes.jpg,ACT,IMG_06,STIM_06,5.433333333333334,55.666666666666664,116.23,257.745,12
edf07,edf07_22,22,exp_images/sentences/Closed-door-passive.jpg,PWA,IMG_10,STIM_28,1.432,64.4,87.857,505.19300000000004,10
edf07,edf07_23,23,exp_images/sentences/Lamp-passive.jpg,PWA,IMG_01,STIM_19,2.9799999999999995,43.1764705882353,95.21764705882353,154.94764705882352,17
edf07,edf07_24,24,exp_images/sentences/Washed-scooter-passive.jpg,PWA,IMG_14,STIM_32,2.874166666666667,57.583333333333336,80.44833333333334,141.01958333333332,24
edf07,edf07_25,25,exp_images/sentences/Pushed-box-woa.jpg,PNA,IMG_05,STIM_41,4.287999999999999,74.4,134.39399999999998,598.4259999999999,10
edf07,edf07_26,26,exp_images/sentences/Sapling-woa.jpg,PNA,IMG_03,STIM_39,3.815882352941177,98.58823529411765,139.03882352941176,462.15705882352944,17
edf07,edf07_27,27,exp_images/sentences/Shrub-woa.jpg,PNA,IMG_04,STIM_40,3.4138888888888896,74.88888888888889,95.62111111111109,206.2527777777778,18
edf07,edf07_28,28,exp_images/sentences/active_dog_hole.jpg,ACT,IMG_13,STIM_67,3.8024999999999993,79.3125,95.22187500000001,231.9781250000001,32
edf07,edf07_29,29,exp_images/sentences/active_child_frisbee.jpg,ACT,IMG_12,STIM_66,4.7051612903225815,77.29032258064517,87.65516129032257,221.10290322580644,31
edf07,edf07_3,3,UNDEFINED,UNDEFINED,IMG_05,UNDEFINED,3.7462500000000003,36.0,99.93875,142.7325,8
edf07,edf07_3,3,UNDEFINED,UNDEFINED,IMG_07,UNDEFINED,2.8366666666666664,32.166666666666664,77.86083333333335,111.31333333333333,12
edf07,edf07_30,30,exp_images/sentences/active_child_tabla.jpg,ACT,IMG_11,STIM_65,5.904615384615385,227.53846153846155,97.79999999999998,233.46076923076924,13
edf07,edf07_31,31,exp_images/sentences/passive_artist_picture.jpg,PWA,IMG_07,STIM_79,4.205000000000001,62.111111111111114,116.84888888888888,317.26722222222213,18
edf07,edf07_32,32,exp_images/sentences/passive_girl_cake.jpg,PWA,IMG_15,STIM_87,5.432307692307692,328.46153846153845,136.28076923076927,366.94307692307694,13
edf07,edf07_33,33,exp_images/sentences/passive_girl_window.jpg,PWA,IMG_02,STIM_74,3.785882352941177,204.11764705882354,106.02764705882353,296.85470588235285,17
edf07,edf07_34,34,exp_images/sentences/noagent_girl_dog.jpg,PNA,IMG_16,STIM_106,6.007333333333334,126.125,188.53625,773.33,16
edf07,edf07_35,35,exp_images/sentences/noagent_boy_vegetables.jpg,PNA,IMG_18,STIM_108,6.7459999999999996,826.8,130.358,623.13,5
edf07,edf07_36,36,exp_images/sentences/noagent_boy_vase.jpg,PNA,IMG_08,STIM_98,3.873333333333334,69.73333333333333,138.61666666666667,412.25533333333334,15
edf07,edf07_4,4,UNDEFINED,UNDEFINED,IMG_03,UNDEFINED,1.9218181818181819,27.818181818181817,65.65818181818183,89.00727272727273,11
edf07,edf07_4,4,UNDEFINED,UNDEFINED,IMG_09,UNDEFINED,2.5324999999999998,53.0,137.785,276.865,4
edf07,edf07_5,5,UNDEFINED,UNDEFINED,IMG_01,UNDEFINED,2.566,33.2,73.10900000000001,106.62100000000001,10
edf07,edf07_5,5,UNDEFINED,UNDEFINED,IMG_15,UNDEFINED,1.3575000000000002,71.0,189.1775,719.7925,4
edf07,edf07_6,6,UNDEFINED,UNDEFINED,IMG_10,UNDEFINED,1.5630769230769228,25.076923076923077,60.43923076923076,78.28846153846155,13
edf07,edf07_6,6,UNDEFINED,UNDEFINED,IMG_16,UNDEFINED,2.438,30.0,74.488,108.53,5
edf07,edf07_7,7,UNDEFINED,UNDEFINED,IMG_01,UNDEFINED,2.276666666666667,28.666666666666668,69.76666666666667,94.95666666666666,6
edf07,edf07_7,7,UNDEFINED,UNDEFINED,IMG_18,UNDEFINED,2.7916666666666665,30.0,80.86666666666666,121.73499999999997,6
edf07,edf07_8,8,UNDEFINED,UNDEFINED,IMG_03,UNDEFINED,2.89625,51.25,128.5825,289.14875,8
edf07,edf07_8,8,UNDEFINED,UNDEFINED,IMG_14,UNDEFINED,4.501666666666666,57.0,98.20333333333333,167.37333333333336,6
edf07,edf07_9,9,UNDEFINED,UNDEFINED,IMG_13,UNDEFINED,3.3472727272727267,44.54545454545455,122.92454545454547,306.1836363636364,11
edf07,edf07_9,9,UNDEFINED,UNDEFINED,IMG_14,UNDEFINED,1.0333333333333332,23.333333333333332,44.919999999999995,53.096666666666664,3
edf08,edf08_1,1,UNDEFINED,UNDEFINED,IMG_04,UNDEFINED,2.554,29.466666666666665,74.94933333333333,117.83933333333333,15
edf08,edf08_10,10,UNDEFINED,UNDEFINED,IMG_13,UNDEFINED,2.9663636363636368,46.36363636363637,140.02272727272728,332.6390909090909,11
edf08,edf08_11,11,UNDEFINED,UNDEFINED,IMG_11,UNDEFINED,2.8406249999999993,30.875,78.795,129.05374999999998,16
edf08,edf08_12,12,UNDEFINED,UNDEFINED,IMG_09,UNDEFINED,2.5100000000000002,29.333333333333332,81.64333333333333,130.02666666666667,6
edf08,edf08_13,13,UNDEFINED,UNDEFINED,IMG_03,UNDEFINED,2.915384615384615,45.38461538461539,92.99461538461539,284.7976923076923,13
edf08,edf08_14,14,UNDEFINED,UNDEFINED,IMG_15,UNDEFINED,3.065,50.5,100.62374999999999,190.72375000000002,8
edf08,edf08_15,15,UNDEFINED,UNDEFINED,IMG_14,UNDEFINED,3.4215384615384616,46.92307692307692,125.36615384615386,322.9061538461538,13
edf08,edf08_16,16,UNDEFINED,UNDEFINED,IMG_18,UNDEFINED,3.4010000000000007,32.4,85.771,152.034,10
edf08,edf08_17,17,UNDEFINED,UNDEFINED,IMG_10,UNDEFINED,2.35,28.857142857142858,76.15714285714286,129.3857142857143,7
edf08,edf08_18,18,UNDEFINED,UNDEFINED,IMG_06,UNDEFINED,3.62,34.8,94.264,168.81,5
edf08,edf08_19,19,exp_images/sentences/Letter-passive.jpg,PWA,IMG_17,STIM_35,2.3825000000000003,30.833333333333332,75.41416666666667,130.45666666666665,12
edf08,edf08_2,2,UNDEFINED,UNDEFINED,IMG_16,UNDEFINED,2.891,30.6,77.95599999999999,128.557,10
edf08,edf08_20,20,exp_images/sentences/Bucket-passive.jpg,PWA,IMG_09,STIM_27,1.792727272727273,39.81818181818182,76.71545454545456,152.04,11
edf08,edf08_21,21,exp_images/sentences/Folded-clothes-passive.jpg,PWA,IMG_06,STIM_24,2.865,28.5,88.195,166.2175,4
edf08,edf08_22,22,exp_images/sentences/Closed-door-woa.jpg,PNA,IMG_10,STIM_46,1.3425,46.0,111.635,508.14375,8
edf08,edf08_23,23,exp_images/sentences/Lamp-woa.jpg,PNA,IMG_01,STIM_37,2.458,69.8,114.89599999999999,479.967,10
edf08,edf08_24,24,exp_images/sentences/Washed-scooter-woa.jpg,PNA,IMG_14,STIM_50,3.2746666666666666,32.8,87.44666666666666,154.916,15
edf08,edf08_25,25,exp_images/sentences/active_man_box.jpg,ACT,IMG_05,STIM_59,3.1345454545454543,32.90909090909091,92.29727272727273,160.71454545454546,11
edf08,edf08_26,26,exp_images/sentences/active_girl_sapling.jpg,ACT,IMG_03,STIM_57,2.664285714285714,29.714285714285715,77.85,129.03285714285713,7
edf08,edf08_27,27,exp_images/sentences/active_man_shrub.jpg,ACT,IMG_04,STIM_58,2.2011111111111115,28.444444444444443,70.95777777777778,121.39,9
edf08,edf08_28,28,exp_images/sentences/passive_dog_hole.jpg,PWA,IMG_13,STIM_85,2.2,74.25,169.27,476.9375,8
edf08,edf08_29,29,exp_images/sentences/passive_child_frisbee.jpg,PWA,IMG_12,STIM_84,4.224,36.8,110.13799999999999,199.07,5
edf08,edf08_3,3,UNDEFINED,UNDEFINED,IMG_01,UNDEFINED,3.254166666666667,46.333333333333336,114.41583333333334,286.5683333333333,12
edf08,edf08_30,30,exp_images/sentences/passive_child_tabla.jpg,PWA,IMG_11,STIM_83,2.8628571428571425,32.285714285714285,78.69285714285715,137.44714285714286,7
edf08,edf08_31,31,exp_images/sentences/noagent_artist_picture.jpg,PNA,IMG_07,STIM_97,2.594444444444444,52.0,101.57333333333332,202.17999999999995,9
edf08,edf08_32,32,exp_images/sentences/noagent_girl_cake.jpg,PNA,IMG_15,STIM_105,1.80625,46.75,119.99000000000001,528.245,8
edf08,edf08_33,33,exp_images/sentences/noagent_girl_window.jpg,PNA,IMG_02,STIM_92,1.7418181818181822,24.363636363636363,65.34909090909093,100.12363636363638,11
edf08,edf08_34,34,exp_images/sentences/Fed-dog.jpg,ACT,IMG_16,STIM_16,3.6349999999999993,68.66666666666667,156.38500000000002,583.9683333333334,6
edf08,edf08_35,35,exp_images/sentences/Veg.jpg,ACT,IMG_18,STIM_18,7.760000000000001,50.666666666666664,162.04999999999998,318.21,3
edf08,edf08_36,36,exp_images/sentences/Vase.jpg,ACT,IMG_08,STIM_08,1.87,26.0,71.13,107.6,1
edf08,edf08_4,4,UNDEFINED,UNDEFINED,IMG_02,UNDEFINED,1.8949999999999998,26.0,65.74125000000001,102.67625,8
edf08,edf08_5,5,UNDEFINED,UNDEFINED,IMG_07,UNDEFINED,3.452666666666667,33.6,93.10066666666667,150.444,15
edf08,edf08_6,6,UNDEFINED,UNDEFINED,IMG_05,UNDEFINED,2.3709090909090906,44.36363636363637,107.39545454545454,273.79,11
edf08,edf08_7,7,UNDEFINED,UNDEFINED,IMG_17,UNDEFINED,3.0140000000000002,29.6,86.912,146.358,5
edf08,edf08_8,8,UNDEFINED,UNDEFINED,IMG_12,UNDEFINED,4.21375,56.75,135.1125,269.69125,8
edf08,edf08_9,9,UNDEFINED,UNDEFINED,IMG_08,UNDEFINED,2.2325000000000004,26.5,74.51125,111.22125,8
edf09,edf09_1,1,UNDEFINED,UNDEFINED,IMG_03,UNDEFINED,1.9933333333333334,26.333333333333332,71.58666666666666,102.57666666666665,6
edf09,edf09_10,10,UNDEFINED,UNDEFINED,IMG_12,UNDEFINED,3.516363636363636,34.0,93.27545454545454,161.32909090909087,11
edf09,edf09_11,11,UNDEFINED,UNDEFINED,IMG_04,UNDEFINED,2.649375,51.125,115.38812499999997,247.1325,16
edf09,edf09_12,12,UNDEFINED,UNDEFINED,IMG_14,UNDEFINED,2.8683333333333327,45.166666666666664,91.1475,176.45583333333332,12
edf09,edf09_13,13,UNDEFINED,UNDEFINED,IMG_08,UNDEFINED,2.141111111111111,53.333333333333336,90.95333333333333,275.1,9
edf09,edf09_14,14,UNDEFINED,UNDEFINED,IMG_13,UNDEFINED,4.0337499999999995,64.25,181.15000000000003,464.04312500000003,16
edf09,edf09_15,15,UNDEFINED,UNDEFINED,IMG_15,UNDEFINED,2.1572727272727272,43.63636363636363,137.42636363636362,506.05727272727273,11
edf09,edf09_16,16,UNDEFINED,UNDEFINED,IMG_18,UNDEFINED,2.2185714285714284,45.857142857142854,109.26857142857145,264.7492857142857,14
edf09,edf09_17,17,UNDEFINED,UNDEFINED,IMG_11,UNDEFINED,2.2239999999999998,74.2,179.05599999999998,717.6119999999999,10
edf09,edf09_18,18,UNDEFINED,UNDEFINED,IMG_07,UNDEFINED,2.7424999999999997,63.0,131.63375000000002,401.53625,8
edf09,edf09_19,19,exp_images/sentences/Letter-woa.jpg,PNA,IMG_17,STIM_53,2.4011111111111108,74.22222222222223,90.45222222222223,183.35555555555553,9
edf09,edf09_2,2,UNDEFINED,UNDEFINED,IMG_02,UNDEFINED,2.5028571428571427,69.71428571428571,136.8457142857143,507.11571428571426,7
edf09,edf09_20,20,exp_images/sentences/Bucket-woa.jpg,PNA,IMG_09,STIM_45,1.6366666666666667,24.0,63.46333333333333,94.03111111111112,9
edf09,edf09_21,21,exp_images/sentences/Folded-clothes-woa.jpg,PNA,IMG_06,STIM_42,1.8208333333333335,26.833333333333332,62.68,95.43416666666668,12
edf09,edf09_22,22,exp_images/sentences/active_boy_door.jpg,ACT,IMG_10,STIM_64,1.8526315789473682,37.78947368421053,65.30736842105264,108.11736842105263,19
edf09,edf09_23,23,exp_images/sentences/active_girl_lamp.jpg,ACT,IMG_01,STIM_55,2.3024999999999998,42.0,77.70833333333333,144.36666666666667,12
edf09,edf09_24,24,exp_images/sentences/active_driver_scooter.jpg,ACT,IMG_14,STIM_68,2.6707142857142863,31.0,79.3107142857143,129.925,14
edf09,edf09_25,25,exp_images/sentences/passive_man_box.jpg,PWA,IMG_05,STIM_77,3.2535714285714286,68.14285714285714,107.28857142857143,201.5371428571429,14
edf09,edf09_26,26,exp_images/sentences/passive_girl_sapling.jpg,PWA,IMG_03,STIM_75,2.244444444444445,55.333333333333336,83.66722222222222,165.25555555555553,18
edf09,edf09_27,27,exp_images/sentences/passive_man_shrub.jpg,PWA,IMG_04,STIM_76,3.162,34.4,88.388,150.255,10
edf09,edf09_28,28,exp_images/sentences/noagent_dog_hole.jpg,PNA,IMG_13,STIM_103,3.2950000000000004,51.333333333333336,89.93833333333333,167.97333333333333,12
edf09,edf09_29,29,exp_images/sentences/noagent_child_frisbee.jpg,PNA,IMG_12,STIM_102,3.1973333333333334,32.8,86.09333333333333,142.69933333333336,15
edf09,edf09_3,3,UNDEFINED,UNDEFINED,IMG_05,UNDEFINED,4.509333333333333,33.2,90.72866666666667,144.83066666666667,15
edf09,edf09_30,30,exp_images/sentences/noagent_child_tabla.jpg,PNA,IMG_11,STIM_101,2.566363636363637,29.454545454545453,78.46454545454546,121.17454545454544,11
edf09,edf09_31,31,exp_images/sentences/Painting.jpg,ACT,IMG_07,STIM_07,2.3787499999999997,44.375,83.645625,159.13875000000002,16
edf09,edf09_32,32,exp_images/sentences/Cake.jpg,ACT,IMG_15,STIM_15,1.9049999999999998,78.8,86.315,242.64299999999997,10
edf09,edf09_33,33,exp_images/sentences/Window.jpg,ACT,IMG_02,STIM_02,2.9608333333333334,57.666666666666664,108.01833333333333,238.31000000000003,12
edf09,edf09_34,34,exp_images/sentences/Fed-dog-passive.jpg,PWA,IMG_16,STIM_34,2.1133333333333333,94.0,73.36999999999999,149.54999999999998,6
edf09,edf09_35,35,exp_images/sentences/Veg-passive.jpg,PWA,IMG_18,STIM_36,3.56375,123.5,234.195,752.22,8
edf09,edf09_36,36,exp_images/sentences/Vase-passive.jpg,PWA,IMG_08,STIM_26,2.242,55.4,162.251,439.304,10
edf09,edf09_4,4,UNDEFINED,UNDEFINED,IMG_09,UNDEFINED,2.234545454545454,46.54545454545455,106.13272727272725,408.25,11
edf09,edf09_5,5,UNDEFINED,UNDEFINED,IMG_17,UNDEFINED,2.471538461538461,41.84615384615385,73.74307692307693,131.55384615384617,13
edf09,edf09_6,6,UNDEFINED,UNDEFINED,IMG_16,UNDEFINED,2.6544444444444446,58.888888888888886,87.31444444444445,199.01999999999998,9
edf09,edf09_7,7,UNDEFINED,UNDEFINED,IMG_01,UNDEFINED,2.227777777777778,52.666666666666664,87.89222222222223,190.66777777777776,9
edf09,edf09_8,8,UNDEFINED,UNDEFINED,IMG_06,UNDEFINED,1.655384615384615,42.15384615384615,70.50153846153846,136.94923076923078,13
edf09,edf09_9,9,UNDEFINED,UNDEFINED,IMG_10,UNDEFINED,1.9100000000000001,45.0,86.75166666666667,168.70250000000004,12
edf10,edf10_1,1,UNDEFINED,UNDEFINED,IMG_03,UNDEFINED,13.628333333333334,93.44444444444444,305.2988888888889,1090.3355555555556,18
edf10,edf10_1,1,UNDEFINED,UNDEFINED,IMG_06,UNDEFINED,5.228461538461537,42.15384615384615,113.70692307692306,196.68846153846152,13
edf10,edf10_10,10,UNDEFINED,UNDEFINED,IMG_01,UNDEFINED,4.165555555555556,47.36842105263158,112.30263157894734,224.1747368421053,19
edf10,edf10_10,10,UNDEFINED,UNDEFINED,IMG_17,UNDEFINED,1.948888888888889,55.111111111111114,85.59444444444443,294.7677777777777,9
edf10,edf10_11,11,UNDEFINED,UNDEFINED,IMG_10,UNDEFINED,3.7853333333333334,48.8,103.62666666666668,224.8086666666667,15
edf10,edf10_11,11,UNDEFINED,UNDEFINED,IMG_11,UNDEFINED,6.7952941176470585,54.8235294117647,164.04470588235296,472.92294117647054,17
edf10,edf10_12,12,UNDEFINED,UNDEFINED,IMG_13,UNDEFINED,5.026875,110.0,162.55875,597.9812499999999,16
edf10,edf10_12,12,UNDEFINED,UNDEFINED,IMG_17,UNDEFINED,3.9038461538461537,52.15384615384615,106.56230769230768,191.80076923076922,13
edf10,edf10_13,13,UNDEFINED,UNDEFINED,IMG_04,UNDEFINED,13.638666666666666,115.6,268.79400000000004,979.8126666666667,15
edf10,edf10_13,13,UNDEFINED,UNDEFINED,IMG_18,UNDEFINED,5.506923076923077,73.84615384615384,123.11615384615385,231.64153846153846,13
edf10,edf10_14,14,UNDEFINED,UNDEFINED,IMG_10,UNDEFINED,1.6599999999999997,37.125,74.1275,147.468125,16
edf10,edf10_14,14,UNDEFINED,UNDEFINED,IMG_13,UNDEFINED,3.05,50.0,106.82615384615383,256.3992307692307,13
edf10,edf10_15,15,UNDEFINED,UNDEFINED,IMG_08,UNDEFINED,3.8528571428571428,48.714285714285715,112.54857142857142,236.24785714285716,14
edf10,edf10_15,15,UNDEFINED,UNDEFINED,IMG_15,UNDEFINED,4.334444444444445,50.888888888888886,118.74166666666666,294.95222222222225,18
edf10,edf10_16,16,UNDEFINED,UNDEFINED,IMG_07,UNDEFINED,2.4121875,34.375,75.1653125,133.69437499999998,32
edf10,edf10_17,17,UNDEFINED,UNDEFINED,IMG_04,UNDEFINED,3.0290909090909093,78.54545454545455,107.07272727272726,274.69090909090903,11
edf10,edf10_17,17,UNDEFINED,UNDEFINED,IMG_14,UNDEFINED,4.579565217391305,40.34782608695652,108.8408695652174,261.9773913043478,23
edf10,edf10_18,18,UNDEFINED,UNDEFINED,IMG_08,UNDEFINED,2.8440000000000003,32.93333333333333,85.01466666666668,157.48999999999998,15
edf10,edf10_18,18,UNDEFINED,UNDEFINED,IMG_14,UNDEFINED,1.946666666666667,89.33333333333333,103.92666666666666,217.54333333333332,3
edf10,edf10_19,19,exp_images/sentences/active_women_letter.jpg,ACT,IMG_17,STIM_71,3.0679999999999996,46.06666666666667,93.25733333333332,198.96866666666668,30
edf10,edf10_2,2,UNDEFINED,UNDEFINED,IMG_05,UNDEFINED,3.535555555555556,34.370370370370374,98.99222222222222,165.3451851851852,27
edf10,edf10_20,20,exp_images/sentences/active_boy_bucket.jpg,ACT,IMG_09,STIM_63,2.8457142857142856,32.785714285714285,84.59678571428573,146.56214285714285,28
edf10,edf10_21,21,exp_images/sentences/active_woman_clothes.jpg,ACT,IMG_06,STIM_60,8.145483870967743,49.87096774193548,189.60709677419354,522.6967741935485,31
edf10,edf10_22,22,exp_images/sentences/passive_boy_door.jpg,PWA,IMG_10,STIM_82,1.7607692307692309,50.92307692307692,82.7826923076923,214.20076923076925,26
edf10,edf10_23,23,exp_images/sentences/passive_girl_lamp.jpg,PWA,IMG_01,STIM_73,4.349714285714286,46.91428571428571,125.78857142857139,316.0034285714285,35
edf10,edf10_24,24,exp_images/sentences/passive_driver_scooter.jpg,PWA,IMG_14,STIM_86,5.222307692307693,51.794871794871796,128.9676923076923,303.5638461538461,39
edf10,edf10_25,25,exp_images/sentences/noagent_man_box.jpg,PNA,IMG_05,STIM_95,4.658181818181819,44.24242424242424,115.9660606060606,279.5575757575759,33
edf10,edf10_26,26,exp_images/sentences/noagent_girl_sapling.jpg,PNA,IMG_03,STIM_93,9.975384615384616,153.23076923076923,203.31038461538463,753.1742307692307,26
edf10,edf10_27,27,exp_images/sentences/noagent_man_shrub.jpg,PNA,IMG_04,STIM_94,3.339444444444444,58.888888888888886,104.35277777777777,213.83277777777778,18
edf10,edf10_28,28,exp_images/sentences/Dog-dug.jpg,ACT,IMG_13,STIM_13,6.052758620689655,62.62068965517241,159.56275862068964,435.08551724137936,29
edf10,edf10_29,29,exp_images/sentences/Frisbee.jpg,ACT,IMG_12,STIM_12,6.645142857142858,69.54285714285714,158.4542857142857,401.002,35
edf10,edf10_3,3,UNDEFINED,UNDEFINED,IMG_03,UNDEFINED,3.9842857142857144,59.142857142857146,111.10428571428572,235.63357142857146,14
edf10,edf10_3,3,UNDEFINED,UNDEFINED,IMG_16,UNDEFINED,9.935909090909092,45.90909090909091,226.85818181818178,617.0427272727271,22
edf10,edf10_30,30,exp_images/sentences/Tabla.jpg,ACT,IMG_11,STIM_11,4.426976744186047,45.16279069767442,105.52418604651164,291.54209302325575,43
edf10,edf10_31,31,exp_images/sentences/Painting-passive.jpg,PWA,IMG_07,STIM_25,4.180645161290323,49.806451612903224,118.59161290322578,288.9006451612903,31
edf10,edf10_32,32,exp_images/sentences/Cake-passive.jpg,PWA,IMG_15,STIM_33,3.734827586206897,50.96551724137931,118.92137931034482,364.1651724137932,29
edf10,edf10_33,33,exp_images/sentences/Window-passive.jpg,PWA,IMG_02,STIM_20,3.9048484848484843,56.121212121212125,113.90424242424241,288.3506060606061,33
edf10,edf10_34,34,exp_images/sentences/Fed-dog-woa.jpg,PNA,IMG_16,STIM_52,5.789189189189189,51.945945945945944,137.72648648648644,331.56135135135133,37
edf10,edf10_35,35,exp_images/sentences/Veg-woa.jpg,PNA,IMG_18,STIM_54,6.667441860465117,52.18604651162791,141.34418604651162,354.2037209302325,43
edf10,edf10_36,36,exp_images/sentences/Vase-woa.jpg,PNA,IMG_08,STIM_44,3.241428571428572,39.94285714285714,95.32571428571427,176.4017142857143,35
edf10,edf10_4,4,UNDEFINED,UNDEFINED,IMG_01,UNDEFINED,3.3033333333333332,41.111111111111114,116.86777777777777,321.05370370370366,27
edf10,edf10_4,4,UNDEFINED,UNDEFINED,IMG_12,UNDEFINED,2.832105263157895,30.526315789473685,83.12368421052632,138.16157894736844,19
edf10,edf10_5,5,UNDEFINED,UNDEFINED,IMG_06,UNDEFINED,8.737777777777778,63.111111111111114,218.43388888888887,777.3333333333334,18
edf10,edf10_5,5,UNDEFINED,UNDEFINED,IMG_15,UNDEFINED,2.496428571428571,41.142857142857146,84.57142857142857,235.27285714285716,14
edf10,edf10_6,6,UNDEFINED,UNDEFINED,IMG_02,UNDEFINED,5.1816666666666675,35.77777777777778,130.70999999999998,287.155,18
edf10,edf10_6,6,UNDEFINED,UNDEFINED,IMG_16,UNDEFINED,4.118947368421054,49.89473684210526,101.70052631578949,233.35263157894735,19
edf10,edf10_7,7,UNDEFINED,UNDEFINED,IMG_09,UNDEFINED,2.4387499999999998,39.875,80.579375,138.99937500000001,16
edf10,edf10_7,7,UNDEFINED,UNDEFINED,IMG_18,UNDEFINED,10.981818181818184,83.65217391304348,220.3217391304348,859.3052173913042,23
edf10,edf10_8,8,UNDEFINED,UNDEFINED,IMG_09,UNDEFINED,3.329375,31.75,98.52374999999999,187.40625000000003,16
edf10,edf10_8,8,UNDEFINED,UNDEFINED,IMG_11,UNDEFINED,4.002941176470588,49.05882352941177,112.2005882352941,241.16411764705882,17
edf10,edf10_9,9,UNDEFINED,UNDEFINED,IMG_02,UNDEFINED,4.435263157894736,51.1578947368421,112.9263157894737,225.14526315789476,19
edf10,edf10_9,9,UNDEFINED,UNDEFINED,IMG_12,UNDEFINED,3.209166666666667,44.666666666666664,128.04500000000002,312.4133333333333,12
edf11,edf11_1,1,UNDEFINED,UNDEFINED,IMG_18,UNDEFINED,3.0569230769230766,30.307692307692307,81.49,132.39076923076922,13
edf11,edf11_11,11,UNDEFINED,UNDEFINED,IMG_11,UNDEFINED,4.007142857142857,36.0,100.03857142857142,175.75428571428571,14
edf11,edf11_12,12,UNDEFINED,UNDEFINED,IMG_01,UNDEFINED,3.2318181818181824,34.18181818181818,88.74999999999999,146.12363636363636,11
edf11,edf11_13,13,UNDEFINED,UNDEFINED,IMG_10,UNDEFINED,9.42,50.0,189.59,346.28,1
edf11,edf11_14,14,UNDEFINED,UNDEFINED,IMG_06,UNDEFINED,3.3325,112.0,168.70125,611.11,8
edf11,edf11_15,15,UNDEFINED,UNDEFINED,IMG_05,UNDEFINED,2.6036363636363635,30.545454545454547,76.52545454545454,121.74909090909091,11
edf11,edf11_16,16,UNDEFINED,UNDEFINED,IMG_09,UNDEFINED,2.141538461538462,28.307692307692307,70.63538461538461,109.79615384615384,13
edf11,edf11_17,17,UNDEFINED,UNDEFINED,IMG_15,UNDEFINED,2.5958333333333337,53.333333333333336,90.53916666666667,158.43583333333333,12
edf11,edf11_18,18,UNDEFINED,UNDEFINED,IMG_02,UNDEFINED,4.35,38.0,114.86,206.84,1
edf11,edf11_19,19,exp_images/sentences/passive_women_letter.jpg,PWA,IMG_17,STIM_89,1.26,60.333333333333336,79.72333333333333,177.5,12
edf11,edf11_2,2,UNDEFINED,UNDEFINED,IMG_14,UNDEFINED,4.746428571428571,38.857142857142854,112.76928571428572,193.17071428571427,14
edf11,edf11_20,20,exp_images/sentences/passive_boy_bucket.jpg,PWA,IMG_09,STIM_81,1.7419999999999998,26.8,63.507999999999996,95.72200000000001,10
edf11,edf11_21,21,exp_images/sentences/passive_woman_clothes.jpg,PWA,IMG_06,STIM_78,4.295,40.0,106.36,179.535,2
edf11,edf11_22,22,exp_images/sentences/noagent_boy_door.jpg,PNA,IMG_10,STIM_100,1.8519999999999999,119.2,126.25600000000001,334.034,5
edf11,edf11_23,23,exp_images/sentences/noagent_girl_lamp.jpg,PNA,IMG_01,STIM_91,4.154999999999999,35.5,106.7825,190.655,4
edf11,edf11_24,24,exp_images/sentences/noagent_driver_scooter.jpg,PNA,IMG_14,STIM_104,4.093333333333334,37.333333333333336,98.5811111111111,154.67999999999998,9
edf11,edf11_25,25,exp_images/sentences/Pushed-box.jpg,ACT,IMG_05,STIM_05,2.1885714285714286,59.857142857142854,111.9192857142857,306.39785714285716,14
edf11,edf11_26,26,exp_images/sentences/Sapling.jpg,ACT,IMG_03,STIM_03,2.912142857142857,56.0,105.98357142857142,230.43785714285715,14
edf11,edf11_27,27,exp_images/sentences/Shrub.jpg,ACT,IMG_04,STIM_04,3.4262500000000005,87.5,149.075,618.26,8
edf11,edf11_28,28,exp_images/sentences/Dog-dug-passive.jpg,PWA,IMG_13,STIM_31,4.372142857142858,97.28571428571429,117.44285714285714,313.8614285714286,14
edf11,edf11_29,29,exp_images/sentences/Frisbee-passive.jpg,PWA,IMG_12,STIM_30,6.4750000000000005,82.42857142857143,126.98642857142856,266.86357142857145,14
edf11,edf11_3,3,UNDEFINED,UNDEFINED,IMG_08,UNDEFINED,2.186428571428571,28.0,73.73642857142856,113.6907142857143,14
edf11,edf11_30,30,exp_images/sentences/Tabla-passive.jpg,PWA,IMG_11,STIM_29,3.2827272727272727,72.36363636363636,122.7809090909091,282.6672727272728,11
edf11,edf11_31,31,exp_images/sentences/Painting-woa.jpg,PNA,IMG_07,STIM_43,3.1807142857142847,48.0,114.60857142857141,351.9614285714286,14
edf11,edf11_32,32,exp_images/sentences/Cake-woa.jpg,PNA,IMG_15,STIM_51,2.031,54.2,87.357,173.071,10
edf11,edf11_34,34,exp_images/sentences/active_girl_dog.jpg,ACT,IMG_16,STIM_70,2.756666666666667,50.4,84.65599999999999,144.52133333333333,15
edf11,edf11_35,35,exp_images/sentences/active_boy_vegetables.jpg,ACT,IMG_18,STIM_72,2.742222222222223,58.22222222222222,87.96111111111111,185.76333333333332,9
edf11,edf11_36,36,exp_images/sentences/active_boy_vase.jpg,ACT,IMG_08,STIM_62,3.2122222222222216,76.66666666666667,136.71222222222224,282.3,9
edf11,edf11_4,4,UNDEFINED,UNDEFINED,IMG_03,UNDEFINED,3.9659999999999997,37.2,104.83099999999999,183.468,10
edf11,edf11_5,5,UNDEFINED,UNDEFINED,IMG_13,UNDEFINED,2.5869999999999997,63.4,89.026,175.60500000000002,10
edf11,edf11_6,6,UNDEFINED,UNDEFINED,IMG_12,UNDEFINED,4.736666666666667,40.666666666666664,115.69666666666667,203.66,3
edf11,edf11_7,7,UNDEFINED,UNDEFINED,IMG_07,UNDEFINED,2.875384615384615,44.0,95.81153846153846,165.6546153846154,13
edf11,edf11_8,8,UNDEFINED,UNDEFINED,IMG_17,UNDEFINED,2.8055555555555554,65.33333333333333,120.8477777777778,240.0222222222222,9
edf11,edf11_9,9,UNDEFINED,UNDEFINED,IMG_04,UNDEFINED,2.2533333333333334,52.0,91.76666666666668,166.03555555555556,9
edf12,edf12_1,1,UNDEFINED,UNDEFINED,IMG_15,UNDEFINED,3.3066666666666666,33.0,96.02833333333335,158.565,6
edf12,edf12_10,10,UNDEFINED,UNDEFINED,IMG_04,UNDEFINED,2.691818181818182,29.09090909090909,79.6581818181818,123.19090909090909,11
edf12,edf12_11,11,UNDEFINED,UNDEFINED,IMG_01,UNDEFINED,4.3933333333333335,37.5,107.93083333333333,176.90333333333334,12
edf12,edf12_12,12,UNDEFINED,UNDEFINED,IMG_08,UNDEFINED,1.6060000000000003,42.4,81.73400000000001,139.22,10
edf12,edf12_13,13,UNDEFINED,UNDEFINED,IMG_14,UNDEFINED,3.483333333333334,33.666666666666664,92.89916666666666,146.95833333333334,12
edf12,edf12_14,14,UNDEFINED,UNDEFINED,IMG_11,UNDEFINED,2.913846153846154,29.846153846153847,85.25461538461538,132.33461538461538,13
edf12,edf12_15,15,UNDEFINED,UNDEFINED,IMG_18,UNDEFINED,3.5176923076923075,44.46153846153846,122.33230769230771,363.74307692307684,13
edf12,edf12_16,16,UNDEFINED,UNDEFINED,IMG_17,UNDEFINED,2.964,32.8,79.49266666666668,119.32799999999999,15
edf12,edf12_17,17,UNDEFINED,UNDEFINED,IMG_06,UNDEFINED,2.1830000000000003,27.8,69.045,106.31099999999999,10
edf12,edf12_18,18,UNDEFINED,UNDEFINED,IMG_03,UNDEFINED,3.859333333333334,42.0,99.29466666666669,176.62066666666666,15
edf12,edf12_19,19,exp_images/sentences/noagent_women_letter.jpg,PNA,IMG_17,STIM_107,1.466,23.6,56.782000000000004,87.876,5
edf12,edf12_2,2,UNDEFINED,UNDEFINED,IMG_09,UNDEFINED,2.185,51.0,120.19714285714284,381.1392857142858,14
edf12,edf12_20,20,exp_images/sentences/noagent_boy_bucket.jpg,PNA,IMG_09,STIM_99,4.84875,71.0,159.42749999999998,745.77625,8
edf12,edf12_21,21,exp_images/sentences/noagent_woman_clothes.jpg,PNA,IMG_06,STIM_96,1.8310000000000002,38.6,89.489,304.06700000000006,10
edf12,edf12_22,22,exp_images/sentences/Closed-door.jpg,ACT,IMG_10,STIM_10,1.32375,47.25,97.46124999999998,369.50625,8
edf12,edf12_23,23,exp_images/sentences/Lamp.jpg,ACT,IMG_01,STIM_01,2.1577777777777776,27.11111111111111,74.04333333333334,119.30000000000001,9
edf12,edf12_24,24,exp_images/sentences/Washed-scooter.jpg,ACT,IMG_14,STIM_14,3.6928571428571435,44.857142857142854,112.51285714285714,321.0335714285714,14
edf12,edf12_25,25,exp_images/sentences/Pushed-box-passive.jpg,PWA,IMG_05,STIM_23,2.88,31.8,83.701,129.83,10
edf12,edf12_26,26,exp_images/sentences/Sapling-passive.jpg,PWA,IMG_03,STIM_21,3.4,58.0,117.57333333333334,304.8446666666667,15
edf12,edf12_27,27,exp_images/sentences/Shrub-passive.jpg,PWA,IMG_04,STIM_22,2.82,44.46153846153846,94.18692307692307,250.1384615384615,13
edf12,edf12_28,28,exp_images/sentences/Dog-dug-woa.jpg,PNA,IMG_13,STIM_49,3.1385714285714292,32.714285714285715,88.38214285714287,147.60642857142855,14
edf12,edf12_29,29,exp_images/sentences/Frisbee-woa.jpg,PNA,IMG_12,STIM_48,2.423076923076923,41.07692307692308,102.1869230769231,313.79,13
edf12,edf12_3,3,UNDEFINED,UNDEFINED,IMG_02,UNDEFINED,3.17,31.11111111111111,87.8111111111111,141.79888888888888,9
edf12,edf12_30,30,exp_images/sentences/Tabla-woa.jpg,PNA,IMG_11,STIM_47,2.589375,28.625,72.269375,111.698125,16
edf12,edf12_31,31,exp_images/sentences/active_artist_picture.jpg,ACT,IMG_07,STIM_61,2.7053846153846144,43.69230769230769,98.58153846153847,334.036923076923,13
edf12,edf12_32,32,exp_images/sentences/active_girl_cake.jpg,ACT,IMG_15,STIM_69,2.160769230769231,60.76923076923077,108.12461538461538,347.7769230769232,13
edf12,edf12_33,33,exp_images/sentences/active_girl_window.jpg,ACT,IMG_02,STIM_56,2.63,44.8,115.20000000000002,346.05999999999995,10
edf12,edf12_34,34,exp_images/sentences/passive_girl_dog.jpg,PWA,IMG_16,STIM_88,3.4130769230769236,52.30769230769231,100.5153846153846,327.6553846153847,13
edf12,edf12_35,35,exp_images/sentences/passive_boy_vegetables.jpg,PWA,IMG_18,STIM_90,3.7437500000000004,59.5,132.17624999999998,512.28125,8
edf12,edf12_36,36,exp_images/sentences/passive_boy_vase.jpg,PWA,IMG_08,STIM_80,8.998333333333333,72.0,145.49666666666667,399.40833333333336,12
edf12,edf12_4,4,UNDEFINED,UNDEFINED,IMG_16,UNDEFINED,2.654285714285714,29.428571428571427,75.95142857142856,123.48285714285713,7
edf12,edf12_5,5,UNDEFINED,UNDEFINED,IMG_05,UNDEFINED,2.0100000000000002,39.69230769230769,89.98923076923076,154.99384615384614,13
edf12,edf12_6,6,UNDEFINED,UNDEFINED,IMG_12,UNDEFINED,3.088235294117647,30.58823529411765,87.59294117647059,137.50941176470587,17
edf12,edf12_7,7,UNDEFINED,UNDEFINED,IMG_10,UNDEFINED,1.2037499999999999,39.0,101.42125,416.39,8
edf12,edf12_8,8,UNDEFINED,UNDEFINED,IMG_13,UNDEFINED,2.9258333333333333,31.0,89.22500000000001,135.83416666666668,12
edf12,edf12_9,9,UNDEFINED,UNDEFINED,IMG_07,UNDEFINED,2.6223076923076927,40.92307692307692,121.46615384615387,341.4353846153846,13
edf13,edf13_1,1,UNDEFINED,UNDEFINED,IMG_02,UNDEFINED,3.057619047619047,32.285714285714285,82.49380952380953,141.71619047619046,21
edf13,edf13_10,10,UNDEFINED,UNDEFINED,IMG_17,UNDEFINED,4.4575,62.125,146.51625,415.41249999999997,16
edf13,edf13_11,11,UNDEFINED,UNDEFINED,IMG_07,UNDEFINED,4.36,38.285714285714285,99.86857142857141,181.34214285714282,14
edf13,edf13_12,12,UNDEFINED,UNDEFINED,IMG_12,UNDEFINED,4.293529411764706,38.11764705882353,98.38470588235295,170.39058823529413,17
edf13,edf13_13,13,UNDEFINED,UNDEFINED,IMG_09,UNDEFINED,3.35,33.333333333333336,98.99333333333334,178.57333333333335,3
edf13,edf13_14,14,UNDEFINED,UNDEFINED,IMG_04,UNDEFINED,3.8100000000000005,56.94117647058823,156.2329411764706,474.51235294117646,17
edf13,edf13_15,15,UNDEFINED,UNDEFINED,IMG_10,UNDEFINED,2.8405882352941174,36.0,127.10055555555557,237.60666666666668,18
edf13,edf13_16,16,UNDEFINED,UNDEFINED,IMG_18,UNDEFINED,2.612222222222222,28.555555555555557,74.35222222222222,123.14444444444446,18
edf13,edf13_17,17,UNDEFINED,UNDEFINED,IMG_06,UNDEFINED,2.8960000000000004,74.13333333333334,193.74266666666665,634.0300000000001,15
edf13,edf13_18,18,UNDEFINED,UNDEFINED,IMG_16,UNDEFINED,4.3772222222222235,51.22222222222222,118.8872222222222,308.4772222222222,18
edf13,edf13_19,19,exp_images/sentences/Tabla.jpg,ACT,IMG_11,STIM_11,3.7425,61.25,139.794375,530.8718749999999,16
edf13,edf13_2,2,UNDEFINED,UNDEFINED,IMG_14,UNDEFINED,3.8428571428571425,33.333333333333336,98.37238095238096,173.58190476190478,21
edf13,edf13_20,20,exp_images/sentences/Closed-door.jpg,ACT,IMG_10,STIM_10,3.1833333333333327,59.06666666666667,185.20333333333338,606.4453333333332,15
edf13,edf13_21,21,exp_images/sentences/Bucket.jpg,ACT,IMG_09,STIM_09,2.532222222222222,54.0,135.82555555555555,503.1922222222222,9
edf13,edf13_22,22,exp_images/sentences/Fed-dog-passive.jpg,PWA,IMG_16,STIM_34,4.2837499999999995,61.875,156.90062500000002,569.2156249999999,16
edf13,edf13_23,23,exp_images/sentences/Washed-scooter-passive.jpg,PWA,IMG_14,STIM_32,7.862000000000001,63.333333333333336,158.31,426.4746666666667,15
edf13,edf13_24,24,exp_images/sentences/Painting-passive.jpg,PWA,IMG_07,STIM_25,4.512857142857143,76.28571428571429,162.98285714285717,571.6985714285713,14
edf13,edf13_25,25,exp_images/sentences/Sapling-woa.jpg,PNA,IMG_03,STIM_39,3.453333333333333,34.666666666666664,95.59250000000002,158.84083333333334,12
edf13,edf13_26,26,exp_images/sentences/Frisbee-woa.jpg,PNA,IMG_12,STIM_48,3.772142857142857,55.0,120.41,304.51642857142855,14
edf13,edf13_27,27,exp_images/sentences/Vase-woa.jpg,PNA,IMG_08,STIM_44,2.2800000000000002,64.4,142.79199999999997,540.5266666666666,15
edf13,edf13_28,28,exp_images/sentences/active_man_box.jpg,ACT,IMG_05,STIM_59,4.160666666666667,77.46666666666667,174.9226666666667,506.9733333333334,15
edf13,edf13_29,29,exp_images/sentences/active_man_shrub.jpg,ACT,IMG_04,STIM_58,2.825,31.0,87.82249999999999,136.25,4
edf13,edf13_3,3,UNDEFINED,UNDEFINED,IMG_15,UNDEFINED,2.5977777777777775,40.0,110.61555555555556,289.895,18
edf13,edf13_30,30,exp_images/sentences/active_girl_window.jpg,ACT,IMG_02,STIM_56,2.47625,52.875,97.10249999999999,320.741875,16
edf13,edf13_31,31,exp_images/sentences/passive_dog_hole.jpg,PWA,IMG_13,STIM_85,3.028571428571428,32.0,89.79428571428572,141.84857142857143,7
edf13,edf13_32,32,exp_images/sentences/passive_boy_vegetables.jpg,PWA,IMG_18,STIM_90,2.4,50.5,84.101875,144.77437500000002,16
edf13,edf13_35,35,exp_images/sentences/noagent_women_letter.jpg,PNA,IMG_17,STIM_107,2.3969230769230774,80.76923076923077,202.24461538461537,579.9169230769231,13
edf13,edf13_36,36,exp_images/sentences/noagent_girl_lamp.jpg,PNA,IMG_01,STIM_91,2.6766666666666663,51.666666666666664,141.21500000000003,382.5305555555556,18
edf13,edf13_4,4,UNDEFINED,UNDEFINED,IMG_11,UNDEFINED,2.727727272727272,31.545454545454547,78.01772727272729,132.86272727272728,22
edf13,edf13_5,5,UNDEFINED,UNDEFINED,IMG_08,UNDEFINED,2.0166666666666666,27.142857142857142,67.53523809523809,110.72761904761903,21
edf13,edf13_6,6,UNDEFINED,UNDEFINED,IMG_01,UNDEFINED,3.49578947368421,34.73684210526316,91.09736842105262,162.8436842105263,19
edf13,edf13_7,7,UNDEFINED,UNDEFINED,IMG_13,UNDEFINED,3.072857142857143,31.428571428571427,89.24428571428572,148.7271428571428,21
edf13,edf13_8,8,UNDEFINED,UNDEFINED,IMG_03,UNDEFINED,3.1984999999999997,31.9,86.012,150.08100000000002,20
edf13,edf13_9,9,UNDEFINED,UNDEFINED,IMG_05,UNDEFINED,3.565555555555555,45.22222222222222,116.2838888888889,269.1566666666666,18
edf14,edf14_1,1,UNDEFINED,UNDEFINED,IMG_08,UNDEFINED,1.6200000000000003,24.857142857142858,61.25142857142856,86.48357142857142,14
edf14,edf14_10,10,UNDEFINED,UNDEFINED,IMG_16,UNDEFINED,3.2160000000000006,43.2,107.47866666666667,274.5166666666666,15
edf14,edf14_11,11,UNDEFINED,UNDEFINED,IMG_06,UNDEFINED,2.2614285714285716,54.0,108.76142857142857,350.7707142857143,14
edf14,edf14_12,12,UNDEFINED,UNDEFINED,IMG_01,UNDEFINED,3.2216666666666662,33.111111111111114,89.55777777777777,144.4288888888889,18
edf14,edf14_13,13,UNDEFINED,UNDEFINED,IMG_18,UNDEFINED,2.51375,43.125,92.0175,223.535,16
edf14,edf14_14,14,UNDEFINED,UNDEFINED,IMG_13,UNDEFINED,3.3272222222222223,40.77777777777778,107.2438888888889,257.20111111111123,18
edf14,edf14_15,15,UNDEFINED,UNDEFINED,IMG_14,UNDEFINED,4.19,57.875,129.27125,401.97187500000007,16
edf14,edf14_16,16,UNDEFINED,UNDEFINED,IMG_05,UNDEFINED,3.265333333333333,47.06666666666667,111.714,242.08999999999997,15
edf14,edf14_17,17,UNDEFINED,UNDEFINED,IMG_02,UNDEFINED,4.144705882352942,43.88235294117647,109.97058823529413,210.05764705882356,17
edf14,edf14_18,18,UNDEFINED,UNDEFINED,IMG_10,UNDEFINED,2.4121428571428574,40.714285714285715,97.36142857142856,262.3578571428571,14
edf14,edf14_19,19,exp_images/sentences/Tabla-passive.jpg,PWA,IMG_11,STIM_29,2.4284615384615384,42.30769230769231,96.39692307692309,247.52076923076922,13
edf14,edf14_2,2,UNDEFINED,UNDEFINED,IMG_03,UNDEFINED,2.938571428571428,30.714285714285715,87.4492857142857,134.74214285714288,14
edf14,edf14_20,20,exp_images/sentences/Closed-door-passive.jpg,PWA,IMG_10,STIM_28,2.867857142857143,47.857142857142854,101.72785714285715,296.8735714285714,14
edf14,edf14_21,21,exp_images/sentences/Bucket-passive.jpg,PWA,IMG_09,STIM_27,1.7292857142857143,25.857142857142858,63.327857142857134,91.91642857142857,14
edf14,edf14_22,22,exp_images/sentences/Fed-dog-woa.jpg,PNA,IMG_16,STIM_52,2.789090909090909,53.45454545454545,90.3190909090909,307.76,11
edf14,edf14_23,23,exp_images/sentences/Washed-scooter-woa.jpg,PNA,IMG_14,STIM_50,3.068666666666666,42.8,106.55199999999999,257.27333333333337,15
edf14,edf14_24,24,exp_images/sentences/Painting-woa.jpg,PNA,IMG_07,STIM_43,2.5933333333333333,37.38461538461539,95.33230769230771,239.48,13
edf14,edf14_25,25,exp_images/sentences/active_girl_sapling.jpg,ACT,IMG_03,STIM_57,2.9525,45.833333333333336,92.45916666666666,303.47416666666663,12
edf14,edf14_26,26,exp_images/sentences/active_child_frisbee.jpg,ACT,IMG_12,STIM_66,2.6236363636363635,29.09090909090909,80.54909090909089,124.06363636363635,11
edf14,edf14_27,27,exp_images/sentences/active_boy_vase.jpg,ACT,IMG_08,STIM_62,2.205263157894737,33.578947368421055,83.18473684210528,147.49157894736842,19
edf14,edf14_28,28,exp_images/sentences/passive_man_box.jpg,PWA,IMG_05,STIM_77,3.5319999999999996,43.86666666666667,106.88400000000001,226.22200000000004,15
edf14,edf14_29,29,exp_images/sentences/passive_man_shrub.jpg,PWA,IMG_04,STIM_76,2.8536363636363635,30.727272727272727,86.11636363636363,131.44636363636366,11
edf14,edf14_3,3,UNDEFINED,UNDEFINED,IMG_04,UNDEFINED,2.664166666666666,31.0,82.79166666666667,122.09166666666668,12
edf14,edf14_30,30,exp_images/sentences/passive_girl_window.jpg,PWA,IMG_02,STIM_74,2.3800000000000003,27.5,79.36333333333334,119.23500000000001,12
edf14,edf14_31,31,exp_images/sentences/noagent_dog_hole.jpg,PNA,IMG_13,STIM_103,2.72,42.8,97.51866666666666,226.70133333333337,15
edf14,edf14_32,32,exp_images/sentences/noagent_boy_vegetables.jpg,PNA,IMG_18,STIM_108,2.683333333333333,51.55555555555556,84.84111111111112,146.24888888888887,9
edf14,edf14_33,33,exp_images/sentences/noagent_girl_cake.jpg,PNA,IMG_15,STIM_105,2.048,45.2,83.885,226.22899999999998,10
edf14,edf14_34,34,exp_images/sentences/Folded-clothes.jpg,ACT,IMG_06,STIM_06,2.176428571428571,51.285714285714285,94.93785714285715,326.15214285714285,14
edf14,edf14_35,35,exp_images/sentences/Letter.jpg,ACT,IMG_17,STIM_17,3.1766666666666663,34.333333333333336,88.62333333333333,138.5925,12
edf14,edf14_36,36,exp_images/sentences/Lamp.jpg,ACT,IMG_01,STIM_01,3.367777777777777,39.666666666666664,90.41666666666667,161.04611111111112,18
edf14,edf14_4,4,UNDEFINED,UNDEFINED,IMG_07,UNDEFINED,2.7123076923076925,43.23076923076923,106.76230769230772,244.05230769230772,13
edf14,edf14_5,5,UNDEFINED,UNDEFINED,IMG_15,UNDEFINED,1.93,26.76923076923077,68.21846153846153,96.16,13
edf14,edf14_6,6,UNDEFINED,UNDEFINED,IMG_09,UNDEFINED,1.5764285714285715,24.428571428571427,61.79214285714285,87.125,14
edf14,edf14_7,7,UNDEFINED,UNDEFINED,IMG_11,UNDEFINED,2.724444444444444,31.0,82.81555555555556,130.88444444444445,18
edf14,edf14_8,8,UNDEFINED,UNDEFINED,IMG_12,UNDEFINED,3.3613333333333335,34.8,93.07600000000001,149.95199999999997,15
edf14,edf14_9,9,UNDEFINED,UNDEFINED,IMG_17,UNDEFINED,3.771666666666667,46.833333333333336,113.35833333333335,268.12333333333333,12
edf15,edf15_1,1,UNDEFINED,UNDEFINED,IMG_15,UNDEFINED,3.2478571428571423,33.142857142857146,89.28642857142857,144.57785714285714,14
edf15,edf15_10,10,UNDEFINED,UNDEFINED,IMG_16,UNDEFINED,3.021,32.6,84.9595,130.80949999999999,20
edf15,edf15_11,11,UNDEFINED,UNDEFINED,IMG_17,UNDEFINED,2.092857142857143,27.428571428571427,66.16214285714287,96.46642857142857,14
edf15,edf15_12,12,UNDEFINED,UNDEFINED,IMG_04,UNDEFINED,3.5823529411764703,40.8235294117647,108.00941176470587,291.5782352941177,17
edf15,edf15_13,13,UNDEFINED,UNDEFINED,IMG_01,UNDEFINED,2.3144999999999993,28.3,73.85499999999999,109.70899999999999,20
edf15,edf15_14,14,UNDEFINED,UNDEFINED,IMG_06,UNDEFINED,2.305333333333333,61.46666666666667,147.21333333333334,545.8366666666667,15
edf15,edf15_15,15,UNDEFINED,UNDEFINED,IMG_18,UNDEFINED,2.526666666666666,36.0,88.91133333333332,238.21266666666665,15
edf15,edf15_16,16,UNDEFINED,UNDEFINED,IMG_07,UNDEFINED,3.176111111111111,50.333333333333336,124.21666666666664,400.45388888888897,18
edf15,edf15_17,17,UNDEFINED,UNDEFINED,IMG_05,UNDEFINED,2.6545,30.7,77.8035,120.34399999999998,20
edf15,edf15_18,18,UNDEFINED,UNDEFINED,IMG_08,UNDEFINED,2.5905882352941174,36.8235294117647,90.05705882352943,192.84411764705888,17
edf15,edf15_19,19,exp_images/sentences/Tabla-woa.jpg,PNA,IMG_11,STIM_47,3.014705882352941,32.588235294117645,86.78941176470587,137.41470588235296,17
edf15,edf15_2,2,UNDEFINED,UNDEFINED,IMG_14,UNDEFINED,3.183333333333333,32.857142857142854,86.48238095238094,134.37190476190477,21
edf15,edf15_20,20,exp_images/sentences/Closed-door-woa.jpg,PNA,IMG_10,STIM_46,1.8099999999999996,31.09090909090909,80.23727272727274,127.48181818181818,11
edf15,edf15_21,21,exp_images/sentences/Bucket-woa.jpg,PNA,IMG_09,STIM_45,1.798888888888889,26.11111111111111,61.25277777777779,92.71333333333334,18
edf15,edf15_22,22,exp_images/sentences/active_girl_dog.jpg,ACT,IMG_16,STIM_70,3.5164999999999997,33.6,91.4375,148.737,20
edf15,edf15_23,23,exp_images/sentences/active_driver_scooter.jpg,ACT,IMG_14,STIM_68,3.758421052631579,34.421052631578945,97.48894736842107,165.00894736842105,19
edf15,edf15_24,24,exp_images/sentences/active_artist_picture.jpg,ACT,IMG_07,STIM_61,3.325714285714285,54.476190476190474,120.3804761904762,342.93047619047627,21
edf15,edf15_25,25,exp_images/sentences/passive_girl_sapling.jpg,PWA,IMG_03,STIM_75,3.073076923076923,44.0,91.28461538461539,224.38153846153844,13
edf15,edf15_26,26,exp_images/sentences/passive_child_frisbee.jpg,PWA,IMG_12,STIM_84,3.1976923076923076,49.84615384615385,116.62769230769229,289.67384615384617,13
edf15,edf15_27,27,exp_images/sentences/passive_boy_vase.jpg,PWA,IMG_08,STIM_80,2.5042857142857144,39.285714285714285,88.89714285714285,206.7485714285714,14
edf15,edf15_28,28,exp_images/sentences/noagent_man_box.jpg,PNA,IMG_05,STIM_95,2.655238095238095,44.857142857142854,116.58190476190478,361.8528571428572,21
edf15,edf15_29,29,exp_images/sentences/noagent_man_shrub.jpg,PNA,IMG_04,STIM_94,3.005294117647059,31.294117647058822,84.20941176470588,137.96647058823532,17
edf15,edf15_3,3,UNDEFINED,UNDEFINED,IMG_12,UNDEFINED,3.81,36.333333333333336,98.15888888888887,158.16722222222222,18
edf15,edf15_30,30,exp_images/sentences/noagent_girl_window.jpg,PNA,IMG_02,STIM_92,3.73,68.875,131.92687500000002,507.13062499999995,16
edf15,edf15_31,31,exp_images/sentences/Dog-dug.jpg,ACT,IMG_13,STIM_13,2.751052631578947,47.473684210526315,129.5457894736842,409.1036842105263,19
edf15,edf15_32,32,exp_images/sentences/Veg.jpg,ACT,IMG_18,STIM_18,2.9612499999999997,57.125,99.88124999999998,273.315625,16
edf15,edf15_33,33,exp_images/sentences/Cake.jpg,ACT,IMG_15,STIM_15,2.733157894736842,32.63157894736842,79.40157894736842,135.208947368421,19
edf15,edf15_34,34,exp_images/sentences/Folded-clothes-passive.jpg,PWA,IMG_06,STIM_24,2.63,51.64705882352941,112.04411764705884,392.75294117647064,17
edf15,edf15_35,35,exp_images/sentences/Letter-passive.jpg,PWA,IMG_17,STIM_35,2.2100000000000004,28.8,71.11933333333332,116.14066666666668,15
edf15,edf15_36,36,exp_images/sentences/Lamp-passive.jpg,PWA,IMG_01,STIM_19,2.816842105263158,37.473684210526315,86.27842105263159,188.7921052631579,19
edf15,edf15_4,4,UNDEFINED,UNDEFINED,IMG_10,UNDEFINED,1.9500000000000002,40.333333333333336,121.92166666666668,344.6683333333333,18
edf15,edf15_5,5,UNDEFINED,UNDEFINED,IMG_13,UNDEFINED,2.646,30.9,79.053,121.104,20
edf15,edf15_6,6,UNDEFINED,UNDEFINED,IMG_02,UNDEFINED,2.8776470588235297,44.588235294117645,128.34764705882353,427.5341176470588,17
edf15,edf15_7,7,UNDEFINED,UNDEFINED,IMG_09,UNDEFINED,2.0991666666666666,37.166666666666664,104.2675,235.14416666666668,12
edf15,edf15_8,8,UNDEFINED,UNDEFINED,IMG_11,UNDEFINED,2.8790476190476193,36.0,87.71571428571428,164.60285714285715,21
edf15,edf15_9,9,UNDEFINED,UNDEFINED,IMG_03,UNDEFINED,3.0205,31.2,83.08849999999998,130.07300000000004,20
edf16,edf16_1,1,UNDEFINED,UNDEFINED,IMG_17,UNDEFINED,3.1872727272727275,42.36363636363637,139.86,401.3663636363636,11
edf16,edf16_10,10,UNDEFINED,UNDEFINED,IMG_05,UNDEFINED,3.1320000000000006,39.6,112.228,211.78699999999998,10
edf16,edf16_11,11,UNDEFINED,UNDEFINED,IMG_06,UNDEFINED,2.838333333333333,52.0,158.25666666666666,607.7633333333333,6
edf16,edf16_12,12,UNDEFINED,UNDEFINED,IMG_02,UNDEFINED,4.022,37.2,103.91,175.77599999999998,5
edf16,edf16_13,13,UNDEFINED,UNDEFINED,IMG_04,UNDEFINED,4.1579999999999995,40.0,97.761,158.00199999999998,10
edf16,edf16_14,14,UNDEFINED,UNDEFINED,IMG_10,UNDEFINED,1.9899999999999998,51.0,152.64749999999998,339.95500000000004,4
edf16,edf16_15,15,UNDEFINED,UNDEFINED,IMG_01,UNDEFINED,4.345714285714286,52.714285714285715,199.91571428571433,633.4321428571429,14
edf16,edf16_16,16,UNDEFINED,UNDEFINED,IMG_13,UNDEFINED,3.5149999999999997,33.0,102.2775,167.3875,4
edf16,edf16_17,17,UNDEFINED,UNDEFINED,IMG_12,UNDEFINED,3.783333333333333,39.0,90.46666666666665,143.50333333333333,6
edf16,edf16_18,18,UNDEFINED,UNDEFINED,IMG_15,UNDEFINED,2.69,62.8,169.252,654.406,5
edf16,edf16_19,19,exp_images/sentences/active_child_tabla.jpg,ACT,IMG_11,STIM_65,4.013999999999999,52.4,129.078,235.51000000000005,10
edf16,edf16_2,2,UNDEFINED,UNDEFINED,IMG_16,UNDEFINED,4.379090909090909,41.45454545454545,99.9372727272727,164.06454545454545,11
edf16,edf16_20,20,exp_images/sentences/active_boy_door.jpg,ACT,IMG_10,STIM_64,1.2285714285714284,48.0,177.93,624.4185714285715,7
edf16,edf16_21,21,exp_images/sentences/active_boy_bucket.jpg,ACT,IMG_09,STIM_63,1.28,146.0,368.67,1006.3,1
edf16,edf16_22,22,exp_images/sentences/passive_girl_dog.jpg,PWA,IMG_16,STIM_88,2.5144444444444445,41.77777777777778,121.3188888888889,363.29,9
edf16,edf16_23,23,exp_images/sentences/passive_driver_scooter.jpg,PWA,IMG_14,STIM_86,4.135,36.0,110.18875,182.36625,8
edf16,edf16_24,24,exp_images/sentences/passive_artist_picture.jpg,PWA,IMG_07,STIM_79,1.802,50.8,161.21800000000002,559.2320000000001,5
edf16,edf16_25,25,exp_images/sentences/noagent_girl_sapling.jpg,PNA,IMG_03,STIM_93,2.847142857142857,46.0,127.66714285714286,490.0371428571429,7
edf16,edf16_26,26,exp_images/sentences/noagent_child_frisbee.jpg,PNA,IMG_12,STIM_102,3.2222222222222223,48.666666666666664,116.95444444444443,457.431111111111,9
edf16,edf16_27,27,exp_images/sentences/noagent_boy_vase.jpg,PNA,IMG_08,STIM_98,1.538,74.8,233.012,1124.2359999999999,5
edf16,edf16_28,28,exp_images/sentences/Pushed-box.jpg,ACT,IMG_05,STIM_05,2.5855555555555556,58.44444444444444,163.07333333333335,533.4777777777776,9
edf16,edf16_29,29,exp_images/sentences/Shrub.jpg,ACT,IMG_04,STIM_04,2.412857142857143,49.714285714285715,129.20428571428573,503.9342857142857,7
edf16,edf16_3,3,UNDEFINED,UNDEFINED,IMG_07,UNDEFINED,3.4958823529411767,34.11764705882353,86.84411764705884,152.33647058823527,17
edf16,edf16_30,30,exp_images/sentences/Window.jpg,ACT,IMG_02,STIM_02,2.6300000000000003,50.888888888888886,220.68888888888893,758.8677777777777,9
edf16,edf16_31,31,exp_images/sentences/Dog-dug-passive.jpg,PWA,IMG_13,STIM_31,1.9899999999999995,76.66666666666667,197.42166666666665,1047.605,6
edf16,edf16_32,32,exp_images/sentences/Veg-passive.jpg,PWA,IMG_18,STIM_36,5.1675,72.0,189.3125,856.5075,4
edf16,edf16_33,33,exp_images/sentences/Cake-passive.jpg,PWA,IMG_15,STIM_33,2.1149999999999998,51.666666666666664,163.69666666666666,598.6983333333334,6
edf16,edf16_34,34,exp_images/sentences/Folded-clothes-woa.jpg,PNA,IMG_06,STIM_42,3.378,62.0,206.95999999999998,734.1099999999999,5
edf16,edf16_35,35,exp_images/sentences/Letter-woa.jpg,PNA,IMG_17,STIM_53,3.2325,89.5,151.475,492.30749999999995,4
edf16,edf16_36,36,exp_images/sentences/Lamp-woa.jpg,PNA,IMG_01,STIM_37,1.99875,43.5,134.64624999999998,435.7674999999999,8
edf16,edf16_4,4,UNDEFINED,UNDEFINED,IMG_09,UNDEFINED,2.581818181818182,40.72727272727273,134.04363636363635,346.17090909090905,11
edf16,edf16_5,5,UNDEFINED,UNDEFINED,IMG_14,UNDEFINED,4.411333333333332,47.46666666666667,124.06933333333332,227.13400000000001,15
edf16,edf16_6,6,UNDEFINED,UNDEFINED,IMG_18,UNDEFINED,3.6350000000000002,51.75,122.86999999999999,244.74875,8
edf16,edf16_7,7,UNDEFINED,UNDEFINED,IMG_11,UNDEFINED,3.872,63.0,165.304,479.838,10
edf16,edf16_8,8,UNDEFINED,UNDEFINED,IMG_03,UNDEFINED,3.325,49.6,139.11399999999998,318.852,10
edf16,edf16_9,9,UNDEFINED,UNDEFINED,IMG_08,UNDEFINED,2.89125,31.25,88.61375,143.83624999999998,8
edf17,edf17_1,1,UNDEFINED,UNDEFINED,IMG_02,UNDEFINED,3.574615384615384,36.15384615384615,93.17692307692306,158.69923076923078,13
edf17,edf17_10,10,UNDEFINED,UNDEFINED,IMG_15,UNDEFINED,2.145,28.0,74.115,120.21,2
edf17,edf17_11,11,UNDEFINED,UNDEFINED,IMG_16,UNDEFINED,3.4819999999999998,33.333333333333336,94.788,152.206,15
edf17,edf17_12,12,UNDEFINED,UNDEFINED,IMG_06,UNDEFINED,2.3766666666666665,68.83333333333333,116.37583333333335,221.62666666666667,12
edf17,edf17_13,13,UNDEFINED,UNDEFINED,IMG_13,UNDEFINED,3.295,33.333333333333336,86.99555555555555,148.8377777777778,18
edf17,edf17_14,14,UNDEFINED,UNDEFINED,IMG_10,UNDEFINED,2.5766666666666667,28.666666666666668,84.23333333333333,143.32666666666665,3
edf17,edf17_15,15,UNDEFINED,UNDEFINED,IMG_18,UNDEFINED,3.8579999999999997,37.2,95.68199999999999,149.562,5
edf17,edf17_16,16,UNDEFINED,UNDEFINED,IMG_07,UNDEFINED,4.421333333333333,37.733333333333334,102.76333333333332,168.29866666666666,15
edf17,edf17_17,17,UNDEFINED,UNDEFINED,IMG_03,UNDEFINED,3.3676470588235294,35.411764705882355,88.32705882352941,145.04705882352943,17
edf17,edf17_18,18,UNDEFINED,UNDEFINED,IMG_05,UNDEFINED,3.1458333333333335,31.5,89.68666666666667,144.70916666666668,12
edf17,edf17_19,19,exp_images/sentences/passive_child_tabla.jpg,PWA,IMG_11,STIM_83,3.983125,43.64705882352941,129.56294117647056,342.1347058823529,17
edf17,edf17_2,2,UNDEFINED,UNDEFINED,IMG_08,UNDEFINED,3.561764705882353,36.0,86.73294117647058,145.32705882352937,17
edf17,edf17_20,20,exp_images/sentences/passive_boy_door.jpg,PWA,IMG_10,STIM_82,2.4655555555555555,75.55555555555556,114.7988888888889,242.7788888888889,9
edf17,edf17_21,21,exp_images/sentences/passive_boy_bucket.jpg,PWA,IMG_09,STIM_81,1.9009090909090909,40.90909090909091,79.16545454545454,146.29454545454547,11
edf17,edf17_22,22,exp_images/sentences/noagent_girl_dog.jpg,PNA,IMG_16,STIM_106,3.9957142857142856,37.857142857142854,104.67857142857143,170.18285714285713,14
edf17,edf17_23,23,exp_images/sentences/noagent_driver_scooter.jpg,PNA,IMG_14,STIM_104,3.412666666666667,36.53333333333333,85.842,141.42000000000002,15
edf17,edf17_24,24,exp_images/sentences/noagent_artist_picture.jpg,PNA,IMG_07,STIM_97,3.6907142857142863,35.0,88.32285714285715,142.78857142857143,14
edf17,edf17_25,25,exp_images/sentences/Sapling.jpg,ACT,IMG_03,STIM_03,3.670833333333333,51.333333333333336,104.38666666666666,189.30583333333337,12
edf17,edf17_26,26,exp_images/sentences/Frisbee.jpg,ACT,IMG_12,STIM_12,3.582499999999999,44.46153846153846,111.24307692307693,200.24153846153848,13
edf17,edf17_27,27,exp_images/sentences/Vase.jpg,ACT,IMG_08,STIM_08,2.54,51.75,100.66875000000002,194.9325,8
edf17,edf17_28,28,exp_images/sentences/Pushed-box-passive.jpg,PWA,IMG_05,STIM_23,1.6225,42.25,83.01625,152.2975,8
edf17,edf17_29,29,exp_images/sentences/Shrub-passive.jpg,PWA,IMG_04,STIM_22,2.98,42.94736842105263,86.03684210526315,146.0742105263158,19
edf17,edf17_3,3,UNDEFINED,UNDEFINED,IMG_01,UNDEFINED,3.2866666666666666,32.666666666666664,88.09733333333334,148.17933333333335,15
edf17,edf17_30,30,exp_images/sentences/Window-passive.jpg,PWA,IMG_02,STIM_20,2.59,29.647058823529413,78.07000000000001,127.89764705882354,17
edf17,edf17_31,31,exp_images/sentences/Dog-dug-woa.jpg,PNA,IMG_13,STIM_49,3.007333333333334,53.06666666666667,88.58200000000001,161.422,15
edf17,edf17_32,32,exp_images/sentences/Veg-woa.jpg,PNA,IMG_18,STIM_54,2.36,30.0,75.14,107.17333333333335,6
edf17,edf17_33,33,exp_images/sentences/Cake-woa.jpg,PNA,IMG_15,STIM_51,2.197777777777778,27.555555555555557,77.82777777777777,115.98222222222222,9
edf17,edf17_34,34,exp_images/sentences/active_woman_clothes.jpg,ACT,IMG_06,STIM_60,2.598,54.0,85.06200000000001,163.578,10
edf17,edf17_35,35,exp_images/sentences/active_women_letter.jpg,ACT,IMG_17,STIM_71,2.1115384615384616,28.153846153846153,68.72000000000001,102.09076923076921,13
edf17,edf17_36,36,exp_images/sentences/active_girl_lamp.jpg,ACT,IMG_01,STIM_55,4.1946153846153855,39.84615384615385,100.70692307692308,174.21,13
edf17,edf17_4,4,UNDEFINED,UNDEFINED,IMG_11,UNDEFINED,3.1980000000000004,32.666666666666664,89.85200000000002,148.33800000000002,15
edf17,edf17_5,5,UNDEFINED,UNDEFINED,IMG_12,UNDEFINED,4.542666666666666,39.46666666666667,108.92266666666664,184.06399999999996,15
edf17,edf17_6,6,UNDEFINED,UNDEFINED,IMG_09,UNDEFINED,2.32,47.53846153846154,83.07846153846154,148.27230769230766,13
edf17,edf17_7,7,UNDEFINED,UNDEFINED,IMG_17,UNDEFINED,2.2790909090909093,28.181818181818183,78.5218181818182,120.54909090909092,11
edf17,edf17_8,8,UNDEFINED,UNDEFINED,IMG_14,UNDEFINED,3.5807142857142855,35.42857142857143,87.75,146.23642857142858,14
edf17,edf17_9,9,UNDEFINED,UNDEFINED,IMG_04,UNDEFINED,4.574,37.86666666666667,113.11133333333335,180.12733333333333,15
edf18,edf18_1,1,UNDEFINED,UNDEFINED,IMG_04,UNDEFINED,2.7655555555555558,30.555555555555557,79.76388888888891,136.05444444444444,18
edf18,edf18_10,10,UNDEFINED,UNDEFINED,IMG_12,UNDEFINED,4.049444444444445,59.77777777777778,168.02722222222224,611.1805555555554,18
edf18,edf18_11,11,UNDEFINED,UNDEFINED,IMG_05,UNDEFINED,3.2837500000000004,45.75,97.69999999999999,303.646875,16
edf18,edf18_12,12,UNDEFINED,UNDEFINED,IMG_03,UNDEFINED,3.1876923076923074,62.15384615384615,156.24307692307693,516.5546153846154,13
edf18,edf18_13,13,UNDEFINED,UNDEFINED,IMG_17,UNDEFINED,2.496153846153846,53.07692307692308,148.43153846153848,525.9392307692308,13
edf18,edf18_14,14,UNDEFINED,UNDEFINED,IMG_14,UNDEFINED,2.8017647058823525,32.588235294117645,79.80823529411767,137.1729411764706,17
edf18,edf18_15,15,UNDEFINED,UNDEFINED,IMG_06,UNDEFINED,2.4766666666666666,39.86666666666667,91.93333333333335,267.7393333333333,15
edf18,edf18_16,16,UNDEFINED,UNDEFINED,IMG_02,UNDEFINED,2.933684210526316,41.578947368421055,114.00578947368422,298.7557894736842,19
edf18,edf18_17,17,UNDEFINED,UNDEFINED,IMG_07,UNDEFINED,2.970952380952381,40.857142857142854,105.10142857142857,260.6561904761905,21
edf18,edf18_18,18,UNDEFINED,UNDEFINED,IMG_10,UNDEFINED,2.810588235294117,42.23529411764706,124.66705882352939,327.25352941176476,17
edf18,edf18_19,19,exp_images/sentences/noagent_child_tabla.jpg,PNA,IMG_11,STIM_101,2.754666666666666,55.733333333333334,155.01466666666664,507.478,15
edf18,edf18_2,2,UNDEFINED,UNDEFINED,IMG_11,UNDEFINED,3.097857142857143,34.57142857142857,81.56642857142857,144.66642857142855,14
edf18,edf18_20,20,exp_images/sentences/noagent_boy_door.jpg,PNA,IMG_10,STIM_100,2.0214285714285714,62.285714285714285,230.40285714285716,744.2771428571428,14
edf18,edf18_21,21,exp_images/sentences/noagent_boy_bucket.jpg,PNA,IMG_09,STIM_99,1.5041666666666667,63.166666666666664,232.36500000000004,789.88,12
edf18,edf18_22,22,exp_images/sentences/Fed-dog.jpg,ACT,IMG_16,STIM_16,2.3493749999999993,56.75,189.90062500000005,627.725,16
edf18,edf18_23,23,exp_images/sentences/Washed-scooter.jpg,ACT,IMG_14,STIM_14,2.328125,49.375,120.07125000000002,432.9325,16
edf18,edf18_24,24,exp_images/sentences/Painting.jpg,ACT,IMG_07,STIM_07,2.896875,53.125,141.335,483.829375,16
edf18,edf18_25,25,exp_images/sentences/Sapling-passive.jpg,PWA,IMG_03,STIM_21,3.444285714285715,56.57142857142857,136.13714285714283,534.0657142857142,14
edf18,edf18_26,26,exp_images/sentences/Frisbee-passive.jpg,PWA,IMG_12,STIM_30,3.6933333333333334,72.83333333333333,162.32000000000002,736.1958333333332,12
edf18,edf18_27,27,exp_images/sentences/Vase-passive.jpg,PWA,IMG_08,STIM_26,2.0657894736842106,53.05263157894737,137.4021052631579,519.0563157894736,19
edf18,edf18_28,28,exp_images/sentences/Pushed-box-woa.jpg,PNA,IMG_05,STIM_41,1.9799999999999998,57.45454545454545,190.3527272727273,638.0136363636364,11
edf18,edf18_29,29,exp_images/sentences/Shrub-woa.jpg,PNA,IMG_04,STIM_40,2.7306250000000003,45.375,100.85312499999999,337.29625,16
edf18,edf18_3,3,UNDEFINED,UNDEFINED,IMG_01,UNDEFINED,2.3649999999999998,36.111111111111114,98.16777777777777,203.94611111111115,18
edf18,edf18_30,30,exp_images/sentences/Window-woa.jpg,PNA,IMG_02,STIM_38,2.2523076923076926,63.38461538461539,173.96615384615384,669.8015384615386,13
edf18,edf18_31,31,exp_images/sentences/active_dog_hole.jpg,ACT,IMG_13,STIM_67,2.620833333333333,61.0,118.51333333333336,306.15500000000003,12
edf18,edf18_32,32,exp_images/sentences/active_boy_vegetables.jpg,ACT,IMG_18,STIM_72,3.075833333333333,46.166666666666664,108.86083333333335,333.74833333333333,12
edf18,edf18_33,33,exp_images/sentences/active_girl_cake.jpg,ACT,IMG_15,STIM_69,1.9316666666666664,69.0,151.77333333333334,649.9158333333335,12
edf18,edf18_34,34,exp_images/sentences/passive_woman_clothes.jpg,PWA,IMG_06,STIM_78,1.66,26.166666666666668,62.52250000000001,92.38416666666666,12
edf18,edf18_35,35,exp_images/sentences/passive_women_letter.jpg,PWA,IMG_17,STIM_89,1.9715384615384617,40.76923076923077,83.01769230769231,207.39538461538461,13
edf18,edf18_36,36,exp_images/sentences/passive_girl_lamp.jpg,PWA,IMG_01,STIM_73,3.5042857142857144,54.0,128.93928571428572,476.7992857142857,14
edf18,edf18_4,4,UNDEFINED,UNDEFINED,IMG_15,UNDEFINED,1.8312499999999998,47.5,166.88875000000002,424.36875000000003,16
edf18,edf18_5,5,UNDEFINED,UNDEFINED,IMG_09,UNDEFINED,2.4936363636363637,31.636363636363637,74.77545454545454,129.68636363636364,11
edf18,edf18_6,6,UNDEFINED,UNDEFINED,IMG_18,UNDEFINED,3.578125,36.625,88.788125,155.23874999999998,16
edf18,edf18_7,7,UNDEFINED,UNDEFINED,IMG_08,UNDEFINED,1.9446153846153846,27.846153846153847,68.0076923076923,113.76923076923077,13
edf18,edf18_8,8,UNDEFINED,UNDEFINED,IMG_13,UNDEFINED,2.767777777777778,32.0,78.10722222222222,140.3983333333333,18
edf18,edf18_9,9,UNDEFINED,UNDEFINED,IMG_16,UNDEFINED,2.904285714285714,44.0,141.55785714285716,354.1557142857142,14
edf19,edf19_1,1,UNDEFINED,UNDEFINED,IMG_03,UNDEFINED,3.430666666666667,34.0,85.21333333333334,126.83199999999998,15
edf19,edf19_10,10,UNDEFINED,UNDEFINED,IMG_06,UNDEFINED,2.01625,27.25,65.65124999999999,79.3075,8
edf19,edf19_11,11,UNDEFINED,UNDEFINED,IMG_05,UNDEFINED,3.2359999999999998,93.4,107.952,715.174,10
edf19,edf19_12,12,UNDEFINED,UNDEFINED,IMG_12,UNDEFINED,4.448181818181819,67.63636363636364,233.63636363636363,579.6745454545454,11
edf19,edf19_13,13,UNDEFINED,UNDEFINED,IMG_01,UNDEFINED,3.4650000000000007,35.4,87.54099999999998,121.458,10
edf19,edf19_14,14,UNDEFINED,UNDEFINED,IMG_15,UNDEFINED,1.2844444444444447,36.666666666666664,129.86111111111111,382.2422222222222,9
edf19,edf19_15,15,UNDEFINED,UNDEFINED,IMG_02,UNDEFINED,2.2422222222222223,29.333333333333332,68.95555555555556,90.63333333333334,9
edf19,edf19_16,16,UNDEFINED,UNDEFINED,IMG_10,UNDEFINED,2.624166666666667,56.666666666666664,188.48583333333332,567.3666666666667,12
edf19,edf19_17,17,UNDEFINED,UNDEFINED,IMG_18,UNDEFINED,1.9528571428571424,39.142857142857146,111.16785714285716,252.5992857142857,14
edf19,edf19_18,18,UNDEFINED,UNDEFINED,IMG_04,UNDEFINED,4.6433333333333335,81.33333333333333,102.84333333333332,379.885,6
edf19,edf19_19,19,exp_images/sentences/Tabla.jpg,ACT,IMG_11,STIM_11,3.436428571428571,47.42857142857143,127.95500000000003,341.3185714285715,14
edf19,edf19_2,2,UNDEFINED,UNDEFINED,IMG_11,UNDEFINED,3.0349999999999997,45.714285714285715,116.40285714285712,315.11857142857144,14
edf19,edf19_20,20,exp_images/sentences/Closed-door.jpg,ACT,IMG_10,STIM_10,1.5244444444444443,24.666666666666668,60.287777777777784,80.54666666666668,9
edf19,edf19_21,21,exp_images/sentences/Bucket.jpg,ACT,IMG_09,STIM_09,1.6871428571428573,36.57142857142857,113.43857142857145,253.18642857142854,14
edf19,edf19_22,22,exp_images/sentences/Fed-dog-passive.jpg,PWA,IMG_16,STIM_34,2.9050000000000002,312.4,476.032,1402.3960000000002,10
edf19,edf19_23,23,exp_images/sentences/Washed-scooter-passive.jpg,PWA,IMG_14,STIM_32,3.3976470588235292,62.8235294117647,216.41058823529414,502.85235294117655,17
edf19,edf19_24,24,exp_images/sentences/Painting-passive.jpg,PWA,IMG_07,STIM_25,4.3753846153846165,160.30769230769232,376.1407692307693,1139.5853846153846,13
edf19,edf19_25,25,exp_images/sentences/Sapling-woa.jpg,PNA,IMG_03,STIM_39,8.32,316.4,643.3109999999999,2105.588,10
edf19,edf19_26,26,exp_images/sentences/Frisbee-woa.jpg,PNA,IMG_12,STIM_48,3.4170000000000003,224.8,445.42600000000004,1414.784,10
edf19,edf19_27,27,exp_images/sentences/Vase-woa.jpg,PNA,IMG_08,STIM_44,2.9725,35.333333333333336,75.75083333333335,100.66416666666667,12
edf19,edf19_28,28,exp_images/sentences/active_man_box.jpg,ACT,IMG_05,STIM_59,2.462727272727273,63.45454545454545,219.62,586.2427272727273,11
edf19,edf19_29,29,exp_images/sentences/active_man_shrub.jpg,ACT,IMG_04,STIM_58,2.65,36.0,144.68888888888887,404.1566666666667,9
edf19,edf19_3,3,UNDEFINED,UNDEFINED,IMG_16,UNDEFINED,4.054666666666667,47.2,137.99466666666666,335.0733333333334,15
edf19,edf19_30,30,exp_images/sentences/active_girl_window.jpg,ACT,IMG_02,STIM_56,2.81,58.25,192.68125,540.7500000000001,8
edf19,edf19_31,31,exp_images/sentences/passive_dog_hole.jpg,PWA,IMG_13,STIM_85,2.408181818181818,51.63636363636363,172.63454545454545,394.56363636363625,11
edf19,edf19_32,32,exp_images/sentences/passive_boy_vegetables.jpg,PWA,IMG_18,STIM_90,3.6755555555555555,128.0,200.89888888888888,1136.52,9
edf19,edf19_33,33,exp_images/sentences/passive_girl_cake.jpg,PWA,IMG_15,STIM_87,3.482,76.4,87.892,238.862,10
edf19,edf19_34,34,exp_images/sentences/noagent_woman_clothes.jpg,PNA,IMG_06,STIM_96,4.842727272727273,100.72727272727273,122.67545454545456,661.0954545454546,11
edf19,edf19_35,35,exp_images/sentences/noagent_women_letter.jpg,PNA,IMG_17,STIM_107,4.818461538461538,146.92307692307693,316.5038461538462,1509.166923076923,13
edf19,edf19_36,36,exp_images/sentences/noagent_girl_lamp.jpg,PNA,IMG_01,STIM_91,1.7033333333333336,31.11111111111111,61.525555555555556,100.3622222222222,9
edf19,edf19_4,4,UNDEFINED,UNDEFINED,IMG_13,UNDEFINED,3.3207142857142857,47.142857142857146,124.43214285714285,335.27285714285716,14
edf19,edf19_5,5,UNDEFINED,UNDEFINED,IMG_07,UNDEFINED,2.6399999999999997,29.846153846153847,73.33384615384615,104.41615384615385,13
edf19,edf19_6,6,UNDEFINED,UNDEFINED,IMG_08,UNDEFINED,3.4288888888888893,36.0,90.26333333333334,130.65555555555557,9
edf19,edf19_7,7,UNDEFINED,UNDEFINED,IMG_17,UNDEFINED,2.1792307692307693,28.923076923076923,64.11538461538463,81.48307692307692,13
edf19,edf19_8,8,UNDEFINED,UNDEFINED,IMG_09,UNDEFINED,1.6616666666666664,42.666666666666664,186.25666666666666,567.6466666666666,6
edf19,edf19_9,9,UNDEFINED,UNDEFINED,IMG_14,UNDEFINED,2.5349999999999997,31.833333333333332,74.27583333333332,101.75999999999999,12
edf20,edf20_1,1,UNDEFINED,UNDEFINED,IMG_17,UNDEFINED,2.4050000000000002,64.5,229.9525,730.9750000000001,4
edf20,edf20_10,10,UNDEFINED,UNDEFINED,IMG_01,UNDEFINED,3.3207692307692303,33.84615384615385,86.18153846153845,140.6092307692308,13
edf20,edf20_11,11,UNDEFINED,UNDEFINED,IMG_10,UNDEFINED,2.4939999999999998,29.2,74.05699999999999,113.33699999999999,10
edf20,edf20_12,12,UNDEFINED,UNDEFINED,IMG_05,UNDEFINED,3.133125,37.25,87.22312500000001,140.061875,16
edf20,edf20_13,13,UNDEFINED,UNDEFINED,IMG_12,UNDEFINED,4.5683333333333325,39.333333333333336,108.16333333333334,178.43999999999997,6
edf20,edf20_14,14,UNDEFINED,UNDEFINED,IMG_07,UNDEFINED,3.962,36.93333333333333,96.19400000000003,164.424,15
edf20,edf20_15,15,UNDEFINED,UNDEFINED,IMG_18,UNDEFINED,2.973846153846154,31.076923076923077,84.90076923076921,136.71384615384616,13
edf20,edf20_16,16,UNDEFINED,UNDEFINED,IMG_11,UNDEFINED,3.6222222222222222,35.333333333333336,96.29222222222222,170.15888888888887,9
edf20,edf20_17,17,UNDEFINED,UNDEFINED,IMG_16,UNDEFINED,3.8009999999999997,43.0,92.48299999999999,163.02800000000002,10
edf20,edf20_18,18,UNDEFINED,UNDEFINED,IMG_02,UNDEFINED,2.7544444444444447,31.77777777777778,81.54777777777777,120.9211111111111,9
edf20,edf20_19,19,exp_images/sentences/Tabla-passive.jpg,PWA,IMG_11,STIM_29,2.729,43.8,144.40699999999998,349.351,10
edf20,edf20_2,2,UNDEFINED,UNDEFINED,IMG_03,UNDEFINED,4.000666666666667,37.333333333333336,97.154,166.69733333333335,15
edf20,edf20_20,20,exp_images/sentences/Closed-door-passive.jpg,PWA,IMG_10,STIM_28,1.921,42.8,137.597,402.408,10
edf20,edf20_21,21,exp_images/sentences/Bucket-passive.jpg,PWA,IMG_09,STIM_27,1.73875,28.5,59.184999999999995,88.76,8
edf20,edf20_22,22,exp_images/sentences/Fed-dog-woa.jpg,PNA,IMG_16,STIM_52,3.385555555555556,47.111111111111114,100.89444444444445,192.55333333333334,9
edf20,edf20_23,23,exp_images/sentences/Washed-scooter-woa.jpg,PNA,IMG_14,STIM_50,3.554,55.2,233.21300000000002,624.641,10
edf20,edf20_24,24,exp_images/sentences/Painting-woa.jpg,PNA,IMG_07,STIM_43,2.675555555555556,30.0,75.4388888888889,118.59666666666665,9
edf20,edf20_25,25,exp_images/sentences/active_girl_sapling.jpg,ACT,IMG_03,STIM_57,2.68375,47.0,152.4225,513.92625,8
edf20,edf20_26,26,exp_images/sentences/active_child_frisbee.jpg,ACT,IMG_12,STIM_66,4.321666666666666,38.833333333333336,101.90416666666665,170.81583333333333,12
edf20,edf20_27,27,exp_images/sentences/active_boy_vase.jpg,ACT,IMG_08,STIM_62,2.223333333333333,28.666666666666668,75.73,113.52000000000002,6
edf20,edf20_28,28,exp_images/sentences/passive_man_box.jpg,PWA,IMG_05,STIM_77,2.581666666666667,30.5,80.135,115.20083333333332,12
edf20,edf20_29,29,exp_images/sentences/passive_man_shrub.jpg,PWA,IMG_04,STIM_76,4.048571428571429,35.714285714285715,98.57142857142857,164.25142857142856,7
edf20,edf20_3,3,UNDEFINED,UNDEFINED,IMG_15,UNDEFINED,2.55625,50.0,172.17999999999998,454.59749999999997,8
edf20,edf20_30,30,exp_images/sentences/passive_girl_window.jpg,PWA,IMG_02,STIM_74,2.7020000000000004,50.0,103.03999999999999,174.87399999999997,5
edf20,edf20_31,31,exp_images/sentences/noagent_dog_hole.jpg,PNA,IMG_13,STIM_103,2.6699999999999995,55.6,202.30200000000002,494.488,5
edf20,edf20_32,32,exp_images/sentences/noagent_boy_vegetables.jpg,PNA,IMG_18,STIM_108,3.45,47.2,154.156,406.746,5
edf20,edf20_33,33,exp_images/sentences/noagent_girl_cake.jpg,PNA,IMG_15,STIM_105,2.952,48.0,102.35000000000001,197.84199999999998,5
edf20,edf20_34,34,exp_images/sentences/Folded-clothes.jpg,ACT,IMG_06,UNDEFINED,2.7199999999999998,30.8,73.934,116.49499999999998,10
edf20,edf20_35,35,exp_images/sentences/Letter.jpg,ACT,IMG_17,STIM_17,2.260909090909091,34.0,72.65,111.88000000000001,11
edf20,edf20_36,36,exp_images/sentences/Lamp.jpg,ACT,IMG_01,STIM_01,3.119230769230769,41.23076923076923,92.43153846153847,166.8476923076923,13
edf20,edf20_4,4,UNDEFINED,UNDEFINED,IMG_06,UNDEFINED,2.4111111111111105,50.44444444444444,127.52777777777777,355.88111111111107,9
edf20,edf20_5,5,UNDEFINED,UNDEFINED,IMG_04,UNDEFINED,3.56375,34.75,88.05625,146.38625,16
edf20,edf20_6,6,UNDEFINED,UNDEFINED,IMG_13,UNDEFINED,3.2433333333333336,32.166666666666664,85.0225,136.56000000000003,12
edf20,edf20_7,7,UNDEFINED,UNDEFINED,IMG_08,UNDEFINED,2.2455555555555557,28.0,69.21777777777777,107.01444444444445,9
edf20,edf20_8,8,UNDEFINED,UNDEFINED,IMG_14,UNDEFINED,2.9425000000000003,31.666666666666668,81.91083333333334,132.0275,12
edf20,edf20_9,9,UNDEFINED,UNDEFINED,IMG_09,UNDEFINED,3.5133333333333336,37.0,94.65333333333335,169.17666666666668,6
edf21,edf21_1,1,UNDEFINED,UNDEFINED,IMG_11,UNDEFINED,2.782142857142858,59.714285714285715,233.5914285714286,606.3507142857143,14
edf21,edf21_10,10,UNDEFINED,UNDEFINED,IMG_15,UNDEFINED,2.2816666666666667,40.166666666666664,108.52749999999997,345.63333333333327,12
edf21,edf21_11,11,UNDEFINED,UNDEFINED,IMG_13,UNDEFINED,2.9366666666666674,57.5,119.4166666666667,237.20749999999998,12
edf21,edf21_12,12,UNDEFINED,UNDEFINED,IMG_17,UNDEFINED,2.3592307692307695,40.76923076923077,94.78923076923076,170.10461538461539,13
edf21,edf21_13,13,UNDEFINED,UNDEFINED,IMG_06,UNDEFINED,2.8363636363636364,62.0,140.4618181818182,364.4063636363636,11
edf21,edf21_14,14,UNDEFINED,UNDEFINED,IMG_16,UNDEFINED,2.791818181818182,72.0,146.54181818181817,312.1363636363636,11
edf21,edf21_15,15,UNDEFINED,UNDEFINED,IMG_08,UNDEFINED,2.708333333333333,46.22222222222222,108.63833333333332,207.45611111111114,18
edf21,edf21_16,16,UNDEFINED,UNDEFINED,IMG_14,UNDEFINED,2.725,49.5,132.34,303.79249999999996,20
edf21,edf21_17,17,UNDEFINED,UNDEFINED,IMG_04,UNDEFINED,2.959285714285715,55.42857142857143,120.41357142857143,228.95071428571433,14
edf21,edf21_18,18,UNDEFINED,UNDEFINED,IMG_05,UNDEFINED,2.551875,56.0,140.823125,322.29375,16
edf21,edf21_19,19,exp_images/sentences/Tabla-woa.jpg,PNA,IMG_11,STIM_47,3.493333333333333,55.46666666666667,124.44866666666668,246.64999999999998,15
edf21,edf21_2,2,UNDEFINED,UNDEFINED,IMG_18,UNDEFINED,3.5021428571428572,35.142857142857146,85.11642857142856,146.65214285714288,14
edf21,edf21_20,20,exp_images/sentences/Closed-door-woa.jpg,PNA,IMG_10,STIM_46,3.6075,51.666666666666664,101.95166666666667,205.84333333333336,12
edf21,edf21_21,21,exp_images/sentences/Bucket-woa.jpg,PNA,IMG_09,STIM_45,2.246153846153846,64.46153846153847,134.31999999999996,289.08692307692303,13
edf21,edf21_22,22,exp_images/sentences/active_girl_dog.jpg,ACT,IMG_16,STIM_70,2.5430769230769226,55.53846153846154,99.42230769230767,172.75153846153842,13
edf21,edf21_23,23,exp_images/sentences/active_driver_scooter.jpg,ACT,IMG_14,STIM_68,2.349230769230769,52.30769230769231,128.93615384615384,263.1969230769231,13
edf21,edf21_24,24,exp_images/sentences/active_artist_picture.jpg,ACT,IMG_07,STIM_61,2.6514285714285712,51.857142857142854,119.44285714285714,372.9585714285714,14
edf21,edf21_25,25,exp_images/sentences/passive_girl_sapling.jpg,PWA,IMG_03,STIM_75,2.5869230769230764,78.15384615384616,116.28307692307693,218.77692307692303,13
edf21,edf21_26,26,exp_images/sentences/passive_child_frisbee.jpg,PWA,IMG_12,STIM_84,1.5157142857142856,71.71428571428571,171.25428571428571,601.6857142857143,7
edf21,edf21_27,27,exp_images/sentences/passive_boy_vase.jpg,PWA,IMG_08,STIM_80,4.91,62.0,134.18923076923076,391.95307692307694,13
edf21,edf21_28,28,exp_images/sentences/noagent_man_box.jpg,PNA,IMG_05,STIM_95,3.0076923076923086,57.38461538461539,140.0223076923077,396.5200000000001,13
edf21,edf21_29,29,exp_images/sentences/noagent_man_shrub.jpg,PNA,IMG_04,STIM_94,2.3166666666666664,151.33333333333334,234.28,534.5766666666667,3
edf21,edf21_3,3,UNDEFINED,UNDEFINED,IMG_12,UNDEFINED,3.65764705882353,44.470588235294116,137.75705882352943,296.5464705882353,17
edf21,edf21_30,30,exp_images/sentences/noagent_girl_window.jpg,PNA,IMG_02,STIM_92,2.99625,72.5,120.4,246.1,8
edf21,edf21_31,31,exp_images/sentences/Dog-dug.jpg,ACT,IMG_13,STIM_13,2.9071428571428575,90.28571428571429,134.81285714285715,273.49,7
edf21,edf21_32,32,exp_images/sentences/Veg.jpg,ACT,IMG_18,STIM_18,2.997,83.2,135.331,407.472,10
edf21,edf21_33,33,exp_images/sentences/Cake.jpg,ACT,IMG_15,STIM_15,2.6149999999999998,266.6666666666667,226.00999999999996,1007.915,6
edf21,edf21_34,34,exp_images/sentences/Folded-clothes-passive.jpg,PWA,IMG_06,STIM_24,4.476666666666667,131.33333333333334,171.6,355.47333333333336,3
edf21,edf21_35,35,exp_images/sentences/Letter-passive.jpg,PWA,IMG_17,STIM_35,2.7,32.0,82.92,136.27,1
edf21,edf21_36,36,exp_images/sentences/Lamp-passive.jpg,PWA,IMG_01,STIM_19,2.7744444444444443,65.33333333333333,115.47111111111111,396.93,9
edf21,edf21_4,4,UNDEFINED,UNDEFINED,IMG_09,UNDEFINED,1.8127777777777776,32.111111111111114,92.31388888888888,182.09833333333336,18
edf21,edf21_5,5,UNDEFINED,UNDEFINED,IMG_02,UNDEFINED,3.0,60.5,149.56083333333333,381.31249999999994,12
edf21,edf21_6,6,UNDEFINED,UNDEFINED,IMG_03,UNDEFINED,2.776,55.2,154.834,513.251,10
edf21,edf21_7,7,UNDEFINED,UNDEFINED,IMG_07,UNDEFINED,3.603529411764706,53.76470588235294,128.0370588235294,382.20588235294116,17
edf21,edf21_8,8,UNDEFINED,UNDEFINED,IMG_10,UNDEFINED,2.2399999999999998,49.166666666666664,144.19166666666663,413.0266666666667,12
edf21,edf21_9,9,UNDEFINED,UNDEFINED,IMG_01,UNDEFINED,3.0256250000000002,42.0,98.06624999999998,181.77625,16
edf22,edf22_1,1,UNDEFINED,UNDEFINED,IMG_15,UNDEFINED,0.8999999999999999,20.666666666666668,44.11333333333334,54.949999999999996,3
edf22,edf22_1,1,UNDEFINED,UNDEFINED,IMG_16,UNDEFINED,2.928,36.2,83.965,156.85399999999998,10
edf22,edf22_10,10,UNDEFINED,UNDEFINED,IMG_11,UNDEFINED,2.954285714285714,79.42857142857143,110.18714285714285,207.19428571428574,7
edf22,edf22_10,10,UNDEFINED,UNDEFINED,IMG_18,UNDEFINED,3.3040000000000007,102.8,89.82533333333332,249.59333333333333,15
edf22,edf22_11,11,UNDEFINED,UNDEFINED,IMG_15,UNDEFINED,1.9963636363636361,25.636363636363637,66.10363636363635,111.69,11
edf22,edf22_11,11,UNDEFINED,UNDEFINED,IMG_16,UNDEFINED,1.4354999999999998,42.5,56.331500000000005,86.98899999999999,20
edf22,edf22_12,12,UNDEFINED,UNDEFINED,IMG_07,UNDEFINED,2.0752380952380953,42.95238095238095,68.41952380952382,108.33761904761906,21
edf22,edf22_12,12,UNDEFINED,UNDEFINED,IMG_12,UNDEFINED,3.5115000000000003,35.1,94.577,171.104,20
edf22,edf22_13,13,UNDEFINED,UNDEFINED,IMG_06,UNDEFINED,1.7133333333333336,35.06666666666667,56.231333333333325,105.82933333333334,15
edf22,edf22_13,13,UNDEFINED,UNDEFINED,IMG_13,UNDEFINED,2.457857142857143,52.857142857142854,92.06285714285715,196.08071428571427,14
edf22,edf22_14,14,UNDEFINED,UNDEFINED,IMG_06,UNDEFINED,2.3821428571428567,52.57142857142857,76.14785714285715,161.34285714285713,14
edf22,edf22_14,14,UNDEFINED,UNDEFINED,IMG_17,UNDEFINED,1.899166666666667,110.5,101.27666666666666,383.1016666666667,12
edf22,edf22_15,15,UNDEFINED,UNDEFINED,IMG_01,UNDEFINED,3.929090909090909,86.36363636363636,133.86909090909091,330.51454545454544,11
edf22,edf22_15,15,UNDEFINED,UNDEFINED,IMG_09,UNDEFINED,0.98,20.5,45.5625,64.0675,4
edf22,edf22_16,16,UNDEFINED,UNDEFINED,IMG_05,UNDEFINED,1.85875,26.5,66.23875000000001,108.72625,8
edf22,edf22_16,16,UNDEFINED,UNDEFINED,IMG_08,UNDEFINED,1.4735294117647058,30.235294117647058,55.34588235294118,90.2705882352941,17
edf22,edf22_17,17,UNDEFINED,UNDEFINED,IMG_10,UNDEFINED,0.8875000000000001,19.333333333333332,45.65833333333333,61.32500000000001,12
edf22,edf22_17,17,UNDEFINED,UNDEFINED,IMG_12,UNDEFINED,2.7268749999999997,29.625,82.34499999999998,138.51937500000003,16
edf22,edf22_18,18,UNDEFINED,UNDEFINED,IMG_11,UNDEFINED,1.159047619047619,103.42857142857143,63.61333333333334,154.78333333333333,21
edf22,edf22_18,18,UNDEFINED,UNDEFINED,IMG_17,UNDEFINED,1.9563636363636363,26.0,71.06363636363636,118.17909090909092,11
edf22,edf22_19,19,exp_images/sentences/active_child_tabla.jpg,ACT,IMG_11,STIM_65,1.8765,27.2,64.06550000000001,103.701,20
edf22,edf22_2,2,UNDEFINED,UNDEFINED,IMG_07,UNDEFINED,2.8454545454545457,53.63636363636363,98.10909090909091,234.18545454545455,11
edf22,edf22_2,2,UNDEFINED,UNDEFINED,IMG_13,UNDEFINED,2.2981818181818183,27.454545454545453,68.74363636363636,108.56363636363635,11
edf22,edf22_20,20,exp_images/sentences/active_boy_door.jpg,ACT,IMG_10,STIM_64,1.4508695652173909,24.434782608695652,55.943478260869576,84.14347826086957,23
edf22,edf22_21,21,exp_images/sentences/active_boy_bucket.jpg,ACT,IMG_09,STIM_63,1.6976190476190476,38.666666666666664,69.74809523809525,132.01380952380953,21
edf22,edf22_22,22,exp_images/sentences/passive_girl_dog.jpg,PWA,IMG_16,STIM_88,2.1123076923076924,44.46153846153846,88.98769230769231,160.6230769230769,13
edf22,edf22_23,23,exp_images/sentences/passive_driver_scooter.jpg,PWA,IMG_14,STIM_86,2.6047999999999996,44.56,78.8512,159.29280000000003,25
edf22,edf22_24,24,exp_images/sentences/passive_artist_picture.jpg,PWA,IMG_07,STIM_79,3.242580645161291,54.0,105.86870967741935,247.2848387096774,31
edf22,edf22_25,25,exp_images/sentences/noagent_girl_sapling.jpg,PNA,IMG_03,STIM_93,2.527727272727272,62.45454545454545,84.61454545454546,167.8559090909091,22
edf22,edf22_26,26,exp_images/sentences/noagent_child_frisbee.jpg,PNA,IMG_12,STIM_102,2.95695652173913,123.30434782608695,76.55086956521738,139.77130434782612,23
edf22,edf22_27,27,exp_images/sentences/noagent_boy_vase.jpg,PNA,IMG_08,STIM_98,1.6741666666666666,99.66666666666667,89.3575,185.85416666666666,12
edf22,edf22_28,28,exp_images/sentences/Pushed-box.jpg,ACT,IMG_05,STIM_05,1.492,24.0,56.626999999999995,78.8035,20
edf22,edf22_29,29,exp_images/sentences/Shrub.jpg,ACT,IMG_04,STIM_04,1.8842105263157893,38.0,76.40263157894736,139.81315789473683,19
edf22,edf22_3,3,UNDEFINED,UNDEFINED,IMG_01,UNDEFINED,3.4862499999999996,35.5,96.4125,189.34750000000003,8
edf22,edf22_3,3,UNDEFINED,UNDEFINED,IMG_05,UNDEFINED,1.1253333333333333,21.6,49.16599999999999,65.57666666666667,15
edf22,edf22_30,30,exp_images/sentences/Window.jpg,ACT,IMG_02,STIM_02,2.1134782608695653,96.34782608695652,95.31826086956521,329.5239130434782,23
edf22,edf22_31,31,exp_images/sentences/Dog-dug-passive.jpg,PWA,IMG_13,STIM_31,5.299047619047619,206.85714285714286,109.30199999999999,216.98857142857145,21
edf22,edf22_32,32,exp_images/sentences/Veg-passive.jpg,PWA,IMG_18,STIM_36,2.39,45.333333333333336,95.35733333333332,188.30066666666667,15
edf22,edf22_33,33,exp_images/sentences/Cake-passive.jpg,PWA,IMG_15,STIM_33,1.0850000000000002,72.18181818181819,74.36863636363637,192.43818181818185,22
edf22,edf22_34,34,exp_images/sentences/Folded-clothes-woa.jpg,PNA,IMG_06,STIM_42,3.2685714285714282,251.57142857142858,68.05571428571429,134.105,14
edf22,edf22_35,35,exp_images/sentences/Letter-woa.jpg,PNA,IMG_17,STIM_53,1.4965,115.0,66.94149999999999,190.88899999999998,20
edf22,edf22_36,36,exp_images/sentences/Lamp-woa.jpg,PNA,IMG_01,STIM_37,2.784615384615385,53.46153846153846,82.12653846153846,141.34615384615384,26
edf22,edf22_4,4,UNDEFINED,UNDEFINED,IMG_02,UNDEFINED,2.598181818181818,55.09090909090909,88.72181818181818,187.39181818181817,11
edf22,edf22_4,4,UNDEFINED,UNDEFINED,IMG_04,UNDEFINED,1.025,60.75,89.62625,184.76250000000002,8
edf22,edf22_5,5,UNDEFINED,UNDEFINED,IMG_14,UNDEFINED,1.513,23.8,59.82099999999999,87.14200000000001,10
edf22,edf22_5,5,UNDEFINED,UNDEFINED,IMG_18,UNDEFINED,3.674285714285714,35.42857142857143,95.9857142857143,172.63714285714286,7
edf22,edf22_6,6,UNDEFINED,UNDEFINED,IMG_02,UNDEFINED,2.1816666666666666,80.5,83.05416666666667,205.75499999999997,12
edf22,edf22_6,6,UNDEFINED,UNDEFINED,IMG_04,UNDEFINED,4.065,37.333333333333336,99.19583333333334,175.18583333333333,12
edf22,edf22_7,7,UNDEFINED,UNDEFINED,IMG_03,UNDEFINED,2.4299999999999997,46.625,86.69687499999998,170.11749999999998,16
edf22,edf22_7,7,UNDEFINED,UNDEFINED,IMG_09,UNDEFINED,2.0566666666666666,28.0,69.40333333333334,123.53333333333335,3
edf22,edf22_8,8,UNDEFINED,UNDEFINED,IMG_03,UNDEFINED,2.4788235294117653,29.41176470588235,72.95882352941176,116.09411764705884,17
edf22,edf22_8,8,UNDEFINED,UNDEFINED,IMG_14,UNDEFINED,3.289,33.6,91.88099999999997,160.743,10
edf22,edf22_9,9,UNDEFINED,UNDEFINED,IMG_08,UNDEFINED,1.8372727272727276,27.09090909090909,65.58999999999999,106.91181818181818,11
edf22,edf22_9,9,UNDEFINED,UNDEFINED,IMG_10,UNDEFINED,2.454,53.6,70.94266666666667,144.14666666666668,15
edf23,edf23_1,1,UNDEFINED,UNDEFINED,IMG_17,UNDEFINED,4.1499999999999995,38.5,101.98249999999999,169.77875,8
edf23,edf23_10,10,UNDEFINED,UNDEFINED,IMG_13,UNDEFINED,3.050714285714286,32.57142857142857,83.23357142857144,127.07857142857142,14
edf23,edf23_11,11,UNDEFINED,UNDEFINED,IMG_14,UNDEFINED,2.9990909090909095,51.45454545454545,107.50818181818181,287.1072727272727,11
edf23,edf23_12,12,UNDEFINED,UNDEFINED,IMG_04,UNDEFINED,3.1046666666666662,53.46666666666667,86.00466666666668,183.76933333333332,15
edf23,edf23_13,13,UNDEFINED,UNDEFINED,IMG_06,UNDEFINED,3.014705882352941,41.05882352941177,81.3964705882353,149.95764705882357,17
edf23,edf23_14,14,UNDEFINED,UNDEFINED,IMG_16,UNDEFINED,3.4799999999999995,35.75,151.420625,252.17625,16
edf23,edf23_15,15,UNDEFINED,UNDEFINED,IMG_11,UNDEFINED,3.261428571428571,43.0,82.20642857142856,149.0007142857143,14
edf23,edf23_16,16,UNDEFINED,UNDEFINED,IMG_05,UNDEFINED,3.32625,55.375,80.305,162.165,16
edf23,edf23_17,17,UNDEFINED,UNDEFINED,IMG_09,UNDEFINED,1.3381818181818181,39.63636363636363,52.23909090909091,73.97363636363636,11
edf23,edf23_18,18,UNDEFINED,UNDEFINED,IMG_18,UNDEFINED,2.002222222222222,25.555555555555557,67.29888888888888,96.19111111111111,9
edf23,edf23_19,19,exp_images/sentences/passive_child_tabla.jpg,PWA,IMG_11,STIM_83,4.692500000000002,63.25,167.05937500000005,429.81937500000004,16
edf23,edf23_2,2,UNDEFINED,UNDEFINED,IMG_03,UNDEFINED,4.053571428571429,37.42857142857143,100.11142857142856,170.3892857142857,14
edf23,edf23_20,20,exp_images/sentences/passive_boy_door.jpg,PWA,IMG_10,STIM_82,2.640909090909091,165.0,248.03750000000002,1013.4350000000001,12
edf23,edf23_21,21,exp_images/sentences/passive_boy_bucket.jpg,PWA,IMG_09,STIM_81,3.0400000000000005,34.0,88.63333333333334,145.11999999999998,3
edf23,edf23_22,22,exp_images/sentences/noagent_girl_dog.jpg,PNA,IMG_16,STIM_106,6.730714285714285,167.14285714285714,118.73428571428575,454.9171428571429,14
edf23,edf23_23,23,exp_images/sentences/noagent_driver_scooter.jpg,PNA,IMG_14,STIM_104,3.3742105263157893,34.21052631578947,93.52315789473683,159.20736842105265,19
edf23,edf23_24,24,exp_images/sentences/noagent_artist_picture.jpg,PNA,IMG_07,STIM_97,2.46,34.90909090909091,87.66545454545454,164.57454545454544,11
edf23,edf23_25,25,exp_images/sentences/Sapling.jpg,ACT,IMG_03,STIM_03,3.4739999999999998,37.46666666666667,88.30600000000001,147.646,15
edf23,edf23_26,26,exp_images/sentences/Frisbee.jpg,ACT,IMG_12,STIM_12,3.965,90.16666666666667,225.62333333333333,598.5225,12
edf23,edf23_27,27,exp_images/sentences/Vase.jpg,ACT,IMG_08,STIM_08,2.501666666666667,56.5,126.51999999999997,445.3400000000001,12
edf23,edf23_28,28,exp_images/sentences/Pushed-box-passive.jpg,PWA,IMG_05,STIM_23,7.478333333333334,82.0,125.18916666666665,408.2916666666666,12
edf23,edf23_29,29,exp_images/sentences/Shrub-passive.jpg,PWA,IMG_04,STIM_22,6.577894736842105,54.21052631578947,133.93157894736842,268.1942105263157,19
edf23,edf23_3,3,UNDEFINED,UNDEFINED,IMG_08,UNDEFINED,2.5100000000000002,30.2,77.74000000000001,116.583,10
edf23,edf23_30,30,exp_images/sentences/Window-passive.jpg,PWA,IMG_02,STIM_20,3.8292857142857146,38.142857142857146,92.56071428571428,147.65,14
edf23,edf23_31,31,exp_images/sentences/Dog-dug-woa.jpg,PNA,IMG_13,STIM_49,2.9176923076923083,31.076923076923077,85.91307692307691,124.10000000000004,13
edf23,edf23_32,32,exp_images/sentences/Veg-woa.jpg,PNA,IMG_18,STIM_54,3.9611111111111117,70.88888888888889,128.2444444444444,257.6444444444444,9
edf23,edf23_33,33,exp_images/sentences/Cake-woa.jpg,PNA,IMG_15,STIM_51,3.4631250000000007,45.375,102.42875,191.51624999999999,16
edf23,edf23_34,34,exp_images/sentences/active_woman_clothes.jpg,ACT,IMG_06,STIM_60,4.995454545454546,145.8181818181818,152.87545454545455,640.0990909090908,11
edf23,edf23_35,35,exp_images/sentences/active_women_letter.jpg,ACT,IMG_17,STIM_71,12.309333333333335,109.73333333333333,206.05066666666664,674.8053333333334,15
edf23,edf23_36,36,exp_images/sentences/active_girl_lamp.jpg,ACT,IMG_01,STIM_55,4.601874999999998,38.25,122.14124999999999,232.59437500000004,16
edf23,edf23_4,4,UNDEFINED,UNDEFINED,IMG_15,UNDEFINED,2.5464285714285717,30.142857142857142,76.79214285714285,110.46571428571428,14
edf23,edf23_5,5,UNDEFINED,UNDEFINED,IMG_01,UNDEFINED,3.479444444444444,52.55555555555556,126.33500000000001,281.6938888888889,18
edf23,edf23_6,6,UNDEFINED,UNDEFINED,IMG_02,UNDEFINED,2.242666666666666,29.6,68.57533333333335,94.67599999999999,15
edf23,edf23_7,7,UNDEFINED,UNDEFINED,IMG_10,UNDEFINED,1.9979999999999998,28.0,65.74199999999999,95.301,10
edf23,edf23_8,8,UNDEFINED,UNDEFINED,IMG_12,UNDEFINED,3.1033333333333335,62.4,144.13133333333334,535.1920000000001,15
edf23,edf23_9,9,UNDEFINED,UNDEFINED,IMG_07,UNDEFINED,3.2605555555555554,33.0,85.32999999999998,135.78277777777777,18
edf24,edf24_1,1,UNDEFINED,UNDEFINED,IMG_05,UNDEFINED,2.467142857142857,28.285714285714285,80.65285714285713,121.06142857142858,7
edf24,edf24_10,10,UNDEFINED,UNDEFINED,IMG_13,UNDEFINED,2.43,29.6,68.71000000000001,95.11999999999999,5
edf24,edf24_11,11,UNDEFINED,UNDEFINED,IMG_09,UNDEFINED,1.8928571428571428,27.142857142857142,68.86142857142858,96.68857142857144,7
edf24,edf24_12,12,UNDEFINED,UNDEFINED,IMG_03,UNDEFINED,2.391428571428572,29.142857142857142,69.00857142857144,113.93714285714286,7
edf24,edf24_13,13,UNDEFINED,UNDEFINED,IMG_02,UNDEFINED,2.4218181818181814,29.818181818181817,75.60454545454546,112.69363636363636,11
edf24,edf24_14,14,UNDEFINED,UNDEFINED,IMG_07,UNDEFINED,3.7214285714285715,37.42857142857143,95.345,148.365,14
edf24,edf24_15,15,UNDEFINED,UNDEFINED,IMG_06,UNDEFINED,2.91,36.666666666666664,74.09777777777778,117.97777777777777,9
edf24,edf24_16,16,UNDEFINED,UNDEFINED,IMG_14,UNDEFINED,2.4781818181818185,30.363636363636363,75.78545454545456,110.65727272727273,11
edf24,edf24_17,17,UNDEFINED,UNDEFINED,IMG_10,UNDEFINED,2.138,27.2,74.71600000000001,104.526,5
edf24,edf24_18,18,UNDEFINED,UNDEFINED,IMG_08,UNDEFINED,2.05875,27.25,71.535,102.07500000000002,8
edf24,edf24_19,19,exp_images/sentences/noagent_child_tabla.jpg,PNA,IMG_11,STIM_101,2.7725,30.0,76.2875,123.36000000000001,4
edf24,edf24_2,2,UNDEFINED,UNDEFINED,IMG_16,UNDEFINED,2.0833333333333335,27.333333333333332,71.56,110.25666666666666,3
edf24,edf24_20,20,exp_images/sentences/noagent_boy_door.jpg,PNA,IMG_10,STIM_100,1.2412500000000002,110.0,138.39875,954.04375,8
edf24,edf24_21,21,exp_images/sentences/noagent_boy_bucket.jpg,PNA,IMG_09,STIM_99,1.68,52.666666666666664,75.61333333333333,136.16333333333333,3
edf24,edf24_22,22,exp_images/sentences/Fed-dog.jpg,ACT,IMG_16,STIM_16,2.4579999999999997,39.4,60.84400000000001,105.40700000000001,10
edf24,edf24_23,23,exp_images/sentences/Washed-scooter.jpg,ACT,IMG_14,STIM_14,2.9675000000000007,35.5,78.34416666666667,119.10416666666669,12
edf24,edf24_24,24,exp_images/sentences/Painting.jpg,ACT,IMG_07,STIM_07,2.23,28.22222222222222,71.99666666666667,103.31666666666666,9
edf24,edf24_25,25,exp_images/sentences/Sapling-passive.jpg,PWA,IMG_03,STIM_21,1.615,24.333333333333332,57.791666666666664,92.34166666666668,6
edf24,edf24_26,26,exp_images/sentences/Frisbee-passive.jpg,PWA,IMG_12,STIM_30,2.26875,32.75,75.63,110.23875,8
edf24,edf24_27,27,exp_images/sentences/Vase-passive.jpg,PWA,IMG_08,STIM_26,2.23,28.0,68.22666666666667,106.13,3
edf24,edf24_28,28,exp_images/sentences/Pushed-box-woa.jpg,PNA,IMG_05,STIM_41,1.8949999999999998,25.75,61.510000000000005,88.88,8
edf24,edf24_29,29,exp_images/sentences/Shrub-woa.jpg,PNA,IMG_04,STIM_40,0.91,20.0,44.9825,56.357499999999995,4
edf24,edf24_3,3,UNDEFINED,UNDEFINED,IMG_15,UNDEFINED,2.98,32.0,95.11,140.9,1
edf24,edf24_30,30,exp_images/sentences/Window-woa.jpg,PNA,IMG_02,STIM_38,2.8754545454545455,38.54545454545455,72.9218181818182,109.37727272727274,11
edf24,edf24_31,31,exp_images/sentences/active_dog_hole.jpg,ACT,IMG_13,STIM_67,1.875,34.5,55.15375,80.87625,8
edf24,edf24_32,32,exp_images/sentences/active_boy_vegetables.jpg,ACT,IMG_18,STIM_72,1.1775000000000002,24.5,53.8975,79.5575,4
edf24,edf24_33,33,exp_images/sentences/active_girl_cake.jpg,ACT,IMG_15,STIM_69,0.7866666666666666,18.666666666666668,41.43,54.806666666666665,3
edf24,edf24_34,34,exp_images/sentences/passive_woman_clothes.jpg,PWA,IMG_06,STIM_78,1.91875,26.75,64.4975,88.32000000000001,8
edf24,edf24_35,35,exp_images/sentences/passive_women_letter.jpg,PWA,IMG_17,STIM_89,2.5450000000000004,39.333333333333336,75.20666666666666,107.64333333333333,6
edf24,edf24_36,36,exp_images/sentences/passive_girl_lamp.jpg,PWA,IMG_01,STIM_73,2.172,28.2,72.30499999999999,105.66,10
edf24,edf24_4,4,UNDEFINED,UNDEFINED,IMG_01,UNDEFINED,4.57125,40.75,102.495,169.41125,8
edf24,edf24_5,5,UNDEFINED,UNDEFINED,IMG_18,UNDEFINED,4.14,38.0,101.65000000000002,167.30166666666665,6
edf24,edf24_6,6,UNDEFINED,UNDEFINED,IMG_17,UNDEFINED,2.6375,33.25,74.97749999999999,111.73999999999998,8
edf24,edf24_7,7,UNDEFINED,UNDEFINED,IMG_11,UNDEFINED,3.844285714285714,37.142857142857146,94.04857142857144,155.9257142857143,7
edf24,edf24_8,8,UNDEFINED,UNDEFINED,IMG_12,UNDEFINED,2.6933333333333334,29.666666666666668,73.65166666666667,118.50833333333334,6
edf24,edf24_9,9,UNDEFINED,UNDEFINED,IMG_04,UNDEFINED,2.658,30.8,77.326,116.2,5
edf25,edf25_1,1,UNDEFINED,UNDEFINED,IMG_03,UNDEFINED,2.9183333333333343,48.666666666666664,128.02999999999997,439.6972222222222,18
edf25,edf25_10,10,UNDEFINED,UNDEFINED,IMG_11,UNDEFINED,2.377058823529412,65.88235294117646,142.71352941176468,655.5541176470588,17
edf25,edf25_11,11,UNDEFINED,UNDEFINED,IMG_14,UNDEFINED,2.906666666666667,68.93333333333334,176.33466666666664,717.2006666666667,15
edf25,edf25_12,12,UNDEFINED,UNDEFINED,IMG_07,UNDEFINED,3.1942857142857144,46.57142857142857,116.92499999999998,313.42785714285714,14
edf25,edf25_13,13,UNDEFINED,UNDEFINED,IMG_16,UNDEFINED,11.028666666666668,80.93333333333334,193.55999999999997,527.3866666666667,15
edf25,edf25_14,14,UNDEFINED,UNDEFINED,IMG_09,UNDEFINED,7.411333333333333,125.06666666666666,206.39866666666666,919.7186666666669,15
edf25,edf25_15,15,UNDEFINED,UNDEFINED,IMG_12,UNDEFINED,4.126,69.6,154.618,436.8593333333334,15
edf25,edf25_16,16,UNDEFINED,UNDEFINED,IMG_10,UNDEFINED,2.4475,60.75,117.04624999999997,448.1881249999999,16
edf25,edf25_17,17,UNDEFINED,UNDEFINED,IMG_15,UNDEFINED,2.1225,64.5,110.97625000000001,366.5375,16
edf25,edf25_18,18,UNDEFINED,UNDEFINED,IMG_06,UNDEFINED,2.838571428571428,102.28571428571429,211.94714285714284,827.2428571428572,14
edf25,edf25_19,19,exp_images/sentences/Letter.jpg,ACT,IMG_17,STIM_17,2.4878571428571425,48.714285714285715,100.54285714285713,233.8192857142857,14
edf25,edf25_2,2,UNDEFINED,UNDEFINED,IMG_13,UNDEFINED,3.7482352941176473,85.6470588235294,214.34176470588235,864.0041176470588,17
edf25,edf25_20,20,exp_images/sentences/Bucket.jpg,ACT,IMG_09,STIM_09,2.1846666666666663,63.333333333333336,129.08800000000002,488.60866666666675,15
edf25,edf25_21,21,exp_images/sentences/Folded-clothes.jpg,ACT,IMG_06,STIM_06,2.982857142857143,78.85714285714286,163.15,624.2542857142856,14
edf25,edf25_22,22,exp_images/sentences/Closed-door-passive.jpg,PWA,IMG_10,STIM_28,4.313076923076923,57.07692307692308,116.52615384615385,424.05153846153854,13
edf25,edf25_23,23,exp_images/sentences/Lamp-passive.jpg,PWA,IMG_01,STIM_19,3.039411764705882,66.58823529411765,168.05764705882353,634.4470588235296,17
edf25,edf25_24,24,exp_images/sentences/Washed-scooter-passive.jpg,PWA,IMG_14,STIM_32,2.3315384615384613,93.07692307692308,163.58692307692309,769.9792307692309,13
edf25,edf25_25,25,exp_images/sentences/Pushed-box-woa.jpg,PNA,IMG_05,STIM_41,2.3091666666666666,83.16666666666667,146.21499999999997,547.7341666666665,12
edf25,edf25_26,26,exp_images/sentences/Sapling-woa.jpg,PNA,IMG_03,STIM_39,2.998666666666667,80.4,130.16266666666664,454.39799999999997,15
edf25,edf25_27,27,exp_images/sentences/Shrub-woa.jpg,PNA,IMG_04,STIM_40,3.6906666666666665,104.26666666666667,157.12666666666664,729.7473333333334,15
edf25,edf25_28,28,exp_images/sentences/active_dog_hole.jpg,ACT,IMG_13,STIM_67,4.853529411764706,96.33333333333333,184.62333333333333,791.5922222222222,18
edf25,edf25_29,29,exp_images/sentences/active_child_frisbee.jpg,ACT,IMG_12,STIM_66,4.046250000000001,66.75,146.551875,474.465,16
edf25,edf25_3,3,UNDEFINED,UNDEFINED,IMG_08,UNDEFINED,2.298666666666667,83.73333333333333,197.19999999999996,959.3726666666665,15
edf25,edf25_30,30,exp_images/sentences/active_child_tabla.jpg,ACT,IMG_11,STIM_65,2.7118749999999996,70.625,113.385625,350.235,16
edf25,edf25_31,31,exp_images/sentences/passive_artist_picture.jpg,PWA,IMG_07,STIM_79,3.1247058823529414,81.6470588235294,154.52411764705883,787.3276470588235,17
edf25,edf25_32,32,exp_images/sentences/passive_girl_cake.jpg,PWA,IMG_15,STIM_87,3.1512499999999997,72.125,117.17937500000001,350.45812499999994,16
edf25,edf25_33,33,exp_images/sentences/passive_girl_window.jpg,PWA,IMG_02,STIM_74,3.117142857142857,87.28571428571429,173.44928571428574,596.6221428571429,14
edf25,edf25_34,34,exp_images/sentences/noagent_girl_dog.jpg,PNA,IMG_16,STIM_106,3.952666666666667,72.8,134.682,499.91399999999993,15
edf25,edf25_35,35,exp_images/sentences/noagent_boy_vegetables.jpg,PNA,IMG_18,STIM_108,3.1862500000000002,82.875,126.045625,412.75312499999995,16
edf25,edf25_36,36,exp_images/sentences/noagent_boy_vase.jpg,PNA,IMG_08,STIM_98,1.5485714285714285,130.28571428571428,185.11999999999998,949.6771428571428,7
edf25,edf25_4,4,UNDEFINED,UNDEFINED,IMG_05,UNDEFINED,2.2846666666666673,53.2,142.68333333333334,436.9446666666666,15
edf25,edf25_5,5,UNDEFINED,UNDEFINED,IMG_18,UNDEFINED,3.37,78.88888888888889,230.9261111111111,996.6938888888888,18
edf25,edf25_6,6,UNDEFINED,UNDEFINED,IMG_17,UNDEFINED,1.4226666666666665,89.86666666666666,175.98066666666665,904.1453333333333,15
edf25,edf25_7,7,UNDEFINED,UNDEFINED,IMG_04,UNDEFINED,2.386666666666667,72.93333333333334,189.18666666666667,848.8613333333334,15
edf25,edf25_8,8,UNDEFINED,UNDEFINED,IMG_02,UNDEFINED,3.210555555555555,88.22222222222223,206.66722222222222,958.3972222222225,18
edf25,edf25_9,9,UNDEFINED,UNDEFINED,IMG_01,UNDEFINED,4.336250000000001,72.125,167.79937500000003,685.82875,16
edf26,edf26_1,1,UNDEFINED,UNDEFINED,IMG_10,UNDEFINED,1.5714285714285712,24.857142857142858,60.014999999999986,90.87214285714286,14
edf26,edf26_10,10,UNDEFINED,UNDEFINED,IMG_11,UNDEFINED,3.1623076923076923,31.384615384615383,88.51076923076924,141.3930769230769,13
edf26,edf26_11,11,UNDEFINED,UNDEFINED,IMG_05,UNDEFINED,1.8183333333333331,31.0,89.82833333333332,227.7211111111111,18
edf26,edf26_12,12,UNDEFINED,UNDEFINED,IMG_03,UNDEFINED,3.426470588235294,40.8235294117647,83.43882352941176,122.21352941176471,17
edf26,edf26_13,13,UNDEFINED,UNDEFINED,IMG_06,UNDEFINED,1.611,26.4,54.761,74.06500000000001,10
edf26,edf26_14,14,UNDEFINED,UNDEFINED,IMG_04,UNDEFINED,3.0208333333333335,42.0,142.4641666666667,364.43,12
edf26,edf26_15,15,UNDEFINED,UNDEFINED,IMG_08,UNDEFINED,2.7100000000000004,55.166666666666664,85.59416666666665,207.7225,12
edf26,edf26_16,16,UNDEFINED,UNDEFINED,IMG_09,UNDEFINED,1.9093750000000003,35.25,102.98062499999999,294.044375,16
edf26,edf26_17,17,UNDEFINED,UNDEFINED,IMG_15,UNDEFINED,1.96,29.5,63.894999999999996,82.435,4
edf26,edf26_18,18,UNDEFINED,UNDEFINED,IMG_07,UNDEFINED,2.1886666666666668,35.333333333333336,99.14333333333333,246.16066666666669,15
edf26,edf26_19,19,exp_images/sentences/Letter-passive.jpg,PWA,IMG_17,STIM_35,2.9700000000000006,33.333333333333336,87.88555555555556,148.06444444444443,9
edf26,edf26_2,2,UNDEFINED,UNDEFINED,IMG_18,UNDEFINED,3.1571428571428575,32.57142857142857,89.60571428571428,166.02785714285713,14
edf26,edf26_20,20,exp_images/sentences/Bucket-passive.jpg,PWA,IMG_09,STIM_27,2.5933333333333333,33.06666666666667,76.37133333333333,129.12133333333333,15
edf26,edf26_21,21,exp_images/sentences/Folded-clothes-passive.jpg,PWA,IMG_06,STIM_24,2.7735714285714286,33.714285714285715,79.7742857142857,126.36928571428574,14
edf26,edf26_22,22,exp_images/sentences/Closed-door-woa.jpg,PNA,IMG_10,STIM_46,1.7625,27.0,61.146249999999995,94.92,8
edf26,edf26_23,23,exp_images/sentences/Lamp-woa.jpg,PNA,IMG_01,STIM_37,3.0493333333333337,32.0,84.00666666666667,143.05,15
edf26,edf26_24,24,exp_images/sentences/Washed-scooter-woa.jpg,PNA,IMG_14,STIM_50,2.1664285714285714,27.571428571428573,71.58428571428571,108.38642857142857,14
edf26,edf26_25,25,exp_images/sentences/active_man_box.jpg,ACT,IMG_05,STIM_59,1.6366666666666667,26.11111111111111,54.40166666666667,75.01888888888888,18
edf26,edf26_26,26,exp_images/sentences/active_girl_sapling.jpg,ACT,IMG_03,STIM_57,1.6099999999999999,80.72727272727273,80.15303030303029,228.1381818181818,33
edf26,edf26_27,27,exp_images/sentences/active_man_shrub.jpg,ACT,IMG_04,STIM_58,1.3477777777777777,51.7037037037037,58.45037037037037,100.62592592592591,27
edf26,edf26_28,28,exp_images/sentences/passive_dog_hole.jpg,PWA,IMG_13,STIM_85,26.45,2613.0,916.69,3029.1899999999996,2
edf26,edf26_29,29,exp_images/sentences/passive_child_frisbee.jpg,PWA,IMG_12,STIM_84,5.74923076923077,60.92307692307692,160.98769230769233,481.61692307692306,13
edf26,edf26_3,3,UNDEFINED,UNDEFINED,IMG_14,UNDEFINED,3.9042857142857144,37.0,93.33285714285715,165.2571428571429,14
edf26,edf26_30,30,exp_images/sentences/passive_child_tabla.jpg,PWA,IMG_11,STIM_83,5.132666666666667,42.53333333333333,115.83200000000001,207.21399999999997,15
edf26,edf26_31,31,exp_images/sentences/noagent_artist_picture.jpg,PNA,IMG_07,STIM_97,2.4189473684210525,42.21052631578947,110.78105263157896,269.2973684210526,19
edf26,edf26_32,32,exp_images/sentences/noagent_girl_cake.jpg,PNA,IMG_15,STIM_105,2.477857142857143,31.0,76.57857142857142,122.99785714285713,14
edf26,edf26_33,33,exp_images/sentences/noagent_girl_window.jpg,PNA,IMG_02,STIM_92,2.6806666666666663,32.53333333333333,69.86200000000001,103.62933333333334,15
edf26,edf26_34,34,exp_images/sentences/Fed-dog.jpg,ACT,IMG_16,STIM_16,3.3446666666666665,35.733333333333334,87.24733333333334,141.09733333333332,15
edf26,edf26_35,35,exp_images/sentences/Veg.jpg,ACT,IMG_18,STIM_18,4.175555555555556,40.22222222222222,93.86222222222223,143.25111111111107,9
edf26,edf26_36,36,exp_images/sentences/Vase.jpg,ACT,IMG_08,STIM_08,1.8769230769230771,26.46153846153846,64.73692307692306,93.14923076923077,13
edf26,edf26_4,4,UNDEFINED,UNDEFINED,IMG_02,UNDEFINED,3.092777777777777,35.77777777777778,84.43055555555557,142.1494444444444,18
edf26,edf26_5,5,UNDEFINED,UNDEFINED,IMG_16,UNDEFINED,3.56,36.888888888888886,94.66944444444444,157.08833333333334,18
edf26,edf26_6,6,UNDEFINED,UNDEFINED,IMG_01,UNDEFINED,2.5249999999999995,31.125,77.38062500000001,122.51,16
edf26,edf26_7,7,UNDEFINED,UNDEFINED,IMG_13,UNDEFINED,3.146,31.6,86.40333333333334,138.16266666666667,15
edf26,edf26_8,8,UNDEFINED,UNDEFINED,IMG_12,UNDEFINED,3.0085714285714285,33.285714285714285,80.26357142857144,119.43357142857144,14
edf26,edf26_9,9,UNDEFINED,UNDEFINED,IMG_17,UNDEFINED,1.7007692307692308,26.153846153846153,63.67923076923077,85.66307692307691,13
edf27,edf27_1,1,UNDEFINED,UNDEFINED,IMG_18,UNDEFINED,3.26375,29.5,86.195,152.04375000000002,8
edf27,edf27_10,10,UNDEFINED,UNDEFINED,IMG_08,UNDEFINED,2.1166666666666663,28.0,67.05000000000001,100.20666666666668,9
edf27,edf27_11,11,UNDEFINED,UNDEFINED,IMG_12,UNDEFINED,3.39375,101.75,137.4475,373.69874999999996,8
edf27,edf27_12,12,UNDEFINED,UNDEFINED,IMG_11,UNDEFINED,5.207142857142856,44.0,111.66857142857143,194.60999999999999,7
edf27,edf27_13,13,UNDEFINED,UNDEFINED,IMG_01,UNDEFINED,3.2099999999999995,32.857142857142854,83.16571428571429,141.1357142857143,7
edf27,edf27_14,14,UNDEFINED,UNDEFINED,IMG_09,UNDEFINED,1.973333333333333,25.666666666666668,69.56166666666665,103.21999999999998,6
edf27,edf27_15,15,UNDEFINED,UNDEFINED,IMG_07,UNDEFINED,1.9545454545454546,26.545454545454547,66.79272727272728,94.26454545454544,11
edf27,edf27_16,16,UNDEFINED,UNDEFINED,IMG_06,UNDEFINED,2.8899999999999992,30.0,78.16333333333333,112.58333333333333,3
edf27,edf27_17,17,UNDEFINED,UNDEFINED,IMG_15,UNDEFINED,2.0357142857142856,76.0,157.74428571428572,909.9757142857144,7
edf27,edf27_18,18,UNDEFINED,UNDEFINED,IMG_17,UNDEFINED,3.0175,63.75,118.50375000000001,392.4875,8
edf27,edf27_19,19,exp_images/sentences/Letter-woa.jpg,PNA,IMG_17,STIM_53,3.2630769230769223,32.76923076923077,92.76307692307691,148.11538461538464,13
edf27,edf27_2,2,UNDEFINED,UNDEFINED,IMG_03,UNDEFINED,3.805454545454545,36.90909090909091,95.43818181818183,167.61818181818182,11
edf27,edf27_20,20,exp_images/sentences/Bucket-woa.jpg,PNA,IMG_09,STIM_45,1.9625,26.0,70.81,102.2575,4
edf27,edf27_21,21,exp_images/sentences/Folded-clothes-woa.jpg,PNA,IMG_06,STIM_42,3.675,36.0,91.596,154.22,10
edf27,edf27_22,22,exp_images/sentences/active_boy_door.jpg,ACT,IMG_10,STIM_64,1.0071428571428573,20.285714285714285,46.688571428571436,62.67857142857142,7
edf27,edf27_23,23,exp_images/sentences/active_girl_lamp.jpg,ACT,IMG_01,STIM_55,4.36,36.0,116.95666666666666,197.91,6
edf27,edf27_24,24,exp_images/sentences/active_driver_scooter.jpg,ACT,IMG_14,STIM_68,3.673076923076923,50.46153846153846,147.19692307692307,383.14769230769224,13
edf27,edf27_25,25,exp_images/sentences/passive_man_box.jpg,PWA,IMG_05,STIM_77,2.7114285714285713,31.428571428571427,80.55285714285715,114.92857142857143,7
edf27,edf27_26,26,exp_images/sentences/passive_girl_sapling.jpg,PWA,IMG_03,STIM_75,2.9258333333333333,54.333333333333336,93.4175,174.3691666666667,12
edf27,edf27_27,27,exp_images/sentences/passive_man_shrub.jpg,PWA,IMG_04,STIM_76,8.654285714285715,101.71428571428571,314.2142857142857,1616.2385714285713,7
edf27,edf27_28,28,exp_images/sentences/noagent_dog_hole.jpg,PNA,IMG_13,STIM_103,2.8290909090909087,56.36363636363637,97.41999999999999,354.04999999999995,11
edf27,edf27_29,29,exp_images/sentences/noagent_child_frisbee.jpg,PNA,IMG_12,STIM_102,3.1766666666666663,34.888888888888886,87.64777777777778,150.90444444444447,9
edf27,edf27_3,3,UNDEFINED,UNDEFINED,IMG_05,UNDEFINED,3.9189999999999996,37.2,103.654,170.714,10
edf27,edf27_30,30,exp_images/sentences/noagent_child_tabla.jpg,PNA,IMG_11,STIM_101,3.679090909090909,34.36363636363637,92.93363636363637,163.16,11
edf27,edf27_31,31,exp_images/sentences/Painting.jpg,ACT,IMG_07,STIM_07,3.4614285714285713,38.57142857142857,85.46285714285715,121.68571428571428,7
edf27,edf27_32,32,exp_images/sentences/Cake.jpg,ACT,IMG_15,STIM_15,1.921111111111111,80.44444444444444,78.88444444444445,115.0311111111111,9
edf27,edf27_33,33,exp_images/sentences/Window.jpg,ACT,IMG_02,STIM_02,3.050833333333333,58.833333333333336,92.67916666666669,141.13250000000002,12
edf27,edf27_34,34,exp_images/sentences/Fed-dog-passive.jpg,PWA,IMG_16,STIM_34,3.507142857142857,56.0,107.34857142857143,228.6942857142857,7
edf27,edf27_35,35,exp_images/sentences/Veg-passive.jpg,PWA,IMG_18,STIM_36,2.0035,47.7,70.1895,135.20499999999998,20
edf27,edf27_36,36,exp_images/sentences/Vase-passive.jpg,PWA,IMG_08,STIM_26,2.044285714285714,98.85714285714286,82.14857142857143,125.10142857142857,7
edf27,edf27_4,4,UNDEFINED,UNDEFINED,IMG_16,UNDEFINED,3.6088888888888895,38.0,88.49222222222221,150.7122222222222,9
edf27,edf27_5,5,UNDEFINED,UNDEFINED,IMG_10,UNDEFINED,2.3775000000000004,29.0,78.57499999999999,117.34875,8
edf27,edf27_6,6,UNDEFINED,UNDEFINED,IMG_04,UNDEFINED,3.405,34.0,86.31666666666666,141.76333333333335,6
edf27,edf27_7,7,UNDEFINED,UNDEFINED,IMG_13,UNDEFINED,2.8125,31.0,85.86625000000001,135.70125000000002,8
edf27,edf27_8,8,UNDEFINED,UNDEFINED,IMG_14,UNDEFINED,2.1870000000000003,49.09090909090909,94.62363636363638,156.47,11
edf27,edf27_9,9,UNDEFINED,UNDEFINED,IMG_02,UNDEFINED,2.76,88.25,206.4375,794.71,8
edf28,edf28_1,1,UNDEFINED,UNDEFINED,IMG_07,UNDEFINED,3.277333333333333,33.86666666666667,89.75733333333332,135.55933333333334,15
edf28,edf28_10,10,UNDEFINED,UNDEFINED,IMG_04,UNDEFINED,1.5708333333333335,25.333333333333332,58.93416666666667,88.31333333333333,12
edf28,edf28_11,11,UNDEFINED,UNDEFINED,IMG_17,UNDEFINED,1.261666666666667,81.0,115.39083333333333,418.05749999999995,12
edf28,edf28_12,12,UNDEFINED,UNDEFINED,IMG_08,UNDEFINED,1.0725,50.166666666666664,113.08416666666666,383.3925000000001,12
edf28,edf28_13,13,UNDEFINED,UNDEFINED,IMG_14,UNDEFINED,2.6952941176470584,68.0,98.38411764705882,237.2705882352941,17
edf28,edf28_14,14,UNDEFINED,UNDEFINED,IMG_06,UNDEFINED,3.8674999999999997,58.833333333333336,216.01166666666668,643.0408333333334,12
edf28,edf28_15,15,UNDEFINED,UNDEFINED,IMG_09,UNDEFINED,2.8555555555555556,53.55555555555556,326.6366666666666,1152.7766666666666,9
edf28,edf28_16,16,UNDEFINED,UNDEFINED,IMG_02,UNDEFINED,3.114,62.93333333333333,141.14399999999998,455.8426666666667,15
edf28,edf28_17,17,UNDEFINED,UNDEFINED,IMG_11,UNDEFINED,3.584545454545454,96.9090909090909,195.0018181818182,596.040909090909,11
edf28,edf28_18,18,UNDEFINED,UNDEFINED,IMG_18,UNDEFINED,2.9983333333333335,97.66666666666667,117.67777777777776,268.68888888888887,18
edf28,edf28_19,19,exp_images/sentences/active_women_letter.jpg,ACT,IMG_17,STIM_71,2.261818181818182,61.63636363636363,160.37727272727273,537.670909090909,11
edf28,edf28_2,2,UNDEFINED,UNDEFINED,IMG_15,UNDEFINED,1.6533333333333333,40.0,173.12666666666667,505.62777777777774,9
edf28,edf28_20,20,exp_images/sentences/active_boy_bucket.jpg,ACT,IMG_09,STIM_63,1.6658333333333333,44.166666666666664,136.48,545.3408333333333,12
edf28,edf28_21,21,exp_images/sentences/active_woman_clothes.jpg,ACT,IMG_06,STIM_60,2.5740000000000003,30.6,74.73499999999999,110.46300000000001,10
edf28,edf28_22,22,exp_images/sentences/passive_boy_door.jpg,PWA,IMG_10,STIM_82,1.1871428571428573,55.142857142857146,113.75142857142858,244.85428571428568,7
edf28,edf28_23,23,exp_images/sentences/passive_girl_lamp.jpg,PWA,IMG_01,STIM_73,1.3655555555555556,24.22222222222222,54.97333333333333,77.50666666666666,9
edf28,edf28_24,24,exp_images/sentences/passive_driver_scooter.jpg,PWA,IMG_14,STIM_86,1.8457142857142859,62.0,102.67499999999998,451.7950000000001,14
edf28,edf28_25,25,exp_images/sentences/noagent_man_box.jpg,PNA,IMG_05,STIM_95,1.8125,27.5,64.42083333333333,90.69166666666668,12
edf28,edf28_26,26,exp_images/sentences/noagent_girl_sapling.jpg,PNA,IMG_03,STIM_93,2.4172727272727275,31.454545454545453,76.85909090909091,106.29727272727273,11
edf28,edf28_27,27,exp_images/sentences/noagent_man_shrub.jpg,PNA,IMG_04,STIM_94,2.6641666666666666,31.666666666666668,82.66,117.2375,12
edf28,edf28_28,28,exp_images/sentences/Dog-dug.jpg,ACT,IMG_13,STIM_13,2.3604999999999996,94.6,83.3835,172.07200000000003,20
edf28,edf28_29,29,exp_images/sentences/Frisbee.jpg,ACT,IMG_12,STIM_12,3.9623529411764706,48.94117647058823,98.51176470588234,170.20470588235293,17
edf28,edf28_3,3,UNDEFINED,UNDEFINED,IMG_03,UNDEFINED,3.5815384615384613,42.0,85.09076923076921,134.26076923076923,13
edf28,edf28_30,30,exp_images/sentences/Tabla.jpg,ACT,IMG_11,STIM_11,2.4116666666666666,30.0,75.5525,108.78583333333331,12
edf28,edf28_31,31,exp_images/sentences/Painting-passive.jpg,PWA,IMG_07,STIM_25,2.5163157894736843,59.89473684210526,114.50526315789473,348.478947368421,19
edf28,edf28_32,32,exp_images/sentences/Cake-passive.jpg,PWA,IMG_15,STIM_33,1.8127272727272727,53.27272727272727,123.62454545454547,460.2781818181818,11
edf28,edf28_33,33,exp_images/sentences/Window-passive.jpg,PWA,IMG_02,STIM_20,2.8393333333333333,52.53333333333333,132.186,452.7366666666667,15
edf28,edf28_34,34,exp_images/sentences/Fed-dog-woa.jpg,PNA,IMG_16,STIM_52,1.3466666666666667,27.333333333333332,63.53555555555555,93.22666666666666,9
edf28,edf28_35,35,exp_images/sentences/Veg-woa.jpg,PNA,IMG_18,STIM_54,1.5352000000000001,55.28,73.2428,146.49,25
edf28,edf28_36,36,exp_images/sentences/Vase-woa.jpg,PNA,IMG_08,STIM_44,1.9516666666666664,31.88888888888889,71.21222222222222,103.93388888888889,18
edf28,edf28_4,4,UNDEFINED,UNDEFINED,IMG_13,UNDEFINED,2.297916666666667,60.083333333333336,131.07708333333332,357.43083333333334,24
edf28,edf28_5,5,UNDEFINED,UNDEFINED,IMG_16,UNDEFINED,1.649230769230769,44.15384615384615,122.84846153846154,368.426923076923,13
edf28,edf28_6,6,UNDEFINED,UNDEFINED,IMG_05,UNDEFINED,2.3649999999999998,50.8,144.949,502.729,10
edf28,edf28_7,7,UNDEFINED,UNDEFINED,IMG_10,UNDEFINED,1.3358333333333332,84.16666666666667,241.61166666666668,1017.3525000000001,12
edf28,edf28_8,8,UNDEFINED,UNDEFINED,IMG_01,UNDEFINED,2.4670588235294115,65.6470588235294,153.92647058823528,583.1547058823529,17
edf28,edf28_9,9,UNDEFINED,UNDEFINED,IMG_12,UNDEFINED,3.4318181818181817,58.72727272727273,87.1490909090909,156.34727272727275,11
edf29,edf29_1,1,UNDEFINED,UNDEFINED,IMG_07,UNDEFINED,3.820909090909091,35.45454545454545,95.73727272727272,172.1818181818182,11
edf29,edf29_10,10,UNDEFINED,UNDEFINED,IMG_15,UNDEFINED,1.7790000000000004,27.4,63.863000000000014,107.798,10
edf29,edf29_11,11,UNDEFINED,UNDEFINED,IMG_01,UNDEFINED,2.778333333333333,33.0,82.25166666666668,153.10916666666665,12
edf29,edf29_12,12,UNDEFINED,UNDEFINED,IMG_08,UNDEFINED,2.3227272727272728,30.0,77.29545454545456,134.70545454545456,11
edf29,edf29_13,13,UNDEFINED,UNDEFINED,IMG_13,UNDEFINED,3.171818181818182,32.36363636363637,94.62818181818183,176.16454545454545,11
edf29,edf29_14,14,UNDEFINED,UNDEFINED,IMG_14,UNDEFINED,4.882666666666667,41.86666666666667,106.86,189.71866666666662,15
edf29,edf29_15,15,UNDEFINED,UNDEFINED,IMG_10,UNDEFINED,2.738888888888889,35.111111111111114,78.02888888888889,137.45333333333332,9
edf29,edf29_16,16,UNDEFINED,UNDEFINED,IMG_18,UNDEFINED,2.918,32.8,80.04499999999999,141.68,10
edf29,edf29_17,17,UNDEFINED,UNDEFINED,IMG_06,UNDEFINED,2.1700000000000004,30.0,75.184,124.583,10
edf29,edf29_18,18,UNDEFINED,UNDEFINED,IMG_12,UNDEFINED,3.126666666666667,32.4,88.08066666666669,151.06333333333336,15
edf29,edf29_19,19,exp_images/sentences/passive_women_letter.jpg,PWA,IMG_17,STIM_89,2.3890000000000002,56.8,92.91799999999999,200.52399999999997,10
edf29,edf29_2,2,UNDEFINED,UNDEFINED,IMG_03,UNDEFINED,2.7424999999999997,31.25,81.99125000000001,146.7525,8
edf29,edf29_20,20,exp_images/sentences/passive_boy_bucket.jpg,PWA,IMG_09,STIM_81,1.973076923076923,26.615384615384617,67.60769230769232,110.93307692307691,13
edf29,edf29_21,21,exp_images/sentences/passive_woman_clothes.jpg,PWA,IMG_06,STIM_78,3.2920000000000003,40.4,78.21600000000001,132.554,5
edf29,edf29_22,22,exp_images/sentences/noagent_boy_door.jpg,PNA,IMG_10,STIM_100,1.8499999999999999,55.55555555555556,97.59333333333332,303.5722222222223,9
edf29,edf29_23,23,exp_images/sentences/noagent_girl_lamp.jpg,PNA,IMG_01,STIM_91,1.8545454545454547,26.727272727272727,62.799090909090914,107.9118181818182,11
edf29,edf29_24,24,exp_images/sentences/noagent_driver_scooter.jpg,PNA,IMG_14,STIM_104,5.0675,42.5,112.87916666666666,202.34333333333333,12
edf29,edf29_25,25,exp_images/sentences/Pushed-box.jpg,ACT,IMG_05,STIM_05,2.3233333333333333,30.333333333333332,71.64833333333333,120.90500000000002,12
edf29,edf29_26,26,exp_images/sentences/Sapling.jpg,ACT,IMG_03,STIM_03,3.3088888888888888,32.44444444444444,97.06666666666666,167.65666666666664,9
edf29,edf29_27,27,exp_images/sentences/Shrub.jpg,ACT,IMG_04,STIM_04,2.828571428571429,32.142857142857146,85.26357142857141,146.6835714285714,14
edf29,edf29_28,28,exp_images/sentences/Dog-dug-passive.jpg,PWA,IMG_13,STIM_31,2.3625,28.666666666666668,74.27416666666667,124.68333333333335,12
edf29,edf29_29,29,exp_images/sentences/Frisbee-passive.jpg,PWA,IMG_12,STIM_30,3.4790909090909095,33.27272727272727,89.33909090909093,143.37181818181818,11
edf29,edf29_3,3,UNDEFINED,UNDEFINED,IMG_04,UNDEFINED,3.5028571428571427,39.142857142857146,90.06999999999998,164.4928571428571,7
edf29,edf29_30,30,exp_images/sentences/Tabla-passive.jpg,PWA,IMG_11,STIM_29,2.955,43.77777777777778,102.30666666666667,209.79333333333332,9
edf29,edf29_31,31,exp_images/sentences/Painting-woa.jpg,PNA,IMG_07,STIM_43,2.980625,48.375,118.63000000000002,350.300625,16
edf29,edf29_32,32,exp_images/sentences/Cake-woa.jpg,PNA,IMG_15,STIM_51,2.7550000000000003,96.66666666666667,163.8975,699.4408333333332,12
edf29,edf29_33,33,exp_images/sentences/Window-woa.jpg,PNA,IMG_02,STIM_38,2.3285714285714287,28.285714285714285,77.02142857142859,139.50714285714284,7
edf29,edf29_34,34,exp_images/sentences/active_girl_dog.jpg,ACT,IMG_16,STIM_70,2.4225000000000003,34.0,70.1,110.63500000000002,8
edf29,edf29_35,35,exp_images/sentences/active_boy_vegetables.jpg,ACT,IMG_18,STIM_72,2.5650000000000004,31.4,72.78900000000002,120.36500000000001,10
edf29,edf29_36,36,exp_images/sentences/active_boy_vase.jpg,ACT,IMG_08,STIM_62,2.0466666666666664,28.0,71.60666666666667,122.36833333333334,12
edf29,edf29_4,4,UNDEFINED,UNDEFINED,IMG_17,UNDEFINED,2.468181818181818,39.09090909090909,100.26818181818182,353.6763636363636,11
edf29,edf29_5,5,UNDEFINED,UNDEFINED,IMG_16,UNDEFINED,3.489,33.4,101.856,185.09500000000003,10
edf29,edf29_6,6,UNDEFINED,UNDEFINED,IMG_02,UNDEFINED,2.5133333333333336,32.666666666666664,78.0311111111111,146.71777777777777,9
edf29,edf29_7,7,UNDEFINED,UNDEFINED,IMG_09,UNDEFINED,2.4654545454545453,31.272727272727273,74.04454545454547,132.17,11
edf29,edf29_8,8,UNDEFINED,UNDEFINED,IMG_11,UNDEFINED,3.3491666666666657,35.333333333333336,83.22583333333333,144.48583333333337,12
edf29,edf29_9,9,UNDEFINED,UNDEFINED,IMG_05,UNDEFINED,2.9857142857142853,32.714285714285715,80.39928571428571,148.14714285714285,14
edf30,edf30_1,1,UNDEFINED,UNDEFINED,IMG_03,UNDEFINED,1.7744444444444443,28.0,64.35,84.27444444444444,9
edf30,edf30_10,10,UNDEFINED,UNDEFINED,IMG_07,UNDEFINED,2.4779999999999998,51.46666666666667,105.19133333333335,269.84133333333335,15
edf30,edf30_11,11,UNDEFINED,UNDEFINED,IMG_05,UNDEFINED,1.6536363636363638,26.0,60.55818181818183,76.70181818181817,11
edf30,edf30_12,12,UNDEFINED,UNDEFINED,IMG_08,UNDEFINED,2.1599999999999997,43.875,98.97125000000001,187.04562500000003,16
edf30,edf30_13,13,UNDEFINED,UNDEFINED,IMG_14,UNDEFINED,4.275294117647058,44.705882352941174,112.15411764705883,189.99529411764703,17
edf30,edf30_14,14,UNDEFINED,UNDEFINED,IMG_10,UNDEFINED,1.9605882352941175,31.41176470588235,97.11470588235294,204.29529411764707,17
edf30,edf30_15,15,UNDEFINED,UNDEFINED,IMG_01,UNDEFINED,2.746923076923077,40.0,85.35153846153845,137.22384615384618,13
edf30,edf30_16,16,UNDEFINED,UNDEFINED,IMG_16,UNDEFINED,2.1668749999999997,38.125,98.41625,189.148125,16
edf30,edf30_17,17,UNDEFINED,UNDEFINED,IMG_04,UNDEFINED,2.3761904761904757,35.142857142857146,87.50333333333334,136.70714285714288,21
edf30,edf30_18,18,UNDEFINED,UNDEFINED,IMG_06,UNDEFINED,2.161111111111111,57.77777777777778,168.19555555555556,476.9466666666666,9
edf30,edf30_19,19,exp_images/sentences/noagent_women_letter.jpg,PNA,IMG_17,STIM_107,1.2683333333333335,64.0,250.39,830.7608333333334,12
edf30,edf30_2,2,UNDEFINED,UNDEFINED,IMG_18,UNDEFINED,3.4218749999999996,44.625,113.50000000000001,256.30375,16
edf30,edf30_20,20,exp_images/sentences/noagent_boy_bucket.jpg,PNA,IMG_09,STIM_99,1.299,36.0,75.15299999999999,126.05199999999999,10
edf30,edf30_21,21,exp_images/sentences/noagent_woman_clothes.jpg,PNA,IMG_06,STIM_96,1.3833333333333333,71.6,137.45399999999998,337.73133333333334,15
edf30,edf30_22,22,exp_images/sentences/Closed-door.jpg,ACT,IMG_10,STIM_10,1.4686666666666668,55.733333333333334,183.64,525.31,15
edf30,edf30_23,23,exp_images/sentences/Lamp.jpg,ACT,IMG_01,STIM_01,3.061176470588235,49.529411764705884,132.57,367.74882352941177,17
edf30,edf30_24,24,exp_images/sentences/Washed-scooter.jpg,ACT,IMG_14,STIM_14,3.163529411764705,40.35294117647059,114.10117647058826,236.6894117647059,17
edf30,edf30_25,25,exp_images/sentences/Pushed-box-passive.jpg,PWA,IMG_05,STIM_23,2.0620000000000003,74.6,302.63599999999997,907.3150000000002,10
edf30,edf30_26,26,exp_images/sentences/Sapling-passive.jpg,PWA,IMG_03,STIM_21,2.155555555555556,49.77777777777778,95.57388888888887,204.89555555555557,18
edf30,edf30_27,27,exp_images/sentences/Shrub-passive.jpg,PWA,IMG_04,STIM_22,2.2373333333333334,43.86666666666667,115.10133333333334,327.804,15
edf30,edf30_28,28,exp_images/sentences/Dog-dug-woa.jpg,PNA,IMG_13,STIM_49,1.62,34.8,88.99133333333334,180.66866666666664,15
edf30,edf30_29,29,exp_images/sentences/Frisbee-woa.jpg,PNA,IMG_12,STIM_48,2.6792307692307693,43.38461538461539,125.06153846153846,295.52230769230766,13
edf30,edf30_3,3,UNDEFINED,UNDEFINED,IMG_17,UNDEFINED,0.9219999999999999,34.8,58.742000000000004,110.008,5
edf30,edf30_30,30,exp_images/sentences/Tabla-woa.jpg,PNA,IMG_11,STIM_47,1.913333333333333,95.11111111111111,195.64,657.0066666666667,9
edf30,edf30_31,31,exp_images/sentences/active_artist_picture.jpg,ACT,IMG_07,STIM_61,3.0650000000000004,44.714285714285715,98.26928571428572,163.0885714285714,14
edf30,edf30_32,32,exp_images/sentences/active_girl_cake.jpg,ACT,IMG_15,STIM_69,1.7316666666666667,28.0,69.53666666666668,101.36416666666666,12
edf30,edf30_33,33,exp_images/sentences/active_girl_window.jpg,ACT,IMG_02,STIM_56,2.1387500000000004,39.25,84.185625,138.585,16
edf30,edf30_34,34,exp_images/sentences/passive_girl_dog.jpg,PWA,IMG_16,STIM_88,1.650714285714286,43.142857142857146,119.79857142857146,310.3121428571429,14
edf30,edf30_35,35,exp_images/sentences/passive_boy_vegetables.jpg,PWA,IMG_18,STIM_90,1.3976923076923078,45.53846153846154,100.39692307692309,177.76615384615386,13
edf30,edf30_36,36,exp_images/sentences/passive_boy_vase.jpg,PWA,IMG_08,STIM_80,1.56,34.2,108.40099999999998,242.757,10
edf30,edf30_4,4,UNDEFINED,UNDEFINED,IMG_13,UNDEFINED,1.9519999999999995,85.2,151.84300000000002,341.556,10
edf30,edf30_5,5,UNDEFINED,UNDEFINED,IMG_15,UNDEFINED,1.592222222222222,43.333333333333336,130.85555555555553,290.54555555555555,9
edf30,edf30_6,6,UNDEFINED,UNDEFINED,IMG_09,UNDEFINED,1.4662499999999998,96.25,145.46499999999997,450.5825,8
edf30,edf30_7,7,UNDEFINED,UNDEFINED,IMG_02,UNDEFINED,2.53,30.22222222222222,75.69222222222223,104.21888888888888,9
edf30,edf30_8,8,UNDEFINED,UNDEFINED,IMG_12,UNDEFINED,3.1208333333333336,35.0,81.86583333333333,107.88499999999999,12
edf30,edf30_9,9,UNDEFINED,UNDEFINED,IMG_11,UNDEFINED,2.0185714285714282,48.714285714285715,86.60142857142856,157.19071428571425,14
edf31,edf31_1,1,UNDEFINED,UNDEFINED,IMG_18,UNDEFINED,2.761,33.4,74.951,121.239,10
edf31,edf31_10,10,UNDEFINED,UNDEFINED,IMG_11,UNDEFINED,1.8428571428571427,33.80952380952381,82.72142857142858,236.17142857142855,21
edf31,edf31_11,11,UNDEFINED,UNDEFINED,IMG_02,UNDEFINED,2.0159999999999996,53.7,112.061,317.29499999999996,20
edf31,edf31_12,12,UNDEFINED,UNDEFINED,IMG_15,UNDEFINED,1.6416666666666668,49.5,126.50083333333335,459.1183333333333,12
edf31,edf31_13,13,UNDEFINED,UNDEFINED,IMG_13,UNDEFINED,1.6449999999999998,27.142857142857142,62.45285714285715,101.86285714285717,14
edf31,edf31_14,14,UNDEFINED,UNDEFINED,IMG_07,UNDEFINED,1.2946666666666666,47.06666666666667,127.89466666666668,448.8013333333334,15
edf31,edf31_15,15,UNDEFINED,UNDEFINED,IMG_14,UNDEFINED,2.422,40.13333333333333,87.34266666666666,310.82466666666664,15
edf31,edf31_16,16,UNDEFINED,UNDEFINED,IMG_04,UNDEFINED,2.0642105263157893,27.36842105263158,65.04684210526315,97.49052631578945,19
edf31,edf31_17,17,UNDEFINED,UNDEFINED,IMG_09,UNDEFINED,1.1071428571428572,36.285714285714285,79.405,286.325,14
edf31,edf31_18,18,UNDEFINED,UNDEFINED,IMG_10,UNDEFINED,2.188571428571428,48.142857142857146,123.03071428571427,251.85928571428568,14
edf31,edf31_19,19,exp_images/sentences/Letter.jpg,ACT,IMG_17,STIM_17,0.8566666666666666,41.333333333333336,152.46833333333333,585.7866666666666,6
edf31,edf31_2,2,UNDEFINED,UNDEFINED,IMG_05,UNDEFINED,1.505,40.4,139.208,338.063,10
edf31,edf31_20,20,exp_images/sentences/Bucket.jpg,ACT,IMG_09,STIM_09,1.3546153846153846,45.38461538461539,122.97461538461538,398.57076923076926,13
edf31,edf31_21,21,exp_images/sentences/Folded-clothes.jpg,ACT,IMG_06,STIM_06,2.3783333333333334,105.0,262.29833333333335,999.3191666666668,12
edf31,edf31_22,22,exp_images/sentences/Closed-door-passive.jpg,PWA,IMG_10,STIM_28,0.4033333333333333,126.0,339.97333333333336,1963.7233333333334,3
edf31,edf31_23,23,exp_images/sentences/Lamp-passive.jpg,PWA,IMG_01,STIM_19,3.1854999999999993,39.8,77.29249999999999,128.41950000000003,20
edf31,edf31_24,24,exp_images/sentences/Washed-scooter-passive.jpg,PWA,IMG_14,STIM_32,2.015,58.333333333333336,75.55333333333333,134.96833333333333,6
edf31,edf31_25,25,exp_images/sentences/Pushed-box-woa.jpg,PNA,IMG_05,STIM_41,1.1922222222222225,39.55555555555556,106.87333333333332,369.89000000000004,9
edf31,edf31_26,26,exp_images/sentences/Sapling-woa.jpg,PNA,IMG_03,STIM_39,1.7399999999999998,42.875,96.03375,260.31812499999995,16
edf31,edf31_27,27,exp_images/sentences/Shrub-woa.jpg,PNA,IMG_04,STIM_40,1.5681818181818181,25.454545454545453,58.55181818181818,84.22727272727273,11
edf31,edf31_28,28,exp_images/sentences/active_dog_hole.jpg,ACT,IMG_13,STIM_67,1.2715384615384617,22.76923076923077,51.28230769230768,71.92307692307693,13
edf31,edf31_29,29,exp_images/sentences/active_child_frisbee.jpg,ACT,IMG_12,STIM_66,1.5557142857142858,76.57142857142857,174.42857142857142,905.132857142857,7
edf31,edf31_3,3,UNDEFINED,UNDEFINED,IMG_16,UNDEFINED,1.945714285714286,34.285714285714285,75.74857142857142,131.83499999999998,14
edf31,edf31_30,30,exp_images/sentences/active_child_tabla.jpg,ACT,IMG_11,STIM_65,7.714166666666667,61.833333333333336,200.96666666666667,869.1916666666665,12
edf31,edf31_31,31,exp_images/sentences/passive_artist_picture.jpg,PWA,IMG_07,STIM_79,0.935,21.0,44.595,54.425,2
edf31,edf31_32,32,exp_images/sentences/passive_girl_cake.jpg,PWA,IMG_15,STIM_87,2.2550000000000003,51.6,203.096,577.77,10
edf31,edf31_33,33,exp_images/sentences/passive_girl_window.jpg,PWA,IMG_02,STIM_74,2.0780000000000003,82.2,195.63799999999998,922.516,10
edf31,edf31_34,34,exp_images/sentences/noagent_girl_dog.jpg,PNA,IMG_16,STIM_106,4.217333333333333,84.4,133.50733333333335,531.7073333333333,15
edf31,edf31_35,35,exp_images/sentences/noagent_boy_vegetables.jpg,PNA,IMG_18,STIM_108,3.410769230769231,51.84615384615385,103.97384615384615,342.9553846153846,13
edf31,edf31_36,36,exp_images/sentences/noagent_boy_vase.jpg,PNA,IMG_08,STIM_98,1.6423076923076922,52.0,122.05538461538461,463.4253846153846,13
edf31,edf31_4,4,UNDEFINED,UNDEFINED,IMG_03,UNDEFINED,1.8794444444444447,26.77777777777778,61.92777777777778,95.21444444444445,18
edf31,edf31_5,5,UNDEFINED,UNDEFINED,IMG_06,UNDEFINED,1.848181818181818,56.72727272727273,177.7527272727273,672.6836363636364,11
edf31,edf31_6,6,UNDEFINED,UNDEFINED,IMG_17,UNDEFINED,1.6935714285714287,37.142857142857146,105.59142857142855,288.4121428571429,14
edf31,edf31_7,7,UNDEFINED,UNDEFINED,IMG_01,UNDEFINED,1.8747058823529412,37.88235294117647,69.43823529411765,117.27705882352943,17
edf31,edf31_8,8,UNDEFINED,UNDEFINED,IMG_08,UNDEFINED,1.703125,42.5,105.92124999999999,255.72812499999995,16
edf31,edf31_9,9,UNDEFINED,UNDEFINED,IMG_12,UNDEFINED,2.6871428571428564,44.57142857142857,111.38714285714285,298.4907142857143,14
edf32,edf32_1,1,UNDEFINED,UNDEFINED,IMG_07,UNDEFINED,3.027272727272728,30.90909090909091,85.29272727272728,131.99363636363637,11
edf32,edf32_10,10,UNDEFINED,UNDEFINED,IMG_16,UNDEFINED,2.2561538461538464,28.46153846153846,72.63384615384615,111.55692307692308,13
edf32,edf32_11,11,UNDEFINED,UNDEFINED,IMG_02,UNDEFINED,2.8774999999999995,45.666666666666664,117.91250000000002,376.11499999999995,12
edf32,edf32_12,12,UNDEFINED,UNDEFINED,IMG_11,UNDEFINED,2.5391666666666666,29.5,76.02583333333332,118.365,12
edf32,edf32_13,13,UNDEFINED,UNDEFINED,IMG_10,UNDEFINED,2.2225,27.5,77.1525,119.22125000000001,8
edf32,edf32_14,14,UNDEFINED,UNDEFINED,IMG_12,UNDEFINED,3.664090909090909,34.09090909090909,98.38227272727272,167.7345454545454,22
edf32,edf32_15,15,UNDEFINED,UNDEFINED,IMG_08,UNDEFINED,2.248125,27.375,72.6025,113.789375,16
edf32,edf32_16,16,UNDEFINED,UNDEFINED,IMG_15,UNDEFINED,2.137272727272727,28.0,71.39181818181818,112.89454545454547,11
edf32,edf32_17,17,UNDEFINED,UNDEFINED,IMG_01,UNDEFINED,2.582631578947368,29.57894736842105,76.57368421052632,125.5436842105263,19
edf32,edf32_18,18,UNDEFINED,UNDEFINED,IMG_03,UNDEFINED,2.7700000000000005,41.625,126.27875,332.60687500000006,16
edf32,edf32_19,19,exp_images/sentences/Letter-passive.jpg,PWA,IMG_17,STIM_35,2.0520000000000005,26.8,67.458,104.49600000000001,5
edf32,edf32_2,2,UNDEFINED,UNDEFINED,IMG_14,UNDEFINED,3.3669230769230767,32.76923076923077,87.33538461538463,139.45846153846156,13
edf32,edf32_20,20,exp_images/sentences/Bucket-passive.jpg,PWA,IMG_09,STIM_27,1.97875,27.25,66.45625000000001,111.62875000000001,8
edf32,edf32_21,21,exp_images/sentences/Folded-clothes-passive.jpg,PWA,IMG_06,STIM_24,2.1981818181818182,43.63636363636363,144.9372727272727,358.0881818181819,11
edf32,edf32_22,22,exp_images/sentences/Closed-door-woa.jpg,PNA,IMG_10,STIM_46,3.0656250000000003,44.875,122.795,321.59999999999997,16
edf32,edf32_23,23,exp_images/sentences/Lamp-woa.jpg,PNA,IMG_01,STIM_37,2.9918750000000003,39.875,115.80875000000002,289.50374999999997,16
edf32,edf32_24,24,exp_images/sentences/Washed-scooter-woa.jpg,PNA,IMG_14,STIM_50,2.871578947368421,38.0,103.79684210526317,289.31578947368416,19
edf32,edf32_25,25,exp_images/sentences/active_man_box.jpg,ACT,IMG_05,STIM_59,2.582,29.733333333333334,78.07400000000001,128.78466666666668,15
edf32,edf32_26,26,exp_images/sentences/active_girl_sapling.jpg,ACT,IMG_03,STIM_57,2.9912499999999995,45.5,128.80875,288.764375,16
edf32,edf32_27,27,exp_images/sentences/active_man_shrub.jpg,ACT,IMG_04,STIM_58,2.2961538461538455,38.46153846153846,96.14307692307693,235.38230769230768,13
edf32,edf32_28,28,exp_images/sentences/passive_dog_hole.jpg,PWA,IMG_13,STIM_85,2.6062499999999997,31.375,78.761875,127.79687500000003,16
edf32,edf32_29,29,exp_images/sentences/passive_child_frisbee.jpg,PWA,IMG_12,STIM_84,4.23,58.0,105.5475,221.52749999999997,8
edf32,edf32_3,3,UNDEFINED,UNDEFINED,IMG_09,UNDEFINED,2.138125,27.5,68.739375,107.44312500000001,16
edf32,edf32_30,30,exp_images/sentences/passive_child_tabla.jpg,PWA,IMG_11,STIM_83,2.2575,28.833333333333332,72.2575,127.53333333333335,12
edf32,edf32_31,31,exp_images/sentences/noagent_artist_picture.jpg,PNA,IMG_07,STIM_97,3.235294117647059,32.23529411764706,83.18117647058824,133.46647058823532,17
edf32,edf32_32,32,exp_images/sentences/noagent_girl_cake.jpg,PNA,IMG_15,STIM_105,2.7790909090909093,53.81818181818182,140.44545454545454,328.32454545454544,11
edf32,edf32_33,33,exp_images/sentences/noagent_girl_window.jpg,PNA,IMG_02,STIM_92,2.374,49.6,161.964,368.915,10
edf32,edf32_34,34,exp_images/sentences/Fed-dog.jpg,ACT,IMG_16,STIM_16,2.9799999999999995,60.0,154.62583333333336,442.46,12
edf32,edf32_35,35,exp_images/sentences/Veg.jpg,ACT,IMG_18,STIM_18,1.7357142857142855,25.428571428571427,63.59285714285714,93.81571428571428,7
edf32,edf32_36,36,exp_images/sentences/Vase.jpg,ACT,IMG_08,STIM_08,2.470769230769231,39.23076923076923,96.26615384615386,198.30461538461537,13
edf32,edf32_4,4,UNDEFINED,UNDEFINED,IMG_04,UNDEFINED,3.0220000000000002,31.066666666666666,88.43400000000001,142.236,15
edf32,edf32_5,5,UNDEFINED,UNDEFINED,IMG_18,UNDEFINED,3.238181818181818,31.636363636363637,86.16272727272727,138.29545454545453,11
edf32,edf32_6,6,UNDEFINED,UNDEFINED,IMG_13,UNDEFINED,2.07,39.285714285714285,125.9292857142857,355.2164285714286,14
edf32,edf32_7,7,UNDEFINED,UNDEFINED,IMG_05,UNDEFINED,2.5858333333333334,29.0,76.67083333333333,118.43916666666667,12
edf32,edf32_8,8,UNDEFINED,UNDEFINED,IMG_17,UNDEFINED,2.755,30.2,83.06199999999998,131.69750000000002,20
edf32,edf32_9,9,UNDEFINED,UNDEFINED,IMG_06,UNDEFINED,2.3162499999999997,29.5,70.37374999999999,112.32625000000002,8
edf33,edf33_1,1,UNDEFINED,UNDEFINED,IMG_12,UNDEFINED,3.068,34.4,85.08600000000001,129.416,15
edf33,edf33_10,10,UNDEFINED,UNDEFINED,IMG_14,UNDEFINED,3.0790909090909095,48.18181818181818,92.48545454545454,147.7590909090909,11
edf33,edf33_11,11,UNDEFINED,UNDEFINED,IMG_04,UNDEFINED,4.762499999999999,82.83333333333333,114.87416666666665,219.2175,12
edf33,edf33_12,12,UNDEFINED,UNDEFINED,IMG_07,UNDEFINED,2.4914285714285715,43.42857142857143,78.9092857142857,130.62785714285715,14
edf33,edf33_13,13,UNDEFINED,UNDEFINED,IMG_08,UNDEFINED,1.97,82.0,104.67250000000001,182.3425,8
edf33,edf33_14,14,UNDEFINED,UNDEFINED,IMG_02,UNDEFINED,2.1966666666666668,28.666666666666668,69.625,103.63416666666666,12
edf33,edf33_15,15,UNDEFINED,UNDEFINED,IMG_06,UNDEFINED,2.9499999999999997,74.54545454545455,100.58636363636364,175.31727272727272,11
edf33,edf33_16,16,UNDEFINED,UNDEFINED,IMG_01,UNDEFINED,4.266153846153847,71.23076923076923,110.3623076923077,192.11769230769232,13
edf33,edf33_17,17,UNDEFINED,UNDEFINED,IMG_18,UNDEFINED,2.8416666666666663,48.5,85.0975,135.76166666666668,12
edf33,edf33_18,18,UNDEFINED,UNDEFINED,IMG_13,UNDEFINED,2.5033333333333334,88.33333333333333,110.455,208.78916666666666,12
edf33,edf33_19,19,exp_images/sentences/Letter-woa.jpg,PNA,IMG_17,STIM_53,2.998,48.0,103.64200000000001,179.766,10
edf33,edf33_2,2,UNDEFINED,UNDEFINED,IMG_05,UNDEFINED,2.845,32.5,82.44749999999999,125.70666666666666,12
edf33,edf33_20,20,exp_images/sentences/Bucket-woa.jpg,PNA,IMG_09,STIM_45,1.5816666666666668,57.333333333333336,88.77166666666666,155.62166666666667,6
edf33,edf33_21,21,exp_images/sentences/Folded-clothes-woa.jpg,PNA,IMG_06,STIM_42,4.011111111111111,54.44444444444444,104.24555555555555,169.23111111111112,9
edf33,edf33_22,22,exp_images/sentences/active_boy_door.jpg,ACT,IMG_10,STIM_64,1.5344444444444445,44.666666666666664,76.35555555555555,128.08666666666667,9
edf33,edf33_23,23,exp_images/sentences/active_girl_lamp.jpg,ACT,IMG_01,STIM_55,2.822,32.8,84.88199999999999,134.38600000000002,5
edf33,edf33_24,24,exp_images/sentences/active_driver_scooter.jpg,ACT,IMG_14,STIM_68,3.278666666666666,53.6,101.908,180.77666666666667,15
edf33,edf33_25,25,exp_images/sentences/passive_man_box.jpg,PWA,IMG_05,STIM_77,2.09,53.285714285714285,85.94285714285714,146.85642857142855,14
edf33,edf33_26,26,exp_images/sentences/passive_girl_sapling.jpg,PWA,IMG_03,STIM_75,4.422222222222222,60.0,102.53777777777778,194.9988888888889,9
edf33,edf33_27,27,exp_images/sentences/passive_man_shrub.jpg,PWA,IMG_04,STIM_76,1.920666666666667,46.93333333333333,78.27266666666667,128.94333333333333,15
edf33,edf33_28,28,exp_images/sentences/noagent_dog_hole.jpg,PNA,IMG_13,STIM_103,2.2912500000000002,30.375,72.226875,108.07625000000002,16
edf33,edf33_29,29,exp_images/sentences/noagent_child_frisbee.jpg,PNA,IMG_12,STIM_102,3.547692307692308,60.46153846153846,106.14461538461538,186.36461538461538,13
edf33,edf33_3,3,UNDEFINED,UNDEFINED,IMG_11,UNDEFINED,3.2699999999999996,53.77777777777778,97.54888888888888,157.30888888888887,9
edf33,edf33_30,30,exp_images/sentences/noagent_child_tabla.jpg,PNA,IMG_11,STIM_101,4.208,69.2,108.01200000000001,195.13,5
edf33,edf33_31,31,exp_images/sentences/Painting.jpg,ACT,IMG_07,STIM_07,3.4909090909090907,61.81818181818182,105.54454545454546,201.2027272727273,11
edf33,edf33_32,32,exp_images/sentences/Cake.jpg,ACT,IMG_15,STIM_15,2.1199999999999997,74.83333333333333,103.52499999999999,189.25416666666663,12
edf33,edf33_33,33,exp_images/sentences/Window.jpg,ACT,IMG_02,STIM_02,2.5541176470588236,48.0,90.45294117647059,151.23470588235293,17
edf33,edf33_34,34,exp_images/sentences/Fed-dog-passive.jpg,PWA,IMG_16,STIM_34,2.2800000000000002,29.11111111111111,76.34333333333333,107.78000000000002,9
edf33,edf33_35,35,exp_images/sentences/Veg-passive.jpg,PWA,IMG_18,STIM_36,2.215384615384615,54.46153846153846,84.63153846153847,144.48384615384617,13
edf33,edf33_36,36,exp_images/sentences/Vase-passive.jpg,PWA,IMG_08,STIM_26,1.7891666666666666,38.0,74.86416666666666,118.59083333333332,12
edf33,edf33_4,4,UNDEFINED,UNDEFINED,IMG_09,UNDEFINED,2.433076923076923,45.07692307692308,78.66230769230768,132.5853846153846,13
edf33,edf33_5,5,UNDEFINED,UNDEFINED,IMG_03,UNDEFINED,3.4627272727272724,35.09090909090909,95.65636363636364,145.34272727272727,11
edf33,edf33_6,6,UNDEFINED,UNDEFINED,IMG_15,UNDEFINED,2.4291666666666667,30.5,78.03833333333333,116.87666666666665,12
edf33,edf33_7,7,UNDEFINED,UNDEFINED,IMG_10,UNDEFINED,2.22,48.8,81.334,136.70000000000002,10
edf33,edf33_8,8,UNDEFINED,UNDEFINED,IMG_16,UNDEFINED,3.158181818181818,62.18181818181818,103.08363636363637,197.80363636363637,11
edf33,edf33_9,9,UNDEFINED,UNDEFINED,IMG_17,UNDEFINED,2.852,51.2,82.93700000000001,130.40699999999998,10
edf34,edf34_1,1,UNDEFINED,UNDEFINED,IMG_15,UNDEFINED,2.6342857142857143,55.0,112.06714285714285,228.31357142857146,14
edf34,edf34_10,10,UNDEFINED,UNDEFINED,IMG_11,UNDEFINED,3.172105263157895,54.73684210526316,115.41263157894737,354.55368421052634,19
edf34,edf34_11,11,UNDEFINED,UNDEFINED,IMG_02,UNDEFINED,2.9085714285714284,59.42857142857143,117.04785714285715,362.6614285714286,14
edf34,edf34_12,12,UNDEFINED,UNDEFINED,IMG_16,UNDEFINED,3.2729411764705882,69.17647058823529,130.74411764705883,389.96999999999997,17
edf34,edf34_13,13,UNDEFINED,UNDEFINED,IMG_17,UNDEFINED,3.170714285714286,105.28571428571429,165.08642857142857,679.0307142857143,14
edf34,edf34_14,14,UNDEFINED,UNDEFINED,IMG_12,UNDEFINED,4.234705882352942,60.0,134.97117647058823,278.94705882352946,17
edf34,edf34_15,15,UNDEFINED,UNDEFINED,IMG_14,UNDEFINED,3.7800000000000002,44.333333333333336,157.4088888888889,438.9038888888889,18
edf34,edf34_16,16,UNDEFINED,UNDEFINED,IMG_04,UNDEFINED,4.287894736842105,73.47368421052632,130.2773684210526,336.0700000000001,19
edf34,edf34_17,17,UNDEFINED,UNDEFINED,IMG_09,UNDEFINED,1.90125,76.375,134.10437499999998,395.4718749999999,16
edf34,edf34_18,18,UNDEFINED,UNDEFINED,IMG_10,UNDEFINED,1.9116666666666664,98.66666666666667,144.37833333333336,433.7166666666667,12
edf34,edf34_19,19,exp_images/sentences/active_women_letter.jpg,ACT,IMG_17,STIM_71,2.8345454545454545,44.72727272727273,114.50909090909092,222.2627272727273,11
edf34,edf34_2,2,UNDEFINED,UNDEFINED,IMG_07,UNDEFINED,4.478695652173913,47.21739130434783,120.5113043478261,277.3160869565217,23
edf34,edf34_20,20,exp_images/sentences/active_boy_bucket.jpg,ACT,IMG_09,STIM_63,2.2225,50.61538461538461,144.78923076923076,311.40076923076924,13
edf34,edf34_21,21,exp_images/sentences/active_woman_clothes.jpg,ACT,IMG_06,STIM_60,2.7719999999999994,77.33333333333333,127.97666666666666,277.352,15
edf34,edf34_22,22,exp_images/sentences/passive_boy_door.jpg,PWA,IMG_10,STIM_82,1.5514285714285714,56.285714285714285,118.26857142857143,457.07714285714286,7
edf34,edf34_23,23,exp_images/sentences/passive_girl_lamp.jpg,PWA,IMG_01,STIM_73,3.4215384615384616,59.07692307692308,134.48461538461538,331.7753846153846,13
edf34,edf34_24,24,exp_images/sentences/passive_driver_scooter.jpg,PWA,IMG_14,STIM_86,4.128235294117647,64.23529411764706,139.74764705882353,320.2799999999999,17
edf34,edf34_25,25,exp_images/sentences/noagent_man_box.jpg,PNA,IMG_05,STIM_95,3.389375,58.875,113.918125,319.62312499999996,16
edf34,edf34_26,26,exp_images/sentences/noagent_girl_sapling.jpg,PNA,IMG_03,STIM_93,3.371052631578947,44.94736842105263,107.29210526315788,274.4926315789474,19
edf34,edf34_27,27,exp_images/sentences/noagent_man_shrub.jpg,PNA,IMG_04,STIM_94,3.454166666666666,36.0,88.52833333333332,150.7866666666667,12
edf34,edf34_28,28,exp_images/sentences/Dog-dug.jpg,ACT,IMG_13,STIM_13,2.9177777777777782,62.44444444444444,118.03666666666666,262.7327777777778,18
edf34,edf34_29,29,exp_images/sentences/Frisbee.jpg,ACT,IMG_12,STIM_12,3.8184615384615386,67.23076923076923,126.86692307692307,271.9276923076923,13
edf34,edf34_3,3,UNDEFINED,UNDEFINED,IMG_03,UNDEFINED,2.9625000000000004,39.4,102.124,263.07149999999996,20
edf34,edf34_30,30,exp_images/sentences/Tabla.jpg,ACT,IMG_11,STIM_11,3.059285714285714,63.857142857142854,112.53928571428571,261.92785714285714,14
edf34,edf34_31,31,exp_images/sentences/Painting-passive.jpg,PWA,IMG_07,STIM_25,4.998823529411764,67.88235294117646,139.17882352941177,331.29294117647066,17
edf34,edf34_32,32,exp_images/sentences/Cake-passive.jpg,PWA,IMG_15,STIM_33,3.160769230769231,96.46153846153847,153.5169230769231,411.58615384615393,13
edf34,edf34_33,33,exp_images/sentences/Window-passive.jpg,PWA,IMG_02,STIM_20,3.016428571428572,45.0,103.73714285714284,321.34000000000003,14
edf34,edf34_34,34,exp_images/sentences/Fed-dog-woa.jpg,PNA,IMG_16,STIM_52,2.768,84.6,143.701,410.22700000000003,10
edf34,edf34_35,35,exp_images/sentences/Veg-woa.jpg,PNA,IMG_18,STIM_54,4.473571428571428,79.14285714285714,149.23214285714286,515.9578571428572,14
edf34,edf34_36,36,exp_images/sentences/Vase-woa.jpg,PNA,IMG_08,STIM_44,2.0888235294117647,84.94117647058823,208.01235294117646,823.4935294117646,17
edf34,edf34_4,4,UNDEFINED,UNDEFINED,IMG_05,UNDEFINED,3.758125,46.375,119.86500000000001,249.21875,16
edf34,edf34_5,5,UNDEFINED,UNDEFINED,IMG_18,UNDEFINED,3.3030769230769232,61.142857142857146,125.64785714285712,231.21142857142857,14
edf34,edf34_6,6,UNDEFINED,UNDEFINED,IMG_08,UNDEFINED,2.5364285714285715,73.28571428571429,139.00714285714284,279.975,14
edf34,edf34_7,7,UNDEFINED,UNDEFINED,IMG_01,UNDEFINED,3.69375,54.75,131.44125,280.61062499999997,16
edf34,edf34_8,8,UNDEFINED,UNDEFINED,IMG_06,UNDEFINED,2.5681249999999993,100.0,206.25437499999998,866.65,16
edf34,edf34_9,9,UNDEFINED,UNDEFINED,IMG_13,UNDEFINED,3.486875,74.5,128.16562499999998,458.66374999999994,16
edf35,edf35_1,1,UNDEFINED,UNDEFINED,IMG_15,UNDEFINED,2.456666666666666,106.0,248.37133333333335,972.0766666666665,15
edf35,edf35_10,10,UNDEFINED,UNDEFINED,IMG_10,UNDEFINED,1.0739999999999998,116.0,288.072,1340.6,10
edf35,edf35_11,11,UNDEFINED,UNDEFINED,IMG_05,UNDEFINED,2.5033333333333334,124.0,321.9611111111111,1691.9355555555555,9
edf35,edf35_12,12,UNDEFINED,UNDEFINED,IMG_04,UNDEFINED,1.6099999999999999,135.0,172.18625,1048.2224999999999,8
edf35,edf35_13,13,UNDEFINED,UNDEFINED,IMG_16,UNDEFINED,3.899000000000001,90.8,188.107,962.5199999999999,10
edf35,edf35_14,14,UNDEFINED,UNDEFINED,IMG_14,UNDEFINED,3.833333333333334,90.66666666666667,188.47916666666666,837.855,12
edf35,edf35_15,15,UNDEFINED,UNDEFINED,IMG_12,UNDEFINED,2.341,112.0,252.996,1159.2079999999999,10
edf35,edf35_16,16,UNDEFINED,UNDEFINED,IMG_13,UNDEFINED,2.2344444444444447,83.55555555555556,184.74222222222224,930.3288888888887,9
edf35,edf35_17,17,UNDEFINED,UNDEFINED,IMG_09,UNDEFINED,1.22,115.6,272.56499999999994,1205.73,10
edf35,edf35_18,18,UNDEFINED,UNDEFINED,IMG_01,UNDEFINED,2.6333333333333333,81.33333333333333,190.43666666666664,874.0725000000001,12
edf35,edf35_19,19,exp_images/sentences/passive_women_letter.jpg,PWA,IMG_17,STIM_89,2.367777777777778,135.11111111111111,395.56444444444446,1677.0522222222223,9
edf35,edf35_2,2,UNDEFINED,UNDEFINED,IMG_07,UNDEFINED,3.3321428571428564,62.42857142857143,155.5742857142857,479.83071428571424,14
edf35,edf35_20,20,exp_images/sentences/passive_boy_bucket.jpg,PWA,IMG_09,STIM_81,0.5271428571428572,187.71428571428572,357.7285714285714,2144.6985714285715,7
edf35,edf35_21,21,exp_images/sentences/passive_woman_clothes.jpg,PWA,IMG_06,STIM_78,2.6237500000000002,110.66666666666667,308.92777777777775,1266.01,9
edf35,edf35_22,22,exp_images/sentences/noagent_boy_door.jpg,PNA,IMG_10,STIM_100,1.1450000000000002,141.6,230.43900000000002,1128.448,10
edf35,edf35_23,23,exp_images/sentences/noagent_girl_lamp.jpg,PNA,IMG_01,STIM_91,2.1439999999999997,114.4,141.892,894.8530000000001,10
edf35,edf35_24,24,exp_images/sentences/noagent_driver_scooter.jpg,PNA,IMG_14,STIM_104,1.808888888888889,119.55555555555556,324.0411111111111,1538.3855555555556,9
edf35,edf35_25,25,exp_images/sentences/Pushed-box.jpg,ACT,IMG_05,STIM_05,2.3527272727272726,113.63636363636364,227.41727272727275,1062.4654545454543,11
edf35,edf35_26,26,exp_images/sentences/Sapling.jpg,ACT,IMG_03,STIM_03,2.64,128.88888888888889,267.94666666666666,1168.9644444444446,9
edf35,edf35_27,27,exp_images/sentences/Shrub.jpg,ACT,IMG_04,STIM_04,1.195,177.75,269.0762500000001,1892.4975,8
edf35,edf35_28,28,exp_images/sentences/Dog-dug-passive.jpg,PWA,IMG_13,STIM_31,0.705,154.5,403.32624999999996,2016.6175,8
edf35,edf35_29,29,exp_images/sentences/Frisbee-passive.jpg,PWA,IMG_12,STIM_30,3.49125,116.75,286.5975,1383.56875,8
edf35,edf35_3,3,UNDEFINED,UNDEFINED,IMG_06,UNDEFINED,3.251,59.8,158.11899999999997,571.321,10
edf35,edf35_30,30,exp_images/sentences/Tabla-passive.jpg,PWA,IMG_11,STIM_29,4.743636363636363,131.45454545454547,253.76181818181823,1360.4836363636364,11
edf35,edf35_31,31,exp_images/sentences/Painting-woa.jpg,PNA,IMG_07,STIM_43,4.81153846153846,82.14285714285714,222.75785714285712,998.8607142857143,14
edf35,edf35_32,32,exp_images/sentences/Cake-woa.jpg,PNA,IMG_15,STIM_51,1.9445454545454546,118.36363636363636,246.5381818181818,1358.0063636363634,11
edf35,edf35_33,33,exp_images/sentences/Window-woa.jpg,PNA,IMG_02,STIM_38,3.4507692307692306,110.0,188.04846153846154,919.5746153846153,13
edf35,edf35_34,34,exp_images/sentences/active_girl_dog.jpg,ACT,IMG_16,STIM_70,2.6109090909090913,112.0,223.80636363636367,1152.7636363636366,11
edf35,edf35_35,35,exp_images/sentences/active_boy_vegetables.jpg,ACT,IMG_18,STIM_72,2.313333333333333,139.77777777777777,245.08777777777777,1508.5244444444443,9
edf35,edf35_36,36,exp_images/sentences/active_boy_vase.jpg,ACT,IMG_08,STIM_62,2.18625,151.75,344.30999999999995,1478.8837499999997,8
edf35,edf35_4,4,UNDEFINED,UNDEFINED,IMG_08,UNDEFINED,1.8236363636363633,74.72727272727273,175.6518181818182,745.91,11
edf35,edf35_5,5,UNDEFINED,UNDEFINED,IMG_17,UNDEFINED,2.8939999999999997,76.0,179.051,801.215,10
edf35,edf35_6,6,UNDEFINED,UNDEFINED,IMG_18,UNDEFINED,4.220000000000001,101.4,231.471,1145.308,10
edf35,edf35_7,7,UNDEFINED,UNDEFINED,IMG_11,UNDEFINED,3.186666666666667,80.33333333333333,153.61083333333332,682.57,12
edf35,edf35_8,8,UNDEFINED,UNDEFINED,IMG_02,UNDEFINED,3.3790909090909085,55.09090909090909,140.67454545454547,449.1736363636364,11
edf35,edf35_9,9,UNDEFINED,UNDEFINED,IMG_03,UNDEFINED,2.962727272727273,94.72727272727273,176.40454545454546,1262.6227272727274,11
edf36,edf36_10,10,UNDEFINED,UNDEFINED,IMG_05,UNDEFINED,2.95375,63.75,191.87625,931.42,8
edf36,edf36_11,11,UNDEFINED,UNDEFINED,IMG_02,UNDEFINED,2.744,48.6,116.739,278.144,10
edf36,edf36_12,12,UNDEFINED,UNDEFINED,IMG_09,UNDEFINED,2.2555555555555555,56.22222222222222,113.43111111111112,338.8111111111111,9
edf36,edf36_13,13,UNDEFINED,UNDEFINED,IMG_04,UNDEFINED,3.1354545454545457,52.18181818181818,117.26454545454544,400.36272727272734,11
edf36,edf36_14,14,UNDEFINED,UNDEFINED,IMG_15,UNDEFINED,2.5625,49.5,96.75,204.50875,8
edf36,edf36_15,15,UNDEFINED,UNDEFINED,IMG_16,UNDEFINED,3.015555555555556,32.888888888888886,86.36777777777777,156.71666666666664,9
edf36,edf36_16,16,UNDEFINED,UNDEFINED,IMG_12,UNDEFINED,3.6611111111111114,34.666666666666664,99.18222222222221,184.65555555555554,9
edf36,edf36_17,17,UNDEFINED,UNDEFINED,IMG_13,UNDEFINED,2.503,31.2,77.223,137.99,10
edf36,edf36_18,18,UNDEFINED,UNDEFINED,IMG_06,UNDEFINED,2.38625,30.25,73.51,122.01499999999999,8
edf36,edf36_19,19,exp_images/sentences/noagent_women_letter.jpg,PNA,IMG_17,STIM_107,2.518,32.4,75.686,134.12600000000003,5
edf36,edf36_2,2,UNDEFINED,UNDEFINED,IMG_10,UNDEFINED,4.02090909090909,42.90909090909091,122.91818181818181,290.0763636363636,11
edf36,edf36_20,20,exp_images/sentences/noagent_boy_bucket.jpg,PNA,IMG_09,STIM_99,2.0258333333333334,28.0,70.63666666666667,119.61666666666667,12
edf36,edf36_21,21,exp_images/sentences/noagent_woman_clothes.jpg,PNA,IMG_06,STIM_96,2.3885714285714283,50.0,107.72714285714288,423.24142857142857,7
edf36,edf36_22,22,exp_images/sentences/Closed-door.jpg,ACT,IMG_10,STIM_10,11.134285714285715,61.42857142857143,191.84714285714287,567.1642857142857,7
edf36,edf36_23,23,exp_images/sentences/Lamp.jpg,ACT,IMG_01,STIM_01,2.877,31.6,83.977,150.33800000000002,10
edf36,edf36_24,24,exp_images/sentences/Washed-scooter.jpg,ACT,IMG_14,STIM_14,3.3778571428571427,38.93333333333333,116.55133333333336,355.9653333333334,15
edf36,edf36_25,25,exp_images/sentences/Pushed-box-passive.jpg,PWA,IMG_05,STIM_23,2.4925,40.833333333333336,92.41083333333331,192.95916666666668,12
edf36,edf36_26,26,exp_images/sentences/Sapling-passive.jpg,PWA,IMG_03,STIM_21,2.630833333333334,30.666666666666668,79.33083333333333,137.955,12
edf36,edf36_27,27,exp_images/sentences/Shrub-passive.jpg,PWA,IMG_04,STIM_22,2.7290000000000005,31.6,80.65500000000002,139.92699999999996,10
edf36,edf36_28,28,exp_images/sentences/Dog-dug-woa.jpg,PNA,IMG_13,STIM_49,2.6045454545454545,30.0,80.91818181818182,144.17000000000002,11
edf36,edf36_29,29,exp_images/sentences/Frisbee-woa.jpg,PNA,IMG_12,STIM_48,3.0825,45.0,117.4191666666667,426.7791666666667,12
edf36,edf36_3,3,UNDEFINED,UNDEFINED,IMG_07,UNDEFINED,3.6709090909090905,40.54545454545455,113.36454545454544,232.0818181818182,11
edf36,edf36_30,30,exp_images/sentences/Tabla-woa.jpg,PNA,IMG_11,STIM_47,2.8457142857142856,33.714285714285715,83.0642857142857,147.26857142857145,7
edf36,edf36_31,31,exp_images/sentences/active_artist_picture.jpg,ACT,IMG_07,STIM_61,2.5300000000000002,46.15384615384615,93.27538461538461,357.2284615384615,13
edf36,edf36_32,32,exp_images/sentences/active_girl_cake.jpg,ACT,IMG_15,STIM_69,3.1072727272727265,58.72727272727273,115.53545454545456,662.170909090909,11
edf36,edf36_33,33,exp_images/sentences/active_girl_window.jpg,ACT,IMG_02,STIM_56,3.0181818181818185,48.54545454545455,108.34636363636365,418.24545454545455,11
edf36,edf36_34,34,exp_images/sentences/passive_girl_dog.jpg,PWA,IMG_16,STIM_88,4.236923076923077,48.30769230769231,114.02846153846154,268.94153846153847,13
edf36,edf36_35,35,exp_images/sentences/passive_boy_vegetables.jpg,PWA,IMG_18,STIM_90,3.84,35.666666666666664,101.27499999999999,189.11333333333334,6
edf36,edf36_36,36,exp_images/sentences/passive_boy_vase.jpg,PWA,IMG_08,STIM_80,2.474285714285714,30.0,75.9814285714286,129.2357142857143,7
edf36,edf36_4,4,UNDEFINED,UNDEFINED,IMG_11,UNDEFINED,3.178,49.4,105.91999999999999,223.90300000000002,10
edf36,edf36_5,5,UNDEFINED,UNDEFINED,IMG_08,UNDEFINED,1.8875,46.0,94.36374999999998,205.73875,8
edf36,edf36_6,6,UNDEFINED,UNDEFINED,IMG_01,UNDEFINED,3.2987499999999996,60.0,116.57125000000002,451.21625,8
edf36,edf36_7,7,UNDEFINED,UNDEFINED,IMG_18,UNDEFINED,5.7475,41.5,137.29500000000002,283.05499999999995,4
edf36,edf36_8,8,UNDEFINED,UNDEFINED,IMG_03,UNDEFINED,3.388333333333333,34.333333333333336,95.52166666666666,173.89666666666665,6
edf36,edf36_9,9,UNDEFINED,UNDEFINED,IMG_17,UNDEFINED,2.983333333333333,48.666666666666664,114.01999999999998,238.89000000000001,6
edf37,edf37_1,1,UNDEFINED,UNDEFINED,IMG_07,UNDEFINED,3.816428571428571,34.857142857142854,97.41357142857142,163.20785714285714,14
edf37,edf37_1,1,UNDEFINED,UNDEFINED,IMG_13,UNDEFINED,3.326666666666666,34.0,89.61833333333334,157.2866666666667,12
edf37,edf37_10,10,UNDEFINED,UNDEFINED,IMG_08,UNDEFINED,3.4149999999999996,49.0,116.27333333333331,223.39166666666665,12
edf37,edf37_10,10,UNDEFINED,UNDEFINED,IMG_17,UNDEFINED,2.093,62.4,99.45599999999999,177.00900000000001,10
edf37,edf37_11,11,UNDEFINED,UNDEFINED,IMG_02,UNDEFINED,3.6940000000000004,56.0,93.185,165.582,10
edf37,edf37_11,11,UNDEFINED,UNDEFINED,IMG_05,UNDEFINED,3.754615384615385,34.61538461538461,93.6723076923077,154.5876923076923,13
edf37,edf37_12,12,UNDEFINED,UNDEFINED,IMG_11,UNDEFINED,3.796190476190477,59.61904761904762,163.42333333333332,506.92952380952374,21
edf37,edf37_13,13,UNDEFINED,UNDEFINED,IMG_14,UNDEFINED,4.790769230769231,40.0,113.75384615384617,206.18384615384613,13
edf37,edf37_13,13,UNDEFINED,UNDEFINED,IMG_18,UNDEFINED,2.5123529411764705,39.529411764705884,97.28647058823529,287.6658823529412,17
edf37,edf37_14,14,UNDEFINED,UNDEFINED,IMG_01,UNDEFINED,3.401538461538462,50.46153846153846,112.6846153846154,234.8092307692308,13
edf37,edf37_14,14,UNDEFINED,UNDEFINED,IMG_13,UNDEFINED,3.1335294117647066,32.8235294117647,87.97941176470589,142.8282352941176,17
edf37,edf37_15,15,UNDEFINED,UNDEFINED,IMG_01,UNDEFINED,4.413749999999999,39.0,102.01625000000001,165.79375000000002,16
edf37,edf37_15,15,UNDEFINED,UNDEFINED,IMG_07,UNDEFINED,2.9464285714285707,43.857142857142854,113.28999999999999,359.16571428571433,14
edf37,edf37_16,16,UNDEFINED,UNDEFINED,IMG_02,UNDEFINED,2.738888888888889,33.55555555555556,77.81555555555558,129.87666666666667,9
edf37,edf37_16,16,UNDEFINED,UNDEFINED,IMG_10,UNDEFINED,2.6325000000000003,29.4,78.46349999999998,121.9985,20
edf37,edf37_17,17,UNDEFINED,UNDEFINED,IMG_04,UNDEFINED,2.7979999999999996,61.2,167.686,330.868,5
edf37,edf37_17,17,UNDEFINED,UNDEFINED,IMG_09,UNDEFINED,2.076,39.06666666666667,78.03266666666669,122.79933333333335,15
edf37,edf37_18,18,UNDEFINED,UNDEFINED,IMG_06,UNDEFINED,3.096,32.4,86.146,157.16,5
edf37,edf37_18,18,UNDEFINED,UNDEFINED,IMG_08,UNDEFINED,3.074615384615385,44.61538461538461,94.42384615384616,156.5753846153846,13
edf37,edf37_19,19,exp_images/sentences/Tabla.jpg,ACT,IMG_11,STIM_11,4.373076923076923,46.30769230769231,140.26038461538462,407.5046153846154,26
edf37,edf37_2,2,UNDEFINED,UNDEFINED,IMG_04,UNDEFINED,3.136923076923077,31.53846153846154,84.08384615384615,133.64,13
edf37,edf37_2,2,UNDEFINED,UNDEFINED,IMG_09,UNDEFINED,2.642857142857143,39.857142857142854,98.78,316.52857142857147,14
edf37,edf37_20,20,exp_images/sentences/Closed-door.jpg,ACT,IMG_10,STIM_10,2.4960000000000004,59.36,165.99999999999997,500.14119999999997,25
edf37,edf37_21,21,exp_images/sentences/Bucket.jpg,ACT,IMG_09,STIM_09,1.8233333333333333,32.44444444444444,74.33518518518518,128.0737037037037,27
edf37,edf37_22,22,exp_images/sentences/Fed-dog-passive.jpg,PWA,IMG_16,STIM_34,3.1880000000000006,44.46666666666667,105.37966666666667,197.69533333333342,30
edf37,edf37_23,23,exp_images/sentences/Washed-scooter-passive.jpg,PWA,IMG_14,STIM_32,4.1974074074074075,42.51851851851852,111.45666666666668,205.37888888888884,27
edf37,edf37_24,24,exp_images/sentences/Painting-passive.jpg,PWA,IMG_07,STIM_25,3.434333333333333,47.4,116.13699999999999,279.169,30
edf37,edf37_25,25,exp_images/sentences/Sapling-woa.jpg,PNA,IMG_03,STIM_39,4.153214285714286,50.714285714285715,109.07178571428574,215.15464285714282,28
edf37,edf37_26,26,exp_images/sentences/Frisbee-woa.jpg,PNA,IMG_12,STIM_48,3.6235294117647054,39.8235294117647,103.20617647058823,233.6829411764705,34
edf37,edf37_27,27,exp_images/sentences/Vase-woa.jpg,PNA,IMG_08,STIM_44,2.8176000000000005,38.64,86.45239999999998,144.35240000000005,25
edf37,edf37_28,28,exp_images/sentences/active_man_box.jpg,ACT,IMG_05,STIM_59,3.1965217391304352,65.65217391304348,182.08217391304345,545.6786956521738,23
edf37,edf37_29,29,exp_images/sentences/active_man_shrub.jpg,ACT,IMG_04,STIM_58,3.05576923076923,45.92307692307692,105.0326923076923,196.8596153846154,26
edf37,edf37_3,3,UNDEFINED,UNDEFINED,IMG_10,UNDEFINED,2.807499999999999,29.5,86.06,139.98875,8
edf37,edf37_3,3,UNDEFINED,UNDEFINED,IMG_14,UNDEFINED,4.069999999999999,55.294117647058826,159.3270588235294,534.4405882352941,17
edf37,edf37_30,30,exp_images/sentences/active_girl_window.jpg,ACT,IMG_02,STIM_56,2.7159999999999997,38.3,94.71449999999999,164.286,20
edf37,edf37_31,31,exp_images/sentences/passive_dog_hole.jpg,PWA,IMG_13,STIM_85,2.777241379310345,44.55172413793103,105.98896551724137,231.86448275862068,29
edf37,edf37_32,32,exp_images/sentences/passive_boy_vegetables.jpg,PWA,IMG_18,STIM_90,3.0052631578947366,43.473684210526315,108.14842105263159,276.1494736842104,19
edf37,edf37_33,33,exp_images/sentences/passive_girl_cake.jpg,PWA,IMG_15,STIM_87,1.9853333333333334,26.266666666666666,67.61133333333333,99.34333333333333,15
edf37,edf37_34,34,exp_images/sentences/noagent_woman_clothes.jpg,PNA,IMG_06,STIM_96,1.93,26.375,62.008124999999986,87.3275,16
edf37,edf37_35,35,exp_images/sentences/noagent_women_letter.jpg,PNA,IMG_17,STIM_107,2.390909090909091,97.72727272727273,143.12409090909094,409.79227272727275,22
edf37,edf37_36,36,exp_images/sentences/noagent_girl_lamp.jpg,PNA,IMG_01,STIM_91,2.3993749999999996,45.25,99.65374999999999,211.41750000000008,32
edf37,edf37_4,4,UNDEFINED,UNDEFINED,IMG_15,UNDEFINED,2.405,59.5,179.6866666666667,606.4983333333333,12
edf37,edf37_4,4,UNDEFINED,UNDEFINED,IMG_17,UNDEFINED,2.1754545454545458,38.36363636363637,101.78727272727274,198.3418181818182,11
edf37,edf37_5,5,UNDEFINED,UNDEFINED,IMG_12,UNDEFINED,4.451250000000001,55.0,135.71291666666667,352.22749999999996,24
edf37,edf37_6,6,UNDEFINED,UNDEFINED,IMG_15,UNDEFINED,2.8428571428571425,51.714285714285715,124.21571428571428,257.29,7
edf37,edf37_6,6,UNDEFINED,UNDEFINED,IMG_16,UNDEFINED,3.5961538461538463,46.76923076923077,140.0253846153846,413.9946153846153,13
edf37,edf37_7,7,UNDEFINED,UNDEFINED,IMG_03,UNDEFINED,3.4600000000000004,46.333333333333336,90.87833333333333,155.05388888888888,18
edf37,edf37_7,7,UNDEFINED,UNDEFINED,IMG_18,UNDEFINED,2.98923076923077,42.76923076923077,110.38461538461539,329.80384615384617,13
edf37,edf37_8,8,UNDEFINED,UNDEFINED,IMG_05,UNDEFINED,3.0,32.375,83.87312499999999,133.91375,16
edf37,edf37_8,8,UNDEFINED,UNDEFINED,IMG_16,UNDEFINED,3.678,35.8,96.03200000000001,168.58499999999998,10
edf37,edf37_9,9,UNDEFINED,UNDEFINED,IMG_03,UNDEFINED,3.9066666666666663,36.0,100.44800000000001,183.67466666666667,15
edf37,edf37_9,9,UNDEFINED,UNDEFINED,IMG_06,UNDEFINED,2.9923076923076923,32.0,81.82384615384616,126.5769230769231,13
edf38,edf38_1,1,UNDEFINED,UNDEFINED,IMG_10,UNDEFINED,2.4453846153846155,26.0,90.17692307692307,135.3553846153846,13
edf38,edf38_10,10,UNDEFINED,UNDEFINED,IMG_06,UNDEFINED,5.8277777777777775,62.0,130.44666666666663,355.76222222222225,9
edf38,edf38_11,11,UNDEFINED,UNDEFINED,IMG_18,UNDEFINED,2.693,78.2,96.826,202.328,10
edf38,edf38_12,12,UNDEFINED,UNDEFINED,IMG_07,UNDEFINED,3.4099999999999997,30.875,104.86500000000001,170.19,16
edf38,edf38_13,13,UNDEFINED,UNDEFINED,IMG_16,UNDEFINED,3.350625,28.375,105.96374999999999,162.82875000000004,16
edf38,edf38_14,14,UNDEFINED,UNDEFINED,IMG_02,UNDEFINED,3.158333333333333,36.166666666666664,116.63166666666667,320.4116666666667,12
edf38,edf38_15,15,UNDEFINED,UNDEFINED,IMG_11,UNDEFINED,3.2361538461538464,29.076923076923077,100.43461538461537,155.5176923076923,13
edf38,edf38_16,16,UNDEFINED,UNDEFINED,IMG_05,UNDEFINED,4.009285714285714,35.57142857142857,102.53142857142859,160.95214285714283,14
edf38,edf38_17,17,UNDEFINED,UNDEFINED,IMG_17,UNDEFINED,3.8200000000000003,32.888888888888886,106.40555555555555,164.63333333333333,9
edf38,edf38_18,18,UNDEFINED,UNDEFINED,IMG_08,UNDEFINED,3.435833333333333,28.0,110.33083333333332,174.77833333333334,12
edf38,edf38_19,19,exp_images/sentences/Tabla-passive.jpg,PWA,IMG_11,STIM_29,3.04375,28.25,93.139375,144.00375,16
edf38,edf38_2,2,UNDEFINED,UNDEFINED,IMG_14,UNDEFINED,3.2944444444444434,29.444444444444443,105.8811111111111,161.9077777777778,18
edf38,edf38_20,20,exp_images/sentences/Closed-door-passive.jpg,PWA,IMG_10,STIM_28,3.237142857142857,49.42857142857143,139.50714285714284,346.0157142857143,7
edf38,edf38_21,21,exp_images/sentences/Bucket-passive.jpg,PWA,IMG_09,STIM_27,2.7568749999999995,35.411764705882355,97.14411764705882,171.61705882352942,17
edf38,edf38_22,22,exp_images/sentences/Fed-dog-woa.jpg,PNA,IMG_16,STIM_52,2.048333333333333,25.0,78.89666666666666,118.10333333333331,12
edf38,edf38_23,23,exp_images/sentences/Washed-scooter-woa.jpg,PNA,IMG_14,STIM_50,3.495625,44.0,120.5875,250.12,16
edf38,edf38_24,24,exp_images/sentences/Painting-woa.jpg,PNA,IMG_07,STIM_43,4.286428571428572,35.42857142857143,119.2507142857143,242.97214285714284,14
edf38,edf38_25,25,exp_images/sentences/active_girl_sapling.jpg,ACT,IMG_03,STIM_57,3.358125,40.75,109.39500000000001,212.53500000000003,16
edf38,edf38_26,26,exp_images/sentences/active_child_frisbee.jpg,ACT,IMG_12,STIM_66,4.1905882352941175,41.05882352941177,104.91470588235295,207.24058823529413,17
edf38,edf38_27,27,exp_images/sentences/active_boy_vase.jpg,ACT,IMG_08,STIM_62,2.1945454545454544,54.72727272727273,85.85454545454544,199.89,11
edf38,edf38_28,28,exp_images/sentences/passive_man_box.jpg,PWA,IMG_05,STIM_77,3.785454545454546,69.45454545454545,137.4590909090909,338.1190909090909,11
edf38,edf38_29,29,exp_images/sentences/passive_man_shrub.jpg,PWA,IMG_04,STIM_76,2.823846153846154,42.30769230769231,111.50692307692309,195.37769230769229,13
edf38,edf38_3,3,UNDEFINED,UNDEFINED,IMG_13,UNDEFINED,3.474615384615385,40.0,207.6192307692308,384.25384615384615,13
edf38,edf38_30,30,exp_images/sentences/passive_girl_window.jpg,PWA,IMG_02,STIM_74,3.4579999999999997,49.2,110.271,238.025,10
edf38,edf38_31,31,exp_images/sentences/noagent_dog_hole.jpg,PNA,IMG_13,STIM_103,2.4057142857142857,26.0,82.97142857142856,124.55928571428572,14
edf38,edf38_32,32,exp_images/sentences/noagent_boy_vegetables.jpg,PNA,IMG_18,STIM_108,4.1054545454545455,34.90909090909091,102.28909090909092,153.95636363636365,11
edf38,edf38_33,33,exp_images/sentences/noagent_girl_cake.jpg,PNA,IMG_15,STIM_105,2.1546666666666665,39.6,90.44933333333334,283.47533333333337,15
edf38,edf38_34,34,exp_images/sentences/Folded-clothes.jpg,ACT,IMG_06,STIM_06,3.2324999999999995,30.5,87.923125,136.99375000000003,16
edf38,edf38_35,35,exp_images/sentences/Letter.jpg,ACT,IMG_17,STIM_17,2.0900000000000003,37.07692307692308,86.5876923076923,177.73538461538462,13
edf38,edf38_36,36,exp_images/sentences/Lamp.jpg,ACT,IMG_01,STIM_01,3.818125,43.375,112.08249999999998,255.68000000000006,16
edf38,edf38_4,4,UNDEFINED,UNDEFINED,IMG_09,UNDEFINED,2.26625,26.25,82.42937500000002,124.89,16
edf38,edf38_5,5,UNDEFINED,UNDEFINED,IMG_03,UNDEFINED,3.127272727272727,28.90909090909091,100.1590909090909,151.55181818181816,11
edf38,edf38_6,6,UNDEFINED,UNDEFINED,IMG_04,UNDEFINED,7.025625,39.25,152.396875,238.19437499999998,16
edf38,edf38_7,7,UNDEFINED,UNDEFINED,IMG_15,UNDEFINED,2.536666666666667,26.444444444444443,88.75,129.13111111111112,9
edf38,edf38_8,8,UNDEFINED,UNDEFINED,IMG_12,UNDEFINED,4.565833333333333,39.833333333333336,122.71333333333335,193.36083333333332,12
edf38,edf38_9,9,UNDEFINED,UNDEFINED,IMG_01,UNDEFINED,2.530666666666667,26.133333333333333,90.048,137.80000000000004,15
edf39,edf39_1,1,UNDEFINED,UNDEFINED,IMG_10,UNDEFINED,1.7784615384615383,26.0,64.49153846153847,91.08846153846154,13
edf39,edf39_10,10,UNDEFINED,UNDEFINED,IMG_17,UNDEFINED,2.2349999999999994,30.0,72.39749999999998,99.87124999999999,8
edf39,edf39_11,11,UNDEFINED,UNDEFINED,IMG_05,UNDEFINED,3.7915384615384613,51.84615384615385,105.67692307692309,287.5515384615384,13
edf39,edf39_12,12,UNDEFINED,UNDEFINED,IMG_12,UNDEFINED,3.822307692307692,50.15384615384615,110.3453846153846,270.64230769230767,13
edf39,edf39_13,13,UNDEFINED,UNDEFINED,IMG_06,UNDEFINED,2.5592307692307696,51.69230769230769,178.9023076923077,420.48538461538465,13
edf39,edf39_14,14,UNDEFINED,UNDEFINED,IMG_14,UNDEFINED,4.348888888888889,66.22222222222223,151.06333333333333,344.14777777777783,9
edf39,edf39_15,15,UNDEFINED,UNDEFINED,IMG_03,UNDEFINED,4.117272727272727,39.45454545454545,96.80636363636363,144.85909090909092,11
edf39,edf39_16,16,UNDEFINED,UNDEFINED,IMG_04,UNDEFINED,5.225,34.2,139.332,323.87699999999995,10
edf39,edf39_17,17,UNDEFINED,UNDEFINED,IMG_08,UNDEFINED,3.50625,50.75,131.24375,405.61000000000007,8
edf39,edf39_18,18,UNDEFINED,UNDEFINED,IMG_01,UNDEFINED,3.1460000000000004,61.86666666666667,137.712,278.46466666666663,15
edf39,edf39_19,19,exp_images/sentences/Tabla-woa.jpg,PNA,IMG_11,STIM_47,4.766428571428571,41.714285714285715,105.96,163.36642857142854,14
edf39,edf39_2,2,UNDEFINED,UNDEFINED,IMG_18,UNDEFINED,5.512727272727273,57.63636363636363,152.93,342.6581818181818,11
edf39,edf39_20,20,exp_images/sentences/Closed-door-woa.jpg,PNA,IMG_10,STIM_46,2.1325000000000003,36.666666666666664,76.74416666666667,119.425,12
edf39,edf39_21,21,exp_images/sentences/Bucket-woa.jpg,PNA,IMG_09,STIM_45,2.1485714285714286,34.57142857142857,75.07714285714287,113.2407142857143,14
edf39,edf39_22,22,exp_images/sentences/active_girl_dog.jpg,ACT,IMG_16,STIM_70,2.6573333333333338,46.0,119.11733333333333,245.68200000000004,15
edf39,edf39_23,23,exp_images/sentences/active_driver_scooter.jpg,ACT,IMG_14,STIM_68,3.1825000000000006,50.333333333333336,125.17,231.78666666666666,12
edf39,edf39_24,24,exp_images/sentences/active_artist_picture.jpg,ACT,IMG_07,STIM_61,2.442142857142857,51.57142857142857,82.43285714285716,225.95357142857145,14
edf39,edf39_25,25,exp_images/sentences/passive_girl_sapling.jpg,PWA,IMG_03,STIM_75,4.4399999999999995,68.71428571428571,128.64142857142858,242.13357142857143,14
edf39,edf39_26,26,exp_images/sentences/passive_child_frisbee.jpg,PWA,IMG_12,STIM_84,2.68,42.714285714285715,82.45714285714284,141.2514285714286,14
edf39,edf39_27,27,exp_images/sentences/passive_boy_vase.jpg,PWA,IMG_08,STIM_80,4.0441666666666665,58.92307692307692,102.02846153846154,184.66615384615383,13
edf39,edf39_28,28,exp_images/sentences/noagent_man_box.jpg,PNA,IMG_05,STIM_95,6.111666666666667,70.33333333333333,118.80166666666666,369.2891666666667,12
edf39,edf39_29,29,exp_images/sentences/noagent_man_shrub.jpg,PNA,IMG_04,STIM_94,3.558,35.6,89.78799999999998,141.528,5
edf39,edf39_3,3,UNDEFINED,UNDEFINED,IMG_11,UNDEFINED,5.272,61.0,130.575,368.03100000000006,10
edf39,edf39_30,30,exp_images/sentences/noagent_girl_window.jpg,PNA,IMG_02,STIM_92,5.65,46.8,115.95800000000001,213.16000000000003,5
edf39,edf39_31,31,exp_images/sentences/Dog-dug.jpg,ACT,IMG_13,STIM_13,2.536,56.0,98.99533333333333,253.26066666666668,15
edf39,edf39_32,32,exp_images/sentences/Veg.jpg,ACT,IMG_18,STIM_18,2.515384615384615,45.38461538461539,96.39461538461539,236.5615384615385,13
edf39,edf39_33,33,exp_images/sentences/Cake.jpg,ACT,IMG_15,STIM_15,4.451666666666667,30.166666666666668,130.05916666666667,335.1766666666667,12
edf39,edf39_34,34,exp_images/sentences/Folded-clothes-passive.jpg,PWA,IMG_06,STIM_24,2.370833333333333,53.166666666666664,95.99333333333334,285.88,12
edf39,edf39_35,35,exp_images/sentences/Letter-passive.jpg,PWA,IMG_17,STIM_35,3.105,91.0,179.3083333333333,584.485,6
edf39,edf39_36,36,exp_images/sentences/Lamp-passive.jpg,PWA,IMG_01,STIM_19,3.5264285714285717,47.714285714285715,117.72857142857143,217.60357142857146,14
edf39,edf39_4,4,UNDEFINED,UNDEFINED,IMG_15,UNDEFINED,2.145384615384616,39.07692307692308,134.95846153846153,327.3992307692308,13
edf39,edf39_5,5,UNDEFINED,UNDEFINED,IMG_13,UNDEFINED,4.138333333333333,49.714285714285715,144.20142857142858,389.8914285714286,7
edf39,edf39_6,6,UNDEFINED,UNDEFINED,IMG_16,UNDEFINED,3.2346153846153842,54.30769230769231,129.31615384615387,248.2684615384616,13
edf39,edf39_7,7,UNDEFINED,UNDEFINED,IMG_02,UNDEFINED,2.577142857142857,54.42857142857143,149.97785714285715,471.7528571428572,14
edf39,edf39_8,8,UNDEFINED,UNDEFINED,IMG_09,UNDEFINED,2.791818181818182,60.36363636363637,155.03636363636363,524.0672727272727,11
edf39,edf39_9,9,UNDEFINED,UNDEFINED,IMG_07,UNDEFINED,2.7550000000000003,28.666666666666668,73.19166666666666,114.77416666666669,12
edf40,edf40_1,1,UNDEFINED,UNDEFINED,IMG_01,UNDEFINED,2.8166666666666673,32.266666666666666,81.02933333333334,135.07133333333334,15
edf40,edf40_10,10,UNDEFINED,UNDEFINED,IMG_04,UNDEFINED,3.1599999999999997,37.23076923076923,91.35461538461537,169.02692307692308,13
edf40,edf40_11,11,UNDEFINED,UNDEFINED,IMG_10,UNDEFINED,2.277,28.2,74.725,115.199,10
edf40,edf40_12,12,UNDEFINED,UNDEFINED,IMG_05,UNDEFINED,2.839090909090909,32.0,80.00909090909092,126.62909090909092,11
edf40,edf40_13,13,UNDEFINED,UNDEFINED,IMG_08,UNDEFINED,2.4374999999999996,30.125,71.053125,115.30062500000001,16
edf40,edf40_14,14,UNDEFINED,UNDEFINED,IMG_14,UNDEFINED,3.2247058823529406,34.11764705882353,87.50117647058825,154.80470588235292,17
edf40,edf40_15,15,UNDEFINED,UNDEFINED,IMG_07,UNDEFINED,2.9522222222222223,33.44444444444444,79.85333333333334,132.90055555555557,18
edf40,edf40_16,16,UNDEFINED,UNDEFINED,IMG_11,UNDEFINED,2.6591666666666662,30.833333333333332,74.91833333333334,121.92083333333333,12
edf40,edf40_17,17,UNDEFINED,UNDEFINED,IMG_12,UNDEFINED,3.127777777777778,43.111111111111114,116.8861111111111,246.68277777777777,18
edf40,edf40_18,18,UNDEFINED,UNDEFINED,IMG_16,UNDEFINED,2.4155555555555557,29.555555555555557,72.24000000000001,119.74555555555555,9
edf40,edf40_19,19,exp_images/sentences/active_child_tabla.jpg,ACT,IMG_11,STIM_65,3.522666666666667,36.8,92.05133333333333,169.4006666666667,15
edf40,edf40_2,2,UNDEFINED,UNDEFINED,IMG_13,UNDEFINED,3.600909090909091,35.09090909090909,89.71636363636364,145.68545454545458,11
edf40,edf40_20,20,exp_images/sentences/active_boy_door.jpg,ACT,IMG_10,STIM_64,2.147333333333333,71.46666666666667,128.9946666666667,397.49533333333335,15
edf40,edf40_21,21,exp_images/sentences/active_boy_bucket.jpg,ACT,IMG_09,STIM_63,2.4274999999999998,37.0,130.895,327.02,12
edf40,edf40_22,22,exp_images/sentences/passive_girl_dog.jpg,PWA,IMG_16,STIM_88,3.703333333333333,98.33333333333333,242.6308333333333,966.3166666666666,12
edf40,edf40_23,23,exp_images/sentences/passive_driver_scooter.jpg,PWA,IMG_14,STIM_86,3.2742857142857145,33.42857142857143,86.56500000000001,144.445,14
edf40,edf40_24,24,exp_images/sentences/passive_artist_picture.jpg,PWA,IMG_07,STIM_79,2.4069230769230767,54.30769230769231,165.09923076923073,507.36,13
edf40,edf40_25,25,exp_images/sentences/noagent_girl_sapling.jpg,PNA,IMG_03,STIM_93,3.016666666666667,74.44444444444444,211.45222222222222,584.7177777777778,9
edf40,edf40_26,26,exp_images/sentences/noagent_child_frisbee.jpg,PNA,IMG_12,STIM_102,3.3874999999999997,53.0,143.74750000000003,332.4125,8
edf40,edf40_27,27,exp_images/sentences/noagent_boy_vase.jpg,PNA,IMG_08,STIM_98,2.3976923076923073,58.46153846153846,92.61384615384615,340.3953846153846,13
edf40,edf40_28,28,exp_images/sentences/Pushed-box.jpg,ACT,IMG_05,STIM_05,2.716153846153846,57.07692307692308,166.0023076923077,466.40846153846167,13
edf40,edf40_29,29,exp_images/sentences/Shrub.jpg,ACT,IMG_04,STIM_04,3.2536842105263153,43.1578947368421,96.92473684210525,186.93157894736842,19
edf40,edf40_3,3,UNDEFINED,UNDEFINED,IMG_09,UNDEFINED,2.804,42.0,91.0,176.26,5
edf40,edf40_30,30,exp_images/sentences/Window.jpg,ACT,IMG_02,STIM_02,3.350555555555556,56.44444444444444,154.25722222222225,466.9277777777778,18
edf40,edf40_31,31,exp_images/sentences/Dog-dug-passive.jpg,PWA,IMG_13,STIM_31,3.8649999999999998,51.0,128.556875,278.549375,16
edf40,edf40_32,32,exp_images/sentences/Veg-passive.jpg,PWA,IMG_18,STIM_36,2.456,64.6,188.233,723.526,10
edf40,edf40_33,33,exp_images/sentences/Cake-passive.jpg,PWA,IMG_15,STIM_33,2.8649999999999998,59.75,156.98,460.885,8
edf40,edf40_34,34,exp_images/sentences/Folded-clothes-woa.jpg,PNA,IMG_06,STIM_42,2.752727272727273,67.45454545454545,150.51363636363638,563.1381818181818,11
edf40,edf40_35,35,exp_images/sentences/Letter-woa.jpg,PNA,IMG_17,STIM_53,2.439090909090909,54.0,135.73454545454547,346.6645454545455,11
edf40,edf40_36,36,exp_images/sentences/Lamp-woa.jpg,PNA,IMG_01,STIM_37,2.1866666666666665,54.0,153.20466666666667,444.992,15
edf40,edf40_4,4,UNDEFINED,UNDEFINED,IMG_02,UNDEFINED,2.6120000000000005,31.4,75.137,122.018,10
edf40,edf40_5,5,UNDEFINED,UNDEFINED,IMG_18,UNDEFINED,2.6342857142857143,29.857142857142858,76.61214285714286,120.76357142857144,14
edf40,edf40_6,6,UNDEFINED,UNDEFINED,IMG_03,UNDEFINED,2.7566666666666664,53.111111111111114,132.76333333333332,412.4555555555555,9
edf40,edf40_7,7,UNDEFINED,UNDEFINED,IMG_06,UNDEFINED,2.535,45.0,85.95624999999998,168.325,8
edf40,edf40_8,8,UNDEFINED,UNDEFINED,IMG_17,UNDEFINED,3.1275000000000004,33.25,85.73,140.60375,8
edf40,edf40_9,9,UNDEFINED,UNDEFINED,IMG_15,UNDEFINED,2.07,27.8,65.852,107.03099999999999,10
edf41,edf41_1,1,UNDEFINED,UNDEFINED,IMG_07,UNDEFINED,3.901578947368421,40.8421052631579,111.7136842105263,301.76000000000005,19
edf41,edf41_10,10,UNDEFINED,UNDEFINED,IMG_04,UNDEFINED,2.2785714285714285,48.57142857142857,122.65999999999998,455.15500000000003,14
edf41,edf41_11,11,UNDEFINED,UNDEFINED,IMG_12,UNDEFINED,2.146842105263158,76.42105263157895,147.1357894736842,565.0457894736843,19
edf41,edf41_12,12,UNDEFINED,UNDEFINED,IMG_05,UNDEFINED,2.5313333333333334,45.06666666666667,95.60200000000002,272.41533333333336,15
edf41,edf41_13,13,UNDEFINED,UNDEFINED,IMG_14,UNDEFINED,3.885882352941177,49.1764705882353,97.53470588235292,201.28764705882355,17
edf41,edf41_14,14,UNDEFINED,UNDEFINED,IMG_13,UNDEFINED,2.531875,57.75,111.23937500000004,405.619375,16
edf41,edf41_15,15,UNDEFINED,UNDEFINED,IMG_17,UNDEFINED,1.9484615384615387,94.3076923076923,150.60230769230768,649.6707692307692,13
edf41,edf41_16,16,UNDEFINED,UNDEFINED,IMG_11,UNDEFINED,3.341333333333334,54.93333333333333,110.33800000000004,433.17866666666663,15
edf41,edf41_17,17,UNDEFINED,UNDEFINED,IMG_10,UNDEFINED,2.136,68.4,117.78599999999999,460.53600000000006,10
edf41,edf41_18,18,UNDEFINED,UNDEFINED,IMG_06,UNDEFINED,2.0671428571428567,81.71428571428571,156.17142857142855,705.8814285714286,7
edf41,edf41_19,19,exp_images/sentences/passive_child_tabla.jpg,PWA,IMG_11,STIM_83,2.7721428571428572,54.0,105.52499999999999,448.25999999999993,14
edf41,edf41_2,2,UNDEFINED,UNDEFINED,IMG_09,UNDEFINED,1.887142857142857,51.714285714285715,118.93142857142857,471.9771428571429,7
edf41,edf41_20,20,exp_images/sentences/passive_boy_door.jpg,PWA,IMG_10,STIM_82,1.2033333333333334,60.666666666666664,108.97833333333334,378.14166666666665,6
edf41,edf41_21,21,exp_images/sentences/passive_boy_bucket.jpg,PWA,IMG_09,STIM_81,1.419,62.8,104.63100000000001,603.3,10
edf41,edf41_22,22,exp_images/sentences/noagent_girl_dog.jpg,PNA,IMG_16,STIM_106,3.2018181818181817,135.27272727272728,263.91,1310.5518181818181,11
edf41,edf41_23,23,exp_images/sentences/noagent_driver_scooter.jpg,PNA,IMG_14,STIM_104,2.5854545454545454,69.45454545454545,105.45454545454545,387.86181818181825,11
edf41,edf41_24,24,exp_images/sentences/noagent_artist_picture.jpg,PNA,IMG_07,STIM_97,2.5446666666666666,58.8,111.85066666666667,387.0873333333333,15
edf41,edf41_25,25,exp_images/sentences/Sapling.jpg,ACT,IMG_03,STIM_03,2.848235294117647,69.52941176470588,130.51176470588234,445.6788235294118,17
edf41,edf41_26,26,exp_images/sentences/Frisbee.jpg,ACT,IMG_12,STIM_12,1.96375,72.125,153.578125,629.36,16
edf41,edf41_27,27,exp_images/sentences/Vase.jpg,ACT,IMG_08,STIM_08,1.4984615384615385,86.15384615384616,136.58307692307693,656.7846153846153,13
edf41,edf41_28,28,exp_images/sentences/Pushed-box-passive.jpg,PWA,IMG_05,STIM_23,1.8228571428571427,96.4,238.82999999999998,920.06,15
edf41,edf41_29,29,exp_images/sentences/Shrub-passive.jpg,PWA,IMG_04,STIM_22,2.1325,148.75,335.43250000000006,2082.36,8
edf41,edf41_3,3,UNDEFINED,UNDEFINED,IMG_03,UNDEFINED,2.373333333333333,54.666666666666664,119.87833333333333,462.72166666666664,6
edf41,edf41_30,30,exp_images/sentences/Window-passive.jpg,PWA,IMG_02,STIM_20,1.45,111.81818181818181,284.7136363636364,1192.5709090909093,11
edf41,edf41_31,31,exp_images/sentences/Dog-dug-woa.jpg,PNA,IMG_13,STIM_49,2.0940000000000003,80.0,167.696,672.9150000000001,10
edf41,edf41_32,32,exp_images/sentences/Veg-woa.jpg,PNA,IMG_18,STIM_54,3.195833333333333,85.16666666666667,125.73333333333333,521.0408333333334,12
edf41,edf41_33,33,exp_images/sentences/Cake-woa.jpg,PNA,IMG_15,STIM_51,1.7290909090909088,147.8181818181818,283.87545454545455,1311.1809090909092,11
edf41,edf41_34,34,exp_images/sentences/active_woman_clothes.jpg,ACT,IMG_06,STIM_60,1.7458333333333333,84.5,160.08249999999998,759.8625000000001,12
edf41,edf41_35,35,exp_images/sentences/active_women_letter.jpg,ACT,IMG_17,STIM_71,1.8736363636363635,101.63636363636364,201.14181818181817,993.830909090909,11
edf41,edf41_36,36,exp_images/sentences/active_girl_lamp.jpg,ACT,IMG_01,STIM_55,2.33625,110.5,257.6825,920.2987499999999,8
edf41,edf41_4,4,UNDEFINED,UNDEFINED,IMG_02,UNDEFINED,1.7866666666666668,52.0,105.66666666666667,175.62,3
edf41,edf41_5,5,UNDEFINED,UNDEFINED,IMG_16,UNDEFINED,2.773333333333333,42.833333333333336,117.06666666666666,320.785,12
edf41,edf41_6,6,UNDEFINED,UNDEFINED,IMG_18,UNDEFINED,2.504166666666667,52.833333333333336,106.35166666666667,380.2908333333334,12
edf41,edf41_7,7,UNDEFINED,UNDEFINED,IMG_15,UNDEFINED,1.2550000000000001,50.25,134.1925,640.0025,8
edf41,edf41_8,8,UNDEFINED,UNDEFINED,IMG_08,UNDEFINED,2.5000000000000004,56.90909090909091,134.4009090909091,627.6463636363636,11
edf41,edf41_9,9,UNDEFINED,UNDEFINED,IMG_01,UNDEFINED,2.488333333333334,69.33333333333333,147.5338888888889,597.0816666666666,18
edf42,edf42_1,1,UNDEFINED,UNDEFINED,IMG_12,UNDEFINED,4.094444444444444,37.0,100.48111111111112,175.42833333333334,18
edf42,edf42_10,10,UNDEFINED,UNDEFINED,IMG_13,UNDEFINED,4.31,36.13333333333333,104.60733333333334,183.13799999999998,15
edf42,edf42_11,11,UNDEFINED,UNDEFINED,IMG_11,UNDEFINED,3.732,52.6,108.208,313.884,10
edf42,edf42_12,12,UNDEFINED,UNDEFINED,IMG_04,UNDEFINED,4.034545454545455,35.63636363636363,99.52363636363636,168.00454545454545,11
edf42,edf42_13,13,UNDEFINED,UNDEFINED,IMG_17,UNDEFINED,3.4907692307692306,33.38461538461539,96.09769230769231,155.28538461538463,13
edf42,edf42_14,14,UNDEFINED,UNDEFINED,IMG_09,UNDEFINED,3.061428571428572,31.285714285714285,84.67857142857143,138.79214285714286,14
edf42,edf42_15,15,UNDEFINED,UNDEFINED,IMG_03,UNDEFINED,4.0025,36.0,97.1225,172.18416666666667,12
edf42,edf42_16,16,UNDEFINED,UNDEFINED,IMG_10,UNDEFINED,3.3116666666666674,34.0,89.27749999999999,147.13583333333335,12
edf42,edf42_17,17,UNDEFINED,UNDEFINED,IMG_16,UNDEFINED,4.52,36.0,107.039375,187.120625,16
edf42,edf42_18,18,UNDEFINED,UNDEFINED,IMG_08,UNDEFINED,2.428888888888889,68.22222222222223,122.84333333333332,390.83111111111117,9
edf42,edf42_19,19,exp_images/sentences/noagent_child_tabla.jpg,PNA,IMG_11,STIM_101,3.390000000000001,33.45454545454545,90.59,152.1518181818182,11
edf42,edf42_2,2,UNDEFINED,UNDEFINED,IMG_05,UNDEFINED,3.674615384615385,34.61538461538461,99.24307692307694,165.35846153846157,13
edf42,edf42_20,20,exp_images/sentences/noagent_boy_door.jpg,PNA,IMG_10,STIM_100,2.8400000000000003,42.666666666666664,127.15916666666668,287.22583333333336,12
edf42,edf42_21,21,exp_images/sentences/noagent_boy_bucket.jpg,PNA,IMG_09,STIM_99,2.4000000000000004,48.888888888888886,112.47666666666667,351.6766666666667,9
edf42,edf42_22,22,exp_images/sentences/Fed-dog.jpg,ACT,IMG_16,STIM_16,3.5975,34.0,92.89375000000001,167.37625000000003,8
edf42,edf42_23,23,exp_images/sentences/Washed-scooter.jpg,ACT,IMG_14,STIM_14,4.949,39.4,119.65599999999999,209.914,10
edf42,edf42_24,24,exp_images/sentences/Painting.jpg,ACT,IMG_07,STIM_07,3.266666666666667,52.888888888888886,124.95555555555555,325.61,9
edf42,edf42_25,25,exp_images/sentences/Sapling-passive.jpg,PWA,IMG_03,STIM_21,3.154166666666667,31.666666666666668,88.72500000000001,152.5825,12
edf42,edf42_26,26,exp_images/sentences/Frisbee-passive.jpg,PWA,IMG_12,STIM_30,4.068181818181818,46.72727272727273,161.4218181818182,390.95272727272726,11
edf42,edf42_27,27,exp_images/sentences/Vase-passive.jpg,PWA,IMG_08,STIM_26,2.402,45.0,95.59799999999998,192.006,10
edf42,edf42_28,28,exp_images/sentences/Pushed-box-woa.jpg,PNA,IMG_05,STIM_41,4.430999999999999,36.0,110.766,198.669,10
edf42,edf42_29,29,exp_images/sentences/Shrub-woa.jpg,PNA,IMG_04,STIM_40,1.505,22.0,60.925,87.26,2
edf42,edf42_3,3,UNDEFINED,UNDEFINED,IMG_15,UNDEFINED,3.4899999999999998,35.0,96.52333333333333,161.41333333333333,6
edf42,edf42_30,30,exp_images/sentences/Window-woa.jpg,PNA,IMG_02,STIM_38,4.74,38.36363636363637,116.98181818181816,225.8481818181818,11
edf42,edf42_31,31,exp_images/sentences/active_dog_hole.jpg,ACT,IMG_13,STIM_67,3.1077777777777778,31.77777777777778,91.22555555555557,159.77666666666664,9
edf42,edf42_32,32,exp_images/sentences/active_boy_vegetables.jpg,ACT,IMG_18,STIM_72,2.7916666666666674,31.666666666666668,76.82666666666667,137.00666666666666,6
edf42,edf42_33,33,exp_images/sentences/active_girl_cake.jpg,ACT,IMG_15,STIM_69,3.7116666666666664,37.0,96.255,182.88833333333332,6
edf42,edf42_34,34,exp_images/sentences/passive_woman_clothes.jpg,PWA,IMG_06,STIM_78,2.7054545454545456,29.636363636363637,76.86363636363636,137.71818181818182,11
edf42,edf42_35,35,exp_images/sentences/passive_women_letter.jpg,PWA,IMG_17,STIM_89,3.602222222222222,35.333333333333336,93.31222222222225,174.07888888888886,9
edf42,edf42_36,36,exp_images/sentences/passive_girl_lamp.jpg,PWA,IMG_01,STIM_73,3.1199999999999997,32.833333333333336,84.805,160.2875,12
edf42,edf42_4,4,UNDEFINED,UNDEFINED,IMG_07,UNDEFINED,3.2979999999999996,34.4,89.013,147.76000000000002,10
edf42,edf42_5,5,UNDEFINED,UNDEFINED,IMG_06,UNDEFINED,3.3757142857142854,31.428571428571427,91.58571428571429,150.11142857142858,7
edf42,edf42_6,6,UNDEFINED,UNDEFINED,IMG_14,UNDEFINED,4.598571428571428,38.0,111.38999999999999,184.42071428571427,14
edf42,edf42_7,7,UNDEFINED,UNDEFINED,IMG_18,UNDEFINED,4.32,38.0,104.23000000000002,180.41199999999998,10
edf42,edf42_8,8,UNDEFINED,UNDEFINED,IMG_01,UNDEFINED,3.829166666666667,36.333333333333336,96.72416666666668,172.69083333333333,12
edf42,edf42_9,9,UNDEFINED,UNDEFINED,IMG_02,UNDEFINED,4.159230769230769,34.92307692307692,101.03769230769231,175.7753846153846,13
edf43,edf43_1,1,UNDEFINED,UNDEFINED,IMG_09,UNDEFINED,2.345,28.142857142857142,75.2707142857143,109.60142857142857,14
edf43,edf43_10,10,UNDEFINED,UNDEFINED,IMG_16,UNDEFINED,3.6375,34.75,94.80250000000001,143.72499999999997,8
edf43,edf43_11,11,UNDEFINED,UNDEFINED,IMG_02,UNDEFINED,4.566000000000001,50.666666666666664,124.19533333333334,299.3813333333334,15
edf43,edf43_12,12,UNDEFINED,UNDEFINED,IMG_12,UNDEFINED,4.251052631578948,39.26315789473684,100.75368421052633,151.24421052631578,19
edf43,edf43_13,13,UNDEFINED,UNDEFINED,IMG_07,UNDEFINED,2.0072727272727273,26.181818181818183,62.62272727272727,88.04363636363638,11
edf43,edf43_14,14,UNDEFINED,UNDEFINED,IMG_05,UNDEFINED,2.802941176470588,31.647058823529413,78.83647058823531,111.65764705882353,17
edf43,edf43_15,15,UNDEFINED,UNDEFINED,IMG_08,UNDEFINED,2.8176470588235287,31.058823529411764,80.90294117647059,120.07176470588237,17
edf43,edf43_16,16,UNDEFINED,UNDEFINED,IMG_18,UNDEFINED,3.485714285714286,48.857142857142854,107.61642857142859,314.67,14
edf43,edf43_17,17,UNDEFINED,UNDEFINED,IMG_10,UNDEFINED,3.656875,47.375,130.96375,290.73749999999995,16
edf43,edf43_18,18,UNDEFINED,UNDEFINED,IMG_03,UNDEFINED,3.2709090909090914,53.09090909090909,114.91727272727275,313.93454545454546,11
edf43,edf43_19,19,exp_images/sentences/Tabla.jpg,ACT,IMG_11,STIM_11,2.618823529411765,30.0,77.21588235294116,114.21352941176468,17
edf43,edf43_2,2,UNDEFINED,UNDEFINED,IMG_17,UNDEFINED,3.089285714285715,32.857142857142854,85.80142857142856,122.55642857142857,14
edf43,edf43_20,20,exp_images/sentences/Closed-door.jpg,ACT,IMG_10,STIM_10,1.8314285714285714,39.42857142857143,96.4242857142857,238.77857142857147,14
edf43,edf43_21,21,exp_images/sentences/Bucket.jpg,ACT,IMG_09,STIM_09,1.7250000000000003,62.666666666666664,124.4525,398.155,12
edf43,edf43_22,22,exp_images/sentences/Fed-dog-passive.jpg,PWA,IMG_16,STIM_34,2.845,31.0,85.58749999999999,124.86833333333333,12
edf43,edf43_23,23,exp_images/sentences/Washed-scooter-passive.jpg,PWA,IMG_14,STIM_32,4.104166666666667,36.0,99.35333333333331,163.25750000000002,12
edf43,edf43_24,24,exp_images/sentences/Painting-passive.jpg,PWA,IMG_07,STIM_25,3.825,60.2,123.024,410.36499999999995,10
edf43,edf43_25,25,exp_images/sentences/Sapling-woa.jpg,PNA,IMG_03,STIM_39,2.0966666666666667,28.666666666666668,73.08,97.02666666666666,3
edf43,edf43_26,26,exp_images/sentences/Frisbee-woa.jpg,PNA,IMG_12,STIM_48,2.6870000000000003,31.4,79.048,113.625,20
edf43,edf43_27,27,exp_images/sentences/Vase-woa.jpg,PNA,IMG_08,STIM_44,2.6233333333333335,29.333333333333332,81.34333333333333,112.35000000000001,3
edf43,edf43_28,28,exp_images/sentences/active_man_box.jpg,ACT,IMG_05,STIM_59,3.503333333333333,41.77777777777778,83.84555555555556,121.94,9
edf43,edf43_29,29,exp_images/sentences/active_man_shrub.jpg,ACT,IMG_04,STIM_58,3.4033333333333338,32.8,90.28933333333333,140.16266666666664,15
edf43,edf43_3,3,UNDEFINED,UNDEFINED,IMG_13,UNDEFINED,4.478125,38.125,98.70000000000002,149.699375,16
edf43,edf43_30,30,exp_images/sentences/active_girl_window.jpg,ACT,IMG_02,STIM_56,3.3966666666666665,34.93333333333333,90.33066666666667,142.48733333333337,15
edf43,edf43_31,31,exp_images/sentences/passive_dog_hole.jpg,PWA,IMG_13,STIM_85,3.0500000000000003,87.0,158.09250000000003,547.6375,4
edf43,edf43_32,32,exp_images/sentences/passive_boy_vegetables.jpg,PWA,IMG_18,STIM_90,2.5576923076923075,45.38461538461539,100.83692307692307,242.71999999999997,13
edf43,edf43_33,33,exp_images/sentences/passive_girl_cake.jpg,PWA,IMG_15,STIM_87,1.31,24.0,53.48,75.47,1
edf43,edf43_34,34,exp_images/sentences/noagent_woman_clothes.jpg,PNA,IMG_06,STIM_96,2.475,29.5,71.6775,96.225,4
edf43,edf43_35,35,exp_images/sentences/noagent_women_letter.jpg,PNA,IMG_17,STIM_107,2.293571428571429,28.714285714285715,73.875,104.27499999999999,14
edf43,edf43_36,36,exp_images/sentences/noagent_girl_lamp.jpg,PNA,IMG_01,STIM_91,2.510714285714286,31.0,72.59857142857143,101.74214285714284,14
edf43,edf43_4,4,UNDEFINED,UNDEFINED,IMG_11,UNDEFINED,3.3018750000000003,46.5,110.13499999999999,222.4325,16
edf43,edf43_5,5,UNDEFINED,UNDEFINED,IMG_06,UNDEFINED,3.316666666666667,33.333333333333336,89.80499999999999,139.12416666666664,12
edf43,edf43_6,6,UNDEFINED,UNDEFINED,IMG_15,UNDEFINED,2.6425,41.5,112.19416666666666,261.38916666666665,12
edf43,edf43_7,7,UNDEFINED,UNDEFINED,IMG_04,UNDEFINED,2.7410000000000005,30.2,83.651,123.66100000000002,10
edf43,edf43_8,8,UNDEFINED,UNDEFINED,IMG_14,UNDEFINED,3.047647058823529,31.764705882352942,81.97235294117648,122.23117647058825,17
edf43,edf43_9,9,UNDEFINED,UNDEFINED,IMG_01,UNDEFINED,3.287222222222222,33.22222222222222,88.30944444444444,133.27333333333334,18
edf44,edf44_1,1,UNDEFINED,UNDEFINED,IMG_12,UNDEFINED,4.5120000000000005,39.733333333333334,105.20266666666666,178.73266666666663,15
edf44,edf44_10,10,UNDEFINED,UNDEFINED,IMG_10,UNDEFINED,2.6912499999999997,30.875,79.16250000000001,125.26000000000002,16
edf44,edf44_11,11,UNDEFINED,UNDEFINED,IMG_02,UNDEFINED,3.0195652173913046,32.0,83.36,136.5613043478261,23
edf44,edf44_12,12,UNDEFINED,UNDEFINED,IMG_09,UNDEFINED,1.7375,29.375,64.069375,105.94437500000001,16
edf44,edf44_13,13,UNDEFINED,UNDEFINED,IMG_15,UNDEFINED,2.3754999999999997,29.6,73.74900000000001,119.15199999999997,20
edf44,edf44_14,14,UNDEFINED,UNDEFINED,IMG_13,UNDEFINED,3.8772222222222217,36.888888888888886,96.6511111111111,163.96777777777777,18
edf44,edf44_15,15,UNDEFINED,UNDEFINED,IMG_11,UNDEFINED,2.5278947368421054,29.36842105263158,73.39789473684212,119.44684210526317,19
edf44,edf44_16,16,UNDEFINED,UNDEFINED,IMG_14,UNDEFINED,4.184782608695654,37.30434782608695,101.73652173913042,181.38565217391303,23
edf44,edf44_17,17,UNDEFINED,UNDEFINED,IMG_07,UNDEFINED,3.4715000000000003,34.0,93.19699999999999,166.65400000000002,20
edf44,edf44_18,18,UNDEFINED,UNDEFINED,IMG_04,UNDEFINED,3.851333333333334,38.666666666666664,97.16600000000001,169.90933333333334,15
edf44,edf44_19,19,exp_images/sentences/Tabla-passive.jpg,PWA,IMG_11,STIM_29,2.78,33.666666666666664,78.23555555555555,124.37611111111111,18
edf44,edf44_2,2,UNDEFINED,UNDEFINED,IMG_01,UNDEFINED,4.094545454545455,36.54545454545455,97.21636363636365,160.88454545454547,11
edf44,edf44_20,20,exp_images/sentences/Closed-door-passive.jpg,PWA,IMG_10,STIM_28,2.131666666666667,33.666666666666664,97.94916666666666,208.67916666666665,12
edf44,edf44_21,21,exp_images/sentences/Bucket-passive.jpg,PWA,IMG_09,STIM_27,2.308888888888889,37.333333333333336,90.48555555555555,155.06888888888886,9
edf44,edf44_22,22,exp_images/sentences/Fed-dog-woa.jpg,PNA,IMG_16,STIM_52,2.6264705882352937,29.88235294117647,76.90411764705884,127.95117647058824,17
edf44,edf44_23,23,exp_images/sentences/Washed-scooter-woa.jpg,PNA,IMG_14,STIM_50,3.110454545454546,33.63636363636363,84.65545454545455,148.3918181818182,22
edf44,edf44_24,24,exp_images/sentences/Painting-woa.jpg,PNA,IMG_07,STIM_43,3.075,33.875,85.341875,149.363125,16
edf44,edf44_25,25,exp_images/sentences/active_girl_sapling.jpg,ACT,IMG_03,STIM_57,3.6486363636363635,34.63636363636363,93.51181818181821,162.16181818181815,22
edf44,edf44_26,26,exp_images/sentences/active_child_frisbee.jpg,ACT,IMG_12,STIM_66,3.6119999999999997,35.9,92.94250000000002,158.796,20
edf44,edf44_27,27,exp_images/sentences/active_boy_vase.jpg,ACT,IMG_08,STIM_62,2.215625,31.375,71.68624999999999,116.50875000000002,16
edf44,edf44_28,28,exp_images/sentences/passive_man_box.jpg,PWA,IMG_05,STIM_77,2.56,34.833333333333336,114.05333333333333,241.35083333333333,12
edf44,edf44_29,29,exp_images/sentences/passive_man_shrub.jpg,PWA,IMG_04,STIM_76,4.597894736842107,43.05263157894737,128.5542105263158,332.7531578947369,19
edf44,edf44_3,3,UNDEFINED,UNDEFINED,IMG_08,UNDEFINED,1.918181818181818,55.81818181818182,210.1409090909091,659.1045454545455,11
edf44,edf44_30,30,exp_images/sentences/passive_girl_window.jpg,PWA,IMG_02,STIM_74,2.621818181818182,30.727272727272727,74.05545454545455,122.30818181818178,11
edf44,edf44_31,31,exp_images/sentences/noagent_dog_hole.jpg,PNA,IMG_13,STIM_103,2.499090909090909,43.09090909090909,169.64,715.9636363636363,11
edf44,edf44_32,32,exp_images/sentences/noagent_boy_vegetables.jpg,PNA,IMG_18,STIM_108,2.2088235294117644,28.705882352941178,68.83705882352942,104.05647058823527,17
edf44,edf44_33,33,exp_images/sentences/noagent_girl_cake.jpg,PNA,IMG_15,STIM_105,2.8545454545454545,33.81818181818182,81.40909090909092,128.82545454545456,11
edf44,edf44_34,34,exp_images/sentences/Folded-clothes.jpg,ACT,IMG_06,STIM_06,2.7245454545454546,30.363636363636363,80.73818181818181,127.73454545454545,11
edf44,edf44_35,35,exp_images/sentences/Letter.jpg,ACT,IMG_17,STIM_17,2.939,44.4,86.91900000000001,154.51099999999997,10
edf44,edf44_36,36,exp_images/sentences/Lamp.jpg,ACT,IMG_01,STIM_01,3.7979999999999996,36.1,93.8875,167.00349999999997,20
edf44,edf44_4,4,UNDEFINED,UNDEFINED,IMG_18,UNDEFINED,3.68,35.0,93.19500000000001,156.67166666666665,12
edf44,edf44_5,5,UNDEFINED,UNDEFINED,IMG_05,UNDEFINED,3.0393749999999997,33.25,83.83437500000001,132.99625,16
edf44,edf44_6,6,UNDEFINED,UNDEFINED,IMG_06,UNDEFINED,2.5672727272727274,30.0,74.89181818181818,118.16999999999999,11
edf44,edf44_7,7,UNDEFINED,UNDEFINED,IMG_17,UNDEFINED,1.9233333333333331,26.444444444444443,65.64888888888888,95.68111111111111,9
edf44,edf44_8,8,UNDEFINED,UNDEFINED,IMG_16,UNDEFINED,1.7946153846153847,25.23076923076923,63.151538461538465,97.08384615384617,13
edf44,edf44_9,9,UNDEFINED,UNDEFINED,IMG_03,UNDEFINED,3.443157894736842,34.421052631578945,91.8015789473684,153.5342105263158,19
edf46,edf46_1,1,UNDEFINED,UNDEFINED,IMG_14,UNDEFINED,4.75,76.375,152.475625,349.7625,16
edf46,edf46_10,10,UNDEFINED,UNDEFINED,IMG_16,UNDEFINED,4.63,47.0,112.90950000000001,201.005,20
edf46,edf46_11,11,UNDEFINED,UNDEFINED,IMG_04,UNDEFINED,4.093125,52.875,114.458125,200.83625,16
edf46,edf46_12,12,UNDEFINED,UNDEFINED,IMG_17,UNDEFINED,3.3693749999999993,34.75,85.53625000000001,131.003125,16
edf46,edf46_13,13,UNDEFINED,UNDEFINED,IMG_12,UNDEFINED,4.264,48.53333333333333,117.95199999999998,229.05,15
edf46,edf46_14,14,UNDEFINED,UNDEFINED,IMG_01,UNDEFINED,3.644444444444444,36.333333333333336,91.27888888888887,144.63777777777776,18
edf46,edf46_15,15,UNDEFINED,UNDEFINED,IMG_13,UNDEFINED,2.983888888888889,40.666666666666664,92.61666666666667,154.7544444444444,18
edf46,edf46_16,16,UNDEFINED,UNDEFINED,IMG_07,UNDEFINED,2.8699999999999997,31.444444444444443,82.4588888888889,124.26111111111112,18
edf46,edf46_17,17,UNDEFINED,UNDEFINED,IMG_18,UNDEFINED,2.635555555555556,46.0,108.36777777777779,253.02888888888887,9
edf46,edf46_18,18,UNDEFINED,UNDEFINED,IMG_10,UNDEFINED,2.6674999999999995,39.125,95.354375,155.805625,16
edf46,edf46_19,19,exp_images/sentences/active_child_tabla.jpg,ACT,IMG_11,STIM_65,3.5215000000000005,53.7,132.39899999999997,319.354,20
edf46,edf46_2,2,UNDEFINED,UNDEFINED,IMG_11,UNDEFINED,3.5955,48.2,123.6405,287.652,20
edf46,edf46_20,20,exp_images/sentences/active_boy_door.jpg,ACT,IMG_10,STIM_64,3.244666666666667,51.46666666666667,125.22933333333334,261.20599999999996,15
edf46,edf46_21,21,exp_images/sentences/active_boy_bucket.jpg,ACT,IMG_09,STIM_63,2.4268750000000003,54.0,146.73375000000001,446.698125,16
edf46,edf46_22,22,exp_images/sentences/passive_girl_dog.jpg,PWA,IMG_16,STIM_88,4.138823529411764,47.411764705882355,114.90058823529412,246.16999999999996,17
edf46,edf46_23,23,exp_images/sentences/passive_driver_scooter.jpg,PWA,IMG_14,STIM_86,3.7428571428571433,54.714285714285715,112.47642857142857,322.8785714285714,14
edf46,edf46_24,24,exp_images/sentences/passive_artist_picture.jpg,PWA,IMG_07,STIM_79,4.7,76.25,138.76125,394.42625000000004,16
edf46,edf46_25,25,exp_images/sentences/noagent_girl_sapling.jpg,PNA,IMG_03,STIM_93,3.3261111111111115,51.111111111111114,120.22111111111109,258.82888888888886,18
edf46,edf46_26,26,exp_images/sentences/noagent_child_frisbee.jpg,PNA,IMG_12,STIM_102,4.471875000000001,48.0,131.9975,312.95000000000005,16
edf46,edf46_27,27,exp_images/sentences/noagent_boy_vase.jpg,PNA,IMG_08,STIM_98,3.5712499999999996,51.875,123.84437500000001,388.80937500000005,16
edf46,edf46_28,28,exp_images/sentences/Pushed-box.jpg,ACT,IMG_05,STIM_05,4.767647058823529,66.11764705882354,128.19823529411764,349.63941176470587,17
edf46,edf46_29,29,exp_images/sentences/Shrub.jpg,ACT,IMG_04,STIM_04,3.6094117647058823,56.23529411764706,146.78941176470587,345.5935294117647,17
edf46,edf46_3,3,UNDEFINED,UNDEFINED,IMG_15,UNDEFINED,2.925625,48.125,124.16375000000001,256.86750000000006,16
edf46,edf46_30,30,exp_images/sentences/Window.jpg,ACT,IMG_02,STIM_02,3.8749999999999996,43.375,113.57,239.229375,16
edf46,edf46_31,31,exp_images/sentences/Dog-dug-passive.jpg,PWA,IMG_13,STIM_31,3.146666666666667,50.77777777777778,115.3627777777778,239.7277777777778,18
edf46,edf46_32,32,exp_images/sentences/Veg-passive.jpg,PWA,IMG_18,STIM_36,4.922142857142857,49.42857142857143,134.92214285714286,276.7814285714286,14
edf46,edf46_33,33,exp_images/sentences/Cake-passive.jpg,PWA,IMG_15,STIM_33,2.5942857142857143,62.142857142857146,139.64357142857145,391.33714285714285,14
edf46,edf46_34,34,exp_images/sentences/Folded-clothes-woa.jpg,PNA,IMG_06,STIM_42,2.889375,65.125,172.63125,644.828125,16
edf46,edf46_35,35,exp_images/sentences/Letter-woa.jpg,PNA,IMG_17,STIM_53,2.7800000000000002,75.0,124.58071428571427,275.64,14
edf46,edf46_36,36,exp_images/sentences/Lamp-woa.jpg,PNA,IMG_01,STIM_37,3.3731250000000004,49.1764705882353,110.2170588235294,199.87294117647062,17
edf46,edf46_4,4,UNDEFINED,UNDEFINED,IMG_05,UNDEFINED,4.305294117647058,48.94117647058823,115.38000000000001,203.94117647058826,17
edf46,edf46_5,5,UNDEFINED,UNDEFINED,IMG_02,UNDEFINED,3.027058823529412,90.3529411764706,184.5611764705882,667.2547058823529,17
edf46,edf46_6,6,UNDEFINED,UNDEFINED,IMG_08,UNDEFINED,2.819375,75.5,128.674375,299.96625,16
edf46,edf46_7,7,UNDEFINED,UNDEFINED,IMG_09,UNDEFINED,2.1288235294117643,43.411764705882355,112.69882352941177,287.51294117647063,17
edf46,edf46_8,8,UNDEFINED,UNDEFINED,IMG_03,UNDEFINED,3.823571428571429,62.714285714285715,135.64357142857142,274.86857142857144,14
edf46,edf46_9,9,UNDEFINED,UNDEFINED,IMG_06,UNDEFINED,2.7225,73.125,142.74187500000002,450.52125,16
edf47,edf47_1,1,UNDEFINED,UNDEFINED,IMG_09,UNDEFINED,2.3045454545454542,30.363636363636363,70.73,102.92363636363639,11
edf47,edf47_10,10,UNDEFINED,UNDEFINED,IMG_11,UNDEFINED,3.656666666666667,37.111111111111114,91.78777777777776,143.46,9
edf47,edf47_11,11,UNDEFINED,UNDEFINED,IMG_16,UNDEFINED,3.3175000000000003,36.25,86.2175,128.42,8
edf47,edf47_12,12,UNDEFINED,UNDEFINED,IMG_03,UNDEFINED,3.6350000000000002,46.166666666666664,123.78416666666668,233.04999999999998,12
edf47,edf47_13,13,UNDEFINED,UNDEFINED,IMG_05,UNDEFINED,4.6675,41.5,105.1425,186.8875,4
edf47,edf47_14,14,UNDEFINED,UNDEFINED,IMG_13,UNDEFINED,3.2492307692307687,34.92307692307692,84.18846153846154,130.1507692307692,13
edf47,edf47_15,15,UNDEFINED,UNDEFINED,IMG_04,UNDEFINED,4.421428571428572,41.42857142857143,97.48714285714287,169.93285714285713,7
edf47,edf47_16,16,UNDEFINED,UNDEFINED,IMG_15,UNDEFINED,1.625,24.75,58.83875,79.74125,8
edf47,edf47_17,17,UNDEFINED,UNDEFINED,IMG_08,UNDEFINED,1.4720000000000002,30.8,74.712,122.89099999999999,10
edf47,edf47_18,18,UNDEFINED,UNDEFINED,IMG_12,UNDEFINED,4.265454545454545,41.45454545454545,96.77727272727272,150.69000000000003,11
edf47,edf47_19,19,exp_images/sentences/passive_child_tabla.jpg,PWA,IMG_11,STIM_83,3.8325,35.666666666666664,93.49000000000001,161.01083333333335,12
edf47,edf47_2,2,UNDEFINED,UNDEFINED,IMG_02,UNDEFINED,3.126153846153846,34.15384615384615,84.46384615384615,141.44230769230768,13
edf47,edf47_20,20,exp_images/sentences/passive_boy_door.jpg,PWA,IMG_10,STIM_82,1.62625,25.75,60.33374999999999,86.92750000000001,8
edf47,edf47_21,21,exp_images/sentences/passive_boy_bucket.jpg,PWA,IMG_09,STIM_81,1.6733333333333333,26.0,60.395555555555546,84.92666666666666,9
edf47,edf47_22,22,exp_images/sentences/noagent_girl_dog.jpg,PNA,IMG_16,STIM_106,2.798888888888889,33.77777777777778,77.78888888888888,108.1522222222222,9
edf47,edf47_23,23,exp_images/sentences/noagent_driver_scooter.jpg,PNA,IMG_14,STIM_104,3.9633333333333334,53.55555555555556,107.80777777777779,175.82222222222222,9
edf47,edf47_24,24,exp_images/sentences/noagent_artist_picture.jpg,PNA,IMG_07,STIM_97,2.5321428571428575,30.857142857142858,74.75857142857144,117.97857142857141,14
edf47,edf47_25,25,exp_images/sentences/Sapling.jpg,ACT,IMG_03,STIM_03,3.03,33.4,85.178,141.02700000000002,10
edf47,edf47_26,26,exp_images/sentences/Frisbee.jpg,ACT,IMG_12,STIM_12,1.9671428571428573,32.5,101.715,172.70375,8
edf47,edf47_27,27,exp_images/sentences/Vase.jpg,ACT,IMG_08,STIM_08,2.5375,32.0,75.60125,110.81375,8
edf47,edf47_28,28,exp_images/sentences/Pushed-box-passive.jpg,PWA,IMG_05,STIM_23,3.104,33.8,87.13300000000001,130.16200000000003,10
edf47,edf47_29,29,exp_images/sentences/Shrub-passive.jpg,PWA,IMG_04,STIM_22,3.4545454545454546,39.63636363636363,85.26,120.4718181818182,11
edf47,edf47_3,3,UNDEFINED,UNDEFINED,IMG_01,UNDEFINED,4.7272727272727275,42.54545454545455,107.87909090909089,190.25090909090912,11
edf47,edf47_30,30,exp_images/sentences/Window-passive.jpg,PWA,IMG_02,STIM_20,2.7383333333333333,32.666666666666664,80.44,119.98833333333334,12
edf47,edf47_31,31,exp_images/sentences/Dog-dug-woa.jpg,PNA,IMG_13,STIM_49,2.767777777777778,47.111111111111114,98.85111111111112,176.10000000000002,9
edf47,edf47_32,32,exp_images/sentences/Veg-woa.jpg,PNA,IMG_18,STIM_54,2.9324999999999997,35.5,72.83833333333335,108.9575,12
edf47,edf47_33,33,exp_images/sentences/Cake-woa.jpg,PNA,IMG_15,STIM_51,1.84375,39.0,100.275,180.58375,8
edf47,edf47_34,34,exp_images/sentences/active_woman_clothes.jpg,ACT,IMG_06,STIM_60,3.602500000000001,37.0,77.91624999999999,111.32875,8
edf47,edf47_35,35,exp_images/sentences/active_women_letter.jpg,ACT,IMG_17,STIM_71,1.0985714285714283,24.857142857142858,46.348571428571425,60.35285714285715,7
edf47,edf47_36,36,exp_images/sentences/active_girl_lamp.jpg,ACT,IMG_01,STIM_55,3.3089999999999997,43.2,117.329,216.22799999999998,10
edf47,edf47_4,4,UNDEFINED,UNDEFINED,IMG_14,UNDEFINED,4.048333333333333,40.5,100.19916666666666,155.875,12
edf47,edf47_5,5,UNDEFINED,UNDEFINED,IMG_07,UNDEFINED,4.844545454545455,43.27272727272727,113.45545454545453,203.93818181818185,11
edf47,edf47_6,6,UNDEFINED,UNDEFINED,IMG_06,UNDEFINED,4.118888888888888,41.333333333333336,97.19222222222223,157.05666666666664,9
edf47,edf47_7,7,UNDEFINED,UNDEFINED,IMG_18,UNDEFINED,3.976923076923077,36.76923076923077,91.64,153.92615384615385,13
edf47,edf47_8,8,UNDEFINED,UNDEFINED,IMG_17,UNDEFINED,2.279230769230769,30.76923076923077,69.96846153846154,97.69307692307694,13
edf47,edf47_9,9,UNDEFINED,UNDEFINED,IMG_10,UNDEFINED,1.657142857142857,25.428571428571427,65.95,94.52428571428572,7
edf48,edf48_1,1,UNDEFINED,UNDEFINED,IMG_06,UNDEFINED,2.648,101.4,215.551,816.6419999999999,10
edf48,edf48_10,10,UNDEFINED,UNDEFINED,IMG_01,UNDEFINED,3.2231250000000005,97.25,211.784375,830.8574999999998,16
edf48,edf48_11,11,UNDEFINED,UNDEFINED,IMG_12,UNDEFINED,3.984285714285715,90.85714285714286,178.47214285714287,673.7699999999999,14
edf48,edf48_12,12,UNDEFINED,UNDEFINED,IMG_03,UNDEFINED,4.3375,65.375,254.14625,736.4612500000001,16
edf48,edf48_13,13,UNDEFINED,UNDEFINED,IMG_15,UNDEFINED,2.2638461538461536,99.84615384615384,175.9815384615385,736.6453846153846,13
edf48,edf48_14,14,UNDEFINED,UNDEFINED,IMG_05,UNDEFINED,2.780769230769231,91.23076923076923,187.10461538461539,888.0776923076924,13
edf48,edf48_15,15,UNDEFINED,UNDEFINED,IMG_17,UNDEFINED,2.522307692307692,67.6923076923077,110.69307692307692,386.7238461538461,13
edf48,edf48_16,16,UNDEFINED,UNDEFINED,IMG_10,UNDEFINED,3.6483333333333334,81.66666666666667,142.42,594.3024999999999,12
edf48,edf48_17,17,UNDEFINED,UNDEFINED,IMG_07,UNDEFINED,2.1852941176470586,77.05882352941177,132.53411764705882,543.769411764706,17
edf48,edf48_18,18,UNDEFINED,UNDEFINED,IMG_11,UNDEFINED,3.088461538461538,78.0,126.44076923076919,424.3276923076923,13
edf48,edf48_19,19,exp_images/sentences/noagent_child_tabla.jpg,PNA,IMG_11,STIM_101,3.2930769230769235,98.76923076923077,201.4353846153846,714.3115384615384,13
edf48,edf48_2,2,UNDEFINED,UNDEFINED,IMG_14,UNDEFINED,1.8479999999999999,79.73333333333333,207.06133333333335,828.062,15
edf48,edf48_20,20,exp_images/sentences/noagent_boy_door.jpg,PNA,IMG_10,STIM_100,2.158,138.4,172.25400000000002,767.6,10
edf48,edf48_21,21,exp_images/sentences/noagent_boy_bucket.jpg,PNA,IMG_09,STIM_99,2.1450000000000005,145.0,166.93400000000003,707.246,10
edf48,edf48_22,22,exp_images/sentences/Fed-dog.jpg,ACT,IMG_16,STIM_16,1.9518181818181821,135.27272727272728,224.05818181818185,950.6072727272727,11
edf48,edf48_23,23,exp_images/sentences/Washed-scooter.jpg,ACT,IMG_14,STIM_14,2.7116666666666673,136.33333333333334,246.85666666666665,1060.6933333333334,12
edf48,edf48_24,24,exp_images/sentences/Painting.jpg,ACT,IMG_07,STIM_07,3.154666666666667,87.2,174.38866666666667,777.3320000000001,15
edf48,edf48_25,25,exp_images/sentences/Sapling-passive.jpg,PWA,IMG_03,STIM_21,3.2546666666666666,82.53333333333333,185.26466666666667,654.5840000000001,15
edf48,edf48_26,26,exp_images/sentences/Frisbee-passive.jpg,PWA,IMG_12,STIM_30,2.7636363636363632,148.0,243.37818181818182,1203.9254545454546,11
edf48,edf48_27,27,exp_images/sentences/Vase-passive.jpg,PWA,IMG_08,STIM_26,2.22,137.33333333333334,151.43999999999997,693.9708333333333,12
edf48,edf48_28,28,exp_images/sentences/Pushed-box-woa.jpg,PNA,IMG_05,STIM_41,2.5714285714285716,121.14285714285714,188.6357142857143,791.1492857142857,14
edf48,edf48_29,29,exp_images/sentences/Shrub-woa.jpg,PNA,IMG_04,STIM_40,2.772,113.6,176.46200000000002,704.1039999999999,10
edf48,edf48_3,3,UNDEFINED,UNDEFINED,IMG_13,UNDEFINED,2.1462499999999998,91.125,208.441875,765.796875,16
edf48,edf48_30,30,exp_images/sentences/Window-woa.jpg,PNA,IMG_02,STIM_38,1.9418181818181817,128.9090909090909,172.47,936.6518181818182,11
edf48,edf48_31,31,exp_images/sentences/active_dog_hole.jpg,ACT,IMG_13,STIM_67,2.4369230769230765,113.23076923076923,118.31769230769231,475.20692307692303,13
edf48,edf48_32,32,exp_images/sentences/active_boy_vegetables.jpg,ACT,IMG_18,STIM_72,2.2393333333333336,109.86666666666666,144.056,595.9246666666666,15
edf48,edf48_33,33,exp_images/sentences/active_girl_cake.jpg,ACT,IMG_15,STIM_69,2.2288888888888887,138.88888888888889,176.72333333333333,789.2655555555555,9
edf48,edf48_34,34,exp_images/sentences/passive_woman_clothes.jpg,PWA,IMG_06,STIM_78,2.884166666666667,131.83333333333334,127.98833333333334,621.4491666666667,12
edf48,edf48_35,35,exp_images/sentences/passive_women_letter.jpg,PWA,IMG_17,STIM_89,4.564375,101.5,147.059375,633.774375,16
edf48,edf48_36,36,exp_images/sentences/passive_girl_lamp.jpg,PWA,IMG_01,STIM_73,2.2038461538461536,104.3076923076923,147.61923076923077,624.2546153846154,13
edf48,edf48_4,4,UNDEFINED,UNDEFINED,IMG_08,UNDEFINED,2.4525,81.0,127.3225,423.66083333333336,12
edf48,edf48_5,5,UNDEFINED,UNDEFINED,IMG_04,UNDEFINED,2.450625,67.125,157.2625,488.600625,16
edf48,edf48_6,6,UNDEFINED,UNDEFINED,IMG_16,UNDEFINED,2.5208333333333335,94.66666666666667,199.22916666666663,836.9249999999998,12
edf48,edf48_7,7,UNDEFINED,UNDEFINED,IMG_09,UNDEFINED,1.7125000000000001,98.83333333333333,194.995,772.5450000000001,12
edf48,edf48_8,8,UNDEFINED,UNDEFINED,IMG_18,UNDEFINED,4.04,140.88888888888889,226.58888888888887,1099.5500000000002,9
edf48,edf48_9,9,UNDEFINED,UNDEFINED,IMG_02,UNDEFINED,2.777,115.6,196.475,928.1299999999999,10
edf49,edf49_1,1,UNDEFINED,UNDEFINED,IMG_05,UNDEFINED,3.954375,72.875,138.90375,278.91375000000005,16
edf49,edf49_10,10,UNDEFINED,UNDEFINED,IMG_02,UNDEFINED,2.0725,36.166666666666664,76.81,129.07833333333332,12
edf49,edf49_11,11,UNDEFINED,UNDEFINED,IMG_17,UNDEFINED,2.3011764705882354,30.470588235294116,67.69470588235295,94.2935294117647,17
edf49,edf49_12,12,UNDEFINED,UNDEFINED,IMG_18,UNDEFINED,4.646363636363636,40.18181818181818,98.94363636363636,157.5663636363636,11
edf49,edf49_13,13,UNDEFINED,UNDEFINED,IMG_16,UNDEFINED,3.209230769230769,34.92307692307692,83.56230769230768,128.8084615384616,13
edf49,edf49_14,14,UNDEFINED,UNDEFINED,IMG_13,UNDEFINED,3.332941176470588,45.88235294117647,128.76529411764707,385.28882352941173,17
edf49,edf49_15,15,UNDEFINED,UNDEFINED,IMG_09,UNDEFINED,2.302142857142857,38.142857142857146,128.27928571428575,332.11000000000007,14
edf49,edf49_16,16,UNDEFINED,UNDEFINED,IMG_15,UNDEFINED,1.9866666666666668,49.2,132.632,396.6973333333333,15
edf49,edf49_17,17,UNDEFINED,UNDEFINED,IMG_01,UNDEFINED,3.287222222222223,43.888888888888886,96.92833333333334,241.92666666666668,18
edf49,edf49_18,18,UNDEFINED,UNDEFINED,IMG_12,UNDEFINED,3.232857142857143,63.285714285714285,144.56428571428572,319.81571428571436,14
edf49,edf49_19,19,exp_images/sentences/Letter.jpg,ACT,IMG_17,STIM_17,3.271666666666666,43.833333333333336,109.26333333333332,271.78916666666663,12
edf49,edf49_2,2,UNDEFINED,UNDEFINED,IMG_08,UNDEFINED,2.31,39.111111111111114,113.62611111111111,245.74333333333328,18
edf49,edf49_20,20,exp_images/sentences/Bucket.jpg,ACT,IMG_09,STIM_09,2.6060000000000003,46.666666666666664,134.4173333333333,451.68666666666667,15
edf49,edf49_21,21,exp_images/sentences/Folded-clothes.jpg,ACT,IMG_06,STIM_06,5.553076923076923,62.61538461538461,173.72692307692307,625.0715384615385,13
edf49,edf49_22,22,exp_images/sentences/Closed-door-passive.jpg,PWA,IMG_10,STIM_28,2.5023529411764707,58.470588235294116,117.81176470588234,483.22117647058826,17
edf49,edf49_23,23,exp_images/sentences/Lamp-passive.jpg,PWA,IMG_01,STIM_19,4.250000000000001,54.375,132.10125000000002,337.1424999999999,16
edf49,edf49_24,24,exp_images/sentences/Washed-scooter-passive.jpg,PWA,IMG_14,STIM_32,3.7211764705882358,68.94117647058823,124.59176470588233,525.024705882353,17
edf49,edf49_25,25,exp_images/sentences/Pushed-box-woa.jpg,PNA,IMG_05,STIM_41,2.4360000000000004,71.4,113.335,378.13,10
edf49,edf49_26,26,exp_images/sentences/Sapling-woa.jpg,PNA,IMG_03,STIM_39,3.042499999999999,55.333333333333336,120.67166666666667,344.97,12
edf49,edf49_27,27,exp_images/sentences/Shrub-woa.jpg,PNA,IMG_04,STIM_40,1.7900000000000003,74.28571428571429,152.22142857142856,561.805,14
edf49,edf49_28,28,exp_images/sentences/active_dog_hole.jpg,ACT,IMG_13,STIM_67,2.7426666666666666,59.06666666666667,121.67466666666668,448.3146666666666,15
edf49,edf49_29,29,exp_images/sentences/active_child_frisbee.jpg,ACT,IMG_12,STIM_66,3.9650000000000003,44.375,108.14687500000001,225.82875,16
edf49,edf49_3,3,UNDEFINED,UNDEFINED,IMG_07,UNDEFINED,3.525555555555555,35.55555555555556,92.42777777777779,137.90666666666667,18
edf49,edf49_30,30,exp_images/sentences/active_child_tabla.jpg,ACT,IMG_11,STIM_65,4.426428571428572,61.285714285714285,186.21785714285716,503.70428571428573,14
edf49,edf49_31,31,exp_images/sentences/passive_artist_picture.jpg,PWA,IMG_07,STIM_79,3.1433333333333326,38.266666666666666,111.788,249.68466666666666,15
edf49,edf49_32,32,exp_images/sentences/passive_girl_cake.jpg,PWA,IMG_15,STIM_87,3.0399999999999996,33.42857142857143,83.2057142857143,120.45714285714287,7
edf49,edf49_33,33,exp_images/sentences/passive_girl_window.jpg,PWA,IMG_02,STIM_74,2.9357142857142855,64.0,146.92071428571427,405.98,14
edf49,edf49_34,34,exp_images/sentences/noagent_girl_dog.jpg,PNA,IMG_16,STIM_106,2.507333333333333,44.266666666666666,102.98266666666667,200.85666666666665,15
edf49,edf49_35,35,exp_images/sentences/noagent_boy_vegetables.jpg,PNA,IMG_18,STIM_108,2.3961538461538465,43.38461538461539,86.41538461538461,152.1723076923077,13
edf49,edf49_36,36,exp_images/sentences/noagent_boy_vase.jpg,PNA,IMG_08,STIM_98,2.0513333333333335,35.333333333333336,94.30733333333332,215.62200000000004,15
edf49,edf49_4,4,UNDEFINED,UNDEFINED,IMG_10,UNDEFINED,2.468333333333333,29.11111111111111,77.07944444444443,113.13611111111112,18
edf49,edf49_5,5,UNDEFINED,UNDEFINED,IMG_14,UNDEFINED,4.983333333333333,40.13333333333333,103.45866666666667,163.82333333333335,15
edf49,edf49_6,6,UNDEFINED,UNDEFINED,IMG_06,UNDEFINED,2.4436363636363634,29.636363636363637,73.54636363636364,105.58000000000001,11
edf49,edf49_7,7,UNDEFINED,UNDEFINED,IMG_11,UNDEFINED,3.7076470588235293,42.588235294117645,112.90117647058821,205.31235294117644,17
edf49,edf49_8,8,UNDEFINED,UNDEFINED,IMG_03,UNDEFINED,4.630000000000001,38.8235294117647,105.35588235294117,173.08941176470591,17
edf49,edf49_9,9,UNDEFINED,UNDEFINED,IMG_04,UNDEFINED,3.29625,33.375,85.40937500000001,136.788125,16
edf50,edf50_1,1,UNDEFINED,UNDEFINED,IMG_13,UNDEFINED,2.184444444444444,53.578947368421055,118.42736842105262,288.78684210526313,19
edf50,edf50_10,10,UNDEFINED,UNDEFINED,IMG_08,UNDEFINED,1.987368421052632,68.84210526315789,127.6736842105263,359.6515789473684,19
edf50,edf50_11,11,UNDEFINED,UNDEFINED,IMG_06,UNDEFINED,2.478888888888889,82.0,149.6211111111111,325.8744444444444,9
edf50,edf50_12,12,UNDEFINED,UNDEFINED,IMG_18,UNDEFINED,2.9450000000000003,119.0,219.725,1070.125,2
edf50,edf50_13,13,UNDEFINED,UNDEFINED,IMG_10,UNDEFINED,2.184705882352941,93.05882352941177,171.12823529411762,591.7676470588236,17
edf50,edf50_14,14,UNDEFINED,UNDEFINED,IMG_05,UNDEFINED,2.766875,66.94117647058823,145.8935294117647,279.59647058823526,17
edf50,edf50_15,15,UNDEFINED,UNDEFINED,IMG_15,UNDEFINED,2.118181818181818,106.9090909090909,170.67363636363635,574.5227272727273,11
edf50,edf50_16,16,UNDEFINED,UNDEFINED,IMG_01,UNDEFINED,3.5349999999999997,89.75,155.185,563.61875,8
edf50,edf50_17,17,UNDEFINED,UNDEFINED,IMG_07,UNDEFINED,2.427,69.8,108.30600000000001,205.401,10
edf50,edf50_18,18,UNDEFINED,UNDEFINED,IMG_03,UNDEFINED,1.9675,59.625,107.280625,340.03812500000004,16
edf50,edf50_19,19,exp_images/sentences/Letter-passive.jpg,PWA,IMG_17,STIM_35,5.707142857142856,147.14285714285714,208.06571428571422,666.1457142857142,14
edf50,edf50_2,2,UNDEFINED,UNDEFINED,IMG_12,UNDEFINED,3.4865000000000004,65.6,116.79400000000001,281.37,20
edf50,edf50_20,20,exp_images/sentences/Bucket-passive.jpg,PWA,IMG_09,STIM_27,1.8500000000000003,71.52941176470588,123.58470588235295,344.6994117647059,17
edf50,edf50_21,21,exp_images/sentences/Folded-clothes-passive.jpg,PWA,IMG_06,STIM_24,8.332500000000001,123.33333333333333,187.11,571.405,12
edf50,edf50_22,22,exp_images/sentences/Closed-door-woa.jpg,PNA,IMG_10,STIM_46,1.91,83.14285714285714,147.05571428571426,480.9857142857142,7
edf50,edf50_23,23,exp_images/sentences/Lamp-woa.jpg,PNA,IMG_01,STIM_37,6.240000000000001,88.0,180.49199999999996,564.138,20
edf50,edf50_24,24,exp_images/sentences/Washed-scooter-woa.jpg,PNA,IMG_14,STIM_50,2.165625,84.875,146.08687500000002,297.75,16
edf50,edf50_25,25,exp_images/sentences/active_man_box.jpg,ACT,IMG_05,STIM_59,5.157647058823529,102.11764705882354,139.3611764705882,381.12235294117653,17
edf50,edf50_26,26,exp_images/sentences/active_girl_sapling.jpg,ACT,IMG_03,STIM_57,2.033571428571429,73.28571428571429,106.97500000000001,308.8885714285714,14
edf50,edf50_27,27,exp_images/sentences/active_man_shrub.jpg,ACT,IMG_04,STIM_58,2.9291666666666667,147.33333333333334,129.15416666666667,245.49666666666667,12
edf50,edf50_28,28,exp_images/sentences/passive_dog_hole.jpg,PWA,IMG_13,STIM_85,1.8541176470588236,60.705882352941174,110.62117647058824,336.8264705882353,17
edf50,edf50_29,29,exp_images/sentences/passive_child_frisbee.jpg,PWA,IMG_12,STIM_84,2.748333333333333,176.33333333333334,161.20833333333334,326.14750000000004,12
edf50,edf50_3,3,UNDEFINED,UNDEFINED,IMG_04,UNDEFINED,2.01,26.0,76.55,111.77,1
edf50,edf50_30,30,exp_images/sentences/passive_child_tabla.jpg,PWA,IMG_11,STIM_83,2.2525,46.61538461538461,118.26538461538463,291.3746153846154,13
edf50,edf50_31,31,exp_images/sentences/noagent_artist_picture.jpg,PNA,IMG_07,STIM_97,1.9758333333333333,77.5,104.77416666666666,193.93583333333333,12
edf50,edf50_32,32,exp_images/sentences/noagent_girl_cake.jpg,PNA,IMG_15,STIM_105,2.2600000000000002,193.2,142.60500000000002,267.514,10
edf50,edf50_33,33,exp_images/sentences/noagent_girl_window.jpg,PNA,IMG_02,STIM_92,1.8811111111111112,69.66666666666667,96.76111111111112,227.63555555555553,18
edf50,edf50_34,34,exp_images/sentences/Fed-dog.jpg,ACT,IMG_16,STIM_16,2.71,130.36363636363637,195.50454545454548,765.2645454545454,11
edf50,edf50_35,35,exp_images/sentences/Veg.jpg,ACT,IMG_18,STIM_18,3.1830769230769227,101.6923076923077,191.63846153846154,772.5607692307693,13
edf50,edf50_36,36,exp_images/sentences/Vase.jpg,ACT,IMG_08,STIM_08,1.5562500000000004,62.125,86.965,199.64499999999998,16
edf50,edf50_4,4,UNDEFINED,UNDEFINED,IMG_02,UNDEFINED,2.18,97.6,155.7846666666667,447.46600000000007,15
edf50,edf50_5,5,UNDEFINED,UNDEFINED,IMG_11,UNDEFINED,2.3821428571428576,77.0,168.15642857142856,690.3721428571429,14
edf50,edf50_6,6,UNDEFINED,UNDEFINED,IMG_14,UNDEFINED,3.1993333333333336,61.333333333333336,125.27,397.9873333333333,15
edf50,edf50_7,7,UNDEFINED,UNDEFINED,IMG_16,UNDEFINED,2.9209090909090905,82.18181818181819,125.68454545454546,489.1263636363637,11
edf50,edf50_8,8,UNDEFINED,UNDEFINED,IMG_09,UNDEFINED,1.59,200.0,393.49,1346.64,1
edf50,edf50_9,9,UNDEFINED,UNDEFINED,IMG_17,UNDEFINED,2.955625,111.25,218.81312499999999,830.6531249999998,16
