voice_id,object,subject
ACT,50.85324232081911,49.14675767918089
PNA,53.264604810996566,46.735395189003434
PWA,53.264604810996566,46.735395189003434
