aoi_type,count,percentage
object,459,52.457142857142856
subject,416,47.542857142857144
