voice_type_category,object,subject
Active,50.85324232081911,49.14675767918089
Passive,53.264604810996566,46.735395189003434
