voice_type,n,mean_amplitude,mean_duration,mean_velocity
unknown,23724,3.020969060866633,49.114890750642026,110.77492148360207
