voice_id,object,subject
ACT,45.467557251908396,54.532442748091604
PNA,47.92869696208888,52.07130303791112
PWA,47.57232704402516,52.42767295597485
