aoi_type,total_fixations,percentage
subject,6444,53.03703703703704
object,5706,46.96296296296296
